fileid,mic_file,text_file,gt_doa,pred_doa,doa_error_deg,spk,clean_file,wer,edit_distance,ref_words,input_sdr,sdr,sdr_i,input_si_sdr,si_sdr,si_sdr_i,input_wb_pesq,wb_pesq,wb_pesq_i,dsenet_sec,metrics_sec,whisper_sec,total_target_sec,reference,hypothesis
0,mic_fileid_0_doa206_3spk.wav,text_fileid_0_doa206_spk3.txt,206,206,0.0,3,clean_fileid_0_doa206_spk3.wav,0.06382978723404255,3,47,-6.5700507164001465,14.181343078613281,20.751393795013428,-6.639479637145996,13.940096855163574,20.57957649230957,1.1115069389343262,2.92573881149292,1.8142318725585938,5.477736857000309,0.5148123909998503,0.5768032589999166,6.569352507000076,EVEN NOW THE RUINS MAY BE IMPASSABLE GRAHAM REGARDED HIM DOUBTFULLY AND FOLLOWED HIM THEY WENT UP THE STEPPED PLATFORMS TO THE SWIFTEST ONE AND THERE ASANO ACCOSTED A LABOURER THE ANSWERS TO HIS QUESTIONS WERE IN THE THICK VULGAR SPEECH WHAT DID HE SAY ASKED GRAHAM,"Even now the ruins may be impassable."" Graham regarded him doubtfully and followed him. They went up the stepped platforms to the swiftest one, and there, Asano accosted a laborer. The answers to his questions were in the thick, bolder speech. What did he say, Ask Graham?"
1,mic_fileid_1_doa82_3spk.wav,text_fileid_1_doa82_spk3.txt,82,82,0.0,3,clean_fileid_1_doa82_spk3.wav,0.12195121951219512,5,41,-9.31058406829834,8.79515552520752,18.10573959350586,-9.390450477600098,8.727779388427734,18.118229866027832,1.0549068450927734,2.0138652324676514,0.9589583873748779,4.573558743000376,0.6047038870001415,0.4555922700001247,5.633854900000642,AND UNLESS HE FANCIED HIMSELF AT ANY TIME UNEQUAL TO COMPANY THERE WAS SCARCELY AN EVENING IN THE WEEK IN WHICH EMMA COULD NOT MAKE UP A CARD TABLE FOR HIM REAL LONG STANDING REGARD BROUGHT THE WESTONS AND MISTER KNIGHTLEY,"And unless he fancied himself at any time on the company, there was scarcely an evening in the week in which Emma could not make up a card table for him. Real long-standing regard brought the Westons and Mr. Knightley."
2,mic_fileid_2_doa240_3spk.wav,text_fileid_2_doa240_spk3.txt,240,240,0.0,3,clean_fileid_2_doa240_spk3.wav,0.125,7,56,-10.58908462524414,12.78459358215332,23.37367820739746,-10.665782928466797,12.532530784606934,23.19831371307373,1.0456804037094116,2.7254738807678223,1.6797934770584106,5.0683660589998,0.6963212000000567,0.5621310730002733,6.32681833200013,THEY PLAYED SUCH A CLOSE GUARDING GAME THAT TRY AS THEY MIGHT THE JUNIORS MADE NO HEADWAY THEN JULIA CROSBY SCORED ON A FIELD GOAL MAKING THE SCORE THREE TO TWO THIS SPURRED THE JUNIOR TEAM ON TO GREATER EFFORT AND MIRIAM MADE A BRILLIANT THROW TO BASKET THAT BROUGHT FORTH AN OVATION FROM THE GALLERY,They played such a close guarded game that try as they might the juniors made no headlight. The Julia Crosby scored on a field goal making the score 3-2. This spurred the junior team on to greater effort and Mary made a brilliant throw to basket that brought forth an ovation from the gallery.
3,mic_fileid_3_doa192_3spk.wav,text_fileid_3_doa192_spk3.txt,192,192,0.0,3,clean_fileid_3_doa192_spk3.wav,0.0,0,28,-10.3731107711792,11.067901611328125,21.441012382507324,-10.598079681396484,10.685881614685059,21.283961296081543,1.0401853322982788,2.712172269821167,1.6719869375228882,3.8835858830002508,0.48378967799999373,0.33394264399976237,4.701318205000007,HAD BEEN APPOINTED COUNCIL PENSIONARY CROMWELL TOOK PAINS TO LET THE ESTATES OF HOLLAND KNOW HIS FAVOURABLE FEELINGS TOWARDS THEM BY SENDING OVER IN FEBRUARY A PRIVATE EMISSARY,had been appointed council pensionary. Cromwell took pains to let the estates of Holland know his favourable feelings towards them by sending over in February a private emissary.
4,mic_fileid_4_doa58_3spk.wav,text_fileid_4_doa58_spk3.txt,58,58,0.0,3,clean_fileid_4_doa58_spk3.wav,0.02564102564102564,1,39,-7.467777729034424,8.923511505126953,16.391289234161377,-7.537238121032715,8.65796184539795,16.195199966430664,1.8985475301742554,2.425074338912964,0.5265268087387085,4.037105261000306,0.6328092710000419,0.3612050179999642,5.031119550000312,YET AFTER IT WAS ALL OVER SHE WAS INFORMED THAT THE EMPEROR AND EMPRESS HAD SPOKEN KINDLY TO HER AND THAT SHE HERSELF HAD MADE HER BOW AND BACKED OUT OF THE ROOM ADMIRABLY FOR ONE IN HER POSITION,"Yet after it was all over, she was informed that the Emperor and Empress had spoken kindly to her and that she herself had made her vow and backed out of the room admirably for one in her position."
5,mic_fileid_5_doa102_3spk.wav,text_fileid_5_doa102_spk3.txt,102,102,0.0,3,clean_fileid_5_doa102_spk3.wav,0.09090909090909091,3,33,-10.909238815307617,9.35303020477295,20.262269020080566,-11.071062088012695,8.89631175994873,19.967373847961426,1.0375875234603882,1.8042442798614502,0.766656756401062,4.151118276000034,0.3564584250002554,0.3438226299999769,4.851399331000266,IN AUGUST WE HAD TWO WEEKS VACATION IT WAS ABOUT THIS TIME THAT I BECAME A MEMBER OF THE RIVERMOUTH CENTIPEDES A SECRET SOCIETY COMPOSED OF TWELVE OF THE TEMPLE GRAMMAR SCHOOL BOYS,"In August we had two weeks vacation. It was about this time that I became a member of the Rivermouth Centipede, a secret society composed of 12 of the Temple Grammar School Board."
6,mic_fileid_6_doa87_3spk.wav,text_fileid_6_doa87_spk3.txt,87,87,0.0,3,clean_fileid_6_doa87_spk3.wav,0.0975609756097561,4,41,-8.68681526184082,13.052654266357422,21.739469528198242,-8.804442405700684,12.435206413269043,21.239648818969727,1.061830997467041,1.902206301689148,0.8403753042221069,4.0682471229997645,0.6572877779999544,0.47241566200000307,5.197950562999722,I HAVE HEARD SO HIS COMPLAINT WAS RHEUMATISM VERY MUCH AS I FANCY THE SAME SORT OF RHEUMATISM THAT AFFLICTS YOU HE TOLD ME HE CAME TO EUROPE WITH VERY LITTLE HOPE HE FEARED HIS COMPLAINT HAD BECOME CHRONIC AND INCURABLE,"I have heard so. His complaint was rheumatism, very much as I fancy the same sort of rheumatism that afflicts you. He told me he came to Europe. It's a very good little... He feared his complaint had become chronic and incurable."
7,mic_fileid_7_doa212_3spk.wav,text_fileid_7_doa212_spk3.txt,212,212,0.0,3,clean_fileid_7_doa212_spk3.wav,0.025,1,40,-4.492452144622803,11.648439407348633,16.140891551971436,-4.547868251800537,11.308297157287598,15.856165409088135,1.1676608324050903,2.7934324741363525,1.6257716417312622,3.6063452380003582,0.3125980309996521,0.4031696409997494,4.32211290999976,SHOUTED TO PUT THE BOAT ABOUT BUT HE MIGHT WITH AS MUCH REASON HAVE SHOUTED AT AN AVALANCHE THE WIND BLEW HIS VOICE AWAY AND EMPTIED IT VIOLENTLY INTO THE AIR A SNARLING BILLOW JERKED THE OAR FROM HIS HAND,"shouted to clip the boat about, but he might with as much reason have shouted at an avalanche. The wind blew his voice away and emptied it violently into the air. A snarling billow jerked the oar from his hand."
8,mic_fileid_8_doa248_3spk.wav,text_fileid_8_doa248_spk3.txt,248,248,0.0,3,clean_fileid_8_doa248_spk3.wav,0.13513513513513514,5,37,-7.320199012756348,13.238299369812012,20.55849838256836,-7.526874542236328,13.048148155212402,20.57502269744873,1.0678837299346924,2.7302091121673584,1.662325382232666,4.833843696999793,0.38169036499994036,0.33075340899995354,5.546287470999687,FOR THESE INDIANS DO NOT MOVE ABOUT AS MUCH AS THOSE FARTHER SOUTH WHERE THE FORESTS ARE LESS DENSE FIGURE SIXTY FIVE SHOWS THE FRAMEWORK OF A PARTIALLY BUILT HOUSE WHILE ANOTHER STANDS AT ONE SIDE COMPLETED,"For these Indians do not move about as much as those farther south where the forest or less stands. Figure 65 shows the framework of a partially built house, while another stands at one side completed."
9,mic_fileid_9_doa85_3spk.wav,text_fileid_9_doa85_spk3.txt,85,85,0.0,3,clean_fileid_9_doa85_spk3.wav,0.16981132075471697,9,53,-9.4918794631958,10.2277193069458,19.7195987701416,-9.595040321350098,10.142582893371582,19.73762321472168,1.0590412616729736,2.4911134243011475,1.4320721626281738,4.556993780000084,0.4853791630002888,0.5885815790002198,5.630954522000593,WE'RE DREADFULLY RICH UNCLE JOHN SO YOU NEEDN'T WORRY IF YOU DON'T STRIKE A JOB YOURSELF ALL AT ONCE ANY LUCK TODAY SIR ASKED THE MAJOR TUCKING A NAPKIN UNDER HIS CHIN AND BEGINNING ON THE SOUP UNCLE JOHN SHOOK HIS HEAD OF COURSE NOT SAID PATSY QUICKLY IT'S TOO EARLY AS YET,"We're directly rich, Uncle John, so you needn't worry if you don't strike a job yourself all at once. Any luck today, sir? Ask the maker, tucking an applicant under his chin and beginning on the suit. Uncle John trick-as-hat. Of course not, said Patsy, quickly. It's too early as yet."
10,mic_fileid_10_doa115_3spk.wav,text_fileid_10_doa115_spk3.txt,115,115,0.0,3,clean_fileid_10_doa115_spk3.wav,0.1111111111111111,3,27,-8.779683113098145,10.495877265930176,19.27556037902832,-8.88211441040039,10.246691703796387,19.128806114196777,1.0835797786712646,1.7227394580841064,0.6391596794128418,4.166032589999759,0.37320076800006063,0.3148561940001855,4.854089552000005,WHILE IT JABBERED AND GESTICULATED AT SOME ANSWERING CREATURE BEHIND ME THIS OTHER WHICH WAS EVIDENTLY ITS MATE SOON CAME TOWARD US BEARING A MIGHTY STONE CUDGEL,"While it jabbered and gesticulated and saw an answering creature behind me, this other, which was evidently its mate, soon came toward us, bearing a mighty stone cudgel."
11,mic_fileid_11_doa93_3spk.wav,text_fileid_11_doa93_spk3.txt,93,93,0.0,3,clean_fileid_11_doa93_spk3.wav,0.05,2,40,-5.444764137268066,9.721275329589844,15.16603946685791,-5.510684967041016,9.339353561401367,14.850038528442383,1.1047149896621704,2.298029899597168,1.1933149099349976,4.254528995999863,0.413049337999837,0.44886710000037056,5.11644543400007,RAPID MOTION THROUGH SPACE ELATES ONE SO DOES NOTORIETY SO DOES THE POSSESSION OF MONEY THESE WERE THREE GOOD REASONS FOR JIMMY'S EXCITEMENT HE HAD BEEN SEEN BY MANY OF HIS FRIENDS THAT DAY IN THE COMPANY OF THESE CONTINENTALS,"Rapid motion through space, he lates one. So does notoriety. So does the possession of money. These were three good reasons for Jimmy's excitement. He had been seen by many of his friends that day in the company of these Continentals."
12,mic_fileid_12_doa226_3spk.wav,text_fileid_12_doa226_spk3.txt,226,226,0.0,3,clean_fileid_12_doa226_spk3.wav,0.041666666666666664,2,48,-3.5780861377716064,11.393406867980957,14.971493005752563,-3.6160919666290283,11.135457992553711,14.75154995918274,1.084868311882019,2.8510115146636963,1.7661432027816772,4.700835632000235,0.3053940079998938,0.4520845970000664,5.458314237000195,USING THEIR WELCOME RELEASE TO CONTINUE THEIR PROTEST THE WOMEN AGAIN MARCHED WITH THEIR BANNERS TO THE WHITE HOUSE IN AN ATTEMPT TO PICKET AGAIN THEY WERE ARRESTED NO ONE WHO SAW THAT LINE WILL EVER FORGET THE IMPRESSION IT MADE NOT ONLY ON FRIENDS OF THE SUFFRAGISTS,"Using their welcome release to continue their protest, the women again marched with their banners to the White House in an attempt to pick it. Again, they were arrested. No one who saw that line will ever forget the impression it made, not only on friends of the suffragists."
13,mic_fileid_13_doa232_3spk.wav,text_fileid_13_doa232_spk3.txt,232,232,0.0,3,clean_fileid_13_doa232_spk3.wav,0.20454545454545456,9,44,-9.980062484741211,9.180785179138184,19.160847663879395,-10.105048179626465,8.966601371765137,19.0716495513916,1.0817384719848633,2.240088701248169,1.1583502292633057,4.95619734399952,0.627086644999963,0.5081428200001028,6.091426808999586,HONEST FAMILY COACHES LOADED DOWN WITH GREAT AUNTS AND GRANDMOTHERS DISPLAYED AT THEIR DOORS FRESH GROUPS OF CHILDREN IN DISGUISE CLOWNS OF SEVEN YEARS OF AGE COLUMBINES OF SIX RAVISHING LITTLE CREATURES WHO FELT THAT THEY FORMED AN OFFICIAL PART OF THE PUBLIC MIRTH,"Honest family coaches, loaded down with great-ons and grandmothers, displayed at their door as fresh groups of children in the skies. Clowns of seven years of age, columned by the six ravishing little creatures who felt that they formed an official part of the public mirth."
14,mic_fileid_14_doa224_3spk.wav,text_fileid_14_doa224_spk3.txt,224,224,0.0,3,clean_fileid_14_doa224_spk3.wav,0.11904761904761904,5,42,-10.373822212219238,10.132469177246094,20.506291389465332,-10.449195861816406,9.94667911529541,20.395874977111816,1.2854676246643066,2.4881038665771484,1.2026362419128418,5.037338504000218,0.808658768999976,0.5044569110000339,6.3504541840002275,EQUIPPING OUR WARRIORS WITH BUCKLERS HELMS AND LANCES AND SUCH LIKE OUTLANDISH AND OBSOLETE WEAPONS THE LIKE OF WHICH PERCHANCE THEY HAD NEVER SEEN OR HEARD OF IN THE SAME MANNER THAT A CUNNING STATUARY ARRAYS A MODERN GENERAL OR AN ADMIRAL,"Equipping our warriors with bucklers, helms, and lances, and such like outlandish and obsolete weapons, the like of which, for chance, they had never seen or heard of. In the same manner that a cunning statuary, a razor modern in general, or an admiral."
15,mic_fileid_15_doa78_3spk.wav,text_fileid_15_doa78_spk3.txt,78,78,0.0,3,clean_fileid_15_doa78_spk3.wav,0.13157894736842105,5,38,-9.721858024597168,9.095812797546387,18.817670822143555,-9.817045211791992,8.753357887268066,18.57040309906006,1.120772361755371,2.2568066120147705,1.1360342502593994,4.265264169000602,0.505065361999641,0.3775177369998346,5.147847268000078,FOOD WAS BROUGHT ME AT INTERVALS BUT OWING TO THE UTTER DARKNESS OF THE PLACE I DO NOT KNOW WHETHER I LAY THERE DAYS OR WEEKS OR MONTHS IT WAS THE MOST HORRIBLE EXPERIENCE OF ALL MY LIFE,"Food was grimy and intervals, but I went to the utter darkness of the place. I do not know whether I lay there days or weeks or months. It was the most horrible experience of all my life."
16,mic_fileid_16_doa159_3spk.wav,text_fileid_16_doa159_spk3.txt,159,159,0.0,3,clean_fileid_16_doa159_spk3.wav,0.04,1,25,-9.066036224365234,11.764996528625488,20.831032752990723,-9.169353485107422,11.415410041809082,20.584763526916504,1.0654348134994507,2.585099697113037,1.5196648836135864,4.206985946999794,0.24049511599969264,0.31495254199990086,4.762433604999387,HINGHAM TYPIFIES WHAT IS QUAINTEST AND BEST IN NEW ENGLAND TOWNS POSSIBLY THE DAPPLING OF THE ELMS POSSIBLY THE SHADOW OF THE OLD SHIP CHURCH,"Hingham typifies what is quaintest and best in New England towns, possibly the dappling of the Elms, possibly the shadow of the Old Ships Church."
17,mic_fileid_17_doa281_3spk.wav,text_fileid_17_doa281_spk3.txt,281,281,0.0,3,clean_fileid_17_doa281_spk3.wav,0.027777777777777776,1,36,-9.848913192749023,10.201472282409668,20.05038547515869,-10.002323150634766,9.67442512512207,19.676748275756836,1.0367112159729004,2.116971969604492,1.0802607536315918,4.596495849999883,0.5664497910001955,0.37498672199990324,5.537932362999982,THE INSTRUMENTS OF THE CHASE WERE TO BE SEEN IN ABUNDANCE AMONG THE LODGES BUT NONE DEPARTED HERE AND THERE A WARRIOR WAS EXAMINING HIS ARMS WITH AN ATTENTION THAT IS RARELY BESTOWED ON THE IMPLEMENTS,"The instruments of the chaise were to be seen in abundance among the lodges, but none departed. Here and there a warrior was examining his arms, with an attention that is rarely bestowed on the implements."
18,mic_fileid_18_doa268_3spk.wav,text_fileid_18_doa268_spk3.txt,268,268,0.0,3,clean_fileid_18_doa268_spk3.wav,0.21875,7,32,-8.957022666931152,11.830822944641113,20.787845611572266,-9.101871490478516,11.623495101928711,20.725366592407227,1.0888482332229614,2.5833117961883545,1.494463562965393,4.194178887999442,0.40846388899990416,0.37276966099989295,4.975412437999239,WEAL INDEED YOU LOOK VERY LIKE A SOUL AS FEEDS ON WEAL CONTINUED MISSUS CAREY IN AN UNDER TONE AS HER DECLINING CUSTOMER MOVED AWAY WELL IT GETS LATE SAID THE WIDOW,"Wheel, indeed. You look very like a soul as feeds on wheel, continued Mrs. Carey in an undertone as her decline in customer moved away. Well, it gets late, said the widow."
19,mic_fileid_19_doa121_3spk.wav,text_fileid_19_doa121_spk3.txt,121,121,0.0,3,clean_fileid_19_doa121_spk3.wav,0.0,0,49,-9.991103172302246,12.774399757385254,22.7655029296875,-10.05156421661377,12.570084571838379,22.62164878845215,1.084110140800476,2.7097995281219482,1.6256893873214722,4.81236875400009,0.7757931870000903,0.7126115400001254,6.300773481000306,TO HEAR YOU TALK SO MUCH ABOUT THE FRENCH BREAD AT NORTHANGER I AM SURE I DO NOT CARE ABOUT THE BREAD IT IS ALL THE SAME TO ME WHAT I EAT THERE IS A VERY CLEVER ESSAY IN ONE OF THE BOOKS UPSTAIRS UPON MUCH SUCH A SUBJECT,to hear you talk so much about the French bread at Northanger. I am sure I do not care about the bread. It is all the same to me what I eat. There is a very clever essay in one of the books upstairs upon much such a subject.
20,mic_fileid_20_doa246_3spk.wav,text_fileid_20_doa246_spk3.txt,246,246,0.0,3,clean_fileid_20_doa246_spk3.wav,0.0,0,34,-6.714217185974121,10.703815460205078,17.4180326461792,-6.864075660705566,10.50747013092041,17.371545791625977,1.0873833894729614,2.4113285541534424,1.323945164680481,5.505557383999985,0.4694900569998026,0.4003630259999227,6.3754104669997105,IN FACT IT POSSESSED THE GREATEST OF ALL CLAIMS TO THEIR ADMIRATION FOR IT WAS PARTLY INCOMPREHENSIBLE AND BY THE ARTFUL INTRODUCTION OF A WORD HERE AND THERE OF WHICH HIS HEARERS KNEW NOTHING,"In fact, it possessed the greatest of all claims to their admiration, for it was partly incomprehensible and by the artful introduction of a word here and there, of which his hearers knew nothing."
21,mic_fileid_21_doa147_3spk.wav,text_fileid_21_doa147_spk3.txt,147,147,0.0,3,clean_fileid_21_doa147_spk3.wav,0.3333333333333333,11,33,-9.369210243225098,9.79250431060791,19.161714553833008,-9.489553451538086,9.363205909729004,18.85275936126709,1.2063813209533691,1.560931921005249,0.3545506000518799,6.196556242000042,0.463254741000128,0.38586650400020517,7.0456774870003755,PLAYING ON HIS FACE WARMED IT FOR A MOMENT THEN LINGERED AND FROZE IN HIS HAIR STIFFENING IT INTO ICICLES HE FELT THE APPROACH OF ANOTHER DANGER HE COULD NOT AFFORD TO FALL,"Under his face, wondered for a moment, then winding and frozen his hand, stiffening into icicles. He felt the approach of another danger that could not hold to fall."
22,mic_fileid_22_doa123_3spk.wav,text_fileid_22_doa123_spk3.txt,123,123,0.0,3,clean_fileid_22_doa123_spk3.wav,0.06451612903225806,2,31,-8.87399959564209,10.493366241455078,19.367365837097168,-8.943625450134277,10.150243759155273,19.09386920928955,1.0800502300262451,2.3749406337738037,1.2948904037475586,6.000747136999962,0.5206434789997729,0.3794214249996912,6.900812040999426,THE EYES OF DUKES OF THE BLOOD ROYAL HAVE BEEN PLUCKED OUT FOR THE GOOD OF THE KINGDOM CERTAIN PRINCES TOO NEAR TO THE THRONE HAVE BEEN CONVENIENTLY STIFLED BETWEEN MATTRESSES,"The eyes of the Dukes of the Blood Royal have been plucked out for the good of the kingdom. Certain princes, too near to the throne, have been conveniently skilful between mattresses."
23,mic_fileid_23_doa6_3spk.wav,text_fileid_23_doa6_spk3.txt,6,6,0.0,3,clean_fileid_23_doa6_spk3.wav,0.02127659574468085,1,47,-7.2676849365234375,11.346283912658691,18.61396884918213,-7.352294445037842,11.067037582397461,18.419332027435303,1.1051969528198242,2.4985170364379883,1.393320083618164,5.687755769000432,0.5224719870002446,0.5285247389997494,6.738752495000426,WILL TAKE WITHOUT FLINCHING A BLOW WHICH WOULD LEAVE ANOTHER MAN WRITHING ON THE GROUND SUCH THINGS ARE NOT TO BE ACQUIRED IN A WEEK BUT ALL THAT COULD BE DONE IN A WEEK SHOULD BE DONE THE MEDICAL ASSISTANT HAD A GOOD BASIS TO START FROM,"will take without flinching a blow which would leave another man riding on the ground. Such things are not to be acquired in a week, but all that could be done in a week should be done. The medical assistant had a good basis to start from."
24,mic_fileid_24_doa57_3spk.wav,text_fileid_24_doa57_spk3.txt,57,57,0.0,3,clean_fileid_24_doa57_spk3.wav,0.06382978723404255,3,47,-7.323421478271484,10.089815139770508,17.413236618041992,-7.386937618255615,9.852506637573242,17.239444255828857,1.0450607538223267,1.7347036600112915,0.6896429061889648,5.983765685000435,0.4646911390000241,0.5181487159998142,6.966605540000273,AND VERY PRETTY SHE LOOKED IN HER NEAT SHEPHERD'S PLAID SUIT AND NATTY LITTLE WHITE CANVAS HAT VERY SOON SHE SAID I HOPE NEITHER OF YOU WILL MISUNDERSTAND ME WHEN I TELL YOU THAT IF MY HOPES ARE REALIZED I WILL NOT RIDE WITH YOU MUCH LONGER,"And very pretty she looked in her neat shepherd's clad suit and natty little white camera pack. Very soon she said, I hope neither of you will misunderstand me when I tell you that if my hopes are realized, I will not ride with you much longer."
25,mic_fileid_25_doa156_3spk.wav,text_fileid_25_doa156_spk3.txt,156,156,0.0,3,clean_fileid_25_doa156_spk3.wav,0.12195121951219512,5,41,-7.1116623878479,10.194253921508789,17.30591630935669,-7.168880462646484,10.050174713134766,17.21905517578125,1.0738261938095093,2.4982001781463623,1.424373984336853,4.901589302000048,0.3565739720002057,0.4551784640002552,5.7133417380005085,THE SCOTCH PEOPLE WANTED TO OWN THE PORTRAIT OF CARLYLE AND THE CITY OF GLASGOW WAS GLAD TO PAY FIVE THOUSAND DOLLARS FOR IT MISTER WHISTLER MARRIED A WOMAN WHO WAS HERSELF AN ARTIST AND SHE WAS VERY PROUD OF HIM,"The Scotch people wanted to own the portrait of Carlisle and the city of Glasgow was glad to pay $5,000 for it. Mr. Whistler married a woman who was herself an artist and she was very proud of him."
26,mic_fileid_26_doa67_3spk.wav,text_fileid_26_doa67_spk3.txt,67,67,0.0,3,clean_fileid_26_doa67_spk3.wav,0.7407407407407407,20,27,-12.276037216186523,-8.423445701599121,3.8525915145874023,-12.85855484008789,-10.330595970153809,2.527958869934082,1.055788516998291,1.045493721961975,-0.010294795036315918,5.498070602000098,1.0402835859999868,0.41752290499971423,6.955877092999799,IT'S A GENUINE LOWESTOFT HARLOW SAYS WILL YOU GO OF COURSE I WILL WHAT TIME ELEVEN IF YOU CAN AT PARK STREET SHE'S AT THE WEST END,"It's a genuinely low-cost office, says. Where'd we go? In poor Sanwell, her time. We'll have her with you here on the half street. She's at the bus stop."
27,mic_fileid_27_doa31_3spk.wav,text_fileid_27_doa31_spk3.txt,31,31,0.0,3,clean_fileid_27_doa31_spk3.wav,0.0967741935483871,3,31,-6.9299798011779785,11.171947479248047,18.101927280426025,-7.000515460968018,10.758035659790039,17.758551120758057,1.066637396812439,2.147210121154785,1.0805727243423462,5.64307785399933,0.47586133699996935,0.34590226299997084,6.46484145399927,THROWING HIS ARMS ASIDE HE MUST FOR PRESENT ENDS GIVE UP THE ULTIMATE OBJECT OF HIS ENDEAVOURS HE CAME TO WINDSOR TO CONSULT WITH US EVERY DAY ADDED TO HIS DIFFICULTIES,"Throwing his arms aside, he must, for present-day, give up the ultimate object of his endeavors. He came to Windsor to consult with us. Every day, added to his difficulties."
28,mic_fileid_28_doa124_3spk.wav,text_fileid_28_doa124_spk3.txt,124,124,0.0,3,clean_fileid_28_doa124_spk3.wav,0.0,0,40,-5.226335048675537,12.550192832946777,17.776527881622314,-5.270536422729492,12.37159538269043,17.642131805419922,1.1029092073440552,2.8468832969665527,1.7439740896224976,4.756136270999832,0.4002123529999153,0.41146347999983846,5.567812103999586,BUT JESUS WAS TOO QUICK FOR THEM HE SAID I'LL ANSWER YOUR QUESTION IF YOU ANSWER A QUESTION OF MINE WHEN JOHN THE BAPTIST USED TO PREACH TO YOU AND BAPTIZE PEOPLE WHO GAVE HIM THE RIGHT TO DO THAT,"But Jesus was too quick for them. He said, I'll answer your question if you answer a question of mine. When John the Baptist used to preach to you and baptize people, who gave him the right to do that?"
29,mic_fileid_29_doa150_3spk.wav,text_fileid_29_doa150_spk3.txt,150,150,0.0,3,clean_fileid_29_doa150_spk3.wav,0.0,0,31,-7.608908176422119,11.045255661010742,18.65416383743286,-7.690340042114258,10.105875968933105,17.796216011047363,1.065276861190796,2.2557735443115234,1.1904966831207275,4.347983668999859,0.5238852060001591,0.3248760900000889,5.196744965000107,BETWEEN THESE TWO PARTS THE DREAM WORK COMPLETES ITSELF THE INFLUENCING OF THE DAY REMNANTS BY THE UNCONSCIOUS NECESSITATES REGRESSION THIS IS THE DEEPEST INSIGHT INTO THE NATURE OF THE DREAM,"Between these two parts, the dream work completes itself. The influencing of the day remnants by the unconscious necessitates regression. This is the deepest insight into the nature of the dream."
30,mic_fileid_30_doa279_3spk.wav,text_fileid_30_doa279_spk3.txt,279,279,0.0,3,clean_fileid_30_doa279_spk3.wav,0.05405405405405406,2,37,-6.005729675292969,14.502315521240234,20.508045196533203,-6.0507307052612305,14.356645584106445,20.407376289367676,1.1763560771942139,3.0568459033966064,1.8804898262023926,4.750096622999536,0.462904274000266,0.38817582200044853,5.60117671900025,HE BOUGHT THE PROPERTY DOUBLED THE SUBSCRIPTION RATES LOWERED THE ADVERTISING EXCLUDED EVERYTHING QUESTIONABLE FROM THE COLUMNS OF HIS PAPER MADE HIS EDITORIALS BRIEF YET COMPREHENSIVE UNTIL UNDER HIS JUDICIOUS MANAGEMENT THE JOURNAL REACHED THE LARGE CIRCULATION,"He bought the property, doubled the subscription rates, lowered the advertising, excluded everything questionable from the columns of his paper, made his editorials free, yet comprehensive, until under his judicious management the journal reached a large circulation."
31,mic_fileid_31_doa216_3spk.wav,text_fileid_31_doa216_spk3.txt,216,216,0.0,3,clean_fileid_31_doa216_spk3.wav,0.027777777777777776,1,36,-11.54367733001709,10.255645751953125,21.799323081970215,-11.65864086151123,10.026132583618164,21.684773445129395,1.4031020402908325,1.96052086353302,0.5574188232421875,4.99925427000062,0.7172562650002874,0.41779467800006387,6.134305213000971,BY PRECEPT AND EXAMPLE HE ADVOCATED FREQUENT PLAYING OF THE PRELUDES AND FUGUES OF BACH AS A MEANS OF CULTIVATING MUSICAL INTELLIGENCE MUSCULAR INDEPENDENCE AND TOUCH AND TONE DISCRIMINATION HIS MUSICAL HEROES WERE BACH AND MOZART,"By precept and example, he advocated frequent playing of the preludes and fumes of Bach as a means of cultivating musical intelligence, muscular independence, and touch and tone discrimination. His musical heroes were Bach and Mozart."
32,mic_fileid_32_doa286_3spk.wav,text_fileid_32_doa286_spk3.txt,286,286,0.0,3,clean_fileid_32_doa286_spk3.wav,0.14893617021276595,7,47,-1.8710745573043823,13.717154502868652,15.588229060173035,-1.900573492050171,13.390249252319336,15.290822744369507,1.2165194749832153,3.2192752361297607,2.0027557611465454,4.627681257999939,0.3730909339997197,0.5515254990000358,5.552297690999694,AND YOU CAN'T MANAGE THEM YOU'RE A TRAITOR YOURSELF I KNOW YOU I'LL FLAY YOU ALL ALIVE AND AS IF AFRAID OF WASTING HIS STORE OF ANGER HE LEFT ALPATYCH AND WENT RAPIDLY FORWARD ALPATYCH MASTERING HIS OFFENDED FEELINGS KEPT PACE WITH ROSTOV AT A GLIDING GAIT,"And you can't manage him? You're a traitor yourself. I know you, I'll flay you all alive. And this is a break of wasting his sort of anger. He left Alpatych and went rapidly forward. Alpatych, mastering his offended feelings, kept pace with Rostov at a gliding gate."
33,mic_fileid_33_doa132_3spk.wav,text_fileid_33_doa132_spk3.txt,132,132,0.0,3,clean_fileid_33_doa132_spk3.wav,0.07894736842105263,3,38,-8.878385543823242,10.12649154663086,19.0048770904541,-8.950945854187012,9.95016860961914,18.901114463806152,1.069911003112793,2.457920551300049,1.3880095481872559,4.71713877000002,0.5067250000001877,0.39820717600014177,5.622070946000349,AND SHE HAD REALLY FORGOTTEN ALL GRIEVANCES EXCEPT THAT OF THE UNHAPPINESS ARISING FROM DISPARITY OF AGE IN MARRIED LIFE ON WHICH SHE COULD DESCANT BY THE HALF HOUR DEAREST MARIA HAD MARRIED THE MAN OF HER HEART,"And she had really forgotten all grievances, except that of the unhappiness arising from disparity of age in married life, on which she could desk-care by the half-hour. Dearest Maria had married the man of her heart."
34,mic_fileid_34_doa263_3spk.wav,text_fileid_34_doa263_spk3.txt,263,263,0.0,3,clean_fileid_34_doa263_spk3.wav,0.15384615384615385,6,39,-7.000893592834473,11.03832721710205,18.039220809936523,-7.073485851287842,10.698050498962402,17.771536350250244,1.0540316104888916,2.208437919616699,1.1544063091278076,4.338725135000004,0.4666625110003224,0.42339163399992685,5.2287792800002535,CHIRON THE CENTAUR HAD MET HIM AS HE WAS WANDERING THROUGH THE FORESTS ON THE MOUNTAIN PELION AND HAD SENT HIM DOWN INTO IOLCUS THEN THERE CAME TWO MEN WELL SKILLED IN THE HANDLING OF SHIPS TIPHYS AND NAUPLIUS,"Carrying the centaur had met him as he was wandering through the forest on the mountain peon and had sent him down into Eolkis. Then there came two men well skilled in the handling of ships, Tifis and Nautius."
35,mic_fileid_35_doa182_3spk.wav,text_fileid_35_doa182_spk3.txt,182,182,0.0,3,clean_fileid_35_doa182_spk3.wav,0.23076923076923078,6,26,-10.979273796081543,6.88784122467041,17.867115020751953,-11.112814903259277,6.5397047996521,17.652519702911377,1.0815393924713135,1.5928311347961426,0.5112917423248291,5.183072669000467,0.4687012119998144,0.3002414289999251,5.952015310000206,A HARLEQUINADE'S THE QUICKEST THING WE CAN DO FOR TWO REASONS FIRST ONE CAN GAG TO ANY DEGREE AND SECOND ALL THE OBJECTS ARE HOUSEHOLD THINGS,"The father can age the quickest thing we can do for two reasons. First, one can get to any tree. And second, all the objects are household things."
36,mic_fileid_36_doa202_3spk.wav,text_fileid_36_doa202_spk3.txt,202,202,0.0,3,clean_fileid_36_doa202_spk3.wav,0.0,0,43,-10.534421920776367,9.118355751037598,19.652777671813965,-10.633234977722168,8.553630828857422,19.18686580657959,1.0360116958618164,2.0189006328582764,0.98288893699646,4.829366883000148,0.43631199899982676,0.4072687110001425,5.672947593000117,BUT WITHOUT THE ENCOURAGEMENT OF HIS FATHER'S SOCIETY HE SHOULD BARELY HAVE PATIENCE TO AWAIT HIS OWN TURN HE HAD NOT THE INCENTIVE OF FEELING THAT HE WAS INDISPENSABLE TO HIS MOTHER IT WAS A RULE WITH HIS MOTHER TO HAVE NO REGRETS,"But without the encouragement of his father's society, he should barely have patience to await his own turn. He had not the incentive of feeling that he was indispensable to his mother. It was a rule with his mother to have no regrets."
37,mic_fileid_37_doa51_3spk.wav,text_fileid_37_doa51_spk3.txt,51,51,0.0,3,clean_fileid_37_doa51_spk3.wav,0.045454545454545456,1,22,-9.903611183166504,9.849313735961914,19.752924919128418,-10.03349781036377,9.44547176361084,19.47896957397461,1.0703160762786865,2.2387092113494873,1.1683931350708008,3.5580635000001166,0.28990672200006884,0.2659825490000003,4.113952771000186,FLYING IN AMONG THE LEAVES WHICH TO THEM SEEM ENORMOUS ISLANDS MOSQUITOES HANG IN THE AIR AND BUZZ ONE TWO THREE FOUR,"Flying in among the leaps, which to them seem enormous islands, mosquitoes hang in the air and buzz. One, two, three, four."
38,mic_fileid_38_doa75_3spk.wav,text_fileid_38_doa75_spk3.txt,75,75,0.0,3,clean_fileid_38_doa75_spk3.wav,0.017543859649122806,1,57,-10.209013938903809,11.399652481079102,21.60866641998291,-10.356587409973145,10.974809646606445,21.33139705657959,1.1459158658981323,2.2793915271759033,1.133475661277771,5.009920189999775,0.6549115249999886,0.5154919470001005,6.180323661999864,BUT INSTEAD A COMPLETE TRUST IN EACH OTHER ONE WHO PRIDES HIMSELF OR HERSELF ON HAVING TO BE HANDLED WITH GLOVES HAS A GREAT DEAL OF GROWING UP TO DO IN ORDER TO BE ABLE TO BE AN ACTIVE PARTNER IN THE MARRIAGE CRY BABYING IS NO MORE HELPFUL IN MARRIAGE THAN IN BUSINESS OR SOCIAL LIFE,but instead a complete trust in each other. One who prides himself or herself on having to be handled with gloves has a great deal of growing up to do in order to be able to be an active partner in the marriage. Pride babying is no more helpful in marriage than in business or social life.
39,mic_fileid_39_doa156_3spk.wav,text_fileid_39_doa156_spk3.txt,156,156,0.0,3,clean_fileid_39_doa156_spk3.wav,0.0,0,42,-6.764895915985107,14.548379898071289,21.313275814056396,-6.804177284240723,14.321968078613281,21.126145362854004,1.0406056642532349,3.2313756942749023,2.1907700300216675,4.401564198999949,0.41202130800002124,0.4211127180001313,5.234698225000102,AND NOBLENESS OF CONDUCT IN NEVER ALLUDING IN THE SLIGHTEST WAY TO WHAT HAD PASSED WAS OF THE GREATEST ASSISTANCE TO HER AND SOONER THAN SHE COULD HAVE SUPPOSED IT POSSIBLE IN THE BEGINNING OF HER DISTRESS HER SPIRITS BECAME ABSOLUTELY COMFORTABLE,"and nobleness of conduct, in never alluding in the slightest way to what had passed, was of the greatest assistance to her. And sooner than she could have supposed it possible in the beginning of her distress, her spirits became absolutely comfortable."
40,mic_fileid_40_doa199_3spk.wav,text_fileid_40_doa199_spk3.txt,199,199,0.0,3,clean_fileid_40_doa199_spk3.wav,0.0,0,39,-4.707555770874023,15.945537567138672,20.653093338012695,-4.747304916381836,15.682374000549316,20.429678916931152,1.0604697465896606,3.3903121948242188,2.329842448234558,3.579110600999229,0.28563046099998246,0.4250019000000975,4.289742961999309,SO HE SUMMONED HIM AND SAID IT IS A HARD THING TO SEE THE SON OF AN ILLUSTRIOUS HOUSE LIVE AND DIE A PEASANT I WILL PROMOTE YOU TO THE RANK OF SAMURAI THEN THE PEASANT ANSWERED MY LORD,"So he summoned him and said, It is a hard thing to see the son of an illustrious house live and die a peasant. I will promote you to the rank of samurai. Then the peasant answered, My lord."
41,mic_fileid_41_doa235_3spk.wav,text_fileid_41_doa235_spk3.txt,235,235,0.0,3,clean_fileid_41_doa235_spk3.wav,0.0,0,41,-5.861084938049316,10.420598030090332,16.28168296813965,-5.921576499938965,10.195186614990234,16.1167631149292,1.119936227798462,2.357886552810669,1.237950325012207,4.392708553000375,0.42896225899994533,0.41371279299983144,5.235383605000152,CALLING ON GENERAL SICKLES IN A WASHINGTON HOSPITAL FOR THE GENERAL HAD LOST A LEG ON THE SECOND DAY OF THE BATTLE OF GETTYSBURG THE PRESIDENT WAS ASKED WHY HE BELIEVED THAT VICTORY WOULD BE GIVEN THE FEDERAL FORCES AT GETTYSBURG,"Calling on General Sickles in a Washington hospital, for the general had lost a leg on the second day of the Battle of Gettysburg, the president was asked why he believed that victory would be given the federal forces at Gettysburg."
42,mic_fileid_42_doa324_3spk.wav,text_fileid_42_doa324_spk3.txt,324,324,0.0,3,clean_fileid_42_doa324_spk3.wav,0.12,3,25,-5.867753982543945,12.740473747253418,18.608227729797363,-5.942627906799316,12.39785385131836,18.340481758117676,1.1125768423080444,2.861731767654419,1.7491549253463745,4.810450245000084,0.47812863499984815,0.3377246320001177,5.6263035120000495,THANK YOU BROTHER SAID HE I KNOW I CAN TRUST YOUR WORD I WILL UPON MY HONOUR THE BARONET SAID AND THUS AND ALMOST MUTELY,"Thank you, brother,"" said he. I know I can trust your word. I will, upon my honor, the baronet sin, and thus, and almost mubly."
43,mic_fileid_43_doa114_3spk.wav,text_fileid_43_doa114_spk3.txt,114,114,0.0,3,clean_fileid_43_doa114_spk3.wav,0.24489795918367346,12,49,-11.518835067749023,12.52865219116211,24.047487258911133,-11.654129028320312,12.182130813598633,23.836259841918945,1.0273213386535645,2.3812649250030518,1.3539435863494873,4.229087115999846,0.696770376999666,0.5062083809998512,5.432065873999363,I'M GOING TO PUT THESE BOUGHS IN THE OLD BLUE JUG AND SET THEM ON MY TABLE MIND YOU DON'T DROP LEAVES ALL OVER THE STAIRS THEN I'M GOING ON A MEETING OF THE AID SOCIETY AT CARMODY THIS AFTERNOON ANNE AND I WON'T LIKELY BE HOME BEFORE DARK,"I'm going to put these flowers in an old bluejack and set them on my chain books. Mind you, don't drop leaves all over the stand for me. I'm going on a meeting of the AIDS Society at comedy this afternoon, and I won't likely be home before dark."
44,mic_fileid_44_doa256_3spk.wav,text_fileid_44_doa256_spk3.txt,256,256,0.0,3,clean_fileid_44_doa256_spk3.wav,0.047619047619047616,2,42,-6.890259265899658,11.82751750946045,18.717776775360107,-6.966171741485596,11.361467361450195,18.32763910293579,1.0712321996688843,2.552729606628418,1.4814974069595337,4.797597214000234,0.4397127359998194,0.4534155500000452,5.690725500000099,THE PLACE WAS SO PLAIN AFTER THE COMPARATIVE LUXURY OF ELMHURST AND ESPECIALLY OF THE ROSE CHAMBER PATSY HAD OCCUPIED THAT THE OLD MAN COULD NOT FAIL TO MARVEL AT THE GIRL'S ECSTATIC JOY TO FIND HERSELF IN THE OLD TENEMENT AGAIN,"The place was so plain after the comparative luxury of Elmhurst and especially of the rose chamber, Patsy had offered pie, that the old man could not fail to marvel at the girl's ecstatic joy to find herself in the old tenement again."
45,mic_fileid_45_doa200_3spk.wav,text_fileid_45_doa200_spk3.txt,200,200,0.0,3,clean_fileid_45_doa200_spk3.wav,0.05128205128205128,2,39,-7.675511360168457,13.007079124450684,20.68259048461914,-7.746191501617432,12.62315559387207,20.369347095489502,1.132201910018921,2.6732707023620605,1.5410687923431396,4.658062597000026,0.5255894000001717,0.48384004499985167,5.667492042000049,AND HONOR AND GLORY TO WHOEVER CAPTURES HIM HE SAYS THIS IS WHAT HIS CAJOLERY HAS BROUGHT US TO BARBARA IVANOVNA TOLD ME THE MOB NEAR KILLED HER BECAUSE SHE SAID SOMETHING IN FRENCH OH BUT IT'S SO YOU,"and honour and glory to whoever captures him. He says, this is what his cajolery has brought us to. Barbara Ivanovna told me, the mob near killed her because she said something in French. Oh, but it's so. You're..."
46,mic_fileid_46_doa324_3spk.wav,text_fileid_46_doa324_spk3.txt,324,324,0.0,3,clean_fileid_46_doa324_spk3.wav,0.023809523809523808,1,42,-8.33353328704834,10.56782054901123,18.90135383605957,-8.436470031738281,10.076647758483887,18.513117790222168,1.0623420476913452,2.427469253540039,1.3651272058486938,4.3952113750001445,0.5517095019999942,0.3883884839997336,5.335309360999872,INTO ANOTHER ROAD AND GETTING UPON HIS KNEES FELT OF THE SOFT GROUND WITH HIS FINGERS BUT FOR THE FIGURE OF HIS GRANDFATHER WHOM HE WAS AFRAID HE WOULD NEVER FIND IN THE DARKNESS HE THOUGHT THE WORLD MUST BE ALTOGETHER EMPTY,"into another road, and getting upon his knees felt the soft ground with his fingers. But for the figure of his grandfather, whom he was afraid he would never find in the darkness, he thought the world must be altogether empty."
47,mic_fileid_47_doa63_3spk.wav,text_fileid_47_doa63_spk3.txt,63,63,0.0,3,clean_fileid_47_doa63_spk3.wav,0.21212121212121213,7,33,-7.344703674316406,10.487972259521484,17.83267593383789,-7.4035797119140625,10.122690200805664,17.526269912719727,1.0969511270523071,2.2775723934173584,1.1806212663650513,4.603768961999776,0.3603864239998984,0.32158305299981294,5.285738438999488,THE MYSTIC TWELVE REVOLVED ABOUT ME THIS CONCLUDED THE CEREMONY WITH A MERRY SHOUT THE BOYS THREW OFF THEIR MASKS AND I WAS DECLARED A REGULARLY INSTALLED MEMBER OF THE R M C,"The Mystic 12 involved without me. This concluded the ceremony. With a merry shout, the boys threw off the masks, and I was declared a regularly installed member of the RMC."
48,mic_fileid_48_doa191_3spk.wav,text_fileid_48_doa191_spk3.txt,191,191,0.0,3,clean_fileid_48_doa191_spk3.wav,0.24242424242424243,8,33,-4.861368656158447,11.255440711975098,16.116809368133545,-4.906928539276123,10.887035369873047,15.79396390914917,1.1026324033737183,2.68156361579895,1.578931212425232,4.597609260000354,0.619225809999989,0.3718672729996797,5.588702343000023,AND YOU'RE THE LAST ABOVE BOARD OF THAT SAME MEDDLING CREW AND YOU HAVE THE DAVY JONES'S INSOLENCE TO UP AND STAND FOR CAP'N OVER ME YOU THAT SANK THE LOT OF US,And you're the last aboveboard of that same meddling crew. And you have the Davy Jones and the Celesto up and stand for captain over me. You that saint the lot of us.
49,mic_fileid_49_doa336_3spk.wav,text_fileid_49_doa336_spk3.txt,336,336,0.0,3,clean_fileid_49_doa336_spk3.wav,0.05555555555555555,2,36,-7.35935115814209,9.783011436462402,17.142362594604492,-7.388566970825195,9.641874313354492,17.030441284179688,1.1820083856582642,2.1619420051574707,0.9799336194992065,4.589041475000613,0.5047071519998099,0.3809575329996733,5.474706160000096,IN LACONIA WAS A CAVE AMONG DARK AND GLOOMY ROCKS THROUGH WHICH LED ONE OF THE ENTRANCES TO THE LOWER WORLD THIS WAS THE ROAD BY WHICH HERCULES DESCENDED WHEN HE WENT TO CARRY OFF CERBERUS,"In Lyconia was a cave among dark and gloomy rocks, through which led one of the entrances to the lower world. This was the road by which Hercules descended, and he went to carry off Cerberus."
50,mic_fileid_50_doa7_3spk.wav,text_fileid_50_doa7_spk3.txt,7,7,0.0,3,clean_fileid_50_doa7_spk3.wav,0.045454545454545456,2,44,-5.9487833976745605,10.575079917907715,16.523863315582275,-5.993162155151367,10.426202774047852,16.41936492919922,1.0753812789916992,2.686596155166626,1.6112148761749268,4.7919477470004495,0.5279208719998678,0.4641543799998544,5.784022999000172,INSTEAD OF BREATHING IT THEMSELVES THEY HAD SAVED IT FOR ME AND WHILE THEY WERE SUFFOCATING THEY POURED LIFE INTO ME DROP BY DROP I TRIED TO PUSH THE DEVICE AWAY THEY HELD MY HANDS AND FOR A FEW MOMENTS I COULD BREATHE LUXURIOUSLY,"Instead of breathing it themselves, they had saved it for me, and while they were suffocating, they poured light into me drop by drop. I tried to push the device away, they held my hand, and for a few moments I could breathe luxuriously."
51,mic_fileid_51_doa263_3spk.wav,text_fileid_51_doa263_spk3.txt,263,263,0.0,3,clean_fileid_51_doa263_spk3.wav,0.35294117647058826,12,34,-10.06823444366455,7.441213130950928,17.50944757461548,-10.190801620483398,6.839215278625488,17.030016899108887,1.042299747467041,1.6231508255004883,0.5808510780334473,4.374026074000085,0.492391323999982,0.40013007900006414,5.266547477000131,KENNICOTT HAD ASSERTED THAT THE VILLAGER'S LACK OF COURTESY IS DUE TO HIS POVERTY WE'RE NO MILLIONAIRE DUDES HE BOASTED YET THESE ARMY AND NAVY MEN THESE BUREAU EXPERTS AND ORGANIZERS OF MULTITUDINOUS LEAGUES,"Ken Cutt had asserted that the villagers lack of courtesy is due to his poverty. We're not billionaire dudes, he boasted. Yet these are me and the man, these bureau experts and organizers of both the two misleads."
52,mic_fileid_52_doa46_3spk.wav,text_fileid_52_doa46_spk3.txt,46,46,0.0,3,clean_fileid_52_doa46_spk3.wav,0.43902439024390244,18,41,-5.732949733734131,12.375678062438965,18.108627796173096,-5.786096572875977,12.132349967956543,17.91844654083252,1.0803545713424683,2.158341884613037,1.0779873132705688,4.515055476000271,0.4836032449998129,0.4942755820002276,5.492934303000311,SHE DIED IN A SIX MONTH SAID WILLIAM SHE FORGIVED HIM BUT IT'S BEYOND ME I THOUGHT IT WERE HIM WHEN I HEERD OF T WORK ABOUT DARLEY KINRAID AND COMING FRA NEWCASSEL WHERE ANNIE LIVED PRENTICE AND I MADE INQUIRY,"She died in the sixth month, said Valerie. She forgived him, but it's beyond the name. I felt it was him that I heard about to work about, Valerie, Kenraid, and coming from Newcastle. We're adding Liv Prentice and I made inquiry."
53,mic_fileid_53_doa219_3spk.wav,text_fileid_53_doa219_spk3.txt,219,219,0.0,3,clean_fileid_53_doa219_spk3.wav,0.10869565217391304,5,46,-11.370186805725098,10.10171890258789,21.47190570831299,-11.438689231872559,9.566383361816406,21.005072593688965,1.1955353021621704,2.069728136062622,0.8741928339004517,4.656766689000051,0.5420017359997473,0.44573452300028293,5.644502948000081,THAT WERE CARRIED ON A FLEET OF SIX HUNDRED SHIPS IT TOOK THIS FLEET THREE MONTHS TO MAKE THE VOYAGE FROM CONSTANTINOPLE TO AFRICA THE SAME VOYAGE MAY NOW BE MADE IN A VERY FEW DAYS BUT IN THE TIME OF BELISARIUS THERE WERE NO STEAMSHIPS,"that were carried on a fleet of 600 ships. It took this fleet three months to make the voyage from Constantinople to Africa. The same voyage may now be made in a very few days, but in the time of Bellasarius there were no steam ships."
54,mic_fileid_54_doa45_3spk.wav,text_fileid_54_doa45_spk3.txt,45,45,0.0,3,clean_fileid_54_doa45_spk3.wav,0.0967741935483871,3,31,-6.8222336769104,12.23840045928955,19.06063413619995,-6.8913750648498535,12.070728302001953,18.962103366851807,1.0755023956298828,2.4758713245391846,1.4003689289093018,3.8132859890001782,0.47184459499976583,0.32567409200009934,4.610804676000043,THE TOTEM POLE IS A MOST INTERESTING AFFAIR FIGURE SIXTY SIX REPRESENTS THE POLE AT ALERT BAY EAST OF VANCOUVER ISLAND IT IS ONE OF THE FINEST UPON THE NORTH COAST,"The Totem Pole is a most interesting affair. Figure 66 represents the pole at Allert Bay, east of Vancouver Island. It is one of the finest upon the North Coast."
55,mic_fileid_55_doa186_3spk.wav,text_fileid_55_doa186_spk3.txt,186,186,0.0,3,clean_fileid_55_doa186_spk3.wav,0.09375,3,32,-5.994938850402832,12.139105796813965,18.134044647216797,-6.027707576751709,11.636857986450195,17.664565563201904,1.0845304727554321,2.3628756999969482,1.2783452272415161,4.344377592000001,0.48978253399991445,0.36191131700024926,5.196071443000164,THUS HE SPEAKS OF TWO YOUNG GIRLS OF ABOUT SIXTEEN AND SEVENTEEN SLIGHTLY NEUROPATHIC BUT WITHOUT DEFINITE HYSTERICAL SYMPTOMS WHO DURING THE MENSTRUAL PERIOD FEEL THEMSELVES IN A SORT OF ELECTRICAL STATE,"Thus he speaks of two young girls of about 16 and 17, slightly neuropathic, but without definite hysterical symptoms, who during the menstrual period feel themselves in sort of electrical state."
56,mic_fileid_56_doa11_3spk.wav,text_fileid_56_doa11_spk3.txt,11,11,0.0,3,clean_fileid_56_doa11_spk3.wav,0.11320754716981132,6,53,-6.183178424835205,12.608724594116211,18.791903018951416,-6.20573091506958,12.436702728271484,18.642433643341064,1.1347447633743286,2.8288042545318604,1.6940594911575317,4.790420637999887,0.5584623069998997,0.540420049000204,5.889302993999991,THAT HAD ITS SOURCE AWAY BACK IN THE WOODS OF THE OLD CUTHBERT PLACE IT WAS REPUTED TO BE AN INTRICATE HEADLONG BROOK IN ITS EARLIER COURSE THROUGH THOSE WOODS WITH DARK SECRETS OF POOL AND CASCADE BUT BY THE TIME IT REACHED LYNDE'S HOLLOW IT WAS A QUIET WELL CONDUCTED LITTLE STREAM,"that had its source away back in the woods at the old Cuthbert place. It was reputed to be an intricate headlong work in his earlier course through those woods, with dark secrets of pool and cascade. But by the time it reached Lynn's Hollow, it was a quiet, well-conducted little stream."
57,mic_fileid_57_doa15_3spk.wav,text_fileid_57_doa15_spk3.txt,15,15,0.0,3,clean_fileid_57_doa15_spk3.wav,0.3076923076923077,12,39,-6.787128925323486,11.749180793762207,18.536309719085693,-6.8969573974609375,11.553590774536133,18.45054817199707,1.049423098564148,2.032747983932495,0.9833248853683472,4.628098167999269,0.32682277100002466,0.4295772450000186,5.3844981839993125,BEFORE WE COULD BRING UP THE LAGGARDS THAT PROVOKINGLY DAWDLED ALONG NIBBLING STRAY BUNCHES OF GRASS WHEN LATE ON THE ROAD WE SAW COYOTES SNEAKING OUT FOR THEIR EVENING MEAL AND HEARD THE FAR AWAY CRY OF THE PANTHER,"before we could bring up the leverage that provoked the daughter of the long, nibbling straight onto the grass. When late on the road, we saw coyotes sneaking out for their cooking meal and heard the far away cry of a panther."
58,mic_fileid_58_doa315_3spk.wav,text_fileid_58_doa315_spk3.txt,315,315,0.0,3,clean_fileid_58_doa315_spk3.wav,0.2391304347826087,11,46,-10.942281723022461,7.908308029174805,18.850589752197266,-11.10115909576416,7.44177770614624,18.5429368019104,1.1372569799423218,2.014051675796509,0.876794695854187,4.821005246999903,0.6668195239999477,0.47595766599988565,5.963782436999736,WHICH THEY DID OBSERVING CLOSELY WHAT THE YOUTH WAS ABOUT HE HAD ON A LOOSE DOUBLE SKIRTED DARK BROWN JACKET BOUND TIGHT TO HIS BODY WITH A WHITE CLOTH HE WORE BESIDES BREECHES AND GAITERS OF BROWN CLOTH AND ON HIS HEAD A BROWN MONTERA AND,which they did observing closely what he used as a belt. He had on a loose double-skirted dark brown jacket bound tight to his body with a white cloth. He wore beside breeches and gaiters a brown cloth and on his head a brown Monterra.
59,mic_fileid_59_doa198_3spk.wav,text_fileid_59_doa198_spk3.txt,198,198,0.0,3,clean_fileid_59_doa198_spk3.wav,0.12195121951219512,5,41,-8.193196296691895,10.209723472595215,18.40291976928711,-8.242471694946289,9.9712553024292,18.21372699737549,1.0660150051116943,2.530268907546997,1.4642539024353027,4.465391006999653,0.3815710370004126,0.410880847000044,5.257842891000109,WHOM I HAD MADE HER MEET HAD TOLD ME THAT ONLY REST AND CALM COULD PRESERVE HER HEALTH SO THAT IN PLACE OF SUPPER AND SLEEPLESS NIGHTS I SUCCEEDED IN SUBSTITUTING A HYGIENIC REGIME AND REGULAR SLEEP IN SPITE OF HERSELF,"who might make her me, had told me that only rest and calm could preserve her health, so that in place of supper and sleepless nights, I succeeded in substituting a hygienic regime and regular sleep. In spite of herself,"
60,mic_fileid_60_doa323_3spk.wav,text_fileid_60_doa323_spk3.txt,323,323,0.0,3,clean_fileid_60_doa323_spk3.wav,0.030303030303030304,1,33,-9.386282920837402,10.056783676147461,19.443066596984863,-9.539793968200684,9.785696029663086,19.32548999786377,1.071839451789856,1.9259018898010254,0.8540624380111694,4.575539350999861,0.3953456499998538,0.39083484999991924,5.361719850999634,THIS WAS THE IMPEACHMENT OF LORD KIMBOLTON AND THE FIVE MEMBERS WHEN THE COMMONS EMPLOYED IN THEIR REMONSTRANCE LANGUAGE SO SEVERE AND INDECENT THEY HAD NOT BEEN ACTUATED ENTIRELY BY INSOLENCE AND PASSION,This was the impeachment of Lord Kimbotton and the five members. When the commons employed in their remonstrance language so severe and indecent they had not been actuated entirely by insolence and passion.
61,mic_fileid_61_doa93_3spk.wav,text_fileid_61_doa93_spk3.txt,93,93,0.0,3,clean_fileid_61_doa93_spk3.wav,0.0425531914893617,2,47,-5.5425004959106445,16.33493995666504,21.877440452575684,-5.616772174835205,15.781740188598633,21.398512363433838,1.0253710746765137,2.789247512817383,1.7638764381408691,4.467022057999657,0.36364198499995837,0.45072352099987256,5.281387563999488,HE FIDDLED NIGHT AFTER NIGHT IN THE DINGY LITTLE THEATRE AND HE STUDIED SO DILIGENTLY THAT HIS MASTER WAS WELL PLEASED AND KEPT HIM IN MIND AS ONE TO WHOM PREFERMENT WAS DUE IF ANY CHANCE OCCURRED GAY FRIENDS FORGOT HIM BUT THE OLD ONES STOOD FAST,"He fiddled night after night in the dingy little theatre, and he stood so diligently that his master was well pleased, and kept him in mind as one to whom preferment was due, if any chance occurred. Gay friends forgot him, but the old one stood fast."
62,mic_fileid_62_doa56_3spk.wav,text_fileid_62_doa56_spk3.txt,56,56,0.0,3,clean_fileid_62_doa56_spk3.wav,0.14285714285714285,5,35,-6.345980644226074,10.740440368652344,17.086421012878418,-6.367984294891357,10.555130004882812,16.92311429977417,1.131069302558899,2.3335046768188477,1.2024353742599487,4.7731329299995195,0.4141413800002738,0.4676876550001907,5.654961964999984,IN THE CONCIERGE'S LITTLE ROOM HE FOUND AN OLD WOMAN KNITTING LECOQ BOWED TO HER POLITELY AND DISPLAYING THE SILK HANDKERCHIEF EXCLAIMED MADAME I HAVE COME TO RETURN THIS ARTICLE TO ONE OF YOUR LODGERS,"In the concierge's little room he found an old woman middling. The cock bowed to her politely, and, displaying the silk handkerchief, explained, Madam, I have come to return this article to one of your lodgers."
63,mic_fileid_63_doa174_3spk.wav,text_fileid_63_doa174_spk3.txt,174,174,0.0,3,clean_fileid_63_doa174_spk3.wav,0.20833333333333334,10,48,-8.267881393432617,11.850523948669434,20.11840534210205,-8.33859634399414,11.37325668334961,19.71185302734375,1.092547059059143,2.7376692295074463,1.6451221704483032,5.127878418000364,0.5156262960003914,0.5400262510001994,6.183530965000955,BUT IT IS TIME TO UNITE NOW ONCE MORE FOLLOWED A SILENCE IF PEOPLE COULD ONLY MEET AND LOOK EACH OTHER IN THE FACE SAID MISTER TEMPLETON AT LENGTH THEY MIGHT FIND THERE WAS NOT SUCH A GULF BETWEEN THEM AS THEY HAD FANCIED AND SO WE PARTED,"But it is time to unite them. Once more, a fall of silence. If people could only meet and look each other in the face, said Mr. Temple Plain of Length, they might find there was not such a gulf between them as they infancy it. And so we parted."
64,mic_fileid_64_doa162_3spk.wav,text_fileid_64_doa162_spk3.txt,162,162,0.0,3,clean_fileid_64_doa162_spk3.wav,0.02702702702702703,1,37,-9.59510612487793,11.610103607177734,21.205209732055664,-9.748486518859863,11.362895965576172,21.111382484436035,1.1931982040405273,2.6845879554748535,1.4913897514343262,4.386571035999623,0.4102570889999697,0.4179616339997665,5.214789758999359,I THINK THAT WE CAN ANSWER SAID BARBICANE BUT ACCORDING TO MY IDEA THE QUESTION OUGHT NOT TO BE PUT IN THAT FORM I ASK IT TO BE PUT DIFFERENTLY PUT IT YOUR OWN WAY REPLIED MICHEL,"I think that we can answer, said Barbacane, but according to my idea, the question ought not to be put in that form. I ask it to be put differently. Put it your own way, replied Michel."
65,mic_fileid_65_doa48_3spk.wav,text_fileid_65_doa48_spk3.txt,48,48,0.0,3,clean_fileid_65_doa48_spk3.wav,0.08333333333333333,3,36,-7.201810836791992,13.137975692749023,20.339786529541016,-7.262549877166748,12.424521446228027,19.687071323394775,1.1213921308517456,3.1294238567352295,2.008031725883484,4.40786854199996,0.46052577399996153,0.4061326979999649,5.2745270139998865,THEY ARE ALL TRUE FOR THEY ARE ABOUT MYSELF I DO NOT LIKE THE SUBJECT THE WORSE TRIM SAID MY UNCLE TOBY ON THAT SCORE BUT PRITHEE WHAT IS THIS STORY THOU HAST EXCITED MY CURIOSITY,"They are all true, for they are about myself. I do not like the subject the worst trend, said my uncle Toby, on that score. But Prithee, what is the story? Thou hast excited my curiosity."
66,mic_fileid_66_doa58_3spk.wav,text_fileid_66_doa58_spk3.txt,58,58,0.0,3,clean_fileid_66_doa58_spk3.wav,0.12121212121212122,4,33,-8.287751197814941,10.2358980178833,18.523649215698242,-8.417365074157715,9.901778221130371,18.319143295288086,1.0993452072143555,2.0495591163635254,0.9502139091491699,4.774489328999607,0.39498137199962,0.3457679600001029,5.51523866099933,WE CAN ACT IT IN THIS VERY HALL THE AUDIENCE SITTING ON THOSE BROAD STAIRS OPPOSITE ONE ROW ABOVE ANOTHER THESE FRONT DOORS CAN BE THE BACK SCENE EITHER OPEN OR SHUT SHUT,"We can act it in this very hall. He opens soon on those broad stairs opposite, one row above another. These front doors can be the back seat, either open or shut. Shut?"
67,mic_fileid_67_doa326_3spk.wav,text_fileid_67_doa326_spk3.txt,326,326,0.0,3,clean_fileid_67_doa326_spk3.wav,0.15,3,20,-8.668763160705566,6.005040168762207,14.673803329467773,-8.757442474365234,5.318066596984863,14.075509071350098,1.093508243560791,1.3873082399368286,0.2937999963760376,4.818476973000088,0.32441051599971615,0.2634309579998444,5.406318446999649,SALUTARY ASSOCIATIONS THEY SEEMED TO HAVE TRUSTED ALTOGETHER TO THE OLD FAMILIAR INSTRUMENTS PRAISE AND BLAME REWARD AND PUNISHMENT NOW,"Salutary associations. They seem to have trusted all together to the old familiar instruments, praise and blame, reward and punishment. Now!"
68,mic_fileid_68_doa31_3spk.wav,text_fileid_68_doa31_spk3.txt,31,31,0.0,3,clean_fileid_68_doa31_spk3.wav,0.06060606060606061,2,33,-6.973570823669434,10.911052703857422,17.884623527526855,-7.009262561798096,10.260149002075195,17.26941156387329,1.0788909196853638,2.221400499343872,1.1425095796585083,4.546992146999855,0.3675485869998738,0.41659416099992086,5.33113489499965,EVERY CRIMINAL I CONDEMN SEEMS TO ME LIVING EVIDENCE THAT I AM NOT A HIDEOUS EXCEPTION TO THE REST ALAS ALAS ALAS ALL THE WORLD IS WICKED LET US THEREFORE STRIKE AT WICKEDNESS,Every criminal like them seems to me living evidence that I am not a hideous exception to the rest. Alas. Alas. Alas. All the world is wicked. Let us therefore strike at wickedness.
69,mic_fileid_69_doa334_3spk.wav,text_fileid_69_doa334_spk3.txt,334,334,0.0,3,clean_fileid_69_doa334_spk3.wav,0.10869565217391304,5,46,-6.546989440917969,10.580720901489258,17.127710342407227,-6.623544216156006,10.385151863098145,17.00869607925415,1.0576006174087524,2.5944855213165283,1.5368849039077759,4.129152317999797,0.29646365999997215,0.47908591699979297,4.904701894999562,ALWAYS GET YOUR MONEY IN ADVANCE IS THAT CLEAR TO YOU YES SIR SAID FISHER BUT I THINK YOU WILL ALWAYS FIND THAT MISTER KARA IS ALWAYS MOST GENEROUS ABOUT MONEY DON'T YOU BELIEVE IT DON'T YOU BELIEVE IT MY POOR MAN SAID THE OTHER YOU,"Always get your money in advance. Does that clear you? Yes, sir, said Fisher. But I think you will always find that Mr. Carrick is always much generous about money. Don't you believe it? Don't you believe it, my poor man, said the other. You."
70,mic_fileid_70_doa238_3spk.wav,text_fileid_70_doa238_spk3.txt,238,238,0.0,3,clean_fileid_70_doa238_spk3.wav,0.075,3,40,-9.079501152038574,9.40304183959961,18.482542991638184,-9.131465911865234,8.587043762207031,17.718509674072266,1.047573208808899,2.1644229888916016,1.1168497800827026,4.938428708999254,0.6476735609999196,0.40368581999973685,5.98978808999891,UNCONSCIOUS IS NO LONGER A NAME FOR WHAT IS AT THAT TIME LATENT THE UNCONSCIOUS IS AN ESPECIAL PSYCHIC REALM WITH WISH IMPULSES OF ITS OWN WITH ITS OWN METHOD OF EXPRESSION AND WITH A PSYCHIC MECHANISM PECULIAR TO ITSELF,"Unconscious is no longer a name, for what is at that time latent? The unconscious is in a special psychic realm, with wish impulses of its own, with its own method of expression, and with a psychic mechanism peculiar to itself."
71,mic_fileid_71_doa260_3spk.wav,text_fileid_71_doa260_spk3.txt,260,260,0.0,3,clean_fileid_71_doa260_spk3.wav,0.2926829268292683,12,41,-9.579949378967285,8.952411651611328,18.532361030578613,-9.689322471618652,8.408011436462402,18.097333908081055,1.061895489692688,1.930522084236145,0.868626594543457,4.947457928000404,0.4930441509995944,0.38165889099991546,5.8221609699999135,AND TEN YEARS HENCE YOU WILL LOOK BACK WITH PRIDE UPON HAVING CONTRIBUTED YOUR PART TO THE FORMATION OF ONE WHOM ALL HERE AT SAINT PETERSBURG NOT SOLDIERS ONLY BUT WE DIPLOMATES LOOK UPON AS CERTAIN TO PROVE A GREAT MAN,"And, six years hence, you look backward and pride upon having contributed your part to the formation of one who all here at St. Petersburg, not soldiers only, but redevelopments. Look upon a certain recruitment, great man."
72,mic_fileid_72_doa121_3spk.wav,text_fileid_72_doa121_spk3.txt,121,121,0.0,3,clean_fileid_72_doa121_spk3.wav,0.1111111111111111,5,45,-5.89898681640625,13.286839485168457,19.185826301574707,-5.9855756759643555,12.908912658691406,18.89448833465576,1.1044776439666748,3.1265814304351807,2.022103786468506,4.588696897999853,0.31280216699997254,0.4968019359998834,5.398301000999709,AS WE SPED AFTER HIM I LOOKED BACK THE HORSEMEN HAD RECOVERED WERE NOW A SCANT HALF MILE FROM WHERE THE ROAD SWEPT PAST THE FORTRESS I SAW THAT WITH THEIR SWORDS THE HORSEMEN BORE GREAT BOWS A LITTLE CLOUD OF ARROWS SPARKLED FROM THEM,"As we spent after him, I looked back. The horsemen had recovered, and were now a scant half-mile from where the roads swept past the fortress. I saw that with their swords, the horsemen bore great bows. A little cloud of arrows sparkled from them."
73,mic_fileid_73_doa130_3spk.wav,text_fileid_73_doa130_spk3.txt,130,130,0.0,3,clean_fileid_73_doa130_spk3.wav,0.1111111111111111,3,27,-9.566471099853516,8.739133834838867,18.305604934692383,-9.69350814819336,8.097688674926758,17.791196823120117,1.128624439239502,1.6755762100219727,0.5469517707824707,3.647991662999175,0.32981484899983116,0.3316158259999611,4.309422337998967,THE NEW REPUBLIC OF FRANCE CHANGED THE NAME OF THIS SHIP ON APRIL SIXTEENTH OF THAT SAME YEAR IT JOINED THE SQUADRON AT BREST UNDER REAR ADMIRAL,"The new Republic of France changed the name of the ship. On April 16th of that same year, it joined the squadron at Breast Under Rear Admiral..."
74,mic_fileid_74_doa172_3spk.wav,text_fileid_74_doa172_spk3.txt,172,172,0.0,3,clean_fileid_74_doa172_spk3.wav,0.14814814814814814,4,27,-8.419666290283203,10.455615997314453,18.875282287597656,-8.49612045288086,10.139581680297852,18.63570213317871,1.0957858562469482,2.1355881690979004,1.0398023128509521,4.768120406999969,0.803978005999852,0.34864418500001193,5.920742597999833,WOULD SUDDENLY EXTRICATE ME FROM SEEMINGLY INSURMOUNTABLE DIFFICULTIES SOMETIMES WHEN NATURE OVERCOME BY HUNGER SANK UNDER THE EXHAUSTION A REPAST WAS PREPARED FOR ME IN THE DESERT,"would suddenly extricate me from seemingly insurmountable difficulties. Sometimes when nature overcome by hunger, some cut of the exhaustion, the repast was prepared for me in the desert."
75,mic_fileid_75_doa243_3spk.wav,text_fileid_75_doa243_spk3.txt,243,243,0.0,3,clean_fileid_75_doa243_spk3.wav,0.1864406779661017,11,59,-6.175477981567383,10.641993522644043,16.817471504211426,-6.241393566131592,10.328059196472168,16.56945276260376,1.0776779651641846,2.4082088470458984,1.3305308818817139,4.853734139000153,0.48209331199996086,0.5777592650001679,5.913586716000282,AND HE POINTED WITH HIS FINGERS AT THE SHOP GIRL YOU MUST GIVE HER TWO KISSES FOR THAT HEAP OF BARLEY SUGAR LOOKING AT BOBBY'S MOUTH AT THE TIME ONE WOULD HAVE SAID THAT HIS KISSES MIGHT BE DISPENSED WITH WHEN THEY WERE AGAIN IN THE PONY CARRIAGE BEHIND THE IMPATIENT PUCK AND WERE WELL AWAY FROM THE DOOR,"and he pointed with his fingers at the soft girl. He must give her two kisses for that heap of body sugar. Looking at Bobby's mouth at the time, one would have said that his kisses might be dispenser. When they were again in the pony carriage behind me at Patient Park, I went well away from the door."
76,mic_fileid_76_doa255_3spk.wav,text_fileid_76_doa255_spk3.txt,255,255,0.0,3,clean_fileid_76_doa255_spk3.wav,0.1891891891891892,7,37,-12.050158500671387,8.022871017456055,20.07302951812744,-12.150687217712402,7.451328754425049,19.60201597213745,1.0982928276062012,2.0551373958587646,0.9568445682525635,4.609573239999463,0.4047124819999226,0.4026732070001344,5.41695892899952,HE ADMITTED THE OLDER OFFICER AND SLAMMED THE DOOR UPON ME AGAIN AND IMMEDIATELY REOPENED IT GREGG KEEP THE PASSENGERS QUIETED TELL THEM EVERYTHING'S ALL RIGHT MISS PRINCE GOT FRIGHTENED THAT'S ALL THEN GO TO THE TURRET,He admitted the older officer and slammed the door upon me and immediately reopened it. Greg keeps the passengers quieted. Tell them everything's all good. This prince got pregnant. That's all. Then go to the church.
77,mic_fileid_77_doa343_3spk.wav,text_fileid_77_doa343_spk3.txt,343,343,0.0,3,clean_fileid_77_doa343_spk3.wav,0.06666666666666667,3,45,-7.921446800231934,9.657206535339355,17.57865333557129,-8.043594360351562,9.363640785217285,17.407235145568848,1.0401475429534912,2.1838576793670654,1.1437101364135742,4.151478186000077,0.41049222299989196,0.4755865049996828,5.037556913999651,A TALL MAN IN A BLACK ROBE STOOD BY HIS SHOULDER AND POINTED TO THE HALF OPEN DOOR INTO THE HALL THIS MAN WAS SHOUTING CLOSE TO HIS EAR AND YET WHAT WAS SAID WAS INDISTINCT BECAUSE OF THE TREMENDOUS UPROAR FROM THE GREAT THEATRE,"A tall man in a black robe stood by his shoulder and pointed to the half-open door into the hall. This man was shouting close to his ear, and yet what was said was indistinct because of the tremendous uproar from the great theater."
78,mic_fileid_78_doa327_3spk.wav,text_fileid_78_doa327_spk3.txt,327,327,0.0,3,clean_fileid_78_doa327_spk3.wav,0.17647058823529413,9,51,-8.835166931152344,12.64106273651123,21.476229667663574,-9.015928268432617,12.42362117767334,21.439549446105957,1.0897992849349976,2.6104495525360107,1.5206502676010132,4.26758474799999,0.38602211299985356,0.497495679000167,5.151102540000011,WHICH IS CONTINUED AS A DIVISION BETWEEN TWO FIELDS WHICH FORM PART OF THE FARM LAND BEHIND THE WOOD BY WALKING ALONG THIS THE MURDERER MIGHT HAVE LEFT THE WOOD WITHOUT LEAVING TRACKS BEHIND HIM A GOOD POINT WIGAN AND WHERE WOULD THAT DITCH LEAD HIM EVENTUALLY TO THE HIGH ROAD,"which just continued as a division between two fields, which were part of the farmland behind the wood. By walking along this, the murderer might have left the wood without leaving tracks behind him. Good point, William. And where would that do Tweedum? Eventually to the high road."
79,mic_fileid_79_doa322_3spk.wav,text_fileid_79_doa322_spk3.txt,322,322,0.0,3,clean_fileid_79_doa322_spk3.wav,0.08823529411764706,3,34,-7.933611869812012,12.684837341308594,20.618449211120605,-7.9917473793029785,12.533323287963867,20.525070667266846,1.1036553382873535,2.402379274368286,1.2987239360809326,4.367514149000272,0.44260693399974116,0.35942938100015454,5.169550464000167,NOT ONLY TO FORTIFY HIS COURAGE BUT TO ILLUMINATE HIS MIND WITH WISDOM ON THIS IMPORTANT OCCASION THE NIGHT BEFORE THESE MARTIAL ATCHIEVEMENTS WERE TO COMMENCE ZADIG ARRIVED UPON THE BANKS OF THE EUPHRATES,"Not only to fortify his courage, but to illuminate his mind and wisdom on this important occasion. The night before these martial achievements were to commence, Sajig arrived upon the banks of the Euphrates."
80,mic_fileid_80_doa69_3spk.wav,text_fileid_80_doa69_spk3.txt,69,69,0.0,3,clean_fileid_80_doa69_spk3.wav,0.12903225806451613,4,31,-11.151988983154297,9.902571678161621,21.054560661315918,-11.343165397644043,9.489556312561035,20.832721710205078,1.0834118127822876,2.020578145980835,0.9371663331985474,4.848205594999854,0.5482633020001231,0.3395457630003875,5.7360146600003645,THE ORDER OF THE DAY WAS LITERALLY AS FAR AS COLORED MEN WERE CONCERNED NO RIGHTS WHICH WHITE MEN WERE BOUND TO RESPECT CHASKEY BROWN WM HENRY WASHINGTON JAMES ALFRED FRISLEY,"The order of the day was literally as far as color's men were concerned, no rights which white men were about to respect. Chaskey Brown, William Henry Washington, James Alfred Frizzley."
81,mic_fileid_81_doa193_3spk.wav,text_fileid_81_doa193_spk3.txt,193,193,0.0,3,clean_fileid_81_doa193_spk3.wav,0.0,0,35,-8.121475219726562,11.644380569458008,19.76585578918457,-8.253398895263672,11.395920753479004,19.649319648742676,1.0877630710601807,2.6018919944763184,1.5141289234161377,3.9536899130002894,0.30358010700001614,0.37713625100013815,4.634406271000444,SO THEN THAT THE TURTLE AND THE PIECE OF ALABASTER MAY HAVE HAD FAR DIFFERENT ORIGINS FROM DIFFERENT WORLDS PERHAPS HAVE ENTERED A REGION OF SUSPENSION OVER THIS EARTH WAFTING NEAR EACH OTHER LONG DURATION,"So then, that the turtle and the piece of alabaster may have had far different origins, from different worlds perhaps, have entered a region of suspension over this earth, wafting near each other, long duration."
82,mic_fileid_82_doa355_3spk.wav,text_fileid_82_doa355_spk3.txt,355,355,0.0,3,clean_fileid_82_doa355_spk3.wav,0.35714285714285715,10,28,-14.015290260314941,7.268645286560059,21.283935546875,-14.204883575439453,6.730573654174805,20.935457229614258,1.1046324968338013,1.605492115020752,0.5008596181869507,4.403480304000368,0.7139462680001998,0.3187044139999671,5.436130986000535,AND A COUPLE WERE IN THE BIG POCKET WHERE THEY HAD SPENT THEIR BABYHOOD WE ALL DONE THOUGHT WE'D COME TO SCHOOL EXPLAINED UNC BILLY WITH A GRIN,Any couple were in the big pocket where they had their baby with. We all done thought we'd come to school. Explained unfairly to that friend.
83,mic_fileid_83_doa197_3spk.wav,text_fileid_83_doa197_spk3.txt,197,197,0.0,3,clean_fileid_83_doa197_spk3.wav,0.21212121212121213,7,33,-10.770142555236816,8.598697662353516,19.368840217590332,-10.92094612121582,8.347577095031738,19.26852321624756,1.052825689315796,1.9389009475708008,0.8860752582550049,4.559973897000418,0.4245951220000279,0.3695077490001495,5.354076768000596,THAT THEY SO SELDOM ERR AS THEY DO BESET AS THEY CONTINUALLY ARE BY THE WILES OF PARASITES AND SYCOPHANTS BY THE SNARES OF THE AMBITIOUS THE AVARICIOUS THE DESPERATE BY THE ARTIFICES,that they so seldom err as they do be sent as they continue an hour by the wiles of parasites and sycophants by the snares of the ambitious the aberritious the desperate by the artificies
84,mic_fileid_84_doa122_3spk.wav,text_fileid_84_doa122_spk3.txt,122,122,0.0,3,clean_fileid_84_doa122_spk3.wav,0.04081632653061224,2,49,-7.060673236846924,11.923624038696289,18.984297275543213,-7.1237030029296875,11.623067855834961,18.74677085876465,1.112315058708191,3.0198824405670166,1.9075673818588257,5.356076591000146,0.4477566900000056,0.5373914880001394,6.341224769000291,THEY ARE EXCELLENT MIMICS AS OFTEN AS WE COUGHED OR YAWNED OR MADE ANY ODD MOTION THEY IMMEDIATELY IMITATED US SOME OF OUR PARTY BEGAN TO SQUINT AND LOOK AWRY BUT ONE OF THE YOUNG FUEGIANS WHOSE WHOLE FACE WAS PAINTED BLACK EXCEPTING A WHITE BAND ACROSS HIS EYES,"They are excellent mimics. As often as we coughed, or yawned, or made any odd motion, they immediately imitated us. Some of our party began to squint and look awry, but one of the young Fuygames, whose whole face was painted black, accepting a white band across his eyes."
85,mic_fileid_85_doa23_3spk.wav,text_fileid_85_doa23_spk3.txt,23,23,0.0,3,clean_fileid_85_doa23_spk3.wav,0.05405405405405406,2,37,-8.306011199951172,13.062617301940918,21.36862850189209,-8.378785133361816,12.709915161132812,21.08870029449463,1.0482094287872314,2.880708694458008,1.8324992656707764,4.718846764000318,0.31914021400007186,0.36058511199962595,5.398572090000016,SINCE THEN I HAVE BEEN OBLIGED TO FEED UPON THE CORPSES OF THE PEOPLE WHO DIE IN THIS DISTRICT EVERY ONE OF THEM I MUST DEVOUR IN THE WAY THAT YOU SAW LAST NIGHT NOW REVEREND SIR,"Since then I have been no obliged to feed upon the corpses of the people who die in this district. Every one of them I must devour in the way that you saw last night. Now reverence, sir."
86,mic_fileid_86_doa193_3spk.wav,text_fileid_86_doa193_spk3.txt,193,193,0.0,3,clean_fileid_86_doa193_spk3.wav,0.16666666666666666,7,42,-7.531402587890625,11.457812309265137,18.98921489715576,-7.585301399230957,10.835649490356445,18.420950889587402,1.039629578590393,2.3513381481170654,1.3117085695266724,4.747417669999777,0.4734634470000856,0.42648356800009424,5.647364684999957,AS HE HAD DISGRACED HIS POSITION AS A HATAMOTO BY CONTRACTING AN ALLIANCE WITH THE DAUGHTER OF AN ETA HIS PROPERTY SHOULD BE CONFISCATED HIS FAMILY BLOTTED OUT AND HIMSELF BANISHED AS FOR KIHACHI THE ETA CHIEF AND HIS DAUGHTER O KOYO,"As he had disgraced his position as a hatomoto by contracting an alliance with the daughter of an Eta, his property should be confiscated, his family bluffed out and himself vanished. As Rikiachi, the Eta chief, and his daughter Okoyo."
87,mic_fileid_87_doa359_3spk.wav,text_fileid_87_doa359_spk3.txt,359,359,0.0,3,clean_fileid_87_doa359_spk3.wav,0.06666666666666667,3,45,-6.752837181091309,8.632851600646973,15.385688781738281,-6.87892484664917,8.421835899353027,15.300760746002197,1.05980384349823,2.231147527694702,1.1713436841964722,4.803543094999895,0.44473282899980404,0.46694120899974223,5.715217132999442,AND THOSE WHO WERE TO BE CALLED ON TO GIVE EVIDENCE OCCUPIED CHAIRS TO ONE SIDE OF THE TABLE BEHIND WHICH THE CORONER SAT WHILE THE JURY IN DOUBLE ROW WITH PLASTERED HAIR AND A SPURIOUS EASE OF MANNER FLANKED HIM ON THE OTHER SIDE,"And those who were to be called on to give evidence occupied chairs to one side of the table, the nine-bridge, the coroner sat, while jury, in double row, with plastered hair and a spurious ease of manner, flanked him on the other side."
88,mic_fileid_88_doa346_3spk.wav,text_fileid_88_doa346_spk3.txt,346,346,0.0,3,clean_fileid_88_doa346_spk3.wav,0.03225806451612903,1,31,-10.976941108703613,11.123744010925293,22.100685119628906,-11.094797134399414,10.738151550292969,21.832948684692383,1.0602236986160278,2.416006565093994,1.3557828664779663,4.352150829000038,0.4379876000002696,0.3407356660000005,5.130874095000308,THE PRISONER UTTERED NOT A SYLLABLE AFTER A PAUSE THENARDIER CONTINUED IT'S VERY SIMPLE AS YOU SEE THERE'LL BE NO HARM DONE UNLESS YOU WISH THAT THERE SHOULD BE HARM DONE,"The prisoner uttered not a syllable. After a pause, Tnardie continued, It's very simple as you see. There'll be no harm done unless you wish that there should be harm done."
89,mic_fileid_89_doa277_3spk.wav,text_fileid_89_doa277_spk3.txt,277,277,0.0,3,clean_fileid_89_doa277_spk3.wav,0.03225806451612903,1,31,-8.241228103637695,11.653786659240723,19.895014762878418,-8.358871459960938,10.906685829162598,19.265557289123535,1.09147310256958,2.5574493408203125,1.4659762382507324,4.801848599000095,0.43296220799993534,0.3052968140000303,5.540107621000061,WHICH IS IN THE FIRST PLACE TO HAVE CARE OF OUR OWN PRESERVATION TO LOOK FIRST TO OURSELVES FOR THEREFORE DOTH THE PHYSICIAN INTERMIT THE PRESENT CARE OF BRAIN OR LIVER,"which is in the first place, to have care of our own preservation, to look first to ourselves, for therefore doth the physician intimate the present care of brain or liver."
90,mic_fileid_90_doa49_3spk.wav,text_fileid_90_doa49_spk3.txt,49,49,0.0,3,clean_fileid_90_doa49_spk3.wav,0.0,0,30,-7.9438629150390625,11.150351524353027,19.09421443939209,-8.012579917907715,10.993962287902832,19.006542205810547,1.1290559768676758,1.6584011316299438,0.5293451547622681,4.37913811099952,0.31847479499992914,0.31556880199968873,5.013181707999138,BUT IMITATING US ONLY IN THINGS MATERIAL THINGS SPIRITUAL CANNOT BE IMITATED THEY MUST BE FELT AND LIVED WOVEN INTO THE VERY FABRIC OF LIFE AND HERE THE JAPANESE FAILS,"but imitating us only in things material. Things spiritual cannot be imitated. They must be felt and lived, woven into the very fabric of life, and here the Japanese fails."
91,mic_fileid_91_doa65_3spk.wav,text_fileid_91_doa65_spk3.txt,65,65,0.0,3,clean_fileid_91_doa65_spk3.wav,0.0,0,39,-8.313830375671387,11.647552490234375,19.96138286590576,-8.4054594039917,11.333881378173828,19.739340782165527,1.0563302040100098,2.4890124797821045,1.4326822757720947,3.295190455000011,0.3644340729997566,0.3717898019999666,4.031414329999734,AND SO YOUNG DAVID WENT TO LIVE IN THE BENTLEY FARMHOUSE WITH JESSE TWO OF THE OLD FARMER'S SISTERS WERE ALIVE AND STILL LIVED IN THE HOUSE THEY WERE AFRAID OF JESSE AND RARELY SPOKE WHEN HE WAS ABOUT,"And so, young David went to live in the Bentley farmhouse with Jesse. Two of the old farmer's sisters were alive and still lived in the house. They were afraid of Jesse and rarely spoke when he was about."
92,mic_fileid_92_doa224_3spk.wav,text_fileid_92_doa224_spk3.txt,224,224,0.0,3,clean_fileid_92_doa224_spk3.wav,0.19444444444444445,7,36,-7.533915996551514,5.462836742401123,12.996752738952637,-7.5650739669799805,5.0911664962768555,12.656240463256836,1.0708990097045898,1.7336567640304565,0.6627577543258667,5.039694380000128,0.5730070039999191,0.360042304000217,5.972743688000264,THEY SHONE FROM HER WHITE FACE NOT PHOSPHORESCENT NOT MERELY LUCENT AND LIGHT REFLECTING BUT AS THOUGH THEY THEMSELVES WERE SOURCES OF THE COLD WHITE FLAMES OF FAR STARS AND AS CALM AS THOSE STARS THEMSELVES,"They've shown from her white face, not fosque-resent, not merely loosened and reflecting, but as though they themselves are sources of the cold white flames of far stars, and as calm as the stars themselves."
93,mic_fileid_93_doa179_3spk.wav,text_fileid_93_doa179_spk3.txt,179,179,0.0,3,clean_fileid_93_doa179_spk3.wav,0.03333333333333333,1,30,-8.804096221923828,12.018787384033203,20.82288360595703,-8.964795112609863,11.78323745727539,20.748032569885254,1.0676904916763306,2.521496057510376,1.4538055658340454,4.5859975929997745,0.5247021180002776,0.3762419069998941,5.486941617999946,HER BIG FACE DOTTED WITH RED BLOTCHES PRESENTED THE APPEARANCE OF A SKIMMER SHE HAD A BEARD SHE WAS AN IDEAL MARKET PORTER DRESSED IN WOMAN'S CLOTHES SHE SWORE SPLENDIDLY,"Her big face, dotted with red blotches, presented the appearance of a skimmer. She had a beard. She was an ideal market porter dressed in women's clothes. She swore splendidly."
94,mic_fileid_94_doa202_3spk.wav,text_fileid_94_doa202_spk3.txt,202,202,0.0,3,clean_fileid_94_doa202_spk3.wav,0.13333333333333333,4,30,-6.9542555809021,11.75447940826416,18.70873498916626,-7.000816345214844,11.32937240600586,18.330188751220703,1.1825013160705566,2.45841646194458,1.2759151458740234,3.8264948010000808,0.40178680600001826,0.3023987719998331,4.530680378999932,BY THIS TIME THE DOCTOR HAD PICKED HIMSELF UP AND ON THEY WENT AGAIN RUNNING AND RUNNING AND CHEE CHEE SHOUTED IT'S ALL RIGHT WE HAVEN'T FAR TO GO NOW,"By this time the doctor had picked himself up, and on they went again, running and running. And Chichi shouted, It's alright, we haven't far to go now."
95,mic_fileid_95_doa59_3spk.wav,text_fileid_95_doa59_spk3.txt,59,59,0.0,3,clean_fileid_95_doa59_spk3.wav,0.15789473684210525,6,38,-8.159890174865723,12.459183692932129,20.61907386779785,-8.331493377685547,12.142261505126953,20.4737548828125,1.1215428113937378,2.2568681240081787,1.135325312614441,4.539182727000025,0.3512203240002236,0.48104447600007916,5.371447527000328,WHAT'S TO DO HESTER SAID HE SHE LIFTED UP THOSE EYES USUALLY SO SOFT AND SERENE NOW THEY WERE FULL OF THE LIGHT OF INDIGNATION SHINING THROUGH TEARS TO DO SHE SAID COULSON I'D THOUGHT BETTER OF THEE,"What's to do with that, said thee. She lifted up those eyes, usually so soft and serene, now they were full of the light of indignation shining from tears. To do, she said, Khausi, I thought better of thee."
96,mic_fileid_96_doa357_3spk.wav,text_fileid_96_doa357_spk3.txt,357,357,0.0,3,clean_fileid_96_doa357_spk3.wav,0.0,0,39,-8.113360404968262,11.220187187194824,19.333547592163086,-8.163373947143555,10.909205436706543,19.072579383850098,1.0857656002044678,2.4190380573272705,1.3332724571228027,5.060341323000102,0.5314243480002006,0.3836991090001902,5.975464780000493,IF I TEACH THEM TO KNOW AND LOVE HIM AS A FATHER HE WILL WATCH OVER MY SON IT WAS A CUSTOM OF THE TIME ON THE FEASTS OF SAINTS AND MARTYRS TO MAKE A PILGRIMAGE TO THEIR TOMBS,"If I teach them to know and love him as a father, he will watch over my son. It was a custom of the time on the Feasts of Saints and Martyrs to make a pilgrimage to their tombs."
97,mic_fileid_97_doa322_3spk.wav,text_fileid_97_doa322_spk3.txt,322,322,0.0,3,clean_fileid_97_doa322_spk3.wav,0.04081632653061224,2,49,-5.875795841217041,12.301980972290039,18.17777681350708,-5.919732570648193,12.109819412231445,18.02955198287964,1.0749166011810303,2.7599620819091797,1.6850454807281494,4.772897734999788,0.46016091399997094,0.44306386800008113,5.67612251699984,ONLY WISH TO WARN YOU THAT YOU ARE TO TAKE INTO CONSIDERATION NOT THE EXACT TERMS OF THE DREAM BUT THE MEANING THEREOF ACCORDING TO ITS INTERPRETATION IT MAY HAPPEN THAT THE MANIFEST DREAM OF THE DEATH OF SOME LOVED PERSON HAS ONLY MADE USE OF SOME FRIGHTFUL MASK,"only wish to warn you that you are to take into consideration not the exact terms of the dream, the meaning thereof according to its interpretation. It may happen that the manifest dream of the death of some beloved person has only made use of some frightful mask."
98,mic_fileid_98_doa274_3spk.wav,text_fileid_98_doa274_spk3.txt,274,274,0.0,3,clean_fileid_98_doa274_spk3.wav,0.05263157894736842,2,38,-9.245915412902832,9.28381061553955,18.529726028442383,-9.380561828613281,8.929515838623047,18.310077667236328,1.0496461391448975,2.273422956466675,1.2237768173217773,4.560895742999946,0.4339675219998753,0.4437354100000448,5.4385986749998665,OUR ENGINES OF PRODUCTION AND DESTRUCTION HE HAS MADE HIS WHAT WAS ONCE SOLELY OURS HE NOW DUPLICATES RIVALLING OUR MERCHANTS IN THE COMMERCE OF THE EAST THRASHING THE RUSSIAN ON SEA AND LAND A MARVELLOUS IMITATOR TRULY,"Our engines of production and destruction he has made his. What was once solely ours, he now duplicates, rivaling our merchants in the commerce of the east, thrashing the Russian on sea and land. A marvelous imitator truly."
99,mic_fileid_99_doa295_3spk.wav,text_fileid_99_doa295_spk3.txt,295,295,0.0,3,clean_fileid_99_doa295_spk3.wav,0.07407407407407407,2,27,-9.324152946472168,13.00150203704834,22.325654983520508,-9.402099609375,12.66392707824707,22.06602668762207,1.2140041589736938,2.433889389038086,1.219885230064392,4.820446304000143,0.5318103919998975,0.2816731860002619,5.633929882000302,THIS MORNING BROUGHT WITH HIM NEW THOUGHTS THROUGH THAT GREY COUNTRY THOUGHTS WHICH GAVE AN ALTERED SIGNIFICANCE TO ITS STORY OF THE PAST THAT IS A BASE,"This morning brought with him new thoughts through the great country, thoughts which gave an altered significance to its story of the past. That is a base."
100,mic_fileid_100_doa135_3spk.wav,text_fileid_100_doa135_spk3.txt,135,135,0.0,3,clean_fileid_100_doa135_spk3.wav,0.16,4,25,-7.304752826690674,16.57886505126953,23.883617877960205,-7.504663944244385,16.214019775390625,23.71868371963501,1.0677210092544556,2.730062484741211,1.6623414754867554,3.891593816000295,0.26408577299980607,0.2769702650002728,4.432649854000374,BROUGHT WITHIN THE REACH OF THE GENERAL PUBLIC A KNOWLEDGE OF THE WHOLE SOCIAL LIFE OF ANCIENT IRELAND P W J LYRE NA GRENA FEBRUARY,"brought within the reach of the general public, a knowledge of the whole social life of ancient Ireland. PWJ, Lair na Grena, February."
101,mic_fileid_101_doa238_3spk.wav,text_fileid_101_doa238_spk3.txt,238,238,0.0,3,clean_fileid_101_doa238_spk3.wav,0.030303030303030304,1,33,-10.200969696044922,8.108514785766602,18.309484481811523,-10.411871910095215,7.550793170928955,17.96266508102417,1.050806999206543,2.0530409812927246,1.0022339820861816,4.730298072999631,0.47256920200015884,0.3655434489996878,5.568410723999477,THE CHINESE IS THE PERFECT TYPE OF INDUSTRY FOR SHEER WORK NO WORKER IN THE WORLD CAN COMPARE WITH HIM WORK IS THE BREATH OF HIS NOSTRILS IT IS HIS SOLUTION OF EXISTENCE,"The Chinese is the perfect type of industry. For sheer work, no worker in the world can compare with him. Work is the breath of his nostrils. It is the solution of existence."
102,mic_fileid_102_doa244_3spk.wav,text_fileid_102_doa244_spk3.txt,244,244,0.0,3,clean_fileid_102_doa244_spk3.wav,0.08333333333333333,3,36,-4.476989269256592,8.707075119018555,13.184064388275146,-4.494966983795166,8.589624404907227,13.084591388702393,1.1551724672317505,2.000770330429077,0.8455978631973267,4.788335920000463,0.38146176399959586,0.39097394400005214,5.560771628000111,CHAPTER SIX HOW SAINT MONICA LIVED IN THE DAYS OF HER WIDOWHOOD AND HOW SHE PUT ALL HER TRUST IN GOD PATRICIUS HAD NOT MUCH IN THE WAY OF WORLDLY GOODS TO LEAVE TO HIS WIFE,"Chapter 6. How St. Monica lived in the days of her widowhood, and how she put all her trust in God. Patricia's had not much in the way of worldly goods to leave to his wife."
103,mic_fileid_103_doa27_3spk.wav,text_fileid_103_doa27_spk3.txt,27,27,0.0,3,clean_fileid_103_doa27_spk3.wav,0.25925925925925924,7,27,-6.179896354675293,8.788008689880371,14.967905044555664,-6.47899866104126,8.349222183227539,14.828220844268799,1.0489627122879028,1.9793586730957031,0.9303959608078003,4.183918987999732,0.408537172999786,0.29745593999996345,4.8899121009994815,OTHERWISE BRIGGS WILL GET NEXT WEEK AND HE WILL HAVE TO WAIT UNTIL SEPTEMBER WHEN THE WEATHER IS OFTEN UNCERTAIN HE IS NATURALLY OF A SANGUINE DISPOSITION,"Otherwise, Hertz will get next week, and he will have to wait until September, when the winners often are uncertain. He is naturally of the same going disposition."
104,mic_fileid_104_doa10_3spk.wav,text_fileid_104_doa10_spk3.txt,10,10,0.0,3,clean_fileid_104_doa10_spk3.wav,0.045454545454545456,2,44,-7.259937286376953,11.10604476928711,18.365982055664062,-7.329884052276611,10.669760704040527,17.99964475631714,1.0562249422073364,1.9384303092956543,0.8822053670883179,4.790254412000195,0.5881518039996081,0.4528351680000924,5.831241383999895,AND HAD AS ITS AIM THE ALTERING OF TEACHING THAT WAS HUMAN NOT FAITH THAT WAS OF GOD HE DID NOT WORK LIKE THE GERMAN MONK BY REASONING BUT BY ENTHUSIASM WITH HIM LOGIC ALWAYS GAVE WAY BEFORE INSPIRATION HE WAS NOT A THEOLOGIAN,"and had as its aim the altering of teaching that is human, not faith that was of God. He did not work by the German monk, by reasoning, but by enthusiasm. With him, logic always gave way before inspiration. He was not a theologian."
105,mic_fileid_105_doa49_3spk.wav,text_fileid_105_doa49_spk3.txt,49,49,0.0,3,clean_fileid_105_doa49_spk3.wav,0.17777777777777778,8,45,-9.41213321685791,10.785991668701172,20.198124885559082,-9.529787063598633,10.45793628692627,19.987723350524902,1.0351390838623047,2.3552775382995605,1.3201384544372559,4.392480950999925,0.390016758999991,0.43615906700006235,5.218656776999978,AND KEEPING EM WITH THEIR HANDS ON THEIR HIPS LISTENING TO ALL MANNER O GOSSIP WHEN THEY SHOULD BE DOWN ON THEIR KNEES A SCOURING IF WE'RE TO GO TO RUIN IT SHANNA BE WI HAVING OUR BACK KITCHEN TURNED INTO A PUBLIC WELL POYSER,"and keeping them with their hands on their hips listening to all the manner of gossip when they should be down on their knees as power. If we're to go to ruin, it shan't be with having our back kitchen turned into a public. Well, poiser."
106,mic_fileid_106_doa79_3spk.wav,text_fileid_106_doa79_spk3.txt,79,79,0.0,3,clean_fileid_106_doa79_spk3.wav,0.0,0,38,-5.005526542663574,11.257095336914062,16.262621879577637,-5.052725791931152,11.02123737335205,16.073963165283203,1.0970485210418701,2.7242743968963623,1.6272258758544922,4.758857122999871,0.3100416319998658,0.36452834800002165,5.433427102999758,OH IT GIVES A FELLOW A CHANCE TO SHOW WHAT KIND OF STUFF HE'S MADE OF EXPLAINED PHILIP WHETHER HE HAS GOOD MANNERS AND WHETHER HE'S CLEVER AND ALL THAT THERE MUST BE BETTER WAYS OF SHOWING BRAVERY,"Oh, it gives a fellow a chance to show what kind of stuff he's made of, explained Philip, whether he has good manners and whether he's clever and all that. There must be better ways of showing bravery."
107,mic_fileid_107_doa308_3spk.wav,text_fileid_107_doa308_spk3.txt,308,308,0.0,3,clean_fileid_107_doa308_spk3.wav,0.0,0,38,-10.011251449584961,12.028813362121582,22.040064811706543,-10.103271484375,11.807069778442383,21.910341262817383,1.1561180353164673,2.7395339012145996,1.5834158658981323,4.576156720999279,0.44572298899993257,0.40382957500014527,5.425709284999357,WOULD PROBABLY HAVE FELT THE EDGE OF THAT CUTLASS DESCENDING RAPIDLY THROUGH HIS PHYSICAL ORGANISM HE WAS A MAN WHO INSISTED UPON BEING OBEYED AND IF ANY ONE OF HIS CREW BEHAVED IMPROPERLY OR WAS EVEN FOUND IDLE,"would probably have felt the edge of that cutlass descending rapidly through his physical organism. He was a man who insisted upon being obeyed, and if any one of his crew behaved improperly, or was even found idle."
108,mic_fileid_108_doa236_3spk.wav,text_fileid_108_doa236_spk3.txt,236,236,0.0,3,clean_fileid_108_doa236_spk3.wav,0.0,0,35,-7.311794281005859,12.759943008422852,20.07173728942871,-7.414237022399902,12.394201278686523,19.808438301086426,1.0560632944107056,2.5614287853240967,1.5053654909133911,4.132361523000327,0.43623731800016685,0.35283080799990785,4.921429649000402,AND DROVE THE BLOOD FROM THEIR FACES TO THEIR HEARTS WITH A CHILL THAT NEARLY ANNIHILATED FEELING A MAN WHOSE COLOSSAL STATURE MANIFESTED THE POSSESSION OF VAST STRENGTH ENTERED THE ROOM AND REMOVING HIS CAP,"and drove the blood from their faces to their hearts with a chill that nearly annihilated feeling. A man whose colossal stature manifested the possession of vast strength entered the room, and removing his cap,"
109,mic_fileid_109_doa355_3spk.wav,text_fileid_109_doa355_spk3.txt,355,355,0.0,3,clean_fileid_109_doa355_spk3.wav,0.2972972972972973,11,37,-9.874309539794922,11.704952239990234,21.579261779785156,-9.97693920135498,11.365470886230469,21.34241008758545,1.0619513988494873,2.142810821533203,1.0808594226837158,4.947241600999405,0.5987164479997773,0.3639048710001589,5.909862919999341,WHERE HE ROYALLY ENTERTAINED ME AND MY ANIMALS THE PAGEANT THAT CELEBRATED THE DEPARTURE OF WILLIAM MC KINLEY TO THE SEAT OF GOVERNMENT WAS A FAIR ESTIMATE OF THE REGARD IN WHICH HIS FELLOW CITIZENS HELD HIM,where he ran and entertained the angry animal. The pageant that celebrated the departure of William the Kingly to the stealer government was a fair estimate for the regard in which his fellow citizens held him.
110,mic_fileid_110_doa116_3spk.wav,text_fileid_110_doa116_spk3.txt,116,116,0.0,3,clean_fileid_110_doa116_spk3.wav,0.029411764705882353,1,34,-9.642012596130371,9.613049507141113,19.255062103271484,-10.025835990905762,9.189179420471191,19.215015411376953,1.07060706615448,2.495283842086792,1.424676775932312,2.4993748509996294,0.3138589279997177,0.342480266000166,3.155714044999513,WE HAVE A LONG TRIP BEFORE US LIEUTENANT MACKINSON INFORMED THEM AND WE LEAVE HERE ON A SPECIAL TRAIN IN TWO HOURS IN A SHORT TIME WE WILL BE IN THE THICK OF IT,We have a long trip before us Lieutenant Mackensen informed them and we leave here on a special train in two hours. In a short time we will be in the thick of it.
111,mic_fileid_111_doa38_3spk.wav,text_fileid_111_doa38_spk3.txt,38,38,0.0,3,clean_fileid_111_doa38_spk3.wav,0.0,0,47,-7.058789253234863,10.196208953857422,17.254998207092285,-7.175597190856934,9.758805274963379,16.934402465820312,1.0569260120391846,2.69885516166687,1.6419291496276855,4.78357529799996,0.5843159849996482,0.44503184599989254,5.8129231289995005,AND WITH DIFFICULTY EFFORT AND STRESS LIKE THE OPENING OF A DOOR GROWN RUSTY ON ITS HINGES A SMILE APPEARED ON THE FACE WITH THE ATTENTIVE EYES AND FROM THAT OPENING DOOR CAME A BREATH OF FRAGRANCE WHICH SUFFUSED PIERRE WITH A HAPPINESS HE HAD LONG FORGOTTEN,"And with difficulty, effort, and stress, like the opening of a door grown rusty on its hinges, a smile appeared on the face with the attentive eyes, and from that opening door came a breath of fragrance which suffused Pierre with a happiness he had long forgotten."
112,mic_fileid_112_doa299_3spk.wav,text_fileid_112_doa299_spk3.txt,299,299,0.0,3,clean_fileid_112_doa299_spk3.wav,0.09090909090909091,4,44,-5.715555667877197,12.06806755065918,17.783623218536377,-5.766580104827881,11.812810897827148,17.57939100265503,1.0760362148284912,2.621595621109009,1.5455594062805176,4.943121396000151,0.48532729799990193,0.43446851399994557,5.862917207999999,WHO WAS STANDING IN THE WAITING ROOM AND WHO WAS INTRODUCED INTO DANGLARS ROOM AS SOON AS THE COUNT HAD LEFT THE COUNT'S SAD FACE WAS ILLUMINED BY A FAINT SMILE AS HE NOTICED THE PORTFOLIO WHICH THE RECEIVER GENERAL HELD IN HIS HAND,"who was standing in the waiting room, and who was introduced into Dengua's room as soon as the count had left. The count's sad face was lubed by a faint smile as he noticed the portfolio which the receiver-general held in his hand."
113,mic_fileid_113_doa12_3spk.wav,text_fileid_113_doa12_spk3.txt,12,12,0.0,3,clean_fileid_113_doa12_spk3.wav,0.23076923076923078,9,39,-8.298093795776367,11.651376724243164,19.94947052001953,-8.396233558654785,10.80672836303711,19.202961921691895,1.0288044214248657,2.402924060821533,1.3741196393966675,4.401759362000121,0.36503939699969123,0.3725128539999787,5.139311612999791,AND OUR GLORIOUS MORNING IN THE SKY PROMISED NOTHING BUT ENJOYMENT AT NINE A M THE DRY THERMOMETER STOOD AT THIRTY FOUR DEGREES IN THE SHADE AND ROSE STEADILY UNTIL AT ONE P M IT STOOD AT FIFTY DEGREES,And our glorious morning in the sky promised nothing but enjoyment. At 9 a.m. the dry thermometer stood at 34 degrees in the shade and rose steadily until at 1 p.m. it stood at 50 degrees.
114,mic_fileid_114_doa353_3spk.wav,text_fileid_114_doa353_spk3.txt,353,353,0.0,3,clean_fileid_114_doa353_spk3.wav,0.07407407407407407,2,27,-9.656915664672852,10.353707313537598,20.01062297821045,-9.805344581604004,9.813994407653809,19.619338989257812,1.0595035552978516,2.353240728378296,1.2937371730804443,4.6973411490002945,0.27384826599973167,0.3011007629997948,5.272290177999821,AND WIPED THE WARM BLOOD OFF HIS HAND ONTO HIS COAT PERHAPS THE JACKALS SCENT THEM AND WITH DISSATISFIED FACES GO OFF IN ANOTHER DIRECTION ABOVE ME,"and wipe the warm blood off his hand onto his coat. Perhaps the jackals sent them, and with dissatisfied faces go off in another direction, above me."
115,mic_fileid_115_doa10_3spk.wav,text_fileid_115_doa10_spk3.txt,10,10,0.0,3,clean_fileid_115_doa10_spk3.wav,0.13953488372093023,6,43,-5.987838268280029,15.248733520507812,21.236571788787842,-6.085490703582764,15.137922286987305,21.22341299057007,1.0436186790466309,3.0817267894744873,2.0381081104278564,4.35795148499983,0.33434678300000087,0.4203027389999079,5.112601006999739,IT WAS A DIFFICULT AND TEDIOUS WORK TO MAKE A LONG COATED HUNTER DRY AND COMFORTABLE AND WAS OFTEN VERY IMPERFECTLY DONE OF COURSE SUCH THINGS WERE NOT PRACTISED BY THOSE WHO HAD GAMEKEEPERS AND STUD GROOMS AND PLENTY OF WELL TRAINED SERVANTS,"It was a difficult and tedious work to make a long-coded hunter dry and comfortable, and was often very perfectly done. Of course, such things were not practiced by those who had gamekeepers and stud grooms and plenty of well-trained servants."
116,mic_fileid_116_doa145_3spk.wav,text_fileid_116_doa145_spk3.txt,145,145,0.0,3,clean_fileid_116_doa145_spk3.wav,0.225,9,40,-10.091224670410156,9.314471244812012,19.405695915222168,-10.349113464355469,8.805228233337402,19.15434169769287,1.14229154586792,1.9146947860717773,0.7724032402038574,4.284905077000076,0.5007854559999032,0.4388151360003576,5.224505669000337,IT'S OUR LUCK T GIT LICKED OFTEN SAID HIS FRIEND IN A WEARY TONE HE WAS TRUDGING ALONG WITH STOOPED SHOULDERS AND SHIFTING EYES LIKE A MAN WHO HAS BEEN CANED AND KICKED WELL DON'T WE FIGHT LIKE THE DEVIL,"It's our luck to get licked off it, said his friend in a weary tone. He was trudging along, stooped shoulders and shifting arms like a man who's been caved and kicked. Well, don't we fight like the devil?"
117,mic_fileid_117_doa357_3spk.wav,text_fileid_117_doa357_spk3.txt,357,357,0.0,3,clean_fileid_117_doa357_spk3.wav,0.1388888888888889,5,36,-5.988326072692871,12.621968269348145,18.610294342041016,-6.052822589874268,11.91937255859375,17.972195148468018,1.0471522808074951,2.699273109436035,1.65212082862854,4.152303851000397,0.365304260999892,0.37000151299980644,4.8876096250000955,AND BY A VOTE OF SIX TO FIVE DECIDED TO REPORT FAVORABLY ON THE RESOLUTION PROVIDING FOR A WOMAN SUFFRAGE COMMITTEE IN THE HOUSE AFTER ALL PENDING WAR MEASURES HAVE BEEN DISPOSED OF BEFORE THE MEETING,"And by a vote of 6-5, decided to report favorably on the resolution, providing for a woman's suffrage committee in the House, after all pending measures have been disposed of. Before the meeting."
118,mic_fileid_118_doa22_3spk.wav,text_fileid_118_doa22_spk3.txt,22,22,0.0,3,clean_fileid_118_doa22_spk3.wav,0.20454545454545456,9,44,-9.5833158493042,10.243897438049316,19.827213287353516,-9.764091491699219,9.962841033935547,19.726932525634766,1.0533617734909058,2.1904709339141846,1.1371091604232788,4.173263000999668,0.41974776799997926,0.5006216739998308,5.093632442999478,THE TROUBLE IS I'VE GOT THINGS THE MATTER WITH MY CONSCIENCE SOBBED ANNE OH THIS HAS BEEN SUCH A JONAH DAY MARILLA I'M SO ASHAMED OF MYSELF I LOST MY TEMPER AND WHIPPED ANTHONY PYE I'M GLAD TO HEAR IT SAID MARILLA WITH DECISION,"The trouble is I thought things would matter with my conscience, Sobdan. Oh, this has been such a joan and day, Marilla. I'm so ashamed of myself. I lost my temper and whipped Anthony Pie. I'm glad to hear it, Marilla, with decision."
119,mic_fileid_119_doa239_3spk.wav,text_fileid_119_doa239_spk3.txt,239,239,0.0,3,clean_fileid_119_doa239_spk3.wav,0.45,18,40,-10.503466606140137,6.851508617401123,17.35497522354126,-10.663774490356445,6.544809818267822,17.208584308624268,1.2942445278167725,1.331831455230713,0.03758692741394043,4.527418010000019,1.1382681290001528,0.41056162199993196,6.076247761000104,THOUGH THEY HAD SEEN FIT WITH THE MYSTERIOUS RESERVE SO COMMON AMONG THE NATIVES TO WITHHOLD THEIR ASSISTANCE AT THE MOMENT WHEN IT WAS MOST REQUIRED THE FRENCH HAD ACCOUNTED FOR THIS UNEXPECTED DEFECTION ON THE PART OF THEIR ALLY,"The update had some bit, within this two weeks of zero-star combat on Martin Lagos, but who pulled their assistance at the moment when it was most required? The French had accounted for this unexpected defection on the part of the ally."
120,mic_fileid_120_doa302_3spk.wav,text_fileid_120_doa302_spk3.txt,302,302,0.0,3,clean_fileid_120_doa302_spk3.wav,0.1875,6,32,-6.645547389984131,10.18559455871582,16.83114194869995,-6.719797134399414,9.792525291442871,16.512322425842285,1.1077861785888672,2.552480936050415,1.4446947574615479,4.787152610000248,0.30977392300019346,0.3174531529998603,5.414379686000302,I SHOULD WISH ALSO THAT SUCH PERSONS WERE CAREFULLY SHOWN THE ELEVEN PELLICLES WHICH LIKE SO MANY SMALL VALVES OPEN AND SHUT THE FOUR ORIFICES THAT ARE IN THESE TWO CAVITIES VIZ,"I should wish also that such persons were carefully shown the 11 pellicles which, like so many small vows, open and shut for orifices that are these two cavities vis-"
121,mic_fileid_121_doa180_3spk.wav,text_fileid_121_doa180_spk3.txt,180,180,0.0,3,clean_fileid_121_doa180_spk3.wav,0.23076923076923078,9,39,-7.286068916320801,8.024418830871582,15.310487747192383,-7.3818440437316895,7.62994384765625,15.01178789138794,1.0619899034500122,1.993701457977295,0.9317115545272827,4.268238126999677,0.35074396500021976,0.5619348669997635,5.18091695899966,AND CAN'T LOOK AFTER YOU JUST NOW SAID THEIR MOTHER ONE DAY YES MA'AM CHIRPED THE CHICKENS AND THEN AS SHE WENT RUSTLING INTO THE HAY MOW THEY BEGAN TO RUN ABOUT AND ENJOY THEMSELVES WITH ALL THEIR MIGHT,"I can't look after you just now,"" said their mother-in-law. Yes, ma'am, chirp, chicken. And then as she went rustling into the hay mower, they began to run about and enjoy themselves all their might."
122,mic_fileid_122_doa14_3spk.wav,text_fileid_122_doa14_spk3.txt,14,14,0.0,3,clean_fileid_122_doa14_spk3.wav,0.023809523809523808,1,42,-4.243801116943359,15.392912864685059,19.636713981628418,-4.265653610229492,15.268548965454102,19.534202575683594,1.0810531377792358,3.2260384559631348,2.144985318183899,4.635513055000047,0.42647473299984995,0.3828687630002605,5.444856551000157,THE REALISATION OF WHAT HE WAS OF HIS FOULNESS AND DEGRADATION SEEMED JUST TO HAVE COME TO HIM FULLY YOU MADE ME WHAT I AM AND THEN YOU SENT ME AWAY YOU LET ME COME BACK AND NOW YOU PUT ME OUT,"The realization of what he was, of his foulness and degradation, seemed just to have come to him fully. You made me what I am, and then you sent me away. You let me come back, and now you put me out."
123,mic_fileid_123_doa276_3spk.wav,text_fileid_123_doa276_spk3.txt,276,276,0.0,3,clean_fileid_123_doa276_spk3.wav,0.25,10,40,-10.78046989440918,7.408065319061279,18.18853521347046,-10.905694961547852,6.863202095031738,17.76889705657959,1.0639506578445435,1.6908996105194092,0.6269489526748657,4.23135822399945,0.47185149000006277,0.46035419500003627,5.163563908999549,AS MISTER MILL SAYS THE NAME OF GOD IS VEILED UNDER TWO EXTREMELY ABSTRACT PHRASES INFINITE AND THE ABSOLUTE SO PROFOUND AND FRIENDLY A THINKER AS THE LATE MISTER GROTE HELD THIS RAISING OF THE VEIL INEXPEDIENT BUT HE PROVED,"As Mr. Milt says, the name of God is veiled under two extremely abstract braves. The infinite, the absolute. So profound and friendly a thinker is the late Mr. Grope, held this phrasing of the veil inexpeagant, but he proved..."
124,mic_fileid_124_doa62_3spk.wav,text_fileid_124_doa62_spk3.txt,62,62,0.0,3,clean_fileid_124_doa62_spk3.wav,0.11904761904761904,5,42,-7.07998514175415,12.371626853942871,19.45161199569702,-7.225613117218018,12.197309494018555,19.422922611236572,1.095143437385559,2.784132719039917,1.688989281654358,4.589317179999853,0.43709214599994084,0.5068590870000662,5.53326841299986,AND YOU AVENGE YOURSELF BY REVILING ALL OF US IT IS REALLY TOO BAD SHE SAID POUTING LIKE A SPOILED CHILD BY JOVE OLD FELLOW DICK CHIMED IN DO TELL US ABOUT YOUR ROMANCE IT WOULD BE INTERESTING TO KNOW THE REASON,"And you avenge yourself by refiling all of us. It is really too bad,"" she said, pouting like a spoiled child. By a joe volt, Vettel, Dick chimed in, do tell us about your romance. It would be interesting to know the reason."
125,mic_fileid_125_doa343_3spk.wav,text_fileid_125_doa343_spk3.txt,343,343,0.0,3,clean_fileid_125_doa343_spk3.wav,0.04878048780487805,2,41,-5.866959571838379,11.7559232711792,17.622882843017578,-5.891604900360107,11.559518814086914,17.45112371444702,1.168062448501587,2.4603302478790283,1.2922677993774414,4.913767077000557,0.38374595600043904,0.5020680019997599,5.799581035000756,I PARRIED I MEAN A LOT OF THINGS WHAT WE'VE JUST BEEN TALKING ABOUT AND WHAT WAS THE EXCITEMENT YOU WERE IN JUST BEFORE BREAKFAST THIS MORNING EXCITEMENT GREGG YOU MAY TRUST ME FOR THE FIRST TIME SHE WAS WHOLLY SERIOUS,"I heard, I mean a lot of things. What we've just been talking about. And what was the excitement you were in just before breakfast this morning? Excitement? Greg, you may trust me. For the first time, she was wholly serious."
126,mic_fileid_126_doa317_3spk.wav,text_fileid_126_doa317_spk3.txt,317,317,0.0,3,clean_fileid_126_doa317_spk3.wav,0.2972972972972973,11,37,-8.638286590576172,8.24288558959961,16.88117218017578,-8.72603702545166,8.00435733795166,16.73039436340332,1.0689630508422852,1.7005023956298828,0.6315393447875977,3.8551677250002285,0.3862270160002481,0.3942651850002221,4.635659926000699,WHO HAD BEEN AFFLICTED WITH AS SEVERE A BLOW THROUGH HER HUSBAND AND SON EUGENIE SHE SAID TO HERSELF IS LOST AND SO ARE WE THE AFFAIR AS IT WILL BE REPORTED WILL COVER US WITH SHAME,"who had been afflicted the best to be a blow to her husband and son. You should eat, you said to yourself, and lost, and so are we. The affair, as it will be reported, will cover us with shame."
127,mic_fileid_127_doa151_3spk.wav,text_fileid_127_doa151_spk3.txt,151,151,0.0,3,clean_fileid_127_doa151_spk3.wav,0.06666666666666667,2,30,-5.782657623291016,11.452016830444336,17.23467445373535,-5.82350492477417,10.960067749023438,16.783572673797607,1.2330044507980347,2.391533851623535,1.1585294008255005,4.590548681999735,0.7379638830002477,0.35413394199986215,5.682646506999845,SINCE THE REFUSAL WHICH HIS COUSIN HAD STEADFASTLY GIVEN HIM WOULD NATURALLY FLOW FROM HER BASHFUL MODESTY AND THE GENUINE DELICACY OF HER CHARACTER THIS INFORMATION HOWEVER STARTLED MISSUS BENNET,"since the refusal which his cousin had steadfastly given him would naturally flow from her bashful modesty and the genuine delicacy of her character. This information, however, startled Mrs. Bennett."
128,mic_fileid_128_doa219_3spk.wav,text_fileid_128_doa219_spk3.txt,219,219,0.0,3,clean_fileid_128_doa219_spk3.wav,0.0,0,30,-9.957734107971191,10.41138744354248,20.369121551513672,-10.054208755493164,10.092601776123047,20.14681053161621,1.032211184501648,2.499232053756714,1.467020869255066,3.1263762899998255,0.3745263139999224,0.2670421380003063,3.7679447420000542,A HEALTHY MAN CAN TEAR HIMSELF AWAY FROM THE DEEPEST REFLECTIONS TO SAY A CIVIL WORD TO SOMEONE WHO COMES IN AND CAN THEN RETURN AGAIN TO HIS OWN THOUGHTS,A healthy man can tear himself away from the deepest reflections to say a civil word to someone who comes in and can then return again to his own thoughts.
129,mic_fileid_129_doa36_3spk.wav,text_fileid_129_doa36_spk3.txt,36,36,0.0,3,clean_fileid_129_doa36_spk3.wav,0.3235294117647059,11,34,-9.46627426147461,10.401028633117676,19.867302894592285,-9.579445838928223,10.049667358398438,19.62911319732666,1.0978682041168213,1.9108450412750244,0.8129768371582031,4.3817266089999976,0.8103238489998148,0.31948834300010276,5.511538800999915,ON THE PRESENT OCCASION THE AGED WARRIOR WHOSE PRIVILEGE IT WAS TO SPEAK WAS SILENT SEEMINGLY OPPRESSED WITH THE MAGNITUDE OF HIS SUBJECT THE DELAY HAD ALREADY CONTINUED LONG BEYOND THE USUAL DELIBERATIVE PAUSE,"On the occasion the aged warrior, whose purpose was to walk the school, found, seemingly oppressed with a magnitude of subject, the delay had already continued long without a usual deliberative pause."
130,mic_fileid_130_doa303_3spk.wav,text_fileid_130_doa303_spk3.txt,303,303,0.0,3,clean_fileid_130_doa303_spk3.wav,0.11363636363636363,5,44,-11.084003448486328,11.062607765197754,22.146611213684082,-11.199501991271973,10.856228828430176,22.05573081970215,1.04768967628479,2.5485739707946777,1.5008842945098877,4.803055702000165,0.5339861480001673,0.47835508400021354,5.815396934000546,BUT HIS TWO LAB GUARDS AND ONE OF THE RAIDERS WERE KILLED THE OTHERS GOT AWAY GESS FAYLE'S DEFECTION WAS A CERTAINTY BY THEN AND EVERYBODY WAS VERY NERVOUS THE FEDS GOT THERE FAST AND DEAD BRAINED THE RAIDER THEY LEARNED JUST TWO THINGS,"But his two lab guards and one of the raiders were killed. The others got away. Guest fails defection was a certainty by then and everybody was very nervous. The feds got there, faxed and bed-brained the raider. They learned just two things."
131,mic_fileid_131_doa55_3spk.wav,text_fileid_131_doa55_spk3.txt,55,55,0.0,3,clean_fileid_131_doa55_spk3.wav,0.09090909090909091,4,44,-7.196075916290283,15.96892261505127,23.164998531341553,-7.229620933532715,15.757062911987305,22.98668384552002,1.1284312009811401,3.2370285987854004,2.1085973978042603,4.588923142999647,0.39091841399977056,0.4167501239999183,5.396591680999336,AND THEY MEAN TO BE GOOD NATURED AND TO GIVE ME ANOTHER VERY SHORTLY AFTER THAT LILY WENT AWAY BY HERSELF AND SAT ALONE FOR HOURS AND WHEN SHE JOINED HER MOTHER AGAIN AT TEA TIME NOTHING FURTHER WAS SAID OF JOHN EAMES'S VISIT,"And they mean to be good in nature and to give me another. Very shortly after that, Lily went away by herself and sat alone for hours. And once she joined her mother again at tea time, nothing further was said of John Aime's visit."
132,mic_fileid_132_doa43_3spk.wav,text_fileid_132_doa43_spk3.txt,43,43,0.0,3,clean_fileid_132_doa43_spk3.wav,0.023809523809523808,1,42,-8.352538108825684,9.982806205749512,18.335344314575195,-8.434418678283691,9.626794815063477,18.061213493347168,1.0961875915527344,2.234189033508301,1.1380014419555664,4.632316016000459,0.5256253929997001,0.4203453139998601,5.578286723000019,WHEN SHE RECOGNIZED HER LOVER THE POOR GIRL EXTENDED HER ARMS TO HIM AND BELIEVED HERSELF SAFE BUT CARLINI FELT HIS HEART SINK FOR HE BUT TOO WELL KNEW THE FATE THAT AWAITED HER HOWEVER AS HE WAS A FAVORITE WITH CUCUMETTO,"When she recognized her lover, the poor girl extended her arms to him and believed herself safe, but Carlini felt his heart sink, for he but too well knew the fate that awaited her. However, as he was a favorite with Cochilado."
133,mic_fileid_133_doa178_3spk.wav,text_fileid_133_doa178_spk3.txt,178,178,0.0,3,clean_fileid_133_doa178_spk3.wav,0.1956521739130435,9,46,-10.122961044311523,10.37987232208252,20.502833366394043,-10.26384449005127,10.061874389648438,20.325718879699707,1.0486946105957031,2.044541120529175,0.9958465099334717,4.203178381999805,0.5546776129999671,0.41263134200016793,5.1704873369999405,HAD GIVEN HIM THE CHANCE OF SEEING HER ALONE AND OBTAINING HER PROMISE TO MARRY HIM WITHOUT BEING OBLIGED TO TELL EITHER HER FATHER OR HER MOTHER AT PRESENT I HA SPENT MY MONEY PRETTY FREE HE SAID AND I'VE NE'ER A PENNY TO THE FORE,"had given him the chance of seeing her alone and obtaining her promise to marry him without being obliged to tell her father or her mother at present. I had spent my money crazy free, who said, and I have narrowed opinion to the fool."
134,mic_fileid_134_doa171_3spk.wav,text_fileid_134_doa171_spk3.txt,171,171,0.0,3,clean_fileid_134_doa171_spk3.wav,0.17857142857142858,5,28,-10.858589172363281,7.496390342712402,18.354979515075684,-10.981453895568848,6.664876937866211,17.64633083343506,1.0395591259002686,1.7705824375152588,0.7310233116149902,4.573896789000173,0.5149824029999763,0.30966846699993766,5.398547659000087,A SILVER WEB HAS THE MOON SPUN A SILVER WEB UPON ALL THE SKY WHERE THE FRAIL STARS QUIVER EVERY ONE LIKE TANGLED GNATS THAT HUM AND DIE,"A silver web has the moon's spot. A silver web upon all the sky, where the frail stars preview every one like tangled nests that hum them die."
135,mic_fileid_135_doa207_3spk.wav,text_fileid_135_doa207_spk3.txt,207,207,0.0,3,clean_fileid_135_doa207_spk3.wav,0.075,3,40,-6.238245964050293,12.457555770874023,18.695801734924316,-6.275188446044922,12.1934814453125,18.468669891357422,1.074570655822754,2.917440176010132,1.842869520187378,4.636796239999512,0.4705487109999922,0.38619012199978897,5.493535072999293,URGING THEM TO WATCH CAREFULLY FOR THESE LOGS WHICH HE DESCRIBED AND TO NOTE THE PRECISE LOCATION OF EACH IN LATITUDE AND LONGITUDE AND THE TIME THE OBSERVATION WAS MADE HUNDREDS OF CAPTAINS SAILING OVER THE WATERS OF THE EARTH,"urging them to watch carefully for these logs which he described, and to note the precise location of the beach in latitude and longitude at the time the observation was made. Hundreds of captains sailing over the waters of the earth."
136,mic_fileid_136_doa59_3spk.wav,text_fileid_136_doa59_spk3.txt,59,59,0.0,3,clean_fileid_136_doa59_spk3.wav,0.02631578947368421,1,38,-7.895266532897949,15.177154541015625,23.072421073913574,-7.971503257751465,14.628473281860352,22.599976539611816,1.0441266298294067,2.41861891746521,1.3744922876358032,4.628618073000325,0.4862632629997279,0.4221013739997943,5.536982709999847,THROUGH LONG YEARS OF SERVICE AS NURSE SHE CAME TO BE CALLED MOTHER GOOCH THIS GOOD WOMAN HAD ONE PECULIARITY SHE WAS ACCUSTOMED TO CROON QUEER RHYMES AND JINGLES OVER THE CRADLES OF HER CHARGES AND THESE RHYMES,"Through long years of service as nurse, she came to be called Mother Gooch. This good woman had one peculiarity. She was accustomed to crude, queer rhymes and jingles over the cradles of her charges. And these rhymes..."
137,mic_fileid_137_doa84_3spk.wav,text_fileid_137_doa84_spk3.txt,84,84,0.0,3,clean_fileid_137_doa84_spk3.wav,0.08888888888888889,4,45,-5.804103851318359,9.735607147216797,15.539710998535156,-5.876550197601318,9.653624534606934,15.530174732208252,1.0795780420303345,2.566256523132324,1.4866784811019897,4.704648169999928,0.6595889850000276,0.483302981000179,5.847540136000134,THEY HAD COST HIM MOREOVER AS MUCH LABOUR IN COOKING AND DIGESTING AS IN THE CASE ABOVE SO THAT THEY MIGHT WELL AND TRULY BE SAID TO BE OF HIS OWN GOODS AND CHATTELS ACCORDINGLY HE HELD FAST BY EM BOTH BY TEETH AND CLAWS,"They had cost him, moreover, as much labour in cooking and digesting as in the case of Oath, so that they might well and truly be said to be of his own goods and shappals. Accordingly, he held fast by him, both by teeth and claws."
138,mic_fileid_138_doa352_3spk.wav,text_fileid_138_doa352_spk3.txt,352,352,0.0,3,clean_fileid_138_doa352_spk3.wav,0.08571428571428572,3,35,-9.145845413208008,9.465140342712402,18.61098575592041,-9.307156562805176,9.169023513793945,18.47618007659912,1.0711029767990112,2.390164852142334,1.3190618753433228,4.6285788830005,0.4959628110000267,0.3684221050002634,5.4929637990007905,IT WAS JUST AT THE VERY LAST WHEN HE WAS STANDING LEANING ON THE RAILING OF THE UPPER DECK AND WATCHING THE FINAL PREPARATIONS ENJOYING THE EXCITEMENT AND THE SHOUTS OF THE SAILORS AND WHARFMEN,It was just at the very last when he was standing leaning on the railing of the upper deck and watching the final preparations and joined the excitement and the shouts of the sailors and Worfnum.
139,mic_fileid_139_doa298_3spk.wav,text_fileid_139_doa298_spk3.txt,298,298,0.0,3,clean_fileid_139_doa298_spk3.wav,0.025,1,40,-9.705266952514648,9.367230415344238,19.072497367858887,-10.121454238891602,9.065692901611328,19.18714714050293,1.067819595336914,2.064826250076294,0.9970066547393799,4.231558129999485,0.4893500660000427,0.3842049100003351,5.1051131059998625,THE MAN DID NOT LOOK LIKE HIS GRANDFATHER THE CONVICTION THAT SOMETHING STRANGE AND TERRIBLE HAD HAPPENED THAT BY SOME MIRACLE A NEW AND DANGEROUS PERSON HAD COME INTO THE BODY OF THE KINDLY OLD MAN TOOK POSSESSION OF HIM,"The man did not look like his grandfather. The conviction that something strange and terrible had happened, that by some miracle a new and dangerous person had come into the body of a kindly old man, took possession of him."
140,mic_fileid_140_doa211_3spk.wav,text_fileid_140_doa211_spk3.txt,211,211,0.0,3,clean_fileid_140_doa211_spk3.wav,0.23076923076923078,9,39,-5.324343204498291,12.622682571411133,17.947025775909424,-5.36627721786499,12.413322448730469,17.77959966659546,1.0859700441360474,1.6611518859863281,0.5751818418502808,4.588436306999938,0.5447243390003678,0.4481250649996582,5.581285710999964,BUT ARE ALSO GROUNDED IN THE HONEST HOPE OF A HEALTHFUL RIVALRY THEY WANT NEW ROMANTICISTS AND ARTISTS AS INDIGENOUS TO THEIR SOIL AS WAS HAWTHORNE TO WITCH HAUNTED SALEM OR LONGFELLOW TO THE CHESTNUTS OF HIS NATIVE HEATH,"but are also grounded in the honest hope of a healthy rivalry. They want you, Omanthusis and Argus, as indigenous to their soil, as was Hawthorne to Wichonton Salem, for long fellow to the chestnuts of his native heath."
141,mic_fileid_141_doa176_3spk.wav,text_fileid_141_doa176_spk3.txt,176,176,0.0,3,clean_fileid_141_doa176_spk3.wav,0.2,8,40,-9.348124504089355,9.630729675292969,18.978854179382324,-9.442731857299805,9.38416576385498,18.826897621154785,1.0672036409378052,1.9117605686187744,0.8445569276809692,4.2148928010005875,0.6101407480000489,0.39621819299964045,5.221251742000277,IN A TREMULOUS BUT VERY KIND VOICE GIVE YOUR MASTER THE CHRISTMAS BLESSING OF AN OLD PURITAN MINISTER HOW THE MEANING OF THIS MESSAGE WOULD HAVE BEEN KNOWN TO MISTER DUDLEY HAD NOT THE EVENTS WE HAVE TOLD DISCLOSED IT,and a tremendous but very fine voice. Give your master the Christmas blessing of an old pure and extraordinary strength. How the meaning of this message would have been known to Mr. Dudley had not the events we have told disclosed it.
142,mic_fileid_142_doa64_3spk.wav,text_fileid_142_doa64_spk3.txt,64,64,0.0,3,clean_fileid_142_doa64_spk3.wav,0.0,0,47,-5.055309295654297,14.002787590026855,19.058096885681152,-5.0939040184021,13.681940078735352,18.77584409713745,1.0971018075942993,2.9853856563568115,1.8882838487625122,4.7991159769999285,0.46587929400038774,0.4774004450000575,5.742395716000374,UNSADDLED HIM AND GAVE HIM A SMALL FEED THE HORSE FIRST ROLLED ON THE DIRT FLOOR AND THEN STARTED METHODICALLY ON HIS FODDER HAVING MADE SURE THAT HIS MOUNT WAS NOT OFF HIS FEED NASH ROLLED A CIGARETTE AND STROLLED BACK TO THE HOUSE WITH THE BOY,"unsaddled him and gave him a small feed. The horse first rolled on the dirt floor and then started methodically on his fodder. Having made sure that his mount was not off his feed, Nash rolled a cigarette and strolled back to the house with the boy."
143,mic_fileid_143_doa315_3spk.wav,text_fileid_143_doa315_spk3.txt,315,315,0.0,3,clean_fileid_143_doa315_spk3.wav,0.18181818181818182,6,33,-7.050834655761719,12.105704307556152,19.15653896331787,-7.110634803771973,11.85238265991211,18.963017463684082,1.0600463151931763,2.665461778640747,1.6054154634475708,4.774927073000072,0.5206441300001643,0.3831161129996872,5.678687315999923,AT LAST IT APPEARED TO HIM THAT MARY'S CONTINUAL RESIDENCE IN DILLSBOROUGH WOULD OF ITSELF HARDLY ASSIST HIM I DON'T SEE MISSUS MASTERS THAT THAT WILL MAKE HER A BIT KINDER TO ME,"At last, it appeared to be that Mary's continual residence in Thothbrook would of itself partly existent. I don't see, Mrs. Masters, that that will make her a bit kinder to me."
144,mic_fileid_144_doa203_3spk.wav,text_fileid_144_doa203_spk3.txt,203,203,0.0,3,clean_fileid_144_doa203_spk3.wav,0.05555555555555555,2,36,-10.415087699890137,7.8139872550964355,18.229074954986572,-10.56753158569336,6.973628997802734,17.541160583496094,1.0487161874771118,1.808774709701538,0.7600585222244263,4.418716979999317,0.5055821339997237,0.35772097500012023,5.282020088999161,THAT THEY DECLARED A MAN TO BE A BLOCKHEAD IF HE KNEW ONLY THE SCRIPTURES AND NOT THE TALMUD EXPLANATION THE LAW OF MOSES IS LIKE SALT BUT THE TALMUD IS BALMY SPICE THEY WOULD SAY,"that they declared a man to be a blockhead if you knew only the scriptures and not the Talmud explanation. The law of Moses was like salt, but the Talmud is balmy spice, they would say."
145,mic_fileid_145_doa109_3spk.wav,text_fileid_145_doa109_spk3.txt,109,109,0.0,3,clean_fileid_145_doa109_spk3.wav,0.0425531914893617,2,47,-7.789395332336426,10.075167655944824,17.86456298828125,-7.9074625968933105,9.835790634155273,17.743253231048584,1.057239055633545,2.346238374710083,1.288999319076538,4.009971991999919,0.35752974100023494,0.44679002199973183,4.814291754999886,NOT ONLY BECAUSE THE MATCH WAS GOOD AND LIKELY TO INSURE THE HAPPINESS OF HER CHILD BUT BECAUSE IT WOULD ALSO SET HER AT LIBERTY SHE RAN THEREFORE TO DEBRAY WHO AFTER HAVING LIKE THE REST OF PARIS WITNESSED THE CONTRACT SCENE AND THE SCANDAL ATTENDING IT,"Not only because the match was good, and likely to ensure the happiness of her child, but because it would also set her at liberty. She ran therefore to Debray, who, after having, like the rest of Paris, witnessed the contract seen and the scandal attending it."
146,mic_fileid_146_doa55_3spk.wav,text_fileid_146_doa55_spk3.txt,55,55,0.0,3,clean_fileid_146_doa55_spk3.wav,0.023255813953488372,1,43,-8.213802337646484,12.238917350769043,20.452719688415527,-8.356805801391602,12.108049392700195,20.464855194091797,1.1546692848205566,3.2052996158599854,2.0506303310394287,4.304429380999409,0.4750271379998594,0.40463808000004065,5.184094598999309,ADD TO THIS THAT THE SAME MAN MIGHT BE VAIN OR AMBITIOUS AS WELL AS AVARICIOUS AND IF HE COULD EXPECT TO PROLONG HIS HONORS BY HIS GOOD CONDUCT HE MIGHT HESITATE TO SACRIFICE HIS APPETITE FOR THEM TO HIS APPETITE FOR GAIN,"Add to this that the same man might be vain or ambitious, as well as aberacious. And if he could expect to prolong his honors by his good conduct, he might hesitate to sacrifice his appetite for them to his appetite for gain."
147,mic_fileid_147_doa111_3spk.wav,text_fileid_147_doa111_spk3.txt,111,111,0.0,3,clean_fileid_147_doa111_spk3.wav,0.10810810810810811,4,37,-8.958756446838379,10.83250904083252,19.7912654876709,-9.07839298248291,10.53636360168457,19.61475658416748,1.0582537651062012,2.0361437797546387,0.9778900146484375,4.764263784999912,0.31311371399988275,0.457640729999639,5.535018228999434,AND GAVE ME SOME GROUND NUTS AND BADE ME COME AGAIN AND TOLD ME THEY WOULD BUY ME IF THEY WERE ABLE AND YET THESE WERE STRANGERS TO ME THAT I NEVER SAW BEFORE THE TENTH REMOVE,"and gave me some ground nuts and made me come again, and told me that they would buy me. Yep, they were able. And yet, these were strangers to me that I never saw before. The 10th remove."
148,mic_fileid_148_doa215_3spk.wav,text_fileid_148_doa215_spk3.txt,215,215,0.0,3,clean_fileid_148_doa215_spk3.wav,0.15384615384615385,6,39,-5.840165615081787,14.805060386657715,20.645226001739502,-5.898005485534668,14.65242862701416,20.550434112548828,1.118208646774292,3.292067766189575,2.173859119415283,4.223764163000851,0.2947439360000317,0.4006395100000191,4.919147609000902,GROWLED SAM KITTERIDGE BITTERLY RESENTING THE STERN EDICT WHICH FORBADE FREE BORN CITIZENS TO BURN AS MUCH GUNPOWDER AS THEY LIKED ON THAT GLORIOUS DAY LAST YEAR JIMMY GOT HIS ARM BLOWN OFF WHEN THEY FIRED THE OLD CANNON,Groud Sam Kitteridge bitterly resented the stern edict which forbade free-born citizens to burn as much gunpowder as I lacked on that glorious day. Last year Jimmy got his arm blown off when they fired the old cannon.
149,mic_fileid_149_doa237_3spk.wav,text_fileid_149_doa237_spk3.txt,237,237,0.0,3,clean_fileid_149_doa237_spk3.wav,0.1111111111111111,4,36,-10.891510963439941,8.636002540588379,19.52751350402832,-11.114822387695312,7.7413506507873535,18.856173038482666,1.0389384031295776,2.302487373352051,1.2635489702224731,4.446288703999471,0.4950034200001028,0.37242110399984085,5.313713227999415,YET MOTHER AND BLOSSOMING MAID YOUTH AND OLDSTER ALL THE PAGEANT OF HUMANITY WITHIN THE GREAT WALLS WERE NOW BUT LINES WITHIN THE STONE ACCORDING TO THEIR DIFFERENT LIGHTS IT CAME TO ME THERE HAD BEEN,"Yet mother and lost being made, youth and oldster, all the pageant of humanity, within the great walls were now but lines within the stone. According to their different lights that came to me, there had been..."
150,mic_fileid_150_doa91_3spk.wav,text_fileid_150_doa91_spk3.txt,91,91,0.0,3,clean_fileid_150_doa91_spk3.wav,0.047619047619047616,2,42,-4.694514751434326,10.191603660583496,14.886118412017822,-4.809420585632324,9.833778381347656,14.64319896697998,1.0998427867889404,2.3618059158325195,1.261963129043579,4.1806704579989855,0.321849026000109,0.3858971700001348,4.888416653999229,AND HE WAS FORCED TO PROMISE THAT EVEN IN THE FIELD EXCEPT IN THE CASE OF A SURPRISE HE WOULD DO NOTHING WITHOUT THE ASSENT OF A COUNCIL OF WAR MONMOUTH WAS TO COMMAND IN ENGLAND HIS SOFT MIND HAD AS USUAL,"And he was forced to promise that even in the field, except in the case of a surprise, he would do nothing without the assent of the Council of Lord. Monmouth was to command in England, his soft mind had as usual."
151,mic_fileid_151_doa188_3spk.wav,text_fileid_151_doa188_spk3.txt,188,188,0.0,3,clean_fileid_151_doa188_spk3.wav,0.10810810810810811,4,37,-5.201267242431641,12.441386222839355,17.642653465270996,-5.2814459800720215,12.078878402709961,17.360324382781982,1.0658138990402222,2.8750059604644775,1.8091920614242554,4.350174216999221,0.322784264999882,0.36651588299992,5.039474364999023,THE FIRST ARRESTS THE ADMINISTRATION CHOSE SUPPRESSION THEY RESORTED TO FORCE IN AN ATTEMPT TO END PICKETING IT WAS A POLICY DOOMED TO FAILURE AS CERTAINLY AS ALL RESORTS TO FORCE TO KILL AGITATION HAVE FAILED ULTIMATELY,The first arrest. The administration chose suppression. They resorted to force in an attempt to end picketing. It was a policy doomed to failure and certainly has all resorts to force to kill. Education have failed ultimately.
152,mic_fileid_152_doa246_3spk.wav,text_fileid_152_doa246_spk3.txt,246,246,0.0,3,clean_fileid_152_doa246_spk3.wav,0.13333333333333333,4,30,-7.92639684677124,11.50682258605957,19.43321943283081,-8.000603675842285,11.145988464355469,19.146592140197754,1.1473981142044067,2.7119204998016357,1.564522385597229,4.25790780699981,0.4894606730003943,0.37178554299998723,5.119154023000192,BUT IF WE RETURNED TO THE PACIFIC FAR FROM EVERY POPULATED SHORE WHAT WOULD HAPPEN TO NED LAND'S PLANS WE WOULD SOON SETTLE THIS IMPORTANT POINT THE NAUTILUS TRAVELED SWIFTLY,"But if we return to the Pacific, far from every populated shore, what would happen to Nedland's plans? We would soon settle this important point. The Nautilus travels swiftly."
153,mic_fileid_153_doa13_3spk.wav,text_fileid_153_doa13_spk3.txt,13,13,0.0,3,clean_fileid_153_doa13_spk3.wav,0.3333333333333333,14,42,-6.489658832550049,13.590906143188477,20.080564975738525,-6.554069519042969,13.388014793395996,19.942084312438965,1.1020656824111938,2.837782382965088,1.735716700553894,4.188629421999849,0.3876689029998488,0.4170740780000415,4.993372402999739,THAT'S ONLY THREE PUND OFF IN A WEEK'S TRAININ SAID THE HORSE BREAKER HE SAID RIGHT WHEN HE SAID THAT HE WAS IN CONDITION WELL IT'S FINE STUFF ALL THERE IS OF IT BUT I'M NONE SO SURE AS THERE IS ENOUGH,"Not only three pond after the week's training, said the horsebreaker. He said right when he said he was in condition. Well, it's fine, it's not all there is to it, but I'm not so sure there is enough."
154,mic_fileid_154_doa212_3spk.wav,text_fileid_154_doa212_spk3.txt,212,212,0.0,3,clean_fileid_154_doa212_spk3.wav,0.058823529411764705,2,34,-8.904487609863281,11.778410911560059,20.68289852142334,-8.998010635375977,11.410149574279785,20.40816020965576,1.1062235832214355,2.6581132411956787,1.5518896579742432,4.55463064300011,0.4258319219998157,0.38272318100007396,5.363185745999999,ON MISTER HEATHERSTONE REPEATING TO HIM HIS INTENTIONS RELATIVE TO ARNWOOD EXPRESSED HIS SENSE OF THAT GENTLEMAN'S CONDUCT SIMPLY ADDING YOU MAY THINK ME IMPETUOUS SIR BUT I TRUST YOU WILL BELIEVE ME GRATEFUL,"On Mr. Hellerstone repeating to him his intentions relative to Arnwood, expressed his sense of that gentleman's conduct, simply adding, You may think me impetuous, sir, but I trust you will believe me grateful."
155,mic_fileid_155_doa170_3spk.wav,text_fileid_155_doa170_spk3.txt,170,170,0.0,3,clean_fileid_155_doa170_spk3.wav,0.14705882352941177,5,34,-8.824448585510254,10.98021125793457,19.804659843444824,-8.950196266174316,9.778743743896484,18.7289400100708,1.0652730464935303,2.441800832748413,1.3765277862548828,4.83422975800022,0.5265200759999971,0.3311331830000199,5.691883017000237,AND ONLY IN THAT WAY DOES A HUMAN BEING BECOME ONE AND A COMPLETE ENTITY THAT IS BY REGARDING AND POETICALLY CONCEIVING HIMSELF AS THE CENTRE OF EVERYTHING AND THE SPIRIT OF THE WORLD,"And only in that way does the human being become one in a complete entity, that is, by retiring and poetically conceiving himself as a center of everything and the spirit of the world."
156,mic_fileid_156_doa227_3spk.wav,text_fileid_156_doa227_spk3.txt,227,227,0.0,3,clean_fileid_156_doa227_spk3.wav,0.08108108108108109,3,37,-7.608865261077881,14.41286563873291,22.02173089981079,-7.676801681518555,14.031818389892578,21.708620071411133,1.0693432092666626,2.9161489009857178,1.8468056917190552,4.682224781000514,0.3613892789999227,0.3960608540000976,5.439674914000534,THE FURTHER SLOPE AND BROUGHT THE CARRIAGE TO THE OTHER SIDE OF THE PENINSULA WHERE THE GIRLS OBTAINED THEIR FIRST VIEW OF THE GULF OF SALERNO WITH THE LOVELY ISLES OF THE SIRENS LYING JUST BENEATH THEM,"The further slope and brought the carriage to the other side of the peninsula, where the girls obtained their first view of the Gulf of Solarno, with the lovely aisles of the siren's line just beneath them."
157,mic_fileid_157_doa118_3spk.wav,text_fileid_157_doa118_spk3.txt,118,118,0.0,3,clean_fileid_157_doa118_spk3.wav,0.046511627906976744,2,43,-8.40489387512207,10.121562957763672,18.526456832885742,-8.54256820678711,9.362495422363281,17.90506362915039,1.0613075494766235,2.335089921951294,1.2737823724746704,4.813715855999817,0.3939357219996964,0.3794385270002749,5.587090104999788,THEN THERE WAS NOTHING FOR THEM TO DO BUT TO GO ON BOARD THEIR VESSELS AND PUT OUT TO SEA IN SEARCH OF SOME FRESH PRIZE SO FAR ROC'S CAREER HAD BEEN VERY MUCH LIKE THAT OF MANY OTHER COMPANIONS OF THE COAST,Then there was nothing for them to do but go on board their vessels and put out to sea in search of some fresh prize. So far Rock's career had been very much like that of many other companions of the coast.
158,mic_fileid_158_doa219_3spk.wav,text_fileid_158_doa219_spk3.txt,219,219,0.0,3,clean_fileid_158_doa219_spk3.wav,0.20689655172413793,6,29,-7.982761383056641,9.938680648803711,17.92144203186035,-8.06251049041748,9.532940864562988,17.59545135498047,1.1044772863388062,2.589723587036133,1.4852463006973267,3.5667020050000247,0.4953056879999167,0.32923083699961353,4.391238529999555,AND COMBATING MY COMPASSION WHICH SUSPENDED THE SACRIFICE WAS GOING TO GIVE HER THE FATAL BLOW WHEN THE VICTIM REDOUBLING HER TEARS AND BELLOWING DISARMED ME A SECOND TIME,"I had to combatting my compassion, which suspended the sacrifice, was going to give her the faded blow, when the victim redoubled her tears and bellowing disarmed me a second time."
159,mic_fileid_159_doa218_3spk.wav,text_fileid_159_doa218_spk3.txt,218,218,0.0,3,clean_fileid_159_doa218_spk3.wav,0.02127659574468085,1,47,-7.062383651733398,13.302695274353027,20.365078926086426,-7.096338748931885,12.997787475585938,20.094126224517822,1.1380996704101562,3.0255722999572754,1.8874726295471191,4.57943289800005,0.40336002399999416,0.5503386860000319,5.533131608000076,HOW DON'T WANT IT LUKASHKA SAID LAUGHING WHY SHOULD YOU MAKE ME A PRESENT WE'LL GET ON BY OURSELVES BY GOD'S HELP NO REALLY OR DON'T YOU WANT TO BE A DRABANT SAID OLENIN GLAD THAT IT HAD ENTERED HIS HEAD TO GIVE A HORSE TO LUKASHKA,"How don't want it? Lukashka said laughing. Why should you make me a present? We'll get on by ourselves by God's help. No, really, or don't you want to be a drabant, said Alenon? Glad that it had entered his head to give a horse to Lukashka."
160,mic_fileid_160_doa359_3spk.wav,text_fileid_160_doa359_spk3.txt,359,359,0.0,3,clean_fileid_160_doa359_spk3.wav,0.075,3,40,-4.4662370681762695,11.954734802246094,16.420971870422363,-4.535726547241211,11.670560836791992,16.206287384033203,1.0609911680221558,2.645230293273926,1.58423912525177,5.086908572000084,0.5329654550000669,0.40312638100022014,6.023000408000371,WHICH WAS ONE OF THE COMMONEST SLANG PHRASES INTENDED TO MEAN THAT THEY HAD NO FAULT TO FIND WITH THE ALASKA COMMERCIAL COMPANY AND THEIR STEAMER SAINT PAUL ALL WERE WELL CARED FOR AND SATISFIED AS WELL THEY MIGHT BE,"which was one of the commonest slang phrases, intended to mean that they had no fault defined with the Alaska Commercial Company and their steamer, St. Paul. All were well cared for and satisfied, as well they might be."
161,mic_fileid_161_doa304_3spk.wav,text_fileid_161_doa304_spk3.txt,304,304,0.0,3,clean_fileid_161_doa304_spk3.wav,0.12903225806451613,4,31,-5.827483654022217,14.669095039367676,20.496578693389893,-5.8750104904174805,14.211631774902344,20.086642265319824,1.0736581087112427,2.613772392272949,1.5401142835617065,5.138229841999873,0.3079314860001432,0.35192498100013836,5.798086309000155,WITH HIGH IDEALISM TEMPERED BY SANE FACING OF THE ACTUAL FACTS OF LIFE HAVE STRIVEN TO BRING NEARER THE DAY WHEN ARMED STRIFE BETWEEN NATION AND NATION BETWEEN CLASS AND CLASS,"With high idealism tempered by the same facing of the actual facts of life, have striven to bring nearer the day when arms strive between nation and nation, between class and class."
162,mic_fileid_162_doa43_3spk.wav,text_fileid_162_doa43_spk3.txt,43,43,0.0,3,clean_fileid_162_doa43_spk3.wav,0.12195121951219512,5,41,-10.2085542678833,10.869450569152832,21.078004837036133,-10.3035888671875,10.52322006225586,20.82680892944336,1.043580412864685,2.2989814281463623,1.2554010152816772,4.213528327000404,0.5083316549998926,0.3969263260000844,5.118786308000381,AND WITHOUT ACCEPTING THE DELICATE SEAT OR DELICIOUS BANQUET THAT WAS OFFERED HER BUT CONTENTED WITH COARSE BREAD FOR HER FOOD SHE DELIVERED HER MESSAGE FROM VENUS PRESENTLY THE BOX WAS RETURNED TO HER SHUT AND FILLED WITH THE PRECIOUS COMMODITY,"And without accepting the delicate seat of a delicious banquet that was offered her, but contented with poor spread for her food, she delivered her message from Venus. Presently, the box was returned to her, shut and filled with precious commodity."
163,mic_fileid_163_doa154_3spk.wav,text_fileid_163_doa154_spk3.txt,154,154,0.0,3,clean_fileid_163_doa154_spk3.wav,0.06976744186046512,3,43,-9.202166557312012,9.241742134094238,18.44390869140625,-9.29494571685791,8.868107795715332,18.163053512573242,1.057377576828003,2.193074941635132,1.135697364807129,4.29933256600043,0.48253033399987544,0.40556850599978134,5.187431406000087,HE APPLIED FOR EVERY OTHER POSITION ON THE PREMISES RIGHT DOWN TO OFFICE BOY I TOLD HIM I WAS SORRY BUT I COULDN'T DO ANYTHING FOR HIM THEN THAT WE WERE LETTING MEN GO BUT I'D KEEP HIM IN MIND AND SO ON,"He applied for every other position on the premises right down to the often point. I told him I was sorry, but I couldn't do anything for him then, that we were letting men go, but I'd keep him in mind and so on."
164,mic_fileid_164_doa119_3spk.wav,text_fileid_164_doa119_spk3.txt,119,119,0.0,3,clean_fileid_164_doa119_spk3.wav,0.0625,3,48,-7.369131088256836,10.512456893920898,17.881587982177734,-7.408074855804443,9.908499717712402,17.316574573516846,1.0842242240905762,2.701097249984741,1.616873025894165,4.334699075000572,0.5251800789997105,0.4292888469999525,5.289168001000235,ONE YOUNG FELLOW AGED ABOUT EIGHTEEN SAID THAT HE WAS ADDICTED TO THE CIGARETTE HABIT THE SUGGESTION WAS MADE TO HIM THAT HE WOULD NOT BE ABLE TO SMOKE A CIGARETTE FOR TWENTY FOUR HOURS AFTER THE ENTERTAINMENT HE WAS ASKED TO SMOKE AS WAS HIS USUAL HABIT,"One young fellow, aged about 18, said that he was addicted to the cigarette habit. The suggestion was made to him that he would not be able to smoke a cigarette for 24 hours. After the entertainment, he was asked to smoke, as was his usual habit."
165,mic_fileid_165_doa288_3spk.wav,text_fileid_165_doa288_spk3.txt,288,288,0.0,3,clean_fileid_165_doa288_spk3.wav,0.20833333333333334,10,48,-11.991639137268066,9.625514030456543,21.61715316772461,-12.068625450134277,9.319976806640625,21.388602256774902,1.124564290046692,2.2929461002349854,1.1683818101882935,4.780534447999798,0.7153244040000573,0.532728182000028,6.028587033999884,TO STOP MY TONGUE AND FILL MY STOMACH BY THE TOKEN OF WHICH AS MY GAL SAYS SHE STUNTED THE GROWTH OF THE PRETTIEST FIGURE IN ALL MOWBRAY AND HERE THE YOUTH DREW HIMSELF UP AND THRUST HIS HANDS IN THE SIDE POCKETS OF HIS PEA JACKET WELL,"to stop my tongue and fill my stomach. By the toberner which, as my gal says, she stunted the growth of the prettiest pigoring home over. And here the youth threw himself up, and thrust his hands into the side pockets of his P-jacket. Well."
166,mic_fileid_166_doa59_3spk.wav,text_fileid_166_doa59_spk3.txt,59,59,0.0,3,clean_fileid_166_doa59_spk3.wav,0.08,4,50,-7.885735034942627,10.520101547241211,18.405836582183838,-7.938383102416992,10.421599388122559,18.35998249053955,1.1284114122390747,2.8520214557647705,1.7236100435256958,4.73091115599982,0.44358963700005916,0.43986963800034573,5.614370431000225,BUT NOT THE LESS SHOULD HE HAVE IT OF RIGHT SEEING THAT HE DESIRED IT BUT YET MISSUS DALE DID NOT DARE TO GET UP AND LEAVE THE ROOM LILY HAD ASKED HER NOT TO DO SO AND AT THE PRESENT PERIOD OF THEIR LIVES ALL LILY'S REQUESTS WERE SACRED,"But not the less should he have it of right, seeing that he desired it. But yet Mrs. Dale did not dare to get up and leave the room. Lily and Astor not to do so, and at the present period of their lives all Lily's requests were sacred."
167,mic_fileid_167_doa297_3spk.wav,text_fileid_167_doa297_spk3.txt,297,297,0.0,3,clean_fileid_167_doa297_spk3.wav,0.0,0,23,-8.523459434509277,10.615460395812988,19.138919830322266,-8.6475191116333,9.954465866088867,18.601984977722168,1.0354455709457397,2.104031562805176,1.068585991859436,4.089635051999721,0.5067041789998257,0.25169335800001136,4.848032588999558,EMMA WOODHOUSE HANDSOME CLEVER AND RICH WITH A COMFORTABLE HOME AND HAPPY DISPOSITION SEEMED TO UNITE SOME OF THE BEST BLESSINGS OF EXISTENCE,"Emma Woodhouse, handsome, clever, and rich, with a comfortable home and happy disposition, seemed to unite some of the best blessings of existence."
168,mic_fileid_168_doa134_3spk.wav,text_fileid_168_doa134_spk3.txt,134,134,0.0,3,clean_fileid_168_doa134_spk3.wav,0.2777777777777778,15,54,-8.576722145080566,9.926569938659668,18.503292083740234,-8.635189056396484,9.570892333984375,18.20608139038086,1.1099944114685059,2.2107880115509033,1.1007936000823975,4.825690096000471,0.49050492700007453,0.4715791180001361,5.787774141000682,IT WOULD BE A GOOD THING IF WE TRIED THE RANGE OF OUR GUNS DO YOU THINK THAT IS USEFUL ASKED THE ENGINEER IT IS MORE THAN USEFUL IT IS NECESSARY WITHOUT THAT HOW ARE WE TO KNOW TO WHAT DISTANCE WE CAN SEND ONE OF THOSE PRETTY SHOT WITH WHICH WE ARE PROVIDED,"We do think if we try the range of our guns, do you think that is useful? That's the engineer. It is needed. It's necessary. Without that, how are we familiar to what distance we can send one of those pretty shot with which we are provided?"
169,mic_fileid_169_doa149_3spk.wav,text_fileid_169_doa149_spk3.txt,149,149,0.0,3,clean_fileid_169_doa149_spk3.wav,0.075,3,40,-5.881739616394043,12.486006736755371,18.367746353149414,-5.955630302429199,12.186800003051758,18.142430305480957,1.1228970289230347,3.045856475830078,1.9229594469070435,4.521624078999594,0.3497900820002542,0.3885145999993256,5.259928760999173,THAT AS I HAVE BEEN FOUR TIMES BEFORE AT ROME I KNOW THE PRICES OF ALL THE CARRIAGES WE WILL GIVE YOU TWELVE PIASTRES FOR TO DAY TOMORROW AND THE DAY AFTER AND THEN YOU WILL MAKE A GOOD PROFIT,"that as I have been four times before at Rome, I know the prices of all the carriages. We will give you twelve piassons for today, tomorrow, and the day after, and then you will make a good profit."
170,mic_fileid_170_doa57_3spk.wav,text_fileid_170_doa57_spk3.txt,57,57,0.0,3,clean_fileid_170_doa57_spk3.wav,0.08163265306122448,4,49,-9.082170486450195,11.113078117370605,20.1952486038208,-9.156275749206543,10.595606803894043,19.751882553100586,1.0388736724853516,2.550349712371826,1.5114760398864746,4.951208789999328,0.554268810999929,0.47463723300006677,5.980114833999323,MATTHEW WENT TO BRIGHT RIVER WE'RE GETTING A LITTLE BOY FROM AN ORPHAN ASYLUM IN NOVA SCOTIA AND HE'S COMING ON THE TRAIN TONIGHT IF MARILLA HAD SAID THAT MATTHEW HAD GONE TO BRIGHT RIVER TO MEET A KANGAROO FROM AUSTRALIA MISSUS RACHEL COULD NOT HAVE BEEN MORE ASTONISHED,"Matthew went to Bright River. We're getting a little boy from an orphan asylum in Nova Scotia, and he's coming down the train tonight. If Marilla had said that Matthew had got to Bright River to meet a kangaroo from Australia, Mrs. Rachel could not have been more astonishing."
171,mic_fileid_171_doa66_3spk.wav,text_fileid_171_doa66_spk3.txt,66,66,0.0,3,clean_fileid_171_doa66_spk3.wav,0.058823529411764705,2,34,-7.998736381530762,12.573869705200195,20.572606086730957,-8.053671836853027,12.401223182678223,20.45489501953125,1.12088942527771,2.278777837753296,1.157888412475586,4.172633688999667,0.4884585990002961,0.3768871009997383,5.037979388999702,THEY SAVORED AS STRONGLY OF MICE AS TOM'S QUESTION OF BAD GRAMMAR AND DON'T FOXES CATCH MICE DEMANDED TOM CONFIDENTLY YES BUT I DON'T SEE HOW THAT'S GOING TO CATCH THE FOX I SAID,"They savored as strongly of mice as Tom's question of bad grammar. And though foxes catch mice, demanded Tom confidently. Yes, but I don't see how that's going to catch a fox, I said."
172,mic_fileid_172_doa286_3spk.wav,text_fileid_172_doa286_spk3.txt,286,286,0.0,3,clean_fileid_172_doa286_spk3.wav,0.05714285714285714,2,35,-6.328023910522461,11.324007034301758,17.65203094482422,-6.391503810882568,10.747400283813477,17.138904094696045,1.1251118183135986,2.772503137588501,1.6473913192749023,4.638492406000296,0.31341071799943165,0.3721373019998282,5.324040425999556,I DROPPED OVER THE SIDE WALKED CAUTIOUSLY DOWN THE ROAD UP WHICH BUT AN HOUR OR SO BEFORE WE HAD STRUGGLED SO DESPERATELY PACED FARTHER AND FARTHER WITH AN INCREASING CONFIDENCE AND A GROWING WONDER,"I dropped over the side, walked cautiously down the road, up which, but an hour or so before, we had struggled so desperately, paced farther and farther, with an increase in confidence and a growing wonder."
173,mic_fileid_173_doa87_3spk.wav,text_fileid_173_doa87_spk3.txt,87,87,0.0,3,clean_fileid_173_doa87_spk3.wav,0.024390243902439025,1,41,-8.783198356628418,8.879876136779785,17.663074493408203,-8.837257385253906,8.15787410736084,16.995131492614746,1.072525978088379,2.0873208045959473,1.0147948265075684,5.0132770119998895,0.46523128699936933,0.43003952500021114,5.90854782399947,IF THEY COULD DO THIS IT WOULD BE AN EASY MATTER TO RUSH UPON THE UNSUSPECTING GARRISON AND HAVING ANNIHILATED THESE MAKE THEMSELVES MASTERS OF THE TOWN BUT THEIR PLANS DID NOT WORK VERY WELL THEY WERE DISCOVERED BY SOME INDIANS,"If they could do this, it would be an easy matter to rush upon the unsuspecting garrison in having annihilated these, make themselves masters of the town. But their plans did not work very well. They were discovered by some Indians."
174,mic_fileid_174_doa270_3spk.wav,text_fileid_174_doa270_spk3.txt,270,270,0.0,3,clean_fileid_174_doa270_spk3.wav,0.04878048780487805,2,41,-5.819526195526123,14.178516387939453,19.998042583465576,-5.895325660705566,14.037099838256836,19.932425498962402,1.1119194030761719,3.1561660766601562,2.0442466735839844,4.460194858999785,0.30402139000034367,0.4212026060004064,5.185418855000535,FOR BLOT WAS A GREAT COMFORT TO HER NEVER RUNNING AWAY OR DISOBEYING IN ANY WAY BUT ALWAYS CLOSE TO HER SIDE READY TO CREEP UNDER HER WING OR BRING HER A PLUMP BUG WHEN THE POOR BIDDY'S APPETITE FAILED HER,"For Blott was a great comfort to her, never running away, or disobeying in any way, but always close to her side, ready to creep under her wing, or bring her a plump bug when the poor bitty's appetite failed her."
175,mic_fileid_175_doa16_3spk.wav,text_fileid_175_doa16_spk3.txt,16,16,0.0,3,clean_fileid_175_doa16_spk3.wav,0.18518518518518517,5,27,-7.184814929962158,11.66181468963623,18.84662961959839,-7.242071151733398,10.804510116577148,18.046581268310547,1.077634572982788,2.7355964183807373,1.6579618453979492,4.673201878000327,0.3128201010003977,0.30712138099988806,5.293143360000613,COURTING A BROOMSTICK THE SIDE SHOW LET US NOW DESCRIBE SOME OF THE MANIFESTATIONS OF HYPNOTISM TO SEE JUST HOW IT OPERATES AND HOW IT EXHIBITS ITSELF,"according to Brunstich, the sideshow. Let us now describe some of the manifestations of hypnotism, to see just how it operates and how it exhibits itself."
176,mic_fileid_176_doa290_3spk.wav,text_fileid_176_doa290_spk3.txt,290,290,0.0,3,clean_fileid_176_doa290_spk3.wav,0.05555555555555555,2,36,-4.662683010101318,15.013994216918945,19.676677227020264,-4.704655647277832,14.736910820007324,19.441566467285156,1.0652073621749878,2.6952321529388428,1.630024790763855,4.81382729500001,0.5410362530001294,0.39384995599994,5.748713504000079,HE NEVER COULD PROPERLY MEASURE OR DETERMINE THESE TWO A MAN AND A WOMAN LOOKED STRAIGHT INTO EACH OTHER'S VISAGES AND DOWN INTO EACH OTHER'S HEARTS AND JOHN SILENCE THE SOUL WITH THE GOOD UNSELFISH MOTIVE,"He never could properly measure or determine these two, a man and a woman, look straight into each other's visages and down into each other's hearts. And John Silas, the soul with the good, unselfish motive."
177,mic_fileid_177_doa328_3spk.wav,text_fileid_177_doa328_spk3.txt,328,328,0.0,3,clean_fileid_177_doa328_spk3.wav,0.0,0,41,-8.338302612304688,11.527064323425293,19.86536693572998,-8.381159782409668,11.388019561767578,19.769179344177246,1.1085008382797241,2.7862322330474854,1.6777313947677612,4.428622127000381,0.702896435999719,0.44812479600022925,5.579643359000329,HIS HANDSOME AND BENEVOLENT COUNTENANCE SET OFF BY AN ABUNDANCE OF CURLY HAIR HIS LIBRARY HAD ABOUT THE ROUGHEST FURNITURE EVER SEEN IN AN APARTMENT CONTAINING SO MUCH THAT WAS VALUABLE AS I REMEMBER IT IT WAS A LONG LOW ROOM,"His handsome and benevolent countenance set off by an abundance of curly hair. His library had about the roughest furniture ever seen in an apartment containing so much that was valuable. As I remember it, it was a long, low room."
178,mic_fileid_178_doa161_3spk.wav,text_fileid_178_doa161_spk3.txt,161,161,0.0,3,clean_fileid_178_doa161_spk3.wav,0.029411764705882353,1,34,-5.5734052658081055,13.073354721069336,18.64675998687744,-5.641304969787598,12.742724418640137,18.384029388427734,1.0749506950378418,3.178252935409546,2.103302240371704,4.257534770999882,0.32043329600037396,0.3829834319994916,4.960951498999748,BECAUSE MARY LESLIE'S DOLL WAS A LITTLE LARGER THAN HERS ELSIE HAD ALREADY RECEIVED A PRETTY BRACELET FROM HER AUNT ADELAIDE A NEEDLE CASE FROM LORA AND SEVERAL LITTLE GIFTS FROM HER YOUNG GUESTS,"because Mary Leslie's doll was a little larger than hers. Elsie had already received a pretty bracelet from her Aunt Adelaide, a needle case from Laura, and several little gifts from her young guests."
179,mic_fileid_179_doa188_3spk.wav,text_fileid_179_doa188_spk3.txt,188,188,0.0,3,clean_fileid_179_doa188_spk3.wav,0.35294117647058826,18,51,-10.084844589233398,9.342530250549316,19.427374839782715,-10.287181854248047,8.874567985534668,19.161749839782715,1.0560718774795532,2.363968849182129,1.3078969717025757,4.795926636000331,0.5078794270002618,0.555935067000064,5.859741130000657,WASN'T IT NICE OF MISS THOMPSON TO EXONERATE US PUBLICLY ASKED ANNE SHE IS ALWAYS JUST REPLIED GRACE I CAN'T UNDERSTAND HOW ELEANOR COULD BE SO RUDE AND DISAGREEABLE TO HER SHE HAS DISLIKED MISS THOMPSON FROM THE FIRST I WONDER WHETHER SHE APOLOGIZED TO MISS THOMPSON LAST NIGHT MUSED GRACE,"Wasn't it nice of Ms. Thompson to exonerate us publicly, Asdan? She's always just with 5th grade. I can't understand how her element could be so rude and disrespectful to her. She's disliking Ms. Thompson from the first. I wonder whether she apologized to Ms. Thompson last night and used Grace."
180,mic_fileid_180_doa24_3spk.wav,text_fileid_180_doa24_spk3.txt,24,24,0.0,3,clean_fileid_180_doa24_spk3.wav,0.3023255813953488,13,43,-3.177403450012207,17.20230484008789,20.379708290100098,-3.19425106048584,17.08494758605957,20.27919864654541,1.1692014932632446,3.4230315685272217,2.253830075263977,4.351029088999894,0.3907662490000803,0.501913405999403,5.2437087439993775,THEN HE WINKED HIS EYES AGAIN THEN HE LOOKED AT MISTER HAVISHAM AND TOUCHED HIS CAP THANKY SIR FUR BRINGIN HIM DOWN HERE AN FUR WOT YE'VE DONE HE'S HE'S A QUEER LITTLE FELLER HE ADDED I'VE ALLERS THORT A HEAP OF HIM,"Then he winked his eyes again. Then he looked at Mr. Havisham and touched his cap. Thank you, sir, for bringing him down here and for what you've done. He's a queer little feller, he added. I've always thought a heap of them."
181,mic_fileid_181_doa88_3spk.wav,text_fileid_181_doa88_spk3.txt,88,88,0.0,3,clean_fileid_181_doa88_spk3.wav,0.08571428571428572,3,35,-8.161657333374023,14.797344207763672,22.959001541137695,-8.221892356872559,14.551691055297852,22.77358341217041,1.0809283256530762,2.714111804962158,1.633183479309082,4.050958829000592,0.31618503499976214,0.4079675299999508,4.775111394000305,WHAT WAS TRUE THAT HER UNCLE MISTER WEISHAUPT'S FAMILY HAD BEEN MURDERED THAT NOT ONE MEMBER OF THE FAMILY HAD BEEN SPARED NAMELY MISTER WEISHAUPT HIMSELF AND HIS WIFE NEITHER OF THEM MUCH ABOVE SIXTY,"What was true? That her uncle, Mr. Weishaupt's family, had been murdered. That not one member of the family had been spared. Namely, Mr. Weishaupt himself and his wife, neither of them much above 60."
182,mic_fileid_182_doa342_3spk.wav,text_fileid_182_doa342_spk3.txt,342,342,0.0,3,clean_fileid_182_doa342_spk3.wav,0.0,0,41,-7.210319519042969,12.451274871826172,19.66159439086914,-7.270727157592773,12.186315536499023,19.457042694091797,1.1172611713409424,2.682492256164551,1.5652310848236084,4.9073299930005305,0.5887417209996784,0.4274817809991873,5.923553494999396,HIS GREAT EYES FASTENED UPON ME IN WHAT SEEMED A PITIFUL APPEAL FOR PROTECTION I COULD NOT WITHSTAND THAT LOOK NOR COULD I ON SECOND THOUGHT HAVE DESERTED MY RESCUER WITHOUT GIVING AS GOOD AN ACCOUNT OF MYSELF IN HIS BEHALF,"His great eyes fastened upon me in what seemed a pitiful appeal for protection. I could not withstand that look, nor could I, on second thought, have deserted my rescuer, without giving as good an account of myself in his behalf."
183,mic_fileid_183_doa246_3spk.wav,text_fileid_183_doa246_spk3.txt,246,246,0.0,3,clean_fileid_183_doa246_spk3.wav,0.027777777777777776,1,36,-4.352893829345703,14.706706047058105,19.05959987640381,-4.385128974914551,14.567466735839844,18.952595710754395,1.1109336614608765,2.853975772857666,1.7430421113967896,4.450946135000777,0.3030361230003109,0.3624800519992277,5.1164623100003155,YOU ARE WELCOME AMONG US SAID THE OLD OAK AND GRACIOUSLY INCLINED HIS HEAD TO THEM YOU SHALL BE MY FOSTER CHILDREN AND BE TREATED JUST AS WELL AS MY OWN THANKS SAID THE LITTLE BEECHES,"You are welcome among us,"" said the old oak, and graciously inclined his head to them. You shall be my foster children and be treated just as well as my own. Thanks, said the little beaches."
184,mic_fileid_184_doa65_3spk.wav,text_fileid_184_doa65_spk3.txt,65,65,0.0,3,clean_fileid_184_doa65_spk3.wav,0.023255813953488372,1,43,-7.119195938110352,14.642271995544434,21.761467933654785,-7.2086334228515625,14.486536026000977,21.69516944885254,1.066011667251587,3.164048194885254,2.098036527633667,4.410774092999418,0.41634630400039896,0.3756384419993992,5.202758838999216,SHE ALSO KNEW WHAT EXAGGERATED ACCOUNTS OF THE AFFAIR WOULD BE TAKEN HOME TO MAITLAND TEA TABLES AND SHE FELT LIKE SITTING DOWN TO CRY BUT SHE DID NOT INSTEAD SHE SET HER MOUTH FIRMLY HELPED THE CHILDREN RESTORE THE ROOM TO ORDER,"She also knew what exaggerated accounts of the affair would be taken home to mainland tea tables, and she felt like sitting down to cry. But she did not. Instead she set her mouth firmly, helped the children restore the room to order."
185,mic_fileid_185_doa35_3spk.wav,text_fileid_185_doa35_spk3.txt,35,35,0.0,3,clean_fileid_185_doa35_spk3.wav,0.075,3,40,-7.582054615020752,10.845417022705078,18.42747163772583,-7.671436309814453,10.446662902832031,18.118099212646484,1.0653572082519531,2.336772918701172,1.2714157104492188,4.263415465000435,0.36003683600029035,0.3849885040008303,5.008440805001555,IT IS THE ADVENT OF THE GREAT NEWSPAPER OWNER AS THE TRUE GOVERNING POWER IN THE POLITICAL MACHINERY OF THE STATE SUPERIOR TO THE OFFICIALS IN THE STATE NOMINATING MINISTERS AND DISMISSING THEM IMPOSING POLICIES AND IN GENERAL USURPING SOVEREIGNTY,"It is the advent of the great newspaper owner as the true governing power in the political machinery of the state, superior to the officials in the state, nominating ministers and dismissing imposing policies, and in general, you're surfing sovereignty."
186,mic_fileid_186_doa243_3spk.wav,text_fileid_186_doa243_spk3.txt,243,243,0.0,3,clean_fileid_186_doa243_spk3.wav,0.05714285714285714,2,35,-4.344594955444336,13.018635749816895,17.36323070526123,-4.406257152557373,12.83200740814209,17.238264560699463,1.114356279373169,3.1243739128112793,2.0100176334381104,4.188199703999089,0.32399874099974113,0.39198024200049986,4.90417868699933,NOT COUNTING MISTER SIMPSON WHO ORDINARILY SAT ELSEWHERE AT THE TOWN'S EXPENSE THEY WARMED THEMSELVES RAPTUROUSLY IN THE VISION OF THE BANQUET LAMP WHICH SPEEDILY BECAME TO THEM MORE DESIRABLE THAN FOOD DRINK OR CLOTHING,"Not counting Mr. Simpson, who ordinarily sat elsewhere at the town's expense, they warmed themselves rapturously in the vision of the banquet lamp, which steadily became to them more desirable than food, drink, or clothing."
187,mic_fileid_187_doa342_3spk.wav,text_fileid_187_doa342_spk3.txt,342,342,0.0,3,clean_fileid_187_doa342_spk3.wav,0.02702702702702703,1,37,-8.445295333862305,10.129472732543945,18.57476806640625,-8.543341636657715,9.756583213806152,18.299924850463867,1.0624934434890747,2.3919878005981445,1.3294943571090698,4.809444282999721,0.45131364000008034,0.3661893560001772,5.626947278999978,NAMELY THAT THEY PROFESSED TO FREE US FROM ALL ERRORS AND BRING US TO GOD BY PURE REASON ALONE WITHOUT THAT TERRIBLE PRINCIPLE OF AUTHORITY FOR WHAT ELSE INDUCED ME TO ABANDON THE FAITH OF MY CHILDHOOD,"Namely, that they professed to free us from all errors and bring us to God by pure reason alone, without that terrible principle of authority. Or what else induced me to abandon the faith of my childhood?"
188,mic_fileid_188_doa99_3spk.wav,text_fileid_188_doa99_spk3.txt,99,99,0.0,3,clean_fileid_188_doa99_spk3.wav,0.11363636363636363,5,44,-8.648078918457031,10.185795783996582,18.833874702453613,-8.704060554504395,10.002650260925293,18.706710815429688,1.1533710956573486,2.4372243881225586,1.28385329246521,4.399027217000366,0.48632471800010535,0.45866424500036374,5.3440161800008354,LINCOLN WAS SHOUTING IN HIS EAR BUT GRAHAM WAS DEAFENED TO THAT ALL THE OTHERS SAVE THE WOMAN GESTICULATED TOWARDS THE HALL HE PERCEIVED WHAT HAD HAPPENED TO THE UPROAR THE WHOLE MASS OF PEOPLE WAS CHANTING TOGETHER IT WAS NOT SIMPLY A SONG,"Lincoln was shouting in his ear. The ground was deafened to that. All the others saved the woman, gesticulated towards the hall. He perceived what had happened to the upper heart. The whole mass of people was chanting together. It was not simply a song."
189,mic_fileid_189_doa52_3spk.wav,text_fileid_189_doa52_spk3.txt,52,52,0.0,3,clean_fileid_189_doa52_spk3.wav,0.08333333333333333,4,48,-8.172090530395508,10.86648941040039,19.0385799407959,-8.260085105895996,10.682865142822266,18.94295024871826,1.0395536422729492,2.4766201972961426,1.4370665550231934,4.782796956000311,0.58024868099983,0.5328857679996872,5.895931404999828,EARLY IN THE MORNING WITH HER EYES BANDAGED MISS CAVELL WAS LED OUT TO FACE THE RIFLES OF THE HUNS SHE WORE AN ENGLISH FLAG OVER HER BOSOM ONLY GERMANS WERE WITNESSES OF THE EXECUTION BUT THE GERMAN CHAPLAIN WHO ATTENDED SAID THAT SHE DIED LIKE A HEROINE,"Early in the morning with her eye bandaged, Miss Cavill was led out to face the white ass of the Huns. She wore an English flag over her bosom. Only Germans were witnesses of the execution, but the German chaplain who attended said that she died like a heroine."
190,mic_fileid_190_doa193_3spk.wav,text_fileid_190_doa193_spk3.txt,193,193,0.0,3,clean_fileid_190_doa193_spk3.wav,0.05555555555555555,2,36,-8.82811450958252,12.609615325927734,21.437729835510254,-8.88171672821045,12.217138290405273,21.098855018615723,1.0860426425933838,2.521998882293701,1.4359562397003174,4.572773049999341,0.7768456289995811,0.3224431730004653,5.672061851999388,GROWN USED TO FEELING RICH THE CONSCIOUSNESS IN QUESTION FOUND A PROPER PLACE IN RATHER A DENSE LITTLE GROUP OF IDEAS THAT SHE HAD ABOUT HERSELF AND OFTEN IT WAS BY NO MEANS THE LEAST AGREEABLE,"grown used to feeling rich. The consciousness in question found a proper place in rather a dense little group of ideas that she had about herself, and often it was by knowing the least agreeable."
191,mic_fileid_191_doa279_3spk.wav,text_fileid_191_doa279_spk3.txt,279,279,0.0,3,clean_fileid_191_doa279_spk3.wav,0.17391304347826086,8,46,-10.589468002319336,9.670929908752441,20.260397911071777,-10.67361831665039,9.293183326721191,19.966801643371582,1.0601180791854858,2.1047940254211426,1.0446759462356567,4.3844366990006165,0.4522351219993652,0.5149560740001107,5.351627895000092,ALWAYS GET YOUR MONEY IN ADVANCE IS THAT CLEAR TO YOU YES SIR SAID FISHER BUT I THINK YOU WILL ALWAYS FIND THAT MISTER KARA IS ALWAYS MOST GENEROUS ABOUT MONEY DON'T YOU BELIEVE IT DON'T YOU BELIEVE IT MY POOR MAN SAID THE OTHER YOU,"Always get your money in advance. Does that clear you? Yes, sir, I think for sure. But I think you will always find that Mr. Carrick is always most generous about money. Don't you believe it? Don't you believe it, my poor man, said the other. You."
192,mic_fileid_192_doa84_3spk.wav,text_fileid_192_doa84_spk3.txt,84,84,0.0,3,clean_fileid_192_doa84_spk3.wav,0.02702702702702703,1,37,-9.153280258178711,11.22967529296875,20.38295555114746,-9.203950881958008,10.2144775390625,19.418428421020508,1.074704885482788,2.718214750289917,1.643509864807129,4.77095694000036,0.5363213800001176,0.34446739600025467,5.6517457160007325,IT WILL BE BETTER FOR ME TO GO NOW SAID DERONDA WORN IN SPIRIT BY THE PERPETUAL STRAIN OF THIS SCENE REMEMBER WHAT WE SAID OF YOUR TASK TO GET WELL AND CALM BEFORE OTHER FRIENDS COME,"It will be better for me to go now,"" said Duranda, worn in spirit by the perpetual strain of this scene. Remember what we said of your task, to get well and calm before other friends come."
193,mic_fileid_193_doa66_3spk.wav,text_fileid_193_doa66_spk3.txt,66,66,0.0,3,clean_fileid_193_doa66_spk3.wav,0.3225806451612903,10,31,-7.760927200317383,10.088496208190918,17.8494234085083,-7.8253912925720215,9.766363143920898,17.59175443649292,1.1269540786743164,2.4906113147735596,1.3636572360992432,4.739770087000579,0.5624999789997673,0.46738068500053487,5.769650751000881,DAMIANUS A GOES SAXO GRAMMATICUS AUBANUS BOHEMUS SAY THE LIKE OF THEM THAT LIVE IN NORWAY LAPLAND FINMARK BIARMIA CORELIA ALL OVER SCANDIA AND THOSE NORTHERN COUNTRIES THEY ARE MOST HEALTHFUL,"Damienis Aegos, Saxo-Dramaticus, Obanus Bohemus say the like of them that live in Norway, Lapland, Finnmark, Bayamia, Karelia, all over Scandia and those northern countries, they are most helpful."
194,mic_fileid_194_doa63_3spk.wav,text_fileid_194_doa63_spk3.txt,63,63,0.0,3,clean_fileid_194_doa63_spk3.wav,0.13157894736842105,5,38,-6.365967273712158,12.160683631896973,18.52665090560913,-6.576805114746094,11.741680145263672,18.318485260009766,1.1157926321029663,2.827082395553589,1.7112897634506226,4.729821602000811,0.3987077040001168,0.4141148329999851,5.542644139000913,JALIB AL KOOLLOOB AND HER MOTHER DEPARTED FROM THAT VILLAGE TAKING SHORT JOURNEYS TOWARDS ALEPPO THEY USED AT DUSK TO RETIRE NEAR OR INTO THE MOSQUES WHERE THEY PASSED THE NIGHT ON THE MAT IF THERE WAS ANY,"Jalee Balcaloov and her mother departed from that village, taking short journeys towards Aleppo. They used the dust to retire near or into the mosques where they passed the night on the mat, if there was any."
195,mic_fileid_195_doa227_3spk.wav,text_fileid_195_doa227_spk3.txt,227,227,0.0,3,clean_fileid_195_doa227_spk3.wav,0.023809523809523808,1,42,-9.947547912597656,11.182228088378906,21.129776000976562,-10.158502578735352,10.893450736999512,21.051953315734863,1.075954556465149,2.625563859939575,1.5496093034744263,4.383580724001149,0.5646434719992612,0.41952709999986837,5.367751296000279,TO MYSELF AND TO GOD TO POINT OUT TO YOU YOUR DUTIES OUR LIFE HAS BEEN JOINED NOT BY MAN BUT BY GOD THAT UNION CAN ONLY BE SEVERED BY A CRIME AND A CRIME OF THAT NATURE BRINGS ITS OWN CHASTISEMENT,"To myself and to God, I point out to you your duties. Our life has been joined not by man but by God. That union can only be severed by a crime, and a crime of that nature brings its own chastisement."
196,mic_fileid_196_doa111_3spk.wav,text_fileid_196_doa111_spk3.txt,111,111,0.0,3,clean_fileid_196_doa111_spk3.wav,0.029411764705882353,1,34,-6.354781150817871,11.82988166809082,18.18466281890869,-6.411896705627441,11.43606185913086,17.8479585647583,1.0554944276809692,2.7818453311920166,1.7263509035110474,4.223747860000003,0.3103821949998746,0.3877997700001288,4.9219298250000065,IT'S THE WAY OF LIFE MAVOURNEEN UNLESS A COUPLE HAPPENS TO BE SIAMESE TWINS THEY'RE BOUND TO GET SEPARATED IN THE COURSE OF EVENTS MORE OR LESS IF NOT FREQUENTLY I WON'T GO DADDY,"It's the way of life, Maverine. Unless a couple happens to be Siamese twins, they're bound to get separated in the course of events more or less, if not frequently. I won't go, Daddy."
197,mic_fileid_197_doa7_3spk.wav,text_fileid_197_doa7_spk3.txt,7,7,0.0,3,clean_fileid_197_doa7_spk3.wav,0.17073170731707318,7,41,-7.025038719177246,8.882122993469238,15.907161712646484,-7.0746941566467285,8.593305587768555,15.667999744415283,1.0661977529525757,1.8924864530563354,0.8262887001037598,4.763332181999431,0.33638848700047674,0.4125326490002408,5.512253318000148,I DIDN'T SUPPOSE THERE WAS ANY ONE WHO DIDN'T KNOW THOSE SHARP SQUEAKY VOICES THEY RATHER GET ON MY NERVES WHAT ANYBODY WANTS TO SQUEAK LIKE THAT FOR WHEN THEY CAN SING AS ROSEBREAST CAN IS MORE THAN I CAN UNDERSTAND,"I didn't suppose there was anyone who didn't know those sharp, squeaky voices. They rather get on my nerves. When anybody wants a squeak like that or when they can sing as Rose Breast can, is more than I can understand."
198,mic_fileid_198_doa5_3spk.wav,text_fileid_198_doa5_spk3.txt,5,5,0.0,3,clean_fileid_198_doa5_spk3.wav,0.06060606060606061,2,33,-4.8450703620910645,14.768782615661621,19.613852977752686,-4.87082576751709,14.529051780700684,19.399877548217773,1.0504631996154785,2.934230327606201,1.8837671279907227,4.590763720000723,0.5105434329998388,0.33143471000039426,5.432741863000956,WHO WAS RUSHING IN TO SEE WHAT WAS THE MATTER THE PERSON THUS EJECTED WHO WAS A POWERFULLY BUILT YOUNG MAN IN A LEATHERN DOUBLET WITH HIS MUSCULAR ARMS BARED TO THE SHOULDER,"who was rushing in to see what was the matter. The person thus ejected, who was a powerfully built young man in a leathered doublet with his muscular arms bare to the shoulder."
199,mic_fileid_199_doa103_3spk.wav,text_fileid_199_doa103_spk3.txt,103,103,0.0,3,clean_fileid_199_doa103_spk3.wav,0.16216216216216217,6,37,-8.590373992919922,6.817127227783203,15.407501220703125,-8.731094360351562,6.318055152893066,15.049149513244629,1.1090266704559326,1.7999813556671143,0.6909546852111816,4.790876415999264,0.7487022329996762,0.39755936300025496,5.937138011999195,WHITE AND SHADOWY IN THE MOONLIGHT WHERE FOR A LONG TIME AFTER THAT RAMBLE WITH THE VISIONARY I FANCIED THE GATE OF DEATH HIDDEN ONLY BY A STRANGE GLAMOUR AND THE DAZZLING LAND OF GHOSTS WERE SITUATE,"White and shadowy moonlight, where for a long time after that rainbow was the visionary, I fancied the gate of death, hidden only by a strange glamour, and the dazzling land of ghosts resituate."
200,mic_fileid_200_doa315_3spk.wav,text_fileid_200_doa315_spk3.txt,315,315,0.0,3,clean_fileid_200_doa315_spk3.wav,0.391304347826087,9,23,-6.506232261657715,13.080273628234863,19.586505889892578,-6.558311462402344,12.771807670593262,19.330119132995605,1.0490972995758057,2.5103230476379395,1.4612257480621338,4.7646185270004935,0.34244005599975935,0.3443543369994586,5.4514129199997114,NED LAND YELPED DID I SAY SHARKS I EXCLAIMED HASTILY I MEANT ONE HUNDRED FIFTY PEARLS SHARKS WOULDN'T MAKE SENSE INDEED CONSEIL SAID,"Midland yelp. Did I say sharks? I exclaimed tastefully. I know 150 pearls. Sharks wouldn't make sense. Indeed, Consale said."
201,mic_fileid_201_doa210_3spk.wav,text_fileid_201_doa210_spk3.txt,210,210,0.0,3,clean_fileid_201_doa210_spk3.wav,0.02127659574468085,1,47,-8.374540328979492,11.586358070373535,19.960898399353027,-8.515007019042969,11.347025871276855,19.862032890319824,1.0738366842269897,2.7024638652801514,1.6286271810531616,4.332379091000803,0.5015911509999569,0.5504490200000873,5.384419262000847,WHY YOU DON'T DARE SAY YOUR SOUL'S YOUR OWN WHEN LOUISE IS AWAKE THAT CHAPERONE BUSINESS IS ALL HUMBUGGERY UNLESS AN OLD UNCLE LIKE ME CAN BE A CHAPERONE ANYHOW I'M THE ONLY ONE THAT'S GOING TO BE APPOINTED I WON'T WAIT FOR LOUISE TO WAKE UP,"Right. You don't dare say your souls your own when Louise is awake. That chaperone business is all humbuggery. Unless an old uncle like me can be a chaperone. Anyhow, I'm the only one that's going to be appointed. I won't wait for Louise to wake up."
202,mic_fileid_202_doa173_3spk.wav,text_fileid_202_doa173_spk3.txt,173,173,0.0,3,clean_fileid_202_doa173_spk3.wav,0.07142857142857142,2,28,-9.413698196411133,12.014310836791992,21.428009033203125,-9.478385925292969,11.756118774414062,21.23450469970703,1.0546551942825317,2.67170786857605,1.617052674293518,2.647398205999707,0.3411455830000705,0.3616452539999955,3.350189042999773,AND MOST HEARTILY DID SHE REJOICE IN THE HAPPIER CIRCUMSTANCES ATTENDING HER ENTRANCE WITHIN WALLS SO SOLEMN SHE HAD NOTHING TO DREAD FROM MIDNIGHT ASSASSINS OR DRUNKEN GALLANTS,And most heartily did she rejoice in a happier circumstances attending her entrance within walls so solemn. She had nothing to dread from midnight assassins and drunken gallants.
203,mic_fileid_203_doa25_3spk.wav,text_fileid_203_doa25_spk3.txt,25,25,0.0,3,clean_fileid_203_doa25_spk3.wav,0.1111111111111111,5,45,-9.09728717803955,10.67834758758545,19.775634765625,-9.182674407958984,10.372756958007812,19.555431365966797,1.0880093574523926,2.5289440155029297,1.440934658050537,4.623792913000216,0.5915276659998199,0.4561985790005565,5.671519158000592,IF I'D TOLD HER I'D LIKE TO SHOW HER ROUND AND SHE'S BEEN REAL GOOD TO ME NO USE NOW I'LL TAKE THE GIRLS A LOT OF CANDY AND MAKE IT ALL RIGHT HE TRIED TO SETTLE IT IN THAT WAY AND TRUDGED GAYLY OFF,"If I told her, I'd like to show her around and she's been real good to me. No use now. I'll take the girls a lot of Ken and make it all right. He tried to settle it in that way and stretched Galey off."
204,mic_fileid_204_doa320_3spk.wav,text_fileid_204_doa320_spk3.txt,320,320,0.0,3,clean_fileid_204_doa320_spk3.wav,0.11363636363636363,5,44,-9.550413131713867,9.786883354187012,19.33729648590088,-9.665383338928223,9.585200309753418,19.25058364868164,1.0466572046279907,2.28302264213562,1.2363654375076294,4.366093123999235,0.5626889610002763,0.41878705999988597,5.347569144999397,AND I WAS NOT DISPLEASED AT SEEING MY PRAISES IN HIS LETTERS FOR HOWEVER UGLY WE WOMEN MAY BE IT SEEMS TO ME IT ALWAYS PLEASES US TO HEAR OURSELVES CALLED BEAUTIFUL BUT THAT MY OWN SENSE OF RIGHT WAS OPPOSED TO ALL THIS,"And I was not as pleased at seeing my praise in its letters. For, however ugly we women may be, it seems to me it always pleases us to hear ourselves call beautiful, but that my own sense of right was opposed to all this."
205,mic_fileid_205_doa68_3spk.wav,text_fileid_205_doa68_spk3.txt,68,68,0.0,3,clean_fileid_205_doa68_spk3.wav,0.30952380952380953,13,42,-5.781169414520264,13.908051490783691,19.689220905303955,-5.864180564880371,12.816954612731934,18.681135177612305,1.107014775276184,2.1544454097747803,1.0474306344985962,5.154054585999802,0.7643628290006745,0.4714058950003164,6.389823310000793,SO YOU HAVE FOUND YOUR SHEEP DEARIE SHE SAID IN HER CRACKED VOICE YES REPLIED LITTLE BO PEEP WITH DIFFICULTY REPRESSING A SOB BUT LOOK MOTHER THEY VE ALL LEFT THEIR TAILS BEHIND THEM WHY SO THEY HAVE EXCLAIMED THE OLD WOMAN,"So you have found your sheep, Dairy, she said in her crowd voice. Yes, we love little old people, difficult to oppress in a song, but look mother, they've all left their tails behind them. Why so they have, exclaimed the old woman."
206,mic_fileid_206_doa268_3spk.wav,text_fileid_206_doa268_spk3.txt,268,268,0.0,3,clean_fileid_206_doa268_spk3.wav,0.02127659574468085,1,47,-5.587231159210205,13.286337852478027,18.873569011688232,-5.625436305999756,13.113691329956055,18.73912763595581,1.092491626739502,3.04474139213562,1.9522497653961182,4.512206411999614,0.4509821819992794,0.447770386999764,5.410958980998657,I ONLY WANT TO KNOW HOW THAT IS TO BE MANAGED IN THE SIMPLEST WAY POSSIBLE WHEN WE HAVE REACHED THE CENTRE OF THE GLOBE EITHER WE SHALL FIND SOME NEW WAY TO GET BACK OR WE SHALL COME BACK LIKE DECENT FOLKS THE WAY WE CAME,"I only want to know how that is to be managed. In the simplest way possible, when we have reached the center of the globe, either we shall find some new way to get back, or we shall come back like decent folks the way we came."
207,mic_fileid_207_doa242_3spk.wav,text_fileid_207_doa242_spk3.txt,242,242,0.0,3,clean_fileid_207_doa242_spk3.wav,0.06976744186046512,3,43,-7.8460822105407715,11.797111511230469,19.64319372177124,-7.893896579742432,11.252535820007324,19.146432399749756,1.0416591167449951,2.056878089904785,1.01521897315979,4.59503297900028,0.6616648440003701,0.5792831119997572,5.835980935000407,THE BALMY SUMMER FREIGHTED AIR MADE HER FEEL DROWSY SHE LISTENED ABSENTLY TO RUTH'S OCCASIONAL WARNINGS TO KEMP AND TO THE SWIFT DIP OF THE OARS NOW WE HAVE CLEAR SAILING FOR A STRETCH SAID RUTH AS THEY CAME TO A BROAD CURVE,"The balmy, summer-frighted air made her feel drowsy. She listened absently to Ruth's occasional warnings to Kemp, and to the swift dip of the oars. Now we have clear saline for a stretch, said Ruth, as they came to a broad curve."
208,mic_fileid_208_doa223_3spk.wav,text_fileid_208_doa223_spk3.txt,223,223,0.0,3,clean_fileid_208_doa223_spk3.wav,0.1590909090909091,7,44,-10.39240550994873,10.898931503295898,21.29133701324463,-10.60139274597168,10.426697731018066,21.028090476989746,1.0771973133087158,2.2824575901031494,1.2052602767944336,4.563594389000173,0.5128937039999073,0.4086115729996891,5.485099665999769,AND KWAIRYO KNEW THAT THE POWER OF THE GOBLINS WAS LIMITED TO THE HOURS OF DARKNESS HE LOOKED AT THE HEAD CLINGING TO HIS SLEEVE ITS FACE ALL FOULED WITH BLOOD AND FOAM AND CLAY AND HE LAUGHED ALOUD AS HE THOUGHT TO HIMSELF,"and quite a new power of the gobbles was limited to the hours of darkness. He looked at the head, clinging to his sleeve, its face all fell with blood and foam, clay, and he laughed aloud as he thought to himself."
209,mic_fileid_209_doa264_3spk.wav,text_fileid_209_doa264_spk3.txt,264,264,0.0,3,clean_fileid_209_doa264_spk3.wav,0.10526315789473684,4,38,-6.809341907501221,10.948907852172852,17.758249759674072,-6.917497634887695,10.765904426574707,17.683402061462402,1.1166536808013916,2.683363676071167,1.5667099952697754,4.312314568000147,0.35998778299926926,0.3696225530002266,5.041924903999643,PLAYED CARDS A LITTLE OR YAWNING AND IN PYJAMAS LOUNGED THROUGH THE DAY IN EASY CHAIRS WITHOUT SAYING A WORD THE HOSPITAL STOOD ON A HILL AND A GENTLE BREEZE ENTERING THROUGH THE WINDOWS ALWAYS FLUNG WIDE OPEN,"Played cards a little more yawning and in pajamas, lounge through the day in easy chairs without saying a word. The hospital stood on a hill, and the gentle breeze entering through the windows always flung wide open."
210,mic_fileid_210_doa350_3spk.wav,text_fileid_210_doa350_spk3.txt,350,350,0.0,3,clean_fileid_210_doa350_spk3.wav,0.0,0,30,-9.290023803710938,11.296465873718262,20.5864896774292,-9.42538833618164,10.75294017791748,20.17832851409912,1.0556793212890625,2.6740798950195312,1.6184005737304688,4.954328551000799,0.595957881000686,0.3275558519999322,5.877842284001417,AND AFTER A PERIOD OF HESITATION SCRAMBLED OFF THE TRANSLUCENT MATTRESS AND TRIED TO STAND ON THE CLEAN WHITE FLOOR OF HIS LITTLE APARTMENT HE HAD MISCALCULATED HIS STRENGTH HOWEVER,"And after a period of hesitation, scrambled off the translucent mattress, and tried to stand on the clean white floor of his little apartment. He had miscalculated his strength, however."
211,mic_fileid_211_doa98_3spk.wav,text_fileid_211_doa98_spk3.txt,98,98,0.0,3,clean_fileid_211_doa98_spk3.wav,0.2727272727272727,9,33,-8.050431251525879,10.082859992980957,18.133291244506836,-8.155784606933594,9.802903175354004,17.958687782287598,1.1232001781463623,2.2224326133728027,1.0992324352264404,4.722691439999835,0.41092526499960513,0.4094808070003637,5.543097511999804,SAID CRAGGS PUSHING BILLY TOWARDS THEM AS HE SPOKE FAIX AND YE MIGHT HAVE GOT WORSE MUTTERED A VERY OLD MAN BILLY TRAYNOR HAS THE LUCKY HAND HOW IS MY LORD NOW NELLY,"said Craggs, pushing Billy towards the mess he spoke. Fake, and you might have got worse, might have been a very old man. Billy trainer has the lucky hand. How is my lord now, Lully?"
212,mic_fileid_212_doa339_3spk.wav,text_fileid_212_doa339_spk3.txt,339,339,0.0,3,clean_fileid_212_doa339_spk3.wav,0.22727272727272727,10,44,-4.4287614822387695,11.787602424621582,16.21636390686035,-4.470969200134277,11.604037284851074,16.07500648498535,1.0801724195480347,2.64754319190979,1.5673707723617554,4.824985088000176,0.40407425400007924,0.5358669529996405,5.764926294999896,I'M SURE THAT IS ALL YOU COULD EXPECT FROM US THAT'S A MEASLY SHAME FRANK OBJECTED BLUFF IMPETUOUSLY WHEN IT WAS ANDY LASHER WHO BROKE THE WINDOW ADDED JERRY FILLED WITH RIGHTEOUS INDIGNATION YOU ONLY DUCKED FRANK WHEN YOU SAW IT HEADED YOUR WAY,"I'm sure that is all you could expect from us. That's a loosely shamed crank, objective cough, impetuously. When it was Amy Ransher who broke the window, and the jerry filled with righteous indignation, you only ducked crank when you saw it headed your way."
213,mic_fileid_213_doa265_3spk.wav,text_fileid_213_doa265_spk3.txt,265,265,0.0,3,clean_fileid_213_doa265_spk3.wav,0.02127659574468085,1,47,-6.631473064422607,10.684582710266113,17.31605577468872,-6.711244583129883,10.321040153503418,17.0322847366333,1.1488388776779175,2.483044147491455,1.3342052698135376,4.726621309999246,0.5515257560000464,0.4997284249993754,5.777875490998667,HE WILL TELL THEE WHAT HAS BECOME OF HER AND HE RETURNED TO HIS COMPANIONS THE OLD MAN REMAINED MOTIONLESS HE FELT THAT SOME GREAT AND UNFORESEEN MISFORTUNE HUNG OVER HIS HEAD AT LENGTH HE ADVANCED TOWARD THE GROUP THE MEANING OF WHICH HE COULD NOT COMPREHEND,"He will tell thee what had become of her, and he returned to his companions. The old man remained motionless. He felt that some great and unforeseen misfortune hung over his head. At length, he advanced toward the group, the meaning of which he could not comprehend."
214,mic_fileid_214_doa169_3spk.wav,text_fileid_214_doa169_spk3.txt,169,169,0.0,3,clean_fileid_214_doa169_spk3.wav,0.14285714285714285,5,35,-9.495709419250488,8.922894477844238,18.418603897094727,-9.577186584472656,8.430374145507812,18.00756072998047,1.1727842092514038,1.896986961364746,0.7242027521133423,4.728567224001381,0.6482027190004374,0.36983883299944864,5.746608776001267,P E ISLAND CAN BIRDS DEAR TEACHER I THINK I WILL WRITE YOU A COMPOSITION ABOUT BIRDS BIRDS IS VERY USEFUL ANIMALS MY CAT CATCHES BIRDS HIS NAME IS WILLIAM BUT PA CALLS HIM TOM,"PE Violent and Birds. Dear teacher, I think I will write you a composition about birds. Birds is very useful animals. My cat catches birds. His name is William, but Todd calls him Tom."
215,mic_fileid_215_doa263_3spk.wav,text_fileid_215_doa263_spk3.txt,263,263,0.0,3,clean_fileid_215_doa263_spk3.wav,0.0,0,32,-8.895354270935059,14.160604476928711,23.05595874786377,-8.962987899780273,13.88270378112793,22.845691680908203,1.033344030380249,2.507718086242676,1.4743740558624268,4.330647249999856,0.44608414600043034,0.339054613999906,5.115786010000193,THEY WERE RELATED TO THE WEASELS WHO LIVED UP BY THE FARMYARD AND HAD THE SAME SLENDER AND ELEGANT BODIES AND SHORT LEGS AS THEY LIKE THE WEASELS THEY SOMETIMES CLIMBED TREES,"They were related to the weasels who lived up by the farmyard and had the same slender and elegant bodies and short legs as they. Like the weasels, they sometimes climbed trees."
216,mic_fileid_216_doa252_3spk.wav,text_fileid_216_doa252_spk3.txt,252,252,0.0,3,clean_fileid_216_doa252_spk3.wav,0.1724137931034483,5,29,-8.830523490905762,12.760004043579102,21.590527534484863,-8.9293212890625,12.498302459716797,21.427623748779297,1.0581369400024414,3.112720489501953,2.0545835494995117,4.636574909999581,0.3882197779994385,0.34866986199995154,5.373464549998971,THEN THERE ARE MISTER HOLLIS AND LADY FLORA AND THE CUSHATS AND THE GOGOFFS RATHER A RAGGED LOT REMARKED GRANDCOURT AFTER A WHILE WHY DID YOU ASK THE GOGOFFS,Then there are Mr. Hollis and Lady Flora and the Cushats and the Gogoths. Rather a ragged lot remarked Grand Court after a while. Why did you ask the Gogoths?
217,mic_fileid_217_doa185_3spk.wav,text_fileid_217_doa185_spk3.txt,185,185,0.0,3,clean_fileid_217_doa185_spk3.wav,0.3,12,40,-7.248194694519043,8.793822288513184,16.042016983032227,-7.299422740936279,8.55466079711914,15.85408353805542,1.0913492441177368,2.3790125846862793,1.2876633405685425,4.567428016999656,0.5315477149997605,0.4018952070000523,5.500870938999469,MADAME HAD COMMISSIONED HER TO BUY IT IN THE TOWN AND CONVEY IT TO HER BED ROOM UPON THIS MISSUS RUSK IMPOUNDED THE FLASK AND WITH ANNE BESIDE HER RATHER PRECIPITATELY APPEARED BEFORE THE MASTER HE HEARD AND SUMMONED MADAME,"Madame had commissioned her to bite and detain and convey it to her bedroom. Upon this Mrs. Russ compounded the plans and with Anne beside her, rather precipitantly appeared before the master. He heard and summoned Madame."
218,mic_fileid_218_doa205_3spk.wav,text_fileid_218_doa205_spk3.txt,205,205,0.0,3,clean_fileid_218_doa205_spk3.wav,0.07142857142857142,3,42,-9.096170425415039,11.496537208557129,20.592707633972168,-9.27638053894043,11.21047592163086,20.48685646057129,1.046210765838623,2.55683970451355,1.5106289386749268,4.1286776500001,0.3441415669994967,0.4442545460005931,4.9170737630001895,THUS SAITH THE LORD I HAVE ANOINTED THEE KING OVER ISRAEL AND THOU SHALT SMITE THE HOUSE OF AHAB THY MASTER THAT I MAY AVENGE THE BLOOD OF MY SERVANTS THE PROPHETS AND THE BLOOD OF ALL THE SERVANTS OF THE LORD,"Thou saith the Lord, I am anointed the king over Israel, and thou shalt smite the house of Ahab thy master, that I may avenge the blood of my servants the prophets, and the blood of all the servants of the Lord."
219,mic_fileid_219_doa109_3spk.wav,text_fileid_219_doa109_spk3.txt,109,109,0.0,3,clean_fileid_219_doa109_spk3.wav,0.07692307692307693,2,26,-10.478233337402344,11.327136039733887,21.80536937713623,-10.655198097229004,10.961493492126465,21.61669158935547,1.0607281923294067,2.4220643043518066,1.3613361120224,4.224857083999268,0.40127793600004225,0.31466269500015187,4.940797714999462,NOT UNWILLING TO TALK AND YET SO FAR FROM PUSHING SHEWING SO PROPER AND BECOMING A DEFERENCE SEEMING SO PLEASANTLY GRATEFUL FOR BEING ADMITTED TO HARTFIELD,"not unrolling to talk, and yet so far from pushing, showing so proper, and becoming a deference, seeming so pleasantly grateful for being admitted to Hartfield."
220,mic_fileid_220_doa331_3spk.wav,text_fileid_220_doa331_spk3.txt,331,331,0.0,3,clean_fileid_220_doa331_spk3.wav,0.21621621621621623,8,37,-9.166923522949219,12.311741828918457,21.478665351867676,-9.273171424865723,12.173652648925781,21.446824073791504,1.0801284313201904,2.7881503105163574,1.708021879196167,4.623328340999251,0.363831537999431,0.37141586300003837,5.35857574199872,SAID HE AS HE SEATED HIMSELF AND A FINE YOUNG CRAYTURE TOO PUER INGENUUS WITH A GRAND FRONTAL DEVELOPMENT AND WITH THIS REFLECTION HE ADDRESSED HIMSELF TO THE COARSE BUT ABUNDANT FARE WHICH CRAGGS PLACED BEFORE HIM,"set him as he seated himself, and a fine young creature too, pure in genus, with a grand frontal development, and with this reflection he addressed himself to the coarse but abundant fair which crags placed before him."
221,mic_fileid_221_doa91_3spk.wav,text_fileid_221_doa91_spk3.txt,91,91,0.0,3,clean_fileid_221_doa91_spk3.wav,0.1111111111111111,3,27,-7.470360279083252,10.891256332397461,18.361616611480713,-7.524777412414551,10.20237922668457,17.72715663909912,1.0636838674545288,2.209153413772583,1.1454695463180542,4.143830823999451,0.3590285770005721,0.28332067000064853,4.786180071000672,THE UNHAPPY WRETCH WHO ASPIRES TO DELIVERANCE FINDS MEANS SOMETIMES WITHOUT TOOLS SOMETIMES WITH A COMMON WOODEN HANDLED KNIFE TO SAW A SOU INTO TWO THIN PLATES,"The unhappy wretch who aspires to deliverance finds means sometimes without tools, sometimes with a common wooden-handled knife to saw a sue into two thin plates."
222,mic_fileid_222_doa290_3spk.wav,text_fileid_222_doa290_spk3.txt,290,290,0.0,3,clean_fileid_222_doa290_spk3.wav,0.07142857142857142,3,42,-10.49843692779541,10.239049911499023,20.737486839294434,-10.59914493560791,9.648092269897461,20.24723720550537,1.0672186613082886,2.544945001602173,1.4777263402938843,4.746666310000364,0.5282323589999578,0.4524374889997489,5.727336158000071,WITH STERN LIPS AND UPTURNED HANDS AND EYES AND AN ANGRY EXPOSTULATION I DO WONDER AT YOU MARY QUINCE LETTING THE CHILD WALK INTO THE WOOD WITH THAT LIMB OF DARKNESS IT IS A MERCY HE DID NOT SHOW HER THE DEVIL,"with stern lips and upturned hands and eyes, and an angry expostulation. I do wonder, Achoo, Mary Quince, letting the child walk into the woods with that limb of darkness. It is a mercy he did not show her the devil."
223,mic_fileid_223_doa261_3spk.wav,text_fileid_223_doa261_spk3.txt,261,261,0.0,3,clean_fileid_223_doa261_spk3.wav,0.08333333333333333,3,36,-12.03228759765625,10.926859855651855,22.959147453308105,-12.184085845947266,10.421998977661133,22.6060848236084,1.0397043228149414,2.2526285648345947,1.2129242420196533,5.100267783999698,0.6915676389999135,0.38467909900009545,6.176514521999707,ALL OF WHOM HAD BEEN EXPELLED FROM ADJACENT STATES TILL ROME BECAME THEIR LAST RALLYING POINT AND TO MANY THEIR FINAL RESTING PLACE AMONG THESE WAS TO BE SEEN EVERY VARIETY OF AGE SENTIMENT AND CONDITION,"All of them had been expelled from adjacent states, to Rome became their last rallying court, and to many, their final resting place. Among these was to be seen every variety of age, sentiment, and condition."
224,mic_fileid_224_doa248_3spk.wav,text_fileid_224_doa248_spk3.txt,248,248,0.0,3,clean_fileid_224_doa248_spk3.wav,0.14285714285714285,6,42,-9.162010192871094,10.262128829956055,19.42413902282715,-9.246712684631348,10.065361022949219,19.312073707580566,1.065206527709961,2.246298313140869,1.1810917854309082,4.833805444000063,0.4855481829999917,0.5002956959997391,5.819649322999794,HIS FACE TURNED WHITE AND HE TREMBLED IN HIS SHOES WORTHLESS MEN ARE FREQUENTLY COWARDS LADY ISABEL TREMBLED IN HERS AND WELL SHE MIGHT HEARING THAT ONE ALLUSION THEY SET UPON HIM TWENTY PAIRS OF HANDS AT LEAST STRONG ROUGH DETERMINED HANDS,"His face turned white and he trembled in his shoes. Workless men are frequently cowards. Lady Isabel trembled at hers, and while she might, hearing that one illusion, they sat upon him, twenty pairs' hands at least, strong, rough, determined hands."
225,mic_fileid_225_doa236_3spk.wav,text_fileid_225_doa236_spk3.txt,236,236,0.0,3,clean_fileid_225_doa236_spk3.wav,0.125,5,40,-8.789403915405273,10.275184631347656,19.06458854675293,-8.97330093383789,10.005794525146484,18.979095458984375,1.0642133951187134,2.7132229804992676,1.6490095853805542,3.848219357999369,0.39249131999986275,0.4305553140002303,4.671265991999462,HER VOICE WAS QUITE LOW BUT IT MADE A SHIVER GO UP AND DOWN PAUL IRVING'S SPINE JOE SLOANE CAUGHT HER EYE FELT RESPONSIBLE FROM THE CROWN OF HIS HEAD TO THE SOLE OF HIS FEET BUT STUTTERED OUT WILDLY,"Her voice was quite low, and it made a shiver go up and down Paul Irving's spine. Joe Sloan caught her eye, and felt responsible from the crowd in his head to the sole of his feet, but stuttered out wildly."
226,mic_fileid_226_doa127_3spk.wav,text_fileid_226_doa127_spk3.txt,127,127,0.0,3,clean_fileid_226_doa127_spk3.wav,0.0,0,33,-9.771942138671875,10.237456321716309,20.009398460388184,-9.876951217651367,9.953591346740723,19.83054256439209,1.0685842037200928,2.5036017894744873,1.4350175857543945,4.565704356000424,0.42880834999959916,0.3188896779993229,5.313402383999346,HE LOOKED ABOUT HIM AT THE CLEAN AND BEAUTIFUL FORM OF THE APARTMENT UNSTAINED BY ORNAMENT AND SAW THAT THE ROOF WAS BROKEN IN ONE PLACE BY A CIRCULAR SHAFT FULL OF LIGHT,"He looked about him at the clean and beautiful form of the apartment, unstained by ornament, and saw that the roof was broken in one place by a circular shaft full of light."
227,mic_fileid_227_doa208_3spk.wav,text_fileid_227_doa208_spk3.txt,208,208,0.0,3,clean_fileid_227_doa208_spk3.wav,0.02564102564102564,1,39,-9.358013153076172,10.133058547973633,19.491071701049805,-9.476689338684082,9.909987449645996,19.386676788330078,1.1702299118041992,2.3481130599975586,1.1778831481933594,4.212876855999639,0.44150609000007535,0.418683541000064,5.073066486999778,IN EVERY POINT OUR ENTERTAINMENT WAS SUPERB AND I REMARKED THAT THE MUSIC WAS THE FINEST I HAD HEARD FOR YEARS OUR HOST WAS IN JOYOUS SPIRITS PROUD TO SURVEY THE SPLENDID COMPANY HE HAD GATHERED UNDER HIS ROOF,"At every point our entertainment was superb and I remarked that the music was the finest I had heard for years. Our host was in joyous spirits, proud to survey the splendid company he had gathered under his roof."
228,mic_fileid_228_doa172_3spk.wav,text_fileid_228_doa172_spk3.txt,172,172,0.0,3,clean_fileid_228_doa172_spk3.wav,0.04878048780487805,2,41,-10.9480562210083,9.14998722076416,20.09804344177246,-11.221029281616211,8.697465896606445,19.918495178222656,1.060605525970459,2.061784505844116,1.0011789798736572,4.18191478100016,0.495795060999626,0.46989253599986114,5.147602377999647,THERE IT IS TAKE IT UPSTAIRS I'LL BE WITH YOU AS SOON AS I'VE REPORTED BUT THAT ISN'T YOUR SUIT CASE PATTY SHOOK HER HEAD MYSTERIOUSLY IF YOU TRIED A THOUSAND YEARS YOU'D NEVER GUESS WHO OWNS IT WHO PATTY LAUGHED,"There it is. Take it upstairs. I'll be with you as soon as I've reported. But that isn't your suitcase. Patty shook her head mysteriously. If you tried a thousand years, you'd never guess who owns it. Who? Patty laughed."
229,mic_fileid_229_doa261_3spk.wav,text_fileid_229_doa261_spk3.txt,261,261,0.0,3,clean_fileid_229_doa261_spk3.wav,0.2222222222222222,6,27,-6.042236328125,13.515487670898438,19.557723999023438,-6.089451313018799,13.039138793945312,19.12859010696411,1.1237025260925293,2.9995551109313965,1.8758525848388672,4.5581848900001205,0.3101338159995066,0.28338292999978876,5.151701635999416,CONDE OBTAINED THE VICTORY AT BLENAN AND IN APRIL SIXTEEN FIFTY TWO ADVANCED TO PARIS TURENNE WHO HAD TAKEN THE COMMAND OF THE FRENCH ARMY FOLLOWED HIM,"Kondo obtained the victory at Belenin and in April 1652 advanced to Paris. Taren, who had taken the command of the French army, followed him."
230,mic_fileid_230_doa342_3spk.wav,text_fileid_230_doa342_spk3.txt,342,342,0.0,3,clean_fileid_230_doa342_spk3.wav,0.13636363636363635,6,44,-7.0084123611450195,13.781708717346191,20.79012107849121,-7.041779518127441,13.594589233398438,20.63636875152588,1.0823758840560913,2.9535157680511475,1.8711398839950562,4.534521843999755,0.4863361600000644,0.432149451999976,5.453007455999796,I'LL TAKE CARE OF HER IT WAS VERY NAUGHTY TO COME BAB BUT SO LONG AS YOU DID YOU NEEDN'T WORRY ABOUT ANY THING I'LL SEE TO YOU AND YOU SHALL HAVE A REAL GOOD TIME SAID BEN ACCEPTING HIS RESPONSIBILITIES WITHOUT A MURMUR,"I'll take care of her. It was very naughty to come back, but so long as you did, you needed more about anything. I'll see you, and you shall have a real good time,"" said Ben, accepting his responsibilities without a murmur."
231,mic_fileid_231_doa125_3spk.wav,text_fileid_231_doa125_spk3.txt,125,125,0.0,3,clean_fileid_231_doa125_spk3.wav,0.0,0,31,-8.179356575012207,12.471596717834473,20.65095329284668,-8.251090049743652,11.971541404724121,20.222631454467773,1.2386006116867065,2.523972272872925,1.2853716611862183,4.318252097998993,0.5215758260001166,0.3261938050000026,5.166021728999112,WHEN WE FIRED A VOLLEY ONE OF THE PRISONERS SAID LATER INSTEAD OF FALLING BACK THEY CAME FORWARD THAT IS NOT THE WAY TO FIGHT TO COME CLOSER AT EVERY VOLLEY,"When we fired a volley, one of the prisoners said later, instead of falling back, they came forward. That is not the way to fight, to come closer at every volley."
232,mic_fileid_232_doa59_3spk.wav,text_fileid_232_doa59_spk3.txt,59,59,0.0,3,clean_fileid_232_doa59_spk3.wav,0.07894736842105263,3,38,-4.78447151184082,12.983856201171875,17.768327713012695,-4.8255510330200195,12.872543334960938,17.698094367980957,1.1122386455535889,2.7336385250091553,1.6213998794555664,4.7047605660000045,0.41750677900017763,0.4153927730003488,5.537660118000531,NOT AN EYE BUT WAS DIRECTED UPON HIM OR ELSE SUNK IN TIMIDITY SETTLED UPON THE FLOOR AND YOUNG LADIES SERIOUSLY LOST THE POWER FOR A TIME OF DOING MORE THAN MURMURING A FEW CONFUSED HALF INARTICULATE SYLLABLES,"Not an eye, but was directed upon him, or else sunk it to midity, settled upon the floor, and young ladies seriously lost the power for a time of doing more than murmuring a few confused, half inarticulate syllables."
233,mic_fileid_233_doa294_3spk.wav,text_fileid_233_doa294_spk3.txt,294,294,0.0,3,clean_fileid_233_doa294_spk3.wav,0.15555555555555556,7,45,-5.97365140914917,14.694314002990723,20.667965412139893,-6.023277759552002,14.49444580078125,20.517723560333252,1.0935883522033691,3.4595837593078613,2.365995407104492,4.605539320999924,0.543125169000632,0.41486665699994774,5.5635311470005036,I WAS FINALLY ASSURED THAT THERE WAS NO DANGER OF IT SOLIDIFYING BY THE NEXT DAY MARCH TWENTY SEVENTH SIX METERS OF ICE HAD BEEN TORN FROM THE SOCKET ONLY FOUR METERS WERE LEFT TO BE REMOVED THAT STILL MEANT FORTY EIGHT HOURS OF WORK,"I was finally assured that there was no danger that solidified. By the next day, March 27, six meters of ice had been torn from the socket. Only four meters were left to be removed. That still meant 48 hours of work."
234,mic_fileid_234_doa1_3spk.wav,text_fileid_234_doa1_spk3.txt,1,1,0.0,3,clean_fileid_234_doa1_spk3.wav,0.07317073170731707,3,41,-9.769864082336426,8.204201698303223,17.97406578063965,-9.91158390045166,7.947548866271973,17.859132766723633,1.0718449354171753,1.9478964805603027,0.8760515451431274,4.779261220999615,0.5305677850001302,0.42350354500013054,5.733332550999876,BUT NO SOONER HAD THE YOUNG INVENTOR SENT OFF THE FIRST FEW DOTS AND DASHES REPRESENTING S I HIS HOME STATION CALL THAN HE STARTED AND A LOOK OF SURPRISE CAME OVER HIS FACE THEY'RE CALLING US HE EXCLAIMED WHO IS,"But no sooner had the young inventor sent off the first few dots and dashes representing SI, this home station call, than he started, and a look of surprise came over his face. They're calling us, he exclaimed. Who is?"
235,mic_fileid_235_doa122_3spk.wav,text_fileid_235_doa122_spk3.txt,122,122,0.0,3,clean_fileid_235_doa122_spk3.wav,0.04081632653061224,2,49,-6.412445545196533,11.217269897460938,17.62971544265747,-6.470515251159668,11.047931671142578,17.518446922302246,1.0920000076293945,2.7605507373809814,1.668550729751587,4.976117088999672,0.5348336659999404,0.47294426200005546,5.983895016999668,IN BRIEF THE CASE AGAINST THE GERMAN AUTHORITIES IS AS FOLLOWS THEY HAD NOT PREVIOUSLY INFLICTED THE DEATH PENALTY FOR THE OFFENSE OF WHICH MISS CAVELL WAS ACCUSED THEY HAD KEPT HER IN SOLITARY CONFINEMENT AND PREVENTED HER FROM CONSULTING AN ADVOCATE UP TO THE TIME OF HER TRIAL,"In brief, the case against the German authorities is as follows. They had not previously inflicted the death penalty for the offense of which Ms. Cavill was accused. They had kept her in solitary confinement and prevented her from consulting an advocate up to the time of her trial."
236,mic_fileid_236_doa331_3spk.wav,text_fileid_236_doa331_spk3.txt,331,331,0.0,3,clean_fileid_236_doa331_spk3.wav,0.125,6,48,-7.352340221405029,11.202217102050781,18.55455732345581,-7.432112216949463,10.907111167907715,18.339223384857178,1.1643953323364258,3.009666681289673,1.845271348953247,4.338359698999739,0.491017749999628,0.46281715300028736,5.292194601999654,AT NINE O'CLOCK NEXT MORNING SHE AROSE AND WITHOUT RINGING FOR HER MAID OR GIVING THE LEAST SIGN OF HER ACTIVITY SHE DRESSED HERSELF IN THE SAME SIMPLE STYLE AS ON THE PREVIOUS NIGHT THEN RUNNING DOWN STAIRS SHE LEFT THE HOTEL WALKED TO THE RUE DE PROVENCE,"At 9 o'clock next morning she arose, and without bringing her maid or giving the least sign of her activity, she dressed herself in the same simple style as on the previous night. Then, right downstairs, she left the hotel, walked to the Rue de Provence."
237,mic_fileid_237_doa201_3spk.wav,text_fileid_237_doa201_spk3.txt,201,201,0.0,3,clean_fileid_237_doa201_spk3.wav,0.06666666666666667,3,45,-11.352120399475098,5.919853210449219,17.271973609924316,-11.628952026367188,5.672876358032227,17.301828384399414,1.1518160104751587,1.8549556732177734,0.7031396627426147,4.518324857001062,0.4327856299996711,0.43706636499973683,5.38817685200047,THERE WAS NEVER A BON MOT BUT IN FRENCH ANNE PAID A DEAL OF ATTENTION TO HER COINS ESPECIALLY TO COPPER COINS WHICH ARE THE LOW AND POPULAR ONES SHE WANTED TO CUT A GREAT FIGURE ON THEM SIX FARTHINGS WERE STRUCK DURING HER REIGN,"There was never a Bourbon, but in French. Anne paid a deal of attention to her coins, especially to copper coins, which are the low and popular ones. She wanted to cut a great figure on them. Six philings were struck during her reign."
238,mic_fileid_238_doa273_3spk.wav,text_fileid_238_doa273_spk3.txt,273,273,0.0,3,clean_fileid_238_doa273_spk3.wav,0.075,3,40,-7.604065418243408,14.691011428833008,22.295076847076416,-7.656783580780029,14.276695251464844,21.933478832244873,1.0935500860214233,2.7627313137054443,1.669181227684021,4.630208329000197,0.38130118400022184,0.4165620289995786,5.428071541999998,OF WHICH AMERICA IS THE FIELD THE JESUITS SAW THEIR HOPES STRUCK DOWN AND THEIR FAITH THOUGH NOT SHAKEN WAS SORELY TRIED THE PROVIDENCE OF GOD SEEMED IN THEIR EYES DARK AND INEXPLICABLE BUT FROM THE STAND POINT OF LIBERTY,"of which America is the field. The Jesuits saw their ropes struck down, and their faith, though not shaken, was sorely tried. The providence of God seemed in their eyes dark and inexplicable, but from the standpoint of liberty."
239,mic_fileid_239_doa159_3spk.wav,text_fileid_239_doa159_spk3.txt,159,159,0.0,3,clean_fileid_239_doa159_spk3.wav,0.125,6,48,-9.794547080993652,10.673605918884277,20.46815299987793,-9.858780860900879,10.114860534667969,19.973641395568848,1.0652928352355957,2.354790210723877,1.2894973754882812,4.519347514000401,0.4008487020000757,0.4373700229998576,5.3575662390003345,BY MY FAITH SENOR BACHELOR IF YOUR WORSHIP TAKES MY ADVICE YOU WILL NEVER CHALLENGE ANYONE TO FENCE AGAIN ONLY TO WRESTLE AND THROW THE BAR FOR YOU HAVE THE YOUTH AND STRENGTH FOR THAT BUT AS FOR THESE FENCERS AS THEY CALL THEM I HAVE HEARD SAY,"By my fakes, if your worship takes my advice, you will never challenge anyone to fence again, only to wrestle and throw the bar, for you have the use and strength for that. But as for these mencers, as they call them, I am heard say..."
240,mic_fileid_240_doa325_3spk.wav,text_fileid_240_doa325_spk3.txt,325,325,0.0,3,clean_fileid_240_doa325_spk3.wav,0.07692307692307693,3,39,-9.696233749389648,10.567405700683594,20.263639450073242,-9.764720916748047,9.951809883117676,19.716530799865723,1.0591474771499634,2.375291347503662,1.3161438703536987,4.697465549001208,0.38614211900039663,0.3849774880000041,5.468585156001609,BUT NO ON REFLECTION THE PROCUREUR WAS NOT A MERCILESS MAN AND IT WAS NOT THE MAGISTRATE SLAVE TO HIS DUTIES BUT THE FRIEND THE LOYAL FRIEND WHO ROUGHLY BUT FIRMLY CUT INTO THE VERY CORE OF THE CORRUPTION,"But no, on reflection the Procurer was not a worthless man, and it was not the magistrate slaved to his duties but the friend, the loyal friend, who roughly but firmly cut into the very core of the corruption."
241,mic_fileid_241_doa217_3spk.wav,text_fileid_241_doa217_spk3.txt,217,217,0.0,3,clean_fileid_241_doa217_spk3.wav,0.1590909090909091,7,44,-5.6317830085754395,14.456304550170898,20.088087558746338,-5.658905029296875,14.163847923278809,19.822752952575684,1.0550419092178345,2.505389928817749,1.4503480195999146,4.89557891899949,0.40647151700068207,0.3936644530003832,5.695714889000556,BY HER CONSCIOUS PRIDE IN BEING ABLE TO DO WITHOUT THEM ALL IF NEED WERE BUT THE CLOUD NEVER COMES IN THAT QUARTER OF THE HORIZON FROM WHICH WE WATCH FOR IT THERE HAD BEEN SLIGHT COMPLAINTS AND PASSING REGRETS ON HER MOTHER'S PART,by her conscious pride in being able to do without them all if need were. That the cloud never comes in that corner of the horizon in which we live for it. There have been slight complaints of passing regrets in her mother's part.
242,mic_fileid_242_doa20_3spk.wav,text_fileid_242_doa20_spk3.txt,20,20,0.0,3,clean_fileid_242_doa20_spk3.wav,0.07142857142857142,3,42,-9.835501670837402,11.484016418457031,21.319518089294434,-9.992196083068848,11.149139404296875,21.141335487365723,1.052757978439331,2.2321012020111084,1.1793432235717773,4.855110604999936,0.5767211970005519,0.44506737099982274,5.876899173000311,AND STOOD UPRIGHT AND MOTIONLESS BEHIND THE SEAT THEN THE SHERIFF PLACED HIS BUNCH OF ROSES ON THE STONE TABLE PUT ON SPECTACLES WHICH THE SECRETARY GAVE HIM DREW FROM THE BUNDLES OF PAPERS WHICH COVERED THE TABLE A SHEET OF PARCHMENT,"and stood upright and motionless behind the seat. Then the sheriff placed his bunch of roses on the stone table, but all in spectacles which the secretary gave him, drew from the bundles of papers which covered the table a sheet of parchment."
243,mic_fileid_243_doa137_3spk.wav,text_fileid_243_doa137_spk3.txt,137,137,0.0,3,clean_fileid_243_doa137_spk3.wav,0.17142857142857143,6,35,-9.767840385437012,7.823659420013428,17.59149980545044,-9.886750221252441,7.362573623657227,17.249323844909668,1.065058946609497,1.781219244003296,0.7161602973937988,5.353213574999245,0.8292127690001507,0.34710678800001915,6.529533131999415,INDEPENDENCE DAY JULY FOURTH NINETEEN SEVENTEEN IS THE OCCASION FOR TWO DEMONSTRATIONS IN THE NAME OF LIBERTY CHAMP CLARK LATE DEMOCRATIC SPEAKER OF THE HOUSE IS DECLAIMING TO A CHEERING CROWD BEHIND THE WHITE HOUSE,"Independence Day 24th, 1970 is the occasion for two demonstrations in the name of liberty. Champ Clark, late Democratic Speaker of the House, is declining to a cheering crowd by the White House."
244,mic_fileid_244_doa243_3spk.wav,text_fileid_244_doa243_spk3.txt,243,243,0.0,3,clean_fileid_244_doa243_spk3.wav,0.046511627906976744,2,43,-9.986495971679688,10.328420639038086,20.314916610717773,-10.06490707397461,9.962011337280273,20.026918411254883,1.1907670497894287,2.235356569290161,1.0445895195007324,4.393476541999007,0.7626832529995227,0.4472164539993173,5.603376248997847,WHO IS SHE I FOLLOWED AT MY HUMBLE DISTANCE THE EXAMPLE OF SIR WALTER SCOTT WHEN INQUISITIVE PEOPLE ASKED HIM IF HE WAS THE AUTHOR OF THE WAVERLEY NOVELS IN PLAIN ENGLISH I DENIED ALL KNOWLEDGE OF THE STRANGER WEARING THE GREEN HAT,"Who is she? I've followed at my humble distance the example of Sir Walter Scott, when inquisitive people asked him if he was the author of the very novels. In plain English, I denied all knowledge of the stranger wearing the green hat."
245,mic_fileid_245_doa254_3spk.wav,text_fileid_245_doa254_spk3.txt,254,254,0.0,3,clean_fileid_245_doa254_spk3.wav,0.05263157894736842,2,38,-9.683157920837402,8.347755432128906,18.03091335296631,-9.750600814819336,8.072854995727539,17.823455810546875,1.1433703899383545,2.230849027633667,1.0874786376953125,5.045372156000667,0.874830775999726,0.40039372600040224,6.320596658000795,IN WHICH HE DESCRIBES THE EFFECTS OF MUSIC UPON HYPNOTIC SUBJECTS WHILE IN VIENNA HE TOOK OCCASION TO OBSERVE CLOSELY THE ENTHUSIASTIC MUSICAL DEVOTEES AS THEY SAT IN THE AUDIENCE AT THE PERFORMANCE OF ONE OF WAGNER'S OPERAS,"in which he describes the effects of music to non-technographic subjects. While in Vienna, he took occasion to observe closely the enthusiastic musical devotees as they sat in the audience at the performance of one of Wagner's operas."
246,mic_fileid_246_doa138_3spk.wav,text_fileid_246_doa138_spk3.txt,138,138,0.0,3,clean_fileid_246_doa138_spk3.wav,0.045454545454545456,2,44,-8.760479927062988,13.048465728759766,21.808945655822754,-8.828158378601074,12.77189826965332,21.600056648254395,1.1479495763778687,2.516474962234497,1.3685253858566284,4.713760984000146,0.6165030039992416,0.38872414200068306,5.718988130000071,THE EMPEROR WAS FOND OF THE TWO BOYS AND WANTED THEM TO STAY ON IN RUSSIA AND BE TRAINED IN THE SCHOOL FOR PAGES OF THE COURT BUT THEIR MOTHER SAID THEY MUST GROW UP IN AMERICA AND HURRIED BACK TO HER OWN LAND,The Niver was fond of the two boys and wanted them to stay on in Russia and be trained in the school for pages of the court. But their mother said they must grow up in America and hurry back to her own land.
247,mic_fileid_247_doa321_3spk.wav,text_fileid_247_doa321_spk3.txt,321,321,0.0,3,clean_fileid_247_doa321_spk3.wav,0.10810810810810811,4,37,-8.062104225158691,11.407615661621094,19.469719886779785,-8.219642639160156,11.253727912902832,19.47337055206299,1.054728388786316,1.77683424949646,0.722105860710144,4.343841629000053,0.4765299139999115,0.40939755999988847,5.229769102999853,FORMERLY IN THE SERVICE OF THE OSSOLI FAMILY SHE REMAINED AS YOU ARE NO DOUBT AWARE SOME MONTHS AT RIETI WHENCE SHE REMOVED TO FLORENCE WHERE SHE RESIDED UNTIL HER ILL FATED DEPARTURE FOR THE UNITED STATES,"formerly in the service of the Osoli family. She remained, as you are no doubt aware, some months at Rieti, once she removed to Florence, where she resided until her ill-fated departure for the United States."
248,mic_fileid_248_doa233_3spk.wav,text_fileid_248_doa233_spk3.txt,233,233,0.0,3,clean_fileid_248_doa233_spk3.wav,0.10810810810810811,4,37,-8.699277877807617,10.219318389892578,18.918596267700195,-8.792040824890137,9.88160228729248,18.673643112182617,1.1032942533493042,2.159574031829834,1.0562797784805298,4.2242955060000895,0.8237475319992882,0.38442711100015003,5.432470148999528,AND FOR THE EDGINGS OF VARIOUS GARMENTS SO THAT SKINS OF ALL THE VARIOUS KINDS WERE VALUABLE THEY FORMED TOO AN IMPORTANT ITEM OF EVERYDAY TRAFFIC AND THEY WERE ALSO EXPORTED THE ANCIENT IRISH LOVED BRIGHT COLOURS,"and for the itchings of various planets, so that scabies of all the various kinds were valuable. They formed too an important item of everyday traffic, and they were also exported. The ancient Irish loved bright colors."
249,mic_fileid_249_doa204_3spk.wav,text_fileid_249_doa204_spk3.txt,204,204,0.0,3,clean_fileid_249_doa204_spk3.wav,0.14705882352941177,5,34,-13.89765453338623,8.989114761352539,22.88676929473877,-14.158974647521973,8.760053634643555,22.919028282165527,1.0380873680114746,1.6305363178253174,0.5924489498138428,4.366279840999596,0.46841484699962166,0.37250666999989335,5.207201357999111,ON MY WAY HERE I SAW UNC BILLY AND IT POPPED INTO MY HEAD RIGHT AWAY THAT HE WAS ONE WE HAVEN'T HEARD ABOUT AND MUST BE THE ONE BUT IF HE EATS FLESH,"On my way here, I saw a villain, and it popped into my head right away that he was one we haven't heard of any of, and must be the one. But if he eats flesh..."
250,mic_fileid_250_doa176_3spk.wav,text_fileid_250_doa176_spk3.txt,176,176,0.0,3,clean_fileid_250_doa176_spk3.wav,0.1,3,30,-10.169879913330078,9.809961318969727,19.979841232299805,-10.249000549316406,9.43023681640625,19.679237365722656,1.0639578104019165,2.175626516342163,1.1116687059402466,4.5913294490001135,0.656970786999409,0.3696108770000137,5.617911112999536,THEY'RE THE COMPANIONS OF THEIR SERVANTS THE IRISH CHAMBERMAID AND THE NEGRO WAITER THEY SHARE THEIR WORK DO YOU CALL THE DOMESTICS IN AN AMERICAN HOUSEHOLD SLAVES MISS STACKPOLE ENQUIRED,"They're the companions of their servants, the Irish chambermaid and the Newdwell waiter. They share their work. Do you call the domestics in an American household slaves? Miss Stackphal required."
251,mic_fileid_251_doa183_3spk.wav,text_fileid_251_doa183_spk3.txt,183,183,0.0,3,clean_fileid_251_doa183_spk3.wav,0.0,0,36,-5.379769802093506,12.922250747680664,18.30202054977417,-5.495636463165283,12.591297149658203,18.086933612823486,1.0569205284118652,2.8989646434783936,1.8420441150665283,4.675781951000317,0.31419274200015934,0.34315084900026704,5.333125542000744,IMMERSE THE GARMENTS IN A TUB LIGHTLY RUBBING THE MORE SOILED PORTIONS WITH THE SOAP LEAVE THEM SUBMERGED IN WATER FROM SUNSET TO SUNRISE AND THEN THE YOUNGEST BABY CAN WASH THEM WITHOUT THE SLIGHTEST EFFORT,"Immerse the garments in a tub, lightly rubbing the more soiled portions with the soap. Leave them submerged in water from sunset to sunrise, and then the youngest baby can wash them without the slightest effort."
252,mic_fileid_252_doa209_3spk.wav,text_fileid_252_doa209_spk3.txt,209,209,0.0,3,clean_fileid_252_doa209_spk3.wav,0.0,0,24,-11.417353630065918,8.292021751403809,19.709375381469727,-11.627602577209473,7.916751861572266,19.54435443878174,1.0359950065612793,2.271346092224121,1.2353510856628418,4.783864691999042,0.6885206810002273,0.27707846500015876,5.7494638379994285,FURTHERMORE THEY ARE ALMOST ALWAYS HAMPERED BY LACK OF MEANS NEVERTHELESS AN INCREASING NUMBER HAVE SUCCEEDED IN THE UNDERTAKING TRIALS OF THE EDUCATED INDIAN,"Furthermore, they are almost always hampered by lack of means. Nevertheless, an increasing number have succeeded in the undertaking. Trials of the educated Indian"
253,mic_fileid_253_doa207_3spk.wav,text_fileid_253_doa207_spk3.txt,207,207,0.0,3,clean_fileid_253_doa207_spk3.wav,0.8709677419354839,27,31,-18.334474563598633,7.7284159660339355,26.06289052963257,-18.902681350708008,6.576656341552734,25.479337692260742,1.052740454673767,1.2259820699691772,0.17324161529541016,3.8263290230006533,0.5250785770003858,0.3341012660002889,4.685508866001328,FOR WHY SHOULD OTHERS FALSE ADULTERATE EYES GIVE SALUTATION TO MY SPORTIVE BLOOD OR ON MY FRAILTIES WHY ARE FRAILER SPIES WHICH IN THEIR WILLS COUNT BAD WHAT I THINK GOOD,"Well, watch another false fucking lie. So, my son, what? All on my trail, these wild rails are mine. The chimney and the wheels are bad, right?"
254,mic_fileid_254_doa102_3spk.wav,text_fileid_254_doa102_spk3.txt,102,102,0.0,3,clean_fileid_254_doa102_spk3.wav,0.06976744186046512,3,43,-7.214724063873291,13.445531845092773,20.660255908966064,-7.251086235046387,13.099569320678711,20.350655555725098,1.0531675815582275,2.620746612548828,1.5675790309906006,4.752202185999522,0.4251041060006173,0.4459080209999229,5.623214313000062,MISSUS ROBY WAS PLEASED WITH LITTLE INTRIGUES WAS ADDICTED TO THE AMUSEMENT OF FOSTERING LOVE AFFAIRS WAS FOND OF BEING THOUGHT TO BE USEFUL IN SUCH MATTERS AND WAS NOT AVERSE TO HAVING PRESENTS GIVEN TO HER SHE HAD MARRIED A VULGAR MAN,"Mrs. Robie was pleased with little intrigues, was addicted to the amusement of fostering love affairs, was fond of being thought to be useful in such matters, and was not averse to having presence given to her. She had married a vulgar man."
255,mic_fileid_255_doa216_3spk.wav,text_fileid_255_doa216_spk3.txt,216,216,0.0,3,clean_fileid_255_doa216_spk3.wav,0.14285714285714285,5,35,-7.313922882080078,10.12357234954834,17.437495231628418,-7.350394248962402,9.795143127441406,17.14553737640381,1.0660253763198853,2.081378221511841,1.0153528451919556,4.774849876001099,0.42794894100006786,0.3635439649997352,5.566342782000902,BUT MORE AND MORE HER DINNER INVITATIONS WERE FROM THE OLDER CROWD LIKE NATALIE SPENCER'S STUPID PARTY THE NIGHT BEFORE SO SHE WATCHED GRAHAM AND LISTENED HE WAS A NICE BOY AND A HANDSOME ONE,"But more and more her dinner invitations were from the older crowd, like Natalie's fence's stupid parties tonight before. So she watched Graham and listened. He was a nice boy and a handsome one."
256,mic_fileid_256_doa354_3spk.wav,text_fileid_256_doa354_spk3.txt,354,354,0.0,3,clean_fileid_256_doa354_spk3.wav,0.11363636363636363,5,44,-6.9800496101379395,11.04334545135498,18.02339506149292,-7.03580379486084,10.770243644714355,17.806047439575195,1.0675389766693115,2.0716891288757324,1.004150152206421,5.214009839999562,0.5083971640005984,0.4219249799998579,6.144331984000019,FOR IT HAD A BEAUTIFUL PICTURE NEAR THE BACK SHOWING A LITTLE GIRL WITH A SPRINKLING POT WATERING HER GARDEN OF STOCKS SWEET WILLIAMS AND HOLLYHOCKS HER HAIR WAS IN FOUR LONG CURLS AND SHE HAD TRIMMING ON HER DRESS APRON AND LONG PANTALETS,"Or it had a beautiful picture near the back showing a little girl with a sprinkling pot, watering her garden stalks, sweet Williams and Hollyhuggers. Her hair was in four long curls and she had trimming on her dress, apron and long parallettes."
257,mic_fileid_257_doa263_3spk.wav,text_fileid_257_doa263_spk3.txt,263,263,0.0,3,clean_fileid_257_doa263_spk3.wav,0.10810810810810811,4,37,-10.649872779846191,8.692811012268066,19.342683792114258,-10.72012710571289,8.254083633422852,18.974210739135742,1.0377674102783203,1.829136848449707,0.7913694381713867,4.614373417999559,0.48367962399970565,0.36514888900001097,5.463201930999276,BACK AND FORTH UPON THE FLOOR THEY ROLLED NEITHER ONE EMITTING A SOUND OF FEAR OR PAIN PRESENTLY I SAW THE GREAT EYES OF MY BEAST BULGING COMPLETELY FROM THEIR SOCKETS AND BLOOD FLOWING FROM ITS NOSTRILS,"Back and forth upon the floor there hold, neither one abiding the sound of fear or pain. Presently I saw the great eyes of my beast bulging completely from their sockets and blood flowing from its nostrils."
258,mic_fileid_258_doa265_3spk.wav,text_fileid_258_doa265_spk3.txt,265,265,0.0,3,clean_fileid_258_doa265_spk3.wav,0.2647058823529412,9,34,-10.331473350524902,8.87405014038086,19.20552349090576,-10.670269966125488,8.229065895080566,18.899335861206055,1.0335290431976318,2.135192632675171,1.101663589477539,4.732332629000666,0.41411791399968934,0.48497939399931056,5.631429936999666,HOW COULD I SHE ASKED WHEN MISSUS OCUMPAUGH DID NOT CLOSE HER EYES SHE DID NOT EVEN LIE DOWN BUT SAT ALL NIGHT IN AN ARM CHAIR WHICH SHE HAD WHEELED INTO GWENDOLEN'S ROOM,"How could I, if she asked, when Mrs. Acumba did not close her eyes? She did not even lie down, but sat all night in an armchair, which she had wheeled in the Grendelard part."
259,mic_fileid_259_doa21_3spk.wav,text_fileid_259_doa21_spk3.txt,21,21,0.0,3,clean_fileid_259_doa21_spk3.wav,0.40476190476190477,17,42,-8.615202903747559,8.673973083496094,17.289175987243652,-8.666983604431152,8.42232894897461,17.08931255340576,1.1074788570404053,2.2385621070861816,1.1310832500457764,4.164517318000435,0.4041952460001994,0.5187114670006849,5.087424031001319,THIS UNFORTUNATE KING OF BOHEMIA SAID TRIM WAS HE UNFORTUNATE THEN CRIED MY UNCLE TOBY FOR HE HAD BEEN SO WRAPT UP IN HIS DISSERTATION UPON GUN POWDER AND OTHER MILITARY AFFAIRS THAT THO HE HAD DESIRED THE CORPORAL TO GO ON,"This afforcement came up with a heathens-set trap. Was he a fortune-thin, prime-mile-than-Pobie? For he had been so grabbed up in his dissertation upon God-of-Power and other military affairs that though he had desired the corporal to go on."
260,mic_fileid_260_doa135_3spk.wav,text_fileid_260_doa135_spk3.txt,135,135,0.0,3,clean_fileid_260_doa135_spk3.wav,0.6296296296296297,17,27,-6.72946310043335,0.644690990447998,7.374154090881348,-6.797595500946045,-0.615178108215332,6.182417392730713,1.071823000907898,1.0762629508972168,0.004439949989318848,4.4789324690000285,0.4926533059997382,0.32930068299992854,5.300886457999695,AND FORMAL ASSEMBLAGE OF THE NATION AS SUCH MEETINGS WERE RARE AND ONLY CALLED ON OCCASIONS OF THE LAST IMPORTANCE THE SUBTLE HURON WHO STILL SAT APART,and for what was simply true for nature. That's what's meaning for rare and only called on occasions of the last importance. The so-cured is still found in art.
261,mic_fileid_261_doa332_3spk.wav,text_fileid_261_doa332_spk3.txt,332,332,0.0,3,clean_fileid_261_doa332_spk3.wav,0.046511627906976744,2,43,-4.680581092834473,16.24689483642578,20.927475929260254,-4.707515716552734,16.023080825805664,20.7305965423584,1.0599799156188965,3.4352900981903076,2.375310182571411,4.411338769999929,0.36801379500047915,0.5517684289998215,5.33112099400023,AND HE GREW UP TO BE A PEASANT NOW KIYOMORI THE ENEMY OF YORITOMO HAD BEEN GATHERED TO HIS FATHERS AND YORITOMO HAD AVENGED THE DEATH OF HIS FATHER BY SLAYING MUNEMORI THE SON OF KIYOMORI AND THERE WAS PEACE THROUGHOUT THE LAND,"and he grew up to be a peasant. Now, Kiyomori, the enemy of Yoritomo, had been gathered to his father's, and Yoritomo had avenged the death of his father by slain Munimori, the son of Kiyomori, and there was peace throughout the land."
262,mic_fileid_262_doa98_3spk.wav,text_fileid_262_doa98_spk3.txt,98,98,0.0,3,clean_fileid_262_doa98_spk3.wav,0.34782608695652173,8,23,-8.853172302246094,9.760311126708984,18.613483428955078,-9.20911979675293,9.281871795654297,18.490991592407227,1.0295332670211792,2.138277530670166,1.1087442636489868,4.062306470000294,0.3304380700001275,0.27366175899987866,4.6664062990003,A PRETTY WALK THROUGH A WORLD OF GREEN WHISPERING BOUGHS AND SPICE SWEET FERNS AND SHIFTING PATCHES OF SUNLIGHT THE RASPBERRIES WERE PLENTIFUL,"A pretty lock through a world of greed, whisper and balance, and spice sweet fern, and shifting patches of sunlight. The raspberries were plenty big."
263,mic_fileid_263_doa26_3spk.wav,text_fileid_263_doa26_spk3.txt,26,26,0.0,3,clean_fileid_263_doa26_spk3.wav,0.023255813953488372,1,43,-10.217360496520996,8.32394790649414,18.541308403015137,-10.296989440917969,8.122489929199219,18.419479370117188,1.1144274473190308,1.5687568187713623,0.45432937145233154,4.513866921000044,0.6680566640006873,0.42944510800043645,5.611368693001168,IT APPEARED THAT HE HAD BEEN LOST IN THE MOUNTAIN AND HUNGER AND FATIGUE JOINED TO WEAKNESS OF BODY AND FEAR OF PERISHING IN THE MOUNTAINS HAD CRAZED HIM THE TIMES WERE SEVERE WHEN STOUT MEN LOST THEIR MINDS FROM EXTREMITY OF SUFFERING,"It appeared that he had been lost in the mountain, and hunger and fatigue joined to weakness of body, and fear of perishing in the mountains had crammed him. The times were severe when stout men lost their minds from extremity of suffering."
264,mic_fileid_264_doa226_3spk.wav,text_fileid_264_doa226_spk3.txt,226,226,0.0,3,clean_fileid_264_doa226_spk3.wav,0.044444444444444446,2,45,-7.994558334350586,11.647326469421387,19.641884803771973,-8.044754028320312,11.141327857971191,19.186081886291504,1.045534372329712,2.474200487136841,1.428666114807129,4.687372829000196,0.47874927899920294,0.489140371000758,5.655262479000157,AND I AM NOT WITHOUT HOPE THAT MISSUS DAVILOW MAY SHORTLY FOLLOW HIM HER PRESENCE WILL BE THE GREATEST COMFORT TO YOU IT WILL GIVE YOU A MOTIVE TO SAVE HER FROM UNNECESSARY PAIN YES YES I WILL TRY AND YOU WILL NOT GO AWAY,"And I am not without hope that Mrs. Davolo may shortly follow him. Her presence will be the greatest comfort to you. It will give you a motive to save her from unnecessary pain. Yes, yes, I will try. And you will not go away."
265,mic_fileid_265_doa222_3spk.wav,text_fileid_265_doa222_spk3.txt,222,222,0.0,3,clean_fileid_265_doa222_spk3.wav,0.09433962264150944,5,53,-4.6082282066345215,11.929338455200195,16.537566661834717,-4.678407192230225,11.492582321166992,16.170989513397217,1.1000820398330688,2.5143256187438965,1.4142435789108276,4.39239897600055,0.4314679889994295,0.4862859759996354,5.310152940999615,THEY SAID THEREFORE TO EACH OTHER WHAT CAN WE DO HERE LET US GO HOME WHEN THEY GOT HOME THE COOK ASKED IF THEY HAD NOT FOUND THEM SO THEY SAID NO THEY HAD FOUND NOTHING BUT A CHURCH AND THERE WAS A CHANDELIER IN IT AND THE COOK SCOLDED THEM AND SAID,They said they were bored to each other. What can we do here? Let's go home When they got home the cook asked if they had not found them So they said no they had found nothing but a church and there was a chandelier in it And the cook scolded them and said
266,mic_fileid_266_doa106_3spk.wav,text_fileid_266_doa106_spk3.txt,106,106,0.0,3,clean_fileid_266_doa106_spk3.wav,0.05128205128205128,2,39,-8.160292625427246,13.333587646484375,21.49388027191162,-8.278766632080078,12.902885437011719,21.181652069091797,1.0399073362350464,2.679429769515991,1.6395224332809448,4.580653898000492,0.527241072999459,0.39050842100004957,5.498403392,AND KNOWS ALL THE WHILE THE PUNISHMENT LL FALL ON SOMEBODY ELSE THERE AGAIN YOU PARTLY DECEIVE YOURSELF ADAM THERE IS NO SORT OF WRONG DEED OF WHICH A MAN CAN BEAR THE PUNISHMENT ALONE YOU CAN'T ISOLATE YOURSELF,"and knows all the while the punishment will fall on somebody else. There and again you partly deceive yourself, Adam. There is no sort of wrong deed of which a man can bear the punishment alone. You can't isolate yourself."
267,mic_fileid_267_doa81_3spk.wav,text_fileid_267_doa81_spk3.txt,81,81,0.0,3,clean_fileid_267_doa81_spk3.wav,0.23809523809523808,10,42,-6.6285929679870605,7.810621738433838,14.439214706420898,-6.6944379806518555,7.7121262550354,14.406564235687256,1.0631263256072998,1.5540521144866943,0.49092578887939453,4.605896604000918,0.4673209319998932,0.38032796700008475,5.453545503000896,HE HAD HEARKENED TO THE DISCOURSE OF CERTAIN PERSONS UNKNOWN TO HIM AND HAD HEARD THEM TALK OF A MOST DANGEROUS CONSPIRACY A HUNDRED AND EIGHT RUFFIANS AS HE LEARNED HAD BEEN APPOINTED TO MURDER A HUNDRED AND EIGHT LORDS AND COMMONERS,"He had harkened through the discourse of certain persons unknown to him, and had heard them talk of a most dangerous conspiracy. 108 Ruffians, as he learned, had been appointed to murder 108 lords and commoners."
268,mic_fileid_268_doa293_3spk.wav,text_fileid_268_doa293_spk3.txt,293,293,0.0,3,clean_fileid_268_doa293_spk3.wav,0.0,0,40,-7.064117908477783,11.5341157913208,18.598233699798584,-7.11518669128418,11.345277786254883,18.460464477539062,1.0573818683624268,2.4834094047546387,1.426027536392212,4.71023896800034,0.5843056109997633,0.39686107100078516,5.691405650000888,ITS FLOWING CURVES AND BENDINGS ARE A REAL PLEASURE ONLY BREATH IS WANTING BUT UNDER THE SPELL OF THE IMAGINATION THE MARBLE THRILLS AND BECOMES THE DIVINE REALITY OF THE IDEAL IMAGINATION PUTS A SENTIMENT INTO EVERY LINE AND CURVE,"Its flowing curves and bendings are a real pleasure. Only breath is wanting, but under the spell of the imagination, the marble thrills and becomes the divine reality of the ideal. Imagination puts a sentiment into every line and curve."
269,mic_fileid_269_doa18_3spk.wav,text_fileid_269_doa18_spk3.txt,18,18,0.0,3,clean_fileid_269_doa18_spk3.wav,0.1282051282051282,5,39,-5.867982864379883,12.588666915893555,18.456649780273438,-5.915731430053711,12.264914512634277,18.18064594268799,1.0537903308868408,2.449249267578125,1.3954589366912842,4.512156411000433,0.3711311469996872,0.3726095140000325,5.2558970720001525,AND BETH REPLIED THAT HIS MANNERS WERE SO LIKE THOSE OF THEIR COUSIN LOUISE THAT THE TWO OUGHT TO GET ALONG NICELY TOGETHER UNCLE JOHN LIKED HIS NIECES TO MAKE FRIENDS AND ENCOURAGED YOUNG MEN GENERALLY TO MEET THEM,"and Beth replied that his men is for soul like those of their cousin, Glee, that the two ought to get along nicely together. Uncle John liked his nieces to make friends and encouraged young men generally to meet them."
270,mic_fileid_270_doa67_3spk.wav,text_fileid_270_doa67_spk3.txt,67,67,0.0,3,clean_fileid_270_doa67_spk3.wav,0.21875,14,64,-7.672290325164795,11.183659553527832,18.855949878692627,-7.740611553192139,10.923595428466797,18.664206981658936,1.1357264518737793,2.436185836791992,1.300459384918213,4.9548062809999465,0.4658798190002926,0.5990246870005649,6.019710787000804,I AM AFRAID THE DOCTOR WOULD NEVER CONSENT TO MY GOING IN FACT I AM SURE THAT HE WOULD NOT BUT HE NEED NEVER KNOW NOT BEFORE THE FIGHT AT ANY RATE WE ARE NOT BOUND TO GIVE THE NAME OF OUR MAN SO LONG AS HE IS WITHIN THE WEIGHT LIMITS ON THE DAY OF THE FIGHT THAT IS ALL THAT CONCERNS ANYONE,"I'm afraid the doctor would never consent to my call. In fact, I am sure that he would not. But he may never know. Not before the finding, you may. We are not bound to get the people not here. So long as he is within the weight limits on the day of the fight, there is all that concerns anyone."
271,mic_fileid_271_doa16_3spk.wav,text_fileid_271_doa16_spk3.txt,16,16,0.0,3,clean_fileid_271_doa16_spk3.wav,0.0,0,39,-6.769172191619873,11.56900691986084,18.338179111480713,-6.876621246337891,11.309956550598145,18.186577796936035,1.0551819801330566,2.5270586013793945,1.471876621246338,4.632129124999665,0.48946555700058525,0.35697917699963,5.47857385899988,NO THEORY OF THE WORLD AND OF GOD OUGHT TO GAIN AUTHORITY OVER THE MIND FROM SUCH AN EXTERNAL MOTIVE AS A BELIEF IN ITS CURATIVE EFFECTS FREEST FROM SUCH IMPLICATIONS IS CERTAINLY THE HYPNOTIC METHOD OF THE PHYSICIAN,No theory of the world and of God ought to gain authority over the mind from such an external motive as a belief in its curative effects. Freest from such implications is certainly the hypnotic method of the physician.
272,mic_fileid_272_doa258_3spk.wav,text_fileid_272_doa258_spk3.txt,258,258,0.0,3,clean_fileid_272_doa258_spk3.wav,0.02857142857142857,1,35,-6.744380474090576,12.841261863708496,19.585642337799072,-6.843805313110352,12.524967193603516,19.368772506713867,1.0367838144302368,2.6816577911376953,1.6448739767074585,4.563213880998774,0.40190345799965144,0.35857858500003204,5.323695923998457,BUSHES AND YOUNG TREES GROW ALONG THE BANKS OF THE LAUGHING BROOK AT THIS POINT THE GROUND WAS SOFT IN PLACES QUITE MUDDY PETER DOESN'T MIND GETTING HIS FEET DAMP SO HE HOPPED ALONG CARELESSLY,"Bushes and young trees grow along the banks of the laughing brook at this point. The ground was soft and places quite muddy. Peter doesn't mind getting his feet damp, so he hopped along carelessly."
273,mic_fileid_273_doa165_3spk.wav,text_fileid_273_doa165_spk3.txt,165,165,0.0,3,clean_fileid_273_doa165_spk3.wav,0.1875,6,32,-9.460763931274414,11.59829044342041,21.059054374694824,-9.518245697021484,11.364933013916016,20.8831787109375,1.1266645193099976,2.524669647216797,1.3980051279067993,4.332039048999832,0.4043799750006656,0.36075216199969873,5.097171186000196,FURNISHED IN THE VICINITY OF THE PLACE GRENETTE A WINDY OLD HOUSE IT WAS FULL OF DOORS AND WINDOWS CHIMNEYS AND CUPBOARDS AND HE SAID HE SHOULD REMAIN THERE LADY ISABEL REMONSTRATED,"furnished into the vicinity of the Plas Granette, a windy old house it was full of doors and windows, chimneys and cupboards and he said he should remain there. Lady Isabelle Ramon straighted."
274,mic_fileid_274_doa14_3spk.wav,text_fileid_274_doa14_spk3.txt,14,14,0.0,3,clean_fileid_274_doa14_spk3.wav,0.05555555555555555,2,36,-9.846169471740723,12.815888404846191,22.662057876586914,-9.980086326599121,12.67990493774414,22.65999126434326,1.0648436546325684,2.739272117614746,1.6744284629821777,4.510705656000027,0.5895010260001072,0.38881245299944567,5.48901913499958,LET US LAMENT OVER AND ASSIST THE CHILDREN OF THE GARDEN OF THE EARTH LATE WE ENVIED THEIR ABODES THEIR SPICY GROVES FERTILE PLAINS AND ABUNDANT LOVELINESS BUT IN THIS MORTAL LIFE EXTREMES ARE ALWAYS MATCHED,"Let us lament over and assist the children of the garden of the earth. Late we envy their bodes, their spicy groves, fertile plains, and abundant loveliness. But in this mortal life, extremes are always matched."
275,mic_fileid_275_doa96_3spk.wav,text_fileid_275_doa96_spk3.txt,96,96,0.0,3,clean_fileid_275_doa96_spk3.wav,0.06,3,50,-7.086489677429199,12.971237182617188,20.057726860046387,-7.224000930786133,12.824167251586914,20.048168182373047,1.0833320617675781,3.083089828491211,1.9997577667236328,4.727501401999689,0.5595036350005103,0.4799848840002596,5.766989921000459,IT MADE LITTLE DIFFERENCE TO HIM WHETHER THERE WAS A DRY STRIP ALONG THE EDGE OF THE STREAM WHERE HE COULD STEAL SILENTLY ALONG WITHOUT WETTING HIS FEET WHEN HE FOUND NO PLACE TO WALK HE SWAM NOW MASTER MEADOW MOUSE WAS WELL AWARE OF THIS TRICK OF PETER MINK'S,"It made little difference to him whether there was a dry strip along the edge of the stream, where he could still silently along without wetting his feet. When he found no place to walk, he swam. Now Master Meta Mouse was well aware of this trick of Peter Meigs."
276,mic_fileid_276_doa35_3spk.wav,text_fileid_276_doa35_spk3.txt,35,35,0.0,3,clean_fileid_276_doa35_spk3.wav,0.09615384615384616,5,52,-4.882070541381836,15.65951919555664,20.541589736938477,-4.937086582183838,15.466780662536621,20.40386724472046,1.1086918115615845,3.469151496887207,2.3604596853256226,4.636014120999789,0.6539822260001529,0.48111530000005587,5.771111646999998,THE YOUNG MAN GAZED AT HER IN SURPRISE COULD ANY ONE SO RICH AND SO BEAUTIFUL REALLY WISH TO BE HIS WIFE HE LOOKED AT HER AGAIN AND BELLAH WAS FORGOTTEN AS HE ANSWERED A MAN WOULD BE MAD INDEED TO REFUSE SUCH AN OFFER I CAN ONLY ACCEPT IT WITH JOY,"The young man gazed at her in surprise, but anyone so rich and so beautiful really wished to be his wife? He looked at her again, and Bello was forgotten, as he answered. A man would be mad indeed to refuse such an offer. I can only accept it with joy."
277,mic_fileid_277_doa52_3spk.wav,text_fileid_277_doa52_spk3.txt,52,52,0.0,3,clean_fileid_277_doa52_spk3.wav,0.42857142857142855,15,35,-7.120713233947754,9.485942840576172,16.606656074523926,-7.302165508270264,9.150784492492676,16.45295000076294,1.0718861818313599,1.6365151405334473,0.5646289587020874,3.8823149950003426,0.391385151000577,0.3638356080000449,4.6375357540009645,THESE ARE PRETTY TRINKETS SAID TROUTINA AND GOING UP TO THE KING SHE ASKED HIM WHAT HE THOUGHT OF THEM AT SIGHT OF THE ORNAMENTS HE TURNED PALE REMEMBERING THOSE HE HAD GIVEN TO FLORINA,"These are three targets, they trust you now, and going out to the team she asked and what she thought of them. A sight of the ornith is coming to pale, remembering those he had given to Florina."
278,mic_fileid_278_doa298_3spk.wav,text_fileid_278_doa298_spk3.txt,298,298,0.0,3,clean_fileid_278_doa298_spk3.wav,0.02631578947368421,1,38,-7.464086532592773,11.139535903930664,18.603622436523438,-7.495174884796143,10.892488479614258,18.3876633644104,1.1606537103652954,2.816288948059082,1.6556352376937866,4.76421676100108,0.43517363000046316,0.4107220249998136,5.610112416001357,IS TO BE UNDERSTOOD OF SUCH PURGES AS ARE UNSEASONABLY OR IMMODERATELY TAKEN THEY HAVE THEIR EXCELLENT USE IN THIS AS WELL AS MOST OTHER INFIRMITIES OF ALTERATIVES AND CORDIALS NO MAN DOUBTS BE THEY SIMPLES OR COMPOUNDS,"is to be understood of such purges as are unseasonably or immoderately taken. They have their excellent use in this, as well as most other infirmities. Of alternatives and cordials, no man doubts, be they simples or compounds."
279,mic_fileid_279_doa26_3spk.wav,text_fileid_279_doa26_spk3.txt,26,26,0.0,3,clean_fileid_279_doa26_spk3.wav,0.0,0,42,-9.11073112487793,9.042757034301758,18.153488159179688,-9.215829849243164,8.583535194396973,17.799365043640137,1.0881932973861694,2.036849021911621,0.9486557245254517,4.762262738999198,0.4760427190003611,0.42898377500023344,5.667289232999792,SWEAR TO ME WALTON THAT HE SHALL NOT ESCAPE THAT YOU WILL SEEK HIM AND SATISFY MY VENGEANCE IN HIS DEATH AND DO I DARE TO ASK OF YOU TO UNDERTAKE MY PILGRIMAGE TO ENDURE THE HARDSHIPS THAT I HAVE UNDERGONE NO,"swear to me, Walton, that he shall not escape, that you will seek him and satisfy my vengeance in his death. And do I dare to ask of you to undertake my pilgrimage to endure the hardships that I have undergone? No."
280,mic_fileid_280_doa282_3spk.wav,text_fileid_280_doa282_spk3.txt,282,282,0.0,3,clean_fileid_280_doa282_spk3.wav,0.14285714285714285,6,42,-6.457722187042236,10.409415245056152,16.86713743209839,-6.50289249420166,9.985702514648438,16.488595008850098,1.0905622243881226,2.3847968578338623,1.2942346334457397,4.1787267820000125,0.3060755250007787,0.426890125000682,4.911692432001473,FATE HAD IN RESERVE FOR THE CREW OF VILLAINS A LESS MERCIFUL DEATH THAN THAT OF DROWNING AIDED BY THE LIGHTNING AND THAT WONDERFUL GOOD LUCK WHICH URGES VILLAINY TO ITS DESTRUCTION VETCH BEACHED THE BOAT AND THE PARTY BRUISED AND BLEEDING,"Faith had in reserve for the crew of the buildings, a less merciful death than out of ground. Aided by the lightning and that wonderful good luck which urges villainy to its destruction, Vetch peached the boat and the party bruised and bleeding."
281,mic_fileid_281_doa319_3spk.wav,text_fileid_281_doa319_spk3.txt,319,319,0.0,3,clean_fileid_281_doa319_spk3.wav,0.1111111111111111,3,27,-8.460901260375977,10.930266380310059,19.391167640686035,-8.521434783935547,10.725506782531738,19.246941566467285,1.051849603652954,2.5610146522521973,1.5091650485992432,4.900457987999289,0.6224438489998647,0.3081326569999874,5.831034493999141,MERRY WIVES OF WINDSOR FREQUENTLY SINCE CROSSING THE MISSISSIPPI POD HAD RECEIVED LETTERS FROM PROUD PARENTS INFORMING HIM THAT THEY HAD NAMED THEIR LATEST BOY AFTER HIM,"Very wide of Windsor. Frequently, since crossing the Mississippi, Pot had received letters from proud parents informing him that they had named their latest boy after him."
282,mic_fileid_282_doa55_3spk.wav,text_fileid_282_doa55_spk3.txt,55,55,0.0,3,clean_fileid_282_doa55_spk3.wav,0.0967741935483871,3,31,-12.671463012695312,8.361159324645996,21.03262233734131,-12.785319328308105,8.090875625610352,20.876194953918457,1.0399061441421509,2.055345058441162,1.0154389142990112,4.255686522999895,0.4575192000002062,0.30698330999985046,5.0201890329999515,LYING THIRTY FIVE MILES TO THE SOUTH WAS IN FULL SIGHT ALSO AND THE RIVER JORDAN WHICH LINKS THE TWO TOGETHER MAY BE TRACED IN SILVERY GLEAMS THROUGHOUT ITS WHOLE COURSE,"Lying 35 miles to the south was in full sight also, and the River Jordan, which lengths the two together, may be traced in silvery gleams throughout its whole course."
283,mic_fileid_283_doa126_3spk.wav,text_fileid_283_doa126_spk3.txt,126,126,0.0,3,clean_fileid_283_doa126_spk3.wav,0.23333333333333334,7,30,-10.746012687683105,7.0024800300598145,17.74849271774292,-10.939865112304688,6.734055995941162,17.67392110824585,1.1130272150039673,1.7865047454833984,0.6734775304794312,4.59798208400025,0.4762199540000438,0.3880852379998032,5.462287276000097,STRAIGHT AND LOVELY DESIRABLE AND UNAPPROACHABLE ABOVE THAT SORT OF NONSENSE ABOVE ALL OTHER MASCULINE SUBJUGATION V V I'M GOING TO MAKE A MAN OF YOU HIS MIND GREW CALMER,"Straight and lovely, but desirable and unapproachable. I quote that sort of nonsense about all our masculine subjugation. Leaving, I'm going to make a man of you. His mind grew calmer."
284,mic_fileid_284_doa4_3spk.wav,text_fileid_284_doa4_spk3.txt,4,4,0.0,3,clean_fileid_284_doa4_spk3.wav,0.21212121212121213,7,33,-7.895827770233154,5.888961315155029,13.784789085388184,-7.964330196380615,5.630585670471191,13.594915866851807,1.0600299835205078,1.2957310676574707,0.2357010841369629,4.233157105999453,0.5273415299998305,0.3464591740003016,5.106957809999585,OH I WISH I HADN'T RUN AWAY BUT HAD LET THEM TAKE ME AND HANG ME HELEN FELT HERSELF GROW WHITE SHE TURNED AWAY AND PRETENDED TO SEARCH FOR SOMETHING SHE HAD DROPPED,"Oh, I wish I hadn't run away but had let them take me and hang me. I only felt herself go work. She turned her way in and pretended to search for something she had dropped."
285,mic_fileid_285_doa229_3spk.wav,text_fileid_285_doa229_spk3.txt,229,229,0.0,3,clean_fileid_285_doa229_spk3.wav,0.05263157894736842,2,38,-10.261082649230957,10.332853317260742,20.5939359664917,-10.411072731018066,9.709476470947266,20.120549201965332,1.347719430923462,2.606954336166382,1.25923490524292,4.808834280000156,0.34627507499953936,0.3664170030006062,5.521526358000301,LITTLE ACCUSTOMED TO EUROPEANS AS THEY APPEARED TO BE YET THEY KNEW AND DREADED OUR FIRE ARMS NOTHING WOULD TEMPT THEM TO TAKE A GUN IN THEIR HANDS THEY BEGGED FOR KNIVES CALLING THEM BY THE SPANISH WORD,"Little accustomed to Europeans as they appeared to be, yet they knew and dreaded our firearms. Nothing would tempt them to take a gun in their hands. They begged for knives, calling them by the Spanish word."
286,mic_fileid_286_doa213_3spk.wav,text_fileid_286_doa213_spk3.txt,213,213,0.0,3,clean_fileid_286_doa213_spk3.wav,0.06382978723404255,3,47,-9.79563045501709,10.684898376464844,20.480528831481934,-9.903473854064941,10.482309341430664,20.385783195495605,1.0452146530151367,2.6132426261901855,1.5680279731750488,4.0585171590000755,0.522514716999467,0.46527444799994555,5.046306323999488,ON THE CONTRARY THE LINE OF LEVERANCE WAS SMOOTH AS THE LINE AT WHICH A FALLING LEAF DETACHES ITSELF FROM THE STEM THEN SAID THE ELDER I AM QUITE SURE THAT THE PRIEST TOLD US NOTHING BUT THE TRUTH THIS IS THE HEAD OF A ROKURO KUBI,"On the contrary, the line of leopards was smooth, as the line at which a falling leaf detaches itself from the stem. Then, said the elder, I am quite sure that the priest told us nothing but the truth. This is the head of a roguero gubi."
287,mic_fileid_287_doa345_3spk.wav,text_fileid_287_doa345_spk3.txt,345,345,0.0,3,clean_fileid_287_doa345_spk3.wav,0.0,0,31,-10.381579399108887,10.542109489440918,20.923688888549805,-10.494083404541016,10.089191436767578,20.583274841308594,1.2035819292068481,2.405921697616577,1.202339768409729,4.554707414000404,0.5523691620001046,0.33951533600065886,5.446591912001168,THEN GIVE ME SOME FOOD SOME HOPE I MEAN AND TRY ME AGAIN WITHOUT THAT I DON'T CARE ABOUT DUTY OR LIFE OR ANYTHING TELL ME THEN WHAT IS THE MATTER,"Then give me some food, some hope I mean, and try me again. Without that, I don't care about duty or life or anything. Tell me then, what is the matter?"
288,mic_fileid_288_doa227_3spk.wav,text_fileid_288_doa227_spk3.txt,227,227,0.0,3,clean_fileid_288_doa227_spk3.wav,0.07894736842105263,3,38,-6.5303449630737305,11.565339088439941,18.095684051513672,-6.592477798461914,11.293069839477539,17.885547637939453,1.0681730508804321,2.6958675384521484,1.6276944875717163,4.26148867899974,0.44182736099992326,0.3622992130003695,5.065615253000033,WHETHER IN THE FRESH HORROR THAT DAY POURED INTO THE CUP THAT HAD SEEMED ALREADY RUNNING OVER IT WAS OF HER BROTHER ONLY SHE THOUGHT OR WHETHER THREATENED SHAME TO HERSELF HAD NOT A PART IN HER MISERY,"Whether a fresh pour that day poured into the cup, that had seemed already running over, it was of her brother only, she thought, or whether, threatened shame to herself, had not a part in her misery."
289,mic_fileid_289_doa358_3spk.wav,text_fileid_289_doa358_spk3.txt,358,358,0.0,3,clean_fileid_289_doa358_spk3.wav,0.1956521739130435,9,46,-8.229708671569824,11.639606475830078,19.869315147399902,-8.395505905151367,10.871700286865234,19.2672061920166,1.0558685064315796,2.484494924545288,1.4286264181137085,4.810040026999559,0.5819936349998898,0.5283666000004814,5.92040026199993,THAT IF I DRAW OUT TEN MILLIONS ON THE SAME DAY IT WILL APPEAR RATHER STRANGE TO THE GOVERNOR TWO DAYS WILL BE A DIFFERENT THING SAID DANGLARS SMILING COME SAID BOVILLE WITH A TONE OF ENTIRE INCREDULITY FIVE MILLIONS TO THAT GENTLEMAN WHO JUST LEFT,"that if I draw out ten million on the same day, it will appear rather strange to the governor. Two days will be a different thing,"" said Donald R. Smiley. Come, said Bobhiel, with a tone of attire and credulity. Five million to that gentleman who just left."
290,mic_fileid_290_doa312_3spk.wav,text_fileid_290_doa312_spk3.txt,312,312,0.0,3,clean_fileid_290_doa312_spk3.wav,0.05,2,40,-8.262561798095703,10.285665512084961,18.548227310180664,-8.383729934692383,10.09151554107666,18.475245475769043,1.0619492530822754,2.232708692550659,1.1707594394683838,4.982462128999032,0.49000012000033166,0.42389084699971136,5.896353095999075,AND FOUND THEIR FRIEND CONVULSIVELY CLUTCHING IN HIS ARMS A MAGNIFICENT CRUCIFIX WHICH HE HAD JUST TAKEN DOWN FROM THE BED HEAD IN VAIN DID THEY TRY TO REASSURE HIM WITH FRIENDLY WORDS LORENZO THE MAGNIFICENT ONLY REPLIED WITH SOBS,and found their friend convulsively clutching in his arms a magnificent crucifix which he had just taken down from the Vedic. In vain did they try to reassure him with friendly words. Lorenzo the Magnificent only replied with sobs.
291,mic_fileid_291_doa357_3spk.wav,text_fileid_291_doa357_spk3.txt,357,357,0.0,3,clean_fileid_291_doa357_spk3.wav,0.0,0,40,-9.273277282714844,9.782784461975098,19.05606174468994,-9.33322525024414,9.426478385925293,18.759703636169434,1.0625941753387451,2.3625593185424805,1.2999651432037354,4.405454433000159,0.4302121470000202,0.5024972530000014,5.338163833000181,SO TRIFLING INDEED THAT D'ARTAGNAN DID NOT PERCEIVE IT ANY MORE THAN HE HAD THE MOMENTARY SHADE WHICH AN INSTANT BEFORE HAD DARKENED THE COUNTENANCE OF THE WORTHY MAN AH MAY YOU BE A TRUE PROPHET SAID D'ARTAGNAN LAUGHING NO,"So trifling indeed that D'Artagnan did not perceive it any more than he had the momentary shade, which, an instant before, had darkened the countenance of the worthy man. Ah, may you be a true prophet, said D'Artagnan, laughing. No."
292,mic_fileid_292_doa44_3spk.wav,text_fileid_292_doa44_spk3.txt,44,44,0.0,3,clean_fileid_292_doa44_spk3.wav,0.0625,2,32,-5.341524124145508,10.932613372802734,16.274137496948242,-5.374999046325684,10.628580093383789,16.003579139709473,1.0789622068405151,2.2522685527801514,1.1733063459396362,3.9408234720003747,0.3800979710003958,0.3391460829998323,4.660067526000603,SO MANY AND SO ELOQUENT HAVE BEEN THE DESCRIPTIONS GIVEN OF HIS PLAYING IT IS EASY TO FANCY HIM SWEEPING THE IVORY KEYS WITH HIS GOSSAMER TOUCH THAT ENVELOPED WITH ETHEREAL BEAUTY,"So many and so eloquent have been the descriptions given of his playing. It is easy to fancy him sweeping the ivory keens with his gossamer touch, but enveloped with ethereal beauty."
293,mic_fileid_293_doa94_3spk.wav,text_fileid_293_doa94_spk3.txt,94,94,0.0,3,clean_fileid_293_doa94_spk3.wav,0.2571428571428571,9,35,-9.2418794631958,11.511185646057129,20.75306510925293,-9.32915210723877,11.137724876403809,20.466876983642578,1.4281435012817383,2.2675795555114746,0.8394360542297363,4.370256279001296,0.4038441729999249,0.43799974900048255,5.212100201001704,CYRUS SAID HE I AM NOT A SURGEON I AM IN TERRIBLE PERPLEXITY YOU MUST AID ME WITH YOUR ADVICE YOUR EXPERIENCE TAKE COURAGE MY FRIEND ANSWERED THE ENGINEER PRESSING THE REPORTER'S HAND JUDGE COOLLY,"Psycho-stiffing, I am not a surgeon. I am in terrible perplexity. You must aid me with your advice, your experience. Take courage, my friend, and to the energy you're pressing in the reporter's hand. Judge Cooley."
294,mic_fileid_294_doa330_3spk.wav,text_fileid_294_doa330_spk3.txt,330,330,0.0,3,clean_fileid_294_doa330_spk3.wav,0.1111111111111111,5,45,-9.029703140258789,10.797438621520996,19.827141761779785,-9.22451400756836,10.245441436767578,19.469955444335938,1.3714041709899902,2.2566840648651123,0.8852798938751221,5.0165210009990915,0.8131781689999116,0.4501593499999217,6.279858519998925,H SACHS BUT WE ALSO FIND THIS DREAM WISH IN PLACES WHERE IT HAS NO CONNECTION WITH LIFE AND WHERE THE ADULT IN HIS WAKING HOURS WOULD NEVER RECOGNIZE IT THE REASON FOR THIS IS THAT THE DEEPEST AND MOST UNIFORM MOTIVE FOR BECOMING UNFRIENDLY,"Age sucks. But we'd also find this dream wish in places where there's no connection with life, and where the adult, in his waking hours, would never recognize it. The reason for this is that the deepest and most uniform motive for becoming unfriendly"
295,mic_fileid_295_doa291_3spk.wav,text_fileid_295_doa291_spk3.txt,291,291,0.0,3,clean_fileid_295_doa291_spk3.wav,0.023809523809523808,1,42,-10.664207458496094,10.609455108642578,21.273662567138672,-10.748266220092773,10.106908798217773,20.855175018310547,1.0787371397018433,2.5730276107788086,1.4942904710769653,4.345693641998878,0.5527584989995376,0.4521125419996679,5.350564682998083,THAT LAY UNDER THE BONES OF HIS PINCHED CONICAL LITTLE SKULL DEFINITE AS ANIMAL DESIRES THE DOOR OPENED MISS NELLIE AND HER MUSIC MASTER STOOD BEHIND IT BUT BLIND SAMSON WHO WAS SO SENSITIVE TO PRESENCES DID NOT KNOW THEY WERE THERE,"that lay under the bones of his pinched, conical little skull, definite as animal desires. The door opened, Miss Mellie and her music master stood behind it, but Blind Samson, who was so sensitive to presences, did not know they were there."
296,mic_fileid_296_doa65_3spk.wav,text_fileid_296_doa65_spk3.txt,65,65,0.0,3,clean_fileid_296_doa65_spk3.wav,0.2558139534883721,11,43,-9.27413558959961,9.783733367919922,19.05786895751953,-9.445751190185547,9.541923522949219,18.987674713134766,1.0897587537765503,2.552055597305298,1.4622968435287476,4.085637735999626,0.43306715699964116,0.41077570200013724,4.929480594999404,AS WELL AS THE REPEATED ADVICE OF MY PARENTS WHO NOW VERY PLAINLY PERCEIVED DON FERNANDO'S PURPOSE FOR HE CARED VERY LITTLE IF ALL THE WORLD KNEW IT THEY TOLD ME THEY TRUSTED AND CONFIDED THEIR HONOUR AND GOOD NAME TO MY VIRTUE,"as well as the repeated advice of my parents, who now very plainly perceived Don Fernando's purpose, for he cared very little and evolved a world new at him. They told me they trusted him to find it their honor and good name to my virtue."
297,mic_fileid_297_doa357_3spk.wav,text_fileid_297_doa357_spk3.txt,357,357,0.0,3,clean_fileid_297_doa357_spk3.wav,0.21428571428571427,9,42,-8.605167388916016,10.255655288696289,18.860822677612305,-8.688426971435547,9.924267768859863,18.61269474029541,1.1296172142028809,1.9853297472000122,0.8557125329971313,4.640610640999512,0.6801816189999954,0.42611069299982773,5.746902952999335,ONCE AT LEAST EVERY FOUR OR FIVE DAYS BUT OFTNER IF CONVENIENT LEST IN TAKING OFF THY WIG BEFORE HER THRO ABSENCE OF MIND SHE SHOULD BE ABLE TO DISCOVER HOW MUCH HAS BEEN CUT AWAY BY TIME HOW MUCH BY TRIM,"once at least every four or five days, but often there is convenient. Left in taking off five-way to be for her through absence of mind, she should be able to discover how much has been cut away by time, how much by trim."
298,mic_fileid_298_doa173_3spk.wav,text_fileid_298_doa173_spk3.txt,173,173,0.0,3,clean_fileid_298_doa173_spk3.wav,0.045454545454545456,2,44,-10.37309455871582,8.051158905029297,18.424253463745117,-10.473623275756836,7.774247646331787,18.247870922088623,1.076805830001831,2.089779853820801,1.0129740238189697,4.430146572000922,0.4973312510001051,0.470806626999547,5.398284450000574,AND SO WENT ON WEEPING AND CALLING WILDLY ON THE DEAF AND THE SILENT THERE WAS A STONE BENCH SOME TEN STEPS AWAY FROM THE TOMB SIT DOWN BESIDE ME MY CHILD SAID THE GRAVE MAN WITH THE BLACK EYES VERY KINDLY AND GENTLY,"And so when I'm weeping and calling wildly on the deaf and the silent, there was a stone bench some ten steps away from the tomb. Sit down beside me, my child, said the grave man with the black eyes, very kindly and gently."
299,mic_fileid_299_doa244_3spk.wav,text_fileid_299_doa244_spk3.txt,244,244,0.0,3,clean_fileid_299_doa244_spk3.wav,0.05714285714285714,2,35,-9.74524211883545,12.049284934997559,21.794527053833008,-9.800399780273438,11.828166961669922,21.62856674194336,1.0575441122055054,2.763157606124878,1.7056134939193726,4.559409831999801,0.4502100469999277,0.4603538560004381,5.469973735000167,TILL IT WAS FOUND NECESSARY TO DO OTHERWISE SHE HAD SOME PERSONS OF CHARACTER THAT FREQUENTLY LODGED IN HER HOUSE AND IN PARTICULAR THE GENTLEMAN WHO AS I SAID SINGLED ME OUT FOR HIS COMPANION,"Tell it was found necessary to do otherwise. She had some persons of character that frequently lodged in her house, and in particular the gentleman who, as I said, signaled me out for his companion."
300,mic_fileid_300_doa274_3spk.wav,text_fileid_300_doa274_spk3.txt,274,274,0.0,3,clean_fileid_300_doa274_spk3.wav,0.24242424242424243,8,33,-8.757818222045898,14.815677642822266,23.573495864868164,-8.856877326965332,14.244437217712402,23.101314544677734,1.060343623161316,2.771930694580078,1.7115870714187622,4.396467064999342,0.40216459600014787,0.3272913749997315,5.125923035999222,OR HYDROCYANIC ACID PROBABLY THE MOST DEADLY POISON AND THE SWIFTEST IN ITS ACTION THAT WAS KNOWN TO SCIENCE CARLING HAD PROVIDED AGAINST THAT SOME DAY IN HIS CONFESSION FOR A LITTLE SPACE,"or a hydrosionic acid, probably the most deadly poison, and the swift in its action that was known to science. The curling hat provided against that someday in his confession. For a little space"
301,mic_fileid_301_doa9_3spk.wav,text_fileid_301_doa9_spk3.txt,9,9,0.0,3,clean_fileid_301_doa9_spk3.wav,0.19444444444444445,7,36,-8.436524391174316,11.264518737792969,19.701043128967285,-8.492156982421875,10.76136589050293,19.253522872924805,1.0501497983932495,2.5054244995117188,1.4552747011184692,4.246614200000295,0.451600741999755,0.36325127799955226,5.061466219999602,AND BEGAN TALKING ABOUT THE WEATHER ESTHER WAS NOT TO BE TURNED FROM HER OBJECT THUS ALTHOUGH SHE FELT HER COURAGE EBBING AWAY FROM HER AS IT ALWAYS DID IN THE PRESENCE OF THE CROPPER IMPERVIOUSNESS,"and began talking about the weather, as to not be turned for her object thus, although she felt her courage ebbing away from her as it always did in the presence of the Crocker in Puruse-ness."
302,mic_fileid_302_doa275_3spk.wav,text_fileid_302_doa275_spk3.txt,275,275,0.0,3,clean_fileid_302_doa275_spk3.wav,0.2,5,25,-10.830802917480469,12.817030906677246,23.647833824157715,-10.973737716674805,12.49625015258789,23.469987869262695,1.0901609659194946,1.917701244354248,0.8275402784347534,4.4650505820000035,0.39602267400005076,0.31598372500047844,5.177056981000533,OR COULD NOT BECOME THEIR PREY AND NO FACULTY IS MORE UNINTELLIGIBLE TO SUCH MEN THAN JUST THIS HISTORICAL SENSE WITH ITS TRUCKLING PLEBEIAN CURIOSITY,"or could not be in their grave. And no faculty is more unintelligible to such men than just this historical sense with its twinkling, pervading curiosity."
303,mic_fileid_303_doa111_3spk.wav,text_fileid_303_doa111_spk3.txt,111,111,0.0,3,clean_fileid_303_doa111_spk3.wav,0.1111111111111111,4,36,-9.950112342834473,9.593099594116211,19.543211936950684,-10.089254379272461,9.083243370056152,19.172497749328613,1.1482266187667847,2.3113789558410645,1.1631523370742798,4.855381445000603,0.5022733360001439,0.41415811000024405,5.771812891000991,GENERAL WHEELER GUIDED BY THE CUBANS RECONNOITRED THIS TRAIL ON THE TWENTY THIRD OF JUNE AND WITH THE POSITION OF THE ENEMY FULLY EXPLAINED TO HIM RETURNED TO SIBONEY AND INFORMED GENERAL YOUNG AND COLONEL WOOD,"General Wheeler, guided by the Cubans, recon-ordered this trail on the 23rd of June, and with the position of the enemy fully explained to him, returned to Cibone and informed General Young and Colonel Wood."
304,mic_fileid_304_doa163_3spk.wav,text_fileid_304_doa163_spk3.txt,163,163,0.0,3,clean_fileid_304_doa163_spk3.wav,1.7272727272727273,38,22,-15.857821464538574,11.758217811584473,27.616039276123047,-16.393665313720703,6.963129997253418,23.35679531097412,1.0914596319198608,1.0808556079864502,-0.010604023933410645,3.898741455000163,0.5738427239994053,1.396960255000522,5.86954443400009,O THOU MY LOVELY BOY WHO IN THY POWER DOST HOLD TIME'S FICKLE GLASS HIS FICKLE HOUR WHO HAST BY WANING GROWN,"I don't do it at milestone, but I love how small crates move from a flat to a small stage. Or um... I do it atiked. I sort of. There. There. I'll do the spell you change with."
305,mic_fileid_305_doa32_3spk.wav,text_fileid_305_doa32_spk3.txt,32,32,0.0,3,clean_fileid_305_doa32_spk3.wav,0.0,0,44,-8.30213737487793,5.603009223937988,13.905146598815918,-8.409974098205566,5.398218154907227,13.808192253112793,1.0918036699295044,2.17425799369812,1.0824543237686157,4.182193516000552,0.492209076999643,0.4290615230002004,5.103464116000396,IN ORDER TO AVOID LEATHER WHICH USUALLY BECOMES STIFF AND EASILY CRACKED IN THE COLD HE WAS TO USE A COMBINATION OF LEATHER AND THIN CANVAS FOR THE UPPERS LEATHER NEAREST THE SOLE AND CANVAS ABOVE IT THE MEASUREMENTS WERE TAKEN FROM MY FOOT,"In order to avoid leather, which usually becomes stiff and easily cracked in the cold, he was to use a combination of leather and thin canvas for the uppers. Leather nearest the sole and canvas above it. The measurements were taken from my foot."
306,mic_fileid_306_doa261_3spk.wav,text_fileid_306_doa261_spk3.txt,261,261,0.0,3,clean_fileid_306_doa261_spk3.wav,0.0,0,35,-10.102317810058594,10.693363189697266,20.79568099975586,-10.21109676361084,10.240864753723145,20.451961517333984,1.0669825077056885,2.266794204711914,1.1998116970062256,5.133476128000439,0.6724290820002352,0.3502163009998185,6.156121511000492,WE WILL FIGHT FOR HIM YES WE WILL DIE FOR HIM AND A LARGE PART OF THE COMMON SOLDIER'S PATRIOTISM WAS THIS HEART RESPONSE OF THE BOYS TO THE GREAT BOY IN THE WHITE HOUSE,"We will fight for him. Yes, we will die for him. And a large part of the common soldier's patriotism was this heart response of the boys to the great boy in the White House."
307,mic_fileid_307_doa242_3spk.wav,text_fileid_307_doa242_spk3.txt,242,242,0.0,3,clean_fileid_307_doa242_spk3.wav,0.08823529411764706,3,34,-6.458334922790527,12.476054191589355,18.934389114379883,-6.495394229888916,12.329487800598145,18.82488203048706,1.076763391494751,2.5272507667541504,1.4504873752593994,5.19375682000009,0.6787484320002477,0.37308011900040583,6.245585371000743,WHICH HAD THE FORM OF A HUGE SPIDER THESE STREETS WERE NOT DESERTED THERE COULD BE DESCRIED PILES OF GUNS MOVING BAYONETS AND TROOPS BIVOUACKING NO CURIOUS OBSERVER PASSED THAT LIMIT THERE CIRCULATION CEASED,"which had the form of a huge spider. These streets were not deserted. There could be described piles of guns, moving bayonets, and troops bewatching. No curious observer passed that limit. Their circulation ceased."
308,mic_fileid_308_doa275_3spk.wav,text_fileid_308_doa275_spk3.txt,275,275,0.0,3,clean_fileid_308_doa275_spk3.wav,0.0,0,36,-8.355332374572754,13.25543212890625,21.610764503479004,-8.448986053466797,11.862088203430176,20.311074256896973,1.0544884204864502,2.659773826599121,1.605285406112671,4.397694916000546,0.5975220569998783,0.33984663400042336,5.335063607000848,SO AS TO MAKE A MORE EFFICIENT AGENT AND MACHINES IN TURN MAY BE ADJUSTED AS PARTS OF A LARGER SYSTEM OF PRODUCTION THE IDEAL OF THE MODERN FACTORY SYSTEM IS SO TO ARRANGE THE MACHINERY,so as to make a more efficient agent. And machines in turn may be adjusted as parts of a larger system of production. The ideal of the modern factory system is so to arrange the machinery.
309,mic_fileid_309_doa186_3spk.wav,text_fileid_309_doa186_spk3.txt,186,186,0.0,3,clean_fileid_309_doa186_spk3.wav,0.0,0,41,-8.692359924316406,8.866284370422363,17.55864429473877,-8.812156677246094,8.578741073608398,17.390897750854492,1.075249195098877,2.348634719848633,1.2733855247497559,4.475835992999237,0.444943384999533,0.4069119439991482,5.327691321997918,THAT IN FACT HE HAD SEEN ENOUGH FOR HIS ARGUMENT BEFORE HE AND THE REST OF THE MOB HAD BEEN EJECTED BY THE MAGISTRATES BUT FINALLY THAT INDEPENDENTLY OF ALL THIS HE HAD HEARD BOTH THE OFFICERS AS THEY CONDUCTED HIM,"that, in fact, he had seen enough for his argument before he and the rest of the mob had been ejected by the magistrates. But finally, that independently of all this, he had heard both the officers as they conducted him."
310,mic_fileid_310_doa220_3spk.wav,text_fileid_310_doa220_spk3.txt,220,220,0.0,3,clean_fileid_310_doa220_spk3.wav,0.1724137931034483,5,29,-8.8319091796875,11.72511100769043,20.55702018737793,-8.867133140563965,11.47641372680664,20.343546867370605,1.6873623132705688,2.1255204677581787,0.43815815448760986,4.769945056000324,0.43176439499984554,0.3530555570005163,5.554765008000686,HE REACHED FOR THE FIRST TIME A PEOPLE SPEAKING A DIALECT OF THE IROQUOIS TONGUE HERE ALL WAS CHANGED POPULOUS TOWNS RUDE FORTIFICATIONS AND AN EXTENSIVE THOUGH BARBAROUS TILLAGE,"He reached for the first time a people speaking a dialect of the Iroquatong. Here all was changed, populist towns, rude fortifications, and an extensive the barbaric tillage."
311,mic_fileid_311_doa64_3spk.wav,text_fileid_311_doa64_spk3.txt,64,64,0.0,3,clean_fileid_311_doa64_spk3.wav,0.06451612903225806,2,31,-6.060648441314697,10.628568649291992,16.68921709060669,-6.128276824951172,10.263538360595703,16.391815185546875,1.0463536977767944,2.381126642227173,1.3347729444503784,4.683734883999023,0.273113655999623,0.2962585160003073,5.253107055998953,AND THERE WAS MUCH COMMENT ON THIS EVIDENCE OF A DECLINING INDUSTRY IT WAS NOT AT ONCE RECOGNIZED THAT THERE WAS EMBODIED IN HORSE FLESH MORE HORSE POWER THAN EVER BEFORE,And there was much comment on this evidence of a declining industry. It was not at once recognized that there was embodied in horse flesh more horsepower than ever before.
312,mic_fileid_312_doa219_3spk.wav,text_fileid_312_doa219_spk3.txt,219,219,0.0,3,clean_fileid_312_doa219_spk3.wav,0.04878048780487805,2,41,-10.086819648742676,13.01083755493164,23.097657203674316,-10.174280166625977,12.638195991516113,22.81247615814209,1.0225738286972046,2.9124882221221924,1.8899143934249878,3.984711013999913,0.2727645169998141,0.4343558900000062,4.691831420999733,NOW PUTTING ASIDE THE SOME OTHER PERSON FOR CONSIDERATION ONLY IF THE FIRST THREE HYPOTHESES FAIL WE HAVE LEFT REUBEN WALTER AND JOHN BUT IF WE LEAVE THE THUMB PRINT OUT OF THE QUESTION THE PROBABILITIES EVIDENTLY POINT TO JOHN HORNBY,"Now, putting aside the some other person for consideration only if the first three hypotheses fail, we have left Reuben, Walter, and John. But if we leave the thumbprint out of the question, the probabilities evidently point to John Hornby."
313,mic_fileid_313_doa50_3spk.wav,text_fileid_313_doa50_spk3.txt,50,50,0.0,3,clean_fileid_313_doa50_spk3.wav,0.018518518518518517,1,54,-10.810566902160645,10.122570037841797,20.93313694000244,-10.960321426391602,9.76627254486084,20.72659397125244,1.062575340270996,2.3848862648010254,1.3223109245300293,4.896251389001009,0.48743212199951813,0.5067809980000675,5.890464509000594,AS A PROTEST AGAINST THE SLUGGISHNESS AND IGNORANCE OF THE SOUTH IN THE WEST THEY SPOKE OF IT AS A REVOLT AGAINST THE SPIRIT OF THE EAST AND IN THE EAST THEY CALLED IT A REACTION AGAINST THE LAWLESSNESS OF THE WEST BUT EVERYWHERE THEY HAILED IT AS A NEW SIGN OF THE GLORIOUS,"as a protest against the slovishness and ignorance of the South. In the West, they spoke of it as a revolt against the spirit of the East, and in the East they called it a reaction against the lawlessness of the West. But everywhere they hailed it as a new sign of the glorious..."
314,mic_fileid_314_doa201_3spk.wav,text_fileid_314_doa201_spk3.txt,201,201,0.0,3,clean_fileid_314_doa201_spk3.wav,0.09090909090909091,3,33,-9.474897384643555,13.177536010742188,22.652433395385742,-9.610064506530762,12.904932022094727,22.51499652862549,1.074019432067871,2.908857583999634,1.8348381519317627,3.8722527310010264,0.4945152699992832,0.3593266349998885,4.726094636000198,AT EACH STEP GROWING LESS CHARLOTTE THE MUMMER OF A MINUTE AND MORE THE ANXIOUS PILGRIM OF ALL TIME THE LION'S WRATH WAXED TERRIBLE AT HER APPROACH HIS ROARING FILLED THE STARTLED AIR,"at each step growing less Charlotte, the mummer of a minute, and more the anxious pilgrim of all time. The lion's wrath waxed terrible at her approach, his roaring filled the start of the air."
315,mic_fileid_315_doa344_3spk.wav,text_fileid_315_doa344_spk3.txt,344,344,0.0,3,clean_fileid_315_doa344_spk3.wav,0.047619047619047616,2,42,-6.367454528808594,9.60788345336914,15.975337982177734,-6.448457717895508,9.322823524475098,15.771281242370605,1.0686640739440918,2.0353827476501465,0.9667186737060547,4.758528330000445,0.39152163899962034,0.4221443940004974,5.572194363000563,THE LADY WHO JUST NOW SPOKE TO YOU WILL ACQUAINT YOU WITH THE REST THEREFORE THINK OF NOTHING BUT RECOVERING YOUR HEALTH I WILL CONTRIBUTE ALL IN MY POWER TOWARDS IT HAVING SPOKE THESE WORDS HE LEFT GANEM TO TAKE HIS REST,"The lake who just now spoke to you will acquaint you with the rest. Therefore think of nothing but recovering your health. I will contribute all in my power towards it. Having spoke these words, he left Ghan to take his rest."
316,mic_fileid_316_doa180_3spk.wav,text_fileid_316_doa180_spk3.txt,180,180,0.0,3,clean_fileid_316_doa180_spk3.wav,0.0,0,45,-5.2666168212890625,11.427315711975098,16.69393253326416,-5.311993598937988,11.136059761047363,16.44805335998535,1.1123683452606201,2.801614284515381,1.6892459392547607,4.645333228999334,0.487901523999426,0.4433158760002698,5.57655062899903,THEN THEY STOOD AND FISHED FOR A LONG TIME WITHOUT SAYING ANYTHING WHEN SHE FLEW AWAY SHE SAID THAT IS A VERY PLEASANT FISHING PLACE HE STOOD ON THE OTHER LEG FOR A WHILE AND THOUGHT HOW SWEET HER VOICE SOUNDED AS SHE SAID IT,"Then they stood and fished for a long time without saying anything. When she flew away, she said, That is a very pleasant fishing place. He stood on the other leg for a while and thought how sweet her voice sounded as she said it."
317,mic_fileid_317_doa115_3spk.wav,text_fileid_317_doa115_spk3.txt,115,115,0.0,3,clean_fileid_317_doa115_spk3.wav,0.061224489795918366,3,49,-6.629910469055176,15.741147994995117,22.371058464050293,-6.857977867126465,15.484646797180176,22.34262466430664,1.029931664466858,2.876451253890991,1.8465195894241333,4.786456404000091,0.4161798409995754,0.5084017179997318,5.711037962999399,IF YOU DO YOU WILL COVER MY LIFE WITH A DARK CLOUD OF WOE THIS SPEECH WHICH WOULD HAVE SOFTENED GOOD MISSUS LYNDE'S HEART IN A TWINKLING HAD NO EFFECT ON MISSUS BARRY EXCEPT TO IRRITATE HER STILL MORE SHE WAS SUSPICIOUS OF ANNE'S BIG WORDS AND DRAMATIC GESTURES,"If you do, you will cover my life with a dark cloud of woe. This speech, which would have softened good Mrs. Lynn's heart in a twinkling, had no effect on Mrs. Barry, except to irritate her still more. She was suspicious of Anne's big words and dramatic gestures."
318,mic_fileid_318_doa193_3spk.wav,text_fileid_318_doa193_spk3.txt,193,193,0.0,3,clean_fileid_318_doa193_spk3.wav,0.22857142857142856,8,35,-11.404367446899414,8.551017761230469,19.955385208129883,-11.541152000427246,8.120076179504395,19.66122817993164,1.0964781045913696,1.8587079048156738,0.7622298002243042,4.783881193000525,0.7331212299995968,0.4084320590000061,5.925434482000128,THE NAME OF THE TRIBE IS PRESERVED IN THAT OF THE RIVER CABOOSA IN CLOSE LEAGUE WITH HIM WAS THE MIGHTY OATHCAQUA DWELLING NEAR CAPE CANAVERAL WHO GAVE HIS DAUGHTER A MAIDEN OF WONDROUS BEAUTY,"The mayor of the tribe has preserved him that of the River Kavus. In close league with him was the mighty Owen Conway, dwelling near Hickonabral, who gave his daughter a maiden of wondrous beauty."
319,mic_fileid_319_doa41_3spk.wav,text_fileid_319_doa41_spk3.txt,41,41,0.0,3,clean_fileid_319_doa41_spk3.wav,0.047619047619047616,1,21,-9.289510726928711,10.06352424621582,19.35303497314453,-9.397472381591797,9.741918563842773,19.13939094543457,1.071763277053833,1.7836174964904785,0.7118542194366455,4.734706287998961,0.4533471170007033,0.2593356469997161,5.44738905199938,AND THUS UNBARED WHAT WAS MOST SACRED TO HIMSELF WITHOUT JARRING ON THE INNATE RETICENCE WHICH MADE PURELY PERSONAL CONFIDENCES IMPOSSIBLE,"and thus unbared what was most sacred to himself, without jarring on an innate reticence which made purely personal confidences impossible."
320,mic_fileid_320_doa181_3spk.wav,text_fileid_320_doa181_spk3.txt,181,181,0.0,3,clean_fileid_320_doa181_spk3.wav,0.03333333333333333,1,30,-8.384953498840332,11.895028114318848,20.27998161315918,-8.452530860900879,11.593342781066895,20.045873641967773,1.0643843412399292,2.4471514225006104,1.3827670812606812,4.323278193999613,0.36316259799968975,0.36363949499991577,5.0500802869992185,THE BRUTALITY OF MARRIAGE CREATES DEFINITE SITUATIONS SUPPRESSES THE WILL KILLS CHOICE HAS A SYNTAX LIKE GRAMMAR REPLACES INSPIRATION BY ORTHOGRAPHY MAKES A DICTATION OF LOVE DISPERSES ALL LIFE'S MYSTERIES,"The brutality of marriage creates definite situations, suppresses the will, kills choice, has a syntax, like grammar, replaces exploration by orthography, makes a dictation of love, disperses all life's mysteries."
321,mic_fileid_321_doa43_3spk.wav,text_fileid_321_doa43_spk3.txt,43,43,0.0,3,clean_fileid_321_doa43_spk3.wav,0.058823529411764705,2,34,-7.64919376373291,9.147261619567871,16.79645538330078,-7.7163214683532715,8.928878784179688,16.64520025253296,1.0469024181365967,2.268228769302368,1.2213263511657715,5.216078203999132,0.4087223880005695,0.4206996220000292,6.0455002139997305,YES I CAN'T IMAGINE WHAT MADE RAD ACT THAT WAY BUT I'LL SET THE AUTOMATIC STEERING GEAR NOW MISTER DAMON AND THEN YOU WILL BE RELIEVED MISTER JENKS WAS GAZING OFF TOWARD THE WEST,"Yes, I can't imagine what made Rad act that way. But I'll set the automatic steering gear now, Mr. Damon, and then you will be relieved. Mr. Jenks was gazing off toward the west."
322,mic_fileid_322_doa238_3spk.wav,text_fileid_322_doa238_spk3.txt,238,238,0.0,3,clean_fileid_322_doa238_spk3.wav,0.06976744186046512,3,43,-5.436439037322998,10.912862777709961,16.34930181503296,-5.508700370788574,10.677017211914062,16.185717582702637,1.248519778251648,2.830515146255493,1.5819953680038452,4.124419927999043,0.3087675179995131,0.3838849819994721,4.817072427998028,BUT I BELIEVED THAT SOME RADICAL CHANGE IN MY LIFE WAS COMING AND WOULD INEVITABLY COME THAT DAY OWING TO ITS RARITY PERHAPS ANY EXTERNAL EVENT HOWEVER TRIVIAL ALWAYS MADE ME FEEL AS THOUGH SOME RADICAL CHANGE IN MY LIFE WERE AT HAND,"But I believed that some radical change in my life was coming and would inevitably come that day. Going to its rarity perhaps. In the external event, however trivial, always made me feel as though some radical change in my life were at hand."
323,mic_fileid_323_doa100_3spk.wav,text_fileid_323_doa100_spk3.txt,100,100,0.0,3,clean_fileid_323_doa100_spk3.wav,0.09090909090909091,4,44,-10.663257598876953,9.28255558013916,19.945813179016113,-10.761758804321289,7.951509952545166,18.713268756866455,1.0949033498764038,2.4232277870178223,1.3283244371414185,3.945221932000095,0.46716688800006523,0.47632081900064804,4.888709639000808,AND HER AFTERNOON'S ENJOYMENT WAS SPOILED I'LL JUST STEP OVER TO GREEN GABLES AFTER TEA AND FIND OUT FROM MARILLA WHERE HE'S GONE AND WHY THE WORTHY WOMAN FINALLY CONCLUDED HE DOESN'T GENERALLY GO TO TOWN THIS TIME OF YEAR AND HE NEVER VISITS,"And her afternoon's enjoyment was spoiled. I'll just step over to Green Gables after tea and find out from Marilla where he's gone and why. The worthy woman of fire think excluded. He doesn't generally go to town this time of year, and he never visits."
324,mic_fileid_324_doa52_3spk.wav,text_fileid_324_doa52_spk3.txt,52,52,0.0,3,clean_fileid_324_doa52_spk3.wav,0.05128205128205128,2,39,-5.568443775177002,11.102837562561035,16.671281337738037,-5.6138224601745605,10.367229461669922,15.981051921844482,1.0482410192489624,2.2367489337921143,1.1885079145431519,4.16514380999979,0.3293082730006063,0.38500577100057853,4.879457854000975,A SINGLE GLANCE AT THE LANDSCAPE WAS SUFFICIENT TO SHOW ME HOW WIDELY DIFFERENT IT WAS FROM ANYTHING I HAD EVER BEHELD AT NIGHT IT BLEW A GALE OF WIND AND HEAVY SQUALLS FROM THE MOUNTAINS SWEPT PAST US,A single glance at the landscape was sufficient to show me how widely different it was from anything I had ever beheld. At night it blew a gale of wind and heavy squalls from the mountains up to past us.
325,mic_fileid_325_doa308_3spk.wav,text_fileid_325_doa308_spk3.txt,308,308,0.0,3,clean_fileid_325_doa308_spk3.wav,0.09259259259259259,5,54,-8.596470832824707,10.356672286987305,18.95314311981201,-8.667318344116211,10.013274192810059,18.68059253692627,1.0344318151474,2.228168249130249,1.1937364339828491,4.846127679999881,0.38449894599943946,0.5158969260000958,5.746523551999417,THERE WAS NOT A GREAT DEAL OF COMFORT IN THIS WE WERE ALMOST AS MUCH AFRAID OF PEG BOWEN AS WE WOULD BE OF ANY SPECTRAL VISITANT PETER SCOFFED AT THE IDEA PEG BOWEN WASN'T IN THE HOUSE BEFORE YOUR UNCLE ROGER LOCKED IT UP AND HOW COULD SHE GET IN AFTERWARDS HE SAID,"There was not a great deal of comfort in this. We were almost as much afraid of Ted Bowen as we would be of any spectral vision. Heater scoffed at the idea. Ted Bowen wasn't in the house before your uncle Wadi locked it up and how could she get in afterwards, he said?"
326,mic_fileid_326_doa218_3spk.wav,text_fileid_326_doa218_spk3.txt,218,218,0.0,3,clean_fileid_326_doa218_spk3.wav,0.02564102564102564,1,39,-7.332974910736084,14.894338607788086,22.22731351852417,-7.406842231750488,14.309172630310059,21.716014862060547,1.075462818145752,3.025247573852539,1.949784755706787,4.743896130999929,0.5287591609994706,0.3876234099998328,5.660278701999232,AND AT LENGTH REACHED A STRANGE KINGDOM HERE HE THOUGHT TO HIMSELF HE MIGHT AS WELL GO STRAIGHT TO THE PALACE AND OFFER HIS SERVICES TO THE KING OF THE COUNTRY FOR HE HAD HEARD THAT THE KING'S DAUGHTER,"and at length reached a strange kingdom. Here he thought to himself, he might as well go straight to the palace and offer his services to the king of the country, where he had heard that the king's daughter."
327,mic_fileid_327_doa189_3spk.wav,text_fileid_327_doa189_spk3.txt,189,189,0.0,3,clean_fileid_327_doa189_spk3.wav,0.08108108108108109,3,37,-9.554357528686523,11.3571195602417,20.911477088928223,-9.613487243652344,10.989242553710938,20.60272979736328,1.669538974761963,2.7665607929229736,1.0970218181610107,3.929985538999972,0.5986319569992702,0.3594941760002257,4.888111671999468,THAT IF I HAD BEEN A STRANGER AND AT A LOSS FOR MY WAY I MIGHT SOMETIMES HAVE GONE THE LENGTH OF A WHOLE STREET I MEAN OF THE BY STREETS AND SEEN NOBODY TO DIRECT ME,"That, if I had been a stranger and had a loss for my way, I might sometimes have gone the length of a whole street, I mean of the by-street, and seen nobody to direct me."
328,mic_fileid_328_doa264_3spk.wav,text_fileid_328_doa264_spk3.txt,264,264,0.0,3,clean_fileid_328_doa264_spk3.wav,0.06382978723404255,3,47,-9.624730110168457,11.981047630310059,21.605777740478516,-9.761987686157227,11.661553382873535,21.42354106903076,1.1230179071426392,2.126410484313965,1.0033925771713257,4.834303342999192,0.6501095459998396,0.4631422290003684,5.9475551179994,BY THE OLD FOOTPATH WHICH WAS STILL KEPT OPEN HE WALKED SLOWLY AND DREAMILY WITH HIS EYES ON THE FAR HILLS SCARFED IN THE SPLENDOUR OF SUNSET SO HE HAD WALKED IN THE OLD DAYS BUT HE HAD NO DREAMS NOW OF WHAT LAY BEYOND THE HILLS,"by the old footpath which was still kept open. He walked slowly and dreamily, with his eyes on the far hills, scarfed in the splendor of sunset. Sophie had walked in the old days, but he had no dreams now of what lay beyond the hills."
329,mic_fileid_329_doa12_3spk.wav,text_fileid_329_doa12_spk3.txt,12,12,0.0,3,clean_fileid_329_doa12_spk3.wav,0.0,0,38,-6.699874401092529,10.953717231750488,17.653591632843018,-6.840540885925293,10.622344017028809,17.4628849029541,1.0597492456436157,2.2385568618774414,1.1788076162338257,4.9060496819993205,0.4639268720002292,0.40975213300043833,5.779728686999988,AND THAT THE PEERS WERE NOTHING BUT INDIVIDUALS WHO HELD THEIR SEATS IN A PARTICULAR CAPACITY AND THEREFORE IF THEIR LORDSHIPS WILL NOT CONSENT TO THE PASSING OF ACTS NECESSARY FOR THE PRESERVATION OF THE PEOPLE THE COMMONS,"And that the peers were nothing but individuals who held their seats in a particular capacity, and therefore, if their lordships will not consent to the passing of acts necessary for the preservation of the people, the commons,"
330,mic_fileid_330_doa287_3spk.wav,text_fileid_330_doa287_spk3.txt,287,287,0.0,3,clean_fileid_330_doa287_spk3.wav,0.04878048780487805,2,41,-6.865250587463379,10.894956588745117,17.760207176208496,-6.96115255355835,10.598325729370117,17.559478282928467,1.0584721565246582,1.9380743503570557,0.8796021938323975,4.41866185300114,0.3025853789995381,0.36411980299999414,5.085367035000672,MORALITY POSTULATES THAT EVERYONE FIND CONDITIONS IN WHICH HE CAN BE VICTORIOUS IF HE PUTS HIS STRONGEST EFFORTS TO THE TASK IN OUR DISCUSSION OF THE MENTAL SYMPTOMS I REPORTED AS AN ILLUSTRATION OF THE SUGGESTIVE TREATMENT OF THE DRUG PASSION,"Morality postulates that everyone find conditions in which he can be victorious if he puts his strongest efforts to the test. In our discussion of the mental symptoms, I reported as an illustration of the suggestive treatment of the drug of passion."
331,mic_fileid_331_doa247_3spk.wav,text_fileid_331_doa247_spk3.txt,247,247,0.0,3,clean_fileid_331_doa247_spk3.wav,0.05263157894736842,2,38,-7.179238796234131,10.743611335754395,17.922850131988525,-7.238929271697998,10.527583122253418,17.766512393951416,1.0952000617980957,2.2782909870147705,1.1830909252166748,4.835419706999346,0.4374500860003536,0.4083795739998095,5.681249366999509,I CANNOT STAND I SAID THERE IS SOMETHING GONE IN MY LEG AND I FEEL BLOOD RUNNING DOWN INTO MY BOOT HE KNELT AND ROLLED DOWN THE LEG OF MY STOCKING BUT THOUGH HE ONLY MOVED MY FOOT,"I cannot stand, I said. There is something gone in my leg, and I feel blood running down in my boot. He knelt and rolled down the leg of my stocking, with though he only moved my foot."
332,mic_fileid_332_doa4_3spk.wav,text_fileid_332_doa4_spk3.txt,4,4,0.0,3,clean_fileid_332_doa4_spk3.wav,0.15384615384615385,6,39,-6.423510551452637,10.464595794677734,16.88810634613037,-6.497864246368408,10.211971282958984,16.709835529327393,1.0878782272338867,2.3160836696624756,1.2282054424285889,4.2395042810012455,0.330191790999379,0.3461785980007335,4.915874670001358,WITH YEARS A CRAVING FOR SOCIETY FOR FRIENDS DEVELOPED IN ME I ATTEMPTED TO GET ON FRIENDLY TERMS WITH SOME OF MY SCHOOLFELLOWS BUT SOMEHOW OR OTHER MY INTIMACY WITH THEM WAS ALWAYS STRAINED AND SOON ENDED OF ITSELF,"With years not craving for society or friends developed in me, I attempted to get on friendly terms with some of my school fellows. Somehow or other my intimacy with them would always strain and soon ended of itself."
333,mic_fileid_333_doa222_3spk.wav,text_fileid_333_doa222_spk3.txt,222,222,0.0,3,clean_fileid_333_doa222_spk3.wav,0.11904761904761904,5,42,-8.365689277648926,11.01081371307373,19.376502990722656,-8.444457054138184,10.650988578796387,19.09544563293457,2.5722382068634033,2.1179001331329346,-0.45433807373046875,5.262022989999423,0.6601340779998282,0.4705393060003189,6.39269637399957,A PERFUME OF SPICES MINGLED WITH ANOTHER PERFUME LESS EXOTIC BUT MORE PENETRATING NAMELY THAT WHICH AROSE FROM THE STREET ASCENDED TO SALUTE THE NOSTRILS OF THE MUSKETEER D'ARTAGNAN RECLINING IN AN IMMENSE STRAIGHT BACKED CHAIR WITH HIS LEGS NOT STRETCHED OUT,"A perfume of spices hangled with another perfume less exotic, but more penetrated, namely that which blows through the street, ascended to salute the nostrils of the musketeer. D'Artagnan reclining in an immense straight back chair with his legs not stretched out."
334,mic_fileid_334_doa188_3spk.wav,text_fileid_334_doa188_spk3.txt,188,188,0.0,3,clean_fileid_334_doa188_spk3.wav,0.13636363636363635,6,44,-8.286171913146973,9.90031623840332,18.186488151550293,-8.377461433410645,9.331611633300781,17.709073066711426,1.024186611175537,1.977642297744751,0.9534556865692139,3.9245229620000828,0.38624652799990145,0.428194538999378,4.738964028999362,WITH REGARD TO THE MISTRESSES IT IS I BELIEVE GENERALLY UNDERSTOOD THAT AT THE TIME TO WHICH I REFER A HUNDRED YEARS AGO THEY TOOK A PERSONAL PART IN THE HIGHER BRANCHES OF COOKERY AS WELL AS IN THE CONCOCTION OF HOME MADE WINES,"With regard to the businesses, it is, I believe, generally understood that at the time to which I referred a hundred years ago, they took a personal part in the higher branches of Foukerie, as well as the concoction of home underlines."
335,mic_fileid_335_doa331_3spk.wav,text_fileid_335_doa331_spk3.txt,331,331,0.0,3,clean_fileid_335_doa331_spk3.wav,0.03125,1,32,-9.335846900939941,12.8863525390625,22.22219944000244,-9.436872482299805,12.476034164428711,21.912906646728516,1.1112669706344604,2.8179776668548584,1.706710696220398,3.512990492999961,0.43693462499959423,0.33306178400016506,4.28298690199972,IF YOU DID NOT KNOW HOW MISERABLE I WAS YOU MIGHT BUT NOW IT HAS ALL BEEN NO USE I CAN CARE FOR NOTHING BUT SAVING THE REST FROM KNOWING POOR MAMMA,"If you did not know how miserable I was, you might. But now it has all been no use. I can care for nothing but saving the rest from knowing. Poor mama."
336,mic_fileid_336_doa143_3spk.wav,text_fileid_336_doa143_spk3.txt,143,143,0.0,3,clean_fileid_336_doa143_spk3.wav,0.34285714285714286,12,35,-8.309707641601562,10.484627723693848,18.79433536529541,-8.487512588500977,9.737817764282227,18.225330352783203,1.0319113731384277,1.95546555519104,0.9235541820526123,4.6817424480004775,0.6220852910000758,0.3905750759995499,5.694402815000103,DOWN THE WORN OUT YEARS A SOB OF BROKEN LOVES OLD PAIN OF DEAD FAREWELLS AND ONE FACE FADING INTO GREY A SILVER WEB HAS THE MOON SPUN A SILVER WEB OVER ALL THE SKY,"Down the worn out years, the saw the broken lives, full pain of death bare wells, and one face fading into gray, the silver web has the moon's dark, a silver web over all the sky."
337,mic_fileid_337_doa212_3spk.wav,text_fileid_337_doa212_spk3.txt,212,212,0.0,3,clean_fileid_337_doa212_spk3.wav,0.05263157894736842,2,38,-9.345200538635254,11.221795082092285,20.56699562072754,-9.463488578796387,10.749784469604492,20.21327304840088,1.0946056842803955,2.585278034210205,1.4906723499298096,4.7475806550000925,0.5194550460000755,0.4179312169999321,5.6849669180001,THAT THE SHEVARDINO REDOUBT WAS AN ADVANCED POST WHEREAS IN REALITY IT WAS SIMPLY A FORTIFIED POINT ON THE LEFT FLANK AND THAT THE BATTLE OF BORODINO WAS FOUGHT BY US ON AN ENTRENCHED POSITION PREVIOUSLY SELECTED WHERE,"that the Shiveradino Redoubt was an advanced coast, whereas in reality it was simply a fortified point on the left flank. And that the Battle of Borodino was fought by us on an entrenched position previously selected where..."
338,mic_fileid_338_doa129_3spk.wav,text_fileid_338_doa129_spk3.txt,129,129,0.0,3,clean_fileid_338_doa129_spk3.wav,0.07142857142857142,2,28,-7.415964603424072,11.42479133605957,18.840755939483643,-7.475492477416992,11.09428882598877,18.56978130340576,1.0504534244537354,2.2803151607513428,1.2298617362976074,3.964621294999233,0.288086671000201,0.3560109009995358,4.60871886699897,WHEN SHE GETS TANTRUMS INTO HER HEAD OF COURSE SHE'LL WRITE A LETTER BUT THERE'S SOMEBODY ELSE MISSUS MASTERS WHO SAYS SO I SAY THERE AIN'T NOBODY NOBODY,"When she gets tantrums into her head, of course, she'll write a letter. But there's somebody else, Mrs. Masters. Ruth says so. I say there ain't nobody. Nobody."
339,mic_fileid_339_doa80_3spk.wav,text_fileid_339_doa80_spk3.txt,80,80,0.0,3,clean_fileid_339_doa80_spk3.wav,0.022222222222222223,1,45,-10.797971725463867,6.077271938323975,16.875243663787842,-11.018350601196289,5.65989875793457,16.67824935913086,1.1019020080566406,1.9295470714569092,0.8276450634002686,4.558633434000512,0.4470452489995296,0.4152805460007585,5.4209592290008,I WILL BATHE IN THE HIGH SKY AMONG COOL WIND WAVES FROM THE SNOW FROM THE MORE SOUTHERLY OF THE TWO PEAKS A LONG RIDGE COMES DOWN BENT LIKE A BOW ONE END IN THE HOT PLAINS THE OTHER IN THE SNOW OF THE SUMMIT,"I will bathe in the high sky among cool wind waves from the snow. From the more southerly of the two peaks a long ridge comes down, bent like a bow, one end in the hot plains, the other in the snow of the summer."
340,mic_fileid_340_doa108_3spk.wav,text_fileid_340_doa108_spk3.txt,108,108,0.0,3,clean_fileid_340_doa108_spk3.wav,0.2631578947368421,10,38,-9.06557846069336,8.340968132019043,17.406546592712402,-9.161306381225586,8.171785354614258,17.333091735839844,1.0574049949645996,1.826158046722412,0.7687530517578125,4.439437421999173,0.5708843259999412,0.40667115100040974,5.416992898999524,I BEHELD GREAT HEAPS OF COIN AND QUADRILATERALS BUILT OF BARS OF GOLD THAT WAS FLINT'S TREASURE THAT WE HAD COME SO FAR TO SEEK AND THAT HAD COST ALREADY THE LIVES OF SEVENTEEN MEN FROM THE HISPANIOLA,"I'd be home three peaks of corn and quadrilateral built of bars of gold. That was Flint's treasure that we had come so far to seek, and then it cost already the lives of 17 men from the Hispaniola."
341,mic_fileid_341_doa141_3spk.wav,text_fileid_341_doa141_spk3.txt,141,141,0.0,3,clean_fileid_341_doa141_spk3.wav,0.04878048780487805,2,41,-5.513305187225342,16.641647338867188,22.15495252609253,-5.588926792144775,16.466033935546875,22.05496072769165,1.1006057262420654,3.4333994388580322,2.332793712615967,4.970922961000724,0.45280569399983506,0.3912411790006445,5.814969834001204,LOOK BACK WITH SERENE HAPPINESS ON THEIR FAILURES THE TURNING OF THE FACE OF TIME SHOWS ALL THINGS IN A WONDROUSLY ILLUMINATED AND SATISFYING PERSPECTIVE MANY A MAN IS THANKFUL TO DAY THAT SOME PETTY SUCCESS FOR WHICH HE ONCE STRUGGLED,Look back with serene happiness on their failures. The turning of the face of time shows all things in a wondrously illuminated and satisfying perspective. Many a man is thankful today that some petty success for which he once struggled.
342,mic_fileid_342_doa326_3spk.wav,text_fileid_342_doa326_spk3.txt,326,326,0.0,3,clean_fileid_342_doa326_spk3.wav,0.13636363636363635,3,22,-7.642204761505127,12.362203598022461,20.004408359527588,-7.7387495040893555,12.063679695129395,19.80242919921875,1.0546339750289917,2.1416916847229004,1.0870577096939087,4.912327983000978,0.23895838999942498,0.28191202499965584,5.433198398000059,BUT NO DOUBT HE WOULD THINK OF SOME TREMENDOUSLY CUNNING DEVICE LATER ON TO EURALIA THEN WITH ALL DISPATCH HE TROTTED OFF,But no doubt he would think of some tremendously cunning device later on. Two Uralia vets with all dispatch. He trotted off.
343,mic_fileid_343_doa17_3spk.wav,text_fileid_343_doa17_spk3.txt,17,17,0.0,3,clean_fileid_343_doa17_spk3.wav,0.08571428571428572,3,35,-7.533169269561768,10.926947593688965,18.460116863250732,-7.593576431274414,10.405501365661621,17.999077796936035,1.0272727012634277,1.9291280508041382,0.9018553495407104,4.272808320000877,0.4731135430001814,0.3323761450001257,5.078298008001184,NOW THAT LIGHT OF KNOWLEDGE AND THAT DARKNESS OF IGNORANCE ARE INTELLECTUAL REALITIES NOT SENSIBLE ONES BUT WHEN WE SEEK FOR EXPLANATIONS IN THE EXTERNAL WORLD WE ARE OBLIGED TO GIVE THEM A SENSIBLE FORM,"Now that point of knowledge and that darkness of ignorance are intellectual realities, not sensible ones. But when we seek for explanations of the external world, we are obliged to give them in a sensible form."
344,mic_fileid_344_doa210_3spk.wav,text_fileid_344_doa210_spk3.txt,210,210,0.0,3,clean_fileid_344_doa210_spk3.wav,0.0,0,51,-8.388993263244629,9.888347625732422,18.27734088897705,-8.483284950256348,9.779962539672852,18.2632474899292,1.0986956357955933,2.7589714527130127,1.6602758169174194,4.627313017000233,0.4724875259998953,0.4902673449996655,5.590067887999794,I DON'T THINK WE SHALL COME OUT BY THE WAY THAT WE WENT IN I STARED AT THE PROFESSOR WITH A GOOD DEAL OF MISTRUST I ASKED WAS HE NOT TOUCHED IN THE BRAIN AND YET THERE WAS METHOD IN HIS MADNESS AND NOW LET US GO TO BREAKFAST SAID HE,"I don't think we shall come out by the way that we went in."" I stared at the professor with a good deal of mistrust. I asked, was he not touched in the brain? And yet there was method in his madness. And now let us go to breakfast, said he."
345,mic_fileid_345_doa154_3spk.wav,text_fileid_345_doa154_spk3.txt,154,154,0.0,3,clean_fileid_345_doa154_spk3.wav,0.13953488372093023,6,43,-9.575664520263672,13.699522972106934,23.275187492370605,-9.646943092346191,13.454471588134766,23.101414680480957,1.0588017702102661,2.5005908012390137,1.4417890310287476,4.695724458999393,0.4958175639994806,0.4792579309996654,5.670799953998539,MISCHIEVOUS ENOUGH IN HIS OWN NATURE AND ROUSES AND PROVOKES HIM YET MORE BY HER COMPLAINTS SHE POINTS OUT PSYCHE TO HIM AND SAYS MY DEAR SON PUNISH THAT CONTUMACIOUS BEAUTY GIVE THY MOTHER A REVENGE AS SWEET AS HER INJURIES ARE GREAT,"Mischiev is enough in his own nature, and Rautla provokes him yet more by her complaints. She points out Psyche to him and says, My dear son, punish the contamination's beauty. Give thy mother a revenge as sweet as her injuries are great."
346,mic_fileid_346_doa260_3spk.wav,text_fileid_346_doa260_spk3.txt,260,260,0.0,3,clean_fileid_346_doa260_spk3.wav,0.0,0,42,-6.395549297332764,13.809676170349121,20.205225467681885,-6.439679145812988,13.419389724731445,19.859068870544434,1.0888309478759766,2.944269895553589,1.8554389476776123,4.719678545000534,0.7484685999997964,0.40016863100026967,5.8683157760006,THESE WERE LIFTED INTO THE BACK OF THE WAGON AND A HAPPIER COUPLE NEVER DROVE ALONG THE COUNTRY ROAD THAN REBECCA AND HER COMPANION IT WAS A GLORIOUS INDIAN SUMMER DAY WHICH SUGGESTED NOTHING OF THANKSGIVING NEAR AT HAND AS IT WAS,"These were lifted into the back of the wagon, and a happier couple never drove along the country road than Rebecca and her companion. It was a glorious Indian summer day, which suggested nothing of Thanksgiving near at hand as it was."
347,mic_fileid_347_doa192_3spk.wav,text_fileid_347_doa192_spk3.txt,192,192,0.0,3,clean_fileid_347_doa192_spk3.wav,0.02702702702702703,1,37,-7.704923152923584,10.309041023254395,18.01396417617798,-7.777664661407471,10.077704429626465,17.855369091033936,1.1291366815567017,2.5236713886260986,1.394534707069397,4.685982020998381,0.4808239660005711,0.38476907400036,5.551575060999312,WE LISTENED WE FORGOT OUR SUFFERINGS WE HOPED ONCE MORE WE HAD STAKED OUR SALVATION ON THIS ONE LAST GAMBLE DESPITE THE BUZZING IN MY HEAD I SOON COULD HEAR VIBRATIONS UNDER THE NAUTILUS'S HULL WE TILTED,"We listened. We forgot our sufferings. We hoped once more we had staked our salvation on this one last gamble. Despite the buzzing in my head, I soon could hear vibrations under the nautilus' hull. We tilted."
348,mic_fileid_348_doa221_3spk.wav,text_fileid_348_doa221_spk3.txt,221,221,0.0,3,clean_fileid_348_doa221_spk3.wav,0.1951219512195122,8,41,-5.693824768066406,11.114307403564453,16.80813217163086,-5.729895114898682,10.924033164978027,16.65392827987671,1.046716570854187,2.187843084335327,1.1411265134811401,4.74539440800072,0.5192101669999829,0.5038192510000954,5.768423826000799,LET ME SEE THERE'S THAT SEVEN HEADED BULL HE'S GETTING A LITTLE OLD NOW BUT HE WAS GOOD ENOUGH FOR THE LAST ONE WE MIGHT I DON'T WANT A SUITOR SAID HYACINTH SOFTLY I HAVE ONE MERRIWIG LEANT FORWARD WITH EAGERNESS,"Let me see, there's that 11-headed bull. He's getting a little old now, but he was good enough for the last one. We might, I don't want a suitor, said Hiasin and Safri. I have one. Merrowick led forward eagerness."
349,mic_fileid_349_doa355_3spk.wav,text_fileid_349_doa355_spk3.txt,355,355,0.0,3,clean_fileid_349_doa355_spk3.wav,0.05555555555555555,2,36,-5.671189308166504,9.973550796508789,15.644740104675293,-5.731480598449707,9.685769081115723,15.41724967956543,1.0622777938842773,2.4880330562591553,1.425755262374878,4.35796569500144,0.49722235499939416,0.3929057270006524,5.248093777001486,WHERE TWO OR THREE OF THESE SOVEREIGNTIES ARE COMBINED THE STATE BEGINS BUT IN THAT ASSOCIATION THERE IS NO ABDICATION EACH SOVEREIGNTY CONCEDES A CERTAIN QUANTITY OF ITSELF FOR THE PURPOSE OF FORMING THE COMMON RIGHT,"Where two or three of these sovereignty are combined, the state begins. But in their association there is no abdication. Each sovereignty concedes a certain quantity of itself for the purpose of forming the common right."
350,mic_fileid_350_doa333_3spk.wav,text_fileid_350_doa333_spk3.txt,333,333,0.0,3,clean_fileid_350_doa333_spk3.wav,0.0,0,48,-9.893143653869629,11.91228199005127,21.8054256439209,-9.954837799072266,11.640982627868652,21.595820426940918,1.561300277709961,3.001664638519287,1.4403643608093262,4.403526442999464,0.7333150869999372,0.5072261909999725,5.644067720999374,BUT I DO NOT BELIEVE IT IS AN EASY THING TO FRIGHTEN A CHILD INTO GOING TO SLEEP IF I FOUND IT NECESSARY TO MAKE A YOUNGSTER TAKE A NAP I SHOULD SAY NOTHING OF THE CONDITION OF AFFAIRS IN CUBA OR OF THE PERSECUTIONS OF THE ARMENIANS,"but I do not believe it is an easy thing to frighten a child into going to sleep. If I found it necessary to make a youngster take a nap, I should say nothing of the condition of affairs in Cuba or of the persecutions of the Armenians."
351,mic_fileid_351_doa214_3spk.wav,text_fileid_351_doa214_spk3.txt,214,214,0.0,3,clean_fileid_351_doa214_spk3.wav,0.058823529411764705,2,34,-7.344253063201904,10.954703330993652,18.298956394195557,-7.383126735687256,10.619014739990234,18.00214147567749,1.1523605585098267,1.9384214878082275,0.7860609292984009,4.2533625850001044,0.38889363999987836,0.3345141160007188,4.976770341000702,HOME TO OUR VILLAGE I CAN'T BEAR THIS ANY MORE I BOW TO THE GROUND TO YOU AND WILL PRAY TO GOD FOR EVER AND EVER TAKE ME FROM HERE OR I SHALL DIE,"Home to our village. I can't bear this anymore. I bow to the ground to you, and will pray to God for ever and ever. Take me from here, or I shall die."
352,mic_fileid_352_doa268_3spk.wav,text_fileid_352_doa268_spk3.txt,268,268,0.0,3,clean_fileid_352_doa268_spk3.wav,0.16279069767441862,7,43,-5.42785120010376,11.742155075073242,17.170006275177002,-5.46396541595459,11.502960205078125,16.966925621032715,1.0752447843551636,2.3679051399230957,1.2926603555679321,4.176385621998634,0.3706114120004713,0.3892455149998568,4.936242548998962,THE IDEA OF A STATE CHURCH SAID PHINEAS IS OPPOSED TO MY THEORY OF POLITICAL PROGRESS WHAT I HOPE IS THAT MY FRIENDS WILL NOT SUPPOSE THAT I ATTACK THE PROTESTANT CHURCH BECAUSE I AM A ROMAN CATHOLIC IF I WERE A PRIEST,"The idea of a stiff church, if it is, is opposed to my theory of political progress. What I hope is that my friends will not suppose that I attack the Protestant church because I'm a rumoured Catholic, if I were a priest."
353,mic_fileid_353_doa314_3spk.wav,text_fileid_353_doa314_spk3.txt,314,314,0.0,3,clean_fileid_353_doa314_spk3.wav,0.021739130434782608,1,46,-5.0383195877075195,13.249561309814453,18.287880897521973,-5.0653839111328125,12.900267601013184,17.965651512145996,1.0293442010879517,2.6412179470062256,1.611873745918274,4.666277323999566,0.47844201999942015,0.4509132970006249,5.595632640999611,FOR THEY LAY UNDER A WHOLE BODY OF SHROUDS COMPLICATED BY A MASS OF OTHER GEAR AGAINST WHICH LEANED A PORTION OF THE CABOOSE I VIEWED THEM LONG ENOUGH TO SATISFY MY MIND THAT THEY WERE DEAD AND THEN WITH A HEART OF LEAD TURNED AWAY,"For they lay under a whole body of shrouds, complicated by a mass of other year, against which leaned a portion of the caboose. I viewed them long enough to satisfy my mind that they were dead, and then, with a heart of lead, turned away."
354,mic_fileid_354_doa100_3spk.wav,text_fileid_354_doa100_spk3.txt,100,100,0.0,3,clean_fileid_354_doa100_spk3.wav,0.061224489795918366,3,49,-8.966265678405762,9.124323844909668,18.09058952331543,-9.1025390625,8.829263687133789,17.93180274963379,1.0850698947906494,2.1529276371002197,1.0678577423095703,4.841905655999653,0.7411380540006576,0.49545315300019865,6.07849686300051,BUT WHO BETHINKS HIM THAT THE LIVING SEALS OF EVERY BEAUTY GROW IN POWER ASCENDING AND THAT I THERE HAD NOT TURNED ROUND TO THOSE CAN ME EXCUSE IF I MYSELF ACCUSE TO EXCUSE MYSELF AND SEE THAT I SPEAK TRULY FOR HERE THE HOLY JOY IS NOT DISCLOSED,"But who bethinks him that the living seals of every beauty grow and power ascendeth, and that I there hath not turned round to those, can me excuse if I myself accuse to excuse myself, and see that I speak truly, for here the holy joy is not disclosed."
355,mic_fileid_355_doa22_3spk.wav,text_fileid_355_doa22_spk3.txt,22,22,0.0,3,clean_fileid_355_doa22_spk3.wav,0.05128205128205128,2,39,-5.521113395690918,16.20579719543457,21.72691059112549,-5.554603576660156,15.910597801208496,21.465201377868652,1.058549165725708,3.0654234886169434,2.0068743228912354,4.848128196998914,0.4253215389999241,0.40076808800040453,5.674217823999243,HER FACE WAS SMALL WHITE AND THIN ALSO MUCH FRECKLED HER MOUTH WAS LARGE AND SO WERE HER EYES WHICH LOOKED GREEN IN SOME LIGHTS AND MOODS AND GRAY IN OTHERS SO FAR THE ORDINARY OBSERVER AN EXTRAORDINARY OBSERVER,"Her face was small, white, and thin, also much freckled. Her mouth was large and so were her eyes, which looked green in sunlight and moods and gray in others. So far the ordinary observer. An extraordinary observer."
356,mic_fileid_356_doa292_3spk.wav,text_fileid_356_doa292_spk3.txt,292,292,0.0,3,clean_fileid_356_doa292_spk3.wav,0.23333333333333334,7,30,-6.906205654144287,10.479156494140625,17.385362148284912,-6.948653221130371,10.168824195861816,17.117477416992188,1.0964795351028442,2.2227349281311035,1.1262553930282593,4.609914552000191,0.5937044729998888,0.31667356199977803,5.520292586999858,AMATEUR OR PROFESSOR WHOEVER THOU ART SEEK NOT IN THESE COMPOSITIONS FOR ANY PROFOUND FEELING THEY ARE ONLY A FROLIC OF ART MEANT TO INCREASE THY CONFIDENCE IN THE CLAVIER,"Amateur or professor, whoever they are, seek not in these compositions for any profound feeling. There are only a frolic of art needs to increase by confidence in the club year."
357,mic_fileid_357_doa328_3spk.wav,text_fileid_357_doa328_spk3.txt,328,328,0.0,3,clean_fileid_357_doa328_spk3.wav,0.22580645161290322,7,31,-7.527779579162598,12.024174690246582,19.55195426940918,-7.625372409820557,11.61794662475586,19.243319034576416,1.039158821105957,2.3039097785949707,1.2647509574890137,4.043838145000336,0.3084792030003882,0.33085742200000823,4.683174770000733,WHAT WOULD YOU HAVE DONE IF YOU HADN'T FOUND US ASKED BILLY FORGETTING HIS IMPATIENCE IN HIS ADMIRATION FOR THIS PLUCKY YOUNG LADY I'D HAVE GONE ON AND SEEN THE CIRCUS,"What would you have done if you hadn't found us? Ask Billy, forgetting his impatience and his admiration for this plucky young lady. I have gone on at St. Nisircus."
358,mic_fileid_358_doa216_3spk.wav,text_fileid_358_doa216_spk3.txt,216,216,0.0,3,clean_fileid_358_doa216_spk3.wav,0.1875,9,48,-6.074063301086426,15.285445213317871,21.359508514404297,-6.114617347717285,15.162206649780273,21.27682399749756,1.1879405975341797,3.0110247135162354,1.8230841159820557,3.9641538480000236,0.5000341090008078,0.42376372499984427,4.887951682000676,AND ENGAGED THE OWNER TO SEND A MAN AROUND AT ONCE TO THE HOME OF THE MISER SO AS TO REPLACE A TWELVE BY TWENTY PANE OF GLASS I EXPECT TO HAVE A GOOD MANY ORDERS LIKE THAT FRANK BEFORE THE DAY IS OVER REMARKED THE DEALER LAUGHINGLY,"and engaged the owner to send the man around at once to the home of the miser so as to replace the 12x20 paint glass. I expect to have a good many orders like that, Frank, before the day's over, remarked the dealer laughingly."
359,mic_fileid_359_doa92_3spk.wav,text_fileid_359_doa92_spk3.txt,92,92,0.0,3,clean_fileid_359_doa92_spk3.wav,0.0,0,45,-9.03022289276123,6.324345588684082,15.354568481445312,-9.116632461547852,6.142749309539795,15.259381771087646,1.037584662437439,1.5446090698242188,0.5070244073867798,4.786987053000303,0.5994849890003024,0.40809737499967014,5.794569417000275,OF WHAT LAY HARDEST UPON MY MIND AND PARTICULARLY THE NARROWNESS OF MY CIRCUMSTANCES AND THE LOSS OF MY FORTUNE BY THE DAMAGE OF MY GOODS AT SEA I TOLD HER ALSO THAT I HAD A MOTHER AND A BROTHER IN VIRGINIA IN GOOD CIRCUMSTANCES,"Of what lay hardest upon my mind, and particularly the narrowness of my circumstances, and the loss of my fortune by the damage of my goods at sea. I told her also that I had a mother and a brother in Virginia in good circumstances."
360,mic_fileid_360_doa299_3spk.wav,text_fileid_360_doa299_spk3.txt,299,299,0.0,3,clean_fileid_360_doa299_spk3.wav,0.045454545454545456,2,44,-8.854507446289062,11.06658935546875,19.921096801757812,-8.93719482421875,10.683420181274414,19.620615005493164,1.0536588430404663,2.5859429836273193,1.532284140586853,4.592040634000114,0.4713994290004848,0.5235405829998854,5.586980646000484,WELL I'M SURE AND THE THING'S SETTLED HE SAID MORE CALMLY DON'T WORRY MA'AM I'LL LOOK AFTER PATSY AND BETH AND LOUISE WILL LOOK AFTER ALL OF US JUST AS SHE DOES AFTER YOU BECAUSE SHE'S SO DISCREET TALK ABOUT YOUR BEING A CHAPERONE,"Well, I'm sure the things settled he said more calmly. Don't worry, ma'am. I'll look after Patsy and Beth and Louise will look after all of us just as she does after you because she's so discreet. Talk about your being chaperone."
361,mic_fileid_361_doa188_3spk.wav,text_fileid_361_doa188_spk3.txt,188,188,0.0,3,clean_fileid_361_doa188_spk3.wav,0.4090909090909091,18,44,-8.81396198272705,10.801905632019043,19.615867614746094,-8.887321472167969,10.455890655517578,19.343212127685547,1.045498251914978,2.3742899894714355,1.3287917375564575,4.067207922999842,0.5559121119995325,0.431267253000442,5.054387287999816,WHO WERE DISPORTING THEMSELVES IN THE MOONLIGHT A FEW HUNDRED FEET ALOFT JASON BADE THEM TELL THE REST OF THE ARGONAUTS TO EMBARK AS SPEEDILY AS POSSIBLE BUT LYNCEUS WITH HIS SHARP EYES HAD ALREADY CAUGHT A GLIMPSE OF HIM BRINGING THE GOLDEN FLEECE,"who would be supporting themselves in the moonlight, a few hundred feet aloft. Jason Bainthin told the recipe our knots to embark as spely as possible, but Lindsay, with his sharp eyes, had already conquered the hand, bringing the gold fleece."
362,mic_fileid_362_doa47_3spk.wav,text_fileid_362_doa47_spk3.txt,47,47,0.0,3,clean_fileid_362_doa47_spk3.wav,0.021739130434782608,1,46,-10.338025093078613,10.95223331451416,21.290258407592773,-10.432019233703613,10.69015121459961,21.122170448303223,1.0633704662322998,2.5434579849243164,1.4800875186920166,4.728879717000382,0.5335726459998114,0.449033492000126,5.711485855000319,AND I SUPPOSED HIM TO BE STILL THERE HE ALWAYS NEEDED A GREAT DEAL OF SLEEP HE SOMETIMES SLEPT UNTIL QUITE LATE IN THE MORNING I HAD BREAKFAST IN MY SITTING ROOM IT WAS ABOUT TEN WHEN I HEARD THAT MY HUSBAND'S BODY HAD BEEN FOUND,and I supposed him to be still there. He always needed a great deal of sleep. He sometimes slept until quite late in the morning. I had breakfast in my sitting room. It was about 10 when I heard that my husband's body had been found.
363,mic_fileid_363_doa264_3spk.wav,text_fileid_363_doa264_spk3.txt,264,264,0.0,3,clean_fileid_363_doa264_spk3.wav,0.1,5,50,-3.2253408432006836,12.4793062210083,15.704647064208984,-3.272799015045166,12.211372375488281,15.484171390533447,1.0920357704162598,2.9152350425720215,1.8231992721557617,4.679288931998599,0.45175525400009064,0.48438519699993776,5.615429382998627,EVIL DAYS HAVE FALLEN UPON OUR UNHAPPY KINGDOM THREE DAYS AGO A TERRIBLE DRAGON ALIGHTED IN THE GARDENS OF THE PALACE AND SENT WORD TO PRINCESS ZENZA THAT IF WITHIN THREE DAYS SHE DID NOT PROVIDE HIM WITH SOMEONE BRAVE ENOUGH TO GO HOME WITH HIM AND COOK HIS MEALS,"Evil days have fallen upon our unhappy kingdom. Three days ago, a terrible dragon, the lighted in the guards of the palace, and sent word to Princess Zedah that it within three days she did not provide him with someone brave enough to go home with him and cook his meals."
364,mic_fileid_364_doa210_3spk.wav,text_fileid_364_doa210_spk3.txt,210,210,0.0,3,clean_fileid_364_doa210_spk3.wav,0.0425531914893617,2,47,-6.4883646965026855,11.652825355529785,18.14119005203247,-6.545424461364746,11.285058975219727,17.830483436584473,1.105834722518921,2.4407598972320557,1.3349251747131348,4.707892270999764,0.43518379799934337,0.4279954829999042,5.571071551999012,ISABELLA IS WRONG BUT I AM SURE SHE CANNOT MEAN TO TORMENT FOR SHE IS VERY MUCH ATTACHED TO MY BROTHER SHE HAS BEEN IN LOVE WITH HIM EVER SINCE THEY FIRST MET AND WHILE MY FATHER'S CONSENT WAS UNCERTAIN SHE FRETTED HERSELF ALMOST INTO A FEVER,"Isabella is wrong. For I am sure she cannot mean to torment, for she is very much attached to my brother. She has been in love with him ever since they first met, and while my father's consent was uncertain, she fed herself almost into a fever."
365,mic_fileid_365_doa174_3spk.wav,text_fileid_365_doa174_spk3.txt,174,174,0.0,3,clean_fileid_365_doa174_spk3.wav,0.0,0,35,-8.066985130310059,12.313257217407227,20.380242347717285,-8.113521575927734,11.915157318115234,20.02867889404297,1.081546425819397,2.1136627197265625,1.0321162939071655,4.734202929000276,0.6222253579999233,0.4019246310008384,5.758352918001037,AND WE SHALL HAVE EVERYTHING PERFECT THE DUKE IS GOING TO LOOK AFTER EVERY SINGLE THING AH MY DEAR SHE ADDED KISSING ME YOU'RE IN LUCK IT'S A MILLIONAIRE WHO MAKES YOUR BED FOR YOU,"And we shall have everything perfect. The Duke is going to look after every single thing. Ah, my dear, she added, kissing me. You're in luck. It's a millionaire who makes your bed for you."
366,mic_fileid_366_doa359_3spk.wav,text_fileid_366_doa359_spk3.txt,359,359,0.0,3,clean_fileid_366_doa359_spk3.wav,0.1,4,40,-6.73909330368042,8.87168025970459,15.61077356338501,-6.889200210571289,8.685701370239258,15.574901580810547,1.0937731266021729,2.3330888748168945,1.2393157482147217,4.221830475000388,0.5793136559996128,0.4363349349996497,5.237479065999651,THEIR INTERLOCKING BRANCHES HIDING THE GIRL TOM DID SEE CROWDS OF OTHER PERSONS THOUGH THRONGING THE STREETS OF SHOPTON FOR THOUGH THE YOUNG INVENTOR HAD MADE MANY FLIGHTS THERE WAS ALWAYS A NOVELTY ABOUT THEM THAT BROUGHT OUT THE CURIOUS,"Their interlocking branches hid in the girl. Tom did see crowds of other persons, though, fronting the streets of Shopton. For though, the young inventor had made many flights that was always a novelty about them that brought out the curious."
367,mic_fileid_367_doa110_3spk.wav,text_fileid_367_doa110_spk3.txt,110,110,0.0,3,clean_fileid_367_doa110_spk3.wav,0.3333333333333333,13,39,-11.790275573730469,8.758500099182129,20.548775672912598,-11.9876708984375,8.268781661987305,20.256452560424805,1.1573762893676758,2.0247063636779785,0.8673300743103027,4.6206887259986615,0.505773109999609,0.3648391629994876,5.491300998997758,SO NO WONDER THE TOWN WENT WILD ALL DAY IN THE STREET YOU COULD HEAR MEN TALKING OF VEINS AND SMELTERS AND DIPS AND DEPOSITS AND FAULTS THE TOWN HUMMED WITH IT LIKE A GEOLOGY CLASS ON EXAMINATION DAY,But I wonder what town might wild. All day in the street you hear men talking about veins and smelters and dips and deposits and faults. It's kind of humbling that the geology class on examination day.
368,mic_fileid_368_doa294_3spk.wav,text_fileid_368_doa294_spk3.txt,294,294,0.0,3,clean_fileid_368_doa294_spk3.wav,0.08823529411764706,3,34,-7.993823528289795,10.070693016052246,18.06451654434204,-8.073049545288086,9.691143035888672,17.764192581176758,1.0778995752334595,2.2575552463531494,1.17965567111969,4.057768583000325,0.41468061599971406,0.4136214940008358,4.886070693000875,HAD HEARD THE NOISE OF THE MONKEYS CHEERING AND THEY AT LAST KNEW WHERE THE DOCTOR WAS AND HASTENED ON TO CATCH HIM THE BIG MONKEY CARRYING GUB GUB WAS COMING ALONG BEHIND SLOWLY,"had heard the noise of the monkeys cheering, and they at last knew where the doctor was and hastened on to catch him. The big monkey, Carrie and GovGov, was coming along behind slowly."
369,mic_fileid_369_doa169_3spk.wav,text_fileid_369_doa169_spk3.txt,169,169,0.0,3,clean_fileid_369_doa169_spk3.wav,0.024390243902439025,1,41,-10.601146697998047,10.423327445983887,21.024474143981934,-10.729203224182129,10.07250690460205,20.80171012878418,1.1267493963241577,2.2937328815460205,1.1669834852218628,4.358913768000093,0.5692762499993478,0.4116015579993473,5.339791575998788,THAT I THINK IS WHY HISTORY HAS BECOME REAL TO HER WHICH SO ATTRACTS YOU IN HER HISTORY FOR HER HAS CEASED TO BE A FABRIC OF PICTURESQUE INCIDENTS IT IS THE STUDY OF A TRAGIC STRUGGLE THAT STILL GOES ON,"That, I think, is why history has become real to her, which so attracts you and her. History for her has ceased to be a fabric of picturesque incidents. It is the study of a tragic struggle that still goes on."
370,mic_fileid_370_doa334_3spk.wav,text_fileid_370_doa334_spk3.txt,334,334,0.0,3,clean_fileid_370_doa334_spk3.wav,0.11627906976744186,5,43,-3.9025609493255615,11.483424186706543,15.385985136032104,-3.939723491668701,11.09145736694336,15.03118085861206,1.0392637252807617,2.03377366065979,0.9945099353790283,4.622413525999946,0.39702213700002176,0.3990820880007959,5.418517751000763,NEAR NIGHT FALL WE DESCENDED INTO THE STEEP RAVINE OF A HANDSOME CREEK THIRTY FEET WIDE AND I WAS ENGAGED IN GETTING THE HORSES UP THE OPPOSITE HILL WHEN I HEARD A SHOUT FROM CARSON WHO HAD GONE AHEAD A FEW HUNDRED YARDS,"Near Nightfall, I descended into the steep ravine of the handsome creek thirty feet wide, and I was engaged in getting the horses up the opposite hill. When I heard a shout from Carson, he had gone ahead a few hundred yards."
371,mic_fileid_371_doa68_3spk.wav,text_fileid_371_doa68_spk3.txt,68,68,0.0,3,clean_fileid_371_doa68_spk3.wav,0.029411764705882353,1,34,-9.07657241821289,12.620443344116211,21.6970157623291,-9.205989837646484,12.120675086975098,21.326664924621582,1.0686653852462769,2.633664846420288,1.5649994611740112,4.494598461999885,0.5285613709993413,0.37057961800019257,5.393739450999419,THERE SUCH AS WERE NOT AS SPOTLESS AS AN ANGEL MIGHT HAVE THE DISPOSITIONS OF A FIEND BUT IN ENGLAND IT WAS NOT SO AMONG THE ENGLISH SHE BELIEVED IN THEIR HEARTS AND HABITS,"There, such as were not spotless, as an angel might have the dispositions of a fiend, but in England it was not. So among the English, she believed, in their hearts and habits."
372,mic_fileid_372_doa330_3spk.wav,text_fileid_372_doa330_spk3.txt,330,330,0.0,3,clean_fileid_372_doa330_spk3.wav,0.19444444444444445,7,36,-7.4441938400268555,12.69955062866211,20.143744468688965,-7.521734237670898,12.418933868408203,19.9406681060791,1.167580246925354,2.7714006900787354,1.6038204431533813,4.642318100000921,0.50377486600064,0.4456603799999357,5.5917533460014965,IT WAS ALREADY HER EASIEST WAY OF MOVING ABOUT WENDY RUSHED TO THE WINDOW NO NO SHE CRIED IT IS JUST FOR SPRING CLEANING TIME JANE SAID HE WANTS ME ALWAYS TO DO HIS SPRING CLEANING,"It was already her easiest way of moving about. When do you rest? I don't. No! She cried. It is just for spring cleaning time, Jade said. He wants me always to do his spring cleaning."
373,mic_fileid_373_doa55_3spk.wav,text_fileid_373_doa55_spk3.txt,55,55,0.0,3,clean_fileid_373_doa55_spk3.wav,0.03225806451612903,1,31,-10.467970848083496,10.12447452545166,20.592445373535156,-10.553529739379883,9.677145004272461,20.230674743652344,1.0495027303695679,1.9576561450958252,0.9081534147262573,5.220481075999487,0.5926195279998865,0.3239059429997724,6.137006546999146,IT IS KNOWN SIMPLY AS THE POND A DESIGNATION WHICH IGNORES THE EXISTENCE OF SEVERAL NEIGHBOURING PONDS THE GIFTS OF NATURE AND GIVES THE WHOLE CREDIT TO THE HANDIWORK OF MAN,"It is known simply as the pond, a designation which ignores the existence of several neighboring ponds, the gifts of nature, and gives the whole credit to the handiwork of man."
374,mic_fileid_374_doa187_3spk.wav,text_fileid_374_doa187_spk3.txt,187,187,0.0,3,clean_fileid_374_doa187_spk3.wav,0.0,0,44,-11.073226928710938,9.983521461486816,21.056748390197754,-11.244153022766113,9.716389656066895,20.960542678833008,1.0677566528320312,2.437718152999878,1.3699615001678467,4.731551366000531,0.5013703579998037,0.37573186200006603,5.6086535860004005,THAT THEY SHOULD BE WILLING AND ABLE TO FULFILL THE DUTIES AND DISCHARGE THE FUNCTIONS WHICH IT IMPOSES ON THEM THE WILLINGNESS OF THE PEOPLE TO ACCEPT REPRESENTATIVE GOVERNMENT ONLY BECOMES A PRACTICAL QUESTION WHEN AN ENLIGHTENED RULER OR A FOREIGN NATION OR NATIONS,that they should be willing and able to fulfill the duties and discharge the functions which it imposes on them. The willingness of the people to accept representative government only becomes a practical question when an enlightened ruler or a foreign nation or nations
375,mic_fileid_375_doa192_3spk.wav,text_fileid_375_doa192_spk3.txt,192,192,0.0,3,clean_fileid_375_doa192_spk3.wav,0.022222222222222223,1,45,-6.876185894012451,12.5866117477417,19.46279764175415,-6.927247047424316,12.330434799194336,19.257681846618652,1.0652629137039185,2.6960558891296387,1.6307929754257202,4.506956817999708,0.49807273099941085,0.4842032830001699,5.4892328319992885,AND BATHS AND THE USE OF BATHS ARE CONSTANTLY MENTIONED IN THE OLD TALES AND OTHER WRITINGS IN EVERY PUBLIC HOSTEL IN EVERY MONASTERY AND IN EVERY HIGH CLASS HOUSE THERE WAS A BATH WITH ITS ACCOMPANIMENTS SOAP WAS USED BOTH IN BATHING AND WASHING,"and baths of the use of baths are constantly mentioned in the old tales and other writings. In every public hostel, in every monastery, and in every high class house, there was a bath with its accompaniments. Soap was used both in bathing and washing."
376,mic_fileid_376_doa150_3spk.wav,text_fileid_376_doa150_spk3.txt,150,150,0.0,3,clean_fileid_376_doa150_spk3.wav,0.0,0,40,-7.507868766784668,13.06663703918457,20.57450580596924,-7.554736614227295,12.920737266540527,20.475473880767822,1.0698294639587402,2.6488077640533447,1.5789783000946045,4.745019171999957,0.5741485349999493,0.4011789000005592,5.720346607000465,IF THESE VILLAGES COULD BE INDUCED TO BUY THE EXCELSIOR SOAP COMPANY PAID A VERY SMALL RETURN OF ANY KIND TO ITS INFANTILE AGENTS WHO WERE SCATTERED THROUGH THE STATE BUT IT INFLAMED THEIR IMAGINATIONS BY THE ISSUE OF CIRCULARS,"if these villages could be induced to buy. The Excelsior soap company paid a very small return of any kind to its infantile agents, who were scattered through the state, but it inflamed their imaginations by the issue of circulars."
377,mic_fileid_377_doa350_3spk.wav,text_fileid_377_doa350_spk3.txt,350,350,0.0,3,clean_fileid_377_doa350_spk3.wav,0.043478260869565216,1,23,-7.862370014190674,10.7432222366333,18.605592250823975,-7.9715962409973145,10.468194961547852,18.439791202545166,1.1050443649291992,2.3421876430511475,1.2371432781219482,4.181063246000122,0.4258418620001976,0.3430868219993499,4.949991929999669,RIVERS FORSAKE THEIR BANKS THE WILD TORRENT TEARS UP THE MOUNTAIN PATH PLAIN AND WOOD AND VERDANT DELL ARE DESPOILED OF THEIR LOVELINESS,"Rivers forsake their banks, the wild torrent tears up the mountain path, plain and wood, and verted dell are despoiled of their loveliness."
378,mic_fileid_378_doa15_3spk.wav,text_fileid_378_doa15_spk3.txt,15,15,0.0,3,clean_fileid_378_doa15_spk3.wav,0.14,7,50,-10.820113182067871,9.430155754089355,20.250268936157227,-10.972709655761719,9.126336097717285,20.099045753479004,1.0803242921829224,2.3538811206817627,1.2735568284988403,4.911082582000745,0.5647886050001034,0.4904810369998813,5.96635222400073,AND THE SHOP ITSELF HAS A LARGE SQUARE WINDOW OUT OF PROPORTION TO ITS LITTLE FLAT FACE PAINTED ON THE PANES OF THE WINDOW IS THE REMAINS OF A LEGEND THAT ONCE SPELT BARBER SHOP EXECUTED WITH THE FLOURISHES THAT PREVAILED IN THE GOLDEN AGE OF SIGN PAINTING IN MARIPOSA,"And the shunt itself is a large square window in proportion to its little flat face. Painted on the paints of the window is the remains of a legend that once spelt Barbershop, executed with the flourishes that prevailed in the golden age of sign painting in Mariposa."
379,mic_fileid_379_doa53_3spk.wav,text_fileid_379_doa53_spk3.txt,53,53,0.0,3,clean_fileid_379_doa53_spk3.wav,0.0,0,37,-8.188899040222168,11.80569076538086,19.994589805603027,-8.25740909576416,11.63517951965332,19.89258861541748,1.1261520385742188,2.2487103939056396,1.122558355331421,4.7231564399999115,0.4543068829998447,0.37445767499957583,5.551920997999332,HAVE NOTHING WHATEVER IN COMMON IN THIS WE SEE WHAT A WONDERFUL CHANGE HAS BEEN EFFECTED IN PROPERTY AND TO WHAT AN EXTENT NATURE HAS BEEN ALTERED BY THE CIVIL LAWS THUS THE LAW IN ESTABLISHING PROPERTY,"have nothing whatever in common. In this we see what a wonderful change has been effected in property, and to what an extent nature has been altered by the civil laws. Thus the law in establishing property"
380,mic_fileid_380_doa120_3spk.wav,text_fileid_380_doa120_spk3.txt,120,120,0.0,3,clean_fileid_380_doa120_spk3.wav,0.0,0,47,-5.870543956756592,12.370326042175293,18.240869998931885,-5.914675712585449,12.0438814163208,17.95855712890625,1.080636978149414,3.001715898513794,1.9210789203643799,4.49793844800115,0.46215212200058886,0.4948148509993189,5.454905421001058,MABEL REMEMBERED HER HUSBAND'S ADVICE TO WATCH AND FOR A FEW DAYS DID HER BEST BUT THERE WAS NOTHING THAT ALARMED HER THE OLD LADY WAS A LITTLE QUIET PERHAPS BUT WENT ABOUT HER MINUTE AFFAIRS AS USUAL SHE ASKED THE GIRL TO READ TO HER SOMETIMES,"Mabel remembered her husband's advice to watch, and for a few days did her best. But there was nothing that alarmed her. The old lady was a little quiet, perhaps, but went about her minute affairs as usual. She asked the girl to read to her sometimes."
381,mic_fileid_381_doa212_3spk.wav,text_fileid_381_doa212_spk3.txt,212,212,0.0,3,clean_fileid_381_doa212_spk3.wav,0.2619047619047619,11,42,-9.76085090637207,7.517588138580322,17.278439044952393,-9.886927604675293,7.14393424987793,17.030861854553223,1.059934377670288,1.7618327140808105,0.7018983364105225,4.7767127750003056,0.5524660370001584,0.42166794700005994,5.750846759000524,THAT SHE SHOULD HAVE SUCCEEDED AT ALL IN MASTERING THAT IMPOSING LOOKING INSTRUMENT MAKING IT ACTUALLY PLAY CHUNES WAS SURELY A THING TO WONDER AT BUT THEN PATSY COULD DO ANYTHING IF SHE BUT TRIED SUDDENLY UNCLE JOHN GAVE A DREADFUL SNORT,"But she should have succeeded at all in mastering that imposing looking instrument, making it actually play tunes, was surely a thing to wonder at. Will Fith and Katzi do anything if she put dry? Suddenly, Uncle John gave Drifle snored."
382,mic_fileid_382_doa34_3spk.wav,text_fileid_382_doa34_spk3.txt,34,34,0.0,3,clean_fileid_382_doa34_spk3.wav,0.08196721311475409,5,61,2.0565073490142822,17.04510498046875,14.988597631454468,2.0480198860168457,16.981966018676758,14.933946132659912,1.4918991327285767,3.6322431564331055,2.140344023704529,4.93441536499995,0.35248071899968636,0.5936889520007753,5.8805850360004115,MICKY HAD IT THE WORST AND WE HAD ALL MADE UP OUR MINDS THAT SYLVIA WOULD MARRY MICKY HE WAS SO HANDSOME WE DIDN'T SEE HOW SHE COULD HELP IT I TELL YOU THEY MADE A DANDY LOOKING COUPLE WHEN THEY WERE TOGETHER WELL AS I SAID BEFORE I TODDLED TO THE WINDOW TO HAVE A LOOK AT THE FAIR SYLVIA,"Mickey had it the worst, and we had all made up our minds that Sylvia wouldn't marry Mickey. He was so handsome we didn't see how she could help it. I tell you they made a dandy-looking couple when they were together. Well, as I said before, I toddled to the window to have a look at the fair Sylvia."
383,mic_fileid_383_doa0_3spk.wav,text_fileid_383_doa0_spk3.txt,0,0,0.0,3,clean_fileid_383_doa0_spk3.wav,0.11764705882352941,4,34,-5.778621196746826,9.53260612487793,15.311227321624756,-5.820305824279785,9.23042106628418,15.050726890563965,1.0508476495742798,2.3577499389648438,1.306902289390564,4.376980517999073,0.3366833959998985,0.42210559800059855,5.13576951199957,VERY WELL THEN EXCLAIMED MISSUS MUNGER WE'LL DROP THEM AS I SAID TO MISS KILBURN ON OUR WAY HERE IF MISSUS WILMINGTON IS OPPOSED TO THEM WE'LL DROP THEM OH AM I SUCH AN,"Very well then, exclaimed Mrs. Munger, we'll drop them. As I said to Miss Kilburn on our way here, if Mrs. Wilmington is opposed to them, we'll drop them. Oh, and I such a..."
384,mic_fileid_384_doa154_3spk.wav,text_fileid_384_doa154_spk3.txt,154,154,0.0,3,clean_fileid_384_doa154_spk3.wav,0.21621621621621623,8,37,-7.421083927154541,11.151427268981934,18.572511196136475,-7.507517337799072,10.930953025817871,18.438470363616943,1.0852086544036865,1.998091459274292,0.9128828048706055,4.319198075998429,0.5159773959994709,0.3704606920000515,5.205636163997951,I SEPARATED THE FAT FROM THE MEAT SERVED TO ME MELTED IT AND SO MADE OIL HERE IS MY LAMP SO SAYING THE ABBE EXHIBITED A SORT OF TORCH VERY SIMILAR TO THOSE USED IN PUBLIC ILLUMINATIONS,"I separated the fat, you meat served me, melted it, and so made oil. Here is my land. So saying, the Abbey exhibit is sort of torch, very similar to those used in public relations."
385,mic_fileid_385_doa282_3spk.wav,text_fileid_385_doa282_spk3.txt,282,282,0.0,3,clean_fileid_385_doa282_spk3.wav,0.12195121951219512,5,41,-6.329814910888672,12.537088394165039,18.86690330505371,-6.36946964263916,12.10701847076416,18.47648811340332,1.088843822479248,2.7250986099243164,1.6362547874450684,4.73960914700092,0.4199572959996658,0.4081761759998699,5.567742619000455,AND MISTER ROBY HAD BEEN FORCED TO CONTENT HIMSELF WITH THE SECRETARYSHIP AT THE ADMIRALTY BUT AS THE OLD DUKE HAD SAID THEY WERE CLOSE FRIENDS AND PREPARED TO FIGHT TOGETHER ANY BATTLE WHICH MIGHT KEEP THEM IN THEIR PRESENT POSITION,"And Mr. Roby had been forced to contend himself with the secretarieship at the Admiralty. But, as the old Duke had said, they were close friends, and prepared to fight together any battle which might keep him in the present position."
386,mic_fileid_386_doa35_3spk.wav,text_fileid_386_doa35_spk3.txt,35,35,0.0,3,clean_fileid_386_doa35_spk3.wav,0.1388888888888889,5,36,-10.168828010559082,7.541677951812744,17.710505962371826,-10.267507553100586,7.272312164306641,17.539819717407227,1.146851897239685,1.7715342044830322,0.6246823072433472,4.979209555000125,0.6506179850002809,0.40463004399953206,6.034457583999938,HE HAD LEFT BEHIND IF SO WHAT DID HE FEEL REMORSE OR REGRET FOR A GOOD WHILE THESE THOUGHTS OCCUPIED MY MIND AND I HAD A HUNCH THAT FATE WOULD SOON GIVE AWAY THE CAPTAIN'S SECRETS,"He had left the mind. If so, what did he feel, remorse or regret? For a good while these thoughts occupied my mind, and I had a plunge that fate would soon give away to Captain Secrets."
387,mic_fileid_387_doa54_3spk.wav,text_fileid_387_doa54_spk3.txt,54,54,0.0,3,clean_fileid_387_doa54_spk3.wav,0.027777777777777776,1,36,-9.15781307220459,7.922487735748291,17.08030080795288,-9.25520133972168,7.621339797973633,16.876541137695312,1.1104425191879272,1.9545170068740845,0.8440744876861572,4.555025892000231,0.6098155449999467,0.4166613690003942,5.581502806000572,WALTER SCOTT ALL THE MEMBERS OF THE WHARTON FAMILY LAID THEIR HEADS ON THEIR PILLOWS THAT NIGHT WITH A FOREBODING OF SOME INTERRUPTION TO THEIR ORDINARY QUIET UNEASINESS KEPT THE SISTERS FROM ENJOYING THEIR USUAL REPOSE,"Walter Scott. All the members of the Wharton family laid their heads on their pillows that night, with a forevoting of some interruption to their ordinary quiet. Uneasiness kept the sisters from enjoying their usual repose."
388,mic_fileid_388_doa89_3spk.wav,text_fileid_388_doa89_spk3.txt,89,89,0.0,3,clean_fileid_388_doa89_spk3.wav,0.0,0,40,-8.440563201904297,9.662368774414062,18.10293197631836,-8.508663177490234,9.327317237854004,17.83598041534424,1.0994607210159302,2.4045188426971436,1.3050581216812134,5.000165254998137,0.5315668069997628,0.41862468799990893,5.950356749997809,THAT BESET OUR WAY AT EVERY STEP EVERY MAN LITERALLY PUT HIS SHOULDER TO THE WHEEL WE WERE COMPELLED OFTEN TO TAKE HOLD OF THE WHEELS TO BOOST THE WAGONS OVER THE LOGS OR TO EASE THEM DOWN STEEP PLACES,"that beset our way at every step. Every man literally put his shoulder to the wheel. We were compelled often to take hold of the wheels, to boost the wagons over the logs, or to ease them down steep places."
389,mic_fileid_389_doa174_3spk.wav,text_fileid_389_doa174_spk3.txt,174,174,0.0,3,clean_fileid_389_doa174_spk3.wav,0.0,0,2,-11.520380020141602,10.893518447875977,22.413898468017578,-11.89831256866455,10.210114479064941,22.108427047729492,1.2533950805664062,1.9487541913986206,0.6953591108322144,0.8616979419994095,0.2842395530005888,0.06170580200068798,1.2076432970006863,WITH WHY,with why.
390,mic_fileid_390_doa358_3spk.wav,text_fileid_390_doa358_spk3.txt,358,358,0.0,3,clean_fileid_390_doa358_spk3.wav,0.08571428571428572,3,35,-5.076385498046875,12.52502727508545,17.601412773132324,-5.117115497589111,12.343693733215332,17.460809230804443,1.0794023275375366,2.4593982696533203,1.3799959421157837,4.200310578999961,0.3802354119998199,0.35470154700033163,4.935247538000112,AND NOT STRETCH OUT A HAND TO SAVE THEM AS AT THE CONCLUSION OF THE EIGHTEENTH CENTURY THE ENGLISH UNLOCKED THEIR HOSPITABLE STORE FOR THE RELIEF OF THOSE DRIVEN FROM THEIR HOMES BY POLITICAL REVOLUTION,"and not stretch without a hand to say them. As at the conclusion of the 18th century, the English unlocked their hospitable store for the relief of those driven from their homes by political revolution."
391,mic_fileid_391_doa145_3spk.wav,text_fileid_391_doa145_spk3.txt,145,145,0.0,3,clean_fileid_391_doa145_spk3.wav,0.17073170731707318,7,41,-7.627941131591797,11.296222686767578,18.924163818359375,-7.693084716796875,10.860014915466309,18.553099632263184,1.0876703262329102,2.5621254444122314,1.4744551181793213,4.1886782120000134,0.3824598599994715,0.4393551339999249,5.01049320599941,AH IT'S A FINE DANCE I'M WITH YOU THERE AND LOOKS MIGHTY LIKE A HORNPIPE IN A ROPE'S END AT EXECUTION DOCK BY LONDON TOWN IT DOES BUT WHO DONE IT WHY IT WAS ANDERSON AND HANDS AND YOU GEORGE MERRY,"Ah, it's a fine dance. I'm with you there. It looks mighty like a hornpipe in a roth's-ended execution dock by London Town. It does. But who done it? Why, it was Anderson and Hampton, you George Mary!"
392,mic_fileid_392_doa100_3spk.wav,text_fileid_392_doa100_spk3.txt,100,100,0.0,3,clean_fileid_392_doa100_spk3.wav,0.16326530612244897,8,49,-9.22818660736084,11.542673110961914,20.770859718322754,-9.31650161743164,11.3048095703125,20.62131118774414,1.0826994180679321,2.600456476211548,1.5177570581436157,4.44378322600096,0.533675824999591,0.46814973799973814,5.445608789000289,HE GAVE IT TO THE CAPTAIN OF THE BAND AND AFTER HE HAD GONE THE ROBBERS FOUGHT FOR IT WITH ONE ANOTHER UNTIL THEY WERE ALL KILLED SO NOW THE WORLD IS RID OF THEM AND TRAVELLERS CAN COME AND GO AS THEY PLEASE BACK JOGGED THE TRAVELLING SERVANT,"He gave it to the captain of the band, and after he had gone, the robbers fought for it with one another, until they were all killed. So now the world has ridden them, and the travelers can come and go as they please. Back job the traveling sermon."
393,mic_fileid_393_doa13_3spk.wav,text_fileid_393_doa13_spk3.txt,13,13,0.0,3,clean_fileid_393_doa13_spk3.wav,0.05,1,20,-7.900803565979004,8.43748950958252,16.338293075561523,-8.023950576782227,5.339056015014648,13.363006591796875,1.0550307035446167,2.112870693206787,1.0578399896621704,2.6565728569994462,0.2095811519993731,0.22084820300005958,3.087002211998879,THE MOUNTAIN SIDES EXCEPT ON THE EXPOSED WESTERN COAST ARE COVERED FROM THE WATER'S EDGE UPWARDS BY ONE GREAT FOREST,"The mountain sides, except on the exposed western coast, are covered from the water's edge upward by one great forest."
394,mic_fileid_394_doa143_3spk.wav,text_fileid_394_doa143_spk3.txt,143,143,0.0,3,clean_fileid_394_doa143_spk3.wav,0.04878048780487805,2,41,-4.880973815917969,11.589253425598145,16.470227241516113,-4.924430847167969,11.354143142700195,16.278573989868164,1.0836104154586792,2.6069834232330322,1.523373007774353,4.679288766999889,0.47387174400046206,0.3743690660003267,5.527529577000678,THOSE WHO WERE CONTINUALLY SEASICK HAD DIVERSION ENOUGH IT WAS USELESS FOR US TO TELL THEM A PATHETIC TALE OF SOME ONE WHO AT SOME TIME HAD BEEN MORE ILL THAN THEY BECAUSE THEY WOULD NOT BELIEVE A WORD OF IT,"Those who were continually seasick had diversion enough. It was useless for us to tell them a pathetic tale of someone, who at some time had been more ill than they, because they would not believe a word of it."
395,mic_fileid_395_doa271_3spk.wav,text_fileid_395_doa271_spk3.txt,271,271,0.0,3,clean_fileid_395_doa271_spk3.wav,0.024390243902439025,1,41,-9.408061027526855,10.672128677368164,20.08018970489502,-9.461824417114258,10.535429954528809,19.997254371643066,1.0915969610214233,2.2432363033294678,1.1516393423080444,4.313523983999403,0.3800870710001618,0.4183519919997707,5.111963046999335,THIS TIME THE OTHER MECHANICAL THING THERE IN THE FIRST PLACE CANNOT RISE IN RESPONSE TO ITS STIMULUS IT IS RESISTED IN THAT THESE OBJECTS WERE COATED WITH ICE MONTH OF MAY IN A SOUTHERN STATE IF A WHIRLWIND AT ALL,"This time, the other mechanical thing, there in the first place, cannot rise in response to its stinules. It is resisted in that these objects were coated with ice, month of May in a southern state, if a whirlwind at all."
396,mic_fileid_396_doa107_3spk.wav,text_fileid_396_doa107_spk3.txt,107,107,0.0,3,clean_fileid_396_doa107_spk3.wav,0.0,0,44,-7.683905601501465,11.399134635925293,19.083040237426758,-7.791111469268799,11.195039749145508,18.986151218414307,1.0851190090179443,2.768359661102295,1.6832406520843506,3.796717842000362,0.4865227649997905,0.4388825799996994,4.722123186999852,WE WERE NOT FOND OF MY BROTHER BENJAMIN'S WIFE SHE WAS A VERY GIDDY YOUNG PERSON AND VERY FOND OF GAYETY SHE DIED OF LUNG FEVER CONTRACTED THROUGH EXPOSING HERSELF ONE NIGHT AT A MILITARY BALL IN DIRECT OPPOSITION TO MY BROTHER BENJAMIN'S WISHES,"We were not fond of my brother Benjamin's wife. She was a very giddy young person and very fond of Gayety. She died of lung fever, contracted through exposing herself one night at a military ball, in direct opposition to my brother Benjamin's wishes."
397,mic_fileid_397_doa73_3spk.wav,text_fileid_397_doa73_spk3.txt,73,73,0.0,3,clean_fileid_397_doa73_spk3.wav,0.09090909090909091,4,44,-7.108223915100098,12.706632614135742,19.81485652923584,-7.171229362487793,12.551531791687012,19.722761154174805,1.1989469528198242,2.7819018363952637,1.5829548835754395,5.151970578999681,0.5704044049998629,0.43154762299946015,6.153922606999004,AND WHAT WAS OF THE ESSENCE OF IT WAS GRIST TO HIS SCRIBBLING MILL MATTER FOR HIS JOURNALISING HAND THAT HAND ALREADY IN INTENTION PLAYED OVER IT THE MOTIVE AS A SIGN OF THE SEASON A FEATURE OF THE TIME OF THE PURELY EXPEDITIOUS,"And what was of the essence of it was grist to his scribbling mill, matter for his journalizing hand. That hand, already in attention, played over the motive as a side of the season, a feature of the time of the purely expeditious..."
398,mic_fileid_398_doa177_3spk.wav,text_fileid_398_doa177_spk3.txt,177,177,0.0,3,clean_fileid_398_doa177_spk3.wav,0.15384615384615385,4,26,-7.134186744689941,9.56239128112793,16.69657802581787,-7.217975616455078,9.243104934692383,16.46108055114746,1.0970532894134521,2.304159164428711,1.2071058750152588,4.93373107699972,0.6696160450001116,0.3363441379997312,5.939691259999563,MITIGATED ONLY BY SUCH EXERCISE AS THE GAME OF POKER AFFORDS HAD INTENSIFIED AN INSTINCTIVE INEXPRESSIVENESS UNDER THE MOST SOLITARY CIRCUMSTANCES OLD GRAMMONT WAS STILL INEXPRESSIVE,"mitigated only by such exercise as the game of poker and forrest had intensified an instinctive inexpressiveness. Under the most solitary circumstances, old road is still inexpressive."
399,mic_fileid_399_doa317_3spk.wav,text_fileid_399_doa317_spk3.txt,317,317,0.0,3,clean_fileid_399_doa317_spk3.wav,0.14583333333333334,7,48,-6.688872337341309,12.248522758483887,18.937395095825195,-6.754127502441406,11.649126052856445,18.40325355529785,1.0747171640396118,2.5609097480773926,1.4861925840377808,4.733639089999997,0.49174653600039164,0.515772907999235,5.741158533999624,BUT THE CHIEF BEAUTY OF STEVENTON CONSISTED IN ITS HEDGEROWS A HEDGEROW IN THAT COUNTRY DOES NOT MEAN A THIN FORMAL LINE OF QUICKSET BUT AN IRREGULAR BORDER OF COPSE WOOD AND TIMBER OFTEN WIDE ENOUGH TO CONTAIN WITHIN IT A WINDING FOOTPATH OR A ROUGH CART TRACK,"But the cheek beauty of Steventon consisted in its hedgerows. A hedgerow in that country does not mean a thin formal line of quingset, but a new regular border of copswood and timber, often wide enough to contain within it a winding footpath or a rough cart track."
