fileid,mic_file,runtime_cfg,output_dir,command,returncode,elapsed_sec,stdout_log,stderr_log,predicted_slots
0,/home/shaozi/ucl/code/audition_pipeline/data/dataset_4mic_3spk/Eval/mic/mic_fileid_0_doa73_3spk.wav,,/home/shaozi/ucl/code/audition_pipeline/ablation_study/baseline/ODAS/results/ODAS_n_loc+sep+pf/odas_outputs/fileid_0,SKIPPED_EXISTING,0,0.0,,,slot0:id9:doa170.3;slot1:id5:doa205.4;slot2:id7:doa72.4
1,/home/shaozi/ucl/code/audition_pipeline/data/dataset_4mic_3spk/Eval/mic/mic_fileid_1_doa82_3spk.wav,,/home/shaozi/ucl/code/audition_pipeline/ablation_study/baseline/ODAS/results/ODAS_n_loc+sep+pf/odas_outputs/fileid_1,SKIPPED_EXISTING,0,0.0,,,slot0:id22:doa186.2;slot1:id5:doa283.1;slot2:id68:doa86.9
2,/home/shaozi/ucl/code/audition_pipeline/data/dataset_4mic_3spk/Eval/mic/mic_fileid_2_doa36_3spk.wav,,/home/shaozi/ucl/code/audition_pipeline/ablation_study/baseline/ODAS/results/ODAS_n_loc+sep+pf/odas_outputs/fileid_2,SKIPPED_EXISTING,0,0.0,,,slot0:id15:doa38.1;slot1:id3:doa337.1;slot2:id30:doa226.1
3,/home/shaozi/ucl/code/audition_pipeline/data/dataset_4mic_3spk/Eval/mic/mic_fileid_3_doa39_3spk.wav,,/home/shaozi/ucl/code/audition_pipeline/ablation_study/baseline/ODAS/results/ODAS_n_loc+sep+pf/odas_outputs/fileid_3,SKIPPED_EXISTING,0,0.0,,,slot0:id44:doa185.3;slot1:id43:doa38.7;slot2:id57:doa107.4
4,/home/shaozi/ucl/code/audition_pipeline/data/dataset_4mic_3spk/Eval/mic/mic_fileid_4_doa26_3spk.wav,,/home/shaozi/ucl/code/audition_pipeline/ablation_study/baseline/ODAS/results/ODAS_n_loc+sep+pf/odas_outputs/fileid_4,SKIPPED_EXISTING,0,0.0,,,slot0:id2:doa123.6;slot1:id6:doa31.0;slot2:id8:doa241.5
5,/home/shaozi/ucl/code/audition_pipeline/data/dataset_4mic_3spk/Eval/mic/mic_fileid_5_doa60_3spk.wav,,/home/shaozi/ucl/code/audition_pipeline/ablation_study/baseline/ODAS/results/ODAS_n_loc+sep+pf/odas_outputs/fileid_5,SKIPPED_EXISTING,0,0.0,,,slot0:id18:doa73.2;slot1:id9:doa332.7;slot2:id3:doa42.1
6,/home/shaozi/ucl/code/audition_pipeline/data/dataset_4mic_3spk/Eval/mic/mic_fileid_6_doa30_3spk.wav,,/home/shaozi/ucl/code/audition_pipeline/ablation_study/baseline/ODAS/results/ODAS_n_loc+sep+pf/odas_outputs/fileid_6,SKIPPED_EXISTING,0,0.0,,,slot0:id8:doa75.4;slot1:id14:doa131.8
7,/home/shaozi/ucl/code/audition_pipeline/data/dataset_4mic_3spk/Eval/mic/mic_fileid_7_doa57_3spk.wav,,/home/shaozi/ucl/code/audition_pipeline/ablation_study/baseline/ODAS/results/ODAS_n_loc+sep+pf/odas_outputs/fileid_7,SKIPPED_EXISTING,0,0.0,,,slot0:id16:doa56.7;slot1:id25:doa166.5
8,/home/shaozi/ucl/code/audition_pipeline/data/dataset_4mic_3spk/Eval/mic/mic_fileid_8_doa80_3spk.wav,,/home/shaozi/ucl/code/audition_pipeline/ablation_study/baseline/ODAS/results/ODAS_n_loc+sep+pf/odas_outputs/fileid_8,SKIPPED_EXISTING,0,0.0,,,slot0:id6:doa247.2;slot1:id51:doa87.3;slot2:id55:doa333.4
9,/home/shaozi/ucl/code/audition_pipeline/data/dataset_4mic_3spk/Eval/mic/mic_fileid_9_doa85_3spk.wav,,/home/shaozi/ucl/code/audition_pipeline/ablation_study/baseline/ODAS/results/ODAS_n_loc+sep+pf/odas_outputs/fileid_9,SKIPPED_EXISTING,0,0.0,,,slot0:id8:doa312.2;slot1:id18:doa241.0;slot2:id31:doa83.3
10,/home/shaozi/ucl/code/audition_pipeline/data/dataset_4mic_3spk/Eval/mic/mic_fileid_10_doa3_3spk.wav,,/home/shaozi/ucl/code/audition_pipeline/ablation_study/baseline/ODAS/results/ODAS_n_loc+sep+pf/odas_outputs/fileid_10,SKIPPED_EXISTING,0,0.0,,,slot0:id4:doa141.9;slot1:id98:doa0.8
11,/home/shaozi/ucl/code/audition_pipeline/data/dataset_4mic_3spk/Eval/mic/mic_fileid_11_doa93_3spk.wav,,/home/shaozi/ucl/code/audition_pipeline/ablation_study/baseline/ODAS/results/ODAS_n_loc+sep+pf/odas_outputs/fileid_11,SKIPPED_EXISTING,0,0.0,,,slot1:id2:doa253.5;slot2:id14:doa94.0
12,/home/shaozi/ucl/code/audition_pipeline/data/dataset_4mic_3spk/Eval/mic/mic_fileid_12_doa38_3spk.wav,,/home/shaozi/ucl/code/audition_pipeline/ablation_study/baseline/ODAS/results/ODAS_n_loc+sep+pf/odas_outputs/fileid_12,SKIPPED_EXISTING,0,0.0,,,slot0:id4:doa37.8;slot1:id38:doa101.3;slot2:id17:doa227.2
13,/home/shaozi/ucl/code/audition_pipeline/data/dataset_4mic_3spk/Eval/mic/mic_fileid_13_doa5_3spk.wav,,/home/shaozi/ucl/code/audition_pipeline/ablation_study/baseline/ODAS/results/ODAS_n_loc+sep+pf/odas_outputs/fileid_13,SKIPPED_EXISTING,0,0.0,,,slot0:id40:doa221.4;slot1:id35:doa335.8
14,/home/shaozi/ucl/code/audition_pipeline/data/dataset_4mic_3spk/Eval/mic/mic_fileid_14_doa181_3spk.wav,,/home/shaozi/ucl/code/audition_pipeline/ablation_study/baseline/ODAS/results/ODAS_n_loc+sep+pf/odas_outputs/fileid_14,SKIPPED_EXISTING,0,0.0,,,slot0:id48:doa344.6;slot1:id68:doa182.4;slot2:id71:doa207.8
15,/home/shaozi/ucl/code/audition_pipeline/data/dataset_4mic_3spk/Eval/mic/mic_fileid_15_doa78_3spk.wav,,/home/shaozi/ucl/code/audition_pipeline/ablation_study/baseline/ODAS/results/ODAS_n_loc+sep+pf/odas_outputs/fileid_15,SKIPPED_EXISTING,0,0.0,,,slot0:id19:doa276.3;slot1:id2:doa78.5;slot2:id29:doa214.3
16,/home/shaozi/ucl/code/audition_pipeline/data/dataset_4mic_3spk/Eval/mic/mic_fileid_16_doa36_3spk.wav,,/home/shaozi/ucl/code/audition_pipeline/ablation_study/baseline/ODAS/results/ODAS_n_loc+sep+pf/odas_outputs/fileid_16,SKIPPED_EXISTING,0,0.0,,,slot0:id10:doa32.4;slot1:id3:doa320.3;slot2:id4:doa312.7
17,/home/shaozi/ucl/code/audition_pipeline/data/dataset_4mic_3spk/Eval/mic/mic_fileid_17_doa99_3spk.wav,,/home/shaozi/ucl/code/audition_pipeline/ablation_study/baseline/ODAS/results/ODAS_n_loc+sep+pf/odas_outputs/fileid_17,SKIPPED_EXISTING,0,0.0,,,slot0:id5:doa99.4;slot1:id23:doa160.1
18,/home/shaozi/ucl/code/audition_pipeline/data/dataset_4mic_3spk/Eval/mic/mic_fileid_18_doa181_3spk.wav,,/home/shaozi/ucl/code/audition_pipeline/ablation_study/baseline/ODAS/results/ODAS_n_loc+sep+pf/odas_outputs/fileid_18,SKIPPED_EXISTING,0,0.0,,,slot0:id38:doa182.4;slot1:id2:doa223.6;slot2:id26:doa242.4
19,/home/shaozi/ucl/code/audition_pipeline/data/dataset_4mic_3spk/Eval/mic/mic_fileid_19_doa121_3spk.wav,,/home/shaozi/ucl/code/audition_pipeline/ablation_study/baseline/ODAS/results/ODAS_n_loc+sep+pf/odas_outputs/fileid_19,SKIPPED_EXISTING,0,0.0,,,slot0:id12:doa339.0;slot1:id34:doa261.6;slot2:id39:doa116.9
20,/home/shaozi/ucl/code/audition_pipeline/data/dataset_4mic_3spk/Eval/mic/mic_fileid_20_doa68_3spk.wav,,/home/shaozi/ucl/code/audition_pipeline/ablation_study/baseline/ODAS/results/ODAS_n_loc+sep+pf/odas_outputs/fileid_20,SKIPPED_EXISTING,0,0.0,,,slot0:id18:doa66.4;slot1:id2:doa166.9;slot2:id28:doa69.8
21,/home/shaozi/ucl/code/audition_pipeline/data/dataset_4mic_3spk/Eval/mic/mic_fileid_21_doa34_3spk.wav,,/home/shaozi/ucl/code/audition_pipeline/ablation_study/baseline/ODAS/results/ODAS_n_loc+sep+pf/odas_outputs/fileid_21,SKIPPED_EXISTING,0,0.0,,,slot0:id6:doa143.7;slot1:id32:doa14.0
22,/home/shaozi/ucl/code/audition_pipeline/data/dataset_4mic_3spk/Eval/mic/mic_fileid_22_doa22_3spk.wav,,/home/shaozi/ucl/code/audition_pipeline/ablation_study/baseline/ODAS/results/ODAS_n_loc+sep+pf/odas_outputs/fileid_22,SKIPPED_EXISTING,0,0.0,,,slot0:id1:doa24.8;slot1:id3:doa322.4
23,/home/shaozi/ucl/code/audition_pipeline/data/dataset_4mic_3spk/Eval/mic/mic_fileid_23_doa6_3spk.wav,,/home/shaozi/ucl/code/audition_pipeline/ablation_study/baseline/ODAS/results/ODAS_n_loc+sep+pf/odas_outputs/fileid_23,SKIPPED_EXISTING,0,0.0,,,slot0:id6:doa156.0;slot1:id41:doa212.3;slot2:id67:doa92.8
24,/home/shaozi/ucl/code/audition_pipeline/data/dataset_4mic_3spk/Eval/mic/mic_fileid_24_doa57_3spk.wav,,/home/shaozi/ucl/code/audition_pipeline/ablation_study/baseline/ODAS/results/ODAS_n_loc+sep+pf/odas_outputs/fileid_24,SKIPPED_EXISTING,0,0.0,,,slot0:id1:doa53.3;slot1:id10:doa290.8;slot2:id23:doa112.3
25,/home/shaozi/ucl/code/audition_pipeline/data/dataset_4mic_3spk/Eval/mic/mic_fileid_25_doa112_3spk.wav,,/home/shaozi/ucl/code/audition_pipeline/ablation_study/baseline/ODAS/results/ODAS_n_loc+sep+pf/odas_outputs/fileid_25,SKIPPED_EXISTING,0,0.0,,,slot0:id15:doa169.7;slot1:id56:doa306.0;slot2:id21:doa113.5
26,/home/shaozi/ucl/code/audition_pipeline/data/dataset_4mic_3spk/Eval/mic/mic_fileid_26_doa34_3spk.wav,,/home/shaozi/ucl/code/audition_pipeline/ablation_study/baseline/ODAS/results/ODAS_n_loc+sep+pf/odas_outputs/fileid_26,SKIPPED_EXISTING,0,0.0,,,slot0:id33:doa340.3;slot1:id5:doa76.1;slot2:id43:doa241.7
27,/home/shaozi/ucl/code/audition_pipeline/data/dataset_4mic_3spk/Eval/mic/mic_fileid_27_doa31_3spk.wav,,/home/shaozi/ucl/code/audition_pipeline/ablation_study/baseline/ODAS/results/ODAS_n_loc+sep+pf/odas_outputs/fileid_27,SKIPPED_EXISTING,0,0.0,,,slot0:id5:doa172.2;slot1:id45:doa76.2;slot2:id50:doa130.1
28,/home/shaozi/ucl/code/audition_pipeline/data/dataset_4mic_3spk/Eval/mic/mic_fileid_28_doa124_3spk.wav,,/home/shaozi/ucl/code/audition_pipeline/ablation_study/baseline/ODAS/results/ODAS_n_loc+sep+pf/odas_outputs/fileid_28,SKIPPED_EXISTING,0,0.0,,,slot0:id20:doa314.2;slot1:id12:doa219.9;slot2:id18:doa123.4
29,/home/shaozi/ucl/code/audition_pipeline/data/dataset_4mic_3spk/Eval/mic/mic_fileid_29_doa111_3spk.wav,,/home/shaozi/ucl/code/audition_pipeline/ablation_study/baseline/ODAS/results/ODAS_n_loc+sep+pf/odas_outputs/fileid_29,SKIPPED_EXISTING,0,0.0,,,slot0:id30:doa135.5;slot1:id2:doa4.6;slot2:id20:doa282.4
30,/home/shaozi/ucl/code/audition_pipeline/data/dataset_4mic_3spk/Eval/mic/mic_fileid_30_doa12_3spk.wav,,/home/shaozi/ucl/code/audition_pipeline/ablation_study/baseline/ODAS/results/ODAS_n_loc+sep+pf/odas_outputs/fileid_30,SKIPPED_EXISTING,0,0.0,,,slot0:id21:doa63.9;slot1:id6:doa13.2;slot2:id33:doa277.7
31,/home/shaozi/ucl/code/audition_pipeline/data/dataset_4mic_3spk/Eval/mic/mic_fileid_31_doa53_3spk.wav,,/home/shaozi/ucl/code/audition_pipeline/ablation_study/baseline/ODAS/results/ODAS_n_loc+sep+pf/odas_outputs/fileid_31,SKIPPED_EXISTING,0,0.0,,,slot0:id6:doa159.1;slot1:id10:doa50.5;slot2:id26:doa210.2
32,/home/shaozi/ucl/code/audition_pipeline/data/dataset_4mic_3spk/Eval/mic/mic_fileid_32_doa102_3spk.wav,,/home/shaozi/ucl/code/audition_pipeline/ablation_study/baseline/ODAS/results/ODAS_n_loc+sep+pf/odas_outputs/fileid_32,SKIPPED_EXISTING,0,0.0,,,slot0:id15:doa278.7;slot2:id39:doa233.4
33,/home/shaozi/ucl/code/audition_pipeline/data/dataset_4mic_3spk/Eval/mic/mic_fileid_33_doa34_3spk.wav,,/home/shaozi/ucl/code/audition_pipeline/ablation_study/baseline/ODAS/results/ODAS_n_loc+sep+pf/odas_outputs/fileid_33,SKIPPED_EXISTING,0,0.0,,,slot0:id11:doa32.5;slot1:id8:doa132.6;slot2:id13:doa345.1
34,/home/shaozi/ucl/code/audition_pipeline/data/dataset_4mic_3spk/Eval/mic/mic_fileid_34_doa125_3spk.wav,,/home/shaozi/ucl/code/audition_pipeline/ablation_study/baseline/ODAS/results/ODAS_n_loc+sep+pf/odas_outputs/fileid_34,SKIPPED_EXISTING,0,0.0,,,slot1:id19:doa280.4;slot2:id4:doa142.1
35,/home/shaozi/ucl/code/audition_pipeline/data/dataset_4mic_3spk/Eval/mic/mic_fileid_35_doa24_3spk.wav,,/home/shaozi/ucl/code/audition_pipeline/ablation_study/baseline/ODAS/results/ODAS_n_loc+sep+pf/odas_outputs/fileid_35,SKIPPED_EXISTING,0,0.0,,,slot0:id2:doa123.5;slot1:id3:doa235.4;slot2:id7:doa24.6
36,/home/shaozi/ucl/code/audition_pipeline/data/dataset_4mic_3spk/Eval/mic/mic_fileid_36_doa24_3spk.wav,,/home/shaozi/ucl/code/audition_pipeline/ablation_study/baseline/ODAS/results/ODAS_n_loc+sep+pf/odas_outputs/fileid_36,SKIPPED_EXISTING,0,0.0,,,slot0:id13:doa344.8;slot1:id37:doa203.8;slot2:id41:doa282.1
37,/home/shaozi/ucl/code/audition_pipeline/data/dataset_4mic_3spk/Eval/mic/mic_fileid_37_doa51_3spk.wav,,/home/shaozi/ucl/code/audition_pipeline/ablation_study/baseline/ODAS/results/ODAS_n_loc+sep+pf/odas_outputs/fileid_37,SKIPPED_EXISTING,0,0.0,,,slot0:id6:doa95.9;slot1:id36:doa45.5;slot2:id12:doa251.1
38,/home/shaozi/ucl/code/audition_pipeline/data/dataset_4mic_3spk/Eval/mic/mic_fileid_38_doa1_3spk.wav,,/home/shaozi/ucl/code/audition_pipeline/ablation_study/baseline/ODAS/results/ODAS_n_loc+sep+pf/odas_outputs/fileid_38,SKIPPED_EXISTING,0,0.0,,,slot0:id23:doa346.9;slot1:id2:doa64.5;slot2:id27:doa268.8
39,/home/shaozi/ucl/code/audition_pipeline/data/dataset_4mic_3spk/Eval/mic/mic_fileid_39_doa156_3spk.wav,,/home/shaozi/ucl/code/audition_pipeline/ablation_study/baseline/ODAS/results/ODAS_n_loc+sep+pf/odas_outputs/fileid_39,SKIPPED_EXISTING,0,0.0,,,slot0:id6:doa159.8;slot1:id11:doa285.3;slot2:id10:doa249.4
40,/home/shaozi/ucl/code/audition_pipeline/data/dataset_4mic_3spk/Eval/mic/mic_fileid_40_doa14_3spk.wav,,/home/shaozi/ucl/code/audition_pipeline/ablation_study/baseline/ODAS/results/ODAS_n_loc+sep+pf/odas_outputs/fileid_40,SKIPPED_EXISTING,0,0.0,,,slot0:id21:doa6.1;slot1:id28:doa89.1;slot2:id23:doa187.4
41,/home/shaozi/ucl/code/audition_pipeline/data/dataset_4mic_3spk/Eval/mic/mic_fileid_41_doa86_3spk.wav,,/home/shaozi/ucl/code/audition_pipeline/ablation_study/baseline/ODAS/results/ODAS_n_loc+sep+pf/odas_outputs/fileid_41,SKIPPED_EXISTING,0,0.0,,,slot0:id7:doa265.1;slot1:id14:doa97.0
42,/home/shaozi/ucl/code/audition_pipeline/data/dataset_4mic_3spk/Eval/mic/mic_fileid_42_doa76_3spk.wav,,/home/shaozi/ucl/code/audition_pipeline/ablation_study/baseline/ODAS/results/ODAS_n_loc+sep+pf/odas_outputs/fileid_42,SKIPPED_EXISTING,0,0.0,,,slot0:id4:doa208.2;slot1:id31:doa324.2;slot2:id7:doa76.2
43,/home/shaozi/ucl/code/audition_pipeline/data/dataset_4mic_3spk/Eval/mic/mic_fileid_43_doa44_3spk.wav,,/home/shaozi/ucl/code/audition_pipeline/ablation_study/baseline/ODAS/results/ODAS_n_loc+sep+pf/odas_outputs/fileid_43,SKIPPED_EXISTING,0,0.0,,,slot0:id20:doa271.8;slot1:id72:doa68.4
44,/home/shaozi/ucl/code/audition_pipeline/data/dataset_4mic_3spk/Eval/mic/mic_fileid_44_doa184_3spk.wav,,/home/shaozi/ucl/code/audition_pipeline/ablation_study/baseline/ODAS/results/ODAS_n_loc+sep+pf/odas_outputs/fileid_44,SKIPPED_EXISTING,0,0.0,,,slot0:id57:doa239.6;slot1:id32:doa195.4
45,/home/shaozi/ucl/code/audition_pipeline/data/dataset_4mic_3spk/Eval/mic/mic_fileid_45_doa62_3spk.wav,,/home/shaozi/ucl/code/audition_pipeline/ablation_study/baseline/ODAS/results/ODAS_n_loc+sep+pf/odas_outputs/fileid_45,SKIPPED_EXISTING,0,0.0,,,slot0:id7:doa289.4;slot1:id42:doa60.7;slot2:id9:doa200.9
46,/home/shaozi/ucl/code/audition_pipeline/data/dataset_4mic_3spk/Eval/mic/mic_fileid_46_doa151_3spk.wav,,/home/shaozi/ucl/code/audition_pipeline/ablation_study/baseline/ODAS/results/ODAS_n_loc+sep+pf/odas_outputs/fileid_46,SKIPPED_EXISTING,0,0.0,,,slot0:id31:doa328.3;slot1:id49:doa150.7;slot2:id15:doa177.5
47,/home/shaozi/ucl/code/audition_pipeline/data/dataset_4mic_3spk/Eval/mic/mic_fileid_47_doa63_3spk.wav,,/home/shaozi/ucl/code/audition_pipeline/ablation_study/baseline/ODAS/results/ODAS_n_loc+sep+pf/odas_outputs/fileid_47,SKIPPED_EXISTING,0,0.0,,,slot0:id32:doa185.2;slot1:id29:doa104.1
48,/home/shaozi/ucl/code/audition_pipeline/data/dataset_4mic_3spk/Eval/mic/mic_fileid_48_doa191_3spk.wav,,/home/shaozi/ucl/code/audition_pipeline/ablation_study/baseline/ODAS/results/ODAS_n_loc+sep+pf/odas_outputs/fileid_48,SKIPPED_EXISTING,0,0.0,,,slot1:id3:doa292.5;slot2:id13:doa213.1
49,/home/shaozi/ucl/code/audition_pipeline/data/dataset_4mic_3spk/Eval/mic/mic_fileid_49_doa63_3spk.wav,,/home/shaozi/ucl/code/audition_pipeline/ablation_study/baseline/ODAS/results/ODAS_n_loc+sep+pf/odas_outputs/fileid_49,SKIPPED_EXISTING,0,0.0,,,slot0:id14:doa332.7;slot1:id15:doa62.2;slot2:id21:doa203.8
50,/home/shaozi/ucl/code/audition_pipeline/data/dataset_4mic_3spk/Eval/mic/mic_fileid_50_doa7_3spk.wav,,/home/shaozi/ucl/code/audition_pipeline/ablation_study/baseline/ODAS/results/ODAS_n_loc+sep+pf/odas_outputs/fileid_50,SKIPPED_EXISTING,0,0.0,,,slot0:id9:doa6.3;slot1:id44:doa265.9;slot2:id26:doa62.1
51,/home/shaozi/ucl/code/audition_pipeline/data/dataset_4mic_3spk/Eval/mic/mic_fileid_51_doa46_3spk.wav,,/home/shaozi/ucl/code/audition_pipeline/ablation_study/baseline/ODAS/results/ODAS_n_loc+sep+pf/odas_outputs/fileid_51,SKIPPED_EXISTING,0,0.0,,,slot0:id5:doa270.6;slot1:id6:doa45.3;slot2:id30:doa164.0
52,/home/shaozi/ucl/code/audition_pipeline/data/dataset_4mic_3spk/Eval/mic/mic_fileid_52_doa46_3spk.wav,,/home/shaozi/ucl/code/audition_pipeline/ablation_study/baseline/ODAS/results/ODAS_n_loc+sep+pf/odas_outputs/fileid_52,SKIPPED_EXISTING,0,0.0,,,slot0:id4:doa81.9;slot1:id5:doa306.8;slot2:id3:doa224.0
53,/home/shaozi/ucl/code/audition_pipeline/data/dataset_4mic_3spk/Eval/mic/mic_fileid_53_doa65_3spk.wav,,/home/shaozi/ucl/code/audition_pipeline/ablation_study/baseline/ODAS/results/ODAS_n_loc+sep+pf/odas_outputs/fileid_53,SKIPPED_EXISTING,0,0.0,,,slot0:id1:doa77.0;slot1:id16:doa250.6;slot2:id19:doa79.3
54,/home/shaozi/ucl/code/audition_pipeline/data/dataset_4mic_3spk/Eval/mic/mic_fileid_54_doa45_3spk.wav,,/home/shaozi/ucl/code/audition_pipeline/ablation_study/baseline/ODAS/results/ODAS_n_loc+sep+pf/odas_outputs/fileid_54,SKIPPED_EXISTING,0,0.0,,,slot0:id5:doa49.5;slot1:id18:doa323.6;slot2:id26:doa90.0
55,/home/shaozi/ucl/code/audition_pipeline/data/dataset_4mic_3spk/Eval/mic/mic_fileid_55_doa55_3spk.wav,,/home/shaozi/ucl/code/audition_pipeline/ablation_study/baseline/ODAS/results/ODAS_n_loc+sep+pf/odas_outputs/fileid_55,SKIPPED_EXISTING,0,0.0,,,slot0:id5:doa147.5;slot1:id46:doa55.1
56,/home/shaozi/ucl/code/audition_pipeline/data/dataset_4mic_3spk/Eval/mic/mic_fileid_56_doa11_3spk.wav,,/home/shaozi/ucl/code/audition_pipeline/ablation_study/baseline/ODAS/results/ODAS_n_loc+sep+pf/odas_outputs/fileid_56,SKIPPED_EXISTING,0,0.0,,,slot0:id34:doa63.5;slot1:id28:doa10.0;slot2:id46:doa116.3
57,/home/shaozi/ucl/code/audition_pipeline/data/dataset_4mic_3spk/Eval/mic/mic_fileid_57_doa15_3spk.wav,,/home/shaozi/ucl/code/audition_pipeline/ablation_study/baseline/ODAS/results/ODAS_n_loc+sep+pf/odas_outputs/fileid_57,SKIPPED_EXISTING,0,0.0,,,slot0:id10:doa173.8;slot1:id14:doa225.5
58,/home/shaozi/ucl/code/audition_pipeline/data/dataset_4mic_3spk/Eval/mic/mic_fileid_58_doa91_3spk.wav,,/home/shaozi/ucl/code/audition_pipeline/ablation_study/baseline/ODAS/results/ODAS_n_loc+sep+pf/odas_outputs/fileid_58,SKIPPED_EXISTING,0,0.0,,,slot0:id2:doa124.6;slot1:id12:doa316.2
59,/home/shaozi/ucl/code/audition_pipeline/data/dataset_4mic_3spk/Eval/mic/mic_fileid_59_doa11_3spk.wav,,/home/shaozi/ucl/code/audition_pipeline/ablation_study/baseline/ODAS/results/ODAS_n_loc+sep+pf/odas_outputs/fileid_59,SKIPPED_EXISTING,0,0.0,,,slot0:id42:doa198.7;slot1:id3:doa252.3;slot2:id25:doa358.4
60,/home/shaozi/ucl/code/audition_pipeline/data/dataset_4mic_3spk/Eval/mic/mic_fileid_60_doa144_3spk.wav,,/home/shaozi/ucl/code/audition_pipeline/ablation_study/baseline/ODAS/results/ODAS_n_loc+sep+pf/odas_outputs/fileid_60,SKIPPED_EXISTING,0,0.0,,,slot0:id50:doa193.1;slot1:id6:doa149.6;slot2:id38:doa323.8
61,/home/shaozi/ucl/code/audition_pipeline/data/dataset_4mic_3spk/Eval/mic/mic_fileid_61_doa93_3spk.wav,,/home/shaozi/ucl/code/audition_pipeline/ablation_study/baseline/ODAS/results/ODAS_n_loc+sep+pf/odas_outputs/fileid_61,SKIPPED_EXISTING,0,0.0,,,slot0:id34:doa147.2;slot1:id7:doa91.6;slot2:id55:doa307.8
62,/home/shaozi/ucl/code/audition_pipeline/data/dataset_4mic_3spk/Eval/mic/mic_fileid_62_doa56_3spk.wav,,/home/shaozi/ucl/code/audition_pipeline/ablation_study/baseline/ODAS/results/ODAS_n_loc+sep+pf/odas_outputs/fileid_62,SKIPPED_EXISTING,0,0.0,,,slot0:id1:doa306.3;slot1:id20:doa180.3;slot2:id17:doa55.4
63,/home/shaozi/ucl/code/audition_pipeline/data/dataset_4mic_3spk/Eval/mic/mic_fileid_63_doa174_3spk.wav,,/home/shaozi/ucl/code/audition_pipeline/ablation_study/baseline/ODAS/results/ODAS_n_loc+sep+pf/odas_outputs/fileid_63,SKIPPED_EXISTING,0,0.0,,,slot0:id91:doa246.0;slot1:id54:doa320.5;slot2:id102:doa183.8
64,/home/shaozi/ucl/code/audition_pipeline/data/dataset_4mic_3spk/Eval/mic/mic_fileid_64_doa6_3spk.wav,,/home/shaozi/ucl/code/audition_pipeline/ablation_study/baseline/ODAS/results/ODAS_n_loc+sep+pf/odas_outputs/fileid_64,SKIPPED_EXISTING,0,0.0,,,slot0:id75:doa144.6;slot2:id74:doa329.9
65,/home/shaozi/ucl/code/audition_pipeline/data/dataset_4mic_3spk/Eval/mic/mic_fileid_65_doa48_3spk.wav,,/home/shaozi/ucl/code/audition_pipeline/ablation_study/baseline/ODAS/results/ODAS_n_loc+sep+pf/odas_outputs/fileid_65,SKIPPED_EXISTING,0,0.0,,,slot0:id40:doa50.9;slot1:id5:doa133.9;slot2:id34:doa293.0
66,/home/shaozi/ucl/code/audition_pipeline/data/dataset_4mic_3spk/Eval/mic/mic_fileid_66_doa58_3spk.wav,,/home/shaozi/ucl/code/audition_pipeline/ablation_study/baseline/ODAS/results/ODAS_n_loc+sep+pf/odas_outputs/fileid_66,SKIPPED_EXISTING,0,0.0,,,slot0:id22:doa92.6;slot1:id21:doa245.5;slot2:id3:doa188.5
67,/home/shaozi/ucl/code/audition_pipeline/data/dataset_4mic_3spk/Eval/mic/mic_fileid_67_doa77_3spk.wav,,/home/shaozi/ucl/code/audition_pipeline/ablation_study/baseline/ODAS/results/ODAS_n_loc+sep+pf/odas_outputs/fileid_67,SKIPPED_EXISTING,0,0.0,,,slot0:id1:doa333.8;slot2:id22:doa77.1
68,/home/shaozi/ucl/code/audition_pipeline/data/dataset_4mic_3spk/Eval/mic/mic_fileid_68_doa31_3spk.wav,,/home/shaozi/ucl/code/audition_pipeline/ablation_study/baseline/ODAS/results/ODAS_n_loc+sep+pf/odas_outputs/fileid_68,SKIPPED_EXISTING,0,0.0,,,slot0:id4:doa29.6;slot1:id28:doa1.0;slot2:id6:doa273.8
69,/home/shaozi/ucl/code/audition_pipeline/data/dataset_4mic_3spk/Eval/mic/mic_fileid_69_doa229_3spk.wav,,/home/shaozi/ucl/code/audition_pipeline/ablation_study/baseline/ODAS/results/ODAS_n_loc+sep+pf/odas_outputs/fileid_69,SKIPPED_EXISTING,0,0.0,,,slot0:id19:doa225.1;slot1:id7:doa312.4
70,/home/shaozi/ucl/code/audition_pipeline/data/dataset_4mic_3spk/Eval/mic/mic_fileid_70_doa238_3spk.wav,,/home/shaozi/ucl/code/audition_pipeline/ablation_study/baseline/ODAS/results/ODAS_n_loc+sep+pf/odas_outputs/fileid_70,SKIPPED_EXISTING,0,0.0,,,slot0:id23:doa329.3;slot1:id41:doa289.3;slot2:id22:doa236.1
71,/home/shaozi/ucl/code/audition_pipeline/data/dataset_4mic_3spk/Eval/mic/mic_fileid_71_doa92_3spk.wav,,/home/shaozi/ucl/code/audition_pipeline/ablation_study/baseline/ODAS/results/ODAS_n_loc+sep+pf/odas_outputs/fileid_71,SKIPPED_EXISTING,0,0.0,,,slot0:id6:doa91.3;slot1:id2:doa158.9
72,/home/shaozi/ucl/code/audition_pipeline/data/dataset_4mic_3spk/Eval/mic/mic_fileid_72_doa57_3spk.wav,,/home/shaozi/ucl/code/audition_pipeline/ablation_study/baseline/ODAS/results/ODAS_n_loc+sep+pf/odas_outputs/fileid_72,SKIPPED_EXISTING,0,0.0,,,slot0:id5:doa118.8;slot1:id2:doa56.3;slot2:id12:doa343.8
73,/home/shaozi/ucl/code/audition_pipeline/data/dataset_4mic_3spk/Eval/mic/mic_fileid_73_doa97_3spk.wav,,/home/shaozi/ucl/code/audition_pipeline/ablation_study/baseline/ODAS/results/ODAS_n_loc+sep+pf/odas_outputs/fileid_73,SKIPPED_EXISTING,0,0.0,,,slot0:id9:doa243.1;slot1:id3:doa110.8;slot2:id18:doa90.0
74,/home/shaozi/ucl/code/audition_pipeline/data/dataset_4mic_3spk/Eval/mic/mic_fileid_74_doa76_3spk.wav,,/home/shaozi/ucl/code/audition_pipeline/ablation_study/baseline/ODAS/results/ODAS_n_loc+sep+pf/odas_outputs/fileid_74,SKIPPED_EXISTING,0,0.0,,,slot0:id23:doa1.9;slot1:id15:doa112.4;slot2:id33:doa172.1
75,/home/shaozi/ucl/code/audition_pipeline/data/dataset_4mic_3spk/Eval/mic/mic_fileid_75_doa172_3spk.wav,,/home/shaozi/ucl/code/audition_pipeline/ablation_study/baseline/ODAS/results/ODAS_n_loc+sep+pf/odas_outputs/fileid_75,SKIPPED_EXISTING,0,0.0,,,slot1:id2:doa208.2
76,/home/shaozi/ucl/code/audition_pipeline/data/dataset_4mic_3spk/Eval/mic/mic_fileid_76_doa66_3spk.wav,,/home/shaozi/ucl/code/audition_pipeline/ablation_study/baseline/ODAS/results/ODAS_n_loc+sep+pf/odas_outputs/fileid_76,SKIPPED_EXISTING,0,0.0,,,slot0:id18:doa70.1;slot1:id49:doa257.5;slot2:id10:doa179.7
77,/home/shaozi/ucl/code/audition_pipeline/data/dataset_4mic_3spk/Eval/mic/mic_fileid_77_doa164_3spk.wav,,/home/shaozi/ucl/code/audition_pipeline/ablation_study/baseline/ODAS/results/ODAS_n_loc+sep+pf/odas_outputs/fileid_77,SKIPPED_EXISTING,0,0.0,,,slot0:id3:doa268.0;slot1:id32:doa353.7;slot2:id30:doa175.6
78,/home/shaozi/ucl/code/audition_pipeline/data/dataset_4mic_3spk/Eval/mic/mic_fileid_78_doa78_3spk.wav,,/home/shaozi/ucl/code/audition_pipeline/ablation_study/baseline/ODAS/results/ODAS_n_loc+sep+pf/odas_outputs/fileid_78,SKIPPED_EXISTING,0,0.0,,,slot0:id39:doa214.5;slot1:id38:doa79.1;slot2:id53:doa281.0
79,/home/shaozi/ucl/code/audition_pipeline/data/dataset_4mic_3spk/Eval/mic/mic_fileid_79_doa98_3spk.wav,,/home/shaozi/ucl/code/audition_pipeline/ablation_study/baseline/ODAS/results/ODAS_n_loc+sep+pf/odas_outputs/fileid_79,SKIPPED_EXISTING,0,0.0,,,slot0:id12:doa235.9;slot1:id2:doa107.3;slot2:id31:doa322.2
80,/home/shaozi/ucl/code/audition_pipeline/data/dataset_4mic_3spk/Eval/mic/mic_fileid_80_doa69_3spk.wav,,/home/shaozi/ucl/code/audition_pipeline/ablation_study/baseline/ODAS/results/ODAS_n_loc+sep+pf/odas_outputs/fileid_80,SKIPPED_EXISTING,0,0.0,,,slot0:id1:doa280.6;slot1:id2:doa301.8
81,/home/shaozi/ucl/code/audition_pipeline/data/dataset_4mic_3spk/Eval/mic/mic_fileid_81_doa77_3spk.wav,,/home/shaozi/ucl/code/audition_pipeline/ablation_study/baseline/ODAS/results/ODAS_n_loc+sep+pf/odas_outputs/fileid_81,SKIPPED_EXISTING,0,0.0,,,slot0:id5:doa190.9;slot1:id2:doa286.8;slot2:id17:doa79.0
82,/home/shaozi/ucl/code/audition_pipeline/data/dataset_4mic_3spk/Eval/mic/mic_fileid_82_doa185_3spk.wav,,/home/shaozi/ucl/code/audition_pipeline/ablation_study/baseline/ODAS/results/ODAS_n_loc+sep+pf/odas_outputs/fileid_82,SKIPPED_EXISTING,0,0.0,,,slot0:id16:doa189.3;slot1:id11:doa243.3
83,/home/shaozi/ucl/code/audition_pipeline/data/dataset_4mic_3spk/Eval/mic/mic_fileid_83_doa43_3spk.wav,,/home/shaozi/ucl/code/audition_pipeline/ablation_study/baseline/ODAS/results/ODAS_n_loc+sep+pf/odas_outputs/fileid_83,SKIPPED_EXISTING,0,0.0,,,slot0:id4:doa44.1;slot1:id12:doa201.0;slot2:id10:doa96.5
84,/home/shaozi/ucl/code/audition_pipeline/data/dataset_4mic_3spk/Eval/mic/mic_fileid_84_doa2_3spk.wav,,/home/shaozi/ucl/code/audition_pipeline/ablation_study/baseline/ODAS/results/ODAS_n_loc+sep+pf/odas_outputs/fileid_84,SKIPPED_EXISTING,0,0.0,,,slot0:id17:doa121.7;slot1:id48:doa27.0;slot2:id51:doa44.4
85,/home/shaozi/ucl/code/audition_pipeline/data/dataset_4mic_3spk/Eval/mic/mic_fileid_85_doa23_3spk.wav,,/home/shaozi/ucl/code/audition_pipeline/ablation_study/baseline/ODAS/results/ODAS_n_loc+sep+pf/odas_outputs/fileid_85,SKIPPED_EXISTING,0,0.0,,,slot0:id4:doa155.6;slot1:id5:doa170.5;slot2:id6:doa19.8
86,/home/shaozi/ucl/code/audition_pipeline/data/dataset_4mic_3spk/Eval/mic/mic_fileid_86_doa84_3spk.wav,,/home/shaozi/ucl/code/audition_pipeline/ablation_study/baseline/ODAS/results/ODAS_n_loc+sep+pf/odas_outputs/fileid_86,SKIPPED_EXISTING,0,0.0,,,slot0:id1:doa289.3;slot1:id6:doa98.0
87,/home/shaozi/ucl/code/audition_pipeline/data/dataset_4mic_3spk/Eval/mic/mic_fileid_87_doa124_3spk.wav,,/home/shaozi/ucl/code/audition_pipeline/ablation_study/baseline/ODAS/results/ODAS_n_loc+sep+pf/odas_outputs/fileid_87,SKIPPED_EXISTING,0,0.0,,,slot0:id3:doa103.5;slot1:id26:doa359.0;slot2:id40:doa298.6
88,/home/shaozi/ucl/code/audition_pipeline/data/dataset_4mic_3spk/Eval/mic/mic_fileid_88_doa31_3spk.wav,,/home/shaozi/ucl/code/audition_pipeline/ablation_study/baseline/ODAS/results/ODAS_n_loc+sep+pf/odas_outputs/fileid_88,SKIPPED_EXISTING,0,0.0,,,slot0:id6:doa359.6;slot1:id2:doa120.4;slot2:id19:doa224.7
89,/home/shaozi/ucl/code/audition_pipeline/data/dataset_4mic_3spk/Eval/mic/mic_fileid_89_doa150_3spk.wav,,/home/shaozi/ucl/code/audition_pipeline/ablation_study/baseline/ODAS/results/ODAS_n_loc+sep+pf/odas_outputs/fileid_89,SKIPPED_EXISTING,0,0.0,,,slot0:id15:doa227.9;slot1:id18:doa273.5;slot2:id34:doa144.1
90,/home/shaozi/ucl/code/audition_pipeline/data/dataset_4mic_3spk/Eval/mic/mic_fileid_90_doa49_3spk.wav,,/home/shaozi/ucl/code/audition_pipeline/ablation_study/baseline/ODAS/results/ODAS_n_loc+sep+pf/odas_outputs/fileid_90,SKIPPED_EXISTING,0,0.0,,,slot0:id1:doa52.1;slot1:id2:doa295.9;slot2:id28:doa164.2
91,/home/shaozi/ucl/code/audition_pipeline/data/dataset_4mic_3spk/Eval/mic/mic_fileid_91_doa65_3spk.wav,,/home/shaozi/ucl/code/audition_pipeline/ablation_study/baseline/ODAS/results/ODAS_n_loc+sep+pf/odas_outputs/fileid_91,SKIPPED_EXISTING,0,0.0,,,slot0:id7:doa143.5;slot1:id37:doa257.2;slot2:id39:doa70.6
92,/home/shaozi/ucl/code/audition_pipeline/data/dataset_4mic_3spk/Eval/mic/mic_fileid_92_doa79_3spk.wav,,/home/shaozi/ucl/code/audition_pipeline/ablation_study/baseline/ODAS/results/ODAS_n_loc+sep+pf/odas_outputs/fileid_92,SKIPPED_EXISTING,0,0.0,,,slot0:id11:doa258.3;slot1:id8:doa255.9
93,/home/shaozi/ucl/code/audition_pipeline/data/dataset_4mic_3spk/Eval/mic/mic_fileid_93_doa3_3spk.wav,,/home/shaozi/ucl/code/audition_pipeline/ablation_study/baseline/ODAS/results/ODAS_n_loc+sep+pf/odas_outputs/fileid_93,SKIPPED_EXISTING,0,0.0,,,slot0:id83:doa142.5;slot1:id30:doa4.0;slot2:id38:doa38.2
94,/home/shaozi/ucl/code/audition_pipeline/data/dataset_4mic_3spk/Eval/mic/mic_fileid_94_doa101_3spk.wav,,/home/shaozi/ucl/code/audition_pipeline/ablation_study/baseline/ODAS/results/ODAS_n_loc+sep+pf/odas_outputs/fileid_94,SKIPPED_EXISTING,0,0.0,,,slot0:id4:doa320.6;slot1:id11:doa105.8;slot2:id24:doa207.1
95,/home/shaozi/ucl/code/audition_pipeline/data/dataset_4mic_3spk/Eval/mic/mic_fileid_95_doa59_3spk.wav,,/home/shaozi/ucl/code/audition_pipeline/ablation_study/baseline/ODAS/results/ODAS_n_loc+sep+pf/odas_outputs/fileid_95,SKIPPED_EXISTING,0,0.0,,,slot0:id3:doa125.5;slot1:id22:doa214.4
96,/home/shaozi/ucl/code/audition_pipeline/data/dataset_4mic_3spk/Eval/mic/mic_fileid_96_doa99_3spk.wav,,/home/shaozi/ucl/code/audition_pipeline/ablation_study/baseline/ODAS/results/ODAS_n_loc+sep+pf/odas_outputs/fileid_96,SKIPPED_EXISTING,0,0.0,,,slot0:id17:doa167.8;slot1:id57:doa359.6;slot2:id39:doa99.2
97,/home/shaozi/ucl/code/audition_pipeline/data/dataset_4mic_3spk/Eval/mic/mic_fileid_97_doa115_3spk.wav,,/home/shaozi/ucl/code/audition_pipeline/ablation_study/baseline/ODAS/results/ODAS_n_loc+sep+pf/odas_outputs/fileid_97,SKIPPED_EXISTING,0,0.0,,,slot0:id32:doa251.1;slot2:id3:doa319.1
98,/home/shaozi/ucl/code/audition_pipeline/data/dataset_4mic_3spk/Eval/mic/mic_fileid_98_doa46_3spk.wav,,/home/shaozi/ucl/code/audition_pipeline/ablation_study/baseline/ODAS/results/ODAS_n_loc+sep+pf/odas_outputs/fileid_98,SKIPPED_EXISTING,0,0.0,,,slot0:id25:doa271.0;slot1:id49:doa43.3;slot2:id4:doa126.1
99,/home/shaozi/ucl/code/audition_pipeline/data/dataset_4mic_3spk/Eval/mic/mic_fileid_99_doa33_3spk.wav,,/home/shaozi/ucl/code/audition_pipeline/ablation_study/baseline/ODAS/results/ODAS_n_loc+sep+pf/odas_outputs/fileid_99,SKIPPED_EXISTING,0,0.0,,,slot0:id5:doa249.0;slot1:id2:doa112.4;slot2:id4:doa291.9
100,/home/shaozi/ucl/code/audition_pipeline/data/dataset_4mic_3spk/Eval/mic/mic_fileid_100_doa58_3spk.wav,,/home/shaozi/ucl/code/audition_pipeline/ablation_study/baseline/ODAS/results/ODAS_n_loc+sep+pf/odas_outputs/fileid_100,SKIPPED_EXISTING,0,0.0,,,slot0:id23:doa71.9;slot1:id2:doa258.9;slot2:id35:doa124.5
101,/home/shaozi/ucl/code/audition_pipeline/data/dataset_4mic_3spk/Eval/mic/mic_fileid_101_doa238_3spk.wav,,/home/shaozi/ucl/code/audition_pipeline/ablation_study/baseline/ODAS/results/ODAS_n_loc+sep+pf/odas_outputs/fileid_101,SKIPPED_EXISTING,0,0.0,,,slot0:id5:doa270.6;slot1:id2:doa313.9;slot2:id9:doa39.3
102,/home/shaozi/ucl/code/audition_pipeline/data/dataset_4mic_3spk/Eval/mic/mic_fileid_102_doa204_3spk.wav,,/home/shaozi/ucl/code/audition_pipeline/ablation_study/baseline/ODAS/results/ODAS_n_loc+sep+pf/odas_outputs/fileid_102,SKIPPED_EXISTING,0,0.0,,,slot0:id1:doa241.0;slot1:id21:doa322.9
103,/home/shaozi/ucl/code/audition_pipeline/data/dataset_4mic_3spk/Eval/mic/mic_fileid_103_doa27_3spk.wav,,/home/shaozi/ucl/code/audition_pipeline/ablation_study/baseline/ODAS/results/ODAS_n_loc+sep+pf/odas_outputs/fileid_103,SKIPPED_EXISTING,0,0.0,,,slot0:id29:doa328.0;slot1:id18:doa54.2
104,/home/shaozi/ucl/code/audition_pipeline/data/dataset_4mic_3spk/Eval/mic/mic_fileid_104_doa10_3spk.wav,,/home/shaozi/ucl/code/audition_pipeline/ablation_study/baseline/ODAS/results/ODAS_n_loc+sep+pf/odas_outputs/fileid_104,SKIPPED_EXISTING,0,0.0,,,slot0:id17:doa299.8;slot1:id2:doa69.1;slot2:id31:doa350.9
105,/home/shaozi/ucl/code/audition_pipeline/data/dataset_4mic_3spk/Eval/mic/mic_fileid_105_doa7_3spk.wav,,/home/shaozi/ucl/code/audition_pipeline/ablation_study/baseline/ODAS/results/ODAS_n_loc+sep+pf/odas_outputs/fileid_105,SKIPPED_EXISTING,0,0.0,,,slot0:id28:doa2.1;slot1:id14:doa133.8;slot2:id27:doa39.5
106,/home/shaozi/ucl/code/audition_pipeline/data/dataset_4mic_3spk/Eval/mic/mic_fileid_106_doa79_3spk.wav,,/home/shaozi/ucl/code/audition_pipeline/ablation_study/baseline/ODAS/results/ODAS_n_loc+sep+pf/odas_outputs/fileid_106,SKIPPED_EXISTING,0,0.0,,,slot0:id47:doa205.6;slot1:id2:doa103.5
107,/home/shaozi/ucl/code/audition_pipeline/data/dataset_4mic_3spk/Eval/mic/mic_fileid_107_doa58_3spk.wav,,/home/shaozi/ucl/code/audition_pipeline/ablation_study/baseline/ODAS/results/ODAS_n_loc+sep+pf/odas_outputs/fileid_107,SKIPPED_EXISTING,0,0.0,,,slot0:id16:doa63.2;slot1:id6:doa309.9;slot2:id17:doa120.5
108,/home/shaozi/ucl/code/audition_pipeline/data/dataset_4mic_3spk/Eval/mic/mic_fileid_108_doa63_3spk.wav,,/home/shaozi/ucl/code/audition_pipeline/ablation_study/baseline/ODAS/results/ODAS_n_loc+sep+pf/odas_outputs/fileid_108,SKIPPED_EXISTING,0,0.0,,,slot0:id7:doa238.5;slot1:id14:doa188.6;slot2:id21:doa63.0
109,/home/shaozi/ucl/code/audition_pipeline/data/dataset_4mic_3spk/Eval/mic/mic_fileid_109_doa236_3spk.wav,,/home/shaozi/ucl/code/audition_pipeline/ablation_study/baseline/ODAS/results/ODAS_n_loc+sep+pf/odas_outputs/fileid_109,SKIPPED_EXISTING,0,0.0,,,slot0:id1:doa235.4;slot1:id2:doa272.1
110,/home/shaozi/ucl/code/audition_pipeline/data/dataset_4mic_3spk/Eval/mic/mic_fileid_110_doa31_3spk.wav,,/home/shaozi/ucl/code/audition_pipeline/ablation_study/baseline/ODAS/results/ODAS_n_loc+sep+pf/odas_outputs/fileid_110,SKIPPED_EXISTING,0,0.0,,,slot0:id1:doa359.7;slot1:id2:doa265.5;slot2:id3:doa103.6
111,/home/shaozi/ucl/code/audition_pipeline/data/dataset_4mic_3spk/Eval/mic/mic_fileid_111_doa38_3spk.wav,,/home/shaozi/ucl/code/audition_pipeline/ablation_study/baseline/ODAS/results/ODAS_n_loc+sep+pf/odas_outputs/fileid_111,SKIPPED_EXISTING,0,0.0,,,slot0:id17:doa32.7;slot1:id14:doa296.8;slot2:id16:doa39.6
112,/home/shaozi/ucl/code/audition_pipeline/data/dataset_4mic_3spk/Eval/mic/mic_fileid_112_doa172_3spk.wav,,/home/shaozi/ucl/code/audition_pipeline/ablation_study/baseline/ODAS/results/ODAS_n_loc+sep+pf/odas_outputs/fileid_112,SKIPPED_EXISTING,0,0.0,,,slot1:id2:doa296.6;slot2:id5:doa177.2
113,/home/shaozi/ucl/code/audition_pipeline/data/dataset_4mic_3spk/Eval/mic/mic_fileid_113_doa12_3spk.wav,,/home/shaozi/ucl/code/audition_pipeline/ablation_study/baseline/ODAS/results/ODAS_n_loc+sep+pf/odas_outputs/fileid_113,SKIPPED_EXISTING,0,0.0,,,slot0:id40:doa37.0;slot1:id80:doa200.5;slot2:id93:doa71.3
114,/home/shaozi/ucl/code/audition_pipeline/data/dataset_4mic_3spk/Eval/mic/mic_fileid_114_doa42_3spk.wav,,/home/shaozi/ucl/code/audition_pipeline/ablation_study/baseline/ODAS/results/ODAS_n_loc+sep+pf/odas_outputs/fileid_114,SKIPPED_EXISTING,0,0.0,,,slot0:id13:doa350.3;slot1:id21:doa40.2;slot2:id3:doa260.4
115,/home/shaozi/ucl/code/audition_pipeline/data/dataset_4mic_3spk/Eval/mic/mic_fileid_115_doa10_3spk.wav,,/home/shaozi/ucl/code/audition_pipeline/ablation_study/baseline/ODAS/results/ODAS_n_loc+sep+pf/odas_outputs/fileid_115,SKIPPED_EXISTING,0,0.0,,,slot0:id7:doa197.6;slot1:id2:doa360.0;slot2:id9:doa130.2
116,/home/shaozi/ucl/code/audition_pipeline/data/dataset_4mic_3spk/Eval/mic/mic_fileid_116_doa41_3spk.wav,,/home/shaozi/ucl/code/audition_pipeline/ablation_study/baseline/ODAS/results/ODAS_n_loc+sep+pf/odas_outputs/fileid_116,SKIPPED_EXISTING,0,0.0,,,slot0:id4:doa34.0;slot2:id3:doa160.7
117,/home/shaozi/ucl/code/audition_pipeline/data/dataset_4mic_3spk/Eval/mic/mic_fileid_117_doa283_3spk.wav,,/home/shaozi/ucl/code/audition_pipeline/ablation_study/baseline/ODAS/results/ODAS_n_loc+sep+pf/odas_outputs/fileid_117,SKIPPED_EXISTING,0,0.0,,,slot0:id16:doa337.1;slot1:id21:doa289.3;slot2:id33:doa238.9
118,/home/shaozi/ucl/code/audition_pipeline/data/dataset_4mic_3spk/Eval/mic/mic_fileid_118_doa22_3spk.wav,,/home/shaozi/ucl/code/audition_pipeline/ablation_study/baseline/ODAS/results/ODAS_n_loc+sep+pf/odas_outputs/fileid_118,SKIPPED_EXISTING,0,0.0,,,slot0:id3:doa327.2;slot1:id7:doa209.1;slot2:id5:doa17.8
119,/home/shaozi/ucl/code/audition_pipeline/data/dataset_4mic_3spk/Eval/mic/mic_fileid_119_doa74_3spk.wav,,/home/shaozi/ucl/code/audition_pipeline/ablation_study/baseline/ODAS/results/ODAS_n_loc+sep+pf/odas_outputs/fileid_119,SKIPPED_EXISTING,0,0.0,,,slot0:id4:doa261.8;slot1:id30:doa82.1;slot2:id22:doa310.4
120,/home/shaozi/ucl/code/audition_pipeline/data/dataset_4mic_3spk/Eval/mic/mic_fileid_120_doa2_3spk.wav,,/home/shaozi/ucl/code/audition_pipeline/ablation_study/baseline/ODAS/results/ODAS_n_loc+sep+pf/odas_outputs/fileid_120,SKIPPED_EXISTING,0,0.0,,,slot0:id17:doa258.8;slot1:id21:doa303.6;slot2:id24:doa20.7
121,/home/shaozi/ucl/code/audition_pipeline/data/dataset_4mic_3spk/Eval/mic/mic_fileid_121_doa6_3spk.wav,,/home/shaozi/ucl/code/audition_pipeline/ablation_study/baseline/ODAS/results/ODAS_n_loc+sep+pf/odas_outputs/fileid_121,SKIPPED_EXISTING,0,0.0,,,slot0:id78:doa137.1;slot1:id71:doa5.2;slot2:id86:doa190.4
122,/home/shaozi/ucl/code/audition_pipeline/data/dataset_4mic_3spk/Eval/mic/mic_fileid_122_doa14_3spk.wav,,/home/shaozi/ucl/code/audition_pipeline/ablation_study/baseline/ODAS/results/ODAS_n_loc+sep+pf/odas_outputs/fileid_122,SKIPPED_EXISTING,0,0.0,,,slot0:id55:doa152.4;slot1:id63:doa16.8;slot2:id11:doa295.6
123,/home/shaozi/ucl/code/audition_pipeline/data/dataset_4mic_3spk/Eval/mic/mic_fileid_123_doa174_3spk.wav,,/home/shaozi/ucl/code/audition_pipeline/ablation_study/baseline/ODAS/results/ODAS_n_loc+sep+pf/odas_outputs/fileid_123,SKIPPED_EXISTING,0,0.0,,,slot0:id11:doa170.5;slot1:id2:doa313.4
124,/home/shaozi/ucl/code/audition_pipeline/data/dataset_4mic_3spk/Eval/mic/mic_fileid_124_doa62_3spk.wav,,/home/shaozi/ucl/code/audition_pipeline/ablation_study/baseline/ODAS/results/ODAS_n_loc+sep+pf/odas_outputs/fileid_124,SKIPPED_EXISTING,0,0.0,,,slot0:id4:doa61.3;slot1:id19:doa339.2;slot2:id12:doa258.3
125,/home/shaozi/ucl/code/audition_pipeline/data/dataset_4mic_3spk/Eval/mic/mic_fileid_125_doa76_3spk.wav,,/home/shaozi/ucl/code/audition_pipeline/ablation_study/baseline/ODAS/results/ODAS_n_loc+sep+pf/odas_outputs/fileid_125,SKIPPED_EXISTING,0,0.0,,,slot0:id69:doa73.0;slot1:id2:doa193.1;slot2:id21:doa327.4
126,/home/shaozi/ucl/code/audition_pipeline/data/dataset_4mic_3spk/Eval/mic/mic_fileid_126_doa119_3spk.wav,,/home/shaozi/ucl/code/audition_pipeline/ablation_study/baseline/ODAS/results/ODAS_n_loc+sep+pf/odas_outputs/fileid_126,SKIPPED_EXISTING,0,0.0,,,slot0:id46:doa238.0;slot1:id36:doa118.5;slot2:id4:doa322.7
127,/home/shaozi/ucl/code/audition_pipeline/data/dataset_4mic_3spk/Eval/mic/mic_fileid_127_doa151_3spk.wav,,/home/shaozi/ucl/code/audition_pipeline/ablation_study/baseline/ODAS/results/ODAS_n_loc+sep+pf/odas_outputs/fileid_127,SKIPPED_EXISTING,0,0.0,,,slot0:id68:doa156.9;slot1:id31:doa230.6;slot2:id13:doa170.2
128,/home/shaozi/ucl/code/audition_pipeline/data/dataset_4mic_3spk/Eval/mic/mic_fileid_128_doa219_3spk.wav,,/home/shaozi/ucl/code/audition_pipeline/ablation_study/baseline/ODAS/results/ODAS_n_loc+sep+pf/odas_outputs/fileid_128,SKIPPED_EXISTING,0,0.0,,,slot0:id8:doa218.4;slot1:id9:doa306.6
129,/home/shaozi/ucl/code/audition_pipeline/data/dataset_4mic_3spk/Eval/mic/mic_fileid_129_doa36_3spk.wav,,/home/shaozi/ucl/code/audition_pipeline/ablation_study/baseline/ODAS/results/ODAS_n_loc+sep+pf/odas_outputs/fileid_129,SKIPPED_EXISTING,0,0.0,,,slot0:id7:doa146.4;slot1:id14:doa165.2;slot2:id16:doa143.2
130,/home/shaozi/ucl/code/audition_pipeline/data/dataset_4mic_3spk/Eval/mic/mic_fileid_130_doa67_3spk.wav,,/home/shaozi/ucl/code/audition_pipeline/ablation_study/baseline/ODAS/results/ODAS_n_loc+sep+pf/odas_outputs/fileid_130,SKIPPED_EXISTING,0,0.0,,,slot0:id18:doa296.0;slot1:id2:doa70.6
131,/home/shaozi/ucl/code/audition_pipeline/data/dataset_4mic_3spk/Eval/mic/mic_fileid_131_doa55_3spk.wav,,/home/shaozi/ucl/code/audition_pipeline/ablation_study/baseline/ODAS/results/ODAS_n_loc+sep+pf/odas_outputs/fileid_131,SKIPPED_EXISTING,0,0.0,,,slot0:id13:doa203.5;slot1:id20:doa158.7;slot2:id25:doa53.2
132,/home/shaozi/ucl/code/audition_pipeline/data/dataset_4mic_3spk/Eval/mic/mic_fileid_132_doa43_3spk.wav,,/home/shaozi/ucl/code/audition_pipeline/ablation_study/baseline/ODAS/results/ODAS_n_loc+sep+pf/odas_outputs/fileid_132,SKIPPED_EXISTING,0,0.0,,,slot0:id53:doa38.4;slot1:id58:doa234.2;slot2:id10:doa69.9
133,/home/shaozi/ucl/code/audition_pipeline/data/dataset_4mic_3spk/Eval/mic/mic_fileid_133_doa178_3spk.wav,,/home/shaozi/ucl/code/audition_pipeline/ablation_study/baseline/ODAS/results/ODAS_n_loc+sep+pf/odas_outputs/fileid_133,SKIPPED_EXISTING,0,0.0,,,slot0:id4:doa237.0;slot2:id15:doa336.6
134,/home/shaozi/ucl/code/audition_pipeline/data/dataset_4mic_3spk/Eval/mic/mic_fileid_134_doa125_3spk.wav,,/home/shaozi/ucl/code/audition_pipeline/ablation_study/baseline/ODAS/results/ODAS_n_loc+sep+pf/odas_outputs/fileid_134,SKIPPED_EXISTING,0,0.0,,,slot0:id1:doa128.4;slot1:id4:doa313.3
135,/home/shaozi/ucl/code/audition_pipeline/data/dataset_4mic_3spk/Eval/mic/mic_fileid_135_doa93_3spk.wav,,/home/shaozi/ucl/code/audition_pipeline/ablation_study/baseline/ODAS/results/ODAS_n_loc+sep+pf/odas_outputs/fileid_135,SKIPPED_EXISTING,0,0.0,,,slot0:id18:doa256.5;slot1:id23:doa215.5;slot2:id29:doa88.8
136,/home/shaozi/ucl/code/audition_pipeline/data/dataset_4mic_3spk/Eval/mic/mic_fileid_136_doa59_3spk.wav,,/home/shaozi/ucl/code/audition_pipeline/ablation_study/baseline/ODAS/results/ODAS_n_loc+sep+pf/odas_outputs/fileid_136,SKIPPED_EXISTING,0,0.0,,,slot0:id6:doa230.3;slot2:id3:doa58.2
137,/home/shaozi/ucl/code/audition_pipeline/data/dataset_4mic_3spk/Eval/mic/mic_fileid_137_doa84_3spk.wav,,/home/shaozi/ucl/code/audition_pipeline/ablation_study/baseline/ODAS/results/ODAS_n_loc+sep+pf/odas_outputs/fileid_137,SKIPPED_EXISTING,0,0.0,,,slot0:id3:doa175.3;slot1:id21:doa276.2;slot2:id10:doa84.5
138,/home/shaozi/ucl/code/audition_pipeline/data/dataset_4mic_3spk/Eval/mic/mic_fileid_138_doa68_3spk.wav,,/home/shaozi/ucl/code/audition_pipeline/ablation_study/baseline/ODAS/results/ODAS_n_loc+sep+pf/odas_outputs/fileid_138,SKIPPED_EXISTING,0,0.0,,,slot0:id29:doa61.9;slot1:id11:doa218.4;slot2:id33:doa316.4
139,/home/shaozi/ucl/code/audition_pipeline/data/dataset_4mic_3spk/Eval/mic/mic_fileid_139_doa109_3spk.wav,,/home/shaozi/ucl/code/audition_pipeline/ablation_study/baseline/ODAS/results/ODAS_n_loc+sep+pf/odas_outputs/fileid_139,SKIPPED_EXISTING,0,0.0,,,slot0:id4:doa135.4;slot1:id16:doa298.4
140,/home/shaozi/ucl/code/audition_pipeline/data/dataset_4mic_3spk/Eval/mic/mic_fileid_140_doa211_3spk.wav,,/home/shaozi/ucl/code/audition_pipeline/ablation_study/baseline/ODAS/results/ODAS_n_loc+sep+pf/odas_outputs/fileid_140,SKIPPED_EXISTING,0,0.0,,,slot0:id8:doa233.6;slot1:id2:doa196.4;slot2:id4:doa338.4
141,/home/shaozi/ucl/code/audition_pipeline/data/dataset_4mic_3spk/Eval/mic/mic_fileid_141_doa54_3spk.wav,,/home/shaozi/ucl/code/audition_pipeline/ablation_study/baseline/ODAS/results/ODAS_n_loc+sep+pf/odas_outputs/fileid_141,SKIPPED_EXISTING,0,0.0,,,slot0:id1:doa342.4;slot1:id10:doa99.4;slot2:id5:doa50.9
142,/home/shaozi/ucl/code/audition_pipeline/data/dataset_4mic_3spk/Eval/mic/mic_fileid_142_doa64_3spk.wav,,/home/shaozi/ucl/code/audition_pipeline/ablation_study/baseline/ODAS/results/ODAS_n_loc+sep+pf/odas_outputs/fileid_142,SKIPPED_EXISTING,0,0.0,,,slot0:id4:doa167.9;slot1:id14:doa62.8;slot2:id35:doa182.0
143,/home/shaozi/ucl/code/audition_pipeline/data/dataset_4mic_3spk/Eval/mic/mic_fileid_143_doa172_3spk.wav,,/home/shaozi/ucl/code/audition_pipeline/ablation_study/baseline/ODAS/results/ODAS_n_loc+sep+pf/odas_outputs/fileid_143,SKIPPED_EXISTING,0,0.0,,,slot0:id29:doa173.3;slot1:id17:doa338.6;slot2:id50:doa119.8
144,/home/shaozi/ucl/code/audition_pipeline/data/dataset_4mic_3spk/Eval/mic/mic_fileid_144_doa170_3spk.wav,,/home/shaozi/ucl/code/audition_pipeline/ablation_study/baseline/ODAS/results/ODAS_n_loc+sep+pf/odas_outputs/fileid_144,SKIPPED_EXISTING,0,0.0,,,slot0:id4:doa171.7;slot1:id7:doa245.9
145,/home/shaozi/ucl/code/audition_pipeline/data/dataset_4mic_3spk/Eval/mic/mic_fileid_145_doa40_3spk.wav,,/home/shaozi/ucl/code/audition_pipeline/ablation_study/baseline/ODAS/results/ODAS_n_loc+sep+pf/odas_outputs/fileid_145,SKIPPED_EXISTING,0,0.0,,,slot0:id7:doa40.5;slot1:id25:doa319.3;slot2:id24:doa96.4
146,/home/shaozi/ucl/code/audition_pipeline/data/dataset_4mic_3spk/Eval/mic/mic_fileid_146_doa55_3spk.wav,,/home/shaozi/ucl/code/audition_pipeline/ablation_study/baseline/ODAS/results/ODAS_n_loc+sep+pf/odas_outputs/fileid_146,SKIPPED_EXISTING,0,0.0,,,slot0:id20:doa50.1;slot2:id38:doa169.3
147,/home/shaozi/ucl/code/audition_pipeline/data/dataset_4mic_3spk/Eval/mic/mic_fileid_147_doa111_3spk.wav,,/home/shaozi/ucl/code/audition_pipeline/ablation_study/baseline/ODAS/results/ODAS_n_loc+sep+pf/odas_outputs/fileid_147,SKIPPED_EXISTING,0,0.0,,,slot0:id6:doa168.5;slot1:id9:doa326.4;slot2:id3:doa95.9
148,/home/shaozi/ucl/code/audition_pipeline/data/dataset_4mic_3spk/Eval/mic/mic_fileid_148_doa52_3spk.wav,,/home/shaozi/ucl/code/audition_pipeline/ablation_study/baseline/ODAS/results/ODAS_n_loc+sep+pf/odas_outputs/fileid_148,SKIPPED_EXISTING,0,0.0,,,slot0:id26:doa50.1;slot1:id52:doa208.4;slot2:id80:doa181.8
149,/home/shaozi/ucl/code/audition_pipeline/data/dataset_4mic_3spk/Eval/mic/mic_fileid_149_doa92_3spk.wav,,/home/shaozi/ucl/code/audition_pipeline/ablation_study/baseline/ODAS/results/ODAS_n_loc+sep+pf/odas_outputs/fileid_149,SKIPPED_EXISTING,0,0.0,,,slot0:id2:doa95.4;slot1:id48:doa166.7;slot2:id52:doa247.9
150,/home/shaozi/ucl/code/audition_pipeline/data/dataset_4mic_3spk/Eval/mic/mic_fileid_150_doa91_3spk.wav,,/home/shaozi/ucl/code/audition_pipeline/ablation_study/baseline/ODAS/results/ODAS_n_loc+sep+pf/odas_outputs/fileid_150,SKIPPED_EXISTING,0,0.0,,,slot0:id13:doa219.5;slot1:id2:doa85.0
151,/home/shaozi/ucl/code/audition_pipeline/data/dataset_4mic_3spk/Eval/mic/mic_fileid_151_doa83_3spk.wav,,/home/shaozi/ucl/code/audition_pipeline/ablation_study/baseline/ODAS/results/ODAS_n_loc+sep+pf/odas_outputs/fileid_151,SKIPPED_EXISTING,0,0.0,,,slot0:id4:doa63.3;slot1:id18:doa293.7;slot2:id11:doa186.4
152,/home/shaozi/ucl/code/audition_pipeline/data/dataset_4mic_3spk/Eval/mic/mic_fileid_152_doa81_3spk.wav,,/home/shaozi/ucl/code/audition_pipeline/ablation_study/baseline/ODAS/results/ODAS_n_loc+sep+pf/odas_outputs/fileid_152,SKIPPED_EXISTING,0,0.0,,,slot0:id1:doa83.9;slot2:id39:doa261.2
153,/home/shaozi/ucl/code/audition_pipeline/data/dataset_4mic_3spk/Eval/mic/mic_fileid_153_doa13_3spk.wav,,/home/shaozi/ucl/code/audition_pipeline/ablation_study/baseline/ODAS/results/ODAS_n_loc+sep+pf/odas_outputs/fileid_153,SKIPPED_EXISTING,0,0.0,,,slot0:id4:doa27.6;slot1:id8:doa100.6;slot2:id25:doa332.3
154,/home/shaozi/ucl/code/audition_pipeline/data/dataset_4mic_3spk/Eval/mic/mic_fileid_154_doa109_3spk.wav,,/home/shaozi/ucl/code/audition_pipeline/ablation_study/baseline/ODAS/results/ODAS_n_loc+sep+pf/odas_outputs/fileid_154,SKIPPED_EXISTING,0,0.0,,,slot0:id8:doa270.4;slot1:id62:doa211.8;slot2:id42:doa103.2
155,/home/shaozi/ucl/code/audition_pipeline/data/dataset_4mic_3spk/Eval/mic/mic_fileid_155_doa4_3spk.wav,,/home/shaozi/ucl/code/audition_pipeline/ablation_study/baseline/ODAS/results/ODAS_n_loc+sep+pf/odas_outputs/fileid_155,SKIPPED_EXISTING,0,0.0,,,slot0:id11:doa170.5;slot1:id24:doa251.2
156,/home/shaozi/ucl/code/audition_pipeline/data/dataset_4mic_3spk/Eval/mic/mic_fileid_156_doa54_3spk.wav,,/home/shaozi/ucl/code/audition_pipeline/ablation_study/baseline/ODAS/results/ODAS_n_loc+sep+pf/odas_outputs/fileid_156,SKIPPED_EXISTING,0,0.0,,,slot0:id33:doa168.5;slot1:id50:doa247.9;slot2:id59:doa50.5
157,/home/shaozi/ucl/code/audition_pipeline/data/dataset_4mic_3spk/Eval/mic/mic_fileid_157_doa8_3spk.wav,,/home/shaozi/ucl/code/audition_pipeline/ablation_study/baseline/ODAS/results/ODAS_n_loc+sep+pf/odas_outputs/fileid_157,SKIPPED_EXISTING,0,0.0,,,slot0:id10:doa14.8;slot1:id37:doa142.7;slot2:id40:doa312.4
158,/home/shaozi/ucl/code/audition_pipeline/data/dataset_4mic_3spk/Eval/mic/mic_fileid_158_doa77_3spk.wav,,/home/shaozi/ucl/code/audition_pipeline/ablation_study/baseline/ODAS/results/ODAS_n_loc+sep+pf/odas_outputs/fileid_158,SKIPPED_EXISTING,0,0.0,,,slot0:id24:doa27.2;slot1:id5:doa45.8;slot2:id7:doa244.8
159,/home/shaozi/ucl/code/audition_pipeline/data/dataset_4mic_3spk/Eval/mic/mic_fileid_159_doa31_3spk.wav,,/home/shaozi/ucl/code/audition_pipeline/ablation_study/baseline/ODAS/results/ODAS_n_loc+sep+pf/odas_outputs/fileid_159,SKIPPED_EXISTING,0,0.0,,,slot0:id1:doa36.3;slot1:id15:doa218.4;slot2:id38:doa294.2
160,/home/shaozi/ucl/code/audition_pipeline/data/dataset_4mic_3spk/Eval/mic/mic_fileid_160_doa141_3spk.wav,,/home/shaozi/ucl/code/audition_pipeline/ablation_study/baseline/ODAS/results/ODAS_n_loc+sep+pf/odas_outputs/fileid_160,SKIPPED_EXISTING,0,0.0,,,slot0:id11:doa192.4;slot1:id49:doa353.6;slot2:id3:doa144.7
161,/home/shaozi/ucl/code/audition_pipeline/data/dataset_4mic_3spk/Eval/mic/mic_fileid_161_doa59_3spk.wav,,/home/shaozi/ucl/code/audition_pipeline/ablation_study/baseline/ODAS/results/ODAS_n_loc+sep+pf/odas_outputs/fileid_161,SKIPPED_EXISTING,0,0.0,,,slot0:id43:doa235.3;slot1:id2:doa308.8;slot2:id56:doa56.1
162,/home/shaozi/ucl/code/audition_pipeline/data/dataset_4mic_3spk/Eval/mic/mic_fileid_162_doa43_3spk.wav,,/home/shaozi/ucl/code/audition_pipeline/ablation_study/baseline/ODAS/results/ODAS_n_loc+sep+pf/odas_outputs/fileid_162,SKIPPED_EXISTING,0,0.0,,,slot0:id9:doa94.5;slot1:id16:doa355.2;slot2:id32:doa40.2
163,/home/shaozi/ucl/code/audition_pipeline/data/dataset_4mic_3spk/Eval/mic/mic_fileid_163_doa154_3spk.wav,,/home/shaozi/ucl/code/audition_pipeline/ablation_study/baseline/ODAS/results/ODAS_n_loc+sep+pf/odas_outputs/fileid_163,SKIPPED_EXISTING,0,0.0,,,slot0:id14:doa309.7;slot1:id22:doa19.6;slot2:id19:doa149.5
164,/home/shaozi/ucl/code/audition_pipeline/data/dataset_4mic_3spk/Eval/mic/mic_fileid_164_doa84_3spk.wav,,/home/shaozi/ucl/code/audition_pipeline/ablation_study/baseline/ODAS/results/ODAS_n_loc+sep+pf/odas_outputs/fileid_164,SKIPPED_EXISTING,0,0.0,,,slot1:id2:doa98.5
165,/home/shaozi/ucl/code/audition_pipeline/data/dataset_4mic_3spk/Eval/mic/mic_fileid_165_doa32_3spk.wav,,/home/shaozi/ucl/code/audition_pipeline/ablation_study/baseline/ODAS/results/ODAS_n_loc+sep+pf/odas_outputs/fileid_165,SKIPPED_EXISTING,0,0.0,,,slot0:id15:doa28.9;slot1:id33:doa87.6;slot2:id44:doa273.7
166,/home/shaozi/ucl/code/audition_pipeline/data/dataset_4mic_3spk/Eval/mic/mic_fileid_166_doa59_3spk.wav,,/home/shaozi/ucl/code/audition_pipeline/ablation_study/baseline/ODAS/results/ODAS_n_loc+sep+pf/odas_outputs/fileid_166,SKIPPED_EXISTING,0,0.0,,,slot0:id17:doa106.2;slot1:id49:doa55.7;slot2:id46:doa319.7
167,/home/shaozi/ucl/code/audition_pipeline/data/dataset_4mic_3spk/Eval/mic/mic_fileid_167_doa27_3spk.wav,,/home/shaozi/ucl/code/audition_pipeline/ablation_study/baseline/ODAS/results/ODAS_n_loc+sep+pf/odas_outputs/fileid_167,SKIPPED_EXISTING,0,0.0,,,slot0:id21:doa31.7;slot1:id47:doa301.7;slot2:id88:doa137.5
168,/home/shaozi/ucl/code/audition_pipeline/data/dataset_4mic_3spk/Eval/mic/mic_fileid_168_doa134_3spk.wav,,/home/shaozi/ucl/code/audition_pipeline/ablation_study/baseline/ODAS/results/ODAS_n_loc+sep+pf/odas_outputs/fileid_168,SKIPPED_EXISTING,0,0.0,,,slot0:id5:doa346.3;slot1:id26:doa153.8
169,/home/shaozi/ucl/code/audition_pipeline/data/dataset_4mic_3spk/Eval/mic/mic_fileid_169_doa149_3spk.wav,,/home/shaozi/ucl/code/audition_pipeline/ablation_study/baseline/ODAS/results/ODAS_n_loc+sep+pf/odas_outputs/fileid_169,SKIPPED_EXISTING,0,0.0,,,slot0:id2:doa267.1;slot1:id23:doa282.4;slot2:id10:doa147.2
170,/home/shaozi/ucl/code/audition_pipeline/data/dataset_4mic_3spk/Eval/mic/mic_fileid_170_doa57_3spk.wav,,/home/shaozi/ucl/code/audition_pipeline/ablation_study/baseline/ODAS/results/ODAS_n_loc+sep+pf/odas_outputs/fileid_170,SKIPPED_EXISTING,0,0.0,,,slot0:id4:doa135.9;slot1:id15:doa329.3;slot2:id7:doa54.2
171,/home/shaozi/ucl/code/audition_pipeline/data/dataset_4mic_3spk/Eval/mic/mic_fileid_171_doa66_3spk.wav,,/home/shaozi/ucl/code/audition_pipeline/ablation_study/baseline/ODAS/results/ODAS_n_loc+sep+pf/odas_outputs/fileid_171,SKIPPED_EXISTING,0,0.0,,,slot0:id4:doa7.9;slot2:id46:doa239.8
172,/home/shaozi/ucl/code/audition_pipeline/data/dataset_4mic_3spk/Eval/mic/mic_fileid_172_doa1_3spk.wav,,/home/shaozi/ucl/code/audition_pipeline/ablation_study/baseline/ODAS/results/ODAS_n_loc+sep+pf/odas_outputs/fileid_172,SKIPPED_EXISTING,0,0.0,,,slot0:id39:doa239.9;slot1:id17:doa280.3;slot2:id46:doa357.6
173,/home/shaozi/ucl/code/audition_pipeline/data/dataset_4mic_3spk/Eval/mic/mic_fileid_173_doa42_3spk.wav,,/home/shaozi/ucl/code/audition_pipeline/ablation_study/baseline/ODAS/results/ODAS_n_loc+sep+pf/odas_outputs/fileid_173,SKIPPED_EXISTING,0,0.0,,,slot0:id6:doa41.3;slot1:id8:doa146.6;slot2:id11:doa88.6
174,/home/shaozi/ucl/code/audition_pipeline/data/dataset_4mic_3spk/Eval/mic/mic_fileid_174_doa166_3spk.wav,,/home/shaozi/ucl/code/audition_pipeline/ablation_study/baseline/ODAS/results/ODAS_n_loc+sep+pf/odas_outputs/fileid_174,SKIPPED_EXISTING,0,0.0,,,slot0:id9:doa169.6;slot1:id2:doa329.2;slot2:id57:doa315.5
175,/home/shaozi/ucl/code/audition_pipeline/data/dataset_4mic_3spk/Eval/mic/mic_fileid_175_doa16_3spk.wav,,/home/shaozi/ucl/code/audition_pipeline/ablation_study/baseline/ODAS/results/ODAS_n_loc+sep+pf/odas_outputs/fileid_175,SKIPPED_EXISTING,0,0.0,,,slot0:id27:doa12.8;slot1:id35:doa152.2;slot2:id4:doa297.5
176,/home/shaozi/ucl/code/audition_pipeline/data/dataset_4mic_3spk/Eval/mic/mic_fileid_176_doa208_3spk.wav,,/home/shaozi/ucl/code/audition_pipeline/ablation_study/baseline/ODAS/results/ODAS_n_loc+sep+pf/odas_outputs/fileid_176,SKIPPED_EXISTING,0,0.0,,,slot1:id2:doa218.5;slot2:id6:doa275.0
177,/home/shaozi/ucl/code/audition_pipeline/data/dataset_4mic_3spk/Eval/mic/mic_fileid_177_doa189_3spk.wav,,/home/shaozi/ucl/code/audition_pipeline/ablation_study/baseline/ODAS/results/ODAS_n_loc+sep+pf/odas_outputs/fileid_177,SKIPPED_EXISTING,0,0.0,,,slot1:id13:doa190.9;slot2:id3:doa298.9
178,/home/shaozi/ucl/code/audition_pipeline/data/dataset_4mic_3spk/Eval/mic/mic_fileid_178_doa161_3spk.wav,,/home/shaozi/ucl/code/audition_pipeline/ablation_study/baseline/ODAS/results/ODAS_n_loc+sep+pf/odas_outputs/fileid_178,SKIPPED_EXISTING,0,0.0,,,slot0:id6:doa22.9;slot1:id12:doa292.6;slot2:id22:doa333.1
179,/home/shaozi/ucl/code/audition_pipeline/data/dataset_4mic_3spk/Eval/mic/mic_fileid_179_doa105_3spk.wav,,/home/shaozi/ucl/code/audition_pipeline/ablation_study/baseline/ODAS/results/ODAS_n_loc+sep+pf/odas_outputs/fileid_179,SKIPPED_EXISTING,0,0.0,,,slot0:id84:doa180.7;slot1:id56:doa102.9
180,/home/shaozi/ucl/code/audition_pipeline/data/dataset_4mic_3spk/Eval/mic/mic_fileid_180_doa24_3spk.wav,,/home/shaozi/ucl/code/audition_pipeline/ablation_study/baseline/ODAS/results/ODAS_n_loc+sep+pf/odas_outputs/fileid_180,SKIPPED_EXISTING,0,0.0,,,slot0:id4:doa214.1;slot1:id2:doa270.3;slot2:id23:doa25.0
181,/home/shaozi/ucl/code/audition_pipeline/data/dataset_4mic_3spk/Eval/mic/mic_fileid_181_doa88_3spk.wav,,/home/shaozi/ucl/code/audition_pipeline/ablation_study/baseline/ODAS/results/ODAS_n_loc+sep+pf/odas_outputs/fileid_181,SKIPPED_EXISTING,0,0.0,,,slot0:id1:doa201.0;slot1:id8:doa176.1;slot2:id30:doa87.8
182,/home/shaozi/ucl/code/audition_pipeline/data/dataset_4mic_3spk/Eval/mic/mic_fileid_182_doa130_3spk.wav,,/home/shaozi/ucl/code/audition_pipeline/ablation_study/baseline/ODAS/results/ODAS_n_loc+sep+pf/odas_outputs/fileid_182,SKIPPED_EXISTING,0,0.0,,,slot0:id9:doa342.3;slot1:id28:doa208.5;slot2:id34:doa123.5
183,/home/shaozi/ucl/code/audition_pipeline/data/dataset_4mic_3spk/Eval/mic/mic_fileid_183_doa59_3spk.wav,,/home/shaozi/ucl/code/audition_pipeline/ablation_study/baseline/ODAS/results/ODAS_n_loc+sep+pf/odas_outputs/fileid_183,SKIPPED_EXISTING,0,0.0,,,slot0:id1:doa309.9;slot1:id2:doa60.2;slot2:id3:doa245.7
184,/home/shaozi/ucl/code/audition_pipeline/data/dataset_4mic_3spk/Eval/mic/mic_fileid_184_doa65_3spk.wav,,/home/shaozi/ucl/code/audition_pipeline/ablation_study/baseline/ODAS/results/ODAS_n_loc+sep+pf/odas_outputs/fileid_184,SKIPPED_EXISTING,0,0.0,,,slot0:id1:doa287.0;slot1:id30:doa67.1
185,/home/shaozi/ucl/code/audition_pipeline/data/dataset_4mic_3spk/Eval/mic/mic_fileid_185_doa35_3spk.wav,,/home/shaozi/ucl/code/audition_pipeline/ablation_study/baseline/ODAS/results/ODAS_n_loc+sep+pf/odas_outputs/fileid_185,SKIPPED_EXISTING,0,0.0,,,slot0:id64:doa29.3;slot1:id76:doa134.0;slot2:id79:doa186.2
186,/home/shaozi/ucl/code/audition_pipeline/data/dataset_4mic_3spk/Eval/mic/mic_fileid_186_doa43_3spk.wav,,/home/shaozi/ucl/code/audition_pipeline/ablation_study/baseline/ODAS/results/ODAS_n_loc+sep+pf/odas_outputs/fileid_186,SKIPPED_EXISTING,0,0.0,,,slot0:id3:doa240.6;slot1:id21:doa169.1;slot2:id49:doa32.0
187,/home/shaozi/ucl/code/audition_pipeline/data/dataset_4mic_3spk/Eval/mic/mic_fileid_187_doa136_3spk.wav,,/home/shaozi/ucl/code/audition_pipeline/ablation_study/baseline/ODAS/results/ODAS_n_loc+sep+pf/odas_outputs/fileid_187,SKIPPED_EXISTING,0,0.0,,,slot0:id3:doa136.5;slot1:id37:doa342.4;slot2:id27:doa234.7
188,/home/shaozi/ucl/code/audition_pipeline/data/dataset_4mic_3spk/Eval/mic/mic_fileid_188_doa42_3spk.wav,,/home/shaozi/ucl/code/audition_pipeline/ablation_study/baseline/ODAS/results/ODAS_n_loc+sep+pf/odas_outputs/fileid_188,SKIPPED_EXISTING,0,0.0,,,slot0:id9:doa248.7;slot1:id17:doa52.4;slot2:id4:doa92.8
189,/home/shaozi/ucl/code/audition_pipeline/data/dataset_4mic_3spk/Eval/mic/mic_fileid_189_doa19_3spk.wav,,/home/shaozi/ucl/code/audition_pipeline/ablation_study/baseline/ODAS/results/ODAS_n_loc+sep+pf/odas_outputs/fileid_189,SKIPPED_EXISTING,0,0.0,,,slot0:id10:doa31.8;slot1:id11:doa308.0
190,/home/shaozi/ucl/code/audition_pipeline/data/dataset_4mic_3spk/Eval/mic/mic_fileid_190_doa23_3spk.wav,,/home/shaozi/ucl/code/audition_pipeline/ablation_study/baseline/ODAS/results/ODAS_n_loc+sep+pf/odas_outputs/fileid_190,SKIPPED_EXISTING,0,0.0,,,slot0:id5:doa30.7;slot1:id32:doa98.0;slot2:id14:doa178.2
191,/home/shaozi/ucl/code/audition_pipeline/data/dataset_4mic_3spk/Eval/mic/mic_fileid_191_doa169_3spk.wav,,/home/shaozi/ucl/code/audition_pipeline/ablation_study/baseline/ODAS/results/ODAS_n_loc+sep+pf/odas_outputs/fileid_191,SKIPPED_EXISTING,0,0.0,,,slot0:id1:doa166.9;slot1:id7:doa303.4
192,/home/shaozi/ucl/code/audition_pipeline/data/dataset_4mic_3spk/Eval/mic/mic_fileid_192_doa84_3spk.wav,,/home/shaozi/ucl/code/audition_pipeline/ablation_study/baseline/ODAS/results/ODAS_n_loc+sep+pf/odas_outputs/fileid_192,SKIPPED_EXISTING,0,0.0,,,slot0:id7:doa349.3;slot1:id2:doa84.3;slot2:id17:doa350.6
193,/home/shaozi/ucl/code/audition_pipeline/data/dataset_4mic_3spk/Eval/mic/mic_fileid_193_doa66_3spk.wav,,/home/shaozi/ucl/code/audition_pipeline/ablation_study/baseline/ODAS/results/ODAS_n_loc+sep+pf/odas_outputs/fileid_193,SKIPPED_EXISTING,0,0.0,,,slot1:id19:doa227.0;slot2:id11:doa83.8
194,/home/shaozi/ucl/code/audition_pipeline/data/dataset_4mic_3spk/Eval/mic/mic_fileid_194_doa63_3spk.wav,,/home/shaozi/ucl/code/audition_pipeline/ablation_study/baseline/ODAS/results/ODAS_n_loc+sep+pf/odas_outputs/fileid_194,SKIPPED_EXISTING,0,0.0,,,slot0:id3:doa279.4;slot1:id30:doa74.9
195,/home/shaozi/ucl/code/audition_pipeline/data/dataset_4mic_3spk/Eval/mic/mic_fileid_195_doa40_3spk.wav,,/home/shaozi/ucl/code/audition_pipeline/ablation_study/baseline/ODAS/results/ODAS_n_loc+sep+pf/odas_outputs/fileid_195,SKIPPED_EXISTING,0,0.0,,,slot0:id12:doa223.1;slot1:id26:doa72.6
196,/home/shaozi/ucl/code/audition_pipeline/data/dataset_4mic_3spk/Eval/mic/mic_fileid_196_doa50_3spk.wav,,/home/shaozi/ucl/code/audition_pipeline/ablation_study/baseline/ODAS/results/ODAS_n_loc+sep+pf/odas_outputs/fileid_196,SKIPPED_EXISTING,0,0.0,,,slot0:id5:doa44.5;slot1:id35:doa336.2;slot2:id7:doa108.1
197,/home/shaozi/ucl/code/audition_pipeline/data/dataset_4mic_3spk/Eval/mic/mic_fileid_197_doa7_3spk.wav,,/home/shaozi/ucl/code/audition_pipeline/ablation_study/baseline/ODAS/results/ODAS_n_loc+sep+pf/odas_outputs/fileid_197,SKIPPED_EXISTING,0,0.0,,,slot0:id10:doa23.9;slot1:id2:doa317.8;slot2:id21:doa123.0
198,/home/shaozi/ucl/code/audition_pipeline/data/dataset_4mic_3spk/Eval/mic/mic_fileid_198_doa5_3spk.wav,,/home/shaozi/ucl/code/audition_pipeline/ablation_study/baseline/ODAS/results/ODAS_n_loc+sep+pf/odas_outputs/fileid_198,SKIPPED_EXISTING,0,0.0,,,slot1:id6:doa109.8;slot2:id13:doa359.2
199,/home/shaozi/ucl/code/audition_pipeline/data/dataset_4mic_3spk/Eval/mic/mic_fileid_199_doa56_3spk.wav,,/home/shaozi/ucl/code/audition_pipeline/ablation_study/baseline/ODAS/results/ODAS_n_loc+sep+pf/odas_outputs/fileid_199,SKIPPED_EXISTING,0,0.0,,,slot0:id10:doa196.0;slot1:id22:doa263.8;slot2:id25:doa71.4
200,/home/shaozi/ucl/code/audition_pipeline/data/dataset_4mic_3spk/Eval/mic/mic_fileid_200_doa103_3spk.wav,,/home/shaozi/ucl/code/audition_pipeline/ablation_study/baseline/ODAS/results/ODAS_n_loc+sep+pf/odas_outputs/fileid_200,SKIPPED_EXISTING,0,0.0,,,slot1:id2:doa228.8;slot2:id10:doa312.3
201,/home/shaozi/ucl/code/audition_pipeline/data/dataset_4mic_3spk/Eval/mic/mic_fileid_201_doa27_3spk.wav,,/home/shaozi/ucl/code/audition_pipeline/ablation_study/baseline/ODAS/results/ODAS_n_loc+sep+pf/odas_outputs/fileid_201,SKIPPED_EXISTING,0,0.0,,,slot0:id1:doa105.4;slot2:id6:doa21.2
202,/home/shaozi/ucl/code/audition_pipeline/data/dataset_4mic_3spk/Eval/mic/mic_fileid_202_doa79_3spk.wav,,/home/shaozi/ucl/code/audition_pipeline/ablation_study/baseline/ODAS/results/ODAS_n_loc+sep+pf/odas_outputs/fileid_202,SKIPPED_EXISTING,0,0.0,,,slot0:id1:doa81.1;slot1:id10:doa175.6;slot2:id5:doa224.2
203,/home/shaozi/ucl/code/audition_pipeline/data/dataset_4mic_3spk/Eval/mic/mic_fileid_203_doa25_3spk.wav,,/home/shaozi/ucl/code/audition_pipeline/ablation_study/baseline/ODAS/results/ODAS_n_loc+sep+pf/odas_outputs/fileid_203,SKIPPED_EXISTING,0,0.0,,,slot0:id11:doa92.8;slot1:id15:doa23.0;slot2:id22:doa268.5
204,/home/shaozi/ucl/code/audition_pipeline/data/dataset_4mic_3spk/Eval/mic/mic_fileid_204_doa190_3spk.wav,,/home/shaozi/ucl/code/audition_pipeline/ablation_study/baseline/ODAS/results/ODAS_n_loc+sep+pf/odas_outputs/fileid_204,SKIPPED_EXISTING,0,0.0,,,slot0:id19:doa191.5;slot1:id2:doa320.9;slot2:id7:doa260.9
205,/home/shaozi/ucl/code/audition_pipeline/data/dataset_4mic_3spk/Eval/mic/mic_fileid_205_doa68_3spk.wav,,/home/shaozi/ucl/code/audition_pipeline/ablation_study/baseline/ODAS/results/ODAS_n_loc+sep+pf/odas_outputs/fileid_205,SKIPPED_EXISTING,0,0.0,,,slot0:id10:doa72.6;slot1:id14:doa83.5;slot2:id3:doa178.6
206,/home/shaozi/ucl/code/audition_pipeline/data/dataset_4mic_3spk/Eval/mic/mic_fileid_206_doa56_3spk.wav,,/home/shaozi/ucl/code/audition_pipeline/ablation_study/baseline/ODAS/results/ODAS_n_loc+sep+pf/odas_outputs/fileid_206,SKIPPED_EXISTING,0,0.0,,,slot0:id24:doa59.2;slot1:id2:doa123.0;slot2:id44:doa268.7
207,/home/shaozi/ucl/code/audition_pipeline/data/dataset_4mic_3spk/Eval/mic/mic_fileid_207_doa138_3spk.wav,,/home/shaozi/ucl/code/audition_pipeline/ablation_study/baseline/ODAS/results/ODAS_n_loc+sep+pf/odas_outputs/fileid_207,SKIPPED_EXISTING,0,0.0,,,slot0:id26:doa306.0;slot1:id5:doa126.3;slot2:id12:doa223.5
208,/home/shaozi/ucl/code/audition_pipeline/data/dataset_4mic_3spk/Eval/mic/mic_fileid_208_doa73_3spk.wav,,/home/shaozi/ucl/code/audition_pipeline/ablation_study/baseline/ODAS/results/ODAS_n_loc+sep+pf/odas_outputs/fileid_208,SKIPPED_EXISTING,0,0.0,,,slot0:id47:doa225.8;slot1:id23:doa276.1;slot2:id45:doa83.7
209,/home/shaozi/ucl/code/audition_pipeline/data/dataset_4mic_3spk/Eval/mic/mic_fileid_209_doa17_3spk.wav,,/home/shaozi/ucl/code/audition_pipeline/ablation_study/baseline/ODAS/results/ODAS_n_loc+sep+pf/odas_outputs/fileid_209,SKIPPED_EXISTING,0,0.0,,,slot0:id30:doa17.8;slot1:id31:doa87.2;slot2:id3:doa265.9
210,/home/shaozi/ucl/code/audition_pipeline/data/dataset_4mic_3spk/Eval/mic/mic_fileid_210_doa278_3spk.wav,,/home/shaozi/ucl/code/audition_pipeline/ablation_study/baseline/ODAS/results/ODAS_n_loc+sep+pf/odas_outputs/fileid_210,SKIPPED_EXISTING,0,0.0,,,slot0:id20:doa346.1;slot1:id9:doa290.2;slot2:id32:doa120.5
211,/home/shaozi/ucl/code/audition_pipeline/data/dataset_4mic_3spk/Eval/mic/mic_fileid_211_doa55_3spk.wav,,/home/shaozi/ucl/code/audition_pipeline/ablation_study/baseline/ODAS/results/ODAS_n_loc+sep+pf/odas_outputs/fileid_211,SKIPPED_EXISTING,0,0.0,,,slot0:id4:doa67.8;slot1:id51:doa173.0
212,/home/shaozi/ucl/code/audition_pipeline/data/dataset_4mic_3spk/Eval/mic/mic_fileid_212_doa75_3spk.wav,,/home/shaozi/ucl/code/audition_pipeline/ablation_study/baseline/ODAS/results/ODAS_n_loc+sep+pf/odas_outputs/fileid_212,SKIPPED_EXISTING,0,0.0,,,slot0:id49:doa75.9;slot1:id84:doa330.8;slot2:id87:doa290.9
213,/home/shaozi/ucl/code/audition_pipeline/data/dataset_4mic_3spk/Eval/mic/mic_fileid_213_doa78_3spk.wav,,/home/shaozi/ucl/code/audition_pipeline/ablation_study/baseline/ODAS/results/ODAS_n_loc+sep+pf/odas_outputs/fileid_213,SKIPPED_EXISTING,0,0.0,,,slot0:id1:doa191.4;slot1:id38:doa92.5;slot2:id17:doa262.9
214,/home/shaozi/ucl/code/audition_pipeline/data/dataset_4mic_3spk/Eval/mic/mic_fileid_214_doa74_3spk.wav,,/home/shaozi/ucl/code/audition_pipeline/ablation_study/baseline/ODAS/results/ODAS_n_loc+sep+pf/odas_outputs/fileid_214,SKIPPED_EXISTING,0,0.0,,,slot0:id9:doa72.1;slot1:id17:doa287.4;slot2:id25:doa169.3
215,/home/shaozi/ucl/code/audition_pipeline/data/dataset_4mic_3spk/Eval/mic/mic_fileid_215_doa77_3spk.wav,,/home/shaozi/ucl/code/audition_pipeline/ablation_study/baseline/ODAS/results/ODAS_n_loc+sep+pf/odas_outputs/fileid_215,SKIPPED_EXISTING,0,0.0,,,slot0:id50:doa86.4;slot1:id2:doa168.1;slot2:id20:doa264.5
216,/home/shaozi/ucl/code/audition_pipeline/data/dataset_4mic_3spk/Eval/mic/mic_fileid_216_doa82_3spk.wav,,/home/shaozi/ucl/code/audition_pipeline/ablation_study/baseline/ODAS/results/ODAS_n_loc+sep+pf/odas_outputs/fileid_216,SKIPPED_EXISTING,0,0.0,,,slot0:id10:doa258.8;slot1:id11:doa263.2;slot2:id18:doa335.2
217,/home/shaozi/ucl/code/audition_pipeline/data/dataset_4mic_3spk/Eval/mic/mic_fileid_217_doa95_3spk.wav,,/home/shaozi/ucl/code/audition_pipeline/ablation_study/baseline/ODAS/results/ODAS_n_loc+sep+pf/odas_outputs/fileid_217,SKIPPED_EXISTING,0,0.0,,,slot0:id50:doa92.9;slot1:id47:doa183.1;slot2:id9:doa281.1
218,/home/shaozi/ucl/code/audition_pipeline/data/dataset_4mic_3spk/Eval/mic/mic_fileid_218_doa157_3spk.wav,,/home/shaozi/ucl/code/audition_pipeline/ablation_study/baseline/ODAS/results/ODAS_n_loc+sep+pf/odas_outputs/fileid_218,SKIPPED_EXISTING,0,0.0,,,slot0:id40:doa160.6;slot2:id44:doa322.3
219,/home/shaozi/ucl/code/audition_pipeline/data/dataset_4mic_3spk/Eval/mic/mic_fileid_219_doa56_3spk.wav,,/home/shaozi/ucl/code/audition_pipeline/ablation_study/baseline/ODAS/results/ODAS_n_loc+sep+pf/odas_outputs/fileid_219,SKIPPED_EXISTING,0,0.0,,,slot0:id21:doa106.4;slot1:id28:doa54.9;slot2:id45:doa312.3
220,/home/shaozi/ucl/code/audition_pipeline/data/dataset_4mic_3spk/Eval/mic/mic_fileid_220_doa23_3spk.wav,,/home/shaozi/ucl/code/audition_pipeline/ablation_study/baseline/ODAS/results/ODAS_n_loc+sep+pf/odas_outputs/fileid_220,SKIPPED_EXISTING,0,0.0,,,slot0:id4:doa237.0;slot1:id24:doa22.8;slot2:id16:doa332.3
221,/home/shaozi/ucl/code/audition_pipeline/data/dataset_4mic_3spk/Eval/mic/mic_fileid_221_doa91_3spk.wav,,/home/shaozi/ucl/code/audition_pipeline/ablation_study/baseline/ODAS/results/ODAS_n_loc+sep+pf/odas_outputs/fileid_221,SKIPPED_EXISTING,0,0.0,,,slot0:id6:doa282.8;slot1:id29:doa88.5;slot2:id42:doa218.8
222,/home/shaozi/ucl/code/audition_pipeline/data/dataset_4mic_3spk/Eval/mic/mic_fileid_222_doa144_3spk.wav,,/home/shaozi/ucl/code/audition_pipeline/ablation_study/baseline/ODAS/results/ODAS_n_loc+sep+pf/odas_outputs/fileid_222,SKIPPED_EXISTING,0,0.0,,,slot0:id1:doa24.8;slot1:id10:doa290.6;slot2:id11:doa149.3
223,/home/shaozi/ucl/code/audition_pipeline/data/dataset_4mic_3spk/Eval/mic/mic_fileid_223_doa16_3spk.wav,,/home/shaozi/ucl/code/audition_pipeline/ablation_study/baseline/ODAS/results/ODAS_n_loc+sep+pf/odas_outputs/fileid_223,SKIPPED_EXISTING,0,0.0,,,slot0:id1:doa138.7;slot1:id4:doa39.6;slot2:id16:doa252.9
224,/home/shaozi/ucl/code/audition_pipeline/data/dataset_4mic_3spk/Eval/mic/mic_fileid_224_doa124_3spk.wav,,/home/shaozi/ucl/code/audition_pipeline/ablation_study/baseline/ODAS/results/ODAS_n_loc+sep+pf/odas_outputs/fileid_224,SKIPPED_EXISTING,0,0.0,,,slot0:id18:doa122.3;slot1:id2:doa244.4;slot2:id36:doa319.4
225,/home/shaozi/ucl/code/audition_pipeline/data/dataset_4mic_3spk/Eval/mic/mic_fileid_225_doa14_3spk.wav,,/home/shaozi/ucl/code/audition_pipeline/ablation_study/baseline/ODAS/results/ODAS_n_loc+sep+pf/odas_outputs/fileid_225,SKIPPED_EXISTING,0,0.0,,,slot0:id7:doa237.0;slot1:id25:doa19.4;slot2:id47:doa122.8
226,/home/shaozi/ucl/code/audition_pipeline/data/dataset_4mic_3spk/Eval/mic/mic_fileid_226_doa127_3spk.wav,,/home/shaozi/ucl/code/audition_pipeline/ablation_study/baseline/ODAS/results/ODAS_n_loc+sep+pf/odas_outputs/fileid_226,SKIPPED_EXISTING,0,0.0,,,slot0:id11:doa113.5;slot1:id2:doa292.8;slot2:id4:doa229.5
227,/home/shaozi/ucl/code/audition_pipeline/data/dataset_4mic_3spk/Eval/mic/mic_fileid_227_doa143_3spk.wav,,/home/shaozi/ucl/code/audition_pipeline/ablation_study/baseline/ODAS/results/ODAS_n_loc+sep+pf/odas_outputs/fileid_227,SKIPPED_EXISTING,0,0.0,,,slot0:id1:doa142.4;slot1:id18:doa207.1;slot2:id34:doa319.8
228,/home/shaozi/ucl/code/audition_pipeline/data/dataset_4mic_3spk/Eval/mic/mic_fileid_228_doa105_3spk.wav,,/home/shaozi/ucl/code/audition_pipeline/ablation_study/baseline/ODAS/results/ODAS_n_loc+sep+pf/odas_outputs/fileid_228,SKIPPED_EXISTING,0,0.0,,,slot0:id4:doa168.2;slot1:id38:doa299.5;slot2:id51:doa105.3
229,/home/shaozi/ucl/code/audition_pipeline/data/dataset_4mic_3spk/Eval/mic/mic_fileid_229_doa100_3spk.wav,,/home/shaozi/ucl/code/audition_pipeline/ablation_study/baseline/ODAS/results/ODAS_n_loc+sep+pf/odas_outputs/fileid_229,SKIPPED_EXISTING,0,0.0,,,slot0:id3:doa201.9;slot1:id2:doa96.4;slot2:id6:doa264.5
230,/home/shaozi/ucl/code/audition_pipeline/data/dataset_4mic_3spk/Eval/mic/mic_fileid_230_doa73_3spk.wav,,/home/shaozi/ucl/code/audition_pipeline/ablation_study/baseline/ODAS/results/ODAS_n_loc+sep+pf/odas_outputs/fileid_230,SKIPPED_EXISTING,0,0.0,,,slot0:id8:doa73.4;slot1:id26:doa341.9;slot2:id28:doa209.1
231,/home/shaozi/ucl/code/audition_pipeline/data/dataset_4mic_3spk/Eval/mic/mic_fileid_231_doa125_3spk.wav,,/home/shaozi/ucl/code/audition_pipeline/ablation_study/baseline/ODAS/results/ODAS_n_loc+sep+pf/odas_outputs/fileid_231,SKIPPED_EXISTING,0,0.0,,,slot0:id74:doa187.6;slot1:id4:doa326.1;slot2:id73:doa123.4
232,/home/shaozi/ucl/code/audition_pipeline/data/dataset_4mic_3spk/Eval/mic/mic_fileid_232_doa59_3spk.wav,,/home/shaozi/ucl/code/audition_pipeline/ablation_study/baseline/ODAS/results/ODAS_n_loc+sep+pf/odas_outputs/fileid_232,SKIPPED_EXISTING,0,0.0,,,slot0:id15:doa327.8;slot1:id125:doa100.8
233,/home/shaozi/ucl/code/audition_pipeline/data/dataset_4mic_3spk/Eval/mic/mic_fileid_233_doa132_3spk.wav,,/home/shaozi/ucl/code/audition_pipeline/ablation_study/baseline/ODAS/results/ODAS_n_loc+sep+pf/odas_outputs/fileid_233,SKIPPED_EXISTING,0,0.0,,,slot0:id10:doa132.0;slot1:id9:doa294.7;slot2:id3:doa202.5
234,/home/shaozi/ucl/code/audition_pipeline/data/dataset_4mic_3spk/Eval/mic/mic_fileid_234_doa1_3spk.wav,,/home/shaozi/ucl/code/audition_pipeline/ablation_study/baseline/ODAS/results/ODAS_n_loc+sep+pf/odas_outputs/fileid_234,SKIPPED_EXISTING,0,0.0,,,slot0:id1:doa86.8;slot1:id39:doa1.1;slot2:id40:doa212.6
235,/home/shaozi/ucl/code/audition_pipeline/data/dataset_4mic_3spk/Eval/mic/mic_fileid_235_doa20_3spk.wav,,/home/shaozi/ucl/code/audition_pipeline/ablation_study/baseline/ODAS/results/ODAS_n_loc+sep+pf/odas_outputs/fileid_235,SKIPPED_EXISTING,0,0.0,,,slot0:id30:doa2.3;slot1:id2:doa208.4;slot2:id54:doa121.9
236,/home/shaozi/ucl/code/audition_pipeline/data/dataset_4mic_3spk/Eval/mic/mic_fileid_236_doa56_3spk.wav,,/home/shaozi/ucl/code/audition_pipeline/ablation_study/baseline/ODAS/results/ODAS_n_loc+sep+pf/odas_outputs/fileid_236,SKIPPED_EXISTING,0,0.0,,,slot0:id9:doa188.0;slot1:id20:doa327.6;slot2:id23:doa52.8
237,/home/shaozi/ucl/code/audition_pipeline/data/dataset_4mic_3spk/Eval/mic/mic_fileid_237_doa41_3spk.wav,,/home/shaozi/ucl/code/audition_pipeline/ablation_study/baseline/ODAS/results/ODAS_n_loc+sep+pf/odas_outputs/fileid_237,SKIPPED_EXISTING,0,0.0,,,slot1:id2:doa42.3;slot2:id28:doa201.8
238,/home/shaozi/ucl/code/audition_pipeline/data/dataset_4mic_3spk/Eval/mic/mic_fileid_238_doa19_3spk.wav,,/home/shaozi/ucl/code/audition_pipeline/ablation_study/baseline/ODAS/results/ODAS_n_loc+sep+pf/odas_outputs/fileid_238,SKIPPED_EXISTING,0,0.0,,,slot0:id14:doa18.9;slot1:id31:doa157.8;slot2:id60:doa272.2
239,/home/shaozi/ucl/code/audition_pipeline/data/dataset_4mic_3spk/Eval/mic/mic_fileid_239_doa4_3spk.wav,,/home/shaozi/ucl/code/audition_pipeline/ablation_study/baseline/ODAS/results/ODAS_n_loc+sep+pf/odas_outputs/fileid_239,SKIPPED_EXISTING,0,0.0,,,slot0:id35:doa102.8;slot1:id47:doa248.1;slot2:id61:doa3.5
240,/home/shaozi/ucl/code/audition_pipeline/data/dataset_4mic_3spk/Eval/mic/mic_fileid_240_doa116_3spk.wav,,/home/shaozi/ucl/code/audition_pipeline/ablation_study/baseline/ODAS/results/ODAS_n_loc+sep+pf/odas_outputs/fileid_240,SKIPPED_EXISTING,0,0.0,,,slot0:id84:doa114.2;slot1:id82:doa337.3;slot2:id15:doa213.8
241,/home/shaozi/ucl/code/audition_pipeline/data/dataset_4mic_3spk/Eval/mic/mic_fileid_241_doa46_3spk.wav,,/home/shaozi/ucl/code/audition_pipeline/ablation_study/baseline/ODAS/results/ODAS_n_loc+sep+pf/odas_outputs/fileid_241,SKIPPED_EXISTING,0,0.0,,,slot0:id1:doa311.8;slot1:id33:doa210.2;slot2:id12:doa46.5
242,/home/shaozi/ucl/code/audition_pipeline/data/dataset_4mic_3spk/Eval/mic/mic_fileid_242_doa20_3spk.wav,,/home/shaozi/ucl/code/audition_pipeline/ablation_study/baseline/ODAS/results/ODAS_n_loc+sep+pf/odas_outputs/fileid_242,SKIPPED_EXISTING,0,0.0,,,slot0:id21:doa179.3;slot1:id22:doa140.5;slot2:id4:doa3.7
243,/home/shaozi/ucl/code/audition_pipeline/data/dataset_4mic_3spk/Eval/mic/mic_fileid_243_doa137_3spk.wav,,/home/shaozi/ucl/code/audition_pipeline/ablation_study/baseline/ODAS/results/ODAS_n_loc+sep+pf/odas_outputs/fileid_243,SKIPPED_EXISTING,0,0.0,,,slot0:id13:doa160.7;slot1:id2:doa112.1;slot2:id8:doa256.6
244,/home/shaozi/ucl/code/audition_pipeline/data/dataset_4mic_3spk/Eval/mic/mic_fileid_244_doa170_3spk.wav,,/home/shaozi/ucl/code/audition_pipeline/ablation_study/baseline/ODAS/results/ODAS_n_loc+sep+pf/odas_outputs/fileid_244,SKIPPED_EXISTING,0,0.0,,,slot0:id51:doa150.8;slot1:id10:doa243.0;slot2:id21:doa302.4
245,/home/shaozi/ucl/code/audition_pipeline/data/dataset_4mic_3spk/Eval/mic/mic_fileid_245_doa25_3spk.wav,,/home/shaozi/ucl/code/audition_pipeline/ablation_study/baseline/ODAS/results/ODAS_n_loc+sep+pf/odas_outputs/fileid_245,SKIPPED_EXISTING,0,0.0,,,slot0:id9:doa328.9;slot1:id29:doa255.0;slot2:id3:doa22.3
246,/home/shaozi/ucl/code/audition_pipeline/data/dataset_4mic_3spk/Eval/mic/mic_fileid_246_doa28_3spk.wav,,/home/shaozi/ucl/code/audition_pipeline/ablation_study/baseline/ODAS/results/ODAS_n_loc+sep+pf/odas_outputs/fileid_246,SKIPPED_EXISTING,0,0.0,,,slot0:id18:doa19.3;slot1:id5:doa126.1
247,/home/shaozi/ucl/code/audition_pipeline/data/dataset_4mic_3spk/Eval/mic/mic_fileid_247_doa22_3spk.wav,,/home/shaozi/ucl/code/audition_pipeline/ablation_study/baseline/ODAS/results/ODAS_n_loc+sep+pf/odas_outputs/fileid_247,SKIPPED_EXISTING,0,0.0,,,slot0:id29:doa299.7;slot1:id5:doa323.2;slot2:id35:doa20.6
248,/home/shaozi/ucl/code/audition_pipeline/data/dataset_4mic_3spk/Eval/mic/mic_fileid_248_doa106_3spk.wav,,/home/shaozi/ucl/code/audition_pipeline/ablation_study/baseline/ODAS/results/ODAS_n_loc+sep+pf/odas_outputs/fileid_248,SKIPPED_EXISTING,0,0.0,,,slot0:id6:doa83.3;slot1:id12:doa102.3;slot2:id8:doa278.9
249,/home/shaozi/ucl/code/audition_pipeline/data/dataset_4mic_3spk/Eval/mic/mic_fileid_249_doa29_3spk.wav,,/home/shaozi/ucl/code/audition_pipeline/ablation_study/baseline/ODAS/results/ODAS_n_loc+sep+pf/odas_outputs/fileid_249,SKIPPED_EXISTING,0,0.0,,,slot0:id4:doa65.6;slot1:id13:doa201.6
250,/home/shaozi/ucl/code/audition_pipeline/data/dataset_4mic_3spk/Eval/mic/mic_fileid_250_doa95_3spk.wav,,/home/shaozi/ucl/code/audition_pipeline/ablation_study/baseline/ODAS/results/ODAS_n_loc+sep+pf/odas_outputs/fileid_250,SKIPPED_EXISTING,0,0.0,,,slot0:id3:doa95.9;slot1:id26:doa257.5;slot2:id37:doa173.7
251,/home/shaozi/ucl/code/audition_pipeline/data/dataset_4mic_3spk/Eval/mic/mic_fileid_251_doa23_3spk.wav,,/home/shaozi/ucl/code/audition_pipeline/ablation_study/baseline/ODAS/results/ODAS_n_loc+sep+pf/odas_outputs/fileid_251,SKIPPED_EXISTING,0,0.0,,,slot1:id58:doa286.1;slot2:id3:doa17.9
252,/home/shaozi/ucl/code/audition_pipeline/data/dataset_4mic_3spk/Eval/mic/mic_fileid_252_doa54_3spk.wav,,/home/shaozi/ucl/code/audition_pipeline/ablation_study/baseline/ODAS/results/ODAS_n_loc+sep+pf/odas_outputs/fileid_252,SKIPPED_EXISTING,0,0.0,,,slot0:id9:doa52.1;slot1:id29:doa212.4;slot2:id40:doa316.3
253,/home/shaozi/ucl/code/audition_pipeline/data/dataset_4mic_3spk/Eval/mic/mic_fileid_253_doa72_3spk.wav,,/home/shaozi/ucl/code/audition_pipeline/ablation_study/baseline/ODAS/results/ODAS_n_loc+sep+pf/odas_outputs/fileid_253,SKIPPED_EXISTING,0,0.0,,,slot1:id2:doa340.3
254,/home/shaozi/ucl/code/audition_pipeline/data/dataset_4mic_3spk/Eval/mic/mic_fileid_254_doa102_3spk.wav,,/home/shaozi/ucl/code/audition_pipeline/ablation_study/baseline/ODAS/results/ODAS_n_loc+sep+pf/odas_outputs/fileid_254,SKIPPED_EXISTING,0,0.0,,,slot0:id33:doa97.7;slot1:id107:doa346.5
255,/home/shaozi/ucl/code/audition_pipeline/data/dataset_4mic_3spk/Eval/mic/mic_fileid_255_doa122_3spk.wav,,/home/shaozi/ucl/code/audition_pipeline/ablation_study/baseline/ODAS/results/ODAS_n_loc+sep+pf/odas_outputs/fileid_255,SKIPPED_EXISTING,0,0.0,,,slot0:id4:doa273.5;slot1:id5:doa117.9;slot2:id11:doa217.2
256,/home/shaozi/ucl/code/audition_pipeline/data/dataset_4mic_3spk/Eval/mic/mic_fileid_256_doa87_3spk.wav,,/home/shaozi/ucl/code/audition_pipeline/ablation_study/baseline/ODAS/results/ODAS_n_loc+sep+pf/odas_outputs/fileid_256,SKIPPED_EXISTING,0,0.0,,,slot0:id10:doa87.7;slot1:id2:doa176.2
257,/home/shaozi/ucl/code/audition_pipeline/data/dataset_4mic_3spk/Eval/mic/mic_fileid_257_doa223_3spk.wav,,/home/shaozi/ucl/code/audition_pipeline/ablation_study/baseline/ODAS/results/ODAS_n_loc+sep+pf/odas_outputs/fileid_257,SKIPPED_EXISTING,0,0.0,,,slot0:id34:doa152.5;slot1:id8:doa260.3;slot2:id22:doa322.8
258,/home/shaozi/ucl/code/audition_pipeline/data/dataset_4mic_3spk/Eval/mic/mic_fileid_258_doa105_3spk.wav,,/home/shaozi/ucl/code/audition_pipeline/ablation_study/baseline/ODAS/results/ODAS_n_loc+sep+pf/odas_outputs/fileid_258,SKIPPED_EXISTING,0,0.0,,,slot0:id21:doa240.8;slot1:id106:doa105.5;slot2:id112:doa43.9
259,/home/shaozi/ucl/code/audition_pipeline/data/dataset_4mic_3spk/Eval/mic/mic_fileid_259_doa21_3spk.wav,,/home/shaozi/ucl/code/audition_pipeline/ablation_study/baseline/ODAS/results/ODAS_n_loc+sep+pf/odas_outputs/fileid_259,SKIPPED_EXISTING,0,0.0,,,slot0:id6:doa242.6;slot1:id7:doa173.5;slot2:id21:doa20.7
260,/home/shaozi/ucl/code/audition_pipeline/data/dataset_4mic_3spk/Eval/mic/mic_fileid_260_doa135_3spk.wav,,/home/shaozi/ucl/code/audition_pipeline/ablation_study/baseline/ODAS/results/ODAS_n_loc+sep+pf/odas_outputs/fileid_260,SKIPPED_EXISTING,0,0.0,,,slot0:id1:doa128.0;slot1:id5:doa238.8;slot2:id17:doa332.0
261,/home/shaozi/ucl/code/audition_pipeline/data/dataset_4mic_3spk/Eval/mic/mic_fileid_261_doa122_3spk.wav,,/home/shaozi/ucl/code/audition_pipeline/ablation_study/baseline/ODAS/results/ODAS_n_loc+sep+pf/odas_outputs/fileid_261,SKIPPED_EXISTING,0,0.0,,,slot0:id6:doa122.3;slot1:id2:doa178.7;slot2:id7:doa341.6
262,/home/shaozi/ucl/code/audition_pipeline/data/dataset_4mic_3spk/Eval/mic/mic_fileid_262_doa98_3spk.wav,,/home/shaozi/ucl/code/audition_pipeline/ablation_study/baseline/ODAS/results/ODAS_n_loc+sep+pf/odas_outputs/fileid_262,SKIPPED_EXISTING,0,0.0,,,slot0:id15:doa130.7;slot1:id31:doa348.7;slot2:id24:doa223.3
263,/home/shaozi/ucl/code/audition_pipeline/data/dataset_4mic_3spk/Eval/mic/mic_fileid_263_doa26_3spk.wav,,/home/shaozi/ucl/code/audition_pipeline/ablation_study/baseline/ODAS/results/ODAS_n_loc+sep+pf/odas_outputs/fileid_263,SKIPPED_EXISTING,0,0.0,,,slot0:id1:doa58.0;slot2:id10:doa288.5
264,/home/shaozi/ucl/code/audition_pipeline/data/dataset_4mic_3spk/Eval/mic/mic_fileid_264_doa124_3spk.wav,,/home/shaozi/ucl/code/audition_pipeline/ablation_study/baseline/ODAS/results/ODAS_n_loc+sep+pf/odas_outputs/fileid_264,SKIPPED_EXISTING,0,0.0,,,slot0:id7:doa226.3;slot1:id2:doa136.7
265,/home/shaozi/ucl/code/audition_pipeline/data/dataset_4mic_3spk/Eval/mic/mic_fileid_265_doa188_3spk.wav,,/home/shaozi/ucl/code/audition_pipeline/ablation_study/baseline/ODAS/results/ODAS_n_loc+sep+pf/odas_outputs/fileid_265,SKIPPED_EXISTING,0,0.0,,,slot1:id2:doa215.2;slot2:id16:doa303.4
266,/home/shaozi/ucl/code/audition_pipeline/data/dataset_4mic_3spk/Eval/mic/mic_fileid_266_doa106_3spk.wav,,/home/shaozi/ucl/code/audition_pipeline/ablation_study/baseline/ODAS/results/ODAS_n_loc+sep+pf/odas_outputs/fileid_266,SKIPPED_EXISTING,0,0.0,,,slot0:id32:doa200.9;slot1:id2:doa357.9;slot2:id35:doa102.3
267,/home/shaozi/ucl/code/audition_pipeline/data/dataset_4mic_3spk/Eval/mic/mic_fileid_267_doa81_3spk.wav,,/home/shaozi/ucl/code/audition_pipeline/ablation_study/baseline/ODAS/results/ODAS_n_loc+sep+pf/odas_outputs/fileid_267,SKIPPED_EXISTING,0,0.0,,,slot0:id20:doa303.7;slot1:id2:doa84.5
268,/home/shaozi/ucl/code/audition_pipeline/data/dataset_4mic_3spk/Eval/mic/mic_fileid_268_doa43_3spk.wav,,/home/shaozi/ucl/code/audition_pipeline/ablation_study/baseline/ODAS/results/ODAS_n_loc+sep+pf/odas_outputs/fileid_268,SKIPPED_EXISTING,0,0.0,,,slot0:id91:doa329.3;slot1:id81:doa353.6;slot2:id84:doa40.1
269,/home/shaozi/ucl/code/audition_pipeline/data/dataset_4mic_3spk/Eval/mic/mic_fileid_269_doa18_3spk.wav,,/home/shaozi/ucl/code/audition_pipeline/ablation_study/baseline/ODAS/results/ODAS_n_loc+sep+pf/odas_outputs/fileid_269,SKIPPED_EXISTING,0,0.0,,,slot0:id73:doa180.2;slot1:id2:doa358.3
270,/home/shaozi/ucl/code/audition_pipeline/data/dataset_4mic_3spk/Eval/mic/mic_fileid_270_doa4_3spk.wav,,/home/shaozi/ucl/code/audition_pipeline/ablation_study/baseline/ODAS/results/ODAS_n_loc+sep+pf/odas_outputs/fileid_270,SKIPPED_EXISTING,0,0.0,,,slot0:id20:doa232.0;slot1:id30:doa4.5;slot2:id57:doa164.6
271,/home/shaozi/ucl/code/audition_pipeline/data/dataset_4mic_3spk/Eval/mic/mic_fileid_271_doa16_3spk.wav,,/home/shaozi/ucl/code/audition_pipeline/ablation_study/baseline/ODAS/results/ODAS_n_loc+sep+pf/odas_outputs/fileid_271,SKIPPED_EXISTING,0,0.0,,,slot0:id16:doa195.8;slot1:id2:doa351.3;slot2:id32:doa247.1
272,/home/shaozi/ucl/code/audition_pipeline/data/dataset_4mic_3spk/Eval/mic/mic_fileid_272_doa59_3spk.wav,,/home/shaozi/ucl/code/audition_pipeline/ablation_study/baseline/ODAS/results/ODAS_n_loc+sep+pf/odas_outputs/fileid_272,SKIPPED_EXISTING,0,0.0,,,slot0:id8:doa268.6;slot1:id2:doa354.0;slot2:id11:doa67.8
273,/home/shaozi/ucl/code/audition_pipeline/data/dataset_4mic_3spk/Eval/mic/mic_fileid_273_doa24_3spk.wav,,/home/shaozi/ucl/code/audition_pipeline/ablation_study/baseline/ODAS/results/ODAS_n_loc+sep+pf/odas_outputs/fileid_273,SKIPPED_EXISTING,0,0.0,,,slot0:id19:doa218.1;slot1:id26:doa163.3;slot2:id3:doa29.1
274,/home/shaozi/ucl/code/audition_pipeline/data/dataset_4mic_3spk/Eval/mic/mic_fileid_274_doa14_3spk.wav,,/home/shaozi/ucl/code/audition_pipeline/ablation_study/baseline/ODAS/results/ODAS_n_loc+sep+pf/odas_outputs/fileid_274,SKIPPED_EXISTING,0,0.0,,,slot0:id29:doa83.3;slot1:id45:doa17.5;slot2:id48:doa111.6
275,/home/shaozi/ucl/code/audition_pipeline/data/dataset_4mic_3spk/Eval/mic/mic_fileid_275_doa2_3spk.wav,,/home/shaozi/ucl/code/audition_pipeline/ablation_study/baseline/ODAS/results/ODAS_n_loc+sep+pf/odas_outputs/fileid_275,SKIPPED_EXISTING,0,0.0,,,slot0:id45:doa348.8;slot2:id48:doa93.9
276,/home/shaozi/ucl/code/audition_pipeline/data/dataset_4mic_3spk/Eval/mic/mic_fileid_276_doa35_3spk.wav,,/home/shaozi/ucl/code/audition_pipeline/ablation_study/baseline/ODAS/results/ODAS_n_loc+sep+pf/odas_outputs/fileid_276,SKIPPED_EXISTING,0,0.0,,,slot0:id5:doa37.3;slot1:id4:doa117.3
277,/home/shaozi/ucl/code/audition_pipeline/data/dataset_4mic_3spk/Eval/mic/mic_fileid_277_doa52_3spk.wav,,/home/shaozi/ucl/code/audition_pipeline/ablation_study/baseline/ODAS/results/ODAS_n_loc+sep+pf/odas_outputs/fileid_277,SKIPPED_EXISTING,0,0.0,,,slot0:id5:doa39.8;slot1:id10:doa303.6;slot2:id16:doa136.6
278,/home/shaozi/ucl/code/audition_pipeline/data/dataset_4mic_3spk/Eval/mic/mic_fileid_278_doa13_3spk.wav,,/home/shaozi/ucl/code/audition_pipeline/ablation_study/baseline/ODAS/results/ODAS_n_loc+sep+pf/odas_outputs/fileid_278,SKIPPED_EXISTING,0,0.0,,,slot0:id7:doa293.5;slot1:id17:doa94.9;slot2:id3:doa14.0
279,/home/shaozi/ucl/code/audition_pipeline/data/dataset_4mic_3spk/Eval/mic/mic_fileid_279_doa26_3spk.wav,,/home/shaozi/ucl/code/audition_pipeline/ablation_study/baseline/ODAS/results/ODAS_n_loc+sep+pf/odas_outputs/fileid_279,SKIPPED_EXISTING,0,0.0,,,slot0:id18:doa236.1;slot1:id10:doa125.4;slot2:id19:doa229.8
280,/home/shaozi/ucl/code/audition_pipeline/data/dataset_4mic_3spk/Eval/mic/mic_fileid_280_doa27_3spk.wav,,/home/shaozi/ucl/code/audition_pipeline/ablation_study/baseline/ODAS/results/ODAS_n_loc+sep+pf/odas_outputs/fileid_280,SKIPPED_EXISTING,0,0.0,,,slot0:id7:doa11.9;slot2:id79:doa283.3
281,/home/shaozi/ucl/code/audition_pipeline/data/dataset_4mic_3spk/Eval/mic/mic_fileid_281_doa220_3spk.wav,,/home/shaozi/ucl/code/audition_pipeline/ablation_study/baseline/ODAS/results/ODAS_n_loc+sep+pf/odas_outputs/fileid_281,SKIPPED_EXISTING,0,0.0,,,slot0:id22:doa352.3;slot1:id34:doa211.9
282,/home/shaozi/ucl/code/audition_pipeline/data/dataset_4mic_3spk/Eval/mic/mic_fileid_282_doa55_3spk.wav,,/home/shaozi/ucl/code/audition_pipeline/ablation_study/baseline/ODAS/results/ODAS_n_loc+sep+pf/odas_outputs/fileid_282,SKIPPED_EXISTING,0,0.0,,,slot0:id76:doa273.9;slot1:id49:doa121.4;slot2:id10:doa68.0
283,/home/shaozi/ucl/code/audition_pipeline/data/dataset_4mic_3spk/Eval/mic/mic_fileid_283_doa126_3spk.wav,,/home/shaozi/ucl/code/audition_pipeline/ablation_study/baseline/ODAS/results/ODAS_n_loc+sep+pf/odas_outputs/fileid_283,SKIPPED_EXISTING,0,0.0,,,slot0:id66:doa303.6;slot1:id2:doa163.7
284,/home/shaozi/ucl/code/audition_pipeline/data/dataset_4mic_3spk/Eval/mic/mic_fileid_284_doa4_3spk.wav,,/home/shaozi/ucl/code/audition_pipeline/ablation_study/baseline/ODAS/results/ODAS_n_loc+sep+pf/odas_outputs/fileid_284,SKIPPED_EXISTING,0,0.0,,,slot0:id26:doa241.2;slot1:id4:doa257.6;slot2:id29:doa351.7
285,/home/shaozi/ucl/code/audition_pipeline/data/dataset_4mic_3spk/Eval/mic/mic_fileid_285_doa48_3spk.wav,,/home/shaozi/ucl/code/audition_pipeline/ablation_study/baseline/ODAS/results/ODAS_n_loc+sep+pf/odas_outputs/fileid_285,SKIPPED_EXISTING,0,0.0,,,slot0:id4:doa42.6;slot1:id65:doa275.7;slot2:id38:doa233.0
286,/home/shaozi/ucl/code/audition_pipeline/data/dataset_4mic_3spk/Eval/mic/mic_fileid_286_doa62_3spk.wav,,/home/shaozi/ucl/code/audition_pipeline/ablation_study/baseline/ODAS/results/ODAS_n_loc+sep+pf/odas_outputs/fileid_286,SKIPPED_EXISTING,0,0.0,,,slot0:id12:doa209.4;slot1:id2:doa61.4;slot2:id14:doa352.4
287,/home/shaozi/ucl/code/audition_pipeline/data/dataset_4mic_3spk/Eval/mic/mic_fileid_287_doa99_3spk.wav,,/home/shaozi/ucl/code/audition_pipeline/ablation_study/baseline/ODAS/results/ODAS_n_loc+sep+pf/odas_outputs/fileid_287,SKIPPED_EXISTING,0,0.0,,,slot0:id4:doa51.8;slot1:id13:doa145.0;slot2:id16:doa97.3
288,/home/shaozi/ucl/code/audition_pipeline/data/dataset_4mic_3spk/Eval/mic/mic_fileid_288_doa72_3spk.wav,,/home/shaozi/ucl/code/audition_pipeline/ablation_study/baseline/ODAS/results/ODAS_n_loc+sep+pf/odas_outputs/fileid_288,SKIPPED_EXISTING,0,0.0,,,slot0:id7:doa68.5;slot1:id2:doa134.5;slot2:id29:doa227.9
289,/home/shaozi/ucl/code/audition_pipeline/data/dataset_4mic_3spk/Eval/mic/mic_fileid_289_doa174_3spk.wav,,/home/shaozi/ucl/code/audition_pipeline/ablation_study/baseline/ODAS/results/ODAS_n_loc+sep+pf/odas_outputs/fileid_289,SKIPPED_EXISTING,0,0.0,,,slot0:id20:doa214.0;slot1:id40:doa176.1;slot2:id3:doa357.7
290,/home/shaozi/ucl/code/audition_pipeline/data/dataset_4mic_3spk/Eval/mic/mic_fileid_290_doa23_3spk.wav,,/home/shaozi/ucl/code/audition_pipeline/ablation_study/baseline/ODAS/results/ODAS_n_loc+sep+pf/odas_outputs/fileid_290,SKIPPED_EXISTING,0,0.0,,,slot0:id23:doa9.2;slot1:id7:doa138.3;slot2:id3:doa313.6
291,/home/shaozi/ucl/code/audition_pipeline/data/dataset_4mic_3spk/Eval/mic/mic_fileid_291_doa157_3spk.wav,,/home/shaozi/ucl/code/audition_pipeline/ablation_study/baseline/ODAS/results/ODAS_n_loc+sep+pf/odas_outputs/fileid_291,SKIPPED_EXISTING,0,0.0,,,slot0:id46:doa359.7;slot1:id52:doa263.3;slot2:id59:doa90.9
292,/home/shaozi/ucl/code/audition_pipeline/data/dataset_4mic_3spk/Eval/mic/mic_fileid_292_doa44_3spk.wav,,/home/shaozi/ucl/code/audition_pipeline/ablation_study/baseline/ODAS/results/ODAS_n_loc+sep+pf/odas_outputs/fileid_292,SKIPPED_EXISTING,0,0.0,,,slot0:id9:doa184.1;slot1:id13:doa341.4;slot2:id11:doa41.7
293,/home/shaozi/ucl/code/audition_pipeline/data/dataset_4mic_3spk/Eval/mic/mic_fileid_293_doa94_3spk.wav,,/home/shaozi/ucl/code/audition_pipeline/ablation_study/baseline/ODAS/results/ODAS_n_loc+sep+pf/odas_outputs/fileid_293,SKIPPED_EXISTING,0,0.0,,,slot0:id4:doa217.8;slot1:id31:doa92.9;slot2:id6:doa341.5
294,/home/shaozi/ucl/code/audition_pipeline/data/dataset_4mic_3spk/Eval/mic/mic_fileid_294_doa175_3spk.wav,,/home/shaozi/ucl/code/audition_pipeline/ablation_study/baseline/ODAS/results/ODAS_n_loc+sep+pf/odas_outputs/fileid_294,SKIPPED_EXISTING,0,0.0,,,slot0:id4:doa295.8;slot1:id15:doa327.4;slot2:id18:doa178.2
295,/home/shaozi/ucl/code/audition_pipeline/data/dataset_4mic_3spk/Eval/mic/mic_fileid_295_doa80_3spk.wav,,/home/shaozi/ucl/code/audition_pipeline/ablation_study/baseline/ODAS/results/ODAS_n_loc+sep+pf/odas_outputs/fileid_295,SKIPPED_EXISTING,0,0.0,,,slot0:id1:doa277.3;slot1:id20:doa81.0;slot2:id23:doa254.8
296,/home/shaozi/ucl/code/audition_pipeline/data/dataset_4mic_3spk/Eval/mic/mic_fileid_296_doa65_3spk.wav,,/home/shaozi/ucl/code/audition_pipeline/ablation_study/baseline/ODAS/results/ODAS_n_loc+sep+pf/odas_outputs/fileid_296,SKIPPED_EXISTING,0,0.0,,,slot0:id39:doa326.5;slot1:id4:doa199.6
297,/home/shaozi/ucl/code/audition_pipeline/data/dataset_4mic_3spk/Eval/mic/mic_fileid_297_doa40_3spk.wav,,/home/shaozi/ucl/code/audition_pipeline/ablation_study/baseline/ODAS/results/ODAS_n_loc+sep+pf/odas_outputs/fileid_297,SKIPPED_EXISTING,0,0.0,,,slot0:id18:doa29.8;slot1:id27:doa163.9;slot2:id38:doa4.7
298,/home/shaozi/ucl/code/audition_pipeline/data/dataset_4mic_3spk/Eval/mic/mic_fileid_298_doa53_3spk.wav,,/home/shaozi/ucl/code/audition_pipeline/ablation_study/baseline/ODAS/results/ODAS_n_loc+sep+pf/odas_outputs/fileid_298,SKIPPED_EXISTING,0,0.0,,,slot0:id4:doa30.2;slot1:id35:doa170.4;slot2:id17:doa109.7
299,/home/shaozi/ucl/code/audition_pipeline/data/dataset_4mic_3spk/Eval/mic/mic_fileid_299_doa50_3spk.wav,,/home/shaozi/ucl/code/audition_pipeline/ablation_study/baseline/ODAS/results/ODAS_n_loc+sep+pf/odas_outputs/fileid_299,SKIPPED_EXISTING,0,0.0,,,slot1:id7:doa129.5;slot2:id3:doa242.9
300,/home/shaozi/ucl/code/audition_pipeline/data/dataset_4mic_3spk/Eval/mic/mic_fileid_300_doa68_3spk.wav,,/home/shaozi/ucl/code/audition_pipeline/ablation_study/baseline/ODAS/results/ODAS_n_loc+sep+pf/odas_outputs/fileid_300,SKIPPED_EXISTING,0,0.0,,,slot0:id5:doa69.3;slot1:id8:doa214.5;slot2:id3:doa280.7
301,/home/shaozi/ucl/code/audition_pipeline/data/dataset_4mic_3spk/Eval/mic/mic_fileid_301_doa9_3spk.wav,,/home/shaozi/ucl/code/audition_pipeline/ablation_study/baseline/ODAS/results/ODAS_n_loc+sep+pf/odas_outputs/fileid_301,SKIPPED_EXISTING,0,0.0,,,slot0:id6:doa252.8;slot1:id2:doa226.5;slot2:id15:doa5.0
302,/home/shaozi/ucl/code/audition_pipeline/data/dataset_4mic_3spk/Eval/mic/mic_fileid_302_doa36_3spk.wav,,/home/shaozi/ucl/code/audition_pipeline/ablation_study/baseline/ODAS/results/ODAS_n_loc+sep+pf/odas_outputs/fileid_302,SKIPPED_EXISTING,0,0.0,,,slot1:id6:doa346.9;slot2:id8:doa36.6
303,/home/shaozi/ucl/code/audition_pipeline/data/dataset_4mic_3spk/Eval/mic/mic_fileid_303_doa40_3spk.wav,,/home/shaozi/ucl/code/audition_pipeline/ablation_study/baseline/ODAS/results/ODAS_n_loc+sep+pf/odas_outputs/fileid_303,SKIPPED_EXISTING,0,0.0,,,slot1:id19:doa44.6;slot2:id40:doa107.0
304,/home/shaozi/ucl/code/audition_pipeline/data/dataset_4mic_3spk/Eval/mic/mic_fileid_304_doa128_3spk.wav,,/home/shaozi/ucl/code/audition_pipeline/ablation_study/baseline/ODAS/results/ODAS_n_loc+sep+pf/odas_outputs/fileid_304,SKIPPED_EXISTING,0,0.0,,,slot0:id14:doa333.9;slot2:id3:doa128.1
305,/home/shaozi/ucl/code/audition_pipeline/data/dataset_4mic_3spk/Eval/mic/mic_fileid_305_doa32_3spk.wav,,/home/shaozi/ucl/code/audition_pipeline/ablation_study/baseline/ODAS/results/ODAS_n_loc+sep+pf/odas_outputs/fileid_305,SKIPPED_EXISTING,0,0.0,,,slot0:id29:doa193.8;slot1:id12:doa279.0
306,/home/shaozi/ucl/code/audition_pipeline/data/dataset_4mic_3spk/Eval/mic/mic_fileid_306_doa57_3spk.wav,,/home/shaozi/ucl/code/audition_pipeline/ablation_study/baseline/ODAS/results/ODAS_n_loc+sep+pf/odas_outputs/fileid_306,SKIPPED_EXISTING,0,0.0,,,slot0:id4:doa106.9;slot1:id21:doa55.5
307,/home/shaozi/ucl/code/audition_pipeline/data/dataset_4mic_3spk/Eval/mic/mic_fileid_307_doa86_3spk.wav,,/home/shaozi/ucl/code/audition_pipeline/ablation_study/baseline/ODAS/results/ODAS_n_loc+sep+pf/odas_outputs/fileid_307,SKIPPED_EXISTING,0,0.0,,,slot0:id25:doa270.9;slot1:id37:doa86.3;slot2:id43:doa356.1
308,/home/shaozi/ucl/code/audition_pipeline/data/dataset_4mic_3spk/Eval/mic/mic_fileid_308_doa107_3spk.wav,,/home/shaozi/ucl/code/audition_pipeline/ablation_study/baseline/ODAS/results/ODAS_n_loc+sep+pf/odas_outputs/fileid_308,SKIPPED_EXISTING,0,0.0,,,slot0:id14:doa104.1;slot1:id52:doa286.6;slot2:id27:doa158.2
309,/home/shaozi/ucl/code/audition_pipeline/data/dataset_4mic_3spk/Eval/mic/mic_fileid_309_doa45_3spk.wav,,/home/shaozi/ucl/code/audition_pipeline/ablation_study/baseline/ODAS/results/ODAS_n_loc+sep+pf/odas_outputs/fileid_309,SKIPPED_EXISTING,0,0.0,,,slot0:id39:doa179.5;slot1:id22:doa42.5;slot2:id53:doa98.8
310,/home/shaozi/ucl/code/audition_pipeline/data/dataset_4mic_3spk/Eval/mic/mic_fileid_310_doa57_3spk.wav,,/home/shaozi/ucl/code/audition_pipeline/ablation_study/baseline/ODAS/results/ODAS_n_loc+sep+pf/odas_outputs/fileid_310,SKIPPED_EXISTING,0,0.0,,,slot0:id3:doa35.5;slot1:id7:doa150.7;slot2:id9:doa218.2
311,/home/shaozi/ucl/code/audition_pipeline/data/dataset_4mic_3spk/Eval/mic/mic_fileid_311_doa16_3spk.wav,,/home/shaozi/ucl/code/audition_pipeline/ablation_study/baseline/ODAS/results/ODAS_n_loc+sep+pf/odas_outputs/fileid_311,SKIPPED_EXISTING,0,0.0,,,slot0:id42:doa11.4;slot1:id51:doa267.2;slot2:id33:doa86.8
312,/home/shaozi/ucl/code/audition_pipeline/data/dataset_4mic_3spk/Eval/mic/mic_fileid_312_doa88_3spk.wav,,/home/shaozi/ucl/code/audition_pipeline/ablation_study/baseline/ODAS/results/ODAS_n_loc+sep+pf/odas_outputs/fileid_312,SKIPPED_EXISTING,0,0.0,,,slot0:id1:doa236.3;slot1:id22:doa185.5;slot2:id7:doa201.5
313,/home/shaozi/ucl/code/audition_pipeline/data/dataset_4mic_3spk/Eval/mic/mic_fileid_313_doa50_3spk.wav,,/home/shaozi/ucl/code/audition_pipeline/ablation_study/baseline/ODAS/results/ODAS_n_loc+sep+pf/odas_outputs/fileid_313,SKIPPED_EXISTING,0,0.0,,,slot0:id71:doa89.7;slot1:id2:doa296.2;slot2:id99:doa115.7
314,/home/shaozi/ucl/code/audition_pipeline/data/dataset_4mic_3spk/Eval/mic/mic_fileid_314_doa25_3spk.wav,,/home/shaozi/ucl/code/audition_pipeline/ablation_study/baseline/ODAS/results/ODAS_n_loc+sep+pf/odas_outputs/fileid_314,SKIPPED_EXISTING,0,0.0,,,slot1:id2:doa187.8;slot2:id6:doa21.9
315,/home/shaozi/ucl/code/audition_pipeline/data/dataset_4mic_3spk/Eval/mic/mic_fileid_315_doa207_3spk.wav,,/home/shaozi/ucl/code/audition_pipeline/ablation_study/baseline/ODAS/results/ODAS_n_loc+sep+pf/odas_outputs/fileid_315,SKIPPED_EXISTING,0,0.0,,,slot0:id53:doa342.2;slot1:id17:doa207.0
316,/home/shaozi/ucl/code/audition_pipeline/data/dataset_4mic_3spk/Eval/mic/mic_fileid_316_doa105_3spk.wav,,/home/shaozi/ucl/code/audition_pipeline/ablation_study/baseline/ODAS/results/ODAS_n_loc+sep+pf/odas_outputs/fileid_316,SKIPPED_EXISTING,0,0.0,,,slot0:id9:doa98.3;slot2:id11:doa172.6
317,/home/shaozi/ucl/code/audition_pipeline/data/dataset_4mic_3spk/Eval/mic/mic_fileid_317_doa4_3spk.wav,,/home/shaozi/ucl/code/audition_pipeline/ablation_study/baseline/ODAS/results/ODAS_n_loc+sep+pf/odas_outputs/fileid_317,SKIPPED_EXISTING,0,0.0,,,slot0:id25:doa1.1;slot1:id42:doa179.8;slot2:id50:doa199.9
318,/home/shaozi/ucl/code/audition_pipeline/data/dataset_4mic_3spk/Eval/mic/mic_fileid_318_doa38_3spk.wav,,/home/shaozi/ucl/code/audition_pipeline/ablation_study/baseline/ODAS/results/ODAS_n_loc+sep+pf/odas_outputs/fileid_318,SKIPPED_EXISTING,0,0.0,,,slot0:id34:doa314.6;slot1:id17:doa36.8;slot2:id42:doa193.2
319,/home/shaozi/ucl/code/audition_pipeline/data/dataset_4mic_3spk/Eval/mic/mic_fileid_319_doa41_3spk.wav,,/home/shaozi/ucl/code/audition_pipeline/ablation_study/baseline/ODAS/results/ODAS_n_loc+sep+pf/odas_outputs/fileid_319,SKIPPED_EXISTING,0,0.0,,,slot0:id19:doa191.8;slot1:id30:doa165.2;slot2:id18:doa351.1
320,/home/shaozi/ucl/code/audition_pipeline/data/dataset_4mic_3spk/Eval/mic/mic_fileid_320_doa73_3spk.wav,,/home/shaozi/ucl/code/audition_pipeline/ablation_study/baseline/ODAS/results/ODAS_n_loc+sep+pf/odas_outputs/fileid_320,SKIPPED_EXISTING,0,0.0,,,slot0:id11:doa75.3;slot1:id78:doa180.4;slot2:id85:doa337.9
321,/home/shaozi/ucl/code/audition_pipeline/data/dataset_4mic_3spk/Eval/mic/mic_fileid_321_doa43_3spk.wav,,/home/shaozi/ucl/code/audition_pipeline/ablation_study/baseline/ODAS/results/ODAS_n_loc+sep+pf/odas_outputs/fileid_321,SKIPPED_EXISTING,0,0.0,,,slot0:id30:doa319.8;slot1:id2:doa194.3;slot2:id33:doa46.9
322,/home/shaozi/ucl/code/audition_pipeline/data/dataset_4mic_3spk/Eval/mic/mic_fileid_322_doa9_3spk.wav,,/home/shaozi/ucl/code/audition_pipeline/ablation_study/baseline/ODAS/results/ODAS_n_loc+sep+pf/odas_outputs/fileid_322,SKIPPED_EXISTING,0,0.0,,,slot0:id4:doa226.5;slot1:id10:doa3.6
323,/home/shaozi/ucl/code/audition_pipeline/data/dataset_4mic_3spk/Eval/mic/mic_fileid_323_doa100_3spk.wav,,/home/shaozi/ucl/code/audition_pipeline/ablation_study/baseline/ODAS/results/ODAS_n_loc+sep+pf/odas_outputs/fileid_323,SKIPPED_EXISTING,0,0.0,,,slot0:id42:doa323.8;slot1:id26:doa185.5;slot2:id6:doa100.0
324,/home/shaozi/ucl/code/audition_pipeline/data/dataset_4mic_3spk/Eval/mic/mic_fileid_324_doa14_3spk.wav,,/home/shaozi/ucl/code/audition_pipeline/ablation_study/baseline/ODAS/results/ODAS_n_loc+sep+pf/odas_outputs/fileid_324,SKIPPED_EXISTING,0,0.0,,,slot1:id14:doa41.1;slot2:id3:doa262.9
325,/home/shaozi/ucl/code/audition_pipeline/data/dataset_4mic_3spk/Eval/mic/mic_fileid_325_doa27_3spk.wav,,/home/shaozi/ucl/code/audition_pipeline/ablation_study/baseline/ODAS/results/ODAS_n_loc+sep+pf/odas_outputs/fileid_325,SKIPPED_EXISTING,0,0.0,,,slot0:id16:doa23.1;slot1:id15:doa329.7
326,/home/shaozi/ucl/code/audition_pipeline/data/dataset_4mic_3spk/Eval/mic/mic_fileid_326_doa143_3spk.wav,,/home/shaozi/ucl/code/audition_pipeline/ablation_study/baseline/ODAS/results/ODAS_n_loc+sep+pf/odas_outputs/fileid_326,SKIPPED_EXISTING,0,0.0,,,slot0:id4:doa266.8;slot1:id6:doa311.0;slot2:id11:doa143.1
327,/home/shaozi/ucl/code/audition_pipeline/data/dataset_4mic_3spk/Eval/mic/mic_fileid_327_doa189_3spk.wav,,/home/shaozi/ucl/code/audition_pipeline/ablation_study/baseline/ODAS/results/ODAS_n_loc+sep+pf/odas_outputs/fileid_327,SKIPPED_EXISTING,0,0.0,,,slot0:id22:doa191.8;slot1:id4:doa316.8;slot2:id24:doa270.1
328,/home/shaozi/ucl/code/audition_pipeline/data/dataset_4mic_3spk/Eval/mic/mic_fileid_328_doa119_3spk.wav,,/home/shaozi/ucl/code/audition_pipeline/ablation_study/baseline/ODAS/results/ODAS_n_loc+sep+pf/odas_outputs/fileid_328,SKIPPED_EXISTING,0,0.0,,,slot0:id1:doa121.4;slot1:id13:doa265.9;slot2:id29:doa310.2
329,/home/shaozi/ucl/code/audition_pipeline/data/dataset_4mic_3spk/Eval/mic/mic_fileid_329_doa12_3spk.wav,,/home/shaozi/ucl/code/audition_pipeline/ablation_study/baseline/ODAS/results/ODAS_n_loc+sep+pf/odas_outputs/fileid_329,SKIPPED_EXISTING,0,0.0,,,slot0:id48:doa193.0;slot1:id8:doa356.1
330,/home/shaozi/ucl/code/audition_pipeline/data/dataset_4mic_3spk/Eval/mic/mic_fileid_330_doa67_3spk.wav,,/home/shaozi/ucl/code/audition_pipeline/ablation_study/baseline/ODAS/results/ODAS_n_loc+sep+pf/odas_outputs/fileid_330,SKIPPED_EXISTING,0,0.0,,,slot0:id105:doa286.8;slot1:id74:doa66.1;slot2:id131:doa359.5
331,/home/shaozi/ucl/code/audition_pipeline/data/dataset_4mic_3spk/Eval/mic/mic_fileid_331_doa39_3spk.wav,,/home/shaozi/ucl/code/audition_pipeline/ablation_study/baseline/ODAS/results/ODAS_n_loc+sep+pf/odas_outputs/fileid_331,SKIPPED_EXISTING,0,0.0,,,slot0:id8:doa192.6;slot1:id34:doa240.4;slot2:id44:doa38.4
332,/home/shaozi/ucl/code/audition_pipeline/data/dataset_4mic_3spk/Eval/mic/mic_fileid_332_doa4_3spk.wav,,/home/shaozi/ucl/code/audition_pipeline/ablation_study/baseline/ODAS/results/ODAS_n_loc+sep+pf/odas_outputs/fileid_332,SKIPPED_EXISTING,0,0.0,,,slot0:id19:doa7.4;slot1:id11:doa79.7;slot2:id3:doa149.3
333,/home/shaozi/ucl/code/audition_pipeline/data/dataset_4mic_3spk/Eval/mic/mic_fileid_333_doa167_3spk.wav,,/home/shaozi/ucl/code/audition_pipeline/ablation_study/baseline/ODAS/results/ODAS_n_loc+sep+pf/odas_outputs/fileid_333,SKIPPED_EXISTING,0,0.0,,,slot0:id49:doa267.9;slot1:id52:doa221.1;slot2:id32:doa167.6
334,/home/shaozi/ucl/code/audition_pipeline/data/dataset_4mic_3spk/Eval/mic/mic_fileid_334_doa122_3spk.wav,,/home/shaozi/ucl/code/audition_pipeline/ablation_study/baseline/ODAS/results/ODAS_n_loc+sep+pf/odas_outputs/fileid_334,SKIPPED_EXISTING,0,0.0,,,slot0:id15:doa120.5;slot1:id2:doa237.3
335,/home/shaozi/ucl/code/audition_pipeline/data/dataset_4mic_3spk/Eval/mic/mic_fileid_335_doa43_3spk.wav,,/home/shaozi/ucl/code/audition_pipeline/ablation_study/baseline/ODAS/results/ODAS_n_loc+sep+pf/odas_outputs/fileid_335,SKIPPED_EXISTING,0,0.0,,,slot0:id33:doa331.8;slot1:id2:doa101.2;slot2:id23:doa43.0
336,/home/shaozi/ucl/code/audition_pipeline/data/dataset_4mic_3spk/Eval/mic/mic_fileid_336_doa91_3spk.wav,,/home/shaozi/ucl/code/audition_pipeline/ablation_study/baseline/ODAS/results/ODAS_n_loc+sep+pf/odas_outputs/fileid_336,SKIPPED_EXISTING,0,0.0,,,slot0:id5:doa105.5;slot1:id2:doa59.1;slot2:id14:doa206.8
337,/home/shaozi/ucl/code/audition_pipeline/data/dataset_4mic_3spk/Eval/mic/mic_fileid_337_doa165_3spk.wav,,/home/shaozi/ucl/code/audition_pipeline/ablation_study/baseline/ODAS/results/ODAS_n_loc+sep+pf/odas_outputs/fileid_337,SKIPPED_EXISTING,0,0.0,,,slot0:id13:doa208.8;slot2:id19:doa303.9
338,/home/shaozi/ucl/code/audition_pipeline/data/dataset_4mic_3spk/Eval/mic/mic_fileid_338_doa129_3spk.wav,,/home/shaozi/ucl/code/audition_pipeline/ablation_study/baseline/ODAS/results/ODAS_n_loc+sep+pf/odas_outputs/fileid_338,SKIPPED_EXISTING,0,0.0,,,slot0:id35:doa130.8;slot1:id28:doa174.2;slot2:id25:doa322.2
339,/home/shaozi/ucl/code/audition_pipeline/data/dataset_4mic_3spk/Eval/mic/mic_fileid_339_doa48_3spk.wav,,/home/shaozi/ucl/code/audition_pipeline/ablation_study/baseline/ODAS/results/ODAS_n_loc+sep+pf/odas_outputs/fileid_339,SKIPPED_EXISTING,0,0.0,,,slot0:id1:doa55.7;slot2:id5:doa232.1
340,/home/shaozi/ucl/code/audition_pipeline/data/dataset_4mic_3spk/Eval/mic/mic_fileid_340_doa68_3spk.wav,,/home/shaozi/ucl/code/audition_pipeline/ablation_study/baseline/ODAS/results/ODAS_n_loc+sep+pf/odas_outputs/fileid_340,SKIPPED_EXISTING,0,0.0,,,slot0:id4:doa79.9;slot1:id9:doa260.3;slot2:id27:doa121.3
341,/home/shaozi/ucl/code/audition_pipeline/data/dataset_4mic_3spk/Eval/mic/mic_fileid_341_doa16_3spk.wav,,/home/shaozi/ucl/code/audition_pipeline/ablation_study/baseline/ODAS/results/ODAS_n_loc+sep+pf/odas_outputs/fileid_341,SKIPPED_EXISTING,0,0.0,,,slot0:id4:doa142.4;slot1:id17:doa190.9;slot2:id21:doa15.0
342,/home/shaozi/ucl/code/audition_pipeline/data/dataset_4mic_3spk/Eval/mic/mic_fileid_342_doa2_3spk.wav,,/home/shaozi/ucl/code/audition_pipeline/ablation_study/baseline/ODAS/results/ODAS_n_loc+sep+pf/odas_outputs/fileid_342,SKIPPED_EXISTING,0,0.0,,,slot0:id3:doa351.4;slot1:id16:doa57.1;slot2:id24:doa1.6
343,/home/shaozi/ucl/code/audition_pipeline/data/dataset_4mic_3spk/Eval/mic/mic_fileid_343_doa17_3spk.wav,,/home/shaozi/ucl/code/audition_pipeline/ablation_study/baseline/ODAS/results/ODAS_n_loc+sep+pf/odas_outputs/fileid_343,SKIPPED_EXISTING,0,0.0,,,slot0:id15:doa201.0;slot1:id3:doa47.0
344,/home/shaozi/ucl/code/audition_pipeline/data/dataset_4mic_3spk/Eval/mic/mic_fileid_344_doa9_3spk.wav,,/home/shaozi/ucl/code/audition_pipeline/ablation_study/baseline/ODAS/results/ODAS_n_loc+sep+pf/odas_outputs/fileid_344,SKIPPED_EXISTING,0,0.0,,,slot0:id12:doa318.0;slot1:id2:doa52.8;slot2:id21:doa5.4
345,/home/shaozi/ucl/code/audition_pipeline/data/dataset_4mic_3spk/Eval/mic/mic_fileid_345_doa61_3spk.wav,,/home/shaozi/ucl/code/audition_pipeline/ablation_study/baseline/ODAS/results/ODAS_n_loc+sep+pf/odas_outputs/fileid_345,SKIPPED_EXISTING,0,0.0,,,slot0:id14:doa155.2;slot1:id18:doa301.4;slot2:id3:doa73.2
346,/home/shaozi/ucl/code/audition_pipeline/data/dataset_4mic_3spk/Eval/mic/mic_fileid_346_doa62_3spk.wav,,/home/shaozi/ucl/code/audition_pipeline/ablation_study/baseline/ODAS/results/ODAS_n_loc+sep+pf/odas_outputs/fileid_346,SKIPPED_EXISTING,0,0.0,,,slot0:id6:doa68.8;slot1:id7:doa273.6;slot2:id8:doa284.2
347,/home/shaozi/ucl/code/audition_pipeline/data/dataset_4mic_3spk/Eval/mic/mic_fileid_347_doa18_3spk.wav,,/home/shaozi/ucl/code/audition_pipeline/ablation_study/baseline/ODAS/results/ODAS_n_loc+sep+pf/odas_outputs/fileid_347,SKIPPED_EXISTING,0,0.0,,,slot0:id10:doa180.1;slot1:id2:doa16.9;slot2:id14:doa309.6
348,/home/shaozi/ucl/code/audition_pipeline/data/dataset_4mic_3spk/Eval/mic/mic_fileid_348_doa57_3spk.wav,,/home/shaozi/ucl/code/audition_pipeline/ablation_study/baseline/ODAS/results/ODAS_n_loc+sep+pf/odas_outputs/fileid_348,SKIPPED_EXISTING,0,0.0,,,slot0:id4:doa177.0;slot2:id3:doa72.0
349,/home/shaozi/ucl/code/audition_pipeline/data/dataset_4mic_3spk/Eval/mic/mic_fileid_349_doa87_3spk.wav,,/home/shaozi/ucl/code/audition_pipeline/ablation_study/baseline/ODAS/results/ODAS_n_loc+sep+pf/odas_outputs/fileid_349,SKIPPED_EXISTING,0,0.0,,,slot0:id11:doa89.6;slot1:id47:doa168.0;slot2:id76:doa359.5
350,/home/shaozi/ucl/code/audition_pipeline/data/dataset_4mic_3spk/Eval/mic/mic_fileid_350_doa97_3spk.wav,,/home/shaozi/ucl/code/audition_pipeline/ablation_study/baseline/ODAS/results/ODAS_n_loc+sep+pf/odas_outputs/fileid_350,SKIPPED_EXISTING,0,0.0,,,slot0:id15:doa100.7;slot1:id2:doa334.6;slot2:id4:doa207.8
351,/home/shaozi/ucl/code/audition_pipeline/data/dataset_4mic_3spk/Eval/mic/mic_fileid_351_doa35_3spk.wav,,/home/shaozi/ucl/code/audition_pipeline/ablation_study/baseline/ODAS/results/ODAS_n_loc+sep+pf/odas_outputs/fileid_351,SKIPPED_EXISTING,0,0.0,,,slot0:id18:doa212.7;slot1:id2:doa141.5;slot2:id8:doa38.9
352,/home/shaozi/ucl/code/audition_pipeline/data/dataset_4mic_3spk/Eval/mic/mic_fileid_352_doa234_3spk.wav,,/home/shaozi/ucl/code/audition_pipeline/ablation_study/baseline/ODAS/results/ODAS_n_loc+sep+pf/odas_outputs/fileid_352,SKIPPED_EXISTING,0,0.0,,,slot0:id1:doa237.2;slot1:id2:doa320.8
353,/home/shaozi/ucl/code/audition_pipeline/data/dataset_4mic_3spk/Eval/mic/mic_fileid_353_doa27_3spk.wav,,/home/shaozi/ucl/code/audition_pipeline/ablation_study/baseline/ODAS/results/ODAS_n_loc+sep+pf/odas_outputs/fileid_353,SKIPPED_EXISTING,0,0.0,,,slot0:id1:doa2.1;slot1:id32:doa313.0
354,/home/shaozi/ucl/code/audition_pipeline/data/dataset_4mic_3spk/Eval/mic/mic_fileid_354_doa100_3spk.wav,,/home/shaozi/ucl/code/audition_pipeline/ablation_study/baseline/ODAS/results/ODAS_n_loc+sep+pf/odas_outputs/fileid_354,SKIPPED_EXISTING,0,0.0,,,slot0:id4:doa329.9;slot1:id49:doa96.4
355,/home/shaozi/ucl/code/audition_pipeline/data/dataset_4mic_3spk/Eval/mic/mic_fileid_355_doa22_3spk.wav,,/home/shaozi/ucl/code/audition_pipeline/ablation_study/baseline/ODAS/results/ODAS_n_loc+sep+pf/odas_outputs/fileid_355,SKIPPED_EXISTING,0,0.0,,,slot0:id51:doa284.8;slot1:id2:doa19.5;slot2:id59:doa173.9
356,/home/shaozi/ucl/code/audition_pipeline/data/dataset_4mic_3spk/Eval/mic/mic_fileid_356_doa17_3spk.wav,,/home/shaozi/ucl/code/audition_pipeline/ablation_study/baseline/ODAS/results/ODAS_n_loc+sep+pf/odas_outputs/fileid_356,SKIPPED_EXISTING,0,0.0,,,slot0:id12:doa307.3;slot1:id35:doa284.0;slot2:id3:doa211.1
357,/home/shaozi/ucl/code/audition_pipeline/data/dataset_4mic_3spk/Eval/mic/mic_fileid_357_doa155_3spk.wav,,/home/shaozi/ucl/code/audition_pipeline/ablation_study/baseline/ODAS/results/ODAS_n_loc+sep+pf/odas_outputs/fileid_357,SKIPPED_EXISTING,0,0.0,,,slot0:id15:doa151.6;slot1:id2:doa219.5;slot2:id16:doa327.8
358,/home/shaozi/ucl/code/audition_pipeline/data/dataset_4mic_3spk/Eval/mic/mic_fileid_358_doa96_3spk.wav,,/home/shaozi/ucl/code/audition_pipeline/ablation_study/baseline/ODAS/results/ODAS_n_loc+sep+pf/odas_outputs/fileid_358,SKIPPED_EXISTING,0,0.0,,,slot0:id32:doa309.1;slot1:id5:doa96.1;slot2:id86:doa171.0
359,/home/shaozi/ucl/code/audition_pipeline/data/dataset_4mic_3spk/Eval/mic/mic_fileid_359_doa92_3spk.wav,,/home/shaozi/ucl/code/audition_pipeline/ablation_study/baseline/ODAS/results/ODAS_n_loc+sep+pf/odas_outputs/fileid_359,SKIPPED_EXISTING,0,0.0,,,slot0:id7:doa89.8;slot1:id2:doa281.1
360,/home/shaozi/ucl/code/audition_pipeline/data/dataset_4mic_3spk/Eval/mic/mic_fileid_360_doa3_3spk.wav,,/home/shaozi/ucl/code/audition_pipeline/ablation_study/baseline/ODAS/results/ODAS_n_loc+sep+pf/odas_outputs/fileid_360,SKIPPED_EXISTING,0,0.0,,,slot0:id9:doa98.1;slot1:id7:doa3.7;slot2:id27:doa299.3
361,/home/shaozi/ucl/code/audition_pipeline/data/dataset_4mic_3spk/Eval/mic/mic_fileid_361_doa8_3spk.wav,,/home/shaozi/ucl/code/audition_pipeline/ablation_study/baseline/ODAS/results/ODAS_n_loc+sep+pf/odas_outputs/fileid_361,SKIPPED_EXISTING,0,0.0,,,slot0:id24:doa272.7;slot1:id13:doa228.0;slot2:id4:doa187.6
362,/home/shaozi/ucl/code/audition_pipeline/data/dataset_4mic_3spk/Eval/mic/mic_fileid_362_doa47_3spk.wav,,/home/shaozi/ucl/code/audition_pipeline/ablation_study/baseline/ODAS/results/ODAS_n_loc+sep+pf/odas_outputs/fileid_362,SKIPPED_EXISTING,0,0.0,,,slot0:id16:doa264.3;slot1:id2:doa126.2;slot2:id32:doa47.7
363,/home/shaozi/ucl/code/audition_pipeline/data/dataset_4mic_3spk/Eval/mic/mic_fileid_363_doa95_3spk.wav,,/home/shaozi/ucl/code/audition_pipeline/ablation_study/baseline/ODAS/results/ODAS_n_loc+sep+pf/odas_outputs/fileid_363,SKIPPED_EXISTING,0,0.0,,,slot0:id1:doa182.9;slot1:id6:doa266.9;slot2:id9:doa337.4
364,/home/shaozi/ucl/code/audition_pipeline/data/dataset_4mic_3spk/Eval/mic/mic_fileid_364_doa50_3spk.wav,,/home/shaozi/ucl/code/audition_pipeline/ablation_study/baseline/ODAS/results/ODAS_n_loc+sep+pf/odas_outputs/fileid_364,SKIPPED_EXISTING,0,0.0,,,slot0:id21:doa57.1;slot1:id5:doa336.3;slot2:id7:doa210.8
365,/home/shaozi/ucl/code/audition_pipeline/data/dataset_4mic_3spk/Eval/mic/mic_fileid_365_doa174_3spk.wav,,/home/shaozi/ucl/code/audition_pipeline/ablation_study/baseline/ODAS/results/ODAS_n_loc+sep+pf/odas_outputs/fileid_365,SKIPPED_EXISTING,0,0.0,,,slot0:id24:doa206.0;slot1:id58:doa253.6;slot2:id69:doa95.4
366,/home/shaozi/ucl/code/audition_pipeline/data/dataset_4mic_3spk/Eval/mic/mic_fileid_366_doa75_3spk.wav,,/home/shaozi/ucl/code/audition_pipeline/ablation_study/baseline/ODAS/results/ODAS_n_loc+sep+pf/odas_outputs/fileid_366,SKIPPED_EXISTING,0,0.0,,,slot0:id9:doa359.5;slot2:id16:doa179.9
367,/home/shaozi/ucl/code/audition_pipeline/data/dataset_4mic_3spk/Eval/mic/mic_fileid_367_doa110_3spk.wav,,/home/shaozi/ucl/code/audition_pipeline/ablation_study/baseline/ODAS/results/ODAS_n_loc+sep+pf/odas_outputs/fileid_367,SKIPPED_EXISTING,0,0.0,,,slot0:id13:doa270.4;slot1:id17:doa15.5
368,/home/shaozi/ucl/code/audition_pipeline/data/dataset_4mic_3spk/Eval/mic/mic_fileid_368_doa76_3spk.wav,,/home/shaozi/ucl/code/audition_pipeline/ablation_study/baseline/ODAS/results/ODAS_n_loc+sep+pf/odas_outputs/fileid_368,SKIPPED_EXISTING,0,0.0,,,slot0:id58:doa269.4;slot1:id85:doa79.2
369,/home/shaozi/ucl/code/audition_pipeline/data/dataset_4mic_3spk/Eval/mic/mic_fileid_369_doa27_3spk.wav,,/home/shaozi/ucl/code/audition_pipeline/ablation_study/baseline/ODAS/results/ODAS_n_loc+sep+pf/odas_outputs/fileid_369,SKIPPED_EXISTING,0,0.0,,,slot0:id8:doa168.3;slot1:id33:doa30.5;slot2:id34:doa318.0
370,/home/shaozi/ucl/code/audition_pipeline/data/dataset_4mic_3spk/Eval/mic/mic_fileid_370_doa148_3spk.wav,,/home/shaozi/ucl/code/audition_pipeline/ablation_study/baseline/ODAS/results/ODAS_n_loc+sep+pf/odas_outputs/fileid_370,SKIPPED_EXISTING,0,0.0,,,slot0:id1:doa294.9;slot1:id19:doa147.8;slot2:id21:doa310.6
371,/home/shaozi/ucl/code/audition_pipeline/data/dataset_4mic_3spk/Eval/mic/mic_fileid_371_doa68_3spk.wav,,/home/shaozi/ucl/code/audition_pipeline/ablation_study/baseline/ODAS/results/ODAS_n_loc+sep+pf/odas_outputs/fileid_371,SKIPPED_EXISTING,0,0.0,,,slot0:id4:doa307.6;slot1:id10:doa74.3;slot2:id29:doa190.0
372,/home/shaozi/ucl/code/audition_pipeline/data/dataset_4mic_3spk/Eval/mic/mic_fileid_372_doa161_3spk.wav,,/home/shaozi/ucl/code/audition_pipeline/ablation_study/baseline/ODAS/results/ODAS_n_loc+sep+pf/odas_outputs/fileid_372,SKIPPED_EXISTING,0,0.0,,,slot0:id7:doa162.2;slot1:id15:doa227.3;slot2:id31:doa330.3
373,/home/shaozi/ucl/code/audition_pipeline/data/dataset_4mic_3spk/Eval/mic/mic_fileid_373_doa55_3spk.wav,,/home/shaozi/ucl/code/audition_pipeline/ablation_study/baseline/ODAS/results/ODAS_n_loc+sep+pf/odas_outputs/fileid_373,SKIPPED_EXISTING,0,0.0,,,slot0:id1:doa277.6;slot1:id11:doa178.6;slot2:id10:doa69.2
374,/home/shaozi/ucl/code/audition_pipeline/data/dataset_4mic_3spk/Eval/mic/mic_fileid_374_doa92_3spk.wav,,/home/shaozi/ucl/code/audition_pipeline/ablation_study/baseline/ODAS/results/ODAS_n_loc+sep+pf/odas_outputs/fileid_374,SKIPPED_EXISTING,0,0.0,,,slot0:id5:doa92.6;slot1:id4:doa12.1;slot2:id14:doa256.0
375,/home/shaozi/ucl/code/audition_pipeline/data/dataset_4mic_3spk/Eval/mic/mic_fileid_375_doa192_3spk.wav,,/home/shaozi/ucl/code/audition_pipeline/ablation_study/baseline/ODAS/results/ODAS_n_loc+sep+pf/odas_outputs/fileid_375,SKIPPED_EXISTING,0,0.0,,,slot0:id19:doa192.9;slot1:id2:doa328.4
376,/home/shaozi/ucl/code/audition_pipeline/data/dataset_4mic_3spk/Eval/mic/mic_fileid_376_doa40_3spk.wav,,/home/shaozi/ucl/code/audition_pipeline/ablation_study/baseline/ODAS/results/ODAS_n_loc+sep+pf/odas_outputs/fileid_376,SKIPPED_EXISTING,0,0.0,,,slot0:id29:doa45.9;slot1:id25:doa152.7;slot2:id13:doa87.2
377,/home/shaozi/ucl/code/audition_pipeline/data/dataset_4mic_3spk/Eval/mic/mic_fileid_377_doa285_3spk.wav,,/home/shaozi/ucl/code/audition_pipeline/ablation_study/baseline/ODAS/results/ODAS_n_loc+sep+pf/odas_outputs/fileid_377,SKIPPED_EXISTING,0,0.0,,,slot0:id5:doa273.3;slot2:id11:doa339.4
378,/home/shaozi/ucl/code/audition_pipeline/data/dataset_4mic_3spk/Eval/mic/mic_fileid_378_doa15_3spk.wav,,/home/shaozi/ucl/code/audition_pipeline/ablation_study/baseline/ODAS/results/ODAS_n_loc+sep+pf/odas_outputs/fileid_378,SKIPPED_EXISTING,0,0.0,,,slot0:id45:doa27.0;slot1:id5:doa74.4;slot2:id37:doa292.0
379,/home/shaozi/ucl/code/audition_pipeline/data/dataset_4mic_3spk/Eval/mic/mic_fileid_379_doa53_3spk.wav,,/home/shaozi/ucl/code/audition_pipeline/ablation_study/baseline/ODAS/results/ODAS_n_loc+sep+pf/odas_outputs/fileid_379,SKIPPED_EXISTING,0,0.0,,,slot0:id31:doa204.3;slot1:id2:doa70.6;slot2:id30:doa250.9
380,/home/shaozi/ucl/code/audition_pipeline/data/dataset_4mic_3spk/Eval/mic/mic_fileid_380_doa120_3spk.wav,,/home/shaozi/ucl/code/audition_pipeline/ablation_study/baseline/ODAS/results/ODAS_n_loc+sep+pf/odas_outputs/fileid_380,SKIPPED_EXISTING,0,0.0,,,slot0:id3:doa298.2;slot1:id26:doa118.0;slot2:id16:doa214.3
381,/home/shaozi/ucl/code/audition_pipeline/data/dataset_4mic_3spk/Eval/mic/mic_fileid_381_doa212_3spk.wav,,/home/shaozi/ucl/code/audition_pipeline/ablation_study/baseline/ODAS/results/ODAS_n_loc+sep+pf/odas_outputs/fileid_381,SKIPPED_EXISTING,0,0.0,,,slot0:id17:doa240.8;slot1:id35:doa305.3
382,/home/shaozi/ucl/code/audition_pipeline/data/dataset_4mic_3spk/Eval/mic/mic_fileid_382_doa34_3spk.wav,,/home/shaozi/ucl/code/audition_pipeline/ablation_study/baseline/ODAS/results/ODAS_n_loc+sep+pf/odas_outputs/fileid_382,SKIPPED_EXISTING,0,0.0,,,slot0:id4:doa246.7;slot1:id60:doa33.5
383,/home/shaozi/ucl/code/audition_pipeline/data/dataset_4mic_3spk/Eval/mic/mic_fileid_383_doa0_3spk.wav,,/home/shaozi/ucl/code/audition_pipeline/ablation_study/baseline/ODAS/results/ODAS_n_loc+sep+pf/odas_outputs/fileid_383,SKIPPED_EXISTING,0,0.0,,,slot0:id46:doa170.8;slot1:id40:doa1.3
384,/home/shaozi/ucl/code/audition_pipeline/data/dataset_4mic_3spk/Eval/mic/mic_fileid_384_doa36_3spk.wav,,/home/shaozi/ucl/code/audition_pipeline/ablation_study/baseline/ODAS/results/ODAS_n_loc+sep+pf/odas_outputs/fileid_384,SKIPPED_EXISTING,0,0.0,,,slot0:id17:doa32.6;slot1:id9:doa264.1;slot2:id31:doa153.2
385,/home/shaozi/ucl/code/audition_pipeline/data/dataset_4mic_3spk/Eval/mic/mic_fileid_385_doa92_3spk.wav,,/home/shaozi/ucl/code/audition_pipeline/ablation_study/baseline/ODAS/results/ODAS_n_loc+sep+pf/odas_outputs/fileid_385,SKIPPED_EXISTING,0,0.0,,,slot0:id13:doa279.4;slot1:id15:doa209.5
386,/home/shaozi/ucl/code/audition_pipeline/data/dataset_4mic_3spk/Eval/mic/mic_fileid_386_doa35_3spk.wav,,/home/shaozi/ucl/code/audition_pipeline/ablation_study/baseline/ODAS/results/ODAS_n_loc+sep+pf/odas_outputs/fileid_386,SKIPPED_EXISTING,0,0.0,,,slot0:id40:doa220.1;slot1:id31:doa51.4;slot2:id34:doa141.3
387,/home/shaozi/ucl/code/audition_pipeline/data/dataset_4mic_3spk/Eval/mic/mic_fileid_387_doa54_3spk.wav,,/home/shaozi/ucl/code/audition_pipeline/ablation_study/baseline/ODAS/results/ODAS_n_loc+sep+pf/odas_outputs/fileid_387,SKIPPED_EXISTING,0,0.0,,,slot0:id1:doa154.9;slot2:id20:doa78.0
388,/home/shaozi/ucl/code/audition_pipeline/data/dataset_4mic_3spk/Eval/mic/mic_fileid_388_doa22_3spk.wav,,/home/shaozi/ucl/code/audition_pipeline/ablation_study/baseline/ODAS/results/ODAS_n_loc+sep+pf/odas_outputs/fileid_388,SKIPPED_EXISTING,0,0.0,,,slot0:id13:doa90.0;slot1:id33:doa19.4;slot2:id54:doa246.3
389,/home/shaozi/ucl/code/audition_pipeline/data/dataset_4mic_3spk/Eval/mic/mic_fileid_389_doa78_3spk.wav,,/home/shaozi/ucl/code/audition_pipeline/ablation_study/baseline/ODAS/results/ODAS_n_loc+sep+pf/odas_outputs/fileid_389,SKIPPED_EXISTING,0,0.0,,,slot0:id4:doa99.8
390,/home/shaozi/ucl/code/audition_pipeline/data/dataset_4mic_3spk/Eval/mic/mic_fileid_390_doa110_3spk.wav,,/home/shaozi/ucl/code/audition_pipeline/ablation_study/baseline/ODAS/results/ODAS_n_loc+sep+pf/odas_outputs/fileid_390,SKIPPED_EXISTING,0,0.0,,,slot0:id5:doa342.0;slot1:id12:doa255.3;slot2:id11:doa106.9
391,/home/shaozi/ucl/code/audition_pipeline/data/dataset_4mic_3spk/Eval/mic/mic_fileid_391_doa145_3spk.wav,,/home/shaozi/ucl/code/audition_pipeline/ablation_study/baseline/ODAS/results/ODAS_n_loc+sep+pf/odas_outputs/fileid_391,SKIPPED_EXISTING,0,0.0,,,slot1:id11:doa209.2;slot2:id36:doa145.6
392,/home/shaozi/ucl/code/audition_pipeline/data/dataset_4mic_3spk/Eval/mic/mic_fileid_392_doa16_3spk.wav,,/home/shaozi/ucl/code/audition_pipeline/ablation_study/baseline/ODAS/results/ODAS_n_loc+sep+pf/odas_outputs/fileid_392,SKIPPED_EXISTING,0,0.0,,,slot0:id20:doa209.0;slot1:id34:doa97.1;slot2:id42:doa17.9
393,/home/shaozi/ucl/code/audition_pipeline/data/dataset_4mic_3spk/Eval/mic/mic_fileid_393_doa13_3spk.wav,,/home/shaozi/ucl/code/audition_pipeline/ablation_study/baseline/ODAS/results/ODAS_n_loc+sep+pf/odas_outputs/fileid_393,SKIPPED_EXISTING,0,0.0,,,slot0:id21:doa304.9;slot1:id2:doa205.9;slot2:id35:doa52.5
394,/home/shaozi/ucl/code/audition_pipeline/data/dataset_4mic_3spk/Eval/mic/mic_fileid_394_doa77_3spk.wav,,/home/shaozi/ucl/code/audition_pipeline/ablation_study/baseline/ODAS/results/ODAS_n_loc+sep+pf/odas_outputs/fileid_394,SKIPPED_EXISTING,0,0.0,,,slot0:id18:doa79.4;slot1:id2:doa139.7;slot2:id6:doa331.2
395,/home/shaozi/ucl/code/audition_pipeline/data/dataset_4mic_3spk/Eval/mic/mic_fileid_395_doa31_3spk.wav,,/home/shaozi/ucl/code/audition_pipeline/ablation_study/baseline/ODAS/results/ODAS_n_loc+sep+pf/odas_outputs/fileid_395,SKIPPED_EXISTING,0,0.0,,,slot0:id1:doa242.8;slot1:id14:doa311.7
396,/home/shaozi/ucl/code/audition_pipeline/data/dataset_4mic_3spk/Eval/mic/mic_fileid_396_doa107_3spk.wav,,/home/shaozi/ucl/code/audition_pipeline/ablation_study/baseline/ODAS/results/ODAS_n_loc+sep+pf/odas_outputs/fileid_396,SKIPPED_EXISTING,0,0.0,,,slot0:id29:doa211.8;slot1:id38:doa331.3;slot2:id33:doa111.5
397,/home/shaozi/ucl/code/audition_pipeline/data/dataset_4mic_3spk/Eval/mic/mic_fileid_397_doa73_3spk.wav,,/home/shaozi/ucl/code/audition_pipeline/ablation_study/baseline/ODAS/results/ODAS_n_loc+sep+pf/odas_outputs/fileid_397,SKIPPED_EXISTING,0,0.0,,,slot0:id56:doa260.6;slot1:id40:doa82.7;slot2:id15:doa198.2
398,/home/shaozi/ucl/code/audition_pipeline/data/dataset_4mic_3spk/Eval/mic/mic_fileid_398_doa14_3spk.wav,,/home/shaozi/ucl/code/audition_pipeline/ablation_study/baseline/ODAS/results/ODAS_n_loc+sep+pf/odas_outputs/fileid_398,SKIPPED_EXISTING,0,0.0,,,slot0:id4:doa173.9;slot1:id3:doa287.0;slot2:id30:doa75.5
399,/home/shaozi/ucl/code/audition_pipeline/data/dataset_4mic_3spk/Eval/mic/mic_fileid_399_doa240_3spk.wav,,/home/shaozi/ucl/code/audition_pipeline/ablation_study/baseline/ODAS/results/ODAS_n_loc+sep+pf/odas_outputs/fileid_399,SKIPPED_EXISTING,0,0.0,,,slot0:id1:doa289.0;slot1:id29:doa239.8;slot2:id3:doa49.5
