fileid,mic_file,method,audio_stage,speaker_id,duration_sec,gt_doa,selected_wav,selection_strategy,selected_source_index,predicted_doa,doa_error_deg,separated_wav_count,gt_text_file,wer,edit_distance,ref_words,input_sdr,sdr,sdr_i,input_si_sdr,si_sdr,si_sdr_i,input_wb_pesq,wb_pesq,wb_pesq_i,pesq_error,reference,hypothesis,whisper_sec,total_sec,whisper_rtf,total_rtf,under_realtime
0,/home/shaozi/ucl/code/audition_pipeline/data/dataset_4mic_3spk/Eval/mic/mic_fileid_0_doa73_3spk.wav,ODAS-SSL-SST-DGSS-MS,separated,1,17.622,73,/home/shaozi/ucl/code/audition_pipeline/ablation_study/baseline/ODAS/results/ODAS_n_loc+sep+pf/odas_outputs/fileid_0/odas_separated_preddoa072_slot2.wav,nearest_predicted_doa_to_spk1_gt_doa,2,72.38099240531159,0.6190075946884122,3,/home/shaozi/ucl/code/audition_pipeline/data/dataset_4mic_3spk/Eval/text/text_fileid_0_doa73_spk1.txt,0.23684210526315788,9,38,5.568976565673809,-0.8198782318523508,-6.38885479752616,4.863815458954358,-23.121253477017213,-27.98506893597157,1.3355612754821777,1.3095165491104126,-0.026044726371765137,,BUT BEFORE HIS ARRIVAL LIFE WAS EXTINCT THE COUNT IS INSANE WITH GRIEF MORE ESPECIALLY BECAUSE THE MAID DISCOVERED THAT HER LADYSHIP HAD LEFT A LETTER TO SOME MAN SHE CALLS DICK TELLING HIM THAT SHE LOVED HIM,"But you know he's arrived only if life is extinct. The Count is insane with grief, more especially because the maid discovered that her lady shivered left a letter to some man she calls Dick, telling him that she loved him.",0.669575268000699,0.669575268000699,0.0379965536261888,0.0379965536261888,1
1,/home/shaozi/ucl/code/audition_pipeline/data/dataset_4mic_3spk/Eval/mic/mic_fileid_1_doa82_3spk.wav,ODAS-SSL-SST-DGSS-MS,separated,1,16.681375,187,/home/shaozi/ucl/code/audition_pipeline/ablation_study/baseline/ODAS/results/ODAS_n_loc+sep+pf/odas_outputs/fileid_1/odas_separated_preddoa186_slot0.wav,nearest_predicted_doa_to_spk1_gt_doa,0,186.19192477300868,0.8080752269913205,3,/home/shaozi/ucl/code/audition_pipeline/data/dataset_4mic_3spk/Eval/text/text_fileid_1_doa187_spk1.txt,0.65625,21,32,5.829855063155668,-1.0774908091274011,-6.907345872283068,4.5924497068277095,-17.963662691380165,-22.556112398207873,1.2753520011901855,1.1544296741485596,-0.12092232704162598,,BUT THE PRECAUTIONS WHICH HAVE BEEN SO HAPPILY CONCERTED IN THE SYSTEM UNDER CONSIDERATION PROMISE AN EFFECTUAL SECURITY AGAINST THIS MISCHIEF THE CHOICE OF SEVERAL TO FORM AN INTERMEDIATE BODY OF ELECTORS,which have been so happily prepared to be submitted in consideration of the promise of an official security against this mischief of the government. The choice of several to form an intermediate body of electors brought the Westons and Mr. Knight,0.2860265680010343,0.2860265680010343,0.01714646232705843,0.01714646232705843,1
2,/home/shaozi/ucl/code/audition_pipeline/data/dataset_4mic_3spk/Eval/mic/mic_fileid_2_doa36_3spk.wav,ODAS-SSL-SST-DGSS-MS,separated,1,17.43025,36,/home/shaozi/ucl/code/audition_pipeline/ablation_study/baseline/ODAS/results/ODAS_n_loc+sep+pf/odas_outputs/fileid_2/odas_separated_preddoa038_slot0.wav,nearest_predicted_doa_to_spk1_gt_doa,0,38.09316066394143,2.0931606639414326,3,/home/shaozi/ucl/code/audition_pipeline/data/dataset_4mic_3spk/Eval/text/text_fileid_2_doa36_spk1.txt,0.3902439024390244,16,41,4.863127876694119,-0.8056874606072146,-5.668815337301333,5.014363450529384,-48.2375631459628,-53.25192659649218,1.2396373748779297,1.1893272399902344,-0.05031013488769531,,OR WASHING OR CHURNING DAYS HER LIFE WAS QUIET AND MONOTONOUS ALTHOUGH HARD WORKING AND WHILE HER HANDS MECHANICALLY FOUND AND DID THEIR ACCUSTOMED LABOUR THE THOUGHTS THAT ROSE IN HER HEAD ALWAYS CENTRED ON CHARLEY KINRAID HIS WAYS HIS WORDS,"Thank you for joining us. Her life was quiet and notness, although hardworking. And while her hands mechanically found and did the recustom labor, the thoughts that Rem's in her head always centered on Charlie Cajet and his ways, his words.",0.3229836869995779,0.3229836869995779,0.01853006623539983,0.01853006623539983,1
3,/home/shaozi/ucl/code/audition_pipeline/data/dataset_4mic_3spk/Eval/mic/mic_fileid_3_doa39_3spk.wav,ODAS-SSL-SST-DGSS-MS,separated,1,14.798375,39,/home/shaozi/ucl/code/audition_pipeline/ablation_study/baseline/ODAS/results/ODAS_n_loc+sep+pf/odas_outputs/fileid_3/odas_separated_preddoa039_slot1.wav,nearest_predicted_doa_to_spk1_gt_doa,1,38.707446588499124,0.2925534115008759,3,/home/shaozi/ucl/code/audition_pipeline/data/dataset_4mic_3spk/Eval/text/text_fileid_3_doa39_spk1.txt,0.5,17,34,5.07284422229962,-0.9118829763960397,-5.98472719869566,4.855952595968615,-23.694500430811726,-28.55045302678034,1.2316536903381348,1.2009962797164917,-0.030657410621643066,,WHICH TAKES OVER THE USUAL STREAM OF CONSCIOUSNESS TYPE OF THINKING IT IS IMPLIED THAT THE PROCESS MAY BE ATAVISTIC ONE OF THE NEWER THEORIES ONE HELD BY DOCTOR LEWIS R WOLBERG A PSYCHOANALYST,"It is implied that the process may be anivist and new through. One of the newer theories, one held by Dr. Louis R. Wolberg, a psychoanalyst.",0.22336801500023284,0.22336801500023284,0.015094090736329687,0.015094090736329687,1
4,/home/shaozi/ucl/code/audition_pipeline/data/dataset_4mic_3spk/Eval/mic/mic_fileid_4_doa26_3spk.wav,ODAS-SSL-SST-DGSS-MS,separated,1,15.334625,26,/home/shaozi/ucl/code/audition_pipeline/ablation_study/baseline/ODAS/results/ODAS_n_loc+sep+pf/odas_outputs/fileid_4/odas_separated_preddoa031_slot1.wav,nearest_predicted_doa_to_spk1_gt_doa,1,31.047263920893148,5.047263920893158,3,/home/shaozi/ucl/code/audition_pipeline/data/dataset_4mic_3spk/Eval/text/text_fileid_4_doa26_spk1.txt,0.1875,6,32,4.713929594974729,-0.34666064919956635,-5.060590244174295,3.797294258424958,-18.25782056786977,-22.05511482629473,1.250014066696167,1.166191577911377,-0.08382248878479004,,THE PUBLICATION IF MADE AT ALL SHOULD BE EFFECTED AS SOON AS POSSIBLE AFTER MY DEATH MY FATHER DIED ON THE SIXTH OF DECEMBER EIGHTEEN EIGHTY TWO IT WILL BE SEEN THEREFORE,"The location, if made at all, should be affected as soon as possible after my death. My father died on the 6th of December, 1882. It will be seen, therefore.",0.2417646190006053,0.2417646190006053,0.0157659296527046,0.0157659296527046,1
5,/home/shaozi/ucl/code/audition_pipeline/data/dataset_4mic_3spk/Eval/mic/mic_fileid_5_doa60_3spk.wav,ODAS-SSL-SST-DGSS-MS,separated,1,15.43125,338,/home/shaozi/ucl/code/audition_pipeline/ablation_study/baseline/ODAS/results/ODAS_n_loc+sep+pf/odas_outputs/fileid_5/odas_separated_preddoa333_slot1.wav,nearest_predicted_doa_to_spk1_gt_doa,1,332.68355076593264,5.316449234067363,3,/home/shaozi/ucl/code/audition_pipeline/data/dataset_4mic_3spk/Eval/text/text_fileid_5_doa338_spk1.txt,0.23076923076923078,9,39,4.106328036680454,-1.4371595692185215,-5.543487605898975,4.225754290943277,-43.432491860397604,-47.65824615134088,1.1749225854873657,1.183715581893921,0.008792996406555176,,HOW TRUE WHEN ONE HAS THE HONOR OF BEING AN EXPERT AS MASTER IS ONE MUSTN'T LAY HIMSELF OPEN TO CONSEIL DIDN'T HAVE TIME TO COMPLETE THE COMPLIMENT IN THE MIDST OF THE GENERAL SILENCE A VOICE BECAME AUDIBLE,"True. When one has the honor of being an expert as master is, one must let himself open to. Kosei didn't have time to complete the compliment. And in the midst of the general silence of voice-meeting Audeburg.",0.3125513220002176,0.3125513220002176,0.02025443965979539,0.02025443965979539,1
6,/home/shaozi/ucl/code/audition_pipeline/data/dataset_4mic_3spk/Eval/mic/mic_fileid_6_doa30_3spk.wav,ODAS-SSL-SST-DGSS-MS,separated,1,15.101125,140,/home/shaozi/ucl/code/audition_pipeline/ablation_study/baseline/ODAS/results/ODAS_n_loc+sep+pf/odas_outputs/fileid_6/odas_separated_preddoa132_slot1.wav,nearest_predicted_doa_to_spk1_gt_doa,1,131.82025173935165,8.179748260648353,2,/home/shaozi/ucl/code/audition_pipeline/data/dataset_4mic_3spk/Eval/text/text_fileid_6_doa140_spk1.txt,0.3783783783783784,14,37,5.136439750747767,-0.3883856960610366,-5.524825446808804,3.9531159471488664,-16.73350216209509,-20.686618109243955,1.213527798652649,1.2033250331878662,-0.010202765464782715,,HE WORE A BLOUSE AND UNDER HIS BLOUSE AN OLD BLACK COAT HE MADE PRETENSIONS TO LITERATURE AND TO MATERIALISM THERE WERE CERTAIN NAMES WHICH HE OFTEN PRONOUNCED TO SUPPORT WHATEVER THINGS HE MIGHT BE SAYING VOLTAIRE,We made pretensions to literature and to materialism. There were certain names which are often pronounced to support whatever things he might be saying. Voltaire.,0.22165649400085385,0.22165649400085385,0.014678144442937455,0.014678144442937455,1
7,/home/shaozi/ucl/code/audition_pipeline/data/dataset_4mic_3spk/Eval/mic/mic_fileid_7_doa57_3spk.wav,ODAS-SSL-SST-DGSS-MS,separated,1,13.9115,57,/home/shaozi/ucl/code/audition_pipeline/ablation_study/baseline/ODAS/results/ODAS_n_loc+sep+pf/odas_outputs/fileid_7/odas_separated_preddoa057_slot0.wav,nearest_predicted_doa_to_spk1_gt_doa,0,56.69417203580608,0.30582796419392366,2,/home/shaozi/ucl/code/audition_pipeline/data/dataset_4mic_3spk/Eval/text/text_fileid_7_doa57_spk1.txt,0.782608695652174,18,23,3.90807881016848,-1.413250424186442,-5.321329234354922,2.2040777620315395,-31.193035410255774,-33.39711317228731,1.1526575088500977,1.1253933906555176,-0.027264118194580078,,THOSE BULLET HOLES IN THE BACK OF THE CAR WERE FIRED FROM ABOVE AND BEHIND THE MACHINE THEY SLANTED DOWN BUT NOT SIDEWISE,"Golden holes in the back of the car were fired from above and behind the machine. They slanted down, but not side with the front. It's not the ability to jerk the ore from you's hand, huh?",0.2864705720003258,0.2864705720003258,0.020592356827108922,0.020592356827108922,1
8,/home/shaozi/ucl/code/audition_pipeline/data/dataset_4mic_3spk/Eval/mic/mic_fileid_8_doa80_3spk.wav,ODAS-SSL-SST-DGSS-MS,separated,1,17.153125,333,/home/shaozi/ucl/code/audition_pipeline/ablation_study/baseline/ODAS/results/ODAS_n_loc+sep+pf/odas_outputs/fileid_8/odas_separated_preddoa333_slot2.wav,nearest_predicted_doa_to_spk1_gt_doa,2,333.4296906577324,0.429690657732408,3,/home/shaozi/ucl/code/audition_pipeline/data/dataset_4mic_3spk/Eval/text/text_fileid_8_doa333_spk1.txt,0.9818181818181818,54,55,6.214864876700176,-0.4047707643374938,-6.61963564103767,5.256323212439473,-44.63304148518938,-49.88936469762886,1.2348089218139648,1.155202865600586,-0.0796060562133789,,THEY WANTED TO LEARN THE GAME AT TWO O'CLOCK THE CAPTAIN ASKED THE MATE HOW WE WERE GETTING ON OH PRETTY GLIBLY SIR REPLIED THE MATE WE CAN SCARCELY TELL WHAT HEADWAY WE ARE MAKING FOR WE ARE OBLIGED TO KEEP THE MIDDLE OF THE RIVER AND THERE IS THE SHADOW OF A FOG RISING,La Laura sta Engagement history her Aww Watch She's Is,1.1450913899989246,1.1450913899989246,0.06675701308064418,0.06675701308064418,1
9,/home/shaozi/ucl/code/audition_pipeline/data/dataset_4mic_3spk/Eval/mic/mic_fileid_9_doa85_3spk.wav,ODAS-SSL-SST-DGSS-MS,separated,1,16.73125,314,/home/shaozi/ucl/code/audition_pipeline/ablation_study/baseline/ODAS/results/ODAS_n_loc+sep+pf/odas_outputs/fileid_9/odas_separated_preddoa312_slot0.wav,nearest_predicted_doa_to_spk1_gt_doa,0,312.2257893329061,1.7742106670938824,3,/home/shaozi/ucl/code/audition_pipeline/data/dataset_4mic_3spk/Eval/text/text_fileid_9_doa314_spk1.txt,0.1794871794871795,7,39,4.895610035616656,-1.2016489001583004,-6.097258935774956,4.025795922646877,-36.36868799981676,-40.394483922463635,1.1800642013549805,1.2177082300186157,0.037644028663635254,,THE DEAF GENTLEMAN SUBMITTED WHY DID YOU INVITE YOURSELF BECAUSE A TEA PARTY IS NOT COMPLETE WITHOUT A WOMAN HER MANNER WAS AS STRANGELY ALTERED AS HER LOOKS THAT SHE WAS BESIDE HERSELF FOR THE MOMENT I CLEARLY SAW,"The next gentleman is admitting, why did you invite her? Because a tea party is not complete without one connector. Her manner was as strangely altered as her look. That she was beside herself for the moment I clearly saw.",0.2997364849998121,0.2997364849998121,0.017914769368685073,0.017914769368685073,1
10,/home/shaozi/ucl/code/audition_pipeline/data/dataset_4mic_3spk/Eval/mic/mic_fileid_10_doa3_3spk.wav,ODAS-SSL-SST-DGSS-MS,separated,1,15.430875,3,/home/shaozi/ucl/code/audition_pipeline/ablation_study/baseline/ODAS/results/ODAS_n_loc+sep+pf/odas_outputs/fileid_10/odas_separated_preddoa001_slot1.wav,nearest_predicted_doa_to_spk1_gt_doa,1,0.788258504623769,2.2117414953762307,2,/home/shaozi/ucl/code/audition_pipeline/data/dataset_4mic_3spk/Eval/text/text_fileid_10_doa3_spk1.txt,0.8,36,45,7.44453005086042,-0.48755509556238774,-7.932085146422808,6.582216348176933,-43.31465748217438,-49.89687383035132,1.1794668436050415,1.0777947902679443,-0.10167205333709717,,HERE HE SAW CLIENTS WHEN MISTER CARLYLE WAS OUT OR ENGAGED AND HERE HE ISSUED PRIVATE ORDERS A LITTLE WINDOW NOT LARGER THAN A PANE OF GLASS LOOKED OUT FROM THE CLERK'S OFFICE THEY CALLED IT OLD DILL'S PEEP HOLE AND WISHED IT ANYWHERE ELSE,They called it old Bill's people and wished it anywhere else.,0.1025176779985486,0.1025176779985486,0.006643672377525487,0.006643672377525487,1
11,/home/shaozi/ucl/code/audition_pipeline/data/dataset_4mic_3spk/Eval/mic/mic_fileid_11_doa93_3spk.wav,ODAS-SSL-SST-DGSS-MS,separated,1,15.721,264,/home/shaozi/ucl/code/audition_pipeline/ablation_study/baseline/ODAS/results/ODAS_n_loc+sep+pf/odas_outputs/fileid_11/odas_separated_preddoa254_slot1.wav,nearest_predicted_doa_to_spk1_gt_doa,1,253.5099362376731,10.490063762326912,2,/home/shaozi/ucl/code/audition_pipeline/data/dataset_4mic_3spk/Eval/text/text_fileid_11_doa264_spk1.txt,0.71875,23,32,4.3507104076795775,-0.6177414909376159,-4.968451898617193,2.5172197822659967,-32.55001773537978,-35.06723751764578,1.2188899517059326,1.1741176843643188,-0.04477226734161377,,SEES ME BOWLING ALONG THE ROAD STRAIGHTWAY DELIVERS HIMSELF OF A YELL PURE AND SIMPLE AT PERRYSBURG I STRIKE THE FAMOUS MAUMEE PIKE FORTY MILES OF STONE ROAD ALMOST A DEAD LEVEL,"Seed's revolution on the road, throwing wades of the soot south of the gas, pure and simple. The Perrysbury guy struck the thing that swammy pipe. 40 miles of stone road, almost to dead levels.",0.33298118300081114,0.33298118300081114,0.02118066172640488,0.02118066172640488,1
12,/home/shaozi/ucl/code/audition_pipeline/data/dataset_4mic_3spk/Eval/mic/mic_fileid_12_doa38_3spk.wav,ODAS-SSL-SST-DGSS-MS,separated,1,17.289,38,/home/shaozi/ucl/code/audition_pipeline/ablation_study/baseline/ODAS/results/ODAS_n_loc+sep+pf/odas_outputs/fileid_12/odas_separated_preddoa038_slot0.wav,nearest_predicted_doa_to_spk1_gt_doa,0,37.75005432438193,0.24994567561807912,3,/home/shaozi/ucl/code/audition_pipeline/data/dataset_4mic_3spk/Eval/text/text_fileid_12_doa38_spk1.txt,0.4,16,40,3.0117120171854905,-1.0066554984609952,-4.018367515646486,2.3108811519215955,-19.727261767275934,-22.03814291919753,1.4103443622589111,1.354329228401184,-0.05601513385772705,,OF ANY OTHER MATTER WHICH MIGHT HAVE BEEN PREYING UPON HER HUSBAND'S MIND RECENTLY MISSUS MANDERSON KNEW OF NONE WHATEVER THE CORONER INTIMATED THAT HER ORDEAL WAS AT AN END AND THE VEILED LADY MADE HER WAY TO THE DOOR,"of any other map which might have been traced upon her house in San Luis. Ms. Madison knew of none of the rest. The coroner intimately dealt her ordeal on what is at an end, and the veiled lady made her way to the door.",0.35313444399980654,0.35313444399980654,0.02042538284457207,0.02042538284457207,1
13,/home/shaozi/ucl/code/audition_pipeline/data/dataset_4mic_3spk/Eval/mic/mic_fileid_13_doa5_3spk.wav,ODAS-SSL-SST-DGSS-MS,separated,1,17.47475,5,/home/shaozi/ucl/code/audition_pipeline/ablation_study/baseline/ODAS/results/ODAS_n_loc+sep+pf/odas_outputs/fileid_13/odas_separated_preddoa336_slot1.wav,nearest_predicted_doa_to_spk1_gt_doa,1,335.7624102519256,29.237589748074413,2,/home/shaozi/ucl/code/audition_pipeline/data/dataset_4mic_3spk/Eval/text/text_fileid_13_doa5_spk1.txt,1.0,39,39,4.507896838221571,-0.5945939512348613,-5.102490789456432,3.7215280938560187,-16.908195022010982,-20.629723115867,1.3005075454711914,1.1936180591583252,-0.10688948631286621,,NO MATTER HOW DIFFICULT HE MUST SUCCEED IN IT OR DIE THEY DID NOT THINK LONG BUT REPLIED LET HIM BUILD YOUR MAJESTY IN ONE DAY A MORE BEAUTIFUL PALACE THAN THIS AND IF HE FAILS IN THE ATTEMPT,AstraZeneca logo,0.3630286139996315,0.3630286139996315,0.02077446681638544,0.02077446681638544,1
14,/home/shaozi/ucl/code/audition_pipeline/data/dataset_4mic_3spk/Eval/mic/mic_fileid_14_doa181_3spk.wav,ODAS-SSL-SST-DGSS-MS,separated,1,17.749,181,/home/shaozi/ucl/code/audition_pipeline/ablation_study/baseline/ODAS/results/ODAS_n_loc+sep+pf/odas_outputs/fileid_14/odas_separated_preddoa182_slot1.wav,nearest_predicted_doa_to_spk1_gt_doa,1,182.3969488028219,1.3969488028218962,3,/home/shaozi/ucl/code/audition_pipeline/data/dataset_4mic_3spk/Eval/text/text_fileid_14_doa181_spk1.txt,0.5476190476190477,23,42,5.70254806064969,-0.3097339026453093,-6.012281963294999,5.878008946627913,-22.49968814747085,-28.377697094098764,1.3085827827453613,1.1065285205841064,-0.20205426216125488,,THIS WAS A CURIOUS CONSOLATION THE TWO SPENT HOURS TOGETHER SOMETIMES IN THE TINY PARLOR STUMBLING OVER BERLIN WOOL DIFFICULTIES AND NOW AND THEN WANDERING TO AND FRO CONVERSATIONALLY FROM PRISCILLA TO THE OCTAGON STITCH AND FROM THE OCTAGON STITCH TO DENIS,"Sometimes he's a tiny carlip, stumbling over for little difficulties and now and then wondering if true and pro, conversational, from per se to the octagon stitch and from the octagon stitch to Dennis.",0.29770394199840666,0.29770394199840666,0.01677299802796815,0.01677299802796815,1
15,/home/shaozi/ucl/code/audition_pipeline/data/dataset_4mic_3spk/Eval/mic/mic_fileid_15_doa78_3spk.wav,ODAS-SSL-SST-DGSS-MS,separated,1,15.6375,266,/home/shaozi/ucl/code/audition_pipeline/ablation_study/baseline/ODAS/results/ODAS_n_loc+sep+pf/odas_outputs/fileid_15/odas_separated_preddoa276_slot0.wav,nearest_predicted_doa_to_spk1_gt_doa,0,276.32572510588113,10.325725105881133,3,/home/shaozi/ucl/code/audition_pipeline/data/dataset_4mic_3spk/Eval/text/text_fileid_15_doa266_spk1.txt,0.4722222222222222,17,36,5.416050440078651,-0.8945907934149842,-6.3106412334936355,4.383063203187206,-46.79604290202707,-51.179106105214274,1.276834487915039,1.1608548164367676,-0.11597967147827148,,WHEN ON SHORE HE FOLLOWED HIS FAVORITES LIKE A DOG AND WAS NEVER KNOWN TO ROOT EXCEPT IN SPEECH AND APPEARANCE HE WAS THE COUNTERPART OF A HAPPY GOOD NATURED AND WELL CARED FOR HOUSEHOLD DOG,"He followed his favorite like his own, but he was never known to lose. Except when speech didn't appear, he was the cornerpollice. Happy, good, and well cared for, possible dog.",0.28217998100080877,0.28217998100080877,0.01804508271787746,0.01804508271787746,1
16,/home/shaozi/ucl/code/audition_pipeline/data/dataset_4mic_3spk/Eval/mic/mic_fileid_16_doa36_3spk.wav,ODAS-SSL-SST-DGSS-MS,separated,1,15.665875,36,/home/shaozi/ucl/code/audition_pipeline/ablation_study/baseline/ODAS/results/ODAS_n_loc+sep+pf/odas_outputs/fileid_16/odas_separated_preddoa032_slot0.wav,nearest_predicted_doa_to_spk1_gt_doa,0,32.37188278570286,3.6281172142971343,3,/home/shaozi/ucl/code/audition_pipeline/data/dataset_4mic_3spk/Eval/text/text_fileid_16_doa36_spk1.txt,0.2,8,40,4.715887579519538,-0.6147328469029298,-5.330620426422468,5.223743296344692,-26.09756379972832,-31.321307096073014,1.2247428894042969,1.1892502307891846,-0.035492658615112305,,ONE HOT SUMMER DAY A FEW MONTHS AFTER THE MARRIAGE JULIET RETURNING TO THE CONSULATE AFTER A MORNING SPENT IN VERY ACTIVE EXERCISE UPON A TENNIS COURT WAS MET ON THE DOORSTEP BY DORA THE YOUNGEST OF THE CLARENCY BUTCHERS,"Summer day, a few months after the marriage, Julia, returning to the consulate after a man spent a very active exercise on the tennis court, was met on the doorstep by Dora, the youngest of the Torrancey butchers.",0.3209569760001614,0.3209569760001614,0.020487650769597063,0.020487650769597063,1
17,/home/shaozi/ucl/code/audition_pipeline/data/dataset_4mic_3spk/Eval/mic/mic_fileid_17_doa99_3spk.wav,ODAS-SSL-SST-DGSS-MS,separated,1,16.526625,99,/home/shaozi/ucl/code/audition_pipeline/ablation_study/baseline/ODAS/results/ODAS_n_loc+sep+pf/odas_outputs/fileid_17/odas_separated_preddoa099_slot0.wav,nearest_predicted_doa_to_spk1_gt_doa,0,99.44469251370852,0.44469251370850316,2,/home/shaozi/ucl/code/audition_pipeline/data/dataset_4mic_3spk/Eval/text/text_fileid_17_doa99_spk1.txt,0.0784313725490196,4,51,4.538646043512617,-1.8722099757301367,-6.410856019242753,3.5000313464479675,-23.280305621671523,-26.780336968119492,1.4027400016784668,1.2796512842178345,-0.12308871746063232,,WASN'T SHE LATER ON ENGAGED TO A MAN WHOM SHE REALLY LOVED YES THAT WAS IT AND DURING ALL THE TIME SHE KEPT UP HER OLD LIAISON THE AUTHOR WANTED TO SHOW THAT A WOMAN CAN LOVE IN TWO WAYS A MAN ONLY IN ONE THAT'S TRUE ENOUGH ISN'T IT CERTAINLY,"Wasn't she later on engaged to a man who she really loved? Yes, that was it. And during all the time she kept up her old liaison. The author wanted to show that a woman can love and to lay a man only in one. That's true enough, isn't it? Certainly.",0.41079059000003326,0.41079059000003326,0.02485629037991927,0.02485629037991927,1
18,/home/shaozi/ucl/code/audition_pipeline/data/dataset_4mic_3spk/Eval/mic/mic_fileid_18_doa181_3spk.wav,ODAS-SSL-SST-DGSS-MS,separated,1,15.649,181,/home/shaozi/ucl/code/audition_pipeline/ablation_study/baseline/ODAS/results/ODAS_n_loc+sep+pf/odas_outputs/fileid_18/odas_separated_preddoa182_slot0.wav,nearest_predicted_doa_to_spk1_gt_doa,0,182.35424068193407,1.3542406819340727,3,/home/shaozi/ucl/code/audition_pipeline/data/dataset_4mic_3spk/Eval/text/text_fileid_18_doa181_spk1.txt,0.6444444444444445,29,45,5.032712299136866,-0.5895491410104358,-5.622261440147302,5.4186325189616,-22.003090313023634,-27.421722831985235,1.3465945720672607,1.1184420585632324,-0.22815251350402832,,AND DON'T I HOPE THAT FIRST PICTURE TURNS OUT GOOD IT WAS A REMARKABLE POSE IF ONLY THE FOCUS WAS RIGHT HE STARTED TOWARD THE CABIN DOOR AS THOUGH ANXIOUS TO DEVELOP HIS ROLL OF FILM AND DISCOVER WHAT SUCCESS HIS LABOR HAD RESULTED IN,I started toward the cabin door as though I had just developed his role as a film to discover what success his labor had resulted in.,0.18666698900051415,0.18666698900051415,0.011928365326890802,0.011928365326890802,1
19,/home/shaozi/ucl/code/audition_pipeline/data/dataset_4mic_3spk/Eval/mic/mic_fileid_19_doa121_3spk.wav,ODAS-SSL-SST-DGSS-MS,separated,1,17.152125,340,/home/shaozi/ucl/code/audition_pipeline/ablation_study/baseline/ODAS/results/ODAS_n_loc+sep+pf/odas_outputs/fileid_19/odas_separated_preddoa339_slot0.wav,nearest_predicted_doa_to_spk1_gt_doa,0,339.0195532438084,0.9804467561916113,3,/home/shaozi/ucl/code/audition_pipeline/data/dataset_4mic_3spk/Eval/text/text_fileid_19_doa340_spk1.txt,0.11904761904761904,5,42,6.963142319533812,-1.9141806782484874,-8.877322997782299,6.300918608916667,-21.799145411972024,-28.10006402088869,1.340700626373291,1.2889231443405151,-0.05177748203277588,,THE INJURIES TO DAK KOVA HAD DELAYED THE MARCH SO GREATLY THAT IT WAS DECIDED TO GIVE UP THE EXPEDITION WHICH WAS A RAID UPON A SMALL THARK COMMUNITY IN RETALIATION FOR THE DESTRUCTION OF THE INCUBATOR UNTIL AFTER THE GREAT GAMES,"The injuries to DotCova had delayed the march so greatly that it was decided to give up the expedition, which was arrayed upon a small, thart community in retaliation for the destruction of the incubator, until after the great games.",0.3185402510007407,0.3185402510007407,0.018571474438341642,0.018571474438341642,1
20,/home/shaozi/ucl/code/audition_pipeline/data/dataset_4mic_3spk/Eval/mic/mic_fileid_20_doa68_3spk.wav,ODAS-SSL-SST-DGSS-MS,separated,1,16.674375,68,/home/shaozi/ucl/code/audition_pipeline/ablation_study/baseline/ODAS/results/ODAS_n_loc+sep+pf/odas_outputs/fileid_20/odas_separated_preddoa066_slot0.wav,nearest_predicted_doa_to_spk1_gt_doa,0,66.44547932729459,1.5545206727053937,3,/home/shaozi/ucl/code/audition_pipeline/data/dataset_4mic_3spk/Eval/text/text_fileid_20_doa68_spk1.txt,0.029411764705882353,1,34,4.592732917239571,-0.5316953857985811,-5.124428303038153,3.6424887157386006,-28.671441479309504,-32.3139301950481,1.3482533693313599,1.2145493030548096,-0.1337040662765503,,OLENIN WAS ABOUT TO APPROACH THE DEAD BODY AND HAD BEGUN TO LOOK AT IT WHEN THE BROTHER LOOKING UP AT HIM FROM UNDER HIS BROWS WITH CALM CONTEMPT SAID SOMETHING SHARPLY AND ANGRILY,was about to approach the dead body and had begun to look at it when the brother looking up at him from under his brows with calm contempt said something sharply and angrily.,0.23541816899887635,0.23541816899887635,0.014118560305791152,0.014118560305791152,1
21,/home/shaozi/ucl/code/audition_pipeline/data/dataset_4mic_3spk/Eval/mic/mic_fileid_21_doa34_3spk.wav,ODAS-SSL-SST-DGSS-MS,separated,1,17.10975,34,/home/shaozi/ucl/code/audition_pipeline/ablation_study/baseline/ODAS/results/ODAS_n_loc+sep+pf/odas_outputs/fileid_21/odas_separated_preddoa014_slot1.wav,nearest_predicted_doa_to_spk1_gt_doa,1,14.036439435197247,19.963560564802748,2,/home/shaozi/ucl/code/audition_pipeline/data/dataset_4mic_3spk/Eval/text/text_fileid_21_doa34_spk1.txt,0.2702702702702703,10,37,6.26855616178417,-1.042579487291699,-7.311135649075869,5.846675211722747,-25.192754702494426,-31.039429914217173,1.4030921459197998,1.2356619834899902,-0.16743016242980957,,WE THEN WENT TO WORK TO MAKE CLOTHES AFTER THE PATTERN OF THE NETCHELLI ESKIMO AND THE SEWING WENT ON EARLY AND LATE THICK ANORAKS AND THIN ONES HEAVY BREECHES AND LIGHT WINTER STOCKINGS AND SUMMER STOCKINGS,"The clothes after the passage of the Necheli Eskimo and the sewing went on early and late. Thick aniracts and thin ones, heavy breeches and light, winter stockings and summer stockings.",0.2808656659999542,0.2808656659999542,0.01641553301479883,0.01641553301479883,1
22,/home/shaozi/ucl/code/audition_pipeline/data/dataset_4mic_3spk/Eval/mic/mic_fileid_22_doa22_3spk.wav,ODAS-SSL-SST-DGSS-MS,separated,1,16.8605,345,/home/shaozi/ucl/code/audition_pipeline/ablation_study/baseline/ODAS/results/ODAS_n_loc+sep+pf/odas_outputs/fileid_22/odas_separated_preddoa322_slot1.wav,nearest_predicted_doa_to_spk1_gt_doa,1,322.43649578621427,22.563504213785734,2,/home/shaozi/ucl/code/audition_pipeline/data/dataset_4mic_3spk/Eval/text/text_fileid_22_doa345_spk1.txt,1.0526315789473684,40,38,3.2703564776677743,-1.3004806321838744,-4.570837109851649,2.895564225479081,-31.217024872319907,-34.11258909779899,1.1457661390304565,1.147130012512207,0.0013638734817504883,,THEY HAVE MERELY GONE TO WORK IN A BUSINESS LIKE MANNER AND USED THEIR WITS AND COMMON SENSE IN EDUCATING THE VOTERS REALLY MY DEARS I'M MORE PROUD OF YOU TODAY THAN I'VE EVER BEEN BEFORE HE CONCLUDED,"Yeah, and you've stood on to me, I believe this I can, and you've thwarted wits and common sense in educating me. Clearly my dear is on what prowess is to be, and I've ever been before, not to be. There'd be no point of equilibrium between liking more and liking less.",0.41457826499936345,0.41457826499936345,0.024588728981902286,0.024588728981902286,1
23,/home/shaozi/ucl/code/audition_pipeline/data/dataset_4mic_3spk/Eval/mic/mic_fileid_23_doa6_3spk.wav,ODAS-SSL-SST-DGSS-MS,separated,1,16.07425,212,/home/shaozi/ucl/code/audition_pipeline/ablation_study/baseline/ODAS/results/ODAS_n_loc+sep+pf/odas_outputs/fileid_23/odas_separated_preddoa212_slot1.wav,nearest_predicted_doa_to_spk1_gt_doa,1,212.30074854837162,0.30074854837161524,3,/home/shaozi/ucl/code/audition_pipeline/data/dataset_4mic_3spk/Eval/text/text_fileid_23_doa212_spk1.txt,0.5,24,48,5.851375095637323,-1.0711917805462845,-6.922566876183607,4.81957681584713,-28.99377610194964,-33.81335291779677,1.343172311782837,1.109769344329834,-0.23340296745300293,,WHEN HIS CRIES WERE HEARD BY A FARMER WHO WAS WALKING HOME FROM TOWN AND HE WAS BROUGHT BACK TO HIS FATHER'S HOUSE HE WAS SO TIRED AND EXCITED THAT HE DID NOT KNOW WHAT WAS HAPPENING TO HIM BY CHANCE DAVID'S FATHER KNEW THAT HE HAD DISAPPEARED,"He was so tired and excited that he did not know what was happening to him. By chance, David's father knew that he disappeared.",0.19256086499990488,0.19256086499990488,0.011979461872243177,0.011979461872243177,1
24,/home/shaozi/ucl/code/audition_pipeline/data/dataset_4mic_3spk/Eval/mic/mic_fileid_24_doa57_3spk.wav,ODAS-SSL-SST-DGSS-MS,separated,1,16.518375,289,/home/shaozi/ucl/code/audition_pipeline/ablation_study/baseline/ODAS/results/ODAS_n_loc+sep+pf/odas_outputs/fileid_24/odas_separated_preddoa291_slot1.wav,nearest_predicted_doa_to_spk1_gt_doa,1,290.7766852448002,1.7766852448002055,3,/home/shaozi/ucl/code/audition_pipeline/data/dataset_4mic_3spk/Eval/text/text_fileid_24_doa289_spk1.txt,0.3170731707317073,13,41,4.580670673283431,-1.293827595199739,-5.87449826848317,3.8951552845271706,-30.283375738785217,-34.17853102331239,1.2749168872833252,1.1925814151763916,-0.0823354721069336,,I HAD NOT FORGOTTEN THE LIVID JAGGED FURROWS IN MERCER'S SIDE QUICKLY AS I SHOT TO THE LADDER SHE WAS THERE BEFORE ME A DIM WAVERING WHITE SHAPE WAITING I PAUSED HOLDING TO A RUNG OF THE LADDER WITH ONE HAND,"I had forgotten the ribbon at Jagged Frodo's and I was just silent, then he quickly as I shot to the ladder she was there before me, a dim, wavering white chain waiting. I paused holding to a run of the ladder with one hand.",0.3491154630009987,0.3491154630009987,0.021134976231075922,0.021134976231075922,1
25,/home/shaozi/ucl/code/audition_pipeline/data/dataset_4mic_3spk/Eval/mic/mic_fileid_25_doa112_3spk.wav,ODAS-SSL-SST-DGSS-MS,separated,1,14.702125,112,/home/shaozi/ucl/code/audition_pipeline/ablation_study/baseline/ODAS/results/ODAS_n_loc+sep+pf/odas_outputs/fileid_25/odas_separated_preddoa113_slot2.wav,nearest_predicted_doa_to_spk1_gt_doa,2,113.4697601709208,1.4697601709207788,3,/home/shaozi/ucl/code/audition_pipeline/data/dataset_4mic_3spk/Eval/text/text_fileid_25_doa112_spk1.txt,0.2222222222222222,8,36,3.739846981872834,-0.9608101405221231,-4.700657122394957,2.8497808439944277,-29.2238822176151,-32.07366306160953,1.189566969871521,1.1263412237167358,-0.06322574615478516,,THERE WAS THE SWEETNESS OF THE MAYFLOWER AND THE STRENGTH OF THE YOUNG OAK BUT ONE COULD EASILY DIVINE THAT SHE WAS ONE OF THE SOULS BY NATURE PITCHED TOO HIGH BY SUFFERING PLUNGED TOO LOW,"The greatness of the Mayflower and the strength of the young oak, one could easily define that she was one of the souls by nature pitched too high by suffering plunge to life.",0.24689334200047597,0.24689334200047597,0.016793037877209992,0.016793037877209992,1
26,/home/shaozi/ucl/code/audition_pipeline/data/dataset_4mic_3spk/Eval/mic/mic_fileid_26_doa34_3spk.wav,ODAS-SSL-SST-DGSS-MS,separated,1,15.26275,34,/home/shaozi/ucl/code/audition_pipeline/ablation_study/baseline/ODAS/results/ODAS_n_loc+sep+pf/odas_outputs/fileid_26/odas_separated_preddoa076_slot1.wav,nearest_predicted_doa_to_spk1_gt_doa,1,76.08365587341407,42.083655873414074,3,/home/shaozi/ucl/code/audition_pipeline/data/dataset_4mic_3spk/Eval/text/text_fileid_26_doa34_spk1.txt,0.08823529411764706,3,34,-0.5221882224260228,-2.4134832139522295,-1.8912949915262067,-4.044653073327522,-18.94126644067238,-14.896613367344857,1.078001856803894,1.0874439477920532,0.00944209098815918,,THEY CAME FROM THE EAST WEST NORTH AND SOUTH ALL SORRY TO KNOW OF HER ILLNESS AND BRINGING PRESENTS WITH THEM SOMETIMES IT WAS A LITTLE LIVE BIRD OR SQUIRREL A DELICIOUS SALMON TROUT,"Came from the east, west, north and south. All sorry to know of her illness, bringing presents with them. Sometimes it was a little like bird or squirrel. A delicious salmon trout.",0.2718695990006381,0.2718695990006381,0.01781262216839286,0.01781262216839286,1
27,/home/shaozi/ucl/code/audition_pipeline/data/dataset_4mic_3spk/Eval/mic/mic_fileid_27_doa31_3spk.wav,ODAS-SSL-SST-DGSS-MS,separated,1,17.2175,173,/home/shaozi/ucl/code/audition_pipeline/ablation_study/baseline/ODAS/results/ODAS_n_loc+sep+pf/odas_outputs/fileid_27/odas_separated_preddoa172_slot0.wav,nearest_predicted_doa_to_spk1_gt_doa,0,172.2300719888569,0.7699280111430937,3,/home/shaozi/ucl/code/audition_pipeline/data/dataset_4mic_3spk/Eval/text/text_fileid_27_doa173_spk1.txt,0.2857142857142857,10,35,3.640430548290502,-3.162882125090956,-6.803312673381458,2.9800684925314567,-25.645095695137186,-28.625164187668645,1.3772306442260742,1.297318458557129,-0.07991218566894531,,IT SEEMS THAT THE PUBLIC ADMIRE HER AS MUCH AS I HAVE DONE I I SHALL FIND HER SOME DAY THEN SHE WILL RETURN TO ME STILL THINKING OF HER I OBSERVED REPROACHFULLY YES ALWAYS,"It seems that the public environment, as much as I am known, I shall find her someday, that she will return to me. Still thinking of her? I observed her brushfully. Yes, always.",0.28896425399943837,0.28896425399943837,0.016783171424390203,0.016783171424390203,1
28,/home/shaozi/ucl/code/audition_pipeline/data/dataset_4mic_3spk/Eval/mic/mic_fileid_28_doa124_3spk.wav,ODAS-SSL-SST-DGSS-MS,separated,1,16.91975,217,/home/shaozi/ucl/code/audition_pipeline/ablation_study/baseline/ODAS/results/ODAS_n_loc+sep+pf/odas_outputs/fileid_28/odas_separated_preddoa220_slot1.wav,nearest_predicted_doa_to_spk1_gt_doa,1,219.91067870896123,2.9106787089612283,3,/home/shaozi/ucl/code/audition_pipeline/data/dataset_4mic_3spk/Eval/text/text_fileid_28_doa217_spk1.txt,0.1724137931034483,5,29,3.5810281656449714,-1.3734379936459706,-4.954466159290942,3.1124633177965713,-28.74681094099192,-31.859274258788492,1.5074307918548584,1.4218980073928833,-0.0855327844619751,,FELL FAR SHORT DON'T LOOK BACK GRUNTED VENTNOR STRETCH YOURSELF WALTER THERE'S A SURPRISE COMING HOPE TO GOD I JUDGED THE TIME RIGHT WE TURNED OFF THE RUINED WAY,"Help are short. Don't look back, Brentadivendor. Stretch yourself, Walter. There's a surprise coming. Hope to God I judged the time right. We turned off the ruin way.",0.26731775299958827,0.26731775299958827,0.01579915501113127,0.01579915501113127,1
29,/home/shaozi/ucl/code/audition_pipeline/data/dataset_4mic_3spk/Eval/mic/mic_fileid_29_doa111_3spk.wav,ODAS-SSL-SST-DGSS-MS,separated,1,16.015375,111,/home/shaozi/ucl/code/audition_pipeline/ablation_study/baseline/ODAS/results/ODAS_n_loc+sep+pf/odas_outputs/fileid_29/odas_separated_preddoa135_slot0.wav,nearest_predicted_doa_to_spk1_gt_doa,0,135.4668586714702,24.46685867147019,3,/home/shaozi/ucl/code/audition_pipeline/data/dataset_4mic_3spk/Eval/text/text_fileid_29_doa111_spk1.txt,0.2972972972972973,11,37,4.48683601815866,-0.2054649817721774,-4.692300999930837,2.8572895070743494,-20.86897418005785,-23.7262636871322,1.1543498039245605,1.0851129293441772,-0.0692368745803833,,MY FATHER WAS AND STILL IS RECEVEUR GENERAL AT C HE HAS A GREAT REPUTATION THERE FOR LOYALTY THANKS TO WHICH HE WAS ABLE TO FIND THE SECURITY WHICH HE NEEDED IN ORDER TO ATTAIN THIS POSITION,The time is still is. Receiver general at sea. He has a great reputation and effort loyalty thanks to which he was able to find the security which he needed in order to retain his possession.,0.26936890500110167,0.26936890500110167,0.016819394175977876,0.016819394175977876,1
30,/home/shaozi/ucl/code/audition_pipeline/data/dataset_4mic_3spk/Eval/mic/mic_fileid_30_doa12_3spk.wav,ODAS-SSL-SST-DGSS-MS,separated,1,16.907625,12,/home/shaozi/ucl/code/audition_pipeline/ablation_study/baseline/ODAS/results/ODAS_n_loc+sep+pf/odas_outputs/fileid_30/odas_separated_preddoa013_slot1.wav,nearest_predicted_doa_to_spk1_gt_doa,1,13.222439610821933,1.2224396108219366,3,/home/shaozi/ucl/code/audition_pipeline/data/dataset_4mic_3spk/Eval/text/text_fileid_30_doa12_spk1.txt,0.3333333333333333,14,42,4.409641640777619,-1.7994527618963074,-6.2090944026739265,3.660519521485474,-14.07556664306055,-17.736086164546023,1.294529676437378,1.2239152193069458,-0.07061445713043213,,WHICH COVERED THEM DOWN TO THE ANKLES AND WHICH THEY WORE WINTER AND SUMMER WOMEN COMMONLY WORE A LONG LOOSE CLOAK WITH A HOOD A FASHION WHICH IS COMMON AT THE PRESENT DAY THE OVER GARMENTS WERE FASTENED BY BROOCHES PINS BUTTONS,"Which have been done by the Elves, which they wore winter outside. Women currently wore a long loose cloak with a hood, a fashion which has come in at the present day. The overgarments were fastened by brooches, pins, buttons.",0.3394203909992939,0.3394203909992939,0.020074989302122204,0.020074989302122204,1
31,/home/shaozi/ucl/code/audition_pipeline/data/dataset_4mic_3spk/Eval/mic/mic_fileid_31_doa53_3spk.wav,ODAS-SSL-SST-DGSS-MS,separated,1,17.74825,53,/home/shaozi/ucl/code/audition_pipeline/ablation_study/baseline/ODAS/results/ODAS_n_loc+sep+pf/odas_outputs/fileid_31/odas_separated_preddoa050_slot1.wav,nearest_predicted_doa_to_spk1_gt_doa,1,50.4744014953654,2.5255985046346154,3,/home/shaozi/ucl/code/audition_pipeline/data/dataset_4mic_3spk/Eval/text/text_fileid_31_doa53_spk1.txt,0.34146341463414637,14,41,6.642784171838564,-0.00821812188369216,-6.6510022937222555,5.837787955218116,-11.072453869966179,-16.910241825184293,1.3945608139038086,1.417694330215454,0.023133516311645508,,THIS WAS THE PORTER WHO HAD BEEN KILLED BY LE CABUC BELOW BY THE LIGHTS OF THE TORCH WHICH WAS THRUST BETWEEN THE PAVING STONES THIS HEAD COULD BE VAGUELY DISTINGUISHED NOTHING COULD BE STRANGER IN THAT SOMBRE AND UNCERTAIN GLEAM,The torture would be killed by a decoupling below by the lines of the torch which was thrust between the paving stones. This head could be vaguely distinguished. Nothing could be trained in a sovereign uncertain belief.,0.3033869129994855,0.3033869129994855,0.01709390576532816,0.01709390576532816,1
32,/home/shaozi/ucl/code/audition_pipeline/data/dataset_4mic_3spk/Eval/mic/mic_fileid_32_doa102_3spk.wav,ODAS-SSL-SST-DGSS-MS,separated,1,16.7025,102,/home/shaozi/ucl/code/audition_pipeline/ablation_study/baseline/ODAS/results/ODAS_n_loc+sep+pf/odas_outputs/fileid_32/odas_separated_preddoa233_slot2.wav,nearest_predicted_doa_to_spk1_gt_doa,2,233.36704188723272,131.36704188723274,2,/home/shaozi/ucl/code/audition_pipeline/data/dataset_4mic_3spk/Eval/text/text_fileid_32_doa102_spk1.txt,0.9428571428571428,33,35,-7.01607412253891,-1.1667970369941831,5.849277085544728,-11.06378249055891,-24.951646483982273,-13.887863993423363,1.1066231727600098,1.0495872497558594,-0.05703592300415039,,LET ME BE OBSEQUIOUS IN THY HEART AND TAKE THOU MY OBLATION POOR BUT FREE WHICH IS NOT MIX'D WITH SECONDS KNOWS NO ART BUT MUTUAL RENDER ONLY ME FOR THEE HENCE THOU SUBORNED INFORMER,is not visible,0.6734088110006269,0.6734088110006269,0.040317845292658396,0.040317845292658396,1
33,/home/shaozi/ucl/code/audition_pipeline/data/dataset_4mic_3spk/Eval/mic/mic_fileid_33_doa34_3spk.wav,ODAS-SSL-SST-DGSS-MS,separated,1,17.067375,345,/home/shaozi/ucl/code/audition_pipeline/ablation_study/baseline/ODAS/results/ODAS_n_loc+sep+pf/odas_outputs/fileid_33/odas_separated_preddoa345_slot2.wav,nearest_predicted_doa_to_spk1_gt_doa,2,345.0635013611338,0.06350136113377403,3,/home/shaozi/ucl/code/audition_pipeline/data/dataset_4mic_3spk/Eval/text/text_fileid_33_doa345_spk1.txt,0.9487179487179487,37,39,4.821234290930385,-0.48365191671313784,-5.304886207643523,4.37991018490269,-33.17306130742486,-37.55297149232755,1.224318027496338,1.1719921827316284,-0.05232584476470947,,WHEN I WENT TO SLEEP LAST NIGHT I BELONGED TO GOVERNOR LUCAS BUT I UNDERSTAND DAT HE IS BIN GAMBLING ALL NIGHT SO I DON'T KNOW WHO OWNS ME DIS MORNING SUCH IS THE UNCERTAINTY OF A SLAVE'S POSITION,"You could, I could read them all I just read. What have you written to me for, now that you have a<|ru|> communautar station bound for old school.",0.5789976999985811,0.5789976999985811,0.03392423849587773,0.03392423849587773,1
34,/home/shaozi/ucl/code/audition_pipeline/data/dataset_4mic_3spk/Eval/mic/mic_fileid_34_doa125_3spk.wav,ODAS-SSL-SST-DGSS-MS,separated,1,15.904625,157,/home/shaozi/ucl/code/audition_pipeline/ablation_study/baseline/ODAS/results/ODAS_n_loc+sep+pf/odas_outputs/fileid_34/odas_separated_preddoa142_slot2.wav,nearest_predicted_doa_to_spk1_gt_doa,2,142.0660534249737,14.933946575026312,2,/home/shaozi/ucl/code/audition_pipeline/data/dataset_4mic_3spk/Eval/text/text_fileid_34_doa157_spk1.txt,0.046511627906976744,2,43,5.084012577060413,-1.6345598594303343,-6.7185724364907475,4.396421256778035,-25.79072941048066,-30.1871506672587,1.3603432178497314,1.3351324796676636,-0.02521073818206787,,THEREFORE SELLEN HAD FALLEN ON EVIL DAYS FOR HE COULD NOT BRING HIMSELF TO PAINT AGAINST HIS BETTER JUDGMENT HE WAS NOW RENTING A FORMER PHOTOGRAPHIC STUDIO ON THE TOP OF A HOUSE IN GOVERNMENT STREET THE ACCOMMODATION CONSISTED OF THE STUDIO ITSELF,"Therefore, Sohan had fallen on evil days, for he could not bring himself to paint against his better judgment. He was now running a former photographic studio on the top of a house in Government Street. The accommodation consisted of the studio itself.",0.3254075280001416,0.3254075280001416,0.02045993086917432,0.02045993086917432,1
35,/home/shaozi/ucl/code/audition_pipeline/data/dataset_4mic_3spk/Eval/mic/mic_fileid_35_doa24_3spk.wav,ODAS-SSL-SST-DGSS-MS,separated,1,18.1805,24,/home/shaozi/ucl/code/audition_pipeline/ablation_study/baseline/ODAS/results/ODAS_n_loc+sep+pf/odas_outputs/fileid_35/odas_separated_preddoa025_slot2.wav,nearest_predicted_doa_to_spk1_gt_doa,2,24.597273560507634,0.5972735605076309,3,/home/shaozi/ucl/code/audition_pipeline/data/dataset_4mic_3spk/Eval/text/text_fileid_35_doa24_spk1.txt,0.04081632653061224,2,49,8.134818581742147,-0.4346973810424597,-8.569515962784607,7.481771424666217,-31.624761172342055,-39.10653259700827,2.0102014541625977,1.7728066444396973,-0.2373948097229004,,THE WESTERN WORLD IS WARNED IF NOT ARMED AGAINST THE POSSIBILITY OF IT IN THE SECOND PLACE THERE IS A WEAKNESS INHERENT IN THE BROWN MAN WHICH WILL BRING HIS ADVENTURE TO NAUGHT FROM THE WEST HE HAS BORROWED ALL OUR MATERIAL ACHIEVEMENT AND PASSED OUR ETHICAL ACHIEVEMENT BY,"The Western world is warned, if not alarmed, against the possibility of it. In the second place, there is weakness inherent in the brown man, which will bring his adventure to naught. From the West, he has borrowed all our material achievement and passed our ethical achievement by.",0.3630621720003546,0.3630621720003546,0.01996986727539697,0.01996986727539697,1
36,/home/shaozi/ucl/code/audition_pipeline/data/dataset_4mic_3spk/Eval/mic/mic_fileid_36_doa24_3spk.wav,ODAS-SSL-SST-DGSS-MS,separated,1,17.311625,269,/home/shaozi/ucl/code/audition_pipeline/ablation_study/baseline/ODAS/results/ODAS_n_loc+sep+pf/odas_outputs/fileid_36/odas_separated_preddoa282_slot2.wav,nearest_predicted_doa_to_spk1_gt_doa,2,282.1259967550018,13.125996755001779,3,/home/shaozi/ucl/code/audition_pipeline/data/dataset_4mic_3spk/Eval/text/text_fileid_36_doa269_spk1.txt,1.0,33,33,3.407663901460569,-0.14858848135726727,-3.5562523828178363,2.3545404997376163,-21.26842275286192,-23.622963252599536,1.1756420135498047,1.0363619327545166,-0.13928008079528809,,THE BRIDGE OPENED ON A RATHER FINE STREET CALLED SAINT THOMAS'S STREET HE ENTERED IT HERE AND THERE WERE HIGH CARVED GABLES AND SHOP FRONTS HE SET TO KNOCKING AT THE DOORS AGAIN,,0.10972271500031638,0.10972271500031638,0.006338094488548382,0.006338094488548382,1
37,/home/shaozi/ucl/code/audition_pipeline/data/dataset_4mic_3spk/Eval/mic/mic_fileid_37_doa51_3spk.wav,ODAS-SSL-SST-DGSS-MS,separated,1,13.878,104,/home/shaozi/ucl/code/audition_pipeline/ablation_study/baseline/ODAS/results/ODAS_n_loc+sep+pf/odas_outputs/fileid_37/odas_separated_preddoa096_slot0.wav,nearest_predicted_doa_to_spk1_gt_doa,0,95.89824789132467,8.101752108675328,3,/home/shaozi/ucl/code/audition_pipeline/data/dataset_4mic_3spk/Eval/text/text_fileid_37_doa104_spk1.txt,0.1935483870967742,6,31,4.968520482690238,-1.3195750689488444,-6.288095551639082,4.252620620528572,-40.25198794697798,-44.50460856750655,1.2512414455413818,1.2001107931137085,-0.05113065242767334,,AND THERE WAS MUCH COMMENT ON THIS EVIDENCE OF A DECLINING INDUSTRY IT WAS NOT AT ONCE RECOGNIZED THAT THERE WAS EMBODIED IN HORSE FLESH MORE HORSE POWER THAN EVER BEFORE,There is much comment on this evidence of the declining industry. It was not once recognized that there was embodied in horse flesh more horsepower than ever before.,0.1977170730006037,0.1977170730006037,0.014246798746260534,0.014246798746260534,1
38,/home/shaozi/ucl/code/audition_pipeline/data/dataset_4mic_3spk/Eval/mic/mic_fileid_38_doa1_3spk.wav,ODAS-SSL-SST-DGSS-MS,separated,1,17.663875,1,/home/shaozi/ucl/code/audition_pipeline/ablation_study/baseline/ODAS/results/ODAS_n_loc+sep+pf/odas_outputs/fileid_38/odas_separated_preddoa347_slot0.wav,nearest_predicted_doa_to_spk1_gt_doa,0,346.8979542970119,14.102045702988107,3,/home/shaozi/ucl/code/audition_pipeline/data/dataset_4mic_3spk/Eval/text/text_fileid_38_doa1_spk1.txt,0.6666666666666666,26,39,7.323192223534649,-0.8910318533941222,-8.21422407692877,6.537844955334217,-15.665821489276588,-22.203666444610803,1.332245111465454,1.2291231155395508,-0.10312199592590332,,ONCE UPON A TIME THERE WAS AN OLD WIDOW WOMAN WHO HAD THREE SONS THE FIRST TWO WERE CLEVER ENOUGH BUT THE THIRD BOBO BY NAME WAS LITTLE BETTER THAN A SILLY SIMPLETON ALL HIS MOTHER'S SCOLDINGS AND BEATINGS,"The first two were pleasant enough, but the third, bold little bite, was real better than the second simple. All his words boldly beating.",0.21539637899877562,0.21539637899877562,0.012194174777548845,0.012194174777548845,1
39,/home/shaozi/ucl/code/audition_pipeline/data/dataset_4mic_3spk/Eval/mic/mic_fileid_39_doa156_3spk.wav,ODAS-SSL-SST-DGSS-MS,separated,1,16.29675,250,/home/shaozi/ucl/code/audition_pipeline/ablation_study/baseline/ODAS/results/ODAS_n_loc+sep+pf/odas_outputs/fileid_39/odas_separated_preddoa249_slot2.wav,nearest_predicted_doa_to_spk1_gt_doa,2,249.442709385245,0.5572906147550043,3,/home/shaozi/ucl/code/audition_pipeline/data/dataset_4mic_3spk/Eval/text/text_fileid_39_doa250_spk1.txt,0.1956521739130435,9,46,5.14776881744047,-1.289413213183461,-6.437182030623931,4.559519228315188,-16.963249615804084,-21.522768844119273,1.2933685779571533,1.3186553716659546,0.02528679370880127,,BUT HE MADE HIS WAY DOWN TO THE FORD UNDER THE PALACE WALLS AND STEPPED INTO THE FLOODED WATER INCH BY INCH AND FOOT BY FOOT HE FOUGHT HIS WAY ACROSS NOW NEARLY SWEPT OFF HIS FEET BY SOME SUDDEN SWIRL OR EDDY NOW NARROWLY ESCAPING,He made his way down to the floor coming to the palace wall and stepped into the flooded water inch by inch and foot by foot he fought his way across now nearly swept off his feet by some some Swirlow Eddie now narrowly escaping,0.31533532300090883,0.31533532300090883,0.019349583383245668,0.019349583383245668,1
40,/home/shaozi/ucl/code/audition_pipeline/data/dataset_4mic_3spk/Eval/mic/mic_fileid_40_doa14_3spk.wav,ODAS-SSL-SST-DGSS-MS,separated,1,13.925,14,/home/shaozi/ucl/code/audition_pipeline/ablation_study/baseline/ODAS/results/ODAS_n_loc+sep+pf/odas_outputs/fileid_40/odas_separated_preddoa006_slot0.wav,nearest_predicted_doa_to_spk1_gt_doa,0,6.131866015197007,7.868133984802995,3,/home/shaozi/ucl/code/audition_pipeline/data/dataset_4mic_3spk/Eval/text/text_fileid_40_doa14_spk1.txt,0.19230769230769232,5,26,2.2902493866033784,-0.9971942213558949,-3.2874436079592733,2.052165422817321,-21.136365401125982,-23.188530823943303,1.2670615911483765,1.1551473140716553,-0.11191427707672119,,WE ADVANCED TALKING IN THAT FASHION AND IN HIGH SPIRITS AND CONGRATULATING OURSELVES IN BEING SHUT OF THE TRANSPORT AND ON BREATHING FINE MOUNTAIN AIR AGAIN,"In advance, talking in their fashion and in high spirits, and congratulating ourselves on being shut up of the transport and on breathing fine mountain air again.",0.21207676799895125,0.21207676799895125,0.015229929479278365,0.015229929479278365,1
41,/home/shaozi/ucl/code/audition_pipeline/data/dataset_4mic_3spk/Eval/mic/mic_fileid_41_doa86_3spk.wav,ODAS-SSL-SST-DGSS-MS,separated,1,16.321,116,/home/shaozi/ucl/code/audition_pipeline/ablation_study/baseline/ODAS/results/ODAS_n_loc+sep+pf/odas_outputs/fileid_41/odas_separated_preddoa097_slot1.wav,nearest_predicted_doa_to_spk1_gt_doa,1,96.99600484398871,19.003995156011285,2,/home/shaozi/ucl/code/audition_pipeline/data/dataset_4mic_3spk/Eval/text/text_fileid_41_doa116_spk1.txt,0.4,14,35,4.151507841735846,-0.806536717673259,-4.958044559409105,3.4026705790328524,-20.578581520575675,-23.981252099608525,1.4231003522872925,1.2566221952438354,-0.16647815704345703,,WE TOOK ROOMS AT A HOTEL IN MEDWORTH QUARLES EXPLAINING THAT OUR INVESTIGATIONS MIGHT TAKE SOME DAYS NEXT MORNING INSTEAD OF GOING TO WITHAN AS I HAD EXPECTED HE TOOK ME TO THE POLICE COURT,"I'm going to tell you that the problem explaining your investigation might take some time. Next morning, instead of going to Wiccan as I had expected, he took me to the police court.",0.2641448619997391,0.2641448619997391,0.016184355247824217,0.016184355247824217,1
42,/home/shaozi/ucl/code/audition_pipeline/data/dataset_4mic_3spk/Eval/mic/mic_fileid_42_doa76_3spk.wav,ODAS-SSL-SST-DGSS-MS,separated,1,17.286125,76,/home/shaozi/ucl/code/audition_pipeline/ablation_study/baseline/ODAS/results/ODAS_n_loc+sep+pf/odas_outputs/fileid_42/odas_separated_preddoa076_slot2.wav,nearest_predicted_doa_to_spk1_gt_doa,2,76.16192195722239,0.16192195722237557,3,/home/shaozi/ucl/code/audition_pipeline/data/dataset_4mic_3spk/Eval/text/text_fileid_42_doa76_spk1.txt,0.4857142857142857,17,35,4.669272560819481,-0.45849033410907286,-5.127762894928554,3.4219905982893635,-14.318703940391178,-17.74069453868054,1.4226601123809814,1.2636091709136963,-0.15905094146728516,,HOW CAN EARTHLY WORDS DESCRIBE IT IT TOWERED TEN FEET AT THE SHOULDER HAD FOUR LEGS ON EITHER SIDE A BROAD FLAT TAIL LARGER AT THE TIP THAN AT THE ROOT AND WHICH IT HELD,"How can bursted words out right? It's how she repeated the shoulder, had four blades on either side, a war black tail enlarged at the tail and which it held.",0.2595052870001382,0.2595052870001382,0.01501234585542672,0.01501234585542672,1
43,/home/shaozi/ucl/code/audition_pipeline/data/dataset_4mic_3spk/Eval/mic/mic_fileid_43_doa44_3spk.wav,ODAS-SSL-SST-DGSS-MS,separated,1,15.722125,273,/home/shaozi/ucl/code/audition_pipeline/ablation_study/baseline/ODAS/results/ODAS_n_loc+sep+pf/odas_outputs/fileid_43/odas_separated_preddoa272_slot0.wav,nearest_predicted_doa_to_spk1_gt_doa,0,271.7666529363485,1.233347063651479,2,/home/shaozi/ucl/code/audition_pipeline/data/dataset_4mic_3spk/Eval/text/text_fileid_43_doa273_spk1.txt,0.20930232558139536,9,43,4.529785133775384,-3.1432340493914297,-7.673019183166813,4.457671932747074,-36.27267963051615,-40.73035156326323,1.5391054153442383,1.4059090614318848,-0.13319635391235352,,ODETTE ODETTE HE WHISPERED DON'T YOU REALISE THAT I LOVE YOU AND WOULD GIVE MY LIFE TO SAVE YOU FROM UNHAPPINESS WON'T YOU TELL ME EVERYTHING PLEASE NO NO NO SHE MURMURED WITH A LITTLE CATCH IN HER VOICE PLEASE DON'T ASK ME,"Oh, Daddy Whisperer, don't you realize that I love you and would give my life to save you from unhappiness? Won't you tell me everything, please? No, no, no, she won't be able to catch in her voice. Please don't ask me.",0.38797981700008677,0.38797981700008677,0.02467731410353796,0.02467731410353796,1
44,/home/shaozi/ucl/code/audition_pipeline/data/dataset_4mic_3spk/Eval/mic/mic_fileid_44_doa184_3spk.wav,ODAS-SSL-SST-DGSS-MS,separated,1,17.0035,215,/home/shaozi/ucl/code/audition_pipeline/ablation_study/baseline/ODAS/results/ODAS_n_loc+sep+pf/odas_outputs/fileid_44/odas_separated_preddoa195_slot1.wav,nearest_predicted_doa_to_spk1_gt_doa,1,195.3938421005084,19.606157899491592,2,/home/shaozi/ucl/code/audition_pipeline/data/dataset_4mic_3spk/Eval/text/text_fileid_44_doa215_spk1.txt,0.2894736842105263,11,38,3.289530183723187,-2.087496938422824,-5.377027122146011,2.971406683804844,-35.493216876944935,-38.46462356074978,1.17716383934021,1.11729097366333,-0.05987286567687988,,I TOO HAVE HAD MY DREAM I TOO HAVE MEDITATED I TOO HAVE SIGHED I TOO HAVE HAD A MOONLIGHT SOUL LOVE IS A CHILD SIX THOUSAND YEARS OLD LOVE HAS THE RIGHT TO A LONG WHITE BEARD,"I too have meditated. I too have died. I too have had your life so long. Love is a child, six thousand years old. Love has the right to a long white beard.",0.2636662309996609,0.2636662309996609,0.015506585761734991,0.015506585761734991,1
45,/home/shaozi/ucl/code/audition_pipeline/data/dataset_4mic_3spk/Eval/mic/mic_fileid_45_doa62_3spk.wav,ODAS-SSL-SST-DGSS-MS,separated,1,16.822625,278,/home/shaozi/ucl/code/audition_pipeline/ablation_study/baseline/ODAS/results/ODAS_n_loc+sep+pf/odas_outputs/fileid_45/odas_separated_preddoa289_slot0.wav,nearest_predicted_doa_to_spk1_gt_doa,0,289.3734731038395,11.373473103839501,3,/home/shaozi/ucl/code/audition_pipeline/data/dataset_4mic_3spk/Eval/text/text_fileid_45_doa278_spk1.txt,0.7560975609756098,31,41,4.623566299566855,-0.9563752730917323,-5.579941572658587,4.3806045928611255,-25.236042915124443,-29.61664750798557,1.187213659286499,1.1625289916992188,-0.024684667587280273,,ONE LADY HAD A FRIGHT FOR THE WIND BLEW THE END OF HER SHAWL WITHIN REACH OF A TIGER'S GREAT CLAW AND HE CLUTCHED IT TRYING TO DRAG HER NEARER THE SHAWL CAME OFF AND THE POOR LADY RAN AWAY SCREAMING,"One lady who had a fright, said that when the very roof that lined up was shawl, the roof was priceless, great cloth, and he clutched it, to find out the great good news that shawl came off supporting the Lannaway Screamers for the women workers.",0.45133179200092854,0.45133179200092854,0.02682885649540001,0.02682885649540001,1
46,/home/shaozi/ucl/code/audition_pipeline/data/dataset_4mic_3spk/Eval/mic/mic_fileid_46_doa151_3spk.wav,ODAS-SSL-SST-DGSS-MS,separated,1,16.0385,189,/home/shaozi/ucl/code/audition_pipeline/ablation_study/baseline/ODAS/results/ODAS_n_loc+sep+pf/odas_outputs/fileid_46/odas_separated_preddoa177_slot2.wav,nearest_predicted_doa_to_spk1_gt_doa,2,177.49137552457037,11.508624475429627,3,/home/shaozi/ucl/code/audition_pipeline/data/dataset_4mic_3spk/Eval/text/text_fileid_46_doa189_spk1.txt,0.8,28,35,3.65891485732332,-2.6184769023828287,-6.277391759706148,2.468368670755316,-37.534215076722326,-40.002583747477644,1.210951566696167,1.1203421354293823,-0.09060943126678467,,YOU'LL SEE THE ENGLISHEST LOOKING ENGLISHMAN YOU EVER SAT EYES ON OUTSIDE THE PAGES OF PUNCH TRYING TO TEAR MY OLD FASHIONED DOORBELL OUT BY THE ROOTS THAT'S YOUR BEST MAKE UP IS IT REMSEN,"Don't say that English is good looking English when he ever set eyes on outside the pages of time to try and prepare my old fastened doorbell on by the roof on the roof. That's your best makeup, Mr. Belsen. It is the same thing.",0.37273548600023787,0.37273548600023787,0.02324004651309274,0.02324004651309274,1
47,/home/shaozi/ucl/code/audition_pipeline/data/dataset_4mic_3spk/Eval/mic/mic_fileid_47_doa63_3spk.wav,ODAS-SSL-SST-DGSS-MS,separated,1,16.66925,104,/home/shaozi/ucl/code/audition_pipeline/ablation_study/baseline/ODAS/results/ODAS_n_loc+sep+pf/odas_outputs/fileid_47/odas_separated_preddoa104_slot1.wav,nearest_predicted_doa_to_spk1_gt_doa,1,104.08880285355609,0.0888028535561034,2,/home/shaozi/ucl/code/audition_pipeline/data/dataset_4mic_3spk/Eval/text/text_fileid_47_doa104_spk1.txt,0.43902439024390244,18,41,3.5494223179642064,-1.7268186346141454,-5.276240952578352,3.116905722210304,-33.628237176875075,-36.74514289908538,1.1940131187438965,1.1564712524414062,-0.037541866302490234,,AT FIRST UNDER DIFFERENT ANIMAL SHAPES SINCE THAT TIME PARTLY FROM HABIT AND PARTLY TO AMUSE OURSELVES WE HAVE CONTINUED TO TRANSFORM OURSELVES AND IT WAS IN THIS WAY THAT I GOT TO KNOW YOU HOW EXCLAIMED JEGU FILLED WITH ASTONISHMENT,"Since that time, partly from habit and partly to amuse ourselves, we have continued to transform ourselves. And it was in this way that I have to know you. How old is Clint Jake filled with astonishment? Next, the ballast tanks filled with water.",0.3729683780002233,0.3729683780002233,0.02237463461164859,0.02237463461164859,1
48,/home/shaozi/ucl/code/audition_pipeline/data/dataset_4mic_3spk/Eval/mic/mic_fileid_48_doa191_3spk.wav,ODAS-SSL-SST-DGSS-MS,separated,1,16.393,227,/home/shaozi/ucl/code/audition_pipeline/ablation_study/baseline/ODAS/results/ODAS_n_loc+sep+pf/odas_outputs/fileid_48/odas_separated_preddoa213_slot2.wav,nearest_predicted_doa_to_spk1_gt_doa,2,213.14715514733473,13.852844852665271,2,/home/shaozi/ucl/code/audition_pipeline/data/dataset_4mic_3spk/Eval/text/text_fileid_48_doa227_spk1.txt,0.5277777777777778,19,36,4.1405264608542955,-1.1439912029035435,-5.284517663757839,2.0454804499731405,-23.21788041167933,-25.263360861652473,1.266977310180664,1.1890289783477783,-0.07794833183288574,,APPLIED TO HER WORK BUT AFTER A FEW MINUTES SUNK AGAIN WITHOUT KNOWING IT HERSELF INTO LANGUOR AND LISTLESSNESS MOVING HERSELF IN HER CHAIR FROM THE IRRITATION OF WEARINESS MUCH OFTENER THAN SHE MOVED HER NEEDLE,"I do know what I do, but after a few minutes, sunk again, without knowing I could say, into lying her endless tension of her, moving herself in a chair of unirritation of weariness, much oftener than she moved her needle.",0.3359801590013376,0.3359801590013376,0.020495343073344573,0.020495343073344573,1
49,/home/shaozi/ucl/code/audition_pipeline/data/dataset_4mic_3spk/Eval/mic/mic_fileid_49_doa63_3spk.wav,ODAS-SSL-SST-DGSS-MS,separated,1,16.3985,63,/home/shaozi/ucl/code/audition_pipeline/ablation_study/baseline/ODAS/results/ODAS_n_loc+sep+pf/odas_outputs/fileid_49/odas_separated_preddoa062_slot1.wav,nearest_predicted_doa_to_spk1_gt_doa,1,62.198401151408255,0.8015988485917376,3,/home/shaozi/ucl/code/audition_pipeline/data/dataset_4mic_3spk/Eval/text/text_fileid_49_doa63_spk1.txt,0.6333333333333333,19,30,3.0307917857985696,-0.8156509074520147,-3.846442693250584,2.6503610113781138,-27.38761459049981,-30.03797560187792,1.333756446838379,1.299578070640564,-0.03417837619781494,,BY WHICH SOCIAL WANTS MUST BE SATISFIED THE PEOPLE DO NOT VOTE IT THE LEGISLATOR DOES NOT EXPRESS IT THE SAVANT DISCOVERS AND FORMULATES IT BUT IN FACT THE LAW,"Social wants must be satisfied. Perhaps the people do not know that a life is later that does not express it. The savant discovers your informants more than you. But in fact, the law should be very off-center.",0.30229626900108997,0.30229626900108997,0.01843438540117023,0.01843438540117023,1
50,/home/shaozi/ucl/code/audition_pipeline/data/dataset_4mic_3spk/Eval/mic/mic_fileid_50_doa7_3spk.wav,ODAS-SSL-SST-DGSS-MS,separated,1,16.934625,58,/home/shaozi/ucl/code/audition_pipeline/ablation_study/baseline/ODAS/results/ODAS_n_loc+sep+pf/odas_outputs/fileid_50/odas_separated_preddoa062_slot2.wav,nearest_predicted_doa_to_spk1_gt_doa,2,62.111037992975085,4.111037992975071,3,/home/shaozi/ucl/code/audition_pipeline/data/dataset_4mic_3spk/Eval/text/text_fileid_50_doa58_spk1.txt,0.6486486486486487,24,37,3.914940628678213,-1.3361650030058934,-5.251105631684107,2.9377651198594164,-30.282384807588162,-33.22014992744758,1.1820297241210938,1.152436375617981,-0.029593348503112793,,WOULD BE THE MOST ADVANCED IN CIVILIZATION BUT SUCH WAS NOT THE CASE MANY OF THEM WERE AMONG THE MOST DEGRADED UPON THE CONTINENT THEY SEEMED UNABLE TO ADAPT THEMSELVES TO THE WHITE MAN AND HIS WAYS,They seemed unable to adapt themselves to the white man and his ways.,0.11032681100004993,0.11032681100004993,0.006514865903440432,0.006514865903440432,1
51,/home/shaozi/ucl/code/audition_pipeline/data/dataset_4mic_3spk/Eval/mic/mic_fileid_51_doa46_3spk.wav,ODAS-SSL-SST-DGSS-MS,separated,1,16.064,46,/home/shaozi/ucl/code/audition_pipeline/ablation_study/baseline/ODAS/results/ODAS_n_loc+sep+pf/odas_outputs/fileid_51/odas_separated_preddoa045_slot1.wav,nearest_predicted_doa_to_spk1_gt_doa,1,45.32013772620689,0.6798622737931055,3,/home/shaozi/ucl/code/audition_pipeline/data/dataset_4mic_3spk/Eval/text/text_fileid_51_doa46_spk1.txt,0.04878048780487805,2,41,4.262005810190553,-0.8638885814230274,-5.12589439161358,3.9499294537586787,-24.89905123949891,-28.848980693257587,1.3529589176177979,1.3428051471710205,-0.010153770446777344,,AND THIS IS UNDOUBTEDLY THE BEST WAY OF UTILIZING THE POWER I HAD MADE UP MY MIND TO ADOPT THE SAME SYSTEM IN SLEDGING ON THE BARRIER ANOTHER GREAT ADVANTAGE IT HAD WAS THAT THE DOGS WOULD PASS SINGLY ACROSS FISSURES,And this is undoubtedly the best way of utilizing the power. I then made up my mind to adopt the same system in sledging on the barrier. Another great advantage it had was that the dogs would pass singly across fishers.,0.3158616709988564,0.3158616709988564,0.01966270362293678,0.01966270362293678,1
52,/home/shaozi/ucl/code/audition_pipeline/data/dataset_4mic_3spk/Eval/mic/mic_fileid_52_doa46_3spk.wav,ODAS-SSL-SST-DGSS-MS,separated,1,16.408375,310,/home/shaozi/ucl/code/audition_pipeline/ablation_study/baseline/ODAS/results/ODAS_n_loc+sep+pf/odas_outputs/fileid_52/odas_separated_preddoa307_slot1.wav,nearest_predicted_doa_to_spk1_gt_doa,1,306.82364009594176,3.176359904058245,3,/home/shaozi/ucl/code/audition_pipeline/data/dataset_4mic_3spk/Eval/text/text_fileid_52_doa310_spk1.txt,0.11764705882352941,4,34,1.4297125696884327,-1.5573084937656445,-2.987021063454077,1.3547929951933015,-43.400285510635676,-44.755078505828976,1.2146230936050415,1.2732924222946167,0.058669328689575195,,IT TAKES ITS NAME FROM THAT ILLUSTRIOUS WOMAN BY WHOSE VIRTUE AND FORTITUDE AND ARMED WITH PRAYER THE CHILDREN OF ISRAEL WERE PRESERVED FROM THE DESTRUCTION THREATENED THEM BY HOLOFERNES AND HIS GREAT ARMY,It takes his name from that illustrious woman by whose virtue and fortitude and arm with prayer the children of Israel were preserved from the destruction threatened them by polyglotinous and his great armies.,0.26572168999882706,0.26572168999882706,0.01619427213229994,0.01619427213229994,1
53,/home/shaozi/ucl/code/audition_pipeline/data/dataset_4mic_3spk/Eval/mic/mic_fileid_53_doa65_3spk.wav,ODAS-SSL-SST-DGSS-MS,separated,1,16.895875,106,/home/shaozi/ucl/code/audition_pipeline/ablation_study/baseline/ODAS/results/ODAS_n_loc+sep+pf/odas_outputs/fileid_53/odas_separated_preddoa079_slot2.wav,nearest_predicted_doa_to_spk1_gt_doa,2,79.30093955970473,26.699060440295284,3,/home/shaozi/ucl/code/audition_pipeline/data/dataset_4mic_3spk/Eval/text/text_fileid_53_doa106_spk1.txt,0.5952380952380952,25,42,5.452642883463714,-0.7613633973502293,-6.214006280813943,4.0088963474585055,-18.87542692563396,-22.884323273092466,1.0864331722259521,1.0702813863754272,-0.016151785850524902,,LITTLE DID I THEN THINK THAT THESE PEOPLE PLACED BY A SEEMING CHANCE IN AN ADJOINING STATEROOM WERE TO BE MY FELLOW WORKERS AND TRUE FRIENDS NOT ONLY FOR THE COMING MONTHS IN THAT ARCTIC LAND TO WHICH WE WERE GOING BUT,"The chiefs people, please find a chance to join this table for to be my fellow workers and two friends, not only for the coming months in that my parents and students were doing, but for the future.",0.29211662099987734,0.29211662099987734,0.017289227163427602,0.017289227163427602,1
54,/home/shaozi/ucl/code/audition_pipeline/data/dataset_4mic_3spk/Eval/mic/mic_fileid_54_doa45_3spk.wav,ODAS-SSL-SST-DGSS-MS,separated,1,14.5195,327,/home/shaozi/ucl/code/audition_pipeline/ablation_study/baseline/ODAS/results/ODAS_n_loc+sep+pf/odas_outputs/fileid_54/odas_separated_preddoa324_slot1.wav,nearest_predicted_doa_to_spk1_gt_doa,1,323.6135821686164,3.3864178313835964,3,/home/shaozi/ucl/code/audition_pipeline/data/dataset_4mic_3spk/Eval/text/text_fileid_54_doa327_spk1.txt,0.7741935483870968,24,31,5.66388898739873,-1.104221388650478,-6.768110376049208,4.944438282324475,-31.54761553214097,-36.49205381446544,1.1045811176300049,1.0894042253494263,-0.015176892280578613,,WHILE HE HIMSELF STROVE TO ENJOY LIFE IN A SHY AND BOYISH FASHION THAT WAS AS UNUSUAL IN A MAN OF HIS WEALTH AS IT WAS ADMIRABLE HE HAD NEVER MARRIED,It was as if a new work in America as well as it was admirable. As it had never been.,0.17163871000047948,0.17163871000047948,0.011821254864181237,0.011821254864181237,1
55,/home/shaozi/ucl/code/audition_pipeline/data/dataset_4mic_3spk/Eval/mic/mic_fileid_55_doa55_3spk.wav,ODAS-SSL-SST-DGSS-MS,separated,1,16.039125,144,/home/shaozi/ucl/code/audition_pipeline/ablation_study/baseline/ODAS/results/ODAS_n_loc+sep+pf/odas_outputs/fileid_55/odas_separated_preddoa148_slot0.wav,nearest_predicted_doa_to_spk1_gt_doa,0,147.52766365784026,3.5276636578402645,2,/home/shaozi/ucl/code/audition_pipeline/data/dataset_4mic_3spk/Eval/text/text_fileid_55_doa144_spk1.txt,0.8,24,30,3.0498289143113078,-2.4660275136410847,-5.515856427952393,1.8951594012907538,-29.136027171927594,-31.03118657321835,1.0452173948287964,1.0380114316940308,-0.007205963134765625,,IT WAS AS THOUGH THE SPIRIT OF THE DEEP HAD TAKEN FORM IN THE SUBSTANCE OF THE NOBLEST OF ALL THE FOWLS OF ITS DOMINIONS AND POISED ON TREMORLESS WINGS,"The wind is the spirit of the deep has taken form with the sense of the noble, the power of its dominion, and the voice of its transgress wisdom and truth. Such has they had come to be.",0.29880375300126616,0.29880375300126616,0.01862967917522098,0.01862967917522098,1
56,/home/shaozi/ucl/code/audition_pipeline/data/dataset_4mic_3spk/Eval/mic/mic_fileid_56_doa11_3spk.wav,ODAS-SSL-SST-DGSS-MS,separated,1,17.138125,64,/home/shaozi/ucl/code/audition_pipeline/ablation_study/baseline/ODAS/results/ODAS_n_loc+sep+pf/odas_outputs/fileid_56/odas_separated_preddoa063_slot0.wav,nearest_predicted_doa_to_spk1_gt_doa,0,63.49838792093878,0.5016120790612035,3,/home/shaozi/ucl/code/audition_pipeline/data/dataset_4mic_3spk/Eval/text/text_fileid_56_doa64_spk1.txt,0.6,21,35,4.344536873705735,-0.5302305156821473,-4.874767389387882,2.783212428914721,-23.573295023128253,-26.356507452042973,1.2097444534301758,1.1615407466888428,-0.04820370674133301,,I REPAIRED UNDER THESE THOUGHTS TO MY BIBLE MY GREAT COMFORT IN THAT TIME AND THAT SCRIPTURE CAME TO MY HAND CAST THY BURDEN UPON THE LORD AND HE SHALL SUSTAIN THEE PSALM FIFTY FIVE,"That's to my Bible, my great comfort in that time. And that scripture came to my hand, cast thy burden upon the Lord, and he shall sustain me. So by the time it reached spring hollow, it was a quiet, well-conducted little stream.",0.3591674270010117,0.3591674270010117,0.020957218307195897,0.020957218307195897,1
57,/home/shaozi/ucl/code/audition_pipeline/data/dataset_4mic_3spk/Eval/mic/mic_fileid_57_doa15_3spk.wav,ODAS-SSL-SST-DGSS-MS,separated,1,16.733625,173,/home/shaozi/ucl/code/audition_pipeline/ablation_study/baseline/ODAS/results/ODAS_n_loc+sep+pf/odas_outputs/fileid_57/odas_separated_preddoa174_slot0.wav,nearest_predicted_doa_to_spk1_gt_doa,0,173.78641110403336,0.7864111040333626,2,/home/shaozi/ucl/code/audition_pipeline/data/dataset_4mic_3spk/Eval/text/text_fileid_57_doa173_spk1.txt,0.35135135135135137,13,37,4.114622675402188,-2.647388259456073,-6.762010934858261,3.4454844043615434,-23.56333434134381,-27.008818745705355,1.3396108150482178,1.2835772037506104,-0.05603361129760742,,WHILE ON THE OTHER HAND I DID AFTERWARDS DISCOVER THESE AS SOON AS I SUPPOSED GOD TO HAVE CREATED A RATIONAL SOUL AND TO HAVE ANNEXED IT TO THIS BODY IN A PARTICULAR MANNER WHICH I DESCRIBED,"I will look the other way. I hid afterwards this cover, and use it as soon as I supposed God to have created the Lashen episode, and to have annexed it to this body in a particular manner which I described.",0.2983905999990384,0.2983905999990384,0.017831796756473173,0.017831796756473173,1
58,/home/shaozi/ucl/code/audition_pipeline/data/dataset_4mic_3spk/Eval/mic/mic_fileid_58_doa91_3spk.wav,ODAS-SSL-SST-DGSS-MS,separated,1,17.251375,128,/home/shaozi/ucl/code/audition_pipeline/ablation_study/baseline/ODAS/results/ODAS_n_loc+sep+pf/odas_outputs/fileid_58/odas_separated_preddoa125_slot0.wav,nearest_predicted_doa_to_spk1_gt_doa,0,124.58413343596223,3.4158665640377706,2,/home/shaozi/ucl/code/audition_pipeline/data/dataset_4mic_3spk/Eval/text/text_fileid_58_doa128_spk1.txt,0.2,10,50,5.457930924232805,-2.0313207338515418,-7.489251658084347,4.09629006627323,-21.87669920491099,-25.972989271184222,1.351789951324463,1.252481460571289,-0.09930849075317383,,IT MADE LITTLE DIFFERENCE TO HIM WHETHER THERE WAS A DRY STRIP ALONG THE EDGE OF THE STREAM WHERE HE COULD STEAL SILENTLY ALONG WITHOUT WETTING HIS FEET WHEN HE FOUND NO PLACE TO WALK HE SWAM NOW MASTER MEADOW MOUSE WAS WELL AWARE OF THIS TRICK OF PETER MINK'S,"It made little difference to him whether there was a dry strip along the edge of the stream where he could still silently along with that wettigay speed. When he found that place to walk, he slammed. Now, Master Heddonhouse was well aware of this trick of Peter Meigs.",0.4051302719999512,0.4051302719999512,0.0234839409612249,0.0234839409612249,1
59,/home/shaozi/ucl/code/audition_pipeline/data/dataset_4mic_3spk/Eval/mic/mic_fileid_59_doa11_3spk.wav,ODAS-SSL-SST-DGSS-MS,separated,1,16.365375,257,/home/shaozi/ucl/code/audition_pipeline/ablation_study/baseline/ODAS/results/ODAS_n_loc+sep+pf/odas_outputs/fileid_59/odas_separated_preddoa252_slot1.wav,nearest_predicted_doa_to_spk1_gt_doa,1,252.2944550654682,4.705544934531787,3,/home/shaozi/ucl/code/audition_pipeline/data/dataset_4mic_3spk/Eval/text/text_fileid_59_doa257_spk1.txt,0.5454545454545454,18,33,4.497039107276422,-2.0575870962321914,-6.554626203508613,4.7402125118677185,-20.364216276251387,-25.104428788119105,1.4081659317016602,1.3146522045135498,-0.09351372718811035,,WHEREAS THE OTHERS BEING ROUND ARE MORE CONVENIENTLY CLOSED WITH THREE BESIDES I WISH SUCH PERSONS TO OBSERVE THAT THE GRAND ARTERY AND THE ARTERIAL VEIN ARE OF MUCH HARDER AND FIRMER TEXTURE,"Whereas the others would be ground or more convenient to close with free. Besides, I wish such persons to be absurdly as grand at heart rate and their material fame are in much harder and firmer texture.",0.27698378200148,0.27698378200148,0.01692498839785095,0.01692498839785095,1
60,/home/shaozi/ucl/code/audition_pipeline/data/dataset_4mic_3spk/Eval/mic/mic_fileid_60_doa144_3spk.wav,ODAS-SSL-SST-DGSS-MS,separated,1,16.481375,144,/home/shaozi/ucl/code/audition_pipeline/ablation_study/baseline/ODAS/results/ODAS_n_loc+sep+pf/odas_outputs/fileid_60/odas_separated_preddoa150_slot1.wav,nearest_predicted_doa_to_spk1_gt_doa,1,149.63748543685685,5.637485436856849,3,/home/shaozi/ucl/code/audition_pipeline/data/dataset_4mic_3spk/Eval/text/text_fileid_60_doa144_spk1.txt,0.13333333333333333,4,30,6.2543257334183995,-1.4221503825595507,-7.67647611597795,5.983840106413824,-12.492278067668012,-18.476118174081837,1.4090924263000488,1.3388662338256836,-0.07022619247436523,,AND SHEWED HIMSELF TO HIS COURTIERS WHO EAGER TO KNOW THE SUCCESS OF THE NEW MEDICINE CAME THITHER BETIMES AND WHEN THEY SAW THE KING PERFECTLY CURED EXPRESSED GREAT JOY,"and showed himself to his courtiers, who, eager to know the success of the new medicine, came together at times, and when they saw the King perfectly cured, expressed great joy.",0.2552052270002605,0.2552052270002605,0.015484462127720562,0.015484462127720562,1
61,/home/shaozi/ucl/code/audition_pipeline/data/dataset_4mic_3spk/Eval/mic/mic_fileid_61_doa93_3spk.wav,ODAS-SSL-SST-DGSS-MS,separated,1,16.27275,149,/home/shaozi/ucl/code/audition_pipeline/ablation_study/baseline/ODAS/results/ODAS_n_loc+sep+pf/odas_outputs/fileid_61/odas_separated_preddoa147_slot0.wav,nearest_predicted_doa_to_spk1_gt_doa,0,147.2425516419538,1.7574483580461902,3,/home/shaozi/ucl/code/audition_pipeline/data/dataset_4mic_3spk/Eval/text/text_fileid_61_doa149_spk1.txt,0.5,14,28,3.418032066418945,-0.678524547040677,-4.096556613459622,2.2474283623241225,-36.827779006253294,-39.075207368577416,1.075989007949829,1.0839571952819824,0.00796818733215332,,A SILVER WEB HAS THE MOON SPUN A SILVER WEB UPON ALL THE SKY WHERE THE FRAIL STARS QUIVER EVERY ONE LIKE TANGLED GNATS THAT HUM AND DIE,"The Moon Spun has the web upon all the sky, with a frail stars quivered, everyone like tangled nets will come and die.",0.2121811710003385,0.2121811710003385,0.013039048163361357,0.013039048163361357,1
62,/home/shaozi/ucl/code/audition_pipeline/data/dataset_4mic_3spk/Eval/mic/mic_fileid_62_doa56_3spk.wav,ODAS-SSL-SST-DGSS-MS,separated,1,17.070125,308,/home/shaozi/ucl/code/audition_pipeline/ablation_study/baseline/ODAS/results/ODAS_n_loc+sep+pf/odas_outputs/fileid_62/odas_separated_preddoa306_slot0.wav,nearest_predicted_doa_to_spk1_gt_doa,0,306.26677025261165,1.73322974738835,3,/home/shaozi/ucl/code/audition_pipeline/data/dataset_4mic_3spk/Eval/text/text_fileid_62_doa308_spk1.txt,1.125,36,32,0.9208737270001623,-1.3229581348658104,-2.2438318618659725,0.7818580150989771,-49.44254610924732,-50.22440412434629,1.1861997842788696,1.2325447797775269,0.04634499549865723,,REMOVED CRIED BINGLEY IT MUST NOT BE THOUGHT OF MY SISTER I AM SURE WILL NOT HEAR OF HER REMOVAL YOU MAY DEPEND UPON IT MADAM SAID MISS BINGLEY WITH COLD CIVILITY,"Is the world cracking me? It must not be bought up. My sister, I am sure, will not hear a phone call. And this money was so big you could stand with me. You may depend upon it, Adam. You said Miss Bingham called for the ring. Return this article to one of your lodgers.",0.4378393799997866,0.4378393799997866,0.02564945365073698,0.02564945365073698,1
63,/home/shaozi/ucl/code/audition_pipeline/data/dataset_4mic_3spk/Eval/mic/mic_fileid_63_doa174_3spk.wav,ODAS-SSL-SST-DGSS-MS,separated,1,17.973875,312,/home/shaozi/ucl/code/audition_pipeline/ablation_study/baseline/ODAS/results/ODAS_n_loc+sep+pf/odas_outputs/fileid_63/odas_separated_preddoa320_slot1.wav,nearest_predicted_doa_to_spk1_gt_doa,1,320.48681361616286,8.486813616162863,3,/home/shaozi/ucl/code/audition_pipeline/data/dataset_4mic_3spk/Eval/text/text_fileid_63_doa312_spk1.txt,0.42,21,50,4.690397668442214,-1.3296174591443763,-6.020015127586591,3.5880422967730996,-24.15576732552495,-27.74380962229805,1.0464472770690918,1.0394220352172852,-0.007025241851806641,,AND THAT IF SHE NOTICED ANYTHING ODD OR OUT OF PLACE SHE WOULD NEVER REST UNTIL SHE HAD FERRETED OUT THE WHYS AND WHEREFORES THEREOF THERE ARE PLENTY OF PEOPLE IN AVONLEA AND OUT OF IT WHO CAN ATTEND CLOSELY TO THEIR NEIGHBOR'S BUSINESS BY DINT OF NEGLECTING THEIR OWN,She would never rest until she had ferreted out the wise and wearable her own. There are plenty of people in Abilene and out of it who can attend the police and to their neighbors business by did not neglecting their own.,0.3323074470008578,0.3323074470008578,0.01848835863167279,0.01848835863167279,1
64,/home/shaozi/ucl/code/audition_pipeline/data/dataset_4mic_3spk/Eval/mic/mic_fileid_64_doa6_3spk.wav,ODAS-SSL-SST-DGSS-MS,separated,1,16.112625,327,/home/shaozi/ucl/code/audition_pipeline/ablation_study/baseline/ODAS/results/ODAS_n_loc+sep+pf/odas_outputs/fileid_64/odas_separated_preddoa330_slot2.wav,nearest_predicted_doa_to_spk1_gt_doa,2,329.88206154712265,2.882061547122646,2,/home/shaozi/ucl/code/audition_pipeline/data/dataset_4mic_3spk/Eval/text/text_fileid_64_doa327_spk1.txt,1.2,42,35,5.219470187201255,-0.7399345370801242,-5.959404724281379,4.881126837958254,-22.81502249697941,-27.696149334937665,1.3453004360198975,1.18333899974823,-0.16196143627166748,,AND THEIR MOTHER WAS TENDING AND WATCHING THEM THE OLDEST WAS EIGHT YEARS THE YOUNGEST THREE MONTHS COUSIN ALICE GAVE US DESCRIPTIONS OF THEIR TASTES AND HABITS DWELLING WITH EMPHASIS ON THOSE OF THE BABY,"I've been talking to my eyes for 3 months, but she doesn't know what I am. I don't know what I am, but I don't know what I am. I don't know what I am, but I don't know what I am.",0.5491467629999534,0.5491467629999534,0.034081768985497606,0.034081768985497606,1
65,/home/shaozi/ucl/code/audition_pipeline/data/dataset_4mic_3spk/Eval/mic/mic_fileid_65_doa48_3spk.wav,ODAS-SSL-SST-DGSS-MS,separated,1,16.14525,218,/home/shaozi/ucl/code/audition_pipeline/ablation_study/baseline/ODAS/results/ODAS_n_loc+sep+pf/odas_outputs/fileid_65/odas_separated_preddoa293_slot2.wav,nearest_predicted_doa_to_spk1_gt_doa,2,293.0014409168463,75.00144091684632,3,/home/shaozi/ucl/code/audition_pipeline/data/dataset_4mic_3spk/Eval/text/text_fileid_65_doa218_spk1.txt,1.0,42,42,2.9314378333119544,-0.4252237904804427,-3.356661623792397,2.364443945588445,-16.923684884023093,-19.288128829611537,1.0997039079666138,1.0660932064056396,-0.03361070156097412,,MY LAST HOPE IS GONE SHE TOLD MARILLA I WENT UP AND SAW MISSUS BARRY MYSELF AND SHE TREATED ME VERY INSULTINGLY MARILLA I DO NOT THINK SHE IS A WELL BRED WOMAN THERE IS NOTHING MORE TO DO EXCEPT TO PRAY,Thank you for watching!,1.978503501000887,1.978503501000887,0.1225439990709891,0.1225439990709891,1
66,/home/shaozi/ucl/code/audition_pipeline/data/dataset_4mic_3spk/Eval/mic/mic_fileid_66_doa58_3spk.wav,ODAS-SSL-SST-DGSS-MS,separated,1,16.93675,242,/home/shaozi/ucl/code/audition_pipeline/ablation_study/baseline/ODAS/results/ODAS_n_loc+sep+pf/odas_outputs/fileid_66/odas_separated_preddoa245_slot1.wav,nearest_predicted_doa_to_spk1_gt_doa,1,245.47966437122705,3.479664371227045,3,/home/shaozi/ucl/code/audition_pipeline/data/dataset_4mic_3spk/Eval/text/text_fileid_66_doa242_spk1.txt,0.5348837209302325,23,43,5.895624413055282,-0.7817170825087261,-6.677341495564008,4.610781194580035,-20.92529051271815,-25.536071707298184,1.4106262922286987,1.3136513233184814,-0.09697496891021729,,HIS EYES STILL SMILED BUT HIS VOICE WAS HARDER BYGONES ARE BYGONES ISN'T THAT SO BOBBY SINCE YOU WISH IT BOBBY SAID BUT MORE IMPORTANT THAN THE KNOWLEDGE GRAHAM DESIRED LOOMED THE OLD QUESTION WHAT WAS THE MAN'S GAME WHAT HELD HIM HERE,"Smile, this voice was heard. Bygone to bygone. Isn't that so, Bobbi-Seth? Since you wish it on Bobbi-Seth. But more important than the knowledge Grand Desire and Blue Deal push. What was the man's game? I want to hold him here.",0.46394502600014675,0.46394502600014675,0.027392801216298685,0.027392801216298685,1
67,/home/shaozi/ucl/code/audition_pipeline/data/dataset_4mic_3spk/Eval/mic/mic_fileid_67_doa77_3spk.wav,ODAS-SSL-SST-DGSS-MS,separated,1,17.3005,77,/home/shaozi/ucl/code/audition_pipeline/ablation_study/baseline/ODAS/results/ODAS_n_loc+sep+pf/odas_outputs/fileid_67/odas_separated_preddoa077_slot2.wav,nearest_predicted_doa_to_spk1_gt_doa,2,77.05008317863357,0.050083178633570924,2,/home/shaozi/ucl/code/audition_pipeline/data/dataset_4mic_3spk/Eval/text/text_fileid_67_doa77_spk1.txt,0.918918918918919,34,37,5.637535463782443,-1.0858419392086252,-6.723377402991068,4.819468547593787,-75.88198446792136,-80.70145301551514,1.2078115940093994,1.1709010601043701,-0.0369105339050293,,AND THE REST OF THE PARTY CROWDED UP AS CLOSE AS THEY COULD THEY ARE HER DAUGHTER'S WEDDING CLOTHES SAID MISSUS FISHER I DO BELIEVE FOR THE OLD WOMAN WAS WORKING FEARFULLY HARD TO MAKE THEM UNDERSTAND,The old woman was working fearfully hard to make them understand that nobody has ever really invested in her.,0.16928913700030535,0.16928913700030535,0.009785216438848898,0.009785216438848898,1
68,/home/shaozi/ucl/code/audition_pipeline/data/dataset_4mic_3spk/Eval/mic/mic_fileid_68_doa31_3spk.wav,ODAS-SSL-SST-DGSS-MS,separated,1,16.753375,357,/home/shaozi/ucl/code/audition_pipeline/ablation_study/baseline/ODAS/results/ODAS_n_loc+sep+pf/odas_outputs/fileid_68/odas_separated_preddoa001_slot1.wav,nearest_predicted_doa_to_spk1_gt_doa,1,0.9600516214272353,3.960051621427226,3,/home/shaozi/ucl/code/audition_pipeline/data/dataset_4mic_3spk/Eval/text/text_fileid_68_doa357_spk1.txt,0.6341463414634146,26,41,4.8900858737888395,-0.4092495878536502,-5.29933546164249,3.3847696259563738,-26.95439409149783,-30.339163717454202,1.2678897380828857,1.141440987586975,-0.12644875049591064,,AFTER CAREFULLY SCANNING THE JAGGED TOWERS AND BATTLEMENTS WITH WHICH IT IS ROUGHENED I DETERMINED TO MAKE IT MY WAY THOUGH IT PRESENTED BUT A FEEBLE ADVERTISEMENT OF ITS FLORAL WEALTH THIS APPARENT BARRENNESS HOWEVER MADE NO GREAT OBJECTION JUST THEN,I determined to make it my way. I will present it but a few advertisements of its glory. This apparent barrenness of facts may be no great objection just in.,0.25273288800053706,0.25273288800053706,0.015085491013036901,0.015085491013036901,1
69,/home/shaozi/ucl/code/audition_pipeline/data/dataset_4mic_3spk/Eval/mic/mic_fileid_69_doa229_3spk.wav,ODAS-SSL-SST-DGSS-MS,separated,1,15.836375,304,/home/shaozi/ucl/code/audition_pipeline/ablation_study/baseline/ODAS/results/ODAS_n_loc+sep+pf/odas_outputs/fileid_69/odas_separated_preddoa312_slot1.wav,nearest_predicted_doa_to_spk1_gt_doa,1,312.37131524279204,8.371315242792036,2,/home/shaozi/ucl/code/audition_pipeline/data/dataset_4mic_3spk/Eval/text/text_fileid_69_doa304_spk1.txt,0.5882352941176471,20,34,3.695225144221962,-2.8826786651377083,-6.57790380935967,3.3428922960636154,-25.88457939959412,-29.227471695657734,1.3119797706604004,1.2363181114196777,-0.07566165924072266,,OF GOLD RINGS AND SILVER CROSSES GATHERED IN HARVEST TIME IN FURROWS SOWN WITH CORPSES DID NOT AMOUNT TO A LARGE TOTAL AND DID NOT CARRY THIS SUTLER TURNED EATING HOUSE KEEPER VERY FAR,"Of gold rings and silver crosses, gathered in harvest time, the never-frozen horses did not amount to a large total, and did not care this subject turned eating housekeeper very far. Don't you believe it, my poor man, said the other. You...",0.38279234299989184,0.38279234299989184,0.02417171499158689,0.02417171499158689,1
70,/home/shaozi/ucl/code/audition_pipeline/data/dataset_4mic_3spk/Eval/mic/mic_fileid_70_doa238_3spk.wav,ODAS-SSL-SST-DGSS-MS,separated,1,17.772375,288,/home/shaozi/ucl/code/audition_pipeline/ablation_study/baseline/ODAS/results/ODAS_n_loc+sep+pf/odas_outputs/fileid_70/odas_separated_preddoa289_slot1.wav,nearest_predicted_doa_to_spk1_gt_doa,1,289.2603598511159,1.2603598511158793,3,/home/shaozi/ucl/code/audition_pipeline/data/dataset_4mic_3spk/Eval/text/text_fileid_70_doa288_spk1.txt,1.0,48,48,6.28601711629196,-0.09655602660904448,-6.382573142901005,5.167538217386865,-31.835545739697917,-37.00308395708478,1.1337860822677612,1.0701569318771362,-0.063629150390625,,AND THEN SAT DOWN UNTIL IT SHOULD STOP ACHING WAIT FOR ME HE CALLED OUT TO HIS BROTHERS AND SISTERS I'M COMING IN A MINUTE THE OTHER LITTLE TURTLES WAITED BUT WHEN HIS TOE WAS COMFORTABLE AGAIN AND HE STARTED TOWARD THEM HE MET A VERY INTERESTING SNAIL,You,0.03902430999914941,0.03902430999914941,0.0021957847501613828,0.0021957847501613828,1
71,/home/shaozi/ucl/code/audition_pipeline/data/dataset_4mic_3spk/Eval/mic/mic_fileid_71_doa92_3spk.wav,ODAS-SSL-SST-DGSS-MS,separated,1,17.56175,92,/home/shaozi/ucl/code/audition_pipeline/ablation_study/baseline/ODAS/results/ODAS_n_loc+sep+pf/odas_outputs/fileid_71/odas_separated_preddoa091_slot0.wav,nearest_predicted_doa_to_spk1_gt_doa,0,91.29818893960856,0.7018110603914351,2,/home/shaozi/ucl/code/audition_pipeline/data/dataset_4mic_3spk/Eval/text/text_fileid_71_doa92_spk1.txt,0.2903225806451613,18,62,6.4132335300807854,-2.130504560119335,-8.54373809020012,5.977654964196177,-33.271095859780985,-39.24875082397716,1.4512699842453003,1.3452800512313843,-0.10598993301391602,,HAD WE SUCCEEDED IN GETTING A FEW GOOD FIRES UPON THEM IN FLANK WE SHOULD HAVE SENT THESE BRAVE VIRGINIANS TO THE RIGHT ABOUT AYE AND THAT IN DOUBLE QUICK TIME CRIED THE COLONEL MAKING THE OTHER LEG FOLLOW ITS COMPANION THEN IT WAS NECESSARY TO ROUT THE GUIDES YOU KNOW AND THE MOVEMENT GAVE THEM THE BEST POSSIBLE OPPORTUNITY TO CHARGE,"I succeeded in getting a few good fires upon them in flank. We should have sent these brave Virginians to the right about it. I had done it double quick time in the private firm, making the other leg fall into the canyon. Then it was necessary to route the guides and help, so the movement gave them the best possible opportunity to charge.",0.47585953999987396,0.47585953999987396,0.027096362264573518,0.027096362264573518,1
72,/home/shaozi/ucl/code/audition_pipeline/data/dataset_4mic_3spk/Eval/mic/mic_fileid_72_doa57_3spk.wav,ODAS-SSL-SST-DGSS-MS,separated,1,16.5355,57,/home/shaozi/ucl/code/audition_pipeline/ablation_study/baseline/ODAS/results/ODAS_n_loc+sep+pf/odas_outputs/fileid_72/odas_separated_preddoa056_slot1.wav,nearest_predicted_doa_to_spk1_gt_doa,1,56.258342366700816,0.7416576332991838,3,/home/shaozi/ucl/code/audition_pipeline/data/dataset_4mic_3spk/Eval/text/text_fileid_72_doa57_spk1.txt,0.24444444444444444,11,45,2.7533963899154745,-0.553542510779218,-3.3069389006946928,2.3510534027162824,-15.224130048642486,-17.575183451358768,1.2433006763458252,1.2596182823181152,0.01631760597229004,,YOUR DAUGHTER WILL BE MARRIED TO MORROW IF NOT TO DAY IN A WEEK IF NOT TO MORROW AND I DO NOT THINK YOU CAN REGRET THE INTENDED HUSBAND OF YOUR DAUGHTER MADAME DANGLARS GAZED ON VILLEFORT STUPEFIED TO FIND HIM SO ALMOST INSULTINGLY CALM,"Your daughter will be married tomorrow, if not today. In a week, if not tomorrow. And I do not think you can regret the intended husband of your daughter. Madame Denglaar gazed on Villa Four. Stupid five to find him so almost insultingly calm.",0.3911888700004056,0.3911888700004056,0.02365751685769439,0.02365751685769439,1
73,/home/shaozi/ucl/code/audition_pipeline/data/dataset_4mic_3spk/Eval/mic/mic_fileid_73_doa97_3spk.wav,ODAS-SSL-SST-DGSS-MS,separated,1,14.284375,97,/home/shaozi/ucl/code/audition_pipeline/ablation_study/baseline/ODAS/results/ODAS_n_loc+sep+pf/odas_outputs/fileid_73/odas_separated_preddoa090_slot2.wav,nearest_predicted_doa_to_spk1_gt_doa,2,90.0,7.0,3,/home/shaozi/ucl/code/audition_pipeline/data/dataset_4mic_3spk/Eval/text/text_fileid_73_doa97_spk1.txt,1.0,31,31,6.685683912674991,-7.317316816212506e-12,-6.685683912682308,5.927246807837525,-0.7418094171538534,-6.669056224991379,1.391947627067566,1.1027231216430664,-0.2892245054244995,,CARLING'S PEN TRAVELLED HALTINGLY ACROSS THE PAPER THEN WITH A QUEER LOW CRY AS HE SIGNED HIS NAME HE DROPPED THE PEN FROM HIS FINGERS AND RISING UNSTEADILY FROM HIS CHAIR,you,0.04116878500099119,0.04116878500099119,0.002882085145551779,0.002882085145551779,1
74,/home/shaozi/ucl/code/audition_pipeline/data/dataset_4mic_3spk/Eval/mic/mic_fileid_74_doa76_3spk.wav,ODAS-SSL-SST-DGSS-MS,separated,1,16.900375,116,/home/shaozi/ucl/code/audition_pipeline/ablation_study/baseline/ODAS/results/ODAS_n_loc+sep+pf/odas_outputs/fileid_74/odas_separated_preddoa112_slot1.wav,nearest_predicted_doa_to_spk1_gt_doa,1,112.37322240254792,3.626777597452076,3,/home/shaozi/ucl/code/audition_pipeline/data/dataset_4mic_3spk/Eval/text/text_fileid_74_doa116_spk1.txt,0.2926829268292683,12,41,6.00137060221598,-1.0475320612534655,-7.048902663469446,5.720690164814881,-25.31024320751895,-31.030933372333834,1.4261443614959717,1.3713343143463135,-0.0548100471496582,,LIKE THIS HE SAID IT DOES ME GOOD YOU DON'T KNOW WHAT IT IS TO ME YOU DON'T WORDS SEEMED TO FAIL HIM IT WAS A DISTINCT GLIMPSE HE WAS A YOUNGSTER OF THE SORT YOU LIKE TO SEE ABOUT YOU,This is so sad. It does me good. You don't know what it is to me. You don't. Words seem to fail in some kind of need. It was a distinct glimpse. He was a youngster of the sword you'd like to see about you.,0.4133028439991904,0.4133028439991904,0.024455246939738932,0.024455246939738932,1
75,/home/shaozi/ucl/code/audition_pipeline/data/dataset_4mic_3spk/Eval/mic/mic_fileid_75_doa172_3spk.wav,ODAS-SSL-SST-DGSS-MS,separated,1,17.380375,204,/home/shaozi/ucl/code/audition_pipeline/ablation_study/baseline/ODAS/results/ODAS_n_loc+sep+pf/odas_outputs/fileid_75/odas_separated_preddoa208_slot1.wav,nearest_predicted_doa_to_spk1_gt_doa,1,208.18242573793603,4.182425737936029,1,/home/shaozi/ucl/code/audition_pipeline/data/dataset_4mic_3spk/Eval/text/text_fileid_75_doa204_spk1.txt,0.11904761904761904,5,42,4.500220771990948,-3.545552315676825,-8.045773087667772,3.7020052919338307,-20.46180461746305,-24.16380990939688,1.170198678970337,1.1622543334960938,-0.007944345474243164,,BUT IT WAS NOT IN MISTER WESTON'S NATURE TO IMAGINE THAT ANY CAPRICE COULD BE STRONG ENOUGH TO AFFECT ONE SO DEAR AND AS HE BELIEVED SO DESERVEDLY DEAR HE SAW HIS SON EVERY YEAR IN LONDON AND WAS PROUD OF HIM,"But it was not in Mr. Weston's nature to imagine that any of these could be strong enough to affect one so dear, and as he believed so deservedly dear. He saw the sun every year in London and was proud of him.",0.32592789299997094,0.32592789299997094,0.018752638708886944,0.018752638708886944,1
76,/home/shaozi/ucl/code/audition_pipeline/data/dataset_4mic_3spk/Eval/mic/mic_fileid_76_doa66_3spk.wav,ODAS-SSL-SST-DGSS-MS,separated,1,16.727375,66,/home/shaozi/ucl/code/audition_pipeline/ablation_study/baseline/ODAS/results/ODAS_n_loc+sep+pf/odas_outputs/fileid_76/odas_separated_preddoa070_slot0.wav,nearest_predicted_doa_to_spk1_gt_doa,0,70.05087058049851,4.050870580498497,3,/home/shaozi/ucl/code/audition_pipeline/data/dataset_4mic_3spk/Eval/text/text_fileid_76_doa66_spk1.txt,0.2857142857142857,12,42,5.13725668787302,-0.687609861883925,-5.824866549756945,4.261206306067666,-26.73069912171065,-30.991905427778317,1.2463105916976929,1.1968989372253418,-0.049411654472351074,,AND YET THESE MUST BE REACHED BEFORE JUNE OR THE YEAR'S EXPEDITION WOULD BE OF LITTLE AVAIL EVERY BLACKSMITH'S SHOP RUNG WITH THE RHYTHMICAL CLANG OF BUSY HAMMERS BEATING OUT OLD IRON SUCH AS HORSESHOES NAILS OR STUBS INTO THE GREAT HARPOONS,"It must be reached before June, or the year's expedition would be a little avow. Every blacksmith's shop runs the rhythmical clang of busy hammers, beating out old ions such as horseshoes, nails, or studs. It's the great Harp Leads.",0.40338022300056764,0.40338022300056764,0.024114974585107807,0.024114974585107807,1
77,/home/shaozi/ucl/code/audition_pipeline/data/dataset_4mic_3spk/Eval/mic/mic_fileid_77_doa164_3spk.wav,ODAS-SSL-SST-DGSS-MS,separated,1,15.385625,267,/home/shaozi/ucl/code/audition_pipeline/ablation_study/baseline/ODAS/results/ODAS_n_loc+sep+pf/odas_outputs/fileid_77/odas_separated_preddoa268_slot0.wav,nearest_predicted_doa_to_spk1_gt_doa,0,267.98398630641145,0.9839863064114525,3,/home/shaozi/ucl/code/audition_pipeline/data/dataset_4mic_3spk/Eval/text/text_fileid_77_doa267_spk1.txt,0.3235294117647059,11,34,4.620763895284586,-2.5424108184334027,-7.163174713717989,4.26044742090761,-30.05915741277682,-34.31960483368443,1.174440622329712,1.12736177444458,-0.047078847885131836,,GRANDEUR SAID PANGLOSS IS EXTREMELY DANGEROUS ACCORDING TO THE TESTIMONY OF PHILOSOPHERS FOR IN SHORT EGLON KING OF MOAB WAS ASSASSINATED BY EHUD ABSALOM WAS HUNG BY HIS HAIR AND PIERCED WITH THREE DARTS,"The Grand Deer of Seppengloss is extremely dangerous according to the testimony of philosophers. For in short, the Glamour King of Moab was assassinated by a Eud. Absalom was unbid his hair and pierced with three darts.",0.3709096859984129,0.3709096859984129,0.024107547532090046,0.024107547532090046,1
78,/home/shaozi/ucl/code/audition_pipeline/data/dataset_4mic_3spk/Eval/mic/mic_fileid_78_doa78_3spk.wav,ODAS-SSL-SST-DGSS-MS,separated,1,15.820125,78,/home/shaozi/ucl/code/audition_pipeline/ablation_study/baseline/ODAS/results/ODAS_n_loc+sep+pf/odas_outputs/fileid_78/odas_separated_preddoa079_slot1.wav,nearest_predicted_doa_to_spk1_gt_doa,1,79.06924190885091,1.0692419088509268,3,/home/shaozi/ucl/code/audition_pipeline/data/dataset_4mic_3spk/Eval/text/text_fileid_78_doa78_spk1.txt,0.3181818181818182,14,44,4.088455736418408,-0.8300148938792652,-4.918470630297673,3.3649845349278014,-52.11340105357262,-55.47838558850042,1.2238025665283203,1.1129645109176636,-0.11083805561065674,,I PRAY GOD HE MAY REMEMBER THESE THINGS NOW HE IS RETURNED IN SAFETY AT THIS PLACE THE SUN NOW GETTING HIGHER WHAT WITH THE BEAMS AND HEAT OF THE SUN AND THE SMOKE OF THE WIGWAMS I THOUGHT I SHOULD HAVE BEEN BLIND,"You may remember these things now. He has returned with safety. At this place, a sun now would get higher, but with the beams at heat of the sun and the smoke of the big walls, I thought it should have been blind.",0.34207595699990634,0.34207595699990634,0.021622835281004817,0.021622835281004817,1
79,/home/shaozi/ucl/code/audition_pipeline/data/dataset_4mic_3spk/Eval/mic/mic_fileid_79_doa98_3spk.wav,ODAS-SSL-SST-DGSS-MS,separated,1,15.89875,98,/home/shaozi/ucl/code/audition_pipeline/ablation_study/baseline/ODAS/results/ODAS_n_loc+sep+pf/odas_outputs/fileid_79/odas_separated_preddoa107_slot1.wav,nearest_predicted_doa_to_spk1_gt_doa,1,107.27072369151769,9.270723691517674,3,/home/shaozi/ucl/code/audition_pipeline/data/dataset_4mic_3spk/Eval/text/text_fileid_79_doa98_spk1.txt,0.7931034482758621,23,29,4.07399291832381,-1.654081452728404,-5.728074371052214,3.5717182538494816,-30.355327000128767,-33.92704525397825,1.293771743774414,1.2100478410720825,-0.08372390270233154,,FROM INSULTING OR WRONGING THE PEOPLE OF OTHER NATIONS BUT THEY ALWAYS ARDENTLY ADVOCATE THAT WE IN OUR TURN SHALL TAMELY SUBMIT TO WRONG AND INSULT FROM OTHER NATIONS,"From insolvent I want to death for of other human friends, but they always artently attiquate that we in our turn shall tainly submit and interroge in insult from other towns. Sentee, relying upon the banks of the Euphrates.",0.36157056899901363,0.36157056899901363,0.022742075257426757,0.022742075257426757,1
80,/home/shaozi/ucl/code/audition_pipeline/data/dataset_4mic_3spk/Eval/mic/mic_fileid_80_doa69_3spk.wav,ODAS-SSL-SST-DGSS-MS,separated,1,17.273,315,/home/shaozi/ucl/code/audition_pipeline/ablation_study/baseline/ODAS/results/ODAS_n_loc+sep+pf/odas_outputs/fileid_80/odas_separated_preddoa302_slot1.wav,nearest_predicted_doa_to_spk1_gt_doa,1,301.7984889771395,13.201511022860473,2,/home/shaozi/ucl/code/audition_pipeline/data/dataset_4mic_3spk/Eval/text/text_fileid_80_doa315_spk1.txt,0.6578947368421053,25,38,5.343877314475353,-0.37152497859669753,-5.715402293072051,4.781583408282618,-61.42623057568088,-66.2078139839635,1.4250080585479736,1.2245302200317383,-0.20047783851623535,,PERHAPS THEY DON'T KNOW MUCH ABOUT IT AT THE PEOPLE'S BANNER OFFICE I THOUGHT MISTER SLIDE AND THE PEOPLE'S BANNER HAD GONE OVER TO THE OTHER SIDE BUNCE MISTER SLIDE IS PRETTY WIDE AWAKE WHATEVER SIDE HE'S ON,They don't know much about it at the people's banners. I thought it was to slide in the people's banner.,0.19374672300000384,0.19374672300000384,0.011216738435709132,0.011216738435709132,1
81,/home/shaozi/ucl/code/audition_pipeline/data/dataset_4mic_3spk/Eval/mic/mic_fileid_81_doa77_3spk.wav,ODAS-SSL-SST-DGSS-MS,separated,1,14.8545,289,/home/shaozi/ucl/code/audition_pipeline/ablation_study/baseline/ODAS/results/ODAS_n_loc+sep+pf/odas_outputs/fileid_81/odas_separated_preddoa287_slot1.wav,nearest_predicted_doa_to_spk1_gt_doa,1,286.7962864780835,2.203713521916484,3,/home/shaozi/ucl/code/audition_pipeline/data/dataset_4mic_3spk/Eval/text/text_fileid_81_doa289_spk1.txt,0.4375,14,32,5.198186218631626,-0.7813765949430438,-5.97956281357467,4.351304333275161,-37.06903948864249,-41.42034382191765,1.2298779487609863,1.2161939144134521,-0.01368403434753418,,SO YOU'RE AT THE OLD GAME MISTER FINN SAID HIS LANDLORD YES AT THE OLD GAME I SUPPOSE IT'S THE SAME WITH YOU NOW MISTER BUNCE HAD BEEN A VERY VIOLENT POLITICIAN,"So you're at the old game Mr. Pigeons. At the old game, I suppose it's to say confused. Mr. Bunch had been a very fine politician.",0.2683459199997742,0.2683459199997742,0.018064958093491817,0.018064958093491817,1
82,/home/shaozi/ucl/code/audition_pipeline/data/dataset_4mic_3spk/Eval/mic/mic_fileid_82_doa185_3spk.wav,ODAS-SSL-SST-DGSS-MS,separated,1,16.23125,243,/home/shaozi/ucl/code/audition_pipeline/ablation_study/baseline/ODAS/results/ODAS_n_loc+sep+pf/odas_outputs/fileid_82/odas_separated_preddoa243_slot1.wav,nearest_predicted_doa_to_spk1_gt_doa,1,243.26422513197184,0.26422513197184117,2,/home/shaozi/ucl/code/audition_pipeline/data/dataset_4mic_3spk/Eval/text/text_fileid_82_doa243_spk1.txt,0.1,4,40,6.194414336317367,-1.3107595171471278,-7.505173853464495,5.490355158745981,-37.182557574331284,-42.67291273307727,1.1868855953216553,1.1931941509246826,0.006308555603027344,,FOLLOWED HIM IN AN OPEN BOAT AS SOON AS SHE HAD GOT ON THE QUARTER DECK SHE FLEW AT HER HUSBAND AND ATTEMPTED TO STRIKE HIM WITH SUCH IMPETUOSITY THAT HE THOUGHT IT MOST PRUDENT TO SLIP ON ONE SIDE,"Following him in an open boat, as soon as she had got from the quarter deck, she flew with her husband, and attested to strike him with such impetuosity that he thought it most prudent to slip on one side.",0.32595023500107345,0.32595023500107345,0.020081647131371488,0.020081647131371488,1
83,/home/shaozi/ucl/code/audition_pipeline/data/dataset_4mic_3spk/Eval/mic/mic_fileid_83_doa43_3spk.wav,ODAS-SSL-SST-DGSS-MS,separated,1,16.544125,43,/home/shaozi/ucl/code/audition_pipeline/ablation_study/baseline/ODAS/results/ODAS_n_loc+sep+pf/odas_outputs/fileid_83/odas_separated_preddoa044_slot0.wav,nearest_predicted_doa_to_spk1_gt_doa,0,44.11703261932626,1.1170326193262667,3,/home/shaozi/ucl/code/audition_pipeline/data/dataset_4mic_3spk/Eval/text/text_fileid_83_doa43_spk1.txt,0.09523809523809523,4,42,5.774899647304132,-0.970412442601698,-6.74531208990583,5.110218204331005,-26.758596974374296,-31.8688151787053,1.3019825220108032,1.3264715671539307,0.02448904514312744,,AND THAT THE MONKEY MEN WERE GETTING AHEAD WERE THEY TOO GREAT MINDED AND DECENT TO EXTERMINATE THEIR PUNY RIVALS IT MAY HAVE BEEN THEIR TOLERANCE AND PATIENCE THAT BETRAYED THEM THEY WAIT TOO LONG BEFORE THEY RESENT AN IMPOSITION OR INSULT,"And that the monkey men were getting ahead, where they took great mind and indecisive to exterminate their puny rivals. It may have been their tolerance and patience that betrayed them. They wait too long before they resent an imposition or insult.",0.34888607200082333,0.34888607200082333,0.02108821542395402,0.02108821542395402,1
84,/home/shaozi/ucl/code/audition_pipeline/data/dataset_4mic_3spk/Eval/mic/mic_fileid_84_doa2_3spk.wav,ODAS-SSL-SST-DGSS-MS,separated,1,18.087375,41,/home/shaozi/ucl/code/audition_pipeline/ablation_study/baseline/ODAS/results/ODAS_n_loc+sep+pf/odas_outputs/fileid_84/odas_separated_preddoa044_slot2.wav,nearest_predicted_doa_to_spk1_gt_doa,2,44.35661876338938,3.3566187633893776,3,/home/shaozi/ucl/code/audition_pipeline/data/dataset_4mic_3spk/Eval/text/text_fileid_84_doa41_spk1.txt,0.9736842105263158,37,38,4.4224339217312885,0.011123574023437412,-4.411310347707851,3.6792658892930854,-18.075823803261418,-21.755089692554503,1.1321969032287598,1.0445713996887207,-0.08762550354003906,,POOR MISSUS LOW WE CAN FORESEE THAT THERE IS MUCH GRIEF IN STORE FOR HER AND SOME ROCKS AHEAD TOO IN THE POLITICAL CAREER OF HER HUSBAND PHINEAS WAS STILL IN LONDON HANGING ABOUT THE CLUBS DOING NOTHING,serving Archie Bring us the stood on a是什麼 what we,0.42149661800067406,0.42149661800067406,0.023303360382624566,0.023303360382624566,1
85,/home/shaozi/ucl/code/audition_pipeline/data/dataset_4mic_3spk/Eval/mic/mic_fileid_85_doa23_3spk.wav,ODAS-SSL-SST-DGSS-MS,separated,1,17.05275,173,/home/shaozi/ucl/code/audition_pipeline/ablation_study/baseline/ODAS/results/ODAS_n_loc+sep+pf/odas_outputs/fileid_85/odas_separated_preddoa171_slot1.wav,nearest_predicted_doa_to_spk1_gt_doa,1,170.53530858148864,2.4646914185113644,3,/home/shaozi/ucl/code/audition_pipeline/data/dataset_4mic_3spk/Eval/text/text_fileid_85_doa173_spk1.txt,0.275,11,40,3.7038939176039647,-0.7816592048702641,-4.485553122474228,2.9994015439334025,-28.257491459361876,-31.25689300329528,1.271450400352478,1.2287521362304688,-0.04269826412200928,,HE CONTEMPLATED WITH UNSPEAKABLE DELIGHT THE LARGE DIAMOND WHICH SHONE ON THE MAJOR'S LITTLE FINGER FOR THE MAJOR LIKE A PRUDENT MAN IN CASE OF ANY ACCIDENT HAPPENING TO HIS BANK NOTES HAD IMMEDIATELY CONVERTED THEM INTO AN AVAILABLE ASSET,"He contemplated with unspeakable bewilderance the large diamond in Sheldon's major's little finger, for the major, who, in case of any accident happening to his banknotes, had immediately converted them into an available asset.",0.34184332999939215,0.34184332999939215,0.02004622890732534,0.02004622890732534,1
86,/home/shaozi/ucl/code/audition_pipeline/data/dataset_4mic_3spk/Eval/mic/mic_fileid_86_doa84_3spk.wav,ODAS-SSL-SST-DGSS-MS,separated,1,17.021125,290,/home/shaozi/ucl/code/audition_pipeline/ablation_study/baseline/ODAS/results/ODAS_n_loc+sep+pf/odas_outputs/fileid_86/odas_separated_preddoa289_slot0.wav,nearest_predicted_doa_to_spk1_gt_doa,0,289.2762466823649,0.7237533176351008,2,/home/shaozi/ucl/code/audition_pipeline/data/dataset_4mic_3spk/Eval/text/text_fileid_86_doa290_spk1.txt,0.0625,3,48,5.151098235952808,-1.006230684392909,-6.157328920345717,3.7938449234031886,-28.52623478679666,-32.32007971019985,1.276016354560852,1.2711238861083984,-0.004892468452453613,,THEN THE WOMAN SERVED UP FOUR DIFFERENT THINGS ROAST MEAT SALAD CAKES AND WINE JUST AS THEY WERE ABOUT TO SIT DOWN AND EAT THERE WAS A KNOCKING OUTSIDE THE WOMAN SAID OH HEAVENS IT IS MY HUSBAND SHE QUICKLY HID THE ROAST MEAT INSIDE THE TILED STOVE,"Then the woman served up four different things, roast meat, salad, cake, and wine. Just that they were about to sit down and eat, there was a knocking outside. The woman said, oh heavens, it is my husband. She quickly hid the roast meat inside the tile stove.",0.40229895599986776,0.40229895599986776,0.023635274166652776,0.023635274166652776,1
87,/home/shaozi/ucl/code/audition_pipeline/data/dataset_4mic_3spk/Eval/mic/mic_fileid_87_doa124_3spk.wav,ODAS-SSL-SST-DGSS-MS,separated,1,17.381125,124,/home/shaozi/ucl/code/audition_pipeline/ablation_study/baseline/ODAS/results/ODAS_n_loc+sep+pf/odas_outputs/fileid_87/odas_separated_preddoa103_slot0.wav,nearest_predicted_doa_to_spk1_gt_doa,0,103.47374177711586,20.526258222884138,3,/home/shaozi/ucl/code/audition_pipeline/data/dataset_4mic_3spk/Eval/text/text_fileid_87_doa124_spk1.txt,0.6,21,35,5.354161164193028,-1.0510952181061757,-6.4052563822992035,4.03197948921262,-21.073498694146554,-25.105478183359175,1.138352632522583,1.1165140867233276,-0.02183854579925537,,HE CAME UP INTO THE GARDEN AND ESTABLISHED HIMSELF UNDER A BURDOCK AND BEGAN TO PRACTISE ITALIAN SCALES THE RESULT WAS THAT POOR OLD DOCTOR BULLFROG INSTEAD OF BEING CONSIDERED AS A RESPECTABLE OLD BORE,The came up into God's hold and established himself under a burden. He began to practice Italian language. The result was that a oral doctor will fraud instead of being considered as a respectable boy. That's what I'm trying to tell the other side.,0.3561576079991937,0.3561576079991937,0.020491056131245456,0.020491056131245456,1
88,/home/shaozi/ucl/code/audition_pipeline/data/dataset_4mic_3spk/Eval/mic/mic_fileid_88_doa31_3spk.wav,ODAS-SSL-SST-DGSS-MS,separated,1,15.98675,122,/home/shaozi/ucl/code/audition_pipeline/ablation_study/baseline/ODAS/results/ODAS_n_loc+sep+pf/odas_outputs/fileid_88/odas_separated_preddoa120_slot1.wav,nearest_predicted_doa_to_spk1_gt_doa,1,120.43617856555241,1.5638214344475898,3,/home/shaozi/ucl/code/audition_pipeline/data/dataset_4mic_3spk/Eval/text/text_fileid_88_doa122_spk1.txt,0.10810810810810811,4,37,6.542608563727095,-1.230513608713967,-7.773122172441061,6.131962140067653,-20.89245827338774,-27.024420413455392,1.286777138710022,1.3060252666473389,0.019248127937316895,,MISS CARLYLE'S EYES SEARCHING HER FACE INQUISITIVELY ALL THE TIME WHY DO YOU WEAR GLASSES BEGAN MISS CORNY ABRUPTLY AS SOON AS THEY WERE INDOORS ANOTHER DEEP FLUSH AND AN IMPERCEPTIBLE HESITATION MY EYES ARE NOT STRONG,"Ms. Carlyle, eyes searching her face inquisitively all the time. Why do you wear glasses? Began Miss Corny of equity as soon as they were indoors. Another deep flush and an imperceptible hesitation. My eyes are not strong.",0.3882631650012627,0.3882631650012627,0.02428656012017844,0.02428656012017844,1
89,/home/shaozi/ucl/code/audition_pipeline/data/dataset_4mic_3spk/Eval/mic/mic_fileid_89_doa150_3spk.wav,ODAS-SSL-SST-DGSS-MS,separated,1,17.14725,226,/home/shaozi/ucl/code/audition_pipeline/ablation_study/baseline/ODAS/results/ODAS_n_loc+sep+pf/odas_outputs/fileid_89/odas_separated_preddoa228_slot0.wav,nearest_predicted_doa_to_spk1_gt_doa,0,227.90298652307158,1.9029865230715757,3,/home/shaozi/ucl/code/audition_pipeline/data/dataset_4mic_3spk/Eval/text/text_fileid_89_doa226_spk1.txt,0.2916666666666667,14,48,5.189258396572343,-0.15111895073294018,-5.3403773473052825,3.7031357802585574,-17.18309730875783,-20.886233089016386,1.1799339056015015,1.1789838075637817,-0.0009500980377197266,,GIRDLES STRINGS AND LOOPS MANY OF THEM BEAUTIFULLY MADE AND ORNAMENTED THE ANCIENT IRISH WORE A TROUSERS WHICH WAS SO TIGHT FITTING AS TO SHOW PERFECTLY THE SHAPE OF THE LIMBS WHEN TERMINATING BELOW THE ANKLES IT WAS HELD DOWN BY A SLENDER STRAP PASSING UNDER THE FOOT,"The strings of the dicks, many of them beautifully made from the native dicks. The ancient Irish word trousers, which were so tight-fitting, was to show perfectly the shape of the limbs. When terminating below the ankles, it was held down by a slender strap passing under the foot.",0.414503883001089,0.414503883001089,0.02417319879287285,0.02417319879287285,1
90,/home/shaozi/ucl/code/audition_pipeline/data/dataset_4mic_3spk/Eval/mic/mic_fileid_90_doa49_3spk.wav,ODAS-SSL-SST-DGSS-MS,separated,1,16.155625,290,/home/shaozi/ucl/code/audition_pipeline/ablation_study/baseline/ODAS/results/ODAS_n_loc+sep+pf/odas_outputs/fileid_90/odas_separated_preddoa296_slot1.wav,nearest_predicted_doa_to_spk1_gt_doa,1,295.862183193051,5.86218319305101,3,/home/shaozi/ucl/code/audition_pipeline/data/dataset_4mic_3spk/Eval/text/text_fileid_90_doa290_spk1.txt,0.3125,10,32,5.7244302605391795,-0.0904633148488487,-5.814893575388028,4.702439385272531,-15.102230699775872,-19.804670085048404,1.3078420162200928,1.2329238653182983,-0.07491815090179443,,A REPRESENTATIVE ASSEMBLY DRAWN FROM AMONG THEMSELVES WOULD SIMPLY REFLECT THEIR OWN TURBULENT INSUBORDINATION IT WOULD REFUSE ITS AUTHORITY TO ALL PROCEEDINGS WHICH WOULD IMPOSE ON THEIR SAVAGE INDEPENDENCE ANY IMPROVING RESTRAINT,"The Senate of Assembly drawn from among themselves would simply reflect their own return to the United Nations. It would refuse its authority to all proceedings which were imposed on their savage independence, any improving restraint.",0.2870765379993827,0.2870765379993827,0.017769447978606998,0.017769447978606998,1
91,/home/shaozi/ucl/code/audition_pipeline/data/dataset_4mic_3spk/Eval/mic/mic_fileid_91_doa65_3spk.wav,ODAS-SSL-SST-DGSS-MS,separated,1,13.204125,144,/home/shaozi/ucl/code/audition_pipeline/ablation_study/baseline/ODAS/results/ODAS_n_loc+sep+pf/odas_outputs/fileid_91/odas_separated_preddoa144_slot0.wav,nearest_predicted_doa_to_spk1_gt_doa,0,143.54947682363914,0.4505231763608606,3,/home/shaozi/ucl/code/audition_pipeline/data/dataset_4mic_3spk/Eval/text/text_fileid_91_doa144_spk1.txt,0.2222222222222222,6,27,4.206156437161447,-2.325579793661265,-6.531736230822712,3.6419942415367936,-34.59228373531177,-38.23427797684856,1.2341283559799194,1.2671806812286377,0.03305232524871826,,SATISFACTORY INDEED VERY SATISFACTORY BARBARA IVANOVNA TOLD ME TODAY HOW OUR TROOPS ARE DISTINGUISHING THEMSELVES IT CERTAINLY DOES THEM CREDIT AND THE PEOPLE TOO ARE QUITE MUTINOUS,"That's back here in D, very satisfactory. Barbara Ivanova told me today how our troops are distinguishing themselves. It certainly does them credit, and the people too are quite mutinous.",0.2907202110000071,0.2907202110000071,0.022017377978473175,0.022017377978473175,1
92,/home/shaozi/ucl/code/audition_pipeline/data/dataset_4mic_3spk/Eval/mic/mic_fileid_92_doa79_3spk.wav,ODAS-SSL-SST-DGSS-MS,separated,1,17.673375,256,/home/shaozi/ucl/code/audition_pipeline/ablation_study/baseline/ODAS/results/ODAS_n_loc+sep+pf/odas_outputs/fileid_92/odas_separated_preddoa256_slot1.wav,nearest_predicted_doa_to_spk1_gt_doa,1,255.88341562655165,0.11658437344834738,2,/home/shaozi/ucl/code/audition_pipeline/data/dataset_4mic_3spk/Eval/text/text_fileid_92_doa256_spk1.txt,0.875,35,40,2.442330446090393,-2.226454538545509,-4.668784984635902,1.5655484137761286,-23.74194352295099,-25.307491936727118,1.0995041131973267,1.0796687602996826,-0.019835352897644043,,THE BREEZE THE SHINING SOLITUDE OF FIELDS OR WOODS HOWEVER MUCH ONE LOVES A WOMAN WHATEVER CONFIDENCE ONE MAY HAVE IN HER WHATEVER CERTAINTY HER PAST MAY OFFER US AS TO HER FUTURE ONE IS ALWAYS MORE OR LESS JEALOUS,"Even though your wife is in益ness, you will never be trusted or impeached. However much one person Whatever coaches you may have in your life, Whatever servant you are staffs to me and how травs can pass to her future, When it is always more than that jealous. 3",2.7968810460006353,2.7968810460006353,0.15825392976727057,0.15825392976727057,1
93,/home/shaozi/ucl/code/audition_pipeline/data/dataset_4mic_3spk/Eval/mic/mic_fileid_93_doa3_3spk.wav,ODAS-SSL-SST-DGSS-MS,separated,1,16.54,3,/home/shaozi/ucl/code/audition_pipeline/ablation_study/baseline/ODAS/results/ODAS_n_loc+sep+pf/odas_outputs/fileid_93/odas_separated_preddoa004_slot1.wav,nearest_predicted_doa_to_spk1_gt_doa,1,4.000564263354768,1.000564263354761,3,/home/shaozi/ucl/code/audition_pipeline/data/dataset_4mic_3spk/Eval/text/text_fileid_93_doa3_spk1.txt,0.3870967741935484,12,31,6.833506002932634,-0.9473700600773433,-7.780876063009978,6.181356576740206,-34.6195746774185,-40.800931254158705,1.1682813167572021,1.1316505670547485,-0.03663074970245361,,SUCH AS HAVE GUIDED MEN ALONG THE PATH OF TRUTH SINCE THE BEGINNING OF THE WORLD FROM WHAT HO SHE BUMPS TO ICH DIEN AND MORE THE THOUGHT OCCURRED TO ME,"I did not along the path of truth, since the beginning of the world, from the unknown. What hope she boughs to 18th and more? A thought occurred to me.",0.26826982100101304,0.26826982100101304,0.016219457134281322,0.016219457134281322,1
94,/home/shaozi/ucl/code/audition_pipeline/data/dataset_4mic_3spk/Eval/mic/mic_fileid_94_doa101_3spk.wav,ODAS-SSL-SST-DGSS-MS,separated,1,14.641875,101,/home/shaozi/ucl/code/audition_pipeline/ablation_study/baseline/ODAS/results/ODAS_n_loc+sep+pf/odas_outputs/fileid_94/odas_separated_preddoa106_slot1.wav,nearest_predicted_doa_to_spk1_gt_doa,1,105.84043109980915,4.840431099809166,3,/home/shaozi/ucl/code/audition_pipeline/data/dataset_4mic_3spk/Eval/text/text_fileid_94_doa101_spk1.txt,0.8611111111111112,31,36,2.0449940275649685,-0.7604780562531711,-2.8054720838181395,1.9929811229017487,-23.796201214211237,-25.789182337112987,1.2338738441467285,1.1548635959625244,-0.0790102481842041,,IN HER YOUTH SHE HAD DECLINED THE ADDRESSES OF A GENTLEMAN WHO HAD THE RECOMMENDATIONS OF GOOD CHARACTER AND CONNECTIONS AND POSITION IN LIFE OF EVERYTHING IN FACT EXCEPT THE SUBTLE POWER OF TOUCHING HER HEART,It's a kindly addressed to the gentlemen who are the directors of the,0.1197127340001316,0.1197127340001316,0.008176052179118562,0.008176052179118562,1
95,/home/shaozi/ucl/code/audition_pipeline/data/dataset_4mic_3spk/Eval/mic/mic_fileid_95_doa59_3spk.wav,ODAS-SSL-SST-DGSS-MS,separated,1,16.541875,125,/home/shaozi/ucl/code/audition_pipeline/ablation_study/baseline/ODAS/results/ODAS_n_loc+sep+pf/odas_outputs/fileid_95/odas_separated_preddoa126_slot0.wav,nearest_predicted_doa_to_spk1_gt_doa,0,125.54215667466809,0.5421566746680924,2,/home/shaozi/ucl/code/audition_pipeline/data/dataset_4mic_3spk/Eval/text/text_fileid_95_doa125_spk1.txt,0.5666666666666667,17,30,3.8357108224033403,-2.1227767612559565,-5.958487583659297,3.1406255948649076,-31.232012859741292,-34.372638454606204,1.1081455945968628,1.1032181978225708,-0.004927396774291992,,WHICH A SAD EXPERIENCE HAS BROUGHT US IS WORTH OUR OWN PERSONAL SHARE OF PAIN SURELY IT IS NOT POSSIBLE TO FEEL OTHERWISE ANY MORE THAN IT WOULD BE POSSIBLE,Which is that experience has brought us towards our own personal share of pain. Surely it is not possible to be a lover-wise anymore than it was being possible. That's enough. God is great. In Mecca.,0.33790433700050926,0.33790433700050926,0.020427208947021377,0.020427208947021377,1
96,/home/shaozi/ucl/code/audition_pipeline/data/dataset_4mic_3spk/Eval/mic/mic_fileid_96_doa99_3spk.wav,ODAS-SSL-SST-DGSS-MS,separated,1,17.43275,160,/home/shaozi/ucl/code/audition_pipeline/ablation_study/baseline/ODAS/results/ODAS_n_loc+sep+pf/odas_outputs/fileid_96/odas_separated_preddoa168_slot0.wav,nearest_predicted_doa_to_spk1_gt_doa,0,167.77025384091428,7.770253840914279,3,/home/shaozi/ucl/code/audition_pipeline/data/dataset_4mic_3spk/Eval/text/text_fileid_96_doa160_spk1.txt,0.8043478260869565,37,46,6.231552705688306,-0.773462048602201,-7.005014754290507,5.101817930592992,-28.112002696792125,-33.21382062738512,1.249191403388977,1.159793496131897,-0.08939790725708008,,THEN WITH HIS OTHER HAND ON HIS WRIST HE BENT THE FOREARM SHARPLY AND FELT THE BICEPS AS ROUND AND HARD AS A CRICKET BALL SPRING UP UNDER HIS FINGERS FEEL THAT SAID HE THE PUBLICAN AND HORSE BREAKER FELT IT WITH AN AIR OF REVERENCE,"The other hand, not only is not the need built to fall on shortly, it dealt the biceps, is rounding hard as a cricket ball, spleen up under the spleen at the time. Feel that, says these martyrs, the public and the sprinters, tell the seniority of reference.",0.4226456749984209,0.4226456749984209,0.02424434899820286,0.02424434899820286,1
97,/home/shaozi/ucl/code/audition_pipeline/data/dataset_4mic_3spk/Eval/mic/mic_fileid_97_doa115_3spk.wav,ODAS-SSL-SST-DGSS-MS,separated,1,16.94075,251,/home/shaozi/ucl/code/audition_pipeline/ablation_study/baseline/ODAS/results/ODAS_n_loc+sep+pf/odas_outputs/fileid_97/odas_separated_preddoa251_slot0.wav,nearest_predicted_doa_to_spk1_gt_doa,0,251.10889290895219,0.10889290895218551,2,/home/shaozi/ucl/code/audition_pipeline/data/dataset_4mic_3spk/Eval/text/text_fileid_97_doa251_spk1.txt,1.2105263157894737,46,38,3.9457188445636575,-2.1405784163590087,-6.086297260922667,2.559264022249076,-25.92346333003908,-28.48272735228816,1.238439679145813,1.1707525253295898,-0.06768715381622314,,HE CONTINUED TO FOLLOW THE PATH TO THE GLADE BUT TO HIS GREAT SURPRISE CARLINI ARRIVED ALMOST AS SOON AS HIMSELF LET US DRAW LOTS LET US DRAW LOTS CRIED ALL THE BRIGANDS WHEN THEY SAW THE CHIEF,"Thank you, but to history's surprise, Carlini Aron almost just used himself to take advantage of the fact that he was a great player. A lot of strong logs, a lot of strong logs, cried all the crickets, but they saw the chief. This only made you so funny. A fightful mask. Thanks for watching.",0.6256319369986159,0.6256319369986159,0.036930592624211785,0.036930592624211785,1
98,/home/shaozi/ucl/code/audition_pipeline/data/dataset_4mic_3spk/Eval/mic/mic_fileid_98_doa46_3spk.wav,ODAS-SSL-SST-DGSS-MS,separated,1,16.43225,128,/home/shaozi/ucl/code/audition_pipeline/ablation_study/baseline/ODAS/results/ODAS_n_loc+sep+pf/odas_outputs/fileid_98/odas_separated_preddoa126_slot2.wav,nearest_predicted_doa_to_spk1_gt_doa,2,126.1420443935081,1.8579556064918847,3,/home/shaozi/ucl/code/audition_pipeline/data/dataset_4mic_3spk/Eval/text/text_fileid_98_doa128_spk1.txt,0.2558139534883721,11,43,3.775023599986267,-1.3962486477979061,-5.171272247784173,2.7243878995980024,-22.911645848894384,-25.636033748492387,1.1589837074279785,1.1796759366989136,0.02069222927093506,,THAT OLD NUISANCE OF A RACHEL LYNDE WAS HERE AGAIN TODAY PESTERING ME FOR A SUBSCRIPTION TOWARDS BUYING A CARPET FOR THE VESTRY ROOM SAID MISTER HARRISON WRATHFULLY I DETEST THAT WOMAN MORE THAN ANYBODY I KNOW SHE CAN PUT A WHOLE SERMON,"That old nuisance of a ritual layman is here again today pestering me for a subscription toward buying a carpet for the best for crafts, Mr. Harris, too. I detest that woman more than anybody I know. She would put a whole sermon.",0.38544011999874783,0.38544011999874783,0.02345632034558553,0.02345632034558553,1
99,/home/shaozi/ucl/code/audition_pipeline/data/dataset_4mic_3spk/Eval/mic/mic_fileid_99_doa33_3spk.wav,ODAS-SSL-SST-DGSS-MS,separated,1,17.2605,247,/home/shaozi/ucl/code/audition_pipeline/ablation_study/baseline/ODAS/results/ODAS_n_loc+sep+pf/odas_outputs/fileid_99/odas_separated_preddoa249_slot0.wav,nearest_predicted_doa_to_spk1_gt_doa,0,249.01667829978607,2.016678299786065,3,/home/shaozi/ucl/code/audition_pipeline/data/dataset_4mic_3spk/Eval/text/text_fileid_99_doa247_spk1.txt,0.14285714285714285,6,42,6.502298727484009,-0.09932623863035234,-6.601624966114361,5.4056219434105675,-15.59899756192102,-21.00461950533159,1.4689650535583496,1.361210823059082,-0.10775423049926758,,ONLY EXISTS THE HONOUR OF THE STATE WHICH IS HIS HONOUR HE DOES NOT LOOK UPON HIMSELF AS A FREE AGENT WORKING OUT HIS OWN PERSONAL SALVATION SPIRITUAL AGONIZING IS UNKNOWN TO HIM HE HAS A SENSE OF CALM TRUST IN FATE,"He exists the honor of the state, which is his honor. He does not look upon himself as a great agent, working out his own personal salvation. Spiritual agonizing is unknown to him. He has a sense of calm trust and faith.",0.369687865000742,0.369687865000742,0.021418143448958142,0.021418143448958142,1
100,/home/shaozi/ucl/code/audition_pipeline/data/dataset_4mic_3spk/Eval/mic/mic_fileid_100_doa58_3spk.wav,ODAS-SSL-SST-DGSS-MS,separated,1,14.7365,258,/home/shaozi/ucl/code/audition_pipeline/ablation_study/baseline/ODAS/results/ODAS_n_loc+sep+pf/odas_outputs/fileid_100/odas_separated_preddoa259_slot1.wav,nearest_predicted_doa_to_spk1_gt_doa,1,258.9253973382351,0.9253973382350864,3,/home/shaozi/ucl/code/audition_pipeline/data/dataset_4mic_3spk/Eval/text/text_fileid_100_doa258_spk1.txt,0.2926829268292683,12,41,3.9181494457241155,-1.855401579450823,-5.773551025174939,3.704500319006876,-31.778490281629537,-35.48299060063641,1.1294280290603638,1.1163814067840576,-0.013046622276306152,,BUT CONTINUED TO SING HER RHYMES AS BEFORE FOR HOWEVER MUCH GROWN PEOPLE MIGHT LAUGH AT HER THE CHILDREN SEEMED TO ENJOY THEM VERY MUCH AND NOT ONE OF THEM WAS TOO PEEVISH TO BE QUIETED AND SOOTHED BY HER VERSES,"but continued to sing her lines as before. And more, however much groovy from my laughter, the children seemed to enjoy the very much, and not one of them was too pure to be quieted and saithed by her verses.",0.3631813070005592,0.3631813070005592,0.024645017948668895,0.024645017948668895,1
101,/home/shaozi/ucl/code/audition_pipeline/data/dataset_4mic_3spk/Eval/mic/mic_fileid_101_doa238_3spk.wav,ODAS-SSL-SST-DGSS-MS,separated,1,17.085,272,/home/shaozi/ucl/code/audition_pipeline/ablation_study/baseline/ODAS/results/ODAS_n_loc+sep+pf/odas_outputs/fileid_101/odas_separated_preddoa271_slot0.wav,nearest_predicted_doa_to_spk1_gt_doa,0,270.5764635785836,1.4235364214163724,3,/home/shaozi/ucl/code/audition_pipeline/data/dataset_4mic_3spk/Eval/text/text_fileid_101_doa272_spk1.txt,0.5666666666666667,17,30,5.10483737578401,-1.1662072555069667,-6.271044631290977,4.446429863430198,-36.894244720618495,-41.34067458404869,1.2489171028137207,1.1956318616867065,-0.05328524112701416,,MISTER BERYL SUCH A KIND GENTLEMAN MA'AM SAID YOU WOULD HELP ME I WILL SO LONG AS YOU ARE HONEST JERRY THRUST HIS TONGUE IN HIS CHEEK BUT JULIUS ANSWERED,"Mr. Barrow, such a kind gentleman, when there were so few at home, I will, so long as you are honest. Terry Thrust is telling us the truth, but Julia's answering.",0.32034020500032057,0.32034020500032057,0.018749792508066757,0.018749792508066757,1
102,/home/shaozi/ucl/code/audition_pipeline/data/dataset_4mic_3spk/Eval/mic/mic_fileid_102_doa204_3spk.wav,ODAS-SSL-SST-DGSS-MS,separated,1,17.27275,324,/home/shaozi/ucl/code/audition_pipeline/ablation_study/baseline/ODAS/results/ODAS_n_loc+sep+pf/odas_outputs/fileid_102/odas_separated_preddoa323_slot1.wav,nearest_predicted_doa_to_spk1_gt_doa,1,322.8542832162001,1.1457167837999123,2,/home/shaozi/ucl/code/audition_pipeline/data/dataset_4mic_3spk/Eval/text/text_fileid_102_doa324_spk1.txt,1.0,39,39,3.2837984753148826,-0.7456385781368641,-4.029437053451747,1.7984931092154537,-25.676433836876416,-27.47492694609187,1.208803415298462,1.1822423934936523,-0.02656102180480957,,THESE CONSIDERATIONS RELATE TO THE FIRST TWO CAUSES OF FAILURE IN A REPRESENTATIVE GOVERNMENT THE THIRD IS WHEN THE PEOPLE WANT EITHER THE WILL OR THE CAPACITY TO FULFILL THE PART WHICH BELONGS TO THEM IN A REPRESENTATIVE CONSTITUTION,The third is when the people want either the will or the capacity to fulfill the parts which belongs to them in a representative constitution. The fourth is when the people want either the will or the capacity to fulfill the parts which belongs to them in a representative constitution. The fifth is when the people want either the will or the capacity to fulfill the parts,0.5043658079994202,0.5043658079994202,0.029200087305114718,0.029200087305114718,1
103,/home/shaozi/ucl/code/audition_pipeline/data/dataset_4mic_3spk/Eval/mic/mic_fileid_103_doa27_3spk.wav,ODAS-SSL-SST-DGSS-MS,separated,1,15.518875,59,/home/shaozi/ucl/code/audition_pipeline/ablation_study/baseline/ODAS/results/ODAS_n_loc+sep+pf/odas_outputs/fileid_103/odas_separated_preddoa054_slot1.wav,nearest_predicted_doa_to_spk1_gt_doa,1,54.244890084352534,4.755109915647466,2,/home/shaozi/ucl/code/audition_pipeline/data/dataset_4mic_3spk/Eval/text/text_fileid_103_doa59_spk1.txt,0.45,18,40,3.8997077739367536,-1.999125232981514,-5.8988330069182675,3.976482961528933,-21.581031910340126,-25.55751487186906,1.5206270217895508,1.7036751508712769,0.18304812908172607,,THEN I REALLY DO THINK THAT HE HAS UNCOMMON BAD TASTE SAID LUCY WITH A REALITY IN HER VOICE DIFFERING MUCH FROM THE TONE OF BANTER SHE HAD HITHERTO USED WHAT LUCY SAID HER SISTER IN LAW LOOKING AT HER,"And I really do think that he has uncommon bad taste in the sub-psychology, with the reality in her voice differing much from the tone advantage she had had of two years. What a loser! said her sister-in-law like we had her.",0.3866830150000169,0.3866830150000169,0.024916948876772118,0.024916948876772118,1
104,/home/shaozi/ucl/code/audition_pipeline/data/dataset_4mic_3spk/Eval/mic/mic_fileid_104_doa10_3spk.wav,ODAS-SSL-SST-DGSS-MS,separated,1,16.974375,301,/home/shaozi/ucl/code/audition_pipeline/ablation_study/baseline/ODAS/results/ODAS_n_loc+sep+pf/odas_outputs/fileid_104/odas_separated_preddoa300_slot0.wav,nearest_predicted_doa_to_spk1_gt_doa,0,299.78044959866736,1.21955040133264,3,/home/shaozi/ucl/code/audition_pipeline/data/dataset_4mic_3spk/Eval/text/text_fileid_104_doa301_spk1.txt,0.2391304347826087,11,46,4.305637237335123,-1.7612649376415066,-6.066902174976629,4.230446821951679,-26.215170546794717,-30.445617368746397,1.2184832096099854,1.2407727241516113,0.022289514541625977,,BUT IN THE YARD THERE WAS A LIGHT FROM THE FIRE AT LITTLE MYTISHCHI A MILE AND A HALF AWAY AND THROUGH THE NIGHT CAME THE NOISE OF PEOPLE SHOUTING AT A TAVERN MAMONOV'S COSSACKS HAD SET UP ACROSS THE STREET AND THE ADJUTANT'S UNCEASING MOANS,"In the yard there was a light from the fire and a little metishe, a mile and a half away. Through the night came the noise of people shouting at a tavern, a man of scossips, and set up across the street, and the agitants unceasing moans.",0.4212730140006897,0.4212730140006897,0.024818175278953702,0.024818175278953702,1
105,/home/shaozi/ucl/code/audition_pipeline/data/dataset_4mic_3spk/Eval/mic/mic_fileid_105_doa7_3spk.wav,ODAS-SSL-SST-DGSS-MS,separated,1,16.3715,134,/home/shaozi/ucl/code/audition_pipeline/ablation_study/baseline/ODAS/results/ODAS_n_loc+sep+pf/odas_outputs/fileid_105/odas_separated_preddoa134_slot1.wav,nearest_predicted_doa_to_spk1_gt_doa,1,133.7759675323995,0.22403246760049456,3,/home/shaozi/ucl/code/audition_pipeline/data/dataset_4mic_3spk/Eval/text/text_fileid_105_doa134_spk1.txt,0.21951219512195122,9,41,4.383985064082289,-2.1150839016475196,-6.499068965729808,4.575846274567732,-24.566628530399658,-29.142474804967392,1.309891939163208,1.2846717834472656,-0.025220155715942383,,I DIDN'T SUPPOSE THERE WAS ANY ONE WHO DIDN'T KNOW THOSE SHARP SQUEAKY VOICES THEY RATHER GET ON MY NERVES WHAT ANYBODY WANTS TO SQUEAK LIKE THAT FOR WHEN THEY CAN SING AS ROSEBREAST CAN IS MORE THAN I CAN UNDERSTAND,"I didn't see both there was anyone who didn't know those sharp, squeaky voices. They'd rather get on my nerves. What anybody wants to squeak like that for when they can sing as rose-breasted candy is more than I can understand. Well, poiser.",0.4170996610009752,0.4170996610009752,0.025477180527195133,0.025477180527195133,1
106,/home/shaozi/ucl/code/audition_pipeline/data/dataset_4mic_3spk/Eval/mic/mic_fileid_106_doa79_3spk.wav,ODAS-SSL-SST-DGSS-MS,separated,1,16.99375,130,/home/shaozi/ucl/code/audition_pipeline/ablation_study/baseline/ODAS/results/ODAS_n_loc+sep+pf/odas_outputs/fileid_106/odas_separated_preddoa104_slot1.wav,nearest_predicted_doa_to_spk1_gt_doa,1,103.52811133084532,26.47188866915468,2,/home/shaozi/ucl/code/audition_pipeline/data/dataset_4mic_3spk/Eval/text/text_fileid_106_doa130_spk1.txt,0.358974358974359,14,39,2.47601706930553,-3.497882169112306,-5.973899238417836,1.8660071120131385,-28.812392319466944,-30.678399431480084,1.2320476770401,1.2541217803955078,0.022074103355407715,,A SINGLE GLANCE AT THE LANDSCAPE WAS SUFFICIENT TO SHOW ME HOW WIDELY DIFFERENT IT WAS FROM ANYTHING I HAD EVER BEHELD AT NIGHT IT BLEW A GALE OF WIND AND HEAVY SQUALLS FROM THE MOUNTAINS SWEPT PAST US,A similar line to the landscape was sufficient to show me how widely different he was at anything I had ever felt. At night he grew a garbled limb and heavy squalls from around his swept past.,0.282038138999269,0.282038138999269,0.01659658044865136,0.01659658044865136,1
107,/home/shaozi/ucl/code/audition_pipeline/data/dataset_4mic_3spk/Eval/mic/mic_fileid_107_doa58_3spk.wav,ODAS-SSL-SST-DGSS-MS,separated,1,16.556,58,/home/shaozi/ucl/code/audition_pipeline/ablation_study/baseline/ODAS/results/ODAS_n_loc+sep+pf/odas_outputs/fileid_107/odas_separated_preddoa063_slot0.wav,nearest_predicted_doa_to_spk1_gt_doa,0,63.16990832537416,5.169908325374166,3,/home/shaozi/ucl/code/audition_pipeline/data/dataset_4mic_3spk/Eval/text/text_fileid_107_doa58_spk1.txt,0.5151515151515151,17,33,3.9844811904012625,-0.9809645642501935,-4.965445754651456,3.9835022632732784,-29.573822115825415,-33.557324379098695,1.1411728858947754,1.1433887481689453,0.002215862274169922,,WHY WHAT'S UP SAID PHILIP SURPRISED AT WILLIAM'S UNUSUAL MANNER AND AT THE SAME TIME RATHER GRATIFIED TO FIND A REFLECTION OF HIS OWN FEELINGS ABOUT KINRAID COULSON'S FACE WAS PALE WITH ANGER,"He was surprised that William Zane was limanished, and at the same time rather gratified to find a reflection of his own feelings about the area of war. Colson's face was perilous anger.",1.61890638299883,1.61890638299883,0.09778366652566017,0.09778366652566017,1
108,/home/shaozi/ucl/code/audition_pipeline/data/dataset_4mic_3spk/Eval/mic/mic_fileid_108_doa63_3spk.wav,ODAS-SSL-SST-DGSS-MS,separated,1,15.3955,63,/home/shaozi/ucl/code/audition_pipeline/ablation_study/baseline/ODAS/results/ODAS_n_loc+sep+pf/odas_outputs/fileid_108/odas_separated_preddoa063_slot2.wav,nearest_predicted_doa_to_spk1_gt_doa,2,62.996092851508564,0.003907148491435919,3,/home/shaozi/ucl/code/audition_pipeline/data/dataset_4mic_3spk/Eval/text/text_fileid_108_doa63_spk1.txt,0.09375,3,32,4.378973956882149,-0.15307383324871732,-4.532047790130866,2.8723859170368264,-21.725608091864647,-24.597994008901473,1.1772655248641968,1.1445926427841187,-0.032672882080078125,,A REPRESENTATIVE ASSEMBLY DRAWN FROM AMONG THEMSELVES WOULD SIMPLY REFLECT THEIR OWN TURBULENT INSUBORDINATION IT WOULD REFUSE ITS AUTHORITY TO ALL PROCEEDINGS WHICH WOULD IMPOSE ON THEIR SAVAGE INDEPENDENCE ANY IMPROVING RESTRAINT,The assembly drawn from among themselves would simply reflect their own turbulent insubordination. It would recruse its authority to all proceedings which would impose on their savage independence any improving restraint.,0.27357910000137053,0.27357910000137053,0.01777006917614696,0.01777006917614696,1
109,/home/shaozi/ucl/code/audition_pipeline/data/dataset_4mic_3spk/Eval/mic/mic_fileid_109_doa236_3spk.wav,ODAS-SSL-SST-DGSS-MS,separated,1,17.4635,236,/home/shaozi/ucl/code/audition_pipeline/ablation_study/baseline/ODAS/results/ODAS_n_loc+sep+pf/odas_outputs/fileid_109/odas_separated_preddoa235_slot0.wav,nearest_predicted_doa_to_spk1_gt_doa,0,235.35280417454155,0.6471958254584536,2,/home/shaozi/ucl/code/audition_pipeline/data/dataset_4mic_3spk/Eval/text/text_fileid_109_doa236_spk1.txt,0.12121212121212122,4,33,5.681483457069123,-1.649449956292145,-7.330933413361268,4.452580401033782,-22.664763111846092,-27.117343512879874,1.2175250053405762,1.296204924583435,0.07867991924285889,,NOR ARE THEY EVER RECALLED WITHOUT BRINGING BACK WITH THEM MYRIADS OF SLUMBERING FEELINGS AND HALF FORGOTTEN IMAGES WE HEAR THE SWEET LOW VOICE OF THE MOTHER SINGING SOFT LULLABIES TO HER DARLING,"Nor are they ever recalled without bringing back with them morades of slumbering feelings and half-forgotten images forth. We hear the sweet, low voice of the mother, singing soft lullabies to her darling.",0.3305475599991041,0.3305475599991041,0.018927910212678107,0.018927910212678107,1
110,/home/shaozi/ucl/code/audition_pipeline/data/dataset_4mic_3spk/Eval/mic/mic_fileid_110_doa31_3spk.wav,ODAS-SSL-SST-DGSS-MS,separated,1,10.852875,265,/home/shaozi/ucl/code/audition_pipeline/ablation_study/baseline/ODAS/results/ODAS_n_loc+sep+pf/odas_outputs/fileid_110/odas_separated_preddoa266_slot1.wav,nearest_predicted_doa_to_spk1_gt_doa,1,265.5001262459291,0.5001262459290956,3,/home/shaozi/ucl/code/audition_pipeline/data/dataset_4mic_3spk/Eval/text/text_fileid_110_doa265_spk1.txt,0.7407407407407407,20,27,7.2721258313198724,-0.8679655396358956,-8.140091370955767,6.391308245301066,-16.40872010282642,-22.800028348127483,1.2235941886901855,1.1566389799118042,-0.06695520877838135,,ENOW OF PATRIOTS STILL REMAINED TO KEEP UP THE ILL HUMOR OF THE HOUSE AND MEN NEEDED BUT LITTLE INSTRUCTION OR RHETORIC TO RECOMMEND TO THEM PRACTICES,"I would like to request your name to keep all these people in your house, and men needed but boys, especially women, who recommend that practices.",0.3905789799991908,0.3905789799991908,0.03598852654243146,0.03598852654243146,1
111,/home/shaozi/ucl/code/audition_pipeline/data/dataset_4mic_3spk/Eval/mic/mic_fileid_111_doa38_3spk.wav,ODAS-SSL-SST-DGSS-MS,separated,1,17.21975,186,/home/shaozi/ucl/code/audition_pipeline/ablation_study/baseline/ODAS/results/ODAS_n_loc+sep+pf/odas_outputs/fileid_111/odas_separated_preddoa297_slot1.wav,nearest_predicted_doa_to_spk1_gt_doa,1,296.8354738940857,110.83547389408568,3,/home/shaozi/ucl/code/audition_pipeline/data/dataset_4mic_3spk/Eval/text/text_fileid_111_doa186_spk1.txt,0.48936170212765956,23,47,5.13365358397977,-0.42812132157860067,-5.561774905558371,3.575657666106457,-30.982622270847415,-34.55827993695387,1.2428102493286133,1.1455672979354858,-0.09724295139312744,,BUT THE DAY DID NOT TURN OUT SO BADLY AFTER ALL AS WE WORKED OUR WAY OUT OF THIS UNCERTAINTY AND FOUND OUT WHAT WAS BEHIND THE PITCH DARK CLOUDS DURING THE FORENOON THE SUN CAME THROUGH AND THRUST ASIDE THE FOG FOR A WHILE AND THERE,"And today we're not turned out so badly as we were. As we worked our way out of this uncertainty, and found out what was behind the pitch of the club, we were in the forends of the sun, and we first decided to fall for a while, and there.",0.3857672120011557,0.3857672120011557,0.022402602360728562,0.022402602360728562,1
112,/home/shaozi/ucl/code/audition_pipeline/data/dataset_4mic_3spk/Eval/mic/mic_fileid_112_doa172_3spk.wav,ODAS-SSL-SST-DGSS-MS,separated,1,17.42725,172,/home/shaozi/ucl/code/audition_pipeline/ablation_study/baseline/ODAS/results/ODAS_n_loc+sep+pf/odas_outputs/fileid_112/odas_separated_preddoa177_slot2.wav,nearest_predicted_doa_to_spk1_gt_doa,2,177.21506146029552,5.215061460295516,2,/home/shaozi/ucl/code/audition_pipeline/data/dataset_4mic_3spk/Eval/text/text_fileid_112_doa172_spk1.txt,1.0232558139534884,44,43,2.843623479002594,-1.2075181157694053,-4.051141594771999,2.2543703994446322,-21.430469278152025,-23.684839677596656,1.1430253982543945,1.1037966012954712,-0.03922879695892334,,SETTLING SILENTLY IN THE DRY MOUNTAIN AIR OR MASSED IN FLAKES SOFT AND DOWNY TO LIE OUT ALONE IN THE MOUNTAINS OF A STILL NIGHT AND BE TOUCHED BY THE FIRST OF THESE SMALL SILENT MESSENGERS FROM THE SKY IS A MEMORABLE EXPERIENCE,"The next slide will be in the dry mountain. The next slide will be in the dry mountain. The next slide will be in the dry mountain. To lie out alone in the mountains of the stone ice, that we touch by the big smile of the bestie, which is from the sky, is a new sea which can be as held in a sand.",1.536195573000441,1.536195573000441,0.088149052374898,0.088149052374898,1
113,/home/shaozi/ucl/code/audition_pipeline/data/dataset_4mic_3spk/Eval/mic/mic_fileid_113_doa12_3spk.wav,ODAS-SSL-SST-DGSS-MS,separated,1,16.374375,64,/home/shaozi/ucl/code/audition_pipeline/ablation_study/baseline/ODAS/results/ODAS_n_loc+sep+pf/odas_outputs/fileid_113/odas_separated_preddoa071_slot2.wav,nearest_predicted_doa_to_spk1_gt_doa,2,71.28737944898333,7.28737944898333,3,/home/shaozi/ucl/code/audition_pipeline/data/dataset_4mic_3spk/Eval/text/text_fileid_113_doa64_spk1.txt,1.0,44,44,3.9242998895004844,-0.49297688823142927,-4.417276777731914,3.929482114321095,-28.56927835139306,-32.498760465714156,1.2988532781600952,1.2121784687042236,-0.08667480945587158,,HE KNEW THAT IF HE DID SO HE SHOULD NEVER RISE AGAIN HE WAS OVERCOME BY FATIGUE AND THE WEIGHT OF THE DARKNESS WOULD AS WITH THE DEAD WOMAN HAVE HELD HIM TO THE GROUND AND THE ICE GLUED HIM ALIVE TO THE EARTH,I'll play my feast 54 doges!,0.6104947359999642,0.6104947359999642,0.03728354431848325,0.03728354431848325,1
114,/home/shaozi/ucl/code/audition_pipeline/data/dataset_4mic_3spk/Eval/mic/mic_fileid_114_doa42_3spk.wav,ODAS-SSL-SST-DGSS-MS,separated,1,17.02575,273,/home/shaozi/ucl/code/audition_pipeline/ablation_study/baseline/ODAS/results/ODAS_n_loc+sep+pf/odas_outputs/fileid_114/odas_separated_preddoa260_slot2.wav,nearest_predicted_doa_to_spk1_gt_doa,2,260.43706137359453,12.562938626405469,3,/home/shaozi/ucl/code/audition_pipeline/data/dataset_4mic_3spk/Eval/text/text_fileid_114_doa273_spk1.txt,0.24242424242424243,8,33,7.177089161600893,-1.102390566888715,-8.279479728489608,6.253868424516979,-12.847294995413696,-19.101163419930675,1.6400835514068604,1.5510375499725342,-0.08904600143432617,,I SAW AS IT FELL ACROSS MY BABY THE SHADOW OF THE VEIL WITHIN THE VEIL WAS HE BORN SAID I AND THERE WITHIN SHALL HE LIVE A NEGRO AND A NEGRO'S SON,"I had a fellow who was a fellow across my baby, the shadow of the veil. Within the veil was he born, for I, and there within shall he live, a negro and a negro's son.",0.2965973780010245,0.2965973780010245,0.01742051762777114,0.01742051762777114,1
115,/home/shaozi/ucl/code/audition_pipeline/data/dataset_4mic_3spk/Eval/mic/mic_fileid_115_doa10_3spk.wav,ODAS-SSL-SST-DGSS-MS,separated,1,15.9635,201,/home/shaozi/ucl/code/audition_pipeline/ablation_study/baseline/ODAS/results/ODAS_n_loc+sep+pf/odas_outputs/fileid_115/odas_separated_preddoa198_slot0.wav,nearest_predicted_doa_to_spk1_gt_doa,0,197.61185091426597,3.388149085734028,3,/home/shaozi/ucl/code/audition_pipeline/data/dataset_4mic_3spk/Eval/text/text_fileid_115_doa201_spk1.txt,0.07894736842105263,3,38,4.076409335266915,-0.4769566860597564,-4.553366021326671,3.289169299864091,-22.159539250514104,-25.448708550378196,1.3293116092681885,1.2707124948501587,-0.058599114418029785,,I CANNOT STAND I SAID THERE IS SOMETHING GONE IN MY LEG AND I FEEL BLOOD RUNNING DOWN INTO MY BOOT HE KNELT AND ROLLED DOWN THE LEG OF MY STOCKING BUT THOUGH HE ONLY MOVED MY FOOT,"I cannot stand, I said. There is something gone through my leg, and I feel blood running down into my boot. He knelt and rolled down the legs of my stalking, but though he only moved my foot.",0.3147034989997337,0.3147034989997337,0.01971394111565344,0.01971394111565344,1
116,/home/shaozi/ucl/code/audition_pipeline/data/dataset_4mic_3spk/Eval/mic/mic_fileid_116_doa41_3spk.wav,ODAS-SSL-SST-DGSS-MS,separated,1,15.861125,41,/home/shaozi/ucl/code/audition_pipeline/ablation_study/baseline/ODAS/results/ODAS_n_loc+sep+pf/odas_outputs/fileid_116/odas_separated_preddoa034_slot0.wav,nearest_predicted_doa_to_spk1_gt_doa,0,34.0012127326322,6.9987872673677884,2,/home/shaozi/ucl/code/audition_pipeline/data/dataset_4mic_3spk/Eval/text/text_fileid_116_doa41_spk1.txt,0.0625,2,32,4.041981563948566,-1.4790986533585029,-5.521080217307069,2.9865761966696827,-29.68887785324602,-32.6754540499157,1.2522642612457275,1.2574832439422607,0.005218982696533203,,UPON CLOSER OBSERVATION I SAW AS WE PASSED THEM THAT THE BUILDINGS WERE DESERTED AND WHILE NOT GREATLY DECAYED HAD THE APPEARANCE OF NOT HAVING BEEN TENANTED FOR YEARS POSSIBLY FOR AGES,"Upon closer observation, I saw as we passed him that the buildings were deserted, and while not greatly indicated, had the appearance of not having been tenanted for years, possibly for ages.",0.27902435599935416,0.27902435599935416,0.017591712819825463,0.017591712819825463,1
117,/home/shaozi/ucl/code/audition_pipeline/data/dataset_4mic_3spk/Eval/mic/mic_fileid_117_doa283_3spk.wav,ODAS-SSL-SST-DGSS-MS,separated,1,15.798125,326,/home/shaozi/ucl/code/audition_pipeline/ablation_study/baseline/ODAS/results/ODAS_n_loc+sep+pf/odas_outputs/fileid_117/odas_separated_preddoa337_slot0.wav,nearest_predicted_doa_to_spk1_gt_doa,0,337.14442733145336,11.144427331453358,3,/home/shaozi/ucl/code/audition_pipeline/data/dataset_4mic_3spk/Eval/text/text_fileid_117_doa326_spk1.txt,0.1590909090909091,7,44,4.630277884413293,-1.6856959184587448,-6.315973802872038,3.459109417002618,-18.768723452485382,-22.227832869488,1.1673139333724976,1.1251583099365234,-0.04215562343597412,,NEW PROPOSALS WERE ACCORDINGLY MADE FOR AN OFFENSIVE AND DEFENSIVE ALLIANCE WITHOUT ANY SUGGESTION OF A UNION COUPLED WITH THE CONDITION THAT BOTH STATES SHOULD BIND THEMSELVES NOT TO ALLOW THE PRESENCE WITHIN THEIR BOUNDARIES OF AVOWED ENEMIES OF THE OTHER IN OTHER WORDS,"These proposals were closely made for an offensive and defensive alliance without any suggestion of a union, coupled with the condition that both states should by themselves not to allow the presence within their boundaries of a vowed enemy to the other. In other words...",0.34482890399885946,0.34482890399885946,0.021827204430833372,0.021827204430833372,1
118,/home/shaozi/ucl/code/audition_pipeline/data/dataset_4mic_3spk/Eval/mic/mic_fileid_118_doa22_3spk.wav,ODAS-SSL-SST-DGSS-MS,separated,1,15.715,209,/home/shaozi/ucl/code/audition_pipeline/ablation_study/baseline/ODAS/results/ODAS_n_loc+sep+pf/odas_outputs/fileid_118/odas_separated_preddoa209_slot1.wav,nearest_predicted_doa_to_spk1_gt_doa,1,209.13847437830566,0.13847437830565923,3,/home/shaozi/ucl/code/audition_pipeline/data/dataset_4mic_3spk/Eval/text/text_fileid_118_doa209_spk1.txt,0.40625,13,32,3.705745782667691,-0.5459436446049567,-4.251689427272647,2.4724426160369353,-37.81788371785623,-40.29032633389317,1.2226347923278809,1.1912294626235962,-0.03140532970428467,,THE TROOPS SIFTING THROUGH THE FOREST WERE SULLEN IN THE YOUTH'S COMPANY ONCE A MAN'S LAUGH RANG OUT A DOZEN SOLDIERS TURNED THEIR FACES QUICKLY TOWARD HIM AND FROWNED WITH VAGUE DISPLEASURE,"In the youth's company, one is a man's laugh ring out. A dozen soldiers turn their faces quickly toward him and frown with vague displeasure.",0.2369610030000331,0.2369610030000331,0.015078651161312955,0.015078651161312955,1
119,/home/shaozi/ucl/code/audition_pipeline/data/dataset_4mic_3spk/Eval/mic/mic_fileid_119_doa74_3spk.wav,ODAS-SSL-SST-DGSS-MS,separated,1,16.526,313,/home/shaozi/ucl/code/audition_pipeline/ablation_study/baseline/ODAS/results/ODAS_n_loc+sep+pf/odas_outputs/fileid_119/odas_separated_preddoa310_slot2.wav,nearest_predicted_doa_to_spk1_gt_doa,2,310.37360133692624,2.6263986630737577,3,/home/shaozi/ucl/code/audition_pipeline/data/dataset_4mic_3spk/Eval/text/text_fileid_119_doa313_spk1.txt,0.23255813953488372,10,43,6.489798110993494,-0.06083420212022878,-6.550632313113723,5.389047318013562,-16.701137893416423,-22.090185211429983,1.3320400714874268,1.1417934894561768,-0.19024658203125,,SETTLING SILENTLY IN THE DRY MOUNTAIN AIR OR MASSED IN FLAKES SOFT AND DOWNY TO LIE OUT ALONE IN THE MOUNTAINS OF A STILL NIGHT AND BE TOUCHED BY THE FIRST OF THESE SMALL SILENT MESSENGERS FROM THE SKY IS A MEMORABLE EXPERIENCE,"The best in place, soft and downy. To lie out alone in the mountains of a still night and be touched by the first of these small silent passengers from the sky is a memorable experience.",0.2939316269985284,0.2939316269985284,0.017786011557456637,0.017786011557456637,1
120,/home/shaozi/ucl/code/audition_pipeline/data/dataset_4mic_3spk/Eval/mic/mic_fileid_120_doa2_3spk.wav,ODAS-SSL-SST-DGSS-MS,separated,1,17.042,257,/home/shaozi/ucl/code/audition_pipeline/ablation_study/baseline/ODAS/results/ODAS_n_loc+sep+pf/odas_outputs/fileid_120/odas_separated_preddoa259_slot0.wav,nearest_predicted_doa_to_spk1_gt_doa,0,258.7624154404492,1.7624154404492174,3,/home/shaozi/ucl/code/audition_pipeline/data/dataset_4mic_3spk/Eval/text/text_fileid_120_doa257_spk1.txt,0.2903225806451613,9,31,4.488699489551316,-1.5156554828910729,-6.004354972442389,4.642584127095066,-23.177191702640393,-27.81977582973546,1.2153161764144897,1.2009702920913696,-0.014345884323120117,,IN THE MOST POLITE MANNER TO APPOINT A FRIEND WITH WHOM HE CAPTAIN M M MIGHT COMMUNICATE AND DESIRED THAT THE MEETING MIGHT TAKE PLACE WITH AS LITTLE DELAY AS POSSIBLE,"I am delighted to appoint a friend with whom he, Captain and the Deputy, might communicate and desire that the meeting might take place with as little delay as possible.",0.24043496000012965,0.24043496000012965,0.014108376951069689,0.014108376951069689,1
121,/home/shaozi/ucl/code/audition_pipeline/data/dataset_4mic_3spk/Eval/mic/mic_fileid_121_doa6_3spk.wav,ODAS-SSL-SST-DGSS-MS,separated,1,15.450375,6,/home/shaozi/ucl/code/audition_pipeline/ablation_study/baseline/ODAS/results/ODAS_n_loc+sep+pf/odas_outputs/fileid_121/odas_separated_preddoa005_slot1.wav,nearest_predicted_doa_to_spk1_gt_doa,1,5.23266181761009,0.7673381823899206,3,/home/shaozi/ucl/code/audition_pipeline/data/dataset_4mic_3spk/Eval/text/text_fileid_121_doa6_spk1.txt,0.9259259259259259,25,27,2.387688380835178,-1.4270585773876308,-3.8147469582228086,2.5143299555833867,-29.11323594114497,-31.627565896728356,1.3274550437927246,1.114930510520935,-0.21252453327178955,,THAN ALL THE REST LEOPOLD WAS EVER PRESENT TO HIM AND WHILE HE STROVE TO AVOID ABSORPTION IN A PERSONAL INTEREST HOWEVER JUSTIFIABLE IT WAS OF NECESSITY,thisândone is in its interest only for its own sake.,1.3607108989999688,1.3607108989999688,0.08806976523223345,0.08806976523223345,1
122,/home/shaozi/ucl/code/audition_pipeline/data/dataset_4mic_3spk/Eval/mic/mic_fileid_122_doa14_3spk.wav,ODAS-SSL-SST-DGSS-MS,separated,1,17.052375,302,/home/shaozi/ucl/code/audition_pipeline/ablation_study/baseline/ODAS/results/ODAS_n_loc+sep+pf/odas_outputs/fileid_122/odas_separated_preddoa296_slot2.wav,nearest_predicted_doa_to_spk1_gt_doa,2,295.5852072763162,6.4147927236837745,3,/home/shaozi/ucl/code/audition_pipeline/data/dataset_4mic_3spk/Eval/text/text_fileid_122_doa302_spk1.txt,1.1333333333333333,34,30,2.734021114474186,-0.6496917507406321,-3.383712865214818,1.802372020286758,-20.10839228372457,-21.910764304011327,1.3029499053955078,1.214754581451416,-0.0881953239440918,,AFTER SOME MOMENTS CONSIDERATION YOU MAY BE ABLE TO GUESS AT YOUR BROTHER'S INTENTIONS FROM ALL THIS BUT I AM SURE I CANNOT BUT IS NOT YOUR FATHER UNCOMFORTABLE ABOUT,"After some real consideration, maybe you will be able to guess at your brother's intentions in the long run, but I am sure I cannot. You may be what I am, but it's not your father uncomfortable about it. Please do not make me pleased to say that our agreement will do you out. But at that time...",0.44298275299843226,0.44298275299843226,0.025977774532781047,0.025977774532781047,1
123,/home/shaozi/ucl/code/audition_pipeline/data/dataset_4mic_3spk/Eval/mic/mic_fileid_123_doa174_3spk.wav,ODAS-SSL-SST-DGSS-MS,separated,1,15.982125,323,/home/shaozi/ucl/code/audition_pipeline/ablation_study/baseline/ODAS/results/ODAS_n_loc+sep+pf/odas_outputs/fileid_123/odas_separated_preddoa313_slot1.wav,nearest_predicted_doa_to_spk1_gt_doa,1,313.4367521347535,9.563247865246524,2,/home/shaozi/ucl/code/audition_pipeline/data/dataset_4mic_3spk/Eval/text/text_fileid_123_doa323_spk1.txt,0.20588235294117646,7,34,4.898275650375331,-2.239949573970981,-7.1382252243463125,4.449383624922827,-31.429227109400053,-35.878610734322876,1.2339489459991455,1.2385098934173584,0.004560947418212891,,IT IS THE STORY OF SARAMA IN THE RIG VEDA AND WAS WRITTEN IN SANSCRIT UNDER THE SHADOW OF THE HIMALAYAS CENTURIES BEFORE HOMER SUCH UNIFORMITY POINTS NOT TO A COMMON SOURCE IN HISTORY,It is the story of Sarama in the Rig Vita and was written in Sanskrit. The shadow of the Himalayas centuries before the home. Such an informant points not to a common source in history.,0.28593390899914084,0.28593390899914084,0.017890856753976135,0.017890856753976135,1
124,/home/shaozi/ucl/code/audition_pipeline/data/dataset_4mic_3spk/Eval/mic/mic_fileid_124_doa62_3spk.wav,ODAS-SSL-SST-DGSS-MS,separated,1,16.42375,251,/home/shaozi/ucl/code/audition_pipeline/ablation_study/baseline/ODAS/results/ODAS_n_loc+sep+pf/odas_outputs/fileid_124/odas_separated_preddoa258_slot2.wav,nearest_predicted_doa_to_spk1_gt_doa,2,258.33899393013866,7.338993930138656,3,/home/shaozi/ucl/code/audition_pipeline/data/dataset_4mic_3spk/Eval/text/text_fileid_124_doa251_spk1.txt,0.5,19,38,5.177471699858696,-0.39073865829895504,-5.568210358157651,4.106503153410726,-23.106627808780864,-27.213130962191592,1.1971819400787354,1.1440664529800415,-0.05311548709869385,,AND THEN WITHOUT FAIL YOU SHALL HAVE YOUR PUPPETS TO PLAY WITH ALMOST BEFORE THE GNOME HAD FINISHED THE DISAPPOINTED PRINCESS TURNED AWAY AND MARCHED OFF TO HER OWN APARTMENTS WITHOUT DEIGNING TO ANSWER HIM THE GNOME HOWEVER,"And now with bail, you shall have your pockets to play with, almost before the no-patent, disappointed princess turned away, and marching off toward all the apartments, without feeling the body in service. Then no-patent.",0.32027986199864245,0.32027986199864245,0.019501019072906155,0.019501019072906155,1
125,/home/shaozi/ucl/code/audition_pipeline/data/dataset_4mic_3spk/Eval/mic/mic_fileid_125_doa76_3spk.wav,ODAS-SSL-SST-DGSS-MS,separated,1,16.736625,303,/home/shaozi/ucl/code/audition_pipeline/ablation_study/baseline/ODAS/results/ODAS_n_loc+sep+pf/odas_outputs/fileid_125/odas_separated_preddoa327_slot2.wav,nearest_predicted_doa_to_spk1_gt_doa,2,327.4132966813892,24.413296681389227,3,/home/shaozi/ucl/code/audition_pipeline/data/dataset_4mic_3spk/Eval/text/text_fileid_125_doa303_spk1.txt,0.9393939393939394,31,33,3.6816628497194834,-1.4521597953373644,-5.133822645056847,2.9504803573140808,-22.619122301048435,-25.569602658362516,1.2293331623077393,1.1935391426086426,-0.03579401969909668,,THINKING THE WHILE OF THE PREPARATION OF CHRIST'S BODY FOR THE TOMB AND OF HIM WHO SAID INASMUCH AS YE DO IT TO THE LEAST OF MY BRETHREN YE DO IT UNTO ME,"I'll hold the preparation of Christ's body for the tool I'm talking about, for the him who said, and as just as he doeth to the least of my brethren's laymen, ye doeth come to me. You may trust him for the first time, she's holy serious.",0.3910391179997532,0.3910391179997532,0.023364275533433607,0.023364275533433607,1
126,/home/shaozi/ucl/code/audition_pipeline/data/dataset_4mic_3spk/Eval/mic/mic_fileid_126_doa119_3spk.wav,ODAS-SSL-SST-DGSS-MS,separated,1,15.091875,119,/home/shaozi/ucl/code/audition_pipeline/ablation_study/baseline/ODAS/results/ODAS_n_loc+sep+pf/odas_outputs/fileid_126/odas_separated_preddoa118_slot1.wav,nearest_predicted_doa_to_spk1_gt_doa,1,118.47430604350018,0.525693956499822,3,/home/shaozi/ucl/code/audition_pipeline/data/dataset_4mic_3spk/Eval/text/text_fileid_126_doa119_spk1.txt,0.9487179487179487,37,39,3.3993757092896533,-0.2628140005155679,-3.6621897098052214,2.5487417843223987,-18.983174430614135,-21.531916214936533,1.2635754346847534,1.1301370859146118,-0.1334383487701416,,WELL THE WIDOW SAID SHE RECKONED THAT BOYS OUGHT TO BE LET OUT AS WELL AS IN FOR HALF PRICE AND SO SHE LAID DOWN TWO BITS ALLOWING THAT SHE WANTED A FEW MINUTES PRIVATE CONVERSATION WITH HER BUD,I'm not going to tell you. So she laid down two bits of what she wanted. And she tried her conversation with him by the door. You're better fortunate that we'll be reunited.,0.2785477319994243,0.2785477319994243,0.01845680089448291,0.01845680089448291,1
127,/home/shaozi/ucl/code/audition_pipeline/data/dataset_4mic_3spk/Eval/mic/mic_fileid_127_doa151_3spk.wav,ODAS-SSL-SST-DGSS-MS,separated,1,16.947,231,/home/shaozi/ucl/code/audition_pipeline/ablation_study/baseline/ODAS/results/ODAS_n_loc+sep+pf/odas_outputs/fileid_127/odas_separated_preddoa231_slot1.wav,nearest_predicted_doa_to_spk1_gt_doa,1,230.59070066029204,0.40929933970795673,3,/home/shaozi/ucl/code/audition_pipeline/data/dataset_4mic_3spk/Eval/text/text_fileid_127_doa231_spk1.txt,0.3333333333333333,15,45,4.074333017098745,-1.209551265364055,-5.2838842824628,3.0466325017999187,-42.61028217719921,-45.65691467899913,1.2173898220062256,1.1968023777008057,-0.020587444305419922,,AND CRAWLING ONWARDS HE PEEPED OVER THE CLIFF AND SAW WILD MAN PICKING HIS BIRDS HE CRAWLED A LITTLE NEARER AND THEN HURLED DOWN A GREAT STONE AND KILLED HIM YORK DECLARED FOR A LONG TIME AFTERWARDS STORMS RAGED AND MUCH RAIN AND SNOW FELL,The It's all wild man making his birds you called a little nearer and then a curl down a great stone and killed him York declared for a long time afterwards storms raised and much rain and snow fell,0.27464361999955145,0.27464361999955145,0.016206031746005278,0.016206031746005278,1
128,/home/shaozi/ucl/code/audition_pipeline/data/dataset_4mic_3spk/Eval/mic/mic_fileid_128_doa219_3spk.wav,ODAS-SSL-SST-DGSS-MS,separated,1,12.895,300,/home/shaozi/ucl/code/audition_pipeline/ablation_study/baseline/ODAS/results/ODAS_n_loc+sep+pf/odas_outputs/fileid_128/odas_separated_preddoa307_slot1.wav,nearest_predicted_doa_to_spk1_gt_doa,1,306.623450466022,6.623450466022007,2,/home/shaozi/ucl/code/audition_pipeline/data/dataset_4mic_3spk/Eval/text/text_fileid_128_doa300_spk1.txt,0.5925925925925926,16,27,7.514238744395203,-1.3125017584986274,-8.82674050289383,7.207603321622306,-23.71743944776476,-30.92504276938707,1.5022900104522705,1.5684685707092285,0.06617856025695801,,AND HER ASTONISHMENT WAS CONSEQUENTLY SO GREAT AS TO OVERCOME AT FIRST THE BOUNDS OF DECORUM AND SHE COULD NOT HELP CRYING OUT ENGAGED TO MISTER COLLINS,"She was not subsequently sobered as to overcome her thirst for balance and to calm, and she could not help but hang out. Engaged to Mr. Collins?",0.22146808700017573,0.22146808700017573,0.01717472563010281,0.01717472563010281,1
129,/home/shaozi/ucl/code/audition_pipeline/data/dataset_4mic_3spk/Eval/mic/mic_fileid_129_doa36_3spk.wav,ODAS-SSL-SST-DGSS-MS,separated,1,16.374125,141,/home/shaozi/ucl/code/audition_pipeline/ablation_study/baseline/ODAS/results/ODAS_n_loc+sep+pf/odas_outputs/fileid_129/odas_separated_preddoa143_slot2.wav,nearest_predicted_doa_to_spk1_gt_doa,2,143.21860228550685,2.2186022855068472,3,/home/shaozi/ucl/code/audition_pipeline/data/dataset_4mic_3spk/Eval/text/text_fileid_129_doa141_spk1.txt,1.0,36,36,4.984875861140386,-0.21764160765037263,-5.2025174687907585,5.874128947661257,-26.571268891763367,-32.44539783942462,1.4383032321929932,1.0355085134506226,-0.4027947187423706,,THE LIKE INCREASE OF THE BILLS WAS OBSERVED IN THE PARISHES OF SAINT BRIDE'S ADJOINING ON ONE SIDE OF HOLBORN PARISH AND IN THE PARISH OF SAINT JAMES CLERKENWELL ADJOINING ON THE OTHER SIDE OF HOLBORN,"Welcome to nighttime quality. Okay, well, acept more. Thanks snowballing,",0.6785867649996362,0.6785867649996362,0.04144262762130106,0.04144262762130106,1
130,/home/shaozi/ucl/code/audition_pipeline/data/dataset_4mic_3spk/Eval/mic/mic_fileid_130_doa67_3spk.wav,ODAS-SSL-SST-DGSS-MS,separated,1,16.855375,67,/home/shaozi/ucl/code/audition_pipeline/ablation_study/baseline/ODAS/results/ODAS_n_loc+sep+pf/odas_outputs/fileid_130/odas_separated_preddoa071_slot1.wav,nearest_predicted_doa_to_spk1_gt_doa,1,70.62243066216914,3.622430662169137,2,/home/shaozi/ucl/code/audition_pipeline/data/dataset_4mic_3spk/Eval/text/text_fileid_130_doa67_spk1.txt,0.0,0,44,4.812072074023783,-1.7272419844914413,-6.539314058515225,4.464747567236368,-25.568521670153416,-30.033269237389785,1.3726017475128174,1.4027525186538696,0.030150771141052246,,AND FELT HIS LOSS DEEPLY IT WAS HER OUTSPOKEN AFFECTION THAT PROVOKED A QUARREL BETWEEN HER AND JULIUS AND WHICH LED TO THE BREAKING OF THEIR ENGAGEMENT LUCY HAD A HIGH TEMPER WHICH HAD BEEN KEPT IN SUBJECTION DURING THE LIFE OF SIR SIMON,"and felt his loss deeply. It was her outspoken affection that provoked a quarrel between her and Julius, and which led to the breaking of their engagement. Lucy had a high temper, which had been kept in subjection during the life of Sir Simon.",0.3567139570004656,0.3567139570004656,0.021163216896714885,0.021163216896714885,1
131,/home/shaozi/ucl/code/audition_pipeline/data/dataset_4mic_3spk/Eval/mic/mic_fileid_131_doa55_3spk.wav,ODAS-SSL-SST-DGSS-MS,separated,1,17.103125,204,/home/shaozi/ucl/code/audition_pipeline/ablation_study/baseline/ODAS/results/ODAS_n_loc+sep+pf/odas_outputs/fileid_131/odas_separated_preddoa203_slot0.wav,nearest_predicted_doa_to_spk1_gt_doa,0,203.4758631286507,0.5241368713492989,3,/home/shaozi/ucl/code/audition_pipeline/data/dataset_4mic_3spk/Eval/text/text_fileid_131_doa204_spk1.txt,0.1111111111111111,4,36,5.929234216969386,-0.9126339793339742,-6.84186819630336,5.505895307585519,-32.41613699511837,-37.92203230270389,1.307115077972412,1.237349271774292,-0.06976580619812012,,BUT AN ENCHANTED PRINCE WHO HAS BEEN DOOMED TO SPEND HIS YOUTH IN MISERY IF YOU ONLY LIKED PRINCESS YOU COULD SAVE ME BUT YOU WOULD HAVE TO SAY GOOD BYE TO ALL YOUR OWN PEOPLE,"An enchanted prince who has been doomed to spend his youth in misery. If you only liked Princess, you could save ours. But you would have to say goodbye to all your own people.",0.26425456300057704,0.26425456300057704,0.015450659630949142,0.015450659630949142,1
132,/home/shaozi/ucl/code/audition_pipeline/data/dataset_4mic_3spk/Eval/mic/mic_fileid_132_doa43_3spk.wav,ODAS-SSL-SST-DGSS-MS,separated,1,17.404,77,/home/shaozi/ucl/code/audition_pipeline/ablation_study/baseline/ODAS/results/ODAS_n_loc+sep+pf/odas_outputs/fileid_132/odas_separated_preddoa070_slot2.wav,nearest_predicted_doa_to_spk1_gt_doa,2,69.93453127453624,7.065468725463745,3,/home/shaozi/ucl/code/audition_pipeline/data/dataset_4mic_3spk/Eval/text/text_fileid_132_doa77_spk1.txt,0.43243243243243246,16,37,7.224391230798423,-1.2005520637020248,-8.424943294500448,6.858846251226975,-23.61176859279325,-30.470614844020226,1.4398252964019775,1.2952396869659424,-0.14458560943603516,,BUT MY FATHER CRIED LORENZO FLORENCE IS FREE FLORENCE IS HAPPY FLORENCE IS A SLAVE FLORENCE IS POOR CRIED SAVONAROLA POOR IN GENIUS POOR IN MONEY AND POOR IN COURAGE POOR IN GENIUS BECAUSE AFTER YOU LORENZO,"But my father's trial Lorenzo. Florence is happy. Florence is a slave. Florence is poor. Right, seven, four. Poor He was a poor He, money and poor He first. Poor He is because after you Lorenzo.",0.3065101760003017,0.3065101760003017,0.017611478740536757,0.017611478740536757,1
133,/home/shaozi/ucl/code/audition_pipeline/data/dataset_4mic_3spk/Eval/mic/mic_fileid_133_doa178_3spk.wav,ODAS-SSL-SST-DGSS-MS,separated,1,15.6435,336,/home/shaozi/ucl/code/audition_pipeline/ablation_study/baseline/ODAS/results/ODAS_n_loc+sep+pf/odas_outputs/fileid_133/odas_separated_preddoa337_slot2.wav,nearest_predicted_doa_to_spk1_gt_doa,2,336.63828387633447,0.6382838763344694,2,/home/shaozi/ucl/code/audition_pipeline/data/dataset_4mic_3spk/Eval/text/text_fileid_133_doa336_spk1.txt,0.22916666666666666,11,48,5.759387471075421,-1.298027382447753,-7.0574148535231735,4.786105038577519,-40.61916052994854,-45.405265568526055,1.2799608707427979,1.2867443561553955,0.006783485412597656,,GLAD TO KNOW THAT SAID GRACE THERE WERE SO MANY DIFFERENT KINDS OF NOISES I COULDN'T DISTINGUISH IT THERE WAS ONE NOISE THAT STARTED THAT WAS PROMPTLY HUSHED SAID ANNE YOU HEARD IT TOO DIDN'T YOU JESSICA OH YES GIRLS I INTENDED TELLING YOU BEFORE THIS REPLIED JESSICA,"There were so many different kinds of noises I couldn't distinguish it. There was one noise that started that was promptly cussed at the end. You heard it too, didn't you Jessica? Oh yes girls, I intended telling you before this, reply Jessica.",0.3732125389997236,0.3732125389997236,0.023857355387203863,0.023857355387203863,1
134,/home/shaozi/ucl/code/audition_pipeline/data/dataset_4mic_3spk/Eval/mic/mic_fileid_134_doa125_3spk.wav,ODAS-SSL-SST-DGSS-MS,separated,1,16.227125,125,/home/shaozi/ucl/code/audition_pipeline/ablation_study/baseline/ODAS/results/ODAS_n_loc+sep+pf/odas_outputs/fileid_134/odas_separated_preddoa128_slot0.wav,nearest_predicted_doa_to_spk1_gt_doa,0,128.3598442120906,3.359844212090593,2,/home/shaozi/ucl/code/audition_pipeline/data/dataset_4mic_3spk/Eval/text/text_fileid_134_doa125_spk1.txt,0.2608695652173913,12,46,7.152055379060977,-1.1901117057398383,-8.342167084800815,6.858803943203416,-22.425692920060605,-29.28449686326402,1.4539159536361694,1.273205041885376,-0.18071091175079346,,YES AND I TOOK A PICTURE OF THE SAUCY GIRL WHILE SHE WAS TRYING TO STOP YOURS SAID JASPER SO SHE DIDN'T DO MUCH HARM AFTER ALL OH HERE IS A SPLENDID GROUP SEE THEM STANDING BY THAT OLD TUMBLE DOWN HOUSE POLLY HE ADDED EXCITEDLY,"Yes, and I took a picture of the saucy girl while she was trying to stop Newark's, said Jasper. So she did do that time after all. Oh, here is a splendid room. See them stand by that old tumble-down-house folly? He had it excitedly.",0.46982926599957864,0.46982926599957864,0.028953327591891887,0.028953327591891887,1
135,/home/shaozi/ucl/code/audition_pipeline/data/dataset_4mic_3spk/Eval/mic/mic_fileid_135_doa93_3spk.wav,ODAS-SSL-SST-DGSS-MS,separated,1,16.942375,258,/home/shaozi/ucl/code/audition_pipeline/ablation_study/baseline/ODAS/results/ODAS_n_loc+sep+pf/odas_outputs/fileid_135/odas_separated_preddoa257_slot0.wav,nearest_predicted_doa_to_spk1_gt_doa,0,256.5293208060599,1.4706791939401,3,/home/shaozi/ucl/code/audition_pipeline/data/dataset_4mic_3spk/Eval/text/text_fileid_135_doa258_spk1.txt,0.6097560975609756,25,41,3.496143215554422,-1.4305622310430741,-4.926705446597496,2.07645750531946,-34.52875267967381,-36.60521018499327,1.2801015377044678,1.2030669450759888,-0.077034592628479,,I HAVE BROUGHT A STRANGE CREATURE WEARING THE METAL OF A THARK WHOM IT IS MY PLEASURE TO HAVE BATTLE WITH A WILD THOAT AT THE GREAT GAMES HE WILL DIE AS BAR COMAS YOUR JEDDAK SEES FIT IF AT ALL,This strange creature wears the metal of a fire pet. It is flesh-less to have been a wild adult at the great day's rest. As time the observation will die as the humans who have since fit give it all.,0.3307681530004629,0.3307681530004629,0.019523127837771444,0.019523127837771444,1
136,/home/shaozi/ucl/code/audition_pipeline/data/dataset_4mic_3spk/Eval/mic/mic_fileid_136_doa59_3spk.wav,ODAS-SSL-SST-DGSS-MS,separated,1,17.275375,253,/home/shaozi/ucl/code/audition_pipeline/ablation_study/baseline/ODAS/results/ODAS_n_loc+sep+pf/odas_outputs/fileid_136/odas_separated_preddoa230_slot0.wav,nearest_predicted_doa_to_spk1_gt_doa,0,230.29652749651072,22.70347250348928,2,/home/shaozi/ucl/code/audition_pipeline/data/dataset_4mic_3spk/Eval/text/text_fileid_136_doa253_spk1.txt,0.775,31,40,3.9529707446049804,-1.9413063559269672,-5.894277100531948,4.205525105287131,-23.70861280781098,-27.91413791309811,1.1229506731033325,1.0887072086334229,-0.03424346446990967,,HIS THROAT AND BREAST WERE GRAY SHADING INTO BRIGHT YELLOW UNDERNEATH HIS BACK AND HEAD WERE OF A GRAYISH BROWN WITH A TINT OF OLIVE GREEN A POINTED CAP WAS ALL THAT WAS NEEDED TO MAKE HIM QUITE DISTINGUISHED LOOKING,"This throne is pressed to gray, sharing its bright yellow on his back, and his head, and red and brown, with a tin of all the greats, and pointed cap, with all that was needed, which he might not stick with, and make him willingly acquiesce in an alliance.",0.41888710599960177,0.41888710599960177,0.024247641860139172,0.024247641860139172,1
137,/home/shaozi/ucl/code/audition_pipeline/data/dataset_4mic_3spk/Eval/mic/mic_fileid_137_doa84_3spk.wav,ODAS-SSL-SST-DGSS-MS,separated,1,17.242625,173,/home/shaozi/ucl/code/audition_pipeline/ablation_study/baseline/ODAS/results/ODAS_n_loc+sep+pf/odas_outputs/fileid_137/odas_separated_preddoa175_slot0.wav,nearest_predicted_doa_to_spk1_gt_doa,0,175.25545435126392,2.2554543512639214,3,/home/shaozi/ucl/code/audition_pipeline/data/dataset_4mic_3spk/Eval/text/text_fileid_137_doa173_spk1.txt,0.17777777777777778,8,45,3.4237506768405055,-0.6365585407244931,-4.060309217564999,2.311351615459645,-27.06517898174821,-29.376530597207857,1.1312893629074097,1.1128692626953125,-0.018420100212097168,,BUT A NOTE IN THE MARGIN OF THE CIRCULAR INFORMED THEM THAT IT STOOD TWO AND A HALF FEET HIGH WHEN SET UP IN ALL ITS DIGNITY AND SPLENDOR ON A PROPER TABLE THREE DOLLARS EXTRA IT WAS ONLY OF POLISHED BRASS CONTINUED THE CIRCULAR,"But I know in the margin of the circular it formed them that it stood at two and a half feet high, when set up in all its dignity and splintered on a private table, three dollars extra. It was only as polished brass continued the circular.",0.37260592600068776,0.37260592600068776,0.021609582415710354,0.021609582415710354,1
138,/home/shaozi/ucl/code/audition_pipeline/data/dataset_4mic_3spk/Eval/mic/mic_fileid_138_doa68_3spk.wav,ODAS-SSL-SST-DGSS-MS,separated,1,16.464125,68,/home/shaozi/ucl/code/audition_pipeline/ablation_study/baseline/ODAS/results/ODAS_n_loc+sep+pf/odas_outputs/fileid_138/odas_separated_preddoa062_slot0.wav,nearest_predicted_doa_to_spk1_gt_doa,0,61.9039464463725,6.096053553627485,3,/home/shaozi/ucl/code/audition_pipeline/data/dataset_4mic_3spk/Eval/text/text_fileid_138_doa68_spk1.txt,0.717948717948718,28,39,4.687858240937767,-0.7003710396420505,-5.388229280579817,3.787947604012771,-20.52609743225706,-24.31404503626983,1.4208457469940186,1.1663107872009277,-0.2545349597930908,,I GREW USED TO EVERYTHING OR RATHER I VOLUNTARILY RESIGNED MYSELF TO ENDURING IT BUT I HAD A MEANS OF ESCAPE THAT RECONCILED EVERYTHING THAT WAS TO FIND REFUGE IN THE SUBLIME AND THE BEAUTIFUL IN DREAMS OF COURSE,"I had a massive escape that wrapped inside every red. So that was the final replica of the sublime area. Beautiful. In dreams, of course.",0.2558831310016103,0.2558831310016103,0.01554186031760633,0.01554186031760633,1
139,/home/shaozi/ucl/code/audition_pipeline/data/dataset_4mic_3spk/Eval/mic/mic_fileid_139_doa109_3spk.wav,ODAS-SSL-SST-DGSS-MS,separated,1,15.479625,109,/home/shaozi/ucl/code/audition_pipeline/ablation_study/baseline/ODAS/results/ODAS_n_loc+sep+pf/odas_outputs/fileid_139/odas_separated_preddoa135_slot0.wav,nearest_predicted_doa_to_spk1_gt_doa,0,135.3603250403493,26.360325040349295,2,/home/shaozi/ucl/code/audition_pipeline/data/dataset_4mic_3spk/Eval/text/text_fileid_139_doa109_spk1.txt,1.7692307692307692,46,26,6.054011072562747,-2.3250655819085613,-8.379076654471309,5.256286688990278,-13.24984163665186,-18.506128325642138,1.3077635765075684,1.2386562824249268,-0.0691072940826416,,SHE WHO IN SIMPLE CLEARNESS OF VISION SEES BEYOND THE STARS SAID WHEN HE HAD FLOWN HE WILL BE HAPPY THERE HE EVER LOVED BEAUTIFUL THINGS,He was in the general service. He had to find through Captain Lennon's room to get a letter. Your lady Isabel took up the letters. He hates you and thinks the prescription would interest you. It was not to her that Mr. Carlisle had not lost a moment.,0.43539811099981307,0.43539811099981307,0.028127174333991492,0.028127174333991492,1
140,/home/shaozi/ucl/code/audition_pipeline/data/dataset_4mic_3spk/Eval/mic/mic_fileid_140_doa211_3spk.wav,ODAS-SSL-SST-DGSS-MS,separated,1,16.87525,338,/home/shaozi/ucl/code/audition_pipeline/ablation_study/baseline/ODAS/results/ODAS_n_loc+sep+pf/odas_outputs/fileid_140/odas_separated_preddoa338_slot2.wav,nearest_predicted_doa_to_spk1_gt_doa,2,338.41247630939637,0.4124763093963679,3,/home/shaozi/ucl/code/audition_pipeline/data/dataset_4mic_3spk/Eval/text/text_fileid_140_doa338_spk1.txt,0.3695652173913043,17,46,3.861110712500846,-0.9661196939548509,-4.827230406455697,2.4749749478113285,-35.3280853140734,-37.803060261884724,1.2291017770767212,1.2446351051330566,0.01553332805633545,,THEY HAD HEARD OUR SHOT AND CAME ACROSS TO SEE WHAT LUCK WHAT IVER IS THE MATTER WITH YE ASKED MISSUS O'SHAUGHNESSY MISTER HAYNES TOLD HER THEY HAD HEARD THE NOISE BUT HAD THOUGHT IT THUNDER MISTER HAYNES TOLD ME THAT IF I WOULD CHIRK UP,"I heard our show and came across to see what luck. What's ever is the matter with you, after you've seen Sean. Mr. Haynes told me. They could hear the noise, but had thought it thunder. Mr. Haynes told me that if I would cheer, go!",0.4390785550003784,0.4390785550003784,0.02601908445803045,0.02601908445803045,1
141,/home/shaozi/ucl/code/audition_pipeline/data/dataset_4mic_3spk/Eval/mic/mic_fileid_141_doa54_3spk.wav,ODAS-SSL-SST-DGSS-MS,separated,1,16.308,54,/home/shaozi/ucl/code/audition_pipeline/ablation_study/baseline/ODAS/results/ODAS_n_loc+sep+pf/odas_outputs/fileid_141/odas_separated_preddoa051_slot2.wav,nearest_predicted_doa_to_spk1_gt_doa,2,50.87987911773618,3.1201208822638193,3,/home/shaozi/ucl/code/audition_pipeline/data/dataset_4mic_3spk/Eval/text/text_fileid_141_doa54_spk1.txt,0.3333333333333333,14,42,4.705601908700191,-0.7985929005637703,-5.504194809263962,3.384892949407975,-19.874287897557217,-23.259180846965194,1.151863694190979,1.177207350730896,0.025343656539916992,,IT POINTED THE MORAL THAT BOSTON FOR THE FINER TASTE LEFT NEW YORK NOWHERE AND THE GOOD LADY AS THE EXPONENT OF THIS DOCTRINE WHICH SHE SET FORTH AT A CERTAIN LENGTH MADE OBVIOUSLY TO DENSHER'S MIND HER NEAREST APPROACH TO SUPPLYING,"A point of the world that Boston would fight or taste left for New York from nowhere, and the good lady has the exponent of this document which she set forth at a certain length, a obviously intentional mind her nearest approach to supplying...",0.33713947599972016,0.33713947599972016,0.02067325705173658,0.02067325705173658,1
142,/home/shaozi/ucl/code/audition_pipeline/data/dataset_4mic_3spk/Eval/mic/mic_fileid_142_doa64_3spk.wav,ODAS-SSL-SST-DGSS-MS,separated,1,17.297625,193,/home/shaozi/ucl/code/audition_pipeline/ablation_study/baseline/ODAS/results/ODAS_n_loc+sep+pf/odas_outputs/fileid_142/odas_separated_preddoa182_slot2.wav,nearest_predicted_doa_to_spk1_gt_doa,2,182.01056078642145,10.98943921357855,3,/home/shaozi/ucl/code/audition_pipeline/data/dataset_4mic_3spk/Eval/text/text_fileid_142_doa193_spk1.txt,1.0,38,38,3.1820069444337555,0.0,-3.1820069444337555,2.331650696230904,0.0,-2.331650696230904,,,,ValueError: cannot convert float NaN to integer,IN ED GRIFFITH'S SALOON BUT AS THEY WALKED ABOUT UNDER THE TREES THEY OCCASIONALLY EMBRACED THE NIGHT AND THEIR OWN THOUGHTS HAD AROUSED SOMETHING IN THEM AS THEY WERE RETURNING TO MAIN STREET THEY PASSED THE LITTLE LAWN,you,0.04379474699999264,0.04379474699999264,0.0025318358445158015,0.0025318358445158015,1
143,/home/shaozi/ucl/code/audition_pipeline/data/dataset_4mic_3spk/Eval/mic/mic_fileid_143_doa172_3spk.wav,ODAS-SSL-SST-DGSS-MS,separated,1,16.728375,351,/home/shaozi/ucl/code/audition_pipeline/ablation_study/baseline/ODAS/results/ODAS_n_loc+sep+pf/odas_outputs/fileid_143/odas_separated_preddoa339_slot1.wav,nearest_predicted_doa_to_spk1_gt_doa,1,338.61900213004725,12.38099786995275,3,/home/shaozi/ucl/code/audition_pipeline/data/dataset_4mic_3spk/Eval/text/text_fileid_143_doa351_spk1.txt,0.8888888888888888,32,36,4.593099305163414,-0.9439291140349503,-5.537028419198364,3.737319315941343,-23.885040710928426,-27.622360026869767,1.2288053035736084,1.1934648752212524,-0.03534042835235596,,SAID MISS BINGLEY WILL SHE BE AS TALL AS I AM I THINK SHE WILL SHE IS NOW ABOUT MISS ELIZABETH BENNET'S HEIGHT OR RATHER TALLER HOW I LONG TO SEE HER AGAIN I NEVER MET,I don't see Mrs. Mastow. How long have you been behind her? I never met her.,0.15583775000050082,0.15583775000050082,0.00931577334920462,0.00931577334920462,1
144,/home/shaozi/ucl/code/audition_pipeline/data/dataset_4mic_3spk/Eval/mic/mic_fileid_144_doa170_3spk.wav,ODAS-SSL-SST-DGSS-MS,separated,1,16.596875,250,/home/shaozi/ucl/code/audition_pipeline/ablation_study/baseline/ODAS/results/ODAS_n_loc+sep+pf/odas_outputs/fileid_144/odas_separated_preddoa246_slot1.wav,nearest_predicted_doa_to_spk1_gt_doa,1,245.86586632527008,4.134133674729924,2,/home/shaozi/ucl/code/audition_pipeline/data/dataset_4mic_3spk/Eval/text/text_fileid_144_doa250_spk1.txt,0.14814814814814814,4,27,6.894306575946705,-1.2799301577330717,-8.174236733679777,6.545640024656758,-27.577265221318164,-34.12290524597492,1.525169849395752,1.490951418876648,-0.034218430519104004,,BUT AS BETWEEN FRIEN'S CERTAIN DELICATE LITTLE FACTS IN YOUR PAST LIFE HAVE COME INADVERTENTLY TO ME HEARING SOMETIMES HE WOULD ALLUDE TO A CERTAIN DOCUMENT OR,"Best between friends, certain delicate little facts in your past life have come inadvertently to me giving. Sometimes he would allude to a certain document or...",0.21014243100034946,0.21014243100034946,0.012661566168350936,0.012661566168350936,1
145,/home/shaozi/ucl/code/audition_pipeline/data/dataset_4mic_3spk/Eval/mic/mic_fileid_145_doa40_3spk.wav,ODAS-SSL-SST-DGSS-MS,separated,1,15.536875,40,/home/shaozi/ucl/code/audition_pipeline/ablation_study/baseline/ODAS/results/ODAS_n_loc+sep+pf/odas_outputs/fileid_145/odas_separated_preddoa041_slot0.wav,nearest_predicted_doa_to_spk1_gt_doa,0,40.52538468846405,0.5253846884640438,3,/home/shaozi/ucl/code/audition_pipeline/data/dataset_4mic_3spk/Eval/text/text_fileid_145_doa40_spk1.txt,0.16216216216216217,6,37,4.28897371262177,-1.4862722117146185,-5.775245924336389,2.9376256520815596,-27.157628962421178,-30.09525461450274,1.165673017501831,1.2271384000778198,0.06146538257598877,,OH EXCLAIMED REBECCA SYMPATHETICALLY MINE WAS NO SHOES AND TOO MANY BABIES AND NOT ENOUGH BOOKS BUT YOU'RE ALL RIGHT AND HAPPY NOW AREN'T YOU SHE ASKED DOUBTFULLY FOR THOUGH HE LOOKED HANDSOME WELL FED AND PROSPEROUS,"Oh, it's underexempletically. Mine was no shoes and too many babies and not enough books. But you're all right and happy now, aren't you? She has doubtfully, for though he looked handsome, well-fed and prosperous.",0.33533002600051987,0.33533002600051987,0.021582848932009808,0.021582848932009808,1
146,/home/shaozi/ucl/code/audition_pipeline/data/dataset_4mic_3spk/Eval/mic/mic_fileid_146_doa55_3spk.wav,ODAS-SSL-SST-DGSS-MS,separated,1,15.596625,170,/home/shaozi/ucl/code/audition_pipeline/ablation_study/baseline/ODAS/results/ODAS_n_loc+sep+pf/odas_outputs/fileid_146/odas_separated_preddoa169_slot2.wav,nearest_predicted_doa_to_spk1_gt_doa,2,169.30873408466329,0.6912659153367144,2,/home/shaozi/ucl/code/audition_pipeline/data/dataset_4mic_3spk/Eval/text/text_fileid_146_doa170_spk1.txt,0.24390243902439024,10,41,7.073101176066835,-0.9130587259268446,-7.9861599019936795,7.015908939640294,-27.940887070789916,-34.95679601043021,1.477184772491455,1.1235905885696411,-0.35359418392181396,,AS THOUGH WONDERING WHETHER THE MISSILE THAT HAD STRUCK HIM THERE HAD ALSO BEEN LOADED IN THAT WAY WE'RE SORRY MISTER CHASE THAT YOUR WINDOW WAS BROKEN SAID FRANK STEADILY IT WAS AN ACCIDENT I GIVE YOU MY WORD ABOUT THAT,"I struck him there, had also been loaded in that window. We're sorry Mr. Chase, that your window was broken, said Frank steadily. It was an accident. I give you my word about that.",0.2853812069988635,0.2853812069988635,0.018297625736264318,0.018297625736264318,1
147,/home/shaozi/ucl/code/audition_pipeline/data/dataset_4mic_3spk/Eval/mic/mic_fileid_147_doa111_3spk.wav,ODAS-SSL-SST-DGSS-MS,separated,1,16.842,323,/home/shaozi/ucl/code/audition_pipeline/ablation_study/baseline/ODAS/results/ODAS_n_loc+sep+pf/odas_outputs/fileid_147/odas_separated_preddoa326_slot1.wav,nearest_predicted_doa_to_spk1_gt_doa,1,326.40700670588456,3.4070067058845552,3,/home/shaozi/ucl/code/audition_pipeline/data/dataset_4mic_3spk/Eval/text/text_fileid_147_doa323_spk1.txt,0.28125,9,32,5.3276529251806,-0.2964581468548002,-5.624111072035401,4.656811604667939,-20.19897602696912,-24.85578763163706,1.2285008430480957,1.2341980934143066,0.0056972503662109375,,THE SULTAN WITHOUT WAITING FOR SCHEHERAZADE TO ASK HIS PERMISSION BADE HER PROCEED WITH THE STORY OF THE GENIE AND THE MERCHANT UPON WHICH SCHEHERAZADE CONTINUED HER RELATION AS FOLLOWS F N,"Without waiting for Shadazide to ask his permission, they had her proceed with the story of the genie and the merchants. Upon which Shadazide continued her relation as follows.",0.31595071999981883,0.31595071999981883,0.018759691248059544,0.018759691248059544,1
148,/home/shaozi/ucl/code/audition_pipeline/data/dataset_4mic_3spk/Eval/mic/mic_fileid_148_doa52_3spk.wav,ODAS-SSL-SST-DGSS-MS,separated,1,15.677,52,/home/shaozi/ucl/code/audition_pipeline/ablation_study/baseline/ODAS/results/ODAS_n_loc+sep+pf/odas_outputs/fileid_148/odas_separated_preddoa050_slot0.wav,nearest_predicted_doa_to_spk1_gt_doa,0,50.09505525860888,1.9049447413911196,3,/home/shaozi/ucl/code/audition_pipeline/data/dataset_4mic_3spk/Eval/text/text_fileid_148_doa52_spk1.txt,0.34375,11,32,2.5126533039052705,-1.3438292058588992,-3.8564825097641697,1.1908618092396563,-30.667843657266516,-31.858705466506173,1.166214108467102,1.1436028480529785,-0.022611260414123535,,HIS LIPS CONTINUED TO MOVE SILENTLY AS THOUGH HE WERE TALKING TO HIMSELF WHICH CAUSED THEM ALL TO GAZE ATTENTIVELY AT HIM IN THE ENDEAVOR TO HEAR MORE THERE WAS NO APPLAUSE,"Cliffs continued to move finally as though he were talking to himself, which caused them all to gaze at him in the endeavor to learn more. There was no applause when they fired the old cannon.",0.40456590199937636,0.40456590199937636,0.025806334247584127,0.025806334247584127,1
149,/home/shaozi/ucl/code/audition_pipeline/data/dataset_4mic_3spk/Eval/mic/mic_fileid_149_doa92_3spk.wav,ODAS-SSL-SST-DGSS-MS,separated,1,16.799,92,/home/shaozi/ucl/code/audition_pipeline/ablation_study/baseline/ODAS/results/ODAS_n_loc+sep+pf/odas_outputs/fileid_149/odas_separated_preddoa095_slot0.wav,nearest_predicted_doa_to_spk1_gt_doa,0,95.36370374401646,3.3637037440164477,3,/home/shaozi/ucl/code/audition_pipeline/data/dataset_4mic_3spk/Eval/text/text_fileid_149_doa92_spk1.txt,0.5757575757575758,19,33,8.062524519697567,-1.8110862227286664,-9.873610742426234,8.761641419539623,-18.13882607557173,-26.90046749511135,1.3804357051849365,1.241877794265747,-0.13855791091918945,,YOU CANNOT TELL A MAN BY THE LOBSTER HE EATS BUT YOU CAN TELL SOMETHING ABOUT HIM BY THE LITERATURE HE READS FOR INSTANCE I ONCE OCCUPIED A CARRIAGE ON AN EASTERN LINE,"You cannot tell a man by the law or strict rules, but you can tell some things about him by the literature he reads. Currents are holding the law so that he can't tell a man I once occupied a carriage on an eastern lion.",0.33705391900002724,0.33705391900002724,0.020063927555213242,0.020063927555213242,1
150,/home/shaozi/ucl/code/audition_pipeline/data/dataset_4mic_3spk/Eval/mic/mic_fileid_150_doa91_3spk.wav,ODAS-SSL-SST-DGSS-MS,separated,1,16.018375,223,/home/shaozi/ucl/code/audition_pipeline/ablation_study/baseline/ODAS/results/ODAS_n_loc+sep+pf/odas_outputs/fileid_150/odas_separated_preddoa220_slot0.wav,nearest_predicted_doa_to_spk1_gt_doa,0,219.502420851367,3.497579148633008,2,/home/shaozi/ucl/code/audition_pipeline/data/dataset_4mic_3spk/Eval/text/text_fileid_150_doa223_spk1.txt,0.21621621621621623,8,37,3.2007231780791097,-1.1702606618516402,-4.37098383993075,2.915776607979741,-48.920947743445225,-51.83672435142497,1.2439202070236206,1.2912631034851074,0.047342896461486816,,THIS IS WHAT I WANTED TO SEE SAID GRAHAM THIS IS WHAT I WANTED TO SEE TRYING TO AVOID A START AT A PARTICULARLY STRIKING DISFIGUREMENT SHE MIGHT HAVE DONE BETTER WITH HERSELF THAN THAT SAID ASANO,"This is what I wanted to see in the city. This is what I wanted to see, trying to avoid a start at a particularly straight and dispicable level. She might have done better with herself than that, said Asa.",0.33196570800100744,0.33196570800100744,0.02072405646646476,0.02072405646646476,1
151,/home/shaozi/ucl/code/audition_pipeline/data/dataset_4mic_3spk/Eval/mic/mic_fileid_151_doa83_3spk.wav,ODAS-SSL-SST-DGSS-MS,separated,1,16.11575,298,/home/shaozi/ucl/code/audition_pipeline/ablation_study/baseline/ODAS/results/ODAS_n_loc+sep+pf/odas_outputs/fileid_151/odas_separated_preddoa294_slot1.wav,nearest_predicted_doa_to_spk1_gt_doa,1,293.73131484868145,4.26868515131855,3,/home/shaozi/ucl/code/audition_pipeline/data/dataset_4mic_3spk/Eval/text/text_fileid_151_doa298_spk1.txt,0.9655172413793104,28,29,1.776471377159865,-0.4486301755359776,-2.2251015526958424,0.9162352855977645,-22.71881452114096,-23.635049806738724,1.1313751935958862,1.098267912864685,-0.03310728073120117,,AND IS THERE ANYTHING FINER THAN TO SEARCH FOR ONE'S OWN VIRTUES IS IT NOT ALMOST TO BELIEVE IN ONE'S OWN VIRTUES BUT THIS BELIEVING IN ONE'S OWN VIRTUES,This Brooch,0.9572973169997567,0.9572973169997567,0.05940135066625859,0.05940135066625859,1
152,/home/shaozi/ucl/code/audition_pipeline/data/dataset_4mic_3spk/Eval/mic/mic_fileid_152_doa81_3spk.wav,ODAS-SSL-SST-DGSS-MS,separated,1,15.52575,81,/home/shaozi/ucl/code/audition_pipeline/ablation_study/baseline/ODAS/results/ODAS_n_loc+sep+pf/odas_outputs/fileid_152/odas_separated_preddoa084_slot0.wav,nearest_predicted_doa_to_spk1_gt_doa,0,83.87959652450056,2.879596524500556,2,/home/shaozi/ucl/code/audition_pipeline/data/dataset_4mic_3spk/Eval/text/text_fileid_152_doa81_spk1.txt,0.6666666666666666,20,30,5.364077924636199,-1.3550510729066698,-6.719128997542868,3.992671423239904,-26.482392635811532,-30.475064059051437,1.197941541671753,1.153747797012329,-0.04419374465942383,,SHE PRESENTLY DISCOVERED IN TRUTH THAT THIS OBLIGATION WAS OF THE LIGHTEST AND THAT MISSUS TOUCHETT CARED VERY LITTLE HOW MISS STACKPOLE BEHAVED MISSUS TOUCHETT HAD DEFINED HER TO ISABEL,"But if you return to the house of the truth, that this obligation was of the lightest, and that Mrs. Touch's care very little from the stack of the hay, Mrs. Touch's had defined her to Isabel.",0.3207401760009816,0.3207401760009816,0.020658594657326158,0.020658594657326158,1
153,/home/shaozi/ucl/code/audition_pipeline/data/dataset_4mic_3spk/Eval/mic/mic_fileid_153_doa13_3spk.wav,ODAS-SSL-SST-DGSS-MS,separated,1,15.575375,102,/home/shaozi/ucl/code/audition_pipeline/ablation_study/baseline/ODAS/results/ODAS_n_loc+sep+pf/odas_outputs/fileid_153/odas_separated_preddoa101_slot1.wav,nearest_predicted_doa_to_spk1_gt_doa,1,100.56070926193279,1.4392907380672,3,/home/shaozi/ucl/code/audition_pipeline/data/dataset_4mic_3spk/Eval/text/text_fileid_153_doa102_spk1.txt,0.2972972972972973,11,37,4.671935147395744,-0.9191530325739181,-5.591088179969662,4.134534003134976,-32.5673451285857,-36.70187913172067,1.4438577890396118,1.35201895236969,-0.09183883666992188,,I'M KEEPING OPEN HOUSE FOR A SPECIAL REASON TWO FELLOWS I KNOW ARE GETTING MARRIED TO MORROW IT'S A DOUBLE WEDDING IT'S ALSO A DOUBLE HONEYMOON BUT THEY AREN'T ONTO THAT YET HARMON'S CLEAR BROWN EYES TWINKLED,"We need to open house for a special reason. Two fellows I know are getting married tomorrow. It's a double wedding. It's also a double honeymoon. But they aren't on to that, Camille. Our most clear brown eyes twinkle.",0.35415969700079586,0.35415969700079586,0.022738437886779348,0.022738437886779348,1
154,/home/shaozi/ucl/code/audition_pipeline/data/dataset_4mic_3spk/Eval/mic/mic_fileid_154_doa109_3spk.wav,ODAS-SSL-SST-DGSS-MS,separated,1,16.606625,109,/home/shaozi/ucl/code/audition_pipeline/ablation_study/baseline/ODAS/results/ODAS_n_loc+sep+pf/odas_outputs/fileid_154/odas_separated_preddoa103_slot2.wav,nearest_predicted_doa_to_spk1_gt_doa,2,103.22250756486804,5.777492435131961,3,/home/shaozi/ucl/code/audition_pipeline/data/dataset_4mic_3spk/Eval/text/text_fileid_154_doa109_spk1.txt,0.25,9,36,5.712265602782929,-0.6897190908202275,-6.401984693603156,5.2831883556037385,-35.34703344035532,-40.63022179595906,1.3157422542572021,1.1308867931365967,-0.18485546112060547,,LIBERTY TO HIM EPITOMIZES ITSELF IN ACCESS TO THE MEANS OF TOIL TO TILL THE SOIL AND LABOUR INTERMINABLY WITH RUDE IMPLEMENTS AND UTENSILS IS ALL HE ASKS OF LIFE AND OF THE POWERS THAT BE,It's self and access to the means of toil. To till the soil and labor interminably with rude implements and utensils is all he asks of life and of the power to be.,0.27396060099999886,0.27396060099999886,0.016497066742941376,0.016497066742941376,1
155,/home/shaozi/ucl/code/audition_pipeline/data/dataset_4mic_3spk/Eval/mic/mic_fileid_155_doa4_3spk.wav,ODAS-SSL-SST-DGSS-MS,separated,1,17.863875,4,/home/shaozi/ucl/code/audition_pipeline/ablation_study/baseline/ODAS/results/ODAS_n_loc+sep+pf/odas_outputs/fileid_155/odas_separated_preddoa251_slot1.wav,nearest_predicted_doa_to_spk1_gt_doa,1,251.22967578723805,112.77032421276192,2,/home/shaozi/ucl/code/audition_pipeline/data/dataset_4mic_3spk/Eval/text/text_fileid_155_doa4_spk1.txt,0.9285714285714286,39,42,6.458682734104212,-1.0618162958792623,-7.520499029983474,5.3501090218663405,-20.116239601828127,-25.46634862369447,1.149033546447754,1.0996158123016357,-0.049417734146118164,,DON JUAN NOW WE LOOK UPON THE SMALLEST BOOK EVER PRINTED DANTE'S DIVINA COMMEDIA BOUND IN TURKEY GILT LESS THAN TWO AND ONE FOURTH INCHES LONG BY ONE AND ONE HALF INCHES WIDE THE COLLECTION OF MISTER AND MISSUS S C HALL,"Protecting people. Always be clear as the futurebest are perform wearyict speed. We are truly grateful. Roads known as rulership crossing, heads known as gangs and開口 flowing and the phrased or first the Ending between them. Afri Moreover, our",2.677514594999593,2.677514594999593,0.14988431093475482,0.14988431093475482,1
156,/home/shaozi/ucl/code/audition_pipeline/data/dataset_4mic_3spk/Eval/mic/mic_fileid_156_doa54_3spk.wav,ODAS-SSL-SST-DGSS-MS,separated,1,16.871875,169,/home/shaozi/ucl/code/audition_pipeline/ablation_study/baseline/ODAS/results/ODAS_n_loc+sep+pf/odas_outputs/fileid_156/odas_separated_preddoa168_slot0.wav,nearest_predicted_doa_to_spk1_gt_doa,0,168.48905668559365,0.5109433144063473,3,/home/shaozi/ucl/code/audition_pipeline/data/dataset_4mic_3spk/Eval/text/text_fileid_156_doa169_spk1.txt,0.15151515151515152,5,33,5.845831308897925,-2.549626795823636,-8.39545810472156,5.50198717792963,-35.01218571125792,-40.51417288918755,1.42355215549469,1.2946186065673828,-0.12893354892730713,,INTERRUPTED PHILIP I'VE HEARD THAT SOME PROFESSORS SAY THAT THEIR ANNEX CLASSES DO BETTER WORK THAN OURS BUT ANYBODY CAN TELL THAT THAT'S ALL ROT I BELIEVE IT'S ALL PERFECTLY TRUE SAID NORA,"I've heard some professors say that their A&X classes do better work than ours, but anybody can tell that that's all wrong. I believe it's all perfectly true, said Nora.",0.2672309329991549,0.2672309329991549,0.015838840259257192,0.015838840259257192,1
157,/home/shaozi/ucl/code/audition_pipeline/data/dataset_4mic_3spk/Eval/mic/mic_fileid_157_doa8_3spk.wav,ODAS-SSL-SST-DGSS-MS,separated,1,16.933125,155,/home/shaozi/ucl/code/audition_pipeline/ablation_study/baseline/ODAS/results/ODAS_n_loc+sep+pf/odas_outputs/fileid_157/odas_separated_preddoa143_slot1.wav,nearest_predicted_doa_to_spk1_gt_doa,1,142.68644693191195,12.313553068088055,3,/home/shaozi/ucl/code/audition_pipeline/data/dataset_4mic_3spk/Eval/text/text_fileid_157_doa155_spk1.txt,0.6274509803921569,32,51,5.2189050859518975,-0.300738324398084,-5.519643410349982,4.320678059284042,-22.105145254396664,-26.425823313680706,1.254493236541748,1.2109441757202148,-0.0435490608215332,,HE AS THE CORPORAL WAS ENTERING THE CONFINES OF BOHEMIA MY UNCLE TOBY OBLIGED HIM TO HALT FOR A SINGLE MOMENT HE HAD SET OUT BARE HEADED HAVING SINCE HE PULL'D OFF HIS MONTERO CAP IN THE LATTER END OF THE LAST CHAPTER LEFT IT LYING BESIDE HIM ON THE GROUND,"I hope you tell the Oblations of Hark who are still running. Yes, set out there, having set you full off of the Ontario cap and the latter into the last chapter, left it lying beside him on the ground.",0.3183921340005327,0.3183921340005327,0.01880291641386529,0.01880291641386529,1
158,/home/shaozi/ucl/code/audition_pipeline/data/dataset_4mic_3spk/Eval/mic/mic_fileid_158_doa77_3spk.wav,ODAS-SSL-SST-DGSS-MS,separated,1,14.22,251,/home/shaozi/ucl/code/audition_pipeline/ablation_study/baseline/ODAS/results/ODAS_n_loc+sep+pf/odas_outputs/fileid_158/odas_separated_preddoa245_slot2.wav,nearest_predicted_doa_to_spk1_gt_doa,2,244.79914838970274,6.2008516102972635,3,/home/shaozi/ucl/code/audition_pipeline/data/dataset_4mic_3spk/Eval/text/text_fileid_158_doa251_spk1.txt,0.21951219512195122,9,41,4.918782406150707,-1.2689693815000345,-6.1877517876507415,4.790852572755497,-36.33960816749279,-41.13046074024829,1.3433760404586792,1.257271409034729,-0.0861046314239502,,I AM QUITE AWARE THAT SCIENCE HAS TO BE ON ITS GUARD WITH DISCOVERIES OF THIS KIND I KNOW WHAT CAPITAL ENTERPRISING INDIVIDUALS LIKE BARNUM HAVE MADE OUT OF FOSSIL MEN I HAVE HEARD THE TALE OF THE KNEEPAN OF AJAX,I am quite aware that science has to be honest with discoveries of this kind. I know what capital enterprising these initials like modern have been out of the system. I have heard the tale of the knee-pan of Ajax.,0.31679653599894664,0.31679653599894664,0.022278237412021562,0.022278237412021562,1
159,/home/shaozi/ucl/code/audition_pipeline/data/dataset_4mic_3spk/Eval/mic/mic_fileid_159_doa31_3spk.wav,ODAS-SSL-SST-DGSS-MS,separated,1,17.1225,31,/home/shaozi/ucl/code/audition_pipeline/ablation_study/baseline/ODAS/results/ODAS_n_loc+sep+pf/odas_outputs/fileid_159/odas_separated_preddoa036_slot0.wav,nearest_predicted_doa_to_spk1_gt_doa,0,36.30606199246411,5.306061992464095,3,/home/shaozi/ucl/code/audition_pipeline/data/dataset_4mic_3spk/Eval/text/text_fileid_159_doa31_spk1.txt,0.2777777777777778,15,54,5.4960057607284245,-1.05533553812616,-6.5513412988545845,4.801199310303193,-23.50309348946851,-28.304292799771705,1.2085096836090088,1.1399576663970947,-0.06855201721191406,,AND SAY MY MISTRESS VENUS DESIRES YOU TO SEND HER A LITTLE OF YOUR BEAUTY FOR IN TENDING HER SICK SON SHE HAS LOST SOME OF HER OWN BE NOT TOO LONG ON YOUR ERRAND FOR I MUST PAINT MYSELF WITH IT TO APPEAR AT THE CIRCLE OF THE GODS AND GODDESSES THIS EVENING,"And say, my mistress Venus desires to send her a little of your duty for attending her six-some she has lost on her own. Be not too long in your errands for I must date myself good and to appease the circle of the gods and goddesses this evening.",0.35652613999991445,0.35652613999991445,0.020822084391877032,0.020822084391877032,1
160,/home/shaozi/ucl/code/audition_pipeline/data/dataset_4mic_3spk/Eval/mic/mic_fileid_160_doa141_3spk.wav,ODAS-SSL-SST-DGSS-MS,separated,1,17.854,141,/home/shaozi/ucl/code/audition_pipeline/ablation_study/baseline/ODAS/results/ODAS_n_loc+sep+pf/odas_outputs/fileid_160/odas_separated_preddoa145_slot2.wav,nearest_predicted_doa_to_spk1_gt_doa,2,144.69579362912157,3.6957936291215674,3,/home/shaozi/ucl/code/audition_pipeline/data/dataset_4mic_3spk/Eval/text/text_fileid_160_doa141_spk1.txt,1.0,39,39,2.9099617708452516,-1.4074536089400524,-4.317415379785304,1.7921646079400424,-33.24686670014967,-35.03903130808971,1.0836445093154907,1.1094725131988525,0.025828003883361816,,YOU WOULD NOT FOR INSTANCE NOW GO TO A BALL FOR THE WORLD YOU FEEL THAT YOU HAVE NO LONGER ANY FRIEND TO WHOM YOU CAN SPEAK WITH UNRESERVE ON WHOSE REGARD YOU CAN PLACE DEPENDENCE OR WHOSE COUNSEL,"You will not find such a snatched coat toward us through the work. You feel that you have no longer any friends who may be a servant with all of your tools. In regards to your complaints, the tension on whose counsel I will work is well over. It will. I know it.",0.39322808500037354,0.39322808500037354,0.022024649098262215,0.022024649098262215,1
161,/home/shaozi/ucl/code/audition_pipeline/data/dataset_4mic_3spk/Eval/mic/mic_fileid_161_doa59_3spk.wav,ODAS-SSL-SST-DGSS-MS,separated,1,17.657375,59,/home/shaozi/ucl/code/audition_pipeline/ablation_study/baseline/ODAS/results/ODAS_n_loc+sep+pf/odas_outputs/fileid_161/odas_separated_preddoa056_slot2.wav,nearest_predicted_doa_to_spk1_gt_doa,2,56.05481391416428,2.9451860858357293,3,/home/shaozi/ucl/code/audition_pipeline/data/dataset_4mic_3spk/Eval/text/text_fileid_161_doa59_spk1.txt,0.6666666666666666,32,48,5.384095191408395,-0.31805583473696064,-5.702151026145356,5.074597876703031,-35.61952387469959,-40.69412175140262,1.2224398851394653,1.1374984979629517,-0.08494138717651367,,HE DECLARES IT IS AS THOUGH IT WERE PAINTED ON A BROBDINGNAGIAN PIECE OF GILT PAPER AND HE WHO DAMPENS HIS FINGER AND THRUSTS IT THROUGH FINDS AN ALKALI VALLEY ON THE OTHER SIDE THE LONELY PRICKLY PEAR AND A HEAP OF ASHES FROM A DESERTED CAMP FIRE,The other side is the lovely prickly pear and a heap of ashes from a deserted campfire. The other side is the lovely prickly pear and a heap of ashes from a deserted campfire.,0.2876809939989471,0.2876809939989471,0.016292398728516958,0.016292398728516958,1
162,/home/shaozi/ucl/code/audition_pipeline/data/dataset_4mic_3spk/Eval/mic/mic_fileid_162_doa43_3spk.wav,ODAS-SSL-SST-DGSS-MS,separated,1,16.223875,100,/home/shaozi/ucl/code/audition_pipeline/ablation_study/baseline/ODAS/results/ODAS_n_loc+sep+pf/odas_outputs/fileid_162/odas_separated_preddoa094_slot0.wav,nearest_predicted_doa_to_spk1_gt_doa,0,94.48046264397207,5.519537356027911,3,/home/shaozi/ucl/code/audition_pipeline/data/dataset_4mic_3spk/Eval/text/text_fileid_162_doa100_spk1.txt,0.26666666666666666,8,30,6.514237058385386,-1.1128483340961604,-7.627085392481546,5.752636797156818,-19.560702869991708,-25.313339667148526,1.1724342107772827,1.1283077001571655,-0.04412651062011719,,WHICH WAS IN ITSELF OF ALL THINGS THE MOST PERNICIOUS IF MARY MUST GO TO CHELTENHAM WHY COULD SHE NOT GO BY HERSELF SECOND CLASS LIKE ANY OTHER YOUNG WOMAN,"It was in itself of all things the most primitive land. If Mary must bear to tell me why could she not go by herself, second class, like any other general?",0.24758952599950135,0.24758952599950135,0.01526081321506122,0.01526081321506122,1
163,/home/shaozi/ucl/code/audition_pipeline/data/dataset_4mic_3spk/Eval/mic/mic_fileid_163_doa154_3spk.wav,ODAS-SSL-SST-DGSS-MS,separated,1,16.2585,302,/home/shaozi/ucl/code/audition_pipeline/ablation_study/baseline/ODAS/results/ODAS_n_loc+sep+pf/odas_outputs/fileid_163/odas_separated_preddoa310_slot0.wav,nearest_predicted_doa_to_spk1_gt_doa,0,309.6725294024574,7.672529402457428,3,/home/shaozi/ucl/code/audition_pipeline/data/dataset_4mic_3spk/Eval/text/text_fileid_163_doa302_spk1.txt,0.07317073170731707,3,41,6.09618072959568,-0.8696416261349994,-6.96582235573068,5.546838991070452,-30.97454338075131,-36.52138237182176,1.423728108406067,1.2762219905853271,-0.14750611782073975,,FOR A LONG TIME THE ROMAN LAWS HAD BEEN DIFFICULT TO UNDERSTAND THERE WAS A VAST NUMBER OF THEM AND DIFFERENT WRITERS DIFFERED WIDELY AS TO WHAT THE LAWS REALLY WERE AND WHAT THEY MEANT JUSTINIAN EMPLOYED A GREAT LAWYER NAMED,"One time, the Roman laws had been difficult to understand. There was a vast number of them, and different writers differed widely as to what the laws really were and what they meant. Justinian employed a great lawyer named...",0.3171691780007677,0.3171691780007677,0.019507899129733226,0.019507899129733226,1
164,/home/shaozi/ucl/code/audition_pipeline/data/dataset_4mic_3spk/Eval/mic/mic_fileid_164_doa84_3spk.wav,ODAS-SSL-SST-DGSS-MS,separated,1,16.054875,84,/home/shaozi/ucl/code/audition_pipeline/ablation_study/baseline/ODAS/results/ODAS_n_loc+sep+pf/odas_outputs/fileid_164/odas_separated_preddoa098_slot1.wav,nearest_predicted_doa_to_spk1_gt_doa,1,98.4716833707987,14.4716833707987,1,/home/shaozi/ucl/code/audition_pipeline/data/dataset_4mic_3spk/Eval/text/text_fileid_164_doa84_spk1.txt,0.21212121212121213,7,33,5.1832055646735045,-3.1839938586490506,-8.367199423322555,4.509712697598279,-26.198374524195156,-30.708087221793434,1.225691795349121,1.1621322631835938,-0.06355953216552734,,I NEVER BEFORE HAD SEEN TWO GREEN MARTIAN WARRIORS BATTLE WITH NATURE'S WEAPONS AND THE EXHIBITION OF ANIMAL FEROCITY WHICH ENSUED WAS AS FEARFUL A THING AS THE MOST DISORDERED IMAGINATION COULD PICTURE,"Never before I would see two great martial warriors battle with nature's weapons, and the exhibition of Animal Thoracic, which ensued, was as fearful a thing as the most disordered imagination could picture.",0.2681616480003868,0.2681616480003868,0.0167028175554395,0.0167028175554395,1
165,/home/shaozi/ucl/code/audition_pipeline/data/dataset_4mic_3spk/Eval/mic/mic_fileid_165_doa32_3spk.wav,ODAS-SSL-SST-DGSS-MS,separated,1,16.851625,89,/home/shaozi/ucl/code/audition_pipeline/ablation_study/baseline/ODAS/results/ODAS_n_loc+sep+pf/odas_outputs/fileid_165/odas_separated_preddoa088_slot1.wav,nearest_predicted_doa_to_spk1_gt_doa,1,87.59100130485736,1.4089986951426567,3,/home/shaozi/ucl/code/audition_pipeline/data/dataset_4mic_3spk/Eval/text/text_fileid_165_doa89_spk1.txt,0.3125,10,32,9.03312541046801,-0.5088291303711191,-9.541954540839129,8.501853879065806,-36.4880660798518,-44.9899199589176,1.399488091468811,1.2428820133209229,-0.15660607814788818,,REMAINED UNCONQUERED AND CONTINUED TO CONSPIRE AGAINST HIM THE RESISTING POWER OF THE SYRIAN ALLIES HOWEVER WAS BEING GREATLY WEAKENED BY INTERNAL REVOLTS WHICH MAY HAVE BEEN STIRRED UP BY ASSYRIAN EMISSARIES,"The resisting power of the Syrian allies, however, was being greatly weakened by internal revolts, which may have been stirred up by the Syrian emissaries.",0.21906537199902232,0.21906537199902232,0.012999658608533143,0.012999658608533143,1
166,/home/shaozi/ucl/code/audition_pipeline/data/dataset_4mic_3spk/Eval/mic/mic_fileid_166_doa59_3spk.wav,ODAS-SSL-SST-DGSS-MS,separated,1,17.28625,109,/home/shaozi/ucl/code/audition_pipeline/ablation_study/baseline/ODAS/results/ODAS_n_loc+sep+pf/odas_outputs/fileid_166/odas_separated_preddoa106_slot0.wav,nearest_predicted_doa_to_spk1_gt_doa,0,106.24779872038211,2.752201279617907,3,/home/shaozi/ucl/code/audition_pipeline/data/dataset_4mic_3spk/Eval/text/text_fileid_166_doa109_spk1.txt,0.6060606060606061,20,33,4.979978558742452,-0.7726181466084568,-5.752596705350909,4.649162520851879,-16.754005143265957,-21.403167664117838,1.4677940607070923,1.2822598218917847,-0.18553423881530762,,FOR I HAD SEEN HIM MEDITATING A FRESH TREACHERY UPON THE PLATEAU ACCORDINGLY IT WAS PRETTY GRUFFLY THAT THE DOCTOR ANSWERED HIM DRUNK OR RAVING SAID HE RIGHT YOU WERE SIR REPLIED SILVER,"I had seen him meditating a fresh treachery upon the air mines then. Accordingly it was crumpled in the end of the Grandsword. Drunk with a raving voice at the end. Rectuared sir, reply sober.",0.3500852289998875,0.3500852289998875,0.02025223683562875,0.02025223683562875,1
167,/home/shaozi/ucl/code/audition_pipeline/data/dataset_4mic_3spk/Eval/mic/mic_fileid_167_doa27_3spk.wav,ODAS-SSL-SST-DGSS-MS,separated,1,15.55075,27,/home/shaozi/ucl/code/audition_pipeline/ablation_study/baseline/ODAS/results/ODAS_n_loc+sep+pf/odas_outputs/fileid_167/odas_separated_preddoa032_slot0.wav,nearest_predicted_doa_to_spk1_gt_doa,0,31.721834123653757,4.721834123653764,3,/home/shaozi/ucl/code/audition_pipeline/data/dataset_4mic_3spk/Eval/text/text_fileid_167_doa27_spk1.txt,0.4444444444444444,16,36,4.88075382962006,-1.779640167908928,-6.660393997528988,4.4058624818285015,-25.85958211791859,-30.26544459974709,1.1502008438110352,1.1453688144683838,-0.004832029342651367,,THEIR SHARP CUR LIKE BARKS USED OFTEN TO ROUSE US AND OF A DARK EVENING WE WOULD HEAR THEM OUT IN THE FIELDS MOUSING AROUND THE STONE HEAPS MAKING A QUEER SQUEAKING SOUND LIKE A MOUSE,"Clark so like a barch used often to rouse it. And of the dark evenings, we would hear the mouths of the fields, mousy around the stone fields, staking a queer squeaking sound of Frank a mouse.",0.33023721400059003,0.33023721400059003,0.021236095622435575,0.021236095622435575,1
168,/home/shaozi/ucl/code/audition_pipeline/data/dataset_4mic_3spk/Eval/mic/mic_fileid_168_doa134_3spk.wav,ODAS-SSL-SST-DGSS-MS,separated,1,17.55775,343,/home/shaozi/ucl/code/audition_pipeline/ablation_study/baseline/ODAS/results/ODAS_n_loc+sep+pf/odas_outputs/fileid_168/odas_separated_preddoa346_slot0.wav,nearest_predicted_doa_to_spk1_gt_doa,0,346.2742827425775,3.2742827425774976,2,/home/shaozi/ucl/code/audition_pipeline/data/dataset_4mic_3spk/Eval/text/text_fileid_168_doa343_spk1.txt,0.225,9,40,5.617000260206682,-0.8841343656430682,-6.50113462584975,4.348986682943001,-22.92052846467005,-27.26951514761305,1.4690086841583252,1.330440878868103,-0.13856780529022217,,THE OLD SHIP WAS NOT HEATED UNTIL EIGHTEEN TWENTY TWO THE ONLY RELIEF FROM THE CHILL AND STIFFNESS COMES DURING THE PRAYER WHEN THE CONGREGATION STANDS KNEELING OF COURSE WOULD SAVOR TOO STRONGLY OF IDOLATRY AND THE CHURCH OF ROME,"The old ship was not heated until 1822. The only relief from the chill and stiffness comes during the prayer when the congregation stands. Healing, of course, would save a too strong lead from idolatry and the Church of Rome.",0.3200936470002489,0.3200936470002489,0.01823090356111967,0.01823090356111967,1
169,/home/shaozi/ucl/code/audition_pipeline/data/dataset_4mic_3spk/Eval/mic/mic_fileid_169_doa149_3spk.wav,ODAS-SSL-SST-DGSS-MS,separated,1,16.514,264,/home/shaozi/ucl/code/audition_pipeline/ablation_study/baseline/ODAS/results/ODAS_n_loc+sep+pf/odas_outputs/fileid_169/odas_separated_preddoa267_slot0.wav,nearest_predicted_doa_to_spk1_gt_doa,0,267.1138485824232,3.113848582423202,3,/home/shaozi/ucl/code/audition_pipeline/data/dataset_4mic_3spk/Eval/text/text_fileid_169_doa264_spk1.txt,0.4230769230769231,22,52,5.986273426237336,-1.3639962411962832,-7.3502696674336185,4.757285575577485,-21.669507378162912,-26.426792953740396,1.2053990364074707,1.1867609024047852,-0.018638134002685547,,AND MATTIE ANDREWS HAD A NEW RED HOOD AND A BLUE CROSSOVER WITH TASSELS ON IT AND THE AIRS SHE PUT ON ABOUT IT WERE PERFECTLY SICKENING AND LIZZIE WRIGHT DIDN'T SPEAK TO MAMIE WILSON BECAUSE MAMIE WILSON'S GROWN UP SISTER HAD CUT OUT LIZZIE WRIGHT'S GROWN UP SISTER WITH HER BEAU,There's Ronald Brown's new red hood and a blue collar with a panko and the air should fit on top of her hood. And Lizzie Wright didn't speak to Mamie Wilson because Mamie Wilson's grown-up sister had cut out Lizzie Wright's grown-up sister with her bow.,0.39186099499966076,0.39186099499966076,0.02372901750028223,0.02372901750028223,1
170,/home/shaozi/ucl/code/audition_pipeline/data/dataset_4mic_3spk/Eval/mic/mic_fileid_170_doa57_3spk.wav,ODAS-SSL-SST-DGSS-MS,separated,1,17.31175,133,/home/shaozi/ucl/code/audition_pipeline/ablation_study/baseline/ODAS/results/ODAS_n_loc+sep+pf/odas_outputs/fileid_170/odas_separated_preddoa136_slot0.wav,nearest_predicted_doa_to_spk1_gt_doa,0,135.85575059795278,2.8557505979527775,3,/home/shaozi/ucl/code/audition_pipeline/data/dataset_4mic_3spk/Eval/text/text_fileid_170_doa133_spk1.txt,0.12727272727272726,7,55,4.571447392432196,-0.5459230800166414,-5.117370472448838,3.308906870038375,-24.879108020095167,-28.18801489013354,1.2394912242889404,1.267848014831543,0.02835679054260254,,AND NOT HAVE MARRIED THE MOTHER OF THE PROUD PRINCESS WHO CAUSED HIM ENDLESS TROUBLE UNTIL HER DEATH MY DAY IS PAST SAID HE AND HE GAVE UP HIS CROWN TO HIS SON AMEER ALI WHO WENT ONCE MORE AND CALLED TO THE FOREST FAIRY TO PROVIDE HIM WITH A QUEEN TO SHARE HIS THRONE,"And not have buried the mother of the proud princess who caused her endless trouble until her death. My days passed, said he, and he gave up his crown to his son, Amir Alhubu, who went once more and called to the forest fairy to provide him with a queen to share his throne.",0.409116720999009,0.409116720999009,0.023632314526203818,0.023632314526203818,1
171,/home/shaozi/ucl/code/audition_pipeline/data/dataset_4mic_3spk/Eval/mic/mic_fileid_171_doa66_3spk.wav,ODAS-SSL-SST-DGSS-MS,separated,1,15.962875,238,/home/shaozi/ucl/code/audition_pipeline/ablation_study/baseline/ODAS/results/ODAS_n_loc+sep+pf/odas_outputs/fileid_171/odas_separated_preddoa240_slot2.wav,nearest_predicted_doa_to_spk1_gt_doa,2,239.75812855156607,1.7581285515660738,2,/home/shaozi/ucl/code/audition_pipeline/data/dataset_4mic_3spk/Eval/text/text_fileid_171_doa238_spk1.txt,0.43478260869565216,20,46,4.754387480851259,-0.9484505520212604,-5.702838032872519,4.594768070554947,-35.135865309646,-39.73063338020095,1.1221245527267456,1.0882676839828491,-0.033856868743896484,,STILL IF HE IS TO BE IN THE GROVE TO NIGHT I MAY AS WELL BE THERE ALSO WHAT DISGUISE IS HE IN A FARM LABORER'S THE BEST HE COULD ADOPT ABOUT HERE WITH LARGE BLACK WHISKERS HE IS STOPPING ABOUT THREE MILES OFF HE SAID,"What disguise is he in? A farm laborer, the best he could adopt about here, with large black wizards. He is stopping about three miles off, he said.",0.24834562800060667,0.24834562800060667,0.015557700476925783,0.015557700476925783,1
172,/home/shaozi/ucl/code/audition_pipeline/data/dataset_4mic_3spk/Eval/mic/mic_fileid_172_doa1_3spk.wav,ODAS-SSL-SST-DGSS-MS,separated,1,17.0665,236,/home/shaozi/ucl/code/audition_pipeline/ablation_study/baseline/ODAS/results/ODAS_n_loc+sep+pf/odas_outputs/fileid_172/odas_separated_preddoa240_slot0.wav,nearest_predicted_doa_to_spk1_gt_doa,0,239.91390872315537,3.913908723155373,3,/home/shaozi/ucl/code/audition_pipeline/data/dataset_4mic_3spk/Eval/text/text_fileid_172_doa236_spk1.txt,0.5581395348837209,24,43,4.0221513815486025,-0.50073681206615,-4.522888193614753,3.081267623996338,-45.149464234710166,-48.230731858706505,1.147566795349121,1.0715116262435913,-0.07605516910552979,,WE WERE YET ALMOST AFRAID TO BELIEVE THAT WE WERE AT LAST TO ESCAPE INTO THE GENIAL COUNTRY OF WHICH WE HAVE HEARD SO MANY GLOWING DESCRIPTIONS AND DREADED AGAIN TO FIND SOME VAST INTERIOR LAKE WHOSE BITTER WATERS WOULD BRING US DISAPPOINTMENT,We have for so many glowing descriptions and ready to find some vast interior land whose bitter waters would bring us disappointment.,0.19971017299940286,0.19971017299940286,0.011701882225377368,0.011701882225377368,1
173,/home/shaozi/ucl/code/audition_pipeline/data/dataset_4mic_3spk/Eval/mic/mic_fileid_173_doa42_3spk.wav,ODAS-SSL-SST-DGSS-MS,separated,1,17.582,146,/home/shaozi/ucl/code/audition_pipeline/ablation_study/baseline/ODAS/results/ODAS_n_loc+sep+pf/odas_outputs/fileid_173/odas_separated_preddoa147_slot1.wav,nearest_predicted_doa_to_spk1_gt_doa,1,146.6346407949316,0.6346407949316131,3,/home/shaozi/ucl/code/audition_pipeline/data/dataset_4mic_3spk/Eval/text/text_fileid_173_doa146_spk1.txt,0.0625,3,48,4.478956735896524,-0.3642089256216181,-4.843165661518142,3.1455626076147,-19.31506439695881,-22.46062700457351,1.187874436378479,1.259346842765808,0.0714724063873291,,THE APPEARANCE OF THE CHART WAS INCREDIBLE TO THE SURVIVING MUTINEERS THEY LEAPED UPON IT LIKE CATS UPON A MOUSE IT WENT FROM HAND TO HAND ONE TEARING IT FROM ANOTHER AND BY THE OATHS AND THE CRIES AND THE CHILDISH LAUGHTER WITH WHICH THEY ACCOMPANIED THEIR EXAMINATION,"The appearance of the chart was incredible to the surviving leaders. They lived upon it like cats upon a mouse. It went from hand to hand, one tearing it from another. By the oaths and the cries and the childish laughter with which they accompanied their examination.",0.39201708200016583,0.39201708200016583,0.022296501080660096,0.022296501080660096,1
174,/home/shaozi/ucl/code/audition_pipeline/data/dataset_4mic_3spk/Eval/mic/mic_fileid_174_doa166_3spk.wav,ODAS-SSL-SST-DGSS-MS,separated,1,15.549625,166,/home/shaozi/ucl/code/audition_pipeline/ablation_study/baseline/ODAS/results/ODAS_n_loc+sep+pf/odas_outputs/fileid_174/odas_separated_preddoa170_slot0.wav,nearest_predicted_doa_to_spk1_gt_doa,0,169.56171513406426,3.561715134064258,3,/home/shaozi/ucl/code/audition_pipeline/data/dataset_4mic_3spk/Eval/text/text_fileid_174_doa166_spk1.txt,0.9487179487179487,37,39,5.3581587851126855,-0.7369534184236193,-6.095112203536305,3.969890130052056,-26.244319236044674,-30.214209366096732,1.3715684413909912,1.1808018684387207,-0.1907665729522705,,THE GRAVEYARD WAS A MILE OUTSIDE THE VILLAGE A SANDY PLAIN WHERE A FEW STUNTED PINES TRANSPLANTED FROM THE WOODS NEAR IT STRUGGLED TO KEEP ALIVE AS WE TURNED FROM THE STREET INTO THE LANE WHICH LED TO IT,"Blood was this, blood needs to be elasticized.",0.5633781849992374,0.5633781849992374,0.036230982097589966,0.036230982097589966,1
175,/home/shaozi/ucl/code/audition_pipeline/data/dataset_4mic_3spk/Eval/mic/mic_fileid_175_doa16_3spk.wav,ODAS-SSL-SST-DGSS-MS,separated,1,16.972375,144,/home/shaozi/ucl/code/audition_pipeline/ablation_study/baseline/ODAS/results/ODAS_n_loc+sep+pf/odas_outputs/fileid_175/odas_separated_preddoa152_slot1.wav,nearest_predicted_doa_to_spk1_gt_doa,1,152.17087910121327,8.170879101213274,3,/home/shaozi/ucl/code/audition_pipeline/data/dataset_4mic_3spk/Eval/text/text_fileid_175_doa144_spk1.txt,0.6666666666666666,24,36,4.109928648524265,-0.2869518719173545,-4.39688052044162,4.9138849545535415,-18.454654250271386,-23.368539204824927,1.2614853382110596,1.1539890766143799,-0.10749626159667969,,MADAME DE VILLEFORT SIGHED HER NERVES GAVE WAY AND SHE SUNK ON THE CARPET THE KING'S ATTORNEY SEEMED TO EXPERIENCE A SENSATION OF PITY HE LOOKED UPON HER LESS SEVERELY AND BOWING TO HER SAID SLOWLY,She must now describe some of the things she has experienced in this college. He looked at her less severely and bowing to her said slowly.,0.20712335999996867,0.20712335999996867,0.012203557840312193,0.012203557840312193,1
176,/home/shaozi/ucl/code/audition_pipeline/data/dataset_4mic_3spk/Eval/mic/mic_fileid_176_doa208_3spk.wav,ODAS-SSL-SST-DGSS-MS,separated,1,17.628625,208,/home/shaozi/ucl/code/audition_pipeline/ablation_study/baseline/ODAS/results/ODAS_n_loc+sep+pf/odas_outputs/fileid_176/odas_separated_preddoa219_slot1.wav,nearest_predicted_doa_to_spk1_gt_doa,1,218.5488502107592,10.548850210759213,2,/home/shaozi/ucl/code/audition_pipeline/data/dataset_4mic_3spk/Eval/text/text_fileid_176_doa208_spk1.txt,0.2619047619047619,11,42,3.2855372473105815,-1.5722032804404464,-4.857740527751028,2.4958152750109823,-33.85065615517721,-36.346471430188195,1.1126065254211426,1.1163121461868286,0.003705620765686035,,HE STOOD ASIDE EDGED A LITTLE INTO THE RAIN TO LET THE THRONG PASS A SMALL BOY RUSHED OUT SNIFFED IN THE DAMP FRESH AIR AND TURNED UP THE COLLAR OF HIS COAT CAME THREE OR FOUR COUPLES IN A GREAT HURRY,"He stood aside, edged a little into the rain to let the throng pass. A small boy rushed out, sniffed in the damp fresh air, and turned up the collar of his coat. Came three or four couples and a great hurry. He saw a man of about forty years of age.",0.41057661899867526,0.41057661899867526,0.023290337107895555,0.023290337107895555,1
177,/home/shaozi/ucl/code/audition_pipeline/data/dataset_4mic_3spk/Eval/mic/mic_fileid_177_doa189_3spk.wav,ODAS-SSL-SST-DGSS-MS,separated,1,16.409875,288,/home/shaozi/ucl/code/audition_pipeline/ablation_study/baseline/ODAS/results/ODAS_n_loc+sep+pf/odas_outputs/fileid_177/odas_separated_preddoa299_slot2.wav,nearest_predicted_doa_to_spk1_gt_doa,2,298.890401915088,10.890401915087978,2,/home/shaozi/ucl/code/audition_pipeline/data/dataset_4mic_3spk/Eval/text/text_fileid_177_doa288_spk1.txt,0.23529411764705882,8,34,7.071114752699959,-1.4520773462658767,-8.523192098965836,6.545500176908763,-33.86335740534916,-40.40885758225792,1.5252528190612793,1.4621509313583374,-0.0631018877029419,,THE SCHOOL AND THE NEIGHBOURING COTTAGES THIS DID GOOD FOR A TIME BUT WHEN THE AUTUMN DREW ON AND THE WEATHER BECAME MORE CHANGEABLE HER MOTHER'S IDEA OF THE UNHEALTHINESS OF THE PLACE INCREASED,"The school and the neighboring colleges This did good for a time, but when the harem was too long and the weather became more tangible her mother's idea of the inconvenience of the place increased",0.28256218999922567,0.28256218999922567,0.017219033661086736,0.017219033661086736,1
178,/home/shaozi/ucl/code/audition_pipeline/data/dataset_4mic_3spk/Eval/mic/mic_fileid_178_doa161_3spk.wav,ODAS-SSL-SST-DGSS-MS,separated,1,15.546125,331,/home/shaozi/ucl/code/audition_pipeline/ablation_study/baseline/ODAS/results/ODAS_n_loc+sep+pf/odas_outputs/fileid_178/odas_separated_preddoa333_slot2.wav,nearest_predicted_doa_to_spk1_gt_doa,2,333.0763455862369,2.0763455862369256,3,/home/shaozi/ucl/code/audition_pipeline/data/dataset_4mic_3spk/Eval/text/text_fileid_178_doa331_spk1.txt,0.5714285714285714,16,28,5.393656135541805,-0.3469959749159857,-5.740652110457791,3.926168840903763,-26.999178955605117,-30.92534779650888,1.241363286972046,1.1744787693023682,-0.06688451766967773,,ALL WERE LOADED WITH PASSENGERS AND FREIGHT FOR NOME SCOUT BOATS HAD ALREADY BEEN SENT OUT TO INVESTIGATE AND FIND IF POSSIBLE A PASSAGE THROUGH THE ICE FIELDS,The passengers in praise for known. Scout notes and all regents sent out to the VISTA gates and find if possible a passage from the ice field.,0.24788972399983322,0.24788972399983322,0.015945434891320713,0.015945434891320713,1
179,/home/shaozi/ucl/code/audition_pipeline/data/dataset_4mic_3spk/Eval/mic/mic_fileid_179_doa105_3spk.wav,ODAS-SSL-SST-DGSS-MS,separated,1,17.104875,359,/home/shaozi/ucl/code/audition_pipeline/ablation_study/baseline/ODAS/results/ODAS_n_loc+sep+pf/odas_outputs/fileid_179/odas_separated_preddoa103_slot1.wav,nearest_predicted_doa_to_spk1_gt_doa,1,102.88997348809356,103.88997348809357,2,/home/shaozi/ucl/code/audition_pipeline/data/dataset_4mic_3spk/Eval/text/text_fileid_179_doa359_spk1.txt,1.0,31,31,5.974229070549906,-1.267381893490544,-7.24161096404045,4.908303100404855,-21.84680923341564,-26.755112333820495,1.1149756908416748,1.062971830368042,-0.05200386047363281,,AND EXPRESSES HORROR RATHER THAN INDIGNATION ALIKE INVOLUNTARY IS THE GROAN THAT GOES WITH IT PROCEEDING FROM A SINGLE INDIVIDUAL WHOM ALL KNOW TO BE THE FATHER OF THE MURDERED MAN,"No,치 No,치 wish us not.",1.1766973539997707,1.1766973539997707,0.06879309869261077,0.06879309869261077,1
180,/home/shaozi/ucl/code/audition_pipeline/data/dataset_4mic_3spk/Eval/mic/mic_fileid_180_doa24_3spk.wav,ODAS-SSL-SST-DGSS-MS,separated,1,16.508375,273,/home/shaozi/ucl/code/audition_pipeline/ablation_study/baseline/ODAS/results/ODAS_n_loc+sep+pf/odas_outputs/fileid_180/odas_separated_preddoa270_slot1.wav,nearest_predicted_doa_to_spk1_gt_doa,1,270.29913725052097,2.700862749479029,3,/home/shaozi/ucl/code/audition_pipeline/data/dataset_4mic_3spk/Eval/text/text_fileid_180_doa273_spk1.txt,0.6176470588235294,21,34,4.475880261494003,-0.9960284557139322,-5.471908717207936,3.012387708666353,-26.82000541559225,-29.8323931242586,1.3166329860687256,1.201030969619751,-0.11560201644897461,,AND HER HEAD HER WORDS TURNED AMEER ALI PALE WITH HORROR BUT SHE REMINDED HIM THAT NO HARM HAD COME TO HER BEFORE AND AT LAST HE CONSENTED TO DO AS SHE BADE HIM,"Entering head, her words turned him here a leaf, hailed with horror, but she reminded him that no harm had come to her before, and had asked a consent to give a subeja. He's a queer little feller, he added.",0.33792971200091415,0.33792971200091415,0.020470198429640356,0.020470198429640356,1
181,/home/shaozi/ucl/code/audition_pipeline/data/dataset_4mic_3spk/Eval/mic/mic_fileid_181_doa88_3spk.wav,ODAS-SSL-SST-DGSS-MS,separated,1,15.616625,175,/home/shaozi/ucl/code/audition_pipeline/ablation_study/baseline/ODAS/results/ODAS_n_loc+sep+pf/odas_outputs/fileid_181/odas_separated_preddoa176_slot1.wav,nearest_predicted_doa_to_spk1_gt_doa,1,176.08752601013714,1.0875260101371396,3,/home/shaozi/ucl/code/audition_pipeline/data/dataset_4mic_3spk/Eval/text/text_fileid_181_doa175_spk1.txt,0.08108108108108109,3,37,5.674572703629412,-1.8371924878911288,-7.51176519152054,4.871821796044946,-23.961386073122313,-28.83320786916726,1.2606687545776367,1.2612462043762207,0.0005774497985839844,,NEARLY A YEAR WENT BY LADY ISABEL CARLYLE HAD SPENT IT ON THE CONTINENT THAT REFUGE FOR SUCH FUGITIVES NOW MOVING ABOUT FROM PLACE TO PLACE WITH HER COMPANION NOW STATIONARY AND ALONE QUITE HALF THE TIME,"Here went by Lady Isabel Carlyle had spent it on the continent, that refuge for such fugitives. Now moving about from place to place with her companion, now stationary and alone, quite half the time.",0.284889894999651,0.284889894999651,0.018242731383999487,0.018242731383999487,1
182,/home/shaozi/ucl/code/audition_pipeline/data/dataset_4mic_3spk/Eval/mic/mic_fileid_182_doa130_3spk.wav,ODAS-SSL-SST-DGSS-MS,separated,1,17.097375,130,/home/shaozi/ucl/code/audition_pipeline/ablation_study/baseline/ODAS/results/ODAS_n_loc+sep+pf/odas_outputs/fileid_182/odas_separated_preddoa123_slot2.wav,nearest_predicted_doa_to_spk1_gt_doa,2,123.48947707029326,6.510522929706724,3,/home/shaozi/ucl/code/audition_pipeline/data/dataset_4mic_3spk/Eval/text/text_fileid_182_doa130_spk1.txt,0.43478260869565216,20,46,4.775214973150078,-0.3603534690772811,-5.135568442227359,4.262304021705282,-25.097909694254543,-29.360213715959826,1.113201379776001,1.096441388130188,-0.01675999164581299,,IT HAD BEEN A GREAT DAY FOR THE FAMILIES OF THE NEIGHBORING FARMERS AND THEY DROVE HOMEWARD IN THE LATE AFTERNOON FULL OF ENTHUSIASM OVER THE ROYAL MANNER IN WHICH THEY HAD BEEN ENTERTAINED AND ADMIRATION FOR THE GIRLS WHO HAD PROVIDED THE FUN AND FEASTING,"families of the neighboring farmers, and they drove Homer in the late after-sale of enthusiasm over the world and in which they'd been entertaining, and admiration for the girls who had divided the fine-tune.",0.3844242970008054,0.3844242970008054,0.022484404594319617,0.022484404594319617,1
183,/home/shaozi/ucl/code/audition_pipeline/data/dataset_4mic_3spk/Eval/mic/mic_fileid_183_doa59_3spk.wav,ODAS-SSL-SST-DGSS-MS,separated,1,15.812625,59,/home/shaozi/ucl/code/audition_pipeline/ablation_study/baseline/ODAS/results/ODAS_n_loc+sep+pf/odas_outputs/fileid_183/odas_separated_preddoa060_slot1.wav,nearest_predicted_doa_to_spk1_gt_doa,1,60.21345104184983,1.2134510418498223,3,/home/shaozi/ucl/code/audition_pipeline/data/dataset_4mic_3spk/Eval/text/text_fileid_183_doa59_spk1.txt,0.08571428571428572,3,35,2.256597956648129,-0.8384788583770515,-3.0950768150251804,2.0027246936979535,-48.67750853118939,-50.680233224887346,1.236790418624878,1.1770391464233398,-0.059751272201538086,,WHAT WAS TRUE THAT HER UNCLE MISTER WEISHAUPT'S FAMILY HAD BEEN MURDERED THAT NOT ONE MEMBER OF THE FAMILY HAD BEEN SPARED NAMELY MISTER WEISHAUPT HIMSELF AND HIS WIFE NEITHER OF THEM MUCH ABOVE SIXTY,"What was true? That her uncle, Mr. Weishaupt's family, had been murdered. That not one member of the family had been spared. Namely, Mr. Weishaupt himself and his wife, neither of them much above 60.",0.3464573900000687,0.3464573900000687,0.021910175571738955,0.021910175571738955,1
184,/home/shaozi/ucl/code/audition_pipeline/data/dataset_4mic_3spk/Eval/mic/mic_fileid_184_doa65_3spk.wav,ODAS-SSL-SST-DGSS-MS,separated,1,16.533625,260,/home/shaozi/ucl/code/audition_pipeline/ablation_study/baseline/ODAS/results/ODAS_n_loc+sep+pf/odas_outputs/fileid_184/odas_separated_preddoa287_slot0.wav,nearest_predicted_doa_to_spk1_gt_doa,0,287.0405283651963,27.04052836519628,2,/home/shaozi/ucl/code/audition_pipeline/data/dataset_4mic_3spk/Eval/text/text_fileid_184_doa260_spk1.txt,0.8648648648648649,32,37,5.043668239956811,-2.288573235912813,-7.332241475869624,5.049029914038394,-22.377205424459213,-27.426235338497605,1.1642065048217773,1.1060107946395874,-0.05819571018218994,,YOU MAY KNOW HIM BY A SUNKEN BROODING EYE CLOTHING MARRED BY MUCH TOBACCO AND A CHAFED AND TETCHY HUMOUR TOWARD THE HOUR OF FIVE P M HAVING BITTERLY SCHOOLED HIMSELF TO SEE MEN AS PARAGRAPHS WALKING,"We may know him by a subtle, groovy mind, closing martyr try much tobacco, and you, to the town, she fell asleep for a power of 5 m. Having bitterly schooled himself to see him in his paragraphs, we will help the children restore the room to order.",0.42691410800034646,0.42691410800034646,0.02582096231167372,0.02582096231167372,1
185,/home/shaozi/ucl/code/audition_pipeline/data/dataset_4mic_3spk/Eval/mic/mic_fileid_185_doa35_3spk.wav,ODAS-SSL-SST-DGSS-MS,separated,1,16.185375,135,/home/shaozi/ucl/code/audition_pipeline/ablation_study/baseline/ODAS/results/ODAS_n_loc+sep+pf/odas_outputs/fileid_185/odas_separated_preddoa134_slot1.wav,nearest_predicted_doa_to_spk1_gt_doa,1,134.01711256673684,0.9828874332631585,3,/home/shaozi/ucl/code/audition_pipeline/data/dataset_4mic_3spk/Eval/text/text_fileid_185_doa135_spk1.txt,0.6,33,55,4.569833043124993,-0.7284019334440743,-5.298234976569068,3.7901047448959635,-20.377387743420286,-24.16749248831625,1.260607361793518,1.1094800233840942,-0.15112733840942383,,YOU REMEMBER THE CUBAN LAND FRAUDS IN NEW YORK AND PORFORIO GOMEZ SHOOTING THE DETECTIVE AND HIM AND MAXIMO MOREZ GETTING CLEAR AWAY WITH TWO HUNDRED THOUSAND NO OF COURSE YOU DON'T WHY EVEN IN THE CITY PAPERS IT ONLY FILLED AN INCH OR TWO OF TYPE AND ANYWAY THE NAMES WERE HARD TO REMEMBER,"Why even in the city papers it only filled an inch or two of type? Anyway, the names were hard to remember.",0.18415089500012982,0.18415089500012982,0.011377610651599349,0.011377610651599349,1
186,/home/shaozi/ucl/code/audition_pipeline/data/dataset_4mic_3spk/Eval/mic/mic_fileid_186_doa43_3spk.wav,ODAS-SSL-SST-DGSS-MS,separated,1,15.840625,169,/home/shaozi/ucl/code/audition_pipeline/ablation_study/baseline/ODAS/results/ODAS_n_loc+sep+pf/odas_outputs/fileid_186/odas_separated_preddoa169_slot1.wav,nearest_predicted_doa_to_spk1_gt_doa,1,169.10138667925617,0.10138667925616573,3,/home/shaozi/ucl/code/audition_pipeline/data/dataset_4mic_3spk/Eval/text/text_fileid_186_doa169_spk1.txt,1.0303030303030303,34,33,4.106857055703719,-0.9214879239933165,-5.028344979697035,2.53812279336851,-23.558679073496506,-26.096801866865015,1.146731972694397,1.07782781124115,-0.06890416145324707,,HAD TURNED AND DANCED ABOUT ENOUGH THEY ORDERED THEIR SERVANTS TO BEAT HIM WITH STICKS TO CHANGE THE COURSE OF HIS IDEAS OTHERS HIT THE LION THAT IS THEY GAILY STOPPED A PASSENGER,"Okay, rewind this. to change the course of his ideas, take themselves right to see the boys. That is, they gave the stash cashier to them more desire than to have a tree or clothing.",1.4899627310005599,1.4899627310005599,0.09405959240879447,0.09405959240879447,1
187,/home/shaozi/ucl/code/audition_pipeline/data/dataset_4mic_3spk/Eval/mic/mic_fileid_187_doa136_3spk.wav,ODAS-SSL-SST-DGSS-MS,separated,1,17.269,136,/home/shaozi/ucl/code/audition_pipeline/ablation_study/baseline/ODAS/results/ODAS_n_loc+sep+pf/odas_outputs/fileid_187/odas_separated_preddoa136_slot0.wav,nearest_predicted_doa_to_spk1_gt_doa,0,136.49051240139124,0.49051240139124275,3,/home/shaozi/ucl/code/audition_pipeline/data/dataset_4mic_3spk/Eval/text/text_fileid_187_doa136_spk1.txt,0.08,4,50,5.4279901585018555,-1.6674271945034667,-7.095417353005322,3.983505419743733,-27.396593260999804,-31.380098680743536,1.2127916812896729,1.2066965103149414,-0.006095170974731445,,HE WAS THUS AT EVERY MOMENT DURING THE DAY AND NIGHT IN FULL POSSESSION OF THE DEADLY POISON WITH WHICH HE COULD HAVE FULLY SATISFIED HIS CRAVING IT WAS A MORAL VICTORY WHEN HE FINALLY REACHED THE POINT AT WHICH HE WENT FOR SEVERAL WEEKS WITHOUT ANY DESIRE FOR MORPHINE,"He was thus at every moment during the day and night in full possession of the deadly poison, which he could have fully satisfied his prey. It was a moral victory when he finally reached the point at which he went for several weeks without any desire for more pain.",0.3492828799990093,0.3492828799990093,0.02022600497996464,0.02022600497996464,1
188,/home/shaozi/ucl/code/audition_pipeline/data/dataset_4mic_3spk/Eval/mic/mic_fileid_188_doa42_3spk.wav,ODAS-SSL-SST-DGSS-MS,separated,1,16.251125,247,/home/shaozi/ucl/code/audition_pipeline/ablation_study/baseline/ODAS/results/ODAS_n_loc+sep+pf/odas_outputs/fileid_188/odas_separated_preddoa249_slot0.wav,nearest_predicted_doa_to_spk1_gt_doa,0,248.65657098285232,1.6565709828523154,3,/home/shaozi/ucl/code/audition_pipeline/data/dataset_4mic_3spk/Eval/text/text_fileid_188_doa247_spk1.txt,0.2,8,40,7.099170326405534,-1.049465757936255,-8.148636084341788,7.027650134004673,-33.21538769629948,-40.243037830304154,1.6810818910598755,1.4782649278640747,-0.20281696319580078,,THE PRIEST WHO YESTERDAY EVENING DIRECTED ME TO THIS VILLAGE ANSWERED MUSO I CALLED AT HIS ANJITSU ON THE HILL YONDER HE REFUSED ME LODGING BUT TOLD ME THE WAY HERE THE LISTENERS LOOKED AT EACH OTHER AS IN ASTONISHMENT,"The two yesterday evening, directed to this village, answered Musso. I called at his angitsu on the hill yonder. He refused me, largely, and told me the way here. The listeners looked at each other as in astonishingly.",1.603653103000397,1.603653103000397,0.09867951314142234,0.09867951314142234,1
189,/home/shaozi/ucl/code/audition_pipeline/data/dataset_4mic_3spk/Eval/mic/mic_fileid_189_doa19_3spk.wav,ODAS-SSL-SST-DGSS-MS,separated,1,17.1215,308,/home/shaozi/ucl/code/audition_pipeline/ablation_study/baseline/ODAS/results/ODAS_n_loc+sep+pf/odas_outputs/fileid_189/odas_separated_preddoa308_slot1.wav,nearest_predicted_doa_to_spk1_gt_doa,1,307.9500596580898,0.049940341910200914,2,/home/shaozi/ucl/code/audition_pipeline/data/dataset_4mic_3spk/Eval/text/text_fileid_189_doa308_spk1.txt,0.29545454545454547,13,44,4.088231744965189,-1.6459155537943215,-5.73414729875951,3.7543294784571755,-20.26338616344586,-24.017715641903035,1.2124260663986206,1.228775143623352,0.016349077224731445,,I THINK I COULD HAVE DONE IT BUT THERE WAS ONLY THE CLIFF WALL SHEER AND WHITE AGAINST THAT NARROWEST WAY WITH NEVER CRANNY TO PUT A FINGER INTO THE WIND WAS BLOWING IN FRESH PUFFS AND THOUGH I DID NOT OPEN MY EYES,"I think I said a bit, but there was only the kerf walls, sheer and white, against that narrowing square with lighter crannies to put a finger into it. The wound was drawn in fresh puffs, and though I did not open my eyes.",0.3620945500006201,0.3620945500006201,0.02114852962652922,0.02114852962652922,1
190,/home/shaozi/ucl/code/audition_pipeline/data/dataset_4mic_3spk/Eval/mic/mic_fileid_190_doa23_3spk.wav,ODAS-SSL-SST-DGSS-MS,separated,1,16.736125,96,/home/shaozi/ucl/code/audition_pipeline/ablation_study/baseline/ODAS/results/ODAS_n_loc+sep+pf/odas_outputs/fileid_190/odas_separated_preddoa098_slot1.wav,nearest_predicted_doa_to_spk1_gt_doa,1,97.95608026142945,1.956080261429463,3,/home/shaozi/ucl/code/audition_pipeline/data/dataset_4mic_3spk/Eval/text/text_fileid_190_doa96_spk1.txt,1.0,44,44,6.583309871673524,-0.3708566468048875,-6.954166518478412,5.8025028484890395,-47.32321776162382,-53.125720610112865,1.1790074110031128,1.0706425905227661,-0.10836482048034668,,YET I CAN TEACH YOU HOW BEST TO ALLAY HER DISPLEASURE GO THEN AND VOLUNTARILY SURRENDER YOURSELF TO YOUR LADY AND SOVEREIGN AND TRY BY MODESTY AND SUBMISSION TO WIN HER FORGIVENESS AND PERHAPS HER FAVOR WILL RESTORE YOU THE HUSBAND YOU HAVE LOST,,0.039418120999471284,0.039418120999471284,0.0023552716653031263,0.0023552716653031263,1
191,/home/shaozi/ucl/code/audition_pipeline/data/dataset_4mic_3spk/Eval/mic/mic_fileid_191_doa169_3spk.wav,ODAS-SSL-SST-DGSS-MS,separated,1,16.275375,313,/home/shaozi/ucl/code/audition_pipeline/ablation_study/baseline/ODAS/results/ODAS_n_loc+sep+pf/odas_outputs/fileid_191/odas_separated_preddoa303_slot1.wav,nearest_predicted_doa_to_spk1_gt_doa,1,303.4272638060627,9.572736193937317,2,/home/shaozi/ucl/code/audition_pipeline/data/dataset_4mic_3spk/Eval/text/text_fileid_191_doa313_spk1.txt,0.02631578947368421,1,38,5.877334207526945,-1.4547930216707192,-7.332127229197664,6.408580172679158,-30.356483873679046,-36.765064046358205,1.5958850383758545,1.5431325435638428,-0.05275249481201172,,I WILL GIVE YOU LETTERS TO CONDE AND RECOLLECT THAT WHATEVER GENERAL YOU TAKE SERVICE UNDER YOU WILL FOLLOW HIM WITHOUT PRETENDING TO CALCULATE HOW FAR HIS MOVEMENTS MAY BE RIGHT OR WRONG THAT IS NOT YOUR AFFAIR,"I will give you letters to Kanda, and recollect that whatever general you take service under, you will follow him without pretending to calculate how far his movements may be right or wrong. That is not your affair.",0.3139204199997039,0.3139204199997039,0.019288060643745775,0.019288060643745775,1
192,/home/shaozi/ucl/code/audition_pipeline/data/dataset_4mic_3spk/Eval/mic/mic_fileid_192_doa84_3spk.wav,ODAS-SSL-SST-DGSS-MS,separated,1,17.247,344,/home/shaozi/ucl/code/audition_pipeline/ablation_study/baseline/ODAS/results/ODAS_n_loc+sep+pf/odas_outputs/fileid_192/odas_separated_preddoa349_slot0.wav,nearest_predicted_doa_to_spk1_gt_doa,0,349.31268249960357,5.312682499603568,3,/home/shaozi/ucl/code/audition_pipeline/data/dataset_4mic_3spk/Eval/text/text_fileid_192_doa344_spk1.txt,0.14893617021276595,7,47,5.41971790372584,-0.29937187519804337,-5.719089778923884,4.402240926123562,-17.792682586818657,-22.194923512942218,1.193741798400879,1.1927837133407593,-0.0009580850601196289,,BEFORE THE NEGOTIATION WAS COMPLETED IT BEGAN TO GROW A LITTLE DUSK I DID NOT HASTEN IT FOR I LIKED WELL ENOUGH TO SIT AND HEAR HER TALK I WAS AMUSED WITH THE SORT OF BUSINESS TALENT SHE DISPLAYED EDWARD COULD NOT HAVE SHOWN HIMSELF MORE PRACTICAL,"Before the negotiation was completed, it began to grow in the dust. I did not hasten it, for I liked well enough to sit here for two hours. I was amused with the sort of business talent she displayed. Edward could not have shown himself more practical.",0.37497896300010325,0.37497896300010325,0.02174169206239365,0.02174169206239365,1
193,/home/shaozi/ucl/code/audition_pipeline/data/dataset_4mic_3spk/Eval/mic/mic_fileid_193_doa66_3spk.wav,ODAS-SSL-SST-DGSS-MS,separated,1,17.10325,110,/home/shaozi/ucl/code/audition_pipeline/ablation_study/baseline/ODAS/results/ODAS_n_loc+sep+pf/odas_outputs/fileid_193/odas_separated_preddoa084_slot2.wav,nearest_predicted_doa_to_spk1_gt_doa,2,83.83368980786817,26.166310192131846,2,/home/shaozi/ucl/code/audition_pipeline/data/dataset_4mic_3spk/Eval/text/text_fileid_193_doa110_spk1.txt,0.48148148148148145,26,54,6.199714152661555,-1.2494889202047195,-7.449203072866274,5.009453463631342,-32.046134118477184,-37.05558758210853,1.305565357208252,1.1738816499710083,-0.13168370723724365,,AT LENGTH HE RAISED HIS STIFFENED BODY AND STOOD UP DIZZY UP THE LITTLE WOODEN STAIRS HE WENT WHERE HE HAD NEVER BEEN BEFORE TO THE SMALL SQUARE LANDING ALMOST FILLED UP WITH THE GREAT CHEST FOR OAT CAKE HE BREATHED HARD FOR A MINUTE AND THEN KNOCKED AT THE DOOR OF SYLVIA'S ROOM,"We have been raised to certain volumes to the disease of the Littlewood and Stairy ones, where he had never been before. The small square land almost buzzed off with the bell just before hook to eat. He breathed hard for a minute and then knocked at the door of Sylvia's room.",0.4269707909988938,0.4269707909988938,0.02496430742688634,0.02496430742688634,1
194,/home/shaozi/ucl/code/audition_pipeline/data/dataset_4mic_3spk/Eval/mic/mic_fileid_194_doa63_3spk.wav,ODAS-SSL-SST-DGSS-MS,separated,1,17.115625,285,/home/shaozi/ucl/code/audition_pipeline/ablation_study/baseline/ODAS/results/ODAS_n_loc+sep+pf/odas_outputs/fileid_194/odas_separated_preddoa279_slot0.wav,nearest_predicted_doa_to_spk1_gt_doa,0,279.36765108155623,5.632348918443768,2,/home/shaozi/ucl/code/audition_pipeline/data/dataset_4mic_3spk/Eval/text/text_fileid_194_doa285_spk1.txt,0.2926829268292683,12,41,4.828340629035916,-1.6916370168283783,-6.519977645864294,4.548731689794879,-28.861412480273497,-33.41014417006838,1.1886365413665771,1.1694467067718506,-0.019189834594726562,,AND JACOB WE TOOK WITH US SOME OF THE BEST ANIMALS AND MY INTENTION WAS TO PROCEED AS RAPIDLY AS POSSIBLE TO THE HOUSE OF MISTER SUTTER AND RETURN TO MEET THE PARTY WITH A SUPPLY OF PROVISIONS AND FRESH ANIMALS,"And, J. G. G. We took with us some of the best enemies, for my intention was to proceed as rapidly as possible to bouse at Mr. Suggers and return to the party with a supply of provisions and French animals.",0.3609147639999719,0.3609147639999719,0.021086858586815957,0.021086858586815957,1
195,/home/shaozi/ucl/code/audition_pipeline/data/dataset_4mic_3spk/Eval/mic/mic_fileid_195_doa40_3spk.wav,ODAS-SSL-SST-DGSS-MS,separated,1,16.165875,177,/home/shaozi/ucl/code/audition_pipeline/ablation_study/baseline/ODAS/results/ODAS_n_loc+sep+pf/odas_outputs/fileid_195/odas_separated_preddoa223_slot0.wav,nearest_predicted_doa_to_spk1_gt_doa,0,223.10698158432845,46.10698158432845,2,/home/shaozi/ucl/code/audition_pipeline/data/dataset_4mic_3spk/Eval/text/text_fileid_195_doa177_spk1.txt,0.425,17,40,8.77112923059881,-1.9666795929347716,-10.73780882353358,8.336836485395928,-21.334996873744636,-29.671833359140564,1.5663405656814575,1.3930600881576538,-0.1732804775238037,,YOU MIGHT WANT TO THINK IT OVER BEFORE ACCEPTING AS FOR ME I PASSED A HAND OVER MY BROW WHERE BEADS OF COLD SWEAT WERE BUSY FORMING LET'S THINK THIS OVER I SAID TO MYSELF AND LET'S TAKE OUR TIME,"I want to think it over before accepting it. As for me, I've passed a handle on my brow, as it will beat the cold sweat with each woman. Let's think this over and accept myself. And let's take our time.",0.36677188700014085,0.36677188700014085,0.022688031857238836,0.022688031857238836,1
196,/home/shaozi/ucl/code/audition_pipeline/data/dataset_4mic_3spk/Eval/mic/mic_fileid_196_doa50_3spk.wav,ODAS-SSL-SST-DGSS-MS,separated,1,15.86525,357,/home/shaozi/ucl/code/audition_pipeline/ablation_study/baseline/ODAS/results/ODAS_n_loc+sep+pf/odas_outputs/fileid_196/odas_separated_preddoa336_slot1.wav,nearest_predicted_doa_to_spk1_gt_doa,1,336.15307136155155,20.846928638448446,3,/home/shaozi/ucl/code/audition_pipeline/data/dataset_4mic_3spk/Eval/text/text_fileid_196_doa357_spk1.txt,0.9069767441860465,39,43,5.333932511933499,-0.059051490454581856,-5.392984002388081,3.8625658895785424,-20.491284624627724,-24.353850514206265,1.2211028337478638,1.0669487714767456,-0.15415406227111816,,BUT THEY WENT AT IT WITH THAT MIXTURE OF RECKLESSNESS AND INDUSTRY THAT LIVES WHEN YOUTH IS IN A HOUSE AND YOUTH WAS IN THAT HOUSE THAT NIGHT THOUGH NOT ALL MAY HAVE ISOLATED THE TWO FACES AND HEARTS FROM WHICH IT FLAMED,Parts from which it flamed.,0.07993115199860767,0.07993115199860767,0.005038127479781767,0.005038127479781767,1
197,/home/shaozi/ucl/code/audition_pipeline/data/dataset_4mic_3spk/Eval/mic/mic_fileid_197_doa7_3spk.wav,ODAS-SSL-SST-DGSS-MS,separated,1,17.188125,318,/home/shaozi/ucl/code/audition_pipeline/ablation_study/baseline/ODAS/results/ODAS_n_loc+sep+pf/odas_outputs/fileid_197/odas_separated_preddoa318_slot1.wav,nearest_predicted_doa_to_spk1_gt_doa,1,317.7910993211776,0.20890067882237418,3,/home/shaozi/ucl/code/audition_pipeline/data/dataset_4mic_3spk/Eval/text/text_fileid_197_doa318_spk1.txt,0.25,10,40,4.524730057567831,-1.3569352218902107,-5.881665279458042,3.603028993491172,-24.576012048972515,-28.179041042463687,1.2471232414245605,1.2930954694747925,0.045972228050231934,,BEING A STRONG AND VIGOROUS VILLAIN HOWEVER HE CLUNG TENACIOUSLY TO HIS OAR AND EVEN UNBUCKLING HIS LEATHER BELT PASSED IT ROUND THE SLIP OF WOOD THAT WAS HIS SALVATION GIRDING HIMSELF TO IT AS FIRMLY AS HE WAS ABLE,"Being a strong figure is however, long tenaciously to his oar, and even unbuckling his leather belt, past it rounds a slip of wood that was his salvation, but earning himself to it as firmly as he was able.",0.3268272360000992,0.3268272360000992,0.019014711377773854,0.019014711377773854,1
198,/home/shaozi/ucl/code/audition_pipeline/data/dataset_4mic_3spk/Eval/mic/mic_fileid_198_doa5_3spk.wav,ODAS-SSL-SST-DGSS-MS,separated,1,16.57175,109,/home/shaozi/ucl/code/audition_pipeline/ablation_study/baseline/ODAS/results/ODAS_n_loc+sep+pf/odas_outputs/fileid_198/odas_separated_preddoa110_slot1.wav,nearest_predicted_doa_to_spk1_gt_doa,1,109.8192872480865,0.8192872480864821,2,/home/shaozi/ucl/code/audition_pipeline/data/dataset_4mic_3spk/Eval/text/text_fileid_198_doa109_spk1.txt,0.16666666666666666,6,36,3.669616950866061,-1.6795675364431033,-5.349184487309165,2.987196306465667,-25.148872714825238,-28.136069021290904,1.1493959426879883,1.1758533716201782,0.02645742893218994,,GENERAL WHEELER GUIDED BY THE CUBANS RECONNOITRED THIS TRAIL ON THE TWENTY THIRD OF JUNE AND WITH THE POSITION OF THE ENEMY FULLY EXPLAINED TO HIM RETURNED TO SIBONEY AND INFORMED GENERAL YOUNG AND COLONEL WOOD,"General Wheeler, guided by the Cubans, reconointed this trail on the 23rd of June, and with the position of the enemy before they explained to him, returned to Cibone and informed General Young and Colonel Wood.",0.3272149399999762,0.3272149399999762,0.01974534614630176,0.01974534614630176,1
199,/home/shaozi/ucl/code/audition_pipeline/data/dataset_4mic_3spk/Eval/mic/mic_fileid_199_doa56_3spk.wav,ODAS-SSL-SST-DGSS-MS,separated,1,17.348875,56,/home/shaozi/ucl/code/audition_pipeline/ablation_study/baseline/ODAS/results/ODAS_n_loc+sep+pf/odas_outputs/fileid_199/odas_separated_preddoa071_slot2.wav,nearest_predicted_doa_to_spk1_gt_doa,2,71.40932131249976,15.409321312499742,3,/home/shaozi/ucl/code/audition_pipeline/data/dataset_4mic_3spk/Eval/text/text_fileid_199_doa56_spk1.txt,0.7567567567567568,28,37,4.946588300214957,-0.4401798249948582,-5.386768125209815,3.4747518980330843,-25.32453434620672,-28.799286244239802,1.238616704940796,1.1763638257980347,-0.06225287914276123,,HE NEVER HESITATED ABOUT PLACING IT ON A BLACK KEY WHEN CONVENIENT AND HAD IT PASSED BY MUSCLE ACTION ALONE IN SCALES AND BROKEN CHORDS WHOSE ZEALOUS PRACTICE IN DIFFERENT FORMS OF TOUCH ACCENT RHYTHM AND TONE,"It's on a black key and we're doing it in a past by muscle action alone in scales and broken chords. Who's unsalable? I'm trapped by the average engineer, such as him. I've sent rhythms and tones.",0.34822364100000414,0.34822364100000414,0.020071828346218654,0.020071828346218654,1
200,/home/shaozi/ucl/code/audition_pipeline/data/dataset_4mic_3spk/Eval/mic/mic_fileid_200_doa103_3spk.wav,ODAS-SSL-SST-DGSS-MS,separated,1,17.266,228,/home/shaozi/ucl/code/audition_pipeline/ablation_study/baseline/ODAS/results/ODAS_n_loc+sep+pf/odas_outputs/fileid_200/odas_separated_preddoa229_slot1.wav,nearest_predicted_doa_to_spk1_gt_doa,1,228.75902914455747,0.7590291445574735,2,/home/shaozi/ucl/code/audition_pipeline/data/dataset_4mic_3spk/Eval/text/text_fileid_200_doa228_spk1.txt,0.0,0,46,2.91681982683035,-3.020466375169824,-5.937286202000173,2.8016433053370786,-22.5863924686244,-25.388035773961477,1.431366205215454,1.3491168022155762,-0.08224940299987793,,AND MERELY WHISPERED AS HE GAVE HER THE PARTING LIFT DON'T TELL THE ONLY ANSWER THE PRINCESS RETURNED WAS A ROGUISH LOOK SHE WAS ALREADY A YARD ABOVE HIS HEAD THE LOOK SEEMED TO SAY NEVER FEAR IT IS TOO GOOD FUN TO SPOIL THAT WAY,"And merely whispered as he gave her the parting lift, Don't tell. The only answer the princess returned was a roguish look. She was already a yard above his head. The look seemed to say, never fear, It is too good fun to spoil that way.",0.4182185200006643,0.4182185200006643,0.02422208502262622,0.02422208502262622,1
201,/home/shaozi/ucl/code/audition_pipeline/data/dataset_4mic_3spk/Eval/mic/mic_fileid_201_doa27_3spk.wav,ODAS-SSL-SST-DGSS-MS,separated,1,15.931625,27,/home/shaozi/ucl/code/audition_pipeline/ablation_study/baseline/ODAS/results/ODAS_n_loc+sep+pf/odas_outputs/fileid_201/odas_separated_preddoa021_slot2.wav,nearest_predicted_doa_to_spk1_gt_doa,2,21.211213019049406,5.78878698095059,2,/home/shaozi/ucl/code/audition_pipeline/data/dataset_4mic_3spk/Eval/text/text_fileid_201_doa27_spk1.txt,0.08823529411764706,3,34,5.981041899837334,-1.075604101328863,-7.056646001166197,5.0684400556404094,-23.170510440038402,-28.23895049567881,1.2257747650146484,1.1748011112213135,-0.05097365379333496,,HOLLAND ALONE CONTAINED EIGHTEEN CITIES EACH OF WHICH WAS FOR MANY PURPOSES AN INDEPENDENT STATE JEALOUS OF ALL INTERFERENCE FROM WITHOUT IF THE RULERS OF SUCH A CITY RECEIVED FROM THE HAGUE AN ORDER,"And alone contained 18 cities, each of which was, for many purposes, an independent state jealous of all interference from without. If the rulers of such a city receive from the Hague an order,",0.2865857069991762,0.2865857069991762,0.01798847932958353,0.01798847932958353,1
202,/home/shaozi/ucl/code/audition_pipeline/data/dataset_4mic_3spk/Eval/mic/mic_fileid_202_doa79_3spk.wav,ODAS-SSL-SST-DGSS-MS,separated,1,11.3505,293,/home/shaozi/ucl/code/audition_pipeline/ablation_study/baseline/ODAS/results/ODAS_n_loc+sep+pf/odas_outputs/fileid_202/odas_separated_preddoa224_slot2.wav,nearest_predicted_doa_to_spk1_gt_doa,2,224.15208558032714,68.84791441967286,3,/home/shaozi/ucl/code/audition_pipeline/data/dataset_4mic_3spk/Eval/text/text_fileid_202_doa293_spk1.txt,0.18181818181818182,4,22,6.216226807317985,-0.8106009719970504,-7.026827779315035,5.7613976652827725,-18.456133864718854,-24.217531530001626,1.3669347763061523,1.2945643663406372,-0.07237040996551514,,WHAT KIND OF AN ACCIDENT WAS IT REDCOAT AND HOW DID IT HAPPEN HE ASKED BROADWING THE HAWK TRIED TO CATCH ME,"What kind of an accident was it, Redcott? And how did it happen? Yes. The hawk tried to catch me.",0.2228332329996192,0.2228332329996192,0.019632019118066977,0.019632019118066977,1
203,/home/shaozi/ucl/code/audition_pipeline/data/dataset_4mic_3spk/Eval/mic/mic_fileid_203_doa25_3spk.wav,ODAS-SSL-SST-DGSS-MS,separated,1,16.812,88,/home/shaozi/ucl/code/audition_pipeline/ablation_study/baseline/ODAS/results/ODAS_n_loc+sep+pf/odas_outputs/fileid_203/odas_separated_preddoa093_slot0.wav,nearest_predicted_doa_to_spk1_gt_doa,0,92.77594421901439,4.775944219014377,3,/home/shaozi/ucl/code/audition_pipeline/data/dataset_4mic_3spk/Eval/text/text_fileid_203_doa88_spk1.txt,0.2702702702702703,10,37,5.9352999448030825,-1.7471958845324822,-7.682495829335565,5.707818816803858,-38.040650409334646,-43.7484692261385,1.519679069519043,1.295413613319397,-0.224265456199646,,HE WAS READY TO SERVE HIS GUESTS BEFORE HE FORWARDED HIS OWN WIRELESS NOTES JUST TELL MY WIFE THAT I'M ENJOYING MYSELF REQUESTED MISTER DAMON BLESS MY FOOTSTOOL BUT THIS IS GREAT WE'RE OFF THE EARTH YET,"He's ready to serve his guests, not before he forwarded his own wireless notes. Just tell my wife that I'm enjoying myself. Requested Mr. Day. Bless my foots to rot. This is the trick. We're off the earth yet.",0.393401523000648,0.393401523000648,0.023400043005034975,0.023400043005034975,1
204,/home/shaozi/ucl/code/audition_pipeline/data/dataset_4mic_3spk/Eval/mic/mic_fileid_204_doa190_3spk.wav,ODAS-SSL-SST-DGSS-MS,separated,1,16.302375,190,/home/shaozi/ucl/code/audition_pipeline/ablation_study/baseline/ODAS/results/ODAS_n_loc+sep+pf/odas_outputs/fileid_204/odas_separated_preddoa192_slot0.wav,nearest_predicted_doa_to_spk1_gt_doa,0,191.52779102071483,1.5277910207148295,3,/home/shaozi/ucl/code/audition_pipeline/data/dataset_4mic_3spk/Eval/text/text_fileid_204_doa190_spk1.txt,0.2702702702702703,10,37,5.163913290230449,-0.596193809475908,-5.7601070997063575,4.592440817200144,-38.35600146683327,-42.94844228403341,1.216779112815857,1.1459301710128784,-0.07084894180297852,,HE WORE A BLOUSE AND UNDER HIS BLOUSE AN OLD BLACK COAT HE MADE PRETENSIONS TO LITERATURE AND TO MATERIALISM THERE WERE CERTAIN NAMES WHICH HE OFTEN PRONOUNCED TO SUPPORT WHATEVER THINGS HE MIGHT BE SAYING VOLTAIRE,"Under his brows an old black coat. He made pretensions to literature and to materialism, to wear certain names which he often proud of to support whatever things he might be saying. Voltaire.",0.2945412760000181,0.2945412760000181,0.01806738441484864,0.01806738441484864,1
205,/home/shaozi/ucl/code/audition_pipeline/data/dataset_4mic_3spk/Eval/mic/mic_fileid_205_doa68_3spk.wav,ODAS-SSL-SST-DGSS-MS,separated,1,18.043125,262,/home/shaozi/ucl/code/audition_pipeline/ablation_study/baseline/ODAS/results/ODAS_n_loc+sep+pf/odas_outputs/fileid_205/odas_separated_preddoa179_slot2.wav,nearest_predicted_doa_to_spk1_gt_doa,2,178.5757224121758,83.4242775878242,3,/home/shaozi/ucl/code/audition_pipeline/data/dataset_4mic_3spk/Eval/text/text_fileid_205_doa262_spk1.txt,0.46808510638297873,22,47,4.833656059862879,-0.2037850753535081,-5.037441135216387,3.7811612863404633,-23.076218087833816,-26.85737937417428,1.1462063789367676,1.0735701322555542,-0.07263624668121338,,CAME VERY NEAR ENDING AS A COMPLETE CYNIC THOUGH IN WHAT F P A WOULD CALL HIS LASTLINE HE MANAGED TO WRIGGLE INTO A MORE HOPEFUL MOOD THE FIRST VALUABLE DISCOVERY THAT THE COLYUMIST IS LIKELY TO MAKE IS THAT ALL MINDS ARE VERY MUCH THE SAME,"Came to linear and went as a joint state. Though in what FCA would pass its last line, he managed to drizzle into a new. The first violent discovery that I can realize is likely to make is that all lines are very much the same.",0.36056309299965505,0.36056309299965505,0.019983406034135166,0.019983406034135166,1
206,/home/shaozi/ucl/code/audition_pipeline/data/dataset_4mic_3spk/Eval/mic/mic_fileid_206_doa56_3spk.wav,ODAS-SSL-SST-DGSS-MS,separated,1,16.533875,56,/home/shaozi/ucl/code/audition_pipeline/ablation_study/baseline/ODAS/results/ODAS_n_loc+sep+pf/odas_outputs/fileid_206/odas_separated_preddoa059_slot0.wav,nearest_predicted_doa_to_spk1_gt_doa,0,59.209554179514605,3.209554179514612,3,/home/shaozi/ucl/code/audition_pipeline/data/dataset_4mic_3spk/Eval/text/text_fileid_206_doa56_spk1.txt,0.20512820512820512,8,39,4.822520400286234,-0.5534482757453756,-5.37596867603161,4.148869984737315,-20.634094521068654,-24.78296450580597,1.2804919481277466,1.2503440380096436,-0.030147910118103027,,IN THE MONTH OF APRIL EIGHTEEN FORTY NINE ROME AS YOU ARE NO DOUBT AWARE WAS PLACED IN A STATE OF SIEGE BY THE APPROACH OF THE FRENCH ARMY IT WAS FILLED AT THAT TIME WITH EXILES AND FUGITIVES,"April, 1849, Rome, as you are no doubt aware, was placed in a state of siege by the approach of the French Armoured. It was filled at that time with exiles and fugitives.",0.2946583360007935,0.2946583360007935,0.017821492904766336,0.017821492904766336,1
207,/home/shaozi/ucl/code/audition_pipeline/data/dataset_4mic_3spk/Eval/mic/mic_fileid_207_doa138_3spk.wav,ODAS-SSL-SST-DGSS-MS,separated,1,16.808125,204,/home/shaozi/ucl/code/audition_pipeline/ablation_study/baseline/ODAS/results/ODAS_n_loc+sep+pf/odas_outputs/fileid_207/odas_separated_preddoa224_slot2.wav,nearest_predicted_doa_to_spk1_gt_doa,2,223.5037933398565,19.503793339856486,3,/home/shaozi/ucl/code/audition_pipeline/data/dataset_4mic_3spk/Eval/text/text_fileid_207_doa204_spk1.txt,0.1794871794871795,7,39,5.5980338384307915,-1.3009121004672632,-6.898945938898055,4.82528934480429,-27.569725888416592,-32.39501523322088,1.18806791305542,1.1040292978286743,-0.0840386152267456,,I AM SURE I HAVE NOT MET ONE AND REALLY DO NOT KNOW OF ONE THE PRESS IS RESPONSIBLE FOR MANY POPULAR ERRORS WHENEVER AN INDIAN INDULGES IN ANY NOTORIOUS MISBEHAVIOR HE IS WIDELY HERALDED AS A CARLISLE GRADUATE,"I am not an airmaid and really do not know a point. The press is responsible for many popular errors. Whenever an Indian indulges in any notorious misbehavior, he is widely heralded as a Carlisle graduate.",0.3289618549988518,0.3289618549988518,0.019571597367276348,0.019571597367276348,1
208,/home/shaozi/ucl/code/audition_pipeline/data/dataset_4mic_3spk/Eval/mic/mic_fileid_208_doa73_3spk.wav,ODAS-SSL-SST-DGSS-MS,separated,1,16.723375,276,/home/shaozi/ucl/code/audition_pipeline/ablation_study/baseline/ODAS/results/ODAS_n_loc+sep+pf/odas_outputs/fileid_208/odas_separated_preddoa276_slot1.wav,nearest_predicted_doa_to_spk1_gt_doa,1,276.0965902998166,0.0965902998166257,3,/home/shaozi/ucl/code/audition_pipeline/data/dataset_4mic_3spk/Eval/text/text_fileid_208_doa276_spk1.txt,0.15,6,40,6.384516032580759,-2.1332282729248946,-8.517744305505653,5.303931246182333,-41.98356611350241,-47.28749735968474,1.252082109451294,1.2229560613632202,-0.02912604808807373,,AROUND MANY OF THEM GREW CLUSTERS OF STRANGE AND COLORFUL SEAWEEDS THAT WAVED THEIR BANNERS GENTLY AS THOUGH SOME IMPERCEPTIBLE CURRENT DALLIED WITH THEM IN PASSING HERE AND THERE FIGURES MOVED SLIM WHITE FIGURES THAT STROLLED ALONG THE NARROW STREET,"Many of them grew clusters of strange and colorful seed nuts that waved their bends gently, as though some imperceptible current allied with them in passing. Here and there, figures move, slim white figures that strolled along the narrow street.",0.32510053099940706,0.32510053099940706,0.01943988764226163,0.01943988764226163,1
209,/home/shaozi/ucl/code/audition_pipeline/data/dataset_4mic_3spk/Eval/mic/mic_fileid_209_doa17_3spk.wav,ODAS-SSL-SST-DGSS-MS,separated,1,16.038375,82,/home/shaozi/ucl/code/audition_pipeline/ablation_study/baseline/ODAS/results/ODAS_n_loc+sep+pf/odas_outputs/fileid_209/odas_separated_preddoa087_slot1.wav,nearest_predicted_doa_to_spk1_gt_doa,1,87.19536060380197,5.195360603801987,3,/home/shaozi/ucl/code/audition_pipeline/data/dataset_4mic_3spk/Eval/text/text_fileid_209_doa82_spk1.txt,0.20588235294117646,7,34,5.752335035421874,-0.5275589089597273,-6.279893944381601,4.935816367317054,-58.814604356885866,-63.75042072420292,1.3272008895874023,1.2056924104690552,-0.12150847911834717,,UNDOUBTEDLY IT WAS WAS HE NOT AN EMIGRANT THEN WHAT DID HE CALL HIMSELF NOT AN EMIGRANT HE HOPED WITHIN THE SENSE AND SPIRIT OF THE LAW WHY NOT THE PRESIDENT DESIRED TO KNOW,Is he not an emigrant then? What did he call himself? Not an emigrant he spoke within the sense of spirit of the law. Why not the president desire to know?,0.2854342379996524,0.2854342379996524,0.01779695499074267,0.01779695499074267,1
210,/home/shaozi/ucl/code/audition_pipeline/data/dataset_4mic_3spk/Eval/mic/mic_fileid_210_doa278_3spk.wav,ODAS-SSL-SST-DGSS-MS,separated,1,17.54375,312,/home/shaozi/ucl/code/audition_pipeline/ablation_study/baseline/ODAS/results/ODAS_n_loc+sep+pf/odas_outputs/fileid_210/odas_separated_preddoa290_slot1.wav,nearest_predicted_doa_to_spk1_gt_doa,1,290.2065060977881,21.79349390221188,3,/home/shaozi/ucl/code/audition_pipeline/data/dataset_4mic_3spk/Eval/text/text_fileid_210_doa312_spk1.txt,0.8571428571428571,24,28,5.01463152734936,-1.438285231960972,-6.452916759310332,3.807173009656996,-22.06480742113953,-25.871980430796526,1.301007866859436,1.2283780574798584,-0.07262980937957764,,HONESTY GRANTING THAT IT IS THE VIRTUE OF WHICH WE CANNOT RID OURSELVES WE FREE SPIRITS WELL WE WILL LABOUR AT IT WITH ALL OUR PERVERSITY AND LOVE,"Honestly, granting it is the virtue of being able to stand from the nobility's well we will labor at it with all our perversities and love. The influential insurance company. The father opened his heart to the onlooker.",0.3240538440004457,0.3240538440004457,0.01847118455292886,0.01847118455292886,1
211,/home/shaozi/ucl/code/audition_pipeline/data/dataset_4mic_3spk/Eval/mic/mic_fileid_211_doa55_3spk.wav,ODAS-SSL-SST-DGSS-MS,separated,1,16.946375,55,/home/shaozi/ucl/code/audition_pipeline/ablation_study/baseline/ODAS/results/ODAS_n_loc+sep+pf/odas_outputs/fileid_211/odas_separated_preddoa068_slot0.wav,nearest_predicted_doa_to_spk1_gt_doa,0,67.84716072135367,12.847160721353674,2,/home/shaozi/ucl/code/audition_pipeline/data/dataset_4mic_3spk/Eval/text/text_fileid_211_doa55_spk1.txt,0.425,17,40,4.639455992513801,-3.32963508306978,-7.969091075583581,4.093773628818276,-13.552291904941194,-17.64606553375947,1.1836555004119873,1.1567624807357788,-0.026893019676208496,,OR WHICH THEY REGARDED AS SOME SET OFF AGAINST THEIR SWOLLEN ACCOUNT OF CRUEL RAGE NO MAN CAN DECIDE NOW TO WHICH OF THESE MOTIVES SUCH EXTRAORDINARY SCENES WERE REFERABLE IT IS PROBABLE TO A BLENDING OF ALL THE THREE,They all watch they were guarded as some set off because they're stolen account of cool age. No man can decide now to which of these motives such extrovertedly were seen to a referral. It is probable to a blending of all three.,0.41916304400001536,0.41916304400001536,0.02473467299053723,0.02473467299053723,1
212,/home/shaozi/ucl/code/audition_pipeline/data/dataset_4mic_3spk/Eval/mic/mic_fileid_212_doa75_3spk.wav,ODAS-SSL-SST-DGSS-MS,separated,1,17.354375,293,/home/shaozi/ucl/code/audition_pipeline/ablation_study/baseline/ODAS/results/ODAS_n_loc+sep+pf/odas_outputs/fileid_212/odas_separated_preddoa291_slot2.wav,nearest_predicted_doa_to_spk1_gt_doa,2,290.90670355403006,2.0932964459699406,3,/home/shaozi/ucl/code/audition_pipeline/data/dataset_4mic_3spk/Eval/text/text_fileid_212_doa293_spk1.txt,0.8108108108108109,30,37,4.20180509545021,-0.40849538156780435,-4.610300477018014,3.1557019311133256,-39.957913986774344,-43.11361591788767,1.3957293033599854,1.1586060523986816,-0.2371232509613037,,GOD DID NOT MIND THEM AND THAT WAS A VERY COMFORTING REFLECTION FOR POOR WEAK PEOPLE LIKE HIMSELF TO GO ON TRYING WAS POSSIBLE EVEN FOR HIM ALTHOUGH HE KNEW HE COULD NOT ALWAYS PROMISE HIMSELF SUCCESS,He could not always promise himself success.,0.08084661300017615,0.08084661300017615,0.004658572434914893,0.004658572434914893,1
213,/home/shaozi/ucl/code/audition_pipeline/data/dataset_4mic_3spk/Eval/mic/mic_fileid_213_doa78_3spk.wav,ODAS-SSL-SST-DGSS-MS,separated,1,16.950375,181,/home/shaozi/ucl/code/audition_pipeline/ablation_study/baseline/ODAS/results/ODAS_n_loc+sep+pf/odas_outputs/fileid_213/odas_separated_preddoa191_slot0.wav,nearest_predicted_doa_to_spk1_gt_doa,0,191.4238656111994,10.423865611199403,3,/home/shaozi/ucl/code/audition_pipeline/data/dataset_4mic_3spk/Eval/text/text_fileid_213_doa181_spk1.txt,0.7948717948717948,31,39,4.0403653950798635,-2.2307412916392093,-6.271106686719072,3.7364833920272105,-41.643057130133585,-45.379540522160795,1.1721863746643066,1.1449172496795654,-0.02726912498474121,,I HAD COME TO SEE YOU WITH THE HOPE THAT YOU WOULD LET ME BRING YOU OVER TO MY CONVICTION MY REASONS FOR ENTERTAINING THIS HOPE HAD BEEN OF THE BEST BUT YOU DISAPPOINTED IT I FOUND YOU CHANGED,"I have a high desire for the hope that you would let me bring you over to my conviction. The old man remained motionless. He felt insubstantial and continued his heart. I've been a capacity, but I'm disciplined. I found your change. I'm not hungry head.",0.4374990309988789,0.4374990309988789,0.02581058124076186,0.02581058124076186,1
214,/home/shaozi/ucl/code/audition_pipeline/data/dataset_4mic_3spk/Eval/mic/mic_fileid_214_doa74_3spk.wav,ODAS-SSL-SST-DGSS-MS,separated,1,16.985,74,/home/shaozi/ucl/code/audition_pipeline/ablation_study/baseline/ODAS/results/ODAS_n_loc+sep+pf/odas_outputs/fileid_214/odas_separated_preddoa072_slot0.wav,nearest_predicted_doa_to_spk1_gt_doa,0,72.11440142212513,1.8855985778748732,3,/home/shaozi/ucl/code/audition_pipeline/data/dataset_4mic_3spk/Eval/text/text_fileid_214_doa74_spk1.txt,0.2558139534883721,11,43,4.066474200239167,-0.6374717648629757,-4.703945965102143,3.9813624323343606,-15.986707504876483,-19.968069937210842,1.2412300109863281,1.213135004043579,-0.028095006942749023,,IN THE FIRST SENTIMENT OF KINDNESS ANTICIPATES ALREADY A BENEVOLENCE WHICH SHALL LOSE ALL PARTICULAR REGARDS IN ITS GENERAL LIGHT THE INTRODUCTION TO THIS FELICITY IS IN A PRIVATE AND TENDER RELATION OF ONE TO ONE WHICH IS THE ENCHANTMENT OF HUMAN LIFE,The first sentiment of kindness anticipates already of the neveless which will lose all particular regard to the general light. The introduction to this felicity is in a private and tender relation of one to one which is the enchanted of the human mind.,0.34704677000081574,0.34704677000081574,0.02043254459822289,0.02043254459822289,1
215,/home/shaozi/ucl/code/audition_pipeline/data/dataset_4mic_3spk/Eval/mic/mic_fileid_215_doa77_3spk.wav,ODAS-SSL-SST-DGSS-MS,separated,1,15.942625,169,/home/shaozi/ucl/code/audition_pipeline/ablation_study/baseline/ODAS/results/ODAS_n_loc+sep+pf/odas_outputs/fileid_215/odas_separated_preddoa168_slot1.wav,nearest_predicted_doa_to_spk1_gt_doa,1,168.07621172454813,0.9237882754518694,3,/home/shaozi/ucl/code/audition_pipeline/data/dataset_4mic_3spk/Eval/text/text_fileid_215_doa169_spk1.txt,0.23684210526315788,9,38,6.345726423541138,-1.243013779719883,-7.588740203261021,6.290001946067163,-21.059625217336972,-27.349627163404136,1.2865018844604492,1.177140474319458,-0.10936141014099121,,AND LIGHTLY HE TOOK HIS HORSE WITH THE SPURS AND DEPARTED AS FAST AS HE MIGHT AND WHEN SIR MALEAGANS SAW HIM SO FLEE HE UNDERSTOOD THAT IT WAS BY THE QUEEN'S COMMANDMENT FOR TO WARN SIR LAUNCELOT,"And they were related to his words with the Spurs, and departed as fast as he liked. And when Sir Maligan saw him so flea, he understood that it was by the Queen's commandment for to warn Sir Lanzelot.",0.3378097720014921,0.3378097720014921,0.021189093515120133,0.021189093515120133,1
216,/home/shaozi/ucl/code/audition_pipeline/data/dataset_4mic_3spk/Eval/mic/mic_fileid_216_doa82_3spk.wav,ODAS-SSL-SST-DGSS-MS,separated,1,16.788,334,/home/shaozi/ucl/code/audition_pipeline/ablation_study/baseline/ODAS/results/ODAS_n_loc+sep+pf/odas_outputs/fileid_216/odas_separated_preddoa335_slot2.wav,nearest_predicted_doa_to_spk1_gt_doa,2,335.183812762083,1.1838127620829937,3,/home/shaozi/ucl/code/audition_pipeline/data/dataset_4mic_3spk/Eval/text/text_fileid_216_doa334_spk1.txt,0.4583333333333333,22,48,5.559182379429365,-1.7581081806130268,-7.317290560042392,5.664369359519428,-33.64223276502442,-39.30660212454384,1.165594458580017,1.4002561569213867,0.23466169834136963,,WHAT WOULD THEY SAY IN HEREFORDSHIRE I DON'T KNOW WHY THEY SHOULD SAY ANYTHING BUT IF THEY DID I SHOULDN'T MUCH CARE I SHOULD MY DEAR I SHOULD CARE VERY MUCH ONE IS BOUND TO THINK OF ONE'S FAMILY SUPPOSE IT SHOULD TURN OUT AFTERWARDS THAT HE WAS,"I should, my dear. I should care very much. One is bound to think of one's family. Suppose it should turn out afterwards that he was...",0.21345037200080696,0.21345037200080696,0.01271446104365064,0.01271446104365064,1
217,/home/shaozi/ucl/code/audition_pipeline/data/dataset_4mic_3spk/Eval/mic/mic_fileid_217_doa95_3spk.wav,ODAS-SSL-SST-DGSS-MS,separated,1,16.736,285,/home/shaozi/ucl/code/audition_pipeline/ablation_study/baseline/ODAS/results/ODAS_n_loc+sep+pf/odas_outputs/fileid_217/odas_separated_preddoa281_slot2.wav,nearest_predicted_doa_to_spk1_gt_doa,2,281.1304688484267,3.8695311515733124,3,/home/shaozi/ucl/code/audition_pipeline/data/dataset_4mic_3spk/Eval/text/text_fileid_217_doa285_spk1.txt,0.19444444444444445,7,36,5.383208318252844,-2.5348747980523467,-7.918083116305191,4.051237892367732,-22.761527203141405,-26.812765095509135,1.2126604318618774,1.169942021369934,-0.04271841049194336,,WENT INTO THE HUT AND SQUATTING DOWN BY THE FIRE BEGAN TO WARM ITSELF AND THE PRIEST WITH RENEWED FERVOUR RECITED HIS PRAYERS AND STRUCK HIS BELL BEFORE THE IMAGE OF BUDDHA LOOKING STRAIGHT BEFORE HIM,"He went into the hut and, squatting down by the fire, began to warm itself, and the priest with renewed furbourg recited his prayers and struck his bed before the image of Buddha, looking straight at the four faces.",0.30612820200076385,0.30612820200076385,0.01829159906792327,0.01829159906792327,1
218,/home/shaozi/ucl/code/audition_pipeline/data/dataset_4mic_3spk/Eval/mic/mic_fileid_218_doa157_3spk.wav,ODAS-SSL-SST-DGSS-MS,separated,1,15.4425,157,/home/shaozi/ucl/code/audition_pipeline/ablation_study/baseline/ODAS/results/ODAS_n_loc+sep+pf/odas_outputs/fileid_218/odas_separated_preddoa161_slot0.wav,nearest_predicted_doa_to_spk1_gt_doa,0,160.6158810461172,3.6158810461172095,2,/home/shaozi/ucl/code/audition_pipeline/data/dataset_4mic_3spk/Eval/text/text_fileid_218_doa157_spk1.txt,0.6153846153846154,24,39,5.210198468908883,-0.39057870809405654,-5.60077717700294,5.0160912340809904,-13.624586702618068,-18.640677936699056,1.4520350694656372,1.245825171470642,-0.20620989799499512,,AND IT TOOK ONLY A FEW MINUTES EVERY TWELVE HOURS I HAD A MOMENT WITH CARTER IN THE ISOLATION OF HIS CHART ROOM THIS VOYAGE GREGG I'M GETTING LIKE YOU TOO FANCIFUL WE'VE A NORMAL GROUP OF PASSENGERS APPARENTLY,I have a woman with cardin and an isolationist chart. This is voyage! I'm getting like you. Too fanciful. With normal group of passers apparently.,0.28052113500052656,0.28052113500052656,0.018165525983521228,0.018165525983521228,1
219,/home/shaozi/ucl/code/audition_pipeline/data/dataset_4mic_3spk/Eval/mic/mic_fileid_219_doa56_3spk.wav,ODAS-SSL-SST-DGSS-MS,separated,1,15.801625,56,/home/shaozi/ucl/code/audition_pipeline/ablation_study/baseline/ODAS/results/ODAS_n_loc+sep+pf/odas_outputs/fileid_219/odas_separated_preddoa055_slot1.wav,nearest_predicted_doa_to_spk1_gt_doa,1,54.896722733235535,1.1032772667644508,3,/home/shaozi/ucl/code/audition_pipeline/data/dataset_4mic_3spk/Eval/text/text_fileid_219_doa56_spk1.txt,0.2727272727272727,9,33,6.829838149598197,-0.5870979791702086,-7.4169361287684055,5.923015272595215,-25.315818270552374,-31.23883354314759,1.1648845672607422,1.1315624713897705,-0.03332209587097168,,THEY WERE SAD AND DOWNHEARTED IN ALL THAT MISERY THE POOR ATTORNEY HAD THE WORST OF IT MARY WAS FREE FROM HER STEPMOTHER'S ZEAL AND HER STEPMOTHER'S PERSECUTION AT ANY RATE AT NIGHT,"In all that misery, poor attorney had the worst of this. Mary was freed from her stepmother's seal and her stepmother's persecution at any rate at night.",0.23410349799996766,0.23410349799996766,0.014815153378210637,0.014815153378210637,1
220,/home/shaozi/ucl/code/audition_pipeline/data/dataset_4mic_3spk/Eval/mic/mic_fileid_220_doa23_3spk.wav,ODAS-SSL-SST-DGSS-MS,separated,1,16.75725,237,/home/shaozi/ucl/code/audition_pipeline/ablation_study/baseline/ODAS/results/ODAS_n_loc+sep+pf/odas_outputs/fileid_220/odas_separated_preddoa237_slot0.wav,nearest_predicted_doa_to_spk1_gt_doa,0,237.02287396980307,0.022873969803072214,3,/home/shaozi/ucl/code/audition_pipeline/data/dataset_4mic_3spk/Eval/text/text_fileid_220_doa237_spk1.txt,0.06666666666666667,2,30,6.0091538720096915,-1.239041806250125,-7.248195678259816,5.347830439128007,-44.59703521531195,-49.94486565443995,1.737616777420044,1.6865065097808838,-0.051110267639160156,,BUT TELL ME ALL ABOUT IT WHY DO YOU WISH TO KNOW ASKED CAVALCANTI WHAT DO YOU AGAIN DEFY ME NO THE FACT IS I HAVE FOUND MY FATHER WHAT,"But tell me all about it. Why do you wish to know? Ask Gabelkutty. What? Do you again defy me? No. The fact is, I have found my father. What?",0.33529698200072744,0.33529698200072744,0.020009069626622952,0.020009069626622952,1
221,/home/shaozi/ucl/code/audition_pipeline/data/dataset_4mic_3spk/Eval/mic/mic_fileid_221_doa91_3spk.wav,ODAS-SSL-SST-DGSS-MS,separated,1,15.62125,220,/home/shaozi/ucl/code/audition_pipeline/ablation_study/baseline/ODAS/results/ODAS_n_loc+sep+pf/odas_outputs/fileid_221/odas_separated_preddoa219_slot2.wav,nearest_predicted_doa_to_spk1_gt_doa,2,218.8484548673137,1.1515451326862944,3,/home/shaozi/ucl/code/audition_pipeline/data/dataset_4mic_3spk/Eval/text/text_fileid_221_doa220_spk1.txt,0.42857142857142855,18,42,5.230313806587132,-0.42736036086162826,-5.65767416744876,4.365870641932754,-38.27433599202684,-42.64020663395959,1.3892664909362793,1.1535649299621582,-0.2357015609741211,,IT WAS BUT A LITTLE HELP THAT HE HAD TO MAKE OTHER THINGS OF THIS EARTH NOTHING CAN BE NEARER NOTHING THAN THIS EARTH AND YET HOW LITTLE OF THIS EARTH IS THE GREATEST MAN HE THINKS HE TREADS UPON THE EARTH,"Nothing can be nearer, nothing near this earth. Yet how little of this earth is the greatest man. He thinks he treads upon the earth.",0.22974407900073857,0.22974407900073857,0.014707150772232605,0.014707150772232605,1
222,/home/shaozi/ucl/code/audition_pipeline/data/dataset_4mic_3spk/Eval/mic/mic_fileid_222_doa144_3spk.wav,ODAS-SSL-SST-DGSS-MS,separated,1,16.932875,144,/home/shaozi/ucl/code/audition_pipeline/ablation_study/baseline/ODAS/results/ODAS_n_loc+sep+pf/odas_outputs/fileid_222/odas_separated_preddoa149_slot2.wav,nearest_predicted_doa_to_spk1_gt_doa,2,149.28837751046566,5.288377510465665,3,/home/shaozi/ucl/code/audition_pipeline/data/dataset_4mic_3spk/Eval/text/text_fileid_222_doa144_spk1.txt,0.20512820512820512,8,39,5.613504461202607,-0.24187545888571532,-5.855379920088322,4.541638721239963,-22.153473418045564,-26.695112139285527,1.1947392225265503,1.1847219467163086,-0.0100172758102417,,YOU HAVE ASSASSINATED WELL I SHOULD SAY IF YOU HAD ME TAKEN TO A PRIVATE ROOM ONLY TO TELL ME THIS YOU MIGHT HAVE SAVED YOURSELF THE TROUBLE I KNOW ALL THESE THINGS BUT THERE ARE SOME WITH WHICH,"Well, I should say, if you had me taken to a private room only to tell me this, you might have said yourself the truth. I know of all these things, but there are some with which I'm going.",0.30142973700094444,0.30142973700094444,0.017801450551128764,0.017801450551128764,1
223,/home/shaozi/ucl/code/audition_pipeline/data/dataset_4mic_3spk/Eval/mic/mic_fileid_223_doa16_3spk.wav,ODAS-SSL-SST-DGSS-MS,separated,1,17.741,137,/home/shaozi/ucl/code/audition_pipeline/ablation_study/baseline/ODAS/results/ODAS_n_loc+sep+pf/odas_outputs/fileid_223/odas_separated_preddoa139_slot0.wav,nearest_predicted_doa_to_spk1_gt_doa,0,138.68677239027994,1.6867723902799412,3,/home/shaozi/ucl/code/audition_pipeline/data/dataset_4mic_3spk/Eval/text/text_fileid_223_doa137_spk1.txt,0.3157894736842105,12,38,6.467125627801095,-0.9712005432897847,-7.438326171090879,5.860722808621381,-27.643707150744024,-33.5044299593654,1.276724100112915,1.3784878253936768,0.10176372528076172,,AND SELDOM FAIL RADICALLY TO ALTER THE ENTIRE MORAL CONSTITUTION OF THOSE WHO ARE THEIR OBJECTS IT APPEARS THAT ABOUT ONE HUNDRED YEARS PRIOR TO MISTER ELLISON'S ATTAINMENT OF HIS MAJORITY THERE HAD DIED IN A REMOTE PROVINCE,"And some of them, though, radically entailed the entire moral constitution of those who are their object. It appears that about 100 years prior to Mr. Ellison's 13th anniversary of his majority, there had died in a remote province.",0.328868994000004,0.328868994000004,0.01853722980666276,0.01853722980666276,1
224,/home/shaozi/ucl/code/audition_pipeline/data/dataset_4mic_3spk/Eval/mic/mic_fileid_224_doa124_3spk.wav,ODAS-SSL-SST-DGSS-MS,separated,1,17.403375,124,/home/shaozi/ucl/code/audition_pipeline/ablation_study/baseline/ODAS/results/ODAS_n_loc+sep+pf/odas_outputs/fileid_224/odas_separated_preddoa122_slot0.wav,nearest_predicted_doa_to_spk1_gt_doa,0,122.31585605782992,1.684143942170067,3,/home/shaozi/ucl/code/audition_pipeline/data/dataset_4mic_3spk/Eval/text/text_fileid_224_doa124_spk1.txt,0.32653061224489793,16,49,6.408464363382217,-0.6587260835320069,-7.067190446914224,6.037191337080503,-31.067061020428607,-37.10425235750911,1.4679300785064697,1.2451452016830444,-0.2227848768234253,,THEY WENT TO THE VAULTS AND ENGAGED A PRIVATE ROOM WHERE BREAKFAST WAS SERVED TO THEM HAS MY HAIR TURNED GREY ASKED REHNHJELM PASSING HIS HAND OVER HIS HAIR WHICH WAS DAMP AND CLUNG CLOSELY TO HIS SKULL NO OLD MAN THAT DOESN'T OFTEN HAPPEN EVEN I'M NOT GREY,"A Asia private room where breakfast will serve them. Has my hair turned gray? He's passing his hand over his hair, which was damp and clung closely to his skull. No, old man, that doesn't often happen even when I'm not gray.",0.5711670460004825,0.5711670460004825,0.032819326481241855,0.032819326481241855,1
225,/home/shaozi/ucl/code/audition_pipeline/data/dataset_4mic_3spk/Eval/mic/mic_fileid_225_doa14_3spk.wav,ODAS-SSL-SST-DGSS-MS,separated,1,14.81375,129,/home/shaozi/ucl/code/audition_pipeline/ablation_study/baseline/ODAS/results/ODAS_n_loc+sep+pf/odas_outputs/fileid_225/odas_separated_preddoa123_slot2.wav,nearest_predicted_doa_to_spk1_gt_doa,2,122.7807916256961,6.219208374303889,3,/home/shaozi/ucl/code/audition_pipeline/data/dataset_4mic_3spk/Eval/text/text_fileid_225_doa129_spk1.txt,1.0,37,37,4.172810368771113,-0.10784454405010595,-4.28065491282122,2.9948921414582137,-30.690886393570253,-33.68577853502847,1.0946035385131836,1.040770173072815,-0.05383336544036865,,TO WHOM HE MADE KNOWN FULLY THE CHARACTER OF THE PLACE AND PEOPLE WHENCE HE HAD FLED THE DANGERS HE WAS EXPOSED TO FROM SLAVE HUNTERS AND THE STRONG HOPE HE CHERISHED OF REACHING FREE LAND SOON,Aナ as an reversal graph that arrange in dimensions andmouth importions. Of each case- On oak soil or bymate reports a space with a 12 inches depth.,1.886237025999435,1.886237025999435,0.12733015110957285,0.12733015110957285,1
226,/home/shaozi/ucl/code/audition_pipeline/data/dataset_4mic_3spk/Eval/mic/mic_fileid_226_doa127_3spk.wav,ODAS-SSL-SST-DGSS-MS,separated,1,16.686,292,/home/shaozi/ucl/code/audition_pipeline/ablation_study/baseline/ODAS/results/ODAS_n_loc+sep+pf/odas_outputs/fileid_226/odas_separated_preddoa293_slot1.wav,nearest_predicted_doa_to_spk1_gt_doa,1,292.83633404666585,0.8363340466658542,3,/home/shaozi/ucl/code/audition_pipeline/data/dataset_4mic_3spk/Eval/text/text_fileid_226_doa292_spk1.txt,0.22,11,50,6.025570387315123,-0.8051513793255377,-6.830721766640661,4.8583883424857675,-30.442884398808797,-35.30127274129457,1.4404159784317017,1.3328958749771118,-0.10752010345458984,,THE STATEMENT THAT HIS OLD FRIEND HAD BECOME A LORD AND WAS IN DANGER OF BEING AN EARL IF HE LIVED LONG ENOUGH CAUSED DICK TO SO OPEN HIS EYES AND MOUTH AND START THAT HIS CAP FELL OFF WHEN HE PICKED IT UP HE UTTERED A RATHER SINGULAR EXCLAMATION,"The statement that his old friend had become a lord and was in danger of being a girl if he lived long, was found to have caused it to self open his eyes and mouth and starve, that his cap filled with. When he picked it up, he uttered a rather singular exclamation.",0.4033869089998916,0.4033869089998916,0.024175171341237662,0.024175171341237662,1
227,/home/shaozi/ucl/code/audition_pipeline/data/dataset_4mic_3spk/Eval/mic/mic_fileid_227_doa143_3spk.wav,ODAS-SSL-SST-DGSS-MS,separated,1,15.74475,143,/home/shaozi/ucl/code/audition_pipeline/ablation_study/baseline/ODAS/results/ODAS_n_loc+sep+pf/odas_outputs/fileid_227/odas_separated_preddoa142_slot0.wav,nearest_predicted_doa_to_spk1_gt_doa,0,142.40418456658975,0.5958154334102517,3,/home/shaozi/ucl/code/audition_pipeline/data/dataset_4mic_3spk/Eval/text/text_fileid_227_doa143_spk1.txt,0.21428571428571427,6,28,6.115211563794008,-1.768971941609465,-7.884183505403473,5.47916285406311,-41.53555971327681,-47.01472256733992,1.4469304084777832,1.5394377708435059,0.09250736236572266,,AND FOR THAT VERY REASON I QUITE CONTENTEDLY OCCUPIED THE LOWEST IN REALITY EITHER TO BE A HERO OR TO GROVEL IN THE MUD THERE WAS NOTHING BETWEEN,"And for that very reason, I quite intently occupied the lowest of the realities. Either to be a hero or to growl in the mud, there was nothing between them.",0.2547050660014065,0.2547050660014065,0.01617714260317925,0.01617714260317925,1
228,/home/shaozi/ucl/code/audition_pipeline/data/dataset_4mic_3spk/Eval/mic/mic_fileid_228_doa105_3spk.wav,ODAS-SSL-SST-DGSS-MS,separated,1,15.55775,300,/home/shaozi/ucl/code/audition_pipeline/ablation_study/baseline/ODAS/results/ODAS_n_loc+sep+pf/odas_outputs/fileid_228/odas_separated_preddoa300_slot1.wav,nearest_predicted_doa_to_spk1_gt_doa,1,299.507367708652,0.4926322913480021,3,/home/shaozi/ucl/code/audition_pipeline/data/dataset_4mic_3spk/Eval/text/text_fileid_228_doa300_spk1.txt,0.35714285714285715,15,42,7.17393388369124,-0.5821659963499913,-7.756099880041232,6.3268887879034565,-24.961360466173623,-31.28824925407708,1.5621154308319092,1.1241625547409058,-0.4379528760910034,,DOCTOR SITGREAVES DOES NOT MEAN A RIG'LAR SOLDIER BUT A REGULAR PHYSICIAN MADAM SAID THE TROOPER OH CRIED THE MAIDEN AGAIN CORRECTING HERSELF FOR THE BEST OF ALL REASONS THERE WAS NONE TO BE HAD SO I TOOK CARE OF HIM MYSELF,"I was a soldier but a regular physician, Madame, said the donpers. Oh, crethamade it, again directing yourself. For the best of all reasons, there was none to be had, so I took care of him myself. Thank you.",0.3640892290004558,0.3640892290004558,0.02340243473512917,0.02340243473512917,1
229,/home/shaozi/ucl/code/audition_pipeline/data/dataset_4mic_3spk/Eval/mic/mic_fileid_229_doa100_3spk.wav,ODAS-SSL-SST-DGSS-MS,separated,1,16.725625,100,/home/shaozi/ucl/code/audition_pipeline/ablation_study/baseline/ODAS/results/ODAS_n_loc+sep+pf/odas_outputs/fileid_229/odas_separated_preddoa096_slot1.wav,nearest_predicted_doa_to_spk1_gt_doa,1,96.40005445483686,3.5999455451631377,3,/home/shaozi/ucl/code/audition_pipeline/data/dataset_4mic_3spk/Eval/text/text_fileid_229_doa100_spk1.txt,0.37142857142857144,13,35,5.254666838641908,-0.8368231187075006,-6.091489957349409,4.02499890991453,-39.8481447993659,-43.87314370928043,1.1417193412780762,1.1270554065704346,-0.014663934707641602,,AGAINST THE EMPEROR FERDINAND HITHERTO THE MOST FORTUNATE MONARCH OF HIS AGE WHO HAD SUBDUED AND ASTONISHED GERMANY BY THE RAPIDITY OF HIS VICTORIES DEEP IMPRESSIONS THEY SAW MUST BE MADE BY THE ENGLISH SWORD,"Against the Abul-Fordnet, hitherto the most fortunate monster of his age, who had subdued and astonished Germany by the deputatory of the victims, the feet of the question still long must be made by the English sword.",0.35102579799968225,0.35102579799968225,0.02098730528752631,0.02098730528752631,1
230,/home/shaozi/ucl/code/audition_pipeline/data/dataset_4mic_3spk/Eval/mic/mic_fileid_230_doa73_3spk.wav,ODAS-SSL-SST-DGSS-MS,separated,1,16.50125,73,/home/shaozi/ucl/code/audition_pipeline/ablation_study/baseline/ODAS/results/ODAS_n_loc+sep+pf/odas_outputs/fileid_230/odas_separated_preddoa073_slot0.wav,nearest_predicted_doa_to_spk1_gt_doa,0,73.35074032662028,0.35074032662026866,3,/home/shaozi/ucl/code/audition_pipeline/data/dataset_4mic_3spk/Eval/text/text_fileid_230_doa73_spk1.txt,0.041666666666666664,2,48,3.922173805132099,-0.8859911996888385,-4.808165004820937,3.207940089918351,-22.983916022584005,-26.191856112502357,1.38076651096344,1.264174461364746,-0.11659204959869385,,I MET THEM YESTERDAY AS THEY WERE COMING INTO THE CITY THEY WERE IN A DEPLORABLE CONDITION AND IT MOVED ME THE MORE BECAUSE I THOUGHT THEY WERE PERSONS OF RANK THROUGH ALL THE RAGS THAT COVERED THEM NOTWITHSTANDING THE IMPRESSION THE SUN HAS MADE ON THEIR FACES,"I met them yesterday as they were coming into the city. They were in a deplorable condition, and it moved me the more, because I thought they were persons of rank. Through all the rags that covered them, notwithstanding the impression the sun has made on their faces and continues.",0.39314243999979226,0.39314243999979226,0.02382500962047071,0.02382500962047071,1
231,/home/shaozi/ucl/code/audition_pipeline/data/dataset_4mic_3spk/Eval/mic/mic_fileid_231_doa125_3spk.wav,ODAS-SSL-SST-DGSS-MS,separated,1,15.902375,328,/home/shaozi/ucl/code/audition_pipeline/ablation_study/baseline/ODAS/results/ODAS_n_loc+sep+pf/odas_outputs/fileid_231/odas_separated_preddoa326_slot1.wav,nearest_predicted_doa_to_spk1_gt_doa,1,326.08495952440444,1.9150404755955606,3,/home/shaozi/ucl/code/audition_pipeline/data/dataset_4mic_3spk/Eval/text/text_fileid_231_doa328_spk1.txt,0.2631578947368421,10,38,6.141801554722594,-1.2025661514467596,-7.344367706169354,4.975762855562849,-28.93009404252603,-33.90585689808888,1.2429429292678833,1.1993969678878784,-0.04354596138000488,,A CERTAIN SMALL RANK IS PROCURED FOR THEM THROUGH THE INTERVENTION OF THE REPRESENTATIVES OF THE ABOVE NOBLE FAMILIES WHO ON THE ISSUING OF THE REQUIRED PATENT RECEIVE AS THEIR PERQUISITE A FEE WHICH ALTHOUGH INSIGNIFICANT IN ITSELF,"Assertics now ramps up pure for them through the intervention of the representatives of the above and noble families, who, on the issuing of their acquired patent, receive as their prerequisite a fee, which although insignificant in itself.",0.30879712299974926,0.30879712299974926,0.019418302171829636,0.019418302171829636,1
232,/home/shaozi/ucl/code/audition_pipeline/data/dataset_4mic_3spk/Eval/mic/mic_fileid_232_doa59_3spk.wav,ODAS-SSL-SST-DGSS-MS,separated,1,16.903375,339,/home/shaozi/ucl/code/audition_pipeline/ablation_study/baseline/ODAS/results/ODAS_n_loc+sep+pf/odas_outputs/fileid_232/odas_separated_preddoa328_slot0.wav,nearest_predicted_doa_to_spk1_gt_doa,0,327.8244520628732,11.175547937126794,2,/home/shaozi/ucl/code/audition_pipeline/data/dataset_4mic_3spk/Eval/text/text_fileid_232_doa339_spk1.txt,0.2777777777777778,10,36,3.8033819931419464,-2.758567982337211,-6.561949975479157,2.141181990110253,-48.50103407329733,-50.64221606340759,1.3062437772750854,1.2868916988372803,-0.019352078437805176,,BUT NOW THE ATTEMPT HAD BEEN MADE AND WORDS HAD BEEN FORCED FROM LILY'S LIPS THE SPEAKING OF WHICH WOULD NEVER BE FORGOTTEN BY HERSELF I KNEW THAT IT WOULD BE SO SAID JOHN AH YES,"Now the attempt has been made and words have been forced from really great the speaking of which would never be forgotten by yourself. Seriously, I knew that it would be so simple and essentially. Ah yes.",0.2969273369999428,0.2969273369999428,0.01756615687695166,0.01756615687695166,1
233,/home/shaozi/ucl/code/audition_pipeline/data/dataset_4mic_3spk/Eval/mic/mic_fileid_233_doa132_3spk.wav,ODAS-SSL-SST-DGSS-MS,separated,1,16.79575,203,/home/shaozi/ucl/code/audition_pipeline/ablation_study/baseline/ODAS/results/ODAS_n_loc+sep+pf/odas_outputs/fileid_233/odas_separated_preddoa202_slot2.wav,nearest_predicted_doa_to_spk1_gt_doa,2,202.49723919079494,0.5027608092050571,3,/home/shaozi/ucl/code/audition_pipeline/data/dataset_4mic_3spk/Eval/text/text_fileid_233_doa203_spk1.txt,0.24528301886792453,13,53,5.382174584581896,-1.2482078849689864,-6.630382469550883,3.946004128374405,-40.43126958890325,-44.37727371727765,1.121495246887207,1.1952641010284424,0.07376885414123535,,I TOLD HER THAT AT THE FOREST INN THE LANDLORD FOUND US IN BOARD AND LODGING VERY WELL THEN SAID SHE I WILL DO THE SAME WHEN DO YOU PROPOSE TO COMMENCE TO NIGHT SAID I THEN SAID SHE I'LL TELL THE OSTLER TO LIGHT UP THE ROOM AND GET YOUR STAGE READY,"I told her that at the Fort Stim the landlord found us in the logic. Very well then said she, I will do the same, when these are close to come out. Tonight said I. Then said she, I'll tell the Oslo to light up the room and get you stage ready.",0.43851646199982497,0.43851646199982497,0.026108775255634604,0.026108775255634604,1
234,/home/shaozi/ucl/code/audition_pipeline/data/dataset_4mic_3spk/Eval/mic/mic_fileid_234_doa1_3spk.wav,ODAS-SSL-SST-DGSS-MS,separated,1,17.285,89,/home/shaozi/ucl/code/audition_pipeline/ablation_study/baseline/ODAS/results/ODAS_n_loc+sep+pf/odas_outputs/fileid_234/odas_separated_preddoa087_slot0.wav,nearest_predicted_doa_to_spk1_gt_doa,0,86.83902119568131,2.160978804318688,3,/home/shaozi/ucl/code/audition_pipeline/data/dataset_4mic_3spk/Eval/text/text_fileid_234_doa89_spk1.txt,0.543859649122807,31,57,6.944670105968225,-2.3909195845311,-9.335589690499326,6.561032803198921,-22.73329343223651,-29.29432623543543,1.3543235063552856,1.214341402053833,-0.13998210430145264,,AS IT WAS TO THE MEN ABOUT HIM THE GREEDY THING IN HIM WANTED TO MAKE MONEY FASTER THAN IT COULD BE MADE BY TILLING THE LAND MORE THAN ONCE HE WENT INTO WINESBURG TO TALK WITH HIS SON IN LAW JOHN HARDY ABOUT IT YOU ARE A BANKER AND YOU WILL HAVE CHANCES I NEVER HAD,"As it was to the night after, the greed is ending up bothering to be faster than it could have made by today's end. More than once you waited to wait for the time, with your son and the child in the market about it. You were a banker and you only have choices I never had.",0.41005671599850757,0.41005671599850757,0.023723269655684557,0.023723269655684557,1
235,/home/shaozi/ucl/code/audition_pipeline/data/dataset_4mic_3spk/Eval/mic/mic_fileid_235_doa20_3spk.wav,ODAS-SSL-SST-DGSS-MS,separated,1,17.6405,209,/home/shaozi/ucl/code/audition_pipeline/ablation_study/baseline/ODAS/results/ODAS_n_loc+sep+pf/odas_outputs/fileid_235/odas_separated_preddoa208_slot1.wav,nearest_predicted_doa_to_spk1_gt_doa,1,208.44957975991628,0.5504202400837244,3,/home/shaozi/ucl/code/audition_pipeline/data/dataset_4mic_3spk/Eval/text/text_fileid_235_doa209_spk1.txt,0.1282051282051282,5,39,4.675573923977981,-1.4995570427411573,-6.175130966719139,3.2818851065092476,-27.155484354820327,-30.437369461329574,1.4392125606536865,1.4172760248184204,-0.021936535835266113,,MISTER DINSMORE PASSED OUT OF ONE DOOR WHILE ELSIE LEFT BY THE OTHER THE THREE LITTLE GIRLS LOOKED INQUIRINGLY INTO EACH OTHER'S FACES WHAT IS THE MATTER WHAT HAS ELSIE DONE ASKED CARRY IN A WHISPER I DON'T KNOW,Mr. Dinsmore passed out of the door while Elsie left by the other. The three little girls looked entirely into each other's faces. What is the matter? What has Elsie done and asked Carrie in a whisper? I don't know.,0.3840295270001661,0.3840295270001661,0.021769764292404757,0.021769764292404757,1
236,/home/shaozi/ucl/code/audition_pipeline/data/dataset_4mic_3spk/Eval/mic/mic_fileid_236_doa56_3spk.wav,ODAS-SSL-SST-DGSS-MS,separated,1,15.906,189,/home/shaozi/ucl/code/audition_pipeline/ablation_study/baseline/ODAS/results/ODAS_n_loc+sep+pf/odas_outputs/fileid_236/odas_separated_preddoa188_slot0.wav,nearest_predicted_doa_to_spk1_gt_doa,0,188.03181095199417,0.9681890480058257,3,/home/shaozi/ucl/code/audition_pipeline/data/dataset_4mic_3spk/Eval/text/text_fileid_236_doa189_spk1.txt,0.6097560975609756,25,41,5.372188979622856,-1.10135974067427,-6.473548720297126,4.40436762464585,-29.20910483203821,-33.613472456684065,1.2269641160964966,1.1298247575759888,-0.09713935852050781,,ON THE SUMMIT OF WHICH THEY LEFT HER ALONE AND WITH SORROWFUL HEARTS RETURNED HOME WHILE PSYCHE STOOD ON THE RIDGE OF THE MOUNTAIN PANTING WITH FEAR AND WITH EYES FULL OF TEARS THE GENTLE ZEPHYR RAISED HER FROM THE EARTH,"The feminine, which can last for long, and the sorrowful hearts of dark souls, while such a tune as the ridge of the mountain, and the ganses of fear and of ice, coerced the gentle referer, raised her from the earth.",0.35715512100068736,0.35715512100068736,0.022454112976278594,0.022454112976278594,1
237,/home/shaozi/ucl/code/audition_pipeline/data/dataset_4mic_3spk/Eval/mic/mic_fileid_237_doa41_3spk.wav,ODAS-SSL-SST-DGSS-MS,separated,1,16.51875,41,/home/shaozi/ucl/code/audition_pipeline/ablation_study/baseline/ODAS/results/ODAS_n_loc+sep+pf/odas_outputs/fileid_237/odas_separated_preddoa042_slot1.wav,nearest_predicted_doa_to_spk1_gt_doa,1,42.31750524139013,1.317505241390137,2,/home/shaozi/ucl/code/audition_pipeline/data/dataset_4mic_3spk/Eval/text/text_fileid_237_doa41_spk1.txt,0.3404255319148936,16,47,6.433968735212848,-1.8552281425376895,-8.289196877750538,5.977989331755774,-30.497926052716018,-36.47591538447179,1.5971570014953613,1.6115823984146118,0.014425396919250488,,COME AS OFTEN AS YOU LIKE REPLIED PEWEE THE OFTENER THE BETTER BACK IN THE OLD BRIAR PATCH PETER THOUGHT OVER ALL HE HAD LEARNED ABOUT THE FLYCATCHER FAMILY AND AS HE RECALLED HOW THEY WERE FOREVER CATCHING ALL SORTS OF FLYING INSECTS IT SUDDENLY STRUCK HIM,"What's up? It's your microfly, Peter. We're off to the bar. Back in the old Briar patch, Peter thought overall he was worried about the flycatcher family, and as he recalled, now they were forever catching all sorts of flying insects. It suddenly struck him.",0.4309830050005985,0.4309830050005985,0.026090533787399076,0.026090533787399076,1
238,/home/shaozi/ucl/code/audition_pipeline/data/dataset_4mic_3spk/Eval/mic/mic_fileid_238_doa19_3spk.wav,ODAS-SSL-SST-DGSS-MS,separated,1,17.021625,155,/home/shaozi/ucl/code/audition_pipeline/ablation_study/baseline/ODAS/results/ODAS_n_loc+sep+pf/odas_outputs/fileid_238/odas_separated_preddoa158_slot1.wav,nearest_predicted_doa_to_spk1_gt_doa,1,157.80019439802618,2.8001943980261785,3,/home/shaozi/ucl/code/audition_pipeline/data/dataset_4mic_3spk/Eval/text/text_fileid_238_doa155_spk1.txt,0.675,27,40,5.6790808936050485,-0.6734991024245294,-6.3525799960295775,4.721086633141292,-27.729420106329584,-32.450506739470875,1.1640615463256836,1.1440476179122925,-0.020013928413391113,,THERE IS ONE OF THE FAMILY HERE TO DAY ON ON BUSINESS SHE SAID AT LAST IF YOU WILL GIVE ME YOUR NAME I WILL ASK IF THAT PERSON WOULD LIKE TO SEE YOU OH THAT IS HARDLY WORTH WHILE,"I will ask that person would like to see me. Oh, that is hardly worthwhile.",0.151983759000359,0.151983759000359,0.00892886307860495,0.00892886307860495,1
239,/home/shaozi/ucl/code/audition_pipeline/data/dataset_4mic_3spk/Eval/mic/mic_fileid_239_doa4_3spk.wav,ODAS-SSL-SST-DGSS-MS,separated,1,16.811625,94,/home/shaozi/ucl/code/audition_pipeline/ablation_study/baseline/ODAS/results/ODAS_n_loc+sep+pf/odas_outputs/fileid_239/odas_separated_preddoa103_slot0.wav,nearest_predicted_doa_to_spk1_gt_doa,0,102.82561316518651,8.825613165186496,3,/home/shaozi/ucl/code/audition_pipeline/data/dataset_4mic_3spk/Eval/text/text_fileid_239_doa94_spk1.txt,1.0,35,35,3.5155630264972944,-1.9758785057625077,-5.4914415322598025,3.3832569787888014,-31.466569400948835,-34.849826379737635,1.2603992223739624,1.144623041152954,-0.1157761812210083,,HE IS IN THE LINE OF ALL THOSE TRAMPS AND STAGE IRISHMEN WHO HAVE GONE THROUGH LIFE WITH SO FINE A SWAGGER OF WORDS THIS ONLY MEANS THAT IN HIS LIFE HE IS AN ARTIST,All those tramps at state diversities will come to life with so much sweat and work. This only means that they can have life and he is not as per his senses as they call it. I have heard say.,0.3122718340000574,0.3122718340000574,0.018574756098833838,0.018574756098833838,1
240,/home/shaozi/ucl/code/audition_pipeline/data/dataset_4mic_3spk/Eval/mic/mic_fileid_240_doa116_3spk.wav,ODAS-SSL-SST-DGSS-MS,separated,1,17.00875,116,/home/shaozi/ucl/code/audition_pipeline/ablation_study/baseline/ODAS/results/ODAS_n_loc+sep+pf/odas_outputs/fileid_240/odas_separated_preddoa114_slot0.wav,nearest_predicted_doa_to_spk1_gt_doa,0,114.2107065083017,1.789293491698288,3,/home/shaozi/ucl/code/audition_pipeline/data/dataset_4mic_3spk/Eval/text/text_fileid_240_doa116_spk1.txt,0.3958333333333333,19,48,7.00800355823587,-0.26350955455612673,-7.271513112791997,6.343017843274739,-16.60649622030486,-22.9495140635796,1.3581527471542358,1.2512178421020508,-0.10693490505218506,,PUT HER INTO A CARRIAGE AND MINISTERED TO HER WANTS WITH THE HELP OF A TEA BASKET CONTAINING THE DELICIOUS NOVELTY OF ENGLISH BREAD AND BUTTER IN HALF AN HOUR'S TIME THEY WERE STEAMING HURRIEDLY TOWARDS LONDON SHE WAS TO LODGE AT A SMALL HOTEL IN JERMYN STREET,"put her in a carriage and ministered to the ones with the feltable teabags containing the Dominguez, not the one in England. In half an hour's time, they were seen hurried toward London. She was to lodge at a small hotel in German Street.",0.38927462399988144,0.38927462399988144,0.022886727360910207,0.022886727360910207,1
241,/home/shaozi/ucl/code/audition_pipeline/data/dataset_4mic_3spk/Eval/mic/mic_fileid_241_doa46_3spk.wav,ODAS-SSL-SST-DGSS-MS,separated,1,17.616625,314,/home/shaozi/ucl/code/audition_pipeline/ablation_study/baseline/ODAS/results/ODAS_n_loc+sep+pf/odas_outputs/fileid_241/odas_separated_preddoa312_slot0.wav,nearest_predicted_doa_to_spk1_gt_doa,0,311.83684649305957,2.163153506940432,3,/home/shaozi/ucl/code/audition_pipeline/data/dataset_4mic_3spk/Eval/text/text_fileid_241_doa314_spk1.txt,0.021739130434782608,1,46,4.013357573651493,-1.8466938446756174,-5.86005141832711,3.4167211111266256,-31.018809945222173,-34.4355310563488,1.358511209487915,1.4502471685409546,0.09173595905303955,,WHAT WAS MY DUTY TO DO AND I STATED THE ARGUMENTS WITH WHICH MY BROTHER HAD PRESSED ME TO GO INTO THE COUNTRY AND I SET AGAINST THEM THE STRONG IMPRESSIONS WHICH I HAD ON MY MIND FOR STAYING THE VISIBLE CALL I SEEMED TO HAVE,What was my duty to do? And I stated the arguments with which my brother had pressed me to go into the country. And I said against them the strong impressions which I had on my mind for staying. The visible call I seemed to have...,0.35096410600090167,0.35096410600090167,0.01992232371415647,0.01992232371415647,1
242,/home/shaozi/ucl/code/audition_pipeline/data/dataset_4mic_3spk/Eval/mic/mic_fileid_242_doa20_3spk.wav,ODAS-SSL-SST-DGSS-MS,separated,1,17.1795,182,/home/shaozi/ucl/code/audition_pipeline/ablation_study/baseline/ODAS/results/ODAS_n_loc+sep+pf/odas_outputs/fileid_242/odas_separated_preddoa179_slot0.wav,nearest_predicted_doa_to_spk1_gt_doa,0,179.26437657496794,2.7356234250320597,3,/home/shaozi/ucl/code/audition_pipeline/data/dataset_4mic_3spk/Eval/text/text_fileid_242_doa182_spk1.txt,0.5128205128205128,20,39,4.627815189562655,-0.5156520425702438,-5.143467232132899,4.3465487565842515,-31.75699566628435,-36.1035444228686,1.2881547212600708,1.2085059881210327,-0.07964873313903809,,AND EVERY KNIGHT SHALL HAVE A SQUIRE AND TWO YEOMAN AND ALL WELL HORSED FOR THUS IT CHANCED ONE MORN WHEN ALL THE COURT GREEN SUITED BUT WITH PLUMES THAT MOCK'D THE MAY HAD BEEN THEIR WONT A MAYING,"I have a squire and two mediums and all well folks. But I think chance one more when all the court green suits but the queens that mock the mayor stand in their waltz, a male.",0.30896282700086886,0.30896282700086886,0.01798438994155062,0.01798438994155062,1
243,/home/shaozi/ucl/code/audition_pipeline/data/dataset_4mic_3spk/Eval/mic/mic_fileid_243_doa137_3spk.wav,ODAS-SSL-SST-DGSS-MS,separated,1,18.450625,169,/home/shaozi/ucl/code/audition_pipeline/ablation_study/baseline/ODAS/results/ODAS_n_loc+sep+pf/odas_outputs/fileid_243/odas_separated_preddoa161_slot0.wav,nearest_predicted_doa_to_spk1_gt_doa,0,160.65420296392185,8.345797036078153,3,/home/shaozi/ucl/code/audition_pipeline/data/dataset_4mic_3spk/Eval/text/text_fileid_243_doa169_spk1.txt,0.2222222222222222,8,36,5.798653502338915,-0.4040821827180836,-6.202735685056998,5.667077201279297,-26.74345419389562,-32.410531395174914,1.3337488174438477,1.2023546695709229,-0.1313941478729248,,FIND SOMEONE IN TROUBLE AND CHEER THEM ENCOURAGE THEM HELP THEM AND YOU WILL DELIVER YOURSELF YOU WILL COMFORT YOURSELF WHEN YOU COMFORT ANOTHER YOU CANNOT LOSE A LOVED ONE THO ABSENT FROM THE EARTH PLANE,"I will cheer them, encourage them to help them, and you will deliver yourself. You will comfort yourself when you comfort another. You cannot lose a loved one, though absent from the earth plain.",0.2821034869994037,0.2821034869994037,0.015289643955118252,0.015289643955118252,1
244,/home/shaozi/ucl/code/audition_pipeline/data/dataset_4mic_3spk/Eval/mic/mic_fileid_244_doa170_3spk.wav,ODAS-SSL-SST-DGSS-MS,separated,1,16.22675,301,/home/shaozi/ucl/code/audition_pipeline/ablation_study/baseline/ODAS/results/ODAS_n_loc+sep+pf/odas_outputs/fileid_244/odas_separated_preddoa302_slot2.wav,nearest_predicted_doa_to_spk1_gt_doa,2,302.44396135856664,1.4439613585666393,3,/home/shaozi/ucl/code/audition_pipeline/data/dataset_4mic_3spk/Eval/text/text_fileid_244_doa301_spk1.txt,0.15789473684210525,6,38,6.150564835862102,-1.5684289918152263,-7.718993827677329,5.879542963603015,-37.6642284209633,-43.54377138456631,1.6214150190353394,1.5549081563949585,-0.06650686264038086,,BUT WHICH ARE NECESSARY TO MAKE UP THE TRUE CHARACTER OF A PIRATE THE HISTORIAN JOHN SEEMS TO HAVE BEEN VERY MUCH CUT UP BY THE MANNER IN WHICH HIS FAVORITE HERO HAD ROUNDED OFF HIS PIRATICAL CAREER,to make up the true character of a pirate. The historian John seems to have been very much proud of by the manner in which his favorite hero had rounded off his piratical career.,0.2595401540002058,0.2595401540002058,0.015994586346631694,0.015994586346631694,1
245,/home/shaozi/ucl/code/audition_pipeline/data/dataset_4mic_3spk/Eval/mic/mic_fileid_245_doa25_3spk.wav,ODAS-SSL-SST-DGSS-MS,separated,1,17.779875,25,/home/shaozi/ucl/code/audition_pipeline/ablation_study/baseline/ODAS/results/ODAS_n_loc+sep+pf/odas_outputs/fileid_245/odas_separated_preddoa022_slot2.wav,nearest_predicted_doa_to_spk1_gt_doa,2,22.291710974949112,2.708289025050874,3,/home/shaozi/ucl/code/audition_pipeline/data/dataset_4mic_3spk/Eval/text/text_fileid_245_doa25_spk1.txt,0.14583333333333334,7,48,5.751534570347335,-1.383660454883101,-7.135195025230436,4.651929847435387,-24.16972121756133,-28.82165106499672,1.4415980577468872,1.3494555950164795,-0.09214246273040771,,AND ENDEAVOURED TO COMFORT THEM THEY TREATED THEM AS WELL AS THEIR POVERTY WOULD PERMIT TOOK OFF THEIR HORSE HAIR SHIFTS WHICH WERE VERY UNEASY TO THEM AND PUT ON THEM OTHERS WHICH THEY GAVE THEM WITH SHOES AND SOMETHING TO COVER THEIR HEADS AND SAVE THEIR HAIR,"And in order to cover them, they treated them as well as their poverty would permit, took off their horseshifts, which were very uneasy to them, and put on as others which they gave them with shoes and something to cover their heads and save their hair.",0.3734162139990076,0.3734162139990076,0.021002184435998994,0.021002184435998994,1
246,/home/shaozi/ucl/code/audition_pipeline/data/dataset_4mic_3spk/Eval/mic/mic_fileid_246_doa28_3spk.wav,ODAS-SSL-SST-DGSS-MS,separated,1,17.06425,28,/home/shaozi/ucl/code/audition_pipeline/ablation_study/baseline/ODAS/results/ODAS_n_loc+sep+pf/odas_outputs/fileid_246/odas_separated_preddoa019_slot0.wav,nearest_predicted_doa_to_spk1_gt_doa,0,19.25403759903562,8.745962400964373,2,/home/shaozi/ucl/code/audition_pipeline/data/dataset_4mic_3spk/Eval/text/text_fileid_246_doa28_spk1.txt,0.13953488372093023,6,43,5.162115288368723,-1.8528244951441537,-7.014939783512876,4.858841818370288,-30.590532069113085,-35.449373887483375,1.405700922012329,1.342895269393921,-0.0628056526184082,,LUKASHKA WENT UP TO THE SPEAKER AND SAT DOWN OF WHAT VILLAGE ASKED HE FROM THERE IN THE HILLS REPLIED THE SCOUT POINTING TO THE MISTY BLUISH GORGE BEYOND THE TEREK DO YOU KNOW SUUK SU IT IS ABOUT EIGHT MILES BEYOND THAT,"Ska went up to the speaker and sat down. At what village? asked he. From there in the hills, replied the scout, pointing to the misty blueish gorge beyond the turret. Do you know Tsuk-Su? It is about eight miles beyond that.",0.42948322700067365,0.42948322700067365,0.025168596744695702,0.025168596744695702,1
247,/home/shaozi/ucl/code/audition_pipeline/data/dataset_4mic_3spk/Eval/mic/mic_fileid_247_doa22_3spk.wav,ODAS-SSL-SST-DGSS-MS,separated,1,16.1065,22,/home/shaozi/ucl/code/audition_pipeline/ablation_study/baseline/ODAS/results/ODAS_n_loc+sep+pf/odas_outputs/fileid_247/odas_separated_preddoa021_slot2.wav,nearest_predicted_doa_to_spk1_gt_doa,2,20.64312652012711,1.3568734798728883,3,/home/shaozi/ucl/code/audition_pipeline/data/dataset_4mic_3spk/Eval/text/text_fileid_247_doa22_spk1.txt,0.16666666666666666,6,36,5.788938266909417,-1.023838094604066,-6.8127763615134835,5.85037249396467,-29.32182455163844,-35.17219704560311,1.317690372467041,1.1354742050170898,-0.18221616744995117,,WHEN TWO MOUTHS RENDERED SACRED BY LOVE APPROACH TO CREATE IT IS IMPOSSIBLE THAT THERE SHOULD NOT BE ABOVE THAT INEFFABLE KISS A QUIVERING THROUGHOUT THE IMMENSE MYSTERY OF STARS THESE FELICITIES ARE THE TRUE ONES,"The sacred by love approach to create. It is impossible that there should not be above that ineffable kiss, or quiverings throughout the immense mystery of stars. These felicities are the true ones.",0.30076517000088643,0.30076517000088643,0.018673527457913664,0.018673527457913664,1
248,/home/shaozi/ucl/code/audition_pipeline/data/dataset_4mic_3spk/Eval/mic/mic_fileid_248_doa106_3spk.wav,ODAS-SSL-SST-DGSS-MS,separated,1,15.853625,288,/home/shaozi/ucl/code/audition_pipeline/ablation_study/baseline/ODAS/results/ODAS_n_loc+sep+pf/odas_outputs/fileid_248/odas_separated_preddoa279_slot2.wav,nearest_predicted_doa_to_spk1_gt_doa,2,278.87457741162655,9.125422588373453,3,/home/shaozi/ucl/code/audition_pipeline/data/dataset_4mic_3spk/Eval/text/text_fileid_248_doa288_spk1.txt,0.8181818181818182,27,33,3.388561768612198,-0.6238427086858991,-4.012404477298097,2.6591173455376427,-25.22431342940077,-27.88343077493841,1.1983088254928589,1.1379036903381348,-0.06040513515472412,,THEN THEY TOLD HIM ABOUT THE CELEBRATION AND MISTER CROW BEGAN TO LAUGH WHAT ARE YOU GOING TO DO NEXT HE ASKED WE'RE A GOING TO SEND BROWNIE BEAVER OVER TO PLEASANT VALLEY,"Remember they told him about the celebration? So Mr. Crowe began to laugh. What are you going to do next? What? Well, he asked, and he never pulled up. He said, sir, on the paper, over to the ground. He just sat there with his teeth set.",0.4437959000006231,0.4437959000006231,0.027993339062871936,0.027993339062871936,1
249,/home/shaozi/ucl/code/audition_pipeline/data/dataset_4mic_3spk/Eval/mic/mic_fileid_249_doa29_3spk.wav,ODAS-SSL-SST-DGSS-MS,separated,1,16.082625,85,/home/shaozi/ucl/code/audition_pipeline/ablation_study/baseline/ODAS/results/ODAS_n_loc+sep+pf/odas_outputs/fileid_249/odas_separated_preddoa066_slot0.wav,nearest_predicted_doa_to_spk1_gt_doa,0,65.60911810626905,19.39088189373095,2,/home/shaozi/ucl/code/audition_pipeline/data/dataset_4mic_3spk/Eval/text/text_fileid_249_doa85_spk1.txt,0.15625,5,32,8.500553846429217,-1.1960125709315763,-9.696566417360792,8.034034424783542,-54.6253077698715,-62.65934219465504,1.4606332778930664,1.3871160745620728,-0.07351720333099365,,HE SPOKE I SWORE TO KEEP THE SECRET I HAVE KEPT IT AS LONG AS I COULD MEN OF DARK LIVES ARE FAITHFUL AND HELL HAS ITS HONOUR NOW SILENCE IS USELESS,"It is so. I swore to keep the secret. I have kept it as long as I could. Men of dark lives are faithful, and hell has its honor. And now, silence is useless.",0.31554459600010887,0.31554459600010887,0.019620217222008775,0.019620217222008775,1
250,/home/shaozi/ucl/code/audition_pipeline/data/dataset_4mic_3spk/Eval/mic/mic_fileid_250_doa95_3spk.wav,ODAS-SSL-SST-DGSS-MS,separated,1,16.643875,95,/home/shaozi/ucl/code/audition_pipeline/ablation_study/baseline/ODAS/results/ODAS_n_loc+sep+pf/odas_outputs/fileid_250/odas_separated_preddoa096_slot0.wav,nearest_predicted_doa_to_spk1_gt_doa,0,95.9319446004288,0.9319446004288068,3,/home/shaozi/ucl/code/audition_pipeline/data/dataset_4mic_3spk/Eval/text/text_fileid_250_doa95_spk1.txt,0.7297297297297297,27,37,6.49311013575727,-1.2514801764575758,-7.744590312214846,6.3527538869858216,-25.84350242926972,-32.19625631625554,1.3875644207000732,1.2583951950073242,-0.12916922569274902,,AND VARIOUS OTHER MASCULINE TRIFLES FILLING IN THE INTERSTICES OH THEY GASPED IN BREATHLESS CHORUS THEY BELONG TO HIM CONNY MURMURED FERVENTLY PATTY NODDED AND WHEN I SHOWED UNCLE TOM THAT SUIT CASE HE NEARLY DIED LAUGHING,"And various other masculine trends, including in the interest I see, fall into the gas, whose presence it belongs to him, conforming from the plates, patting out at contents, and when I show some context in case he barely died laughing.",0.3535514930008503,0.3535514930008503,0.02124213820404505,0.02124213820404505,1
251,/home/shaozi/ucl/code/audition_pipeline/data/dataset_4mic_3spk/Eval/mic/mic_fileid_251_doa23_3spk.wav,ODAS-SSL-SST-DGSS-MS,separated,1,17.013,23,/home/shaozi/ucl/code/audition_pipeline/ablation_study/baseline/ODAS/results/ODAS_n_loc+sep+pf/odas_outputs/fileid_251/odas_separated_preddoa018_slot2.wav,nearest_predicted_doa_to_spk1_gt_doa,2,17.867839886986598,5.132160113013413,2,/home/shaozi/ucl/code/audition_pipeline/data/dataset_4mic_3spk/Eval/text/text_fileid_251_doa23_spk1.txt,0.5833333333333334,28,48,4.228825421899113,-2.262259135356442,-6.491084557255554,3.2038226191917234,-45.09584427938862,-48.29966689858035,1.186819314956665,1.1455895900726318,-0.0412297248840332,,AND BIDDING THE OTHERS KEEP A SHARP LOOKOUT MYLES SHINNED UP THIS TREE AND CHOOSING ONE OF THE THICKER LIMBS CLIMBED OUT UPON IT FOR SOME LITTLE DISTANCE THEN LOWERING HIS BODY HE HUNG AT ARM'S LENGTH THE BRANCH BENDING WITH HIS WEIGHT AND SLOWLY LET HIMSELF DOWN,"And Bindi's the army's subject. Look out. Myron and the most advanced trotians have been shown to be one of the 50 men who splurged upon us for sub-lubidism. Then, lowering his body, he hung in arms like this, the branch Bindi with his weight, and slowly let himself down.",0.5050068040000042,0.5050068040000042,0.029683583377417513,0.029683583377417513,1
252,/home/shaozi/ucl/code/audition_pipeline/data/dataset_4mic_3spk/Eval/mic/mic_fileid_252_doa54_3spk.wav,ODAS-SSL-SST-DGSS-MS,separated,1,17.0335,54,/home/shaozi/ucl/code/audition_pipeline/ablation_study/baseline/ODAS/results/ODAS_n_loc+sep+pf/odas_outputs/fileid_252/odas_separated_preddoa052_slot0.wav,nearest_predicted_doa_to_spk1_gt_doa,0,52.110540275896724,1.8894597241032898,3,/home/shaozi/ucl/code/audition_pipeline/data/dataset_4mic_3spk/Eval/text/text_fileid_252_doa54_spk1.txt,0.32,16,50,6.562516501918722,-2.4234792150843454,-8.985995717003068,5.901612764223155,-16.59511937982295,-22.496732144046106,1.276543140411377,1.2648496627807617,-0.011693477630615234,,HE GREW QUITE OUT OF PATIENCE AT LAST AND CUT HIS WAY THRO THE INSULTING MOB WITH HIS RIVAL'S SABRE BUT HE DID NOT KNOW WHAT MEASURES TO PURSUE OR HOW TO RECTIFY SO GROSS A MISTAKE IT WAS NOT IN HIS POWER TO HAVE A SIGHT OF THE QUEEN,He can quite earth patients have lost and cut his way through the insulting mom with his rival's saber. But he did not know what matters to pursued or how to rectify so well so mistake. It was not in his power to have ascited the Queen.,0.3552487149991066,0.3552487149991066,0.020855884873872462,0.020855884873872462,1
253,/home/shaozi/ucl/code/audition_pipeline/data/dataset_4mic_3spk/Eval/mic/mic_fileid_253_doa72_3spk.wav,ODAS-SSL-SST-DGSS-MS,separated,1,14.65025,340,/home/shaozi/ucl/code/audition_pipeline/ablation_study/baseline/ODAS/results/ODAS_n_loc+sep+pf/odas_outputs/fileid_253/odas_separated_preddoa340_slot1.wav,nearest_predicted_doa_to_spk1_gt_doa,1,340.250273348217,0.2502733482169788,1,/home/shaozi/ucl/code/audition_pipeline/data/dataset_4mic_3spk/Eval/text/text_fileid_253_doa340_spk1.txt,0.029411764705882353,1,34,7.5774716803821685,-2.5560064364273725,-10.133478116809542,7.068740423430173,-41.40351332584754,-48.47225374927771,1.6176543235778809,1.5646986961364746,-0.05295562744140625,,HABITUALLY HARDWORKING RARELY STARTLED BY LIFE'S SURPRISES VERY SKILLFUL WITH HIS HANDS EFFICIENT IN HIS EVERY DUTY AND DESPITE HIS HAVING A NAME THAT MEANS COUNSEL NEVER GIVING ADVICE NOT EVEN THE UNSOLICITED KIND,"Habitually hardworking, rarely startled by life's surprises, very skillful with his hands, efficient at his every duty, and despite his having a name that means counsel, never giving advice, not even the unsolicited kind.",0.3163278550000541,0.3163278550000541,0.021591976587433944,0.021591976587433944,1
254,/home/shaozi/ucl/code/audition_pipeline/data/dataset_4mic_3spk/Eval/mic/mic_fileid_254_doa102_3spk.wav,ODAS-SSL-SST-DGSS-MS,separated,1,17.137375,304,/home/shaozi/ucl/code/audition_pipeline/ablation_study/baseline/ODAS/results/ODAS_n_loc+sep+pf/odas_outputs/fileid_254/odas_separated_preddoa347_slot1.wav,nearest_predicted_doa_to_spk1_gt_doa,1,346.54768330590247,42.54768330590247,2,/home/shaozi/ucl/code/audition_pipeline/data/dataset_4mic_3spk/Eval/text/text_fileid_254_doa304_spk1.txt,0.9534883720930233,41,43,2.4587269425602054,-0.14533939858663777,-2.604066341146843,1.8469259585434603,-44.137481821666285,-45.98440778020974,1.0810368061065674,1.0581543445587158,-0.022882461547851562,,WE WERE ABLE TO SWALLOW BUT A FEW MOUTHFULS OF THE REPAST AND OUR LUNCH BASKET WAS DRAWN ON AS SOON AS WE WERE ONCE MORE AFLOAT IT IS A GREAT PITY THAT SO MANY FARMERS WIVES ARE THE WRETCHED COOKS THEY ARE,general for a video in the,0.2974018069999147,0.2974018069999147,0.01735398840253625,0.01735398840253625,1
255,/home/shaozi/ucl/code/audition_pipeline/data/dataset_4mic_3spk/Eval/mic/mic_fileid_255_doa122_3spk.wav,ODAS-SSL-SST-DGSS-MS,separated,1,17.299125,122,/home/shaozi/ucl/code/audition_pipeline/ablation_study/baseline/ODAS/results/ODAS_n_loc+sep+pf/odas_outputs/fileid_255/odas_separated_preddoa118_slot1.wav,nearest_predicted_doa_to_spk1_gt_doa,1,117.86233727669737,4.13766272330264,3,/home/shaozi/ucl/code/audition_pipeline/data/dataset_4mic_3spk/Eval/text/text_fileid_255_doa122_spk1.txt,0.3125,10,32,4.837022839825565,-1.575308670376248,-6.412331510201813,4.946068558055239,-21.454261928030537,-26.400330486085775,1.223117470741272,1.2584593296051025,0.035341858863830566,,SHE ADDED PULLING OUT HER WATCH BY ITS LEATHERN GUARD NOT TILL YOU'VE HAD LUNCH SAID MISSUS WILMINGTON RISING WITH THE LADIES YOU MUST STAY ANNIE I SHALL NOT EXCUSE YOU WELL,"She added, slowing down so much by letting go. Not till you've had much, said Mrs. Wilmington, rising with the ladies. You must stay, and I shall not excuse you. Well?",0.3118103290016734,0.3118103290016734,0.018024630089768897,0.018024630089768897,1
256,/home/shaozi/ucl/code/audition_pipeline/data/dataset_4mic_3spk/Eval/mic/mic_fileid_256_doa87_3spk.wav,ODAS-SSL-SST-DGSS-MS,separated,1,18.3735,87,/home/shaozi/ucl/code/audition_pipeline/ablation_study/baseline/ODAS/results/ODAS_n_loc+sep+pf/odas_outputs/fileid_256/odas_separated_preddoa088_slot0.wav,nearest_predicted_doa_to_spk1_gt_doa,0,87.72928235856443,0.7292823585644328,2,/home/shaozi/ucl/code/audition_pipeline/data/dataset_4mic_3spk/Eval/text/text_fileid_256_doa87_spk1.txt,0.6190476190476191,26,42,5.632071420675004,-1.5642627096201362,-7.19633413029514,4.633337908276288,-14.422664943678164,-19.056002851954453,1.3705028295516968,1.2679779529571533,-0.10252487659454346,,GOOD BYE PRINCESS I WISH YOU HAPPINESS AND CONSOLATION AND HOPE TO MEET YOU AGAIN IN HAPPIER CIRCUMSTANCES IF YOU DON'T WANT TO MAKE ME BLUSH PLEASE DON'T THANK ME BUT THE PRINCESS IF SHE DID NOT AGAIN THANK HIM IN WORDS,"I wish you happiness and consolation. I'm hoping to meet you again at Houndiers University in the census. If you don't want to meet me at Ledge, please don't text me. I'm sorry, I'm sorry. I'm sorry. I'm sorry.",0.41013497399944754,0.41013497399944754,0.022322092905513242,0.022322092905513242,1
257,/home/shaozi/ucl/code/audition_pipeline/data/dataset_4mic_3spk/Eval/mic/mic_fileid_257_doa223_3spk.wav,ODAS-SSL-SST-DGSS-MS,separated,1,16.83375,323,/home/shaozi/ucl/code/audition_pipeline/ablation_study/baseline/ODAS/results/ODAS_n_loc+sep+pf/odas_outputs/fileid_257/odas_separated_preddoa323_slot2.wav,nearest_predicted_doa_to_spk1_gt_doa,2,322.7894277819837,0.21057221801629566,3,/home/shaozi/ucl/code/audition_pipeline/data/dataset_4mic_3spk/Eval/text/text_fileid_257_doa323_spk1.txt,0.3157894736842105,12,38,7.436639614106081,-0.6857951396566603,-8.122434753762741,6.666213044341638,-42.08997958081447,-48.75619262515611,1.3120567798614502,1.2923967838287354,-0.019659996032714844,,THE MOST INTERESTING OF THE SHORT EXCURSIONS WE MADE FROM FORT WRANGELL WAS THE ONE UP THE STICKEEN RIVER TO THE HEAD OF STEAM NAVIGATION FROM MT SAINT ELIAS THE COAST RANGE EXTENDS IN A BROAD LOFTY CHAIN,"The short excursions we made from Fort Reignhill was the one up the sticking river to the head of the sea navigations. From Mount St. Elias the coast range extends and a broad, lofty chain.",0.307559789998777,0.307559789998777,0.01827042637551211,0.01827042637551211,1
258,/home/shaozi/ucl/code/audition_pipeline/data/dataset_4mic_3spk/Eval/mic/mic_fileid_258_doa105_3spk.wav,ODAS-SSL-SST-DGSS-MS,separated,1,17.0025,233,/home/shaozi/ucl/code/audition_pipeline/ablation_study/baseline/ODAS/results/ODAS_n_loc+sep+pf/odas_outputs/fileid_258/odas_separated_preddoa241_slot0.wav,nearest_predicted_doa_to_spk1_gt_doa,0,240.77804420804978,7.778044208049778,3,/home/shaozi/ucl/code/audition_pipeline/data/dataset_4mic_3spk/Eval/text/text_fileid_258_doa233_spk1.txt,0.2903225806451613,9,31,6.045171547107412,-1.8581396458262738,-7.9033111929336854,4.831519408968593,-22.740231961894764,-27.571751370863357,1.4043940305709839,1.3348958492279053,-0.06949818134307861,,IN THE MOST POLITE MANNER TO APPOINT A FRIEND WITH WHOM HE CAPTAIN M M MIGHT COMMUNICATE AND DESIRED THAT THE MEETING MIGHT TAKE PLACE WITH AS LITTLE DELAY AS POSSIBLE,I'd like now to appoint a friend with whom he is Captain M. M. Mike Communicates and desire that the meeting might take place with as little delay as possible.,0.2498721090014442,0.2498721090014442,0.014696198147416214,0.014696198147416214,1
259,/home/shaozi/ucl/code/audition_pipeline/data/dataset_4mic_3spk/Eval/mic/mic_fileid_259_doa21_3spk.wav,ODAS-SSL-SST-DGSS-MS,separated,1,15.717875,171,/home/shaozi/ucl/code/audition_pipeline/ablation_study/baseline/ODAS/results/ODAS_n_loc+sep+pf/odas_outputs/fileid_259/odas_separated_preddoa174_slot1.wav,nearest_predicted_doa_to_spk1_gt_doa,1,173.53868836444042,2.538688364440418,3,/home/shaozi/ucl/code/audition_pipeline/data/dataset_4mic_3spk/Eval/text/text_fileid_259_doa171_spk1.txt,0.967741935483871,30,31,4.509500641452303,-1.2387213938883201,-5.748222035340623,3.9272889995839275,-22.255027431021777,-26.182316430605702,1.4337892532348633,1.3570493459701538,-0.07673990726470947,,A FEW HOURS LATER THAT SAME NIGHT HE RETURNS TO THE BATTERY ROOM AND SUCCEEDS IN RECOVERING THE PORTABLE INSTRUMENT TO DAY LIEUTENANT MACKINSON WHILE PURSUING AN INVESTIGATION OF THE AFFAIR,"If you want to play that same night, you return to the bedroom to succeed in the covering before Wednesday. Today, you can practice and while pursuing your investigation in your fairs, that the telegram flyers will go on.",0.3232907379988319,0.3232907379988319,0.02056834896567328,0.02056834896567328,1
260,/home/shaozi/ucl/code/audition_pipeline/data/dataset_4mic_3spk/Eval/mic/mic_fileid_260_doa135_3spk.wav,ODAS-SSL-SST-DGSS-MS,separated,1,16.526875,250,/home/shaozi/ucl/code/audition_pipeline/ablation_study/baseline/ODAS/results/ODAS_n_loc+sep+pf/odas_outputs/fileid_260/odas_separated_preddoa239_slot1.wav,nearest_predicted_doa_to_spk1_gt_doa,1,238.81132328447381,11.188676715526185,3,/home/shaozi/ucl/code/audition_pipeline/data/dataset_4mic_3spk/Eval/text/text_fileid_260_doa250_spk1.txt,0.08333333333333333,3,36,3.2893747009583434,-1.0676087482089092,-4.356983449167252,2.2410406153415803,-27.035059969132877,-29.276100584474456,1.1996510028839111,1.1704962253570557,-0.02915477752685547,,WHEN THE MEDICINE I HAVE PUT UP IN THE HANDLE OF THE MACE IS HEATED WITH YOUR HAND IT WILL PENETRATE YOUR WHOLE BODY AND AS SOON AS YOU PERSPIRE YOU MAY LEAVE OFF THE EXERCISE,The medicine I have put up in the handle of the base is connected with your hand. It will penetrate your whole body and as soon as you perspire you may leave off the exercise.,0.2672774610000488,0.2672774610000488,0.016172292765574182,0.016172292765574182,1
261,/home/shaozi/ucl/code/audition_pipeline/data/dataset_4mic_3spk/Eval/mic/mic_fileid_261_doa122_3spk.wav,ODAS-SSL-SST-DGSS-MS,separated,1,16.36375,176,/home/shaozi/ucl/code/audition_pipeline/ablation_study/baseline/ODAS/results/ODAS_n_loc+sep+pf/odas_outputs/fileid_261/odas_separated_preddoa179_slot1.wav,nearest_predicted_doa_to_spk1_gt_doa,1,178.728879132251,2.728879132250995,3,/home/shaozi/ucl/code/audition_pipeline/data/dataset_4mic_3spk/Eval/text/text_fileid_261_doa176_spk1.txt,0.13513513513513514,5,37,3.1264695633456214,-0.8806478260244678,-4.007117389370089,1.5479922970625601,-34.83858219370833,-36.3865744907709,1.311276912689209,1.3120988607406616,0.0008219480514526367,,FRENCH BY HER MOTHER HER PROFICIENCY IN EITHER WAS NOT REMARKABLE AND SHE SHIRKED HER LESSONS IN BOTH WHENEVER SHE COULD WHAT A STRANGE UNACCOUNTABLE CHARACTER FOR WITH ALL THESE SYMPTOMS OF PROFLIGACY AT TEN YEARS OLD,"The French by her mother. Her proficiency in either was not remarkable, and she shared her lessons about whatever she could. What a strange, unaccountable character, for with all these symptoms of profligacy at ten years old.",0.32547200699991663,0.32547200699991663,0.019889817859593102,0.019889817859593102,1
262,/home/shaozi/ucl/code/audition_pipeline/data/dataset_4mic_3spk/Eval/mic/mic_fileid_262_doa98_3spk.wav,ODAS-SSL-SST-DGSS-MS,separated,1,15.136875,226,/home/shaozi/ucl/code/audition_pipeline/ablation_study/baseline/ODAS/results/ODAS_n_loc+sep+pf/odas_outputs/fileid_262/odas_separated_preddoa223_slot2.wav,nearest_predicted_doa_to_spk1_gt_doa,2,223.25943468794628,2.740565312053718,3,/home/shaozi/ucl/code/audition_pipeline/data/dataset_4mic_3spk/Eval/text/text_fileid_262_doa226_spk1.txt,0.24242424242424243,8,33,5.192164660965143,-1.2196487422067472,-6.41181340317189,4.399024514537851,-22.742571476657638,-27.141595991195487,1.2560361623764038,1.1775646209716797,-0.07847154140472412,,FULL OF FLAUNTING BANNERS FULL OF THE MARCH AND PAGEANTRY OF OPENING WAR AND THE FEET OF THE PEOPLE WERE BEATING TIME TRAMP TRAMP HE WAS URGED TOWARDS THE DOOR HE OBEYED MECHANICALLY,"Full of the march and pageantry of open war, and the feet of the people were behind time. Trent, Trent, he was urged towards the door. He obeyed mechanically.",0.2618750439996802,0.2618750439996802,0.01730046948261647,0.01730046948261647,1
263,/home/shaozi/ucl/code/audition_pipeline/data/dataset_4mic_3spk/Eval/mic/mic_fileid_263_doa26_3spk.wav,ODAS-SSL-SST-DGSS-MS,separated,1,16.489125,62,/home/shaozi/ucl/code/audition_pipeline/ablation_study/baseline/ODAS/results/ODAS_n_loc+sep+pf/odas_outputs/fileid_263/odas_separated_preddoa058_slot0.wav,nearest_predicted_doa_to_spk1_gt_doa,0,58.020402649559365,3.9795973504406277,2,/home/shaozi/ucl/code/audition_pipeline/data/dataset_4mic_3spk/Eval/text/text_fileid_263_doa62_spk1.txt,0.02857142857142857,1,35,3.5281681899983797,-2.165509265991327,-5.6936774559897065,3.3945299141654033,-24.864616682852937,-28.25914659701834,1.2570456266403198,1.2398691177368164,-0.017176508903503418,,SHE WAS ANGRY WITH HERSELF BECAUSE SHE FELT THAT IN SPEAKING OF CONNISTON SHE HAD COLORED AND AS A MATTER OF FACT SHE GREATLY ADMIRED THE YOUNG LORD EVEN THOUGH THEY HAD ONLY MET ONCE,"She was angry with herself because she felt that in speaking of Coniston she had colored. And as a matter of fact she greatly admired the young Lord, even though they had only met once.",0.2673109569986991,0.2673109569986991,0.01621134881315407,0.01621134881315407,1
264,/home/shaozi/ucl/code/audition_pipeline/data/dataset_4mic_3spk/Eval/mic/mic_fileid_264_doa124_3spk.wav,ODAS-SSL-SST-DGSS-MS,separated,1,17.0365,124,/home/shaozi/ucl/code/audition_pipeline/ablation_study/baseline/ODAS/results/ODAS_n_loc+sep+pf/odas_outputs/fileid_264/odas_separated_preddoa137_slot1.wav,nearest_predicted_doa_to_spk1_gt_doa,1,136.71856304235948,12.718563042359477,2,/home/shaozi/ucl/code/audition_pipeline/data/dataset_4mic_3spk/Eval/text/text_fileid_264_doa124_spk1.txt,0.10810810810810811,4,37,4.637716401802545,-1.3563881418547876,-5.994104543657333,4.534402080352634,-28.692722963577275,-33.22712504392991,1.1509668827056885,1.1493779420852661,-0.0015889406204223633,,WERE SO FULL OF AFFABILITY THAT THEY WOULD HAVE SHAKEN HANDS EVEN WITH THE BANKER'S SERVANTS SO MUCH DID THEIR GRATITUDE NEED AN OBJECT TO EXPEND ITSELF UPON ONE THING ABOVE ALL THE REST HEIGHTENED THE RESPECT,"We're so full of affability that they would have shaken hands even with the bank of service. So much did their gratitude need an object to expend itself upon. One thing above all the rest, heighten the respect.",0.3114948780003033,0.3114948780003033,0.01828397135563662,0.01828397135563662,1
265,/home/shaozi/ucl/code/audition_pipeline/data/dataset_4mic_3spk/Eval/mic/mic_fileid_265_doa188_3spk.wav,ODAS-SSL-SST-DGSS-MS,separated,1,16.23875,292,/home/shaozi/ucl/code/audition_pipeline/ablation_study/baseline/ODAS/results/ODAS_n_loc+sep+pf/odas_outputs/fileid_265/odas_separated_preddoa303_slot2.wav,nearest_predicted_doa_to_spk1_gt_doa,2,303.3661669645877,11.366166964587705,2,/home/shaozi/ucl/code/audition_pipeline/data/dataset_4mic_3spk/Eval/text/text_fileid_265_doa292_spk1.txt,0.925,37,40,3.933783164840876,-0.6113080294470385,-4.545091194287915,2.9207483720858236,-26.891441141953393,-29.81218951403922,1.1258411407470703,1.0253827571868896,-0.10045838356018066,,FANCY IF YOU CAN MY EXTREME HORROR AT FINDING A MOUSE DROWNED IN THAT PUDDING SAUCE I LIFTED THE MOUSE OUT WITH A SPOON AND THREW IT OUT IN THE YARD AND THEN I WASHED THE SPOON IN THREE WATERS,"I looked at the mouth down here and said, do it out in the yard. And then I watched it see free water. I said, thank you, church. That's what I said.",0.30628245800107834,0.30628245800107834,0.018861209021696766,0.018861209021696766,1
266,/home/shaozi/ucl/code/audition_pipeline/data/dataset_4mic_3spk/Eval/mic/mic_fileid_266_doa106_3spk.wav,ODAS-SSL-SST-DGSS-MS,separated,1,16.622125,359,/home/shaozi/ucl/code/audition_pipeline/ablation_study/baseline/ODAS/results/ODAS_n_loc+sep+pf/odas_outputs/fileid_266/odas_separated_preddoa358_slot1.wav,nearest_predicted_doa_to_spk1_gt_doa,1,357.93862309500213,1.0613769049978714,3,/home/shaozi/ucl/code/audition_pipeline/data/dataset_4mic_3spk/Eval/text/text_fileid_266_doa359_spk1.txt,0.24444444444444444,11,45,6.822762875669315,-1.3117077570171565,-8.13447063268647,6.679348445960955,-25.88942206807694,-32.568770514037894,1.3148263692855835,1.2141802310943604,-0.10064613819122314,,HE ENUMERATED THE REFORMS PASSED FIFTY YEARS BEFORE ON THIS VERY DAY BY WHICH THE NATION ONCE AND FOR ALL DECLARED THE GLORY OF POVERTY AND MAN'S SYMPATHY WITH THE UNFORTUNATE SO HE HAD TOLD THEM HE WAS TO SING THE PRAISE OF PATIENT POVERTY,He illuminated the reforms he had passed 50 years before on this very day by which the nation once came for all to declare the glory of poverty and man's sins. So he had told them he was to sing the praise of patient poverty.,0.3161110049986746,0.3161110049986746,0.019017484527319738,0.019017484527319738,1
267,/home/shaozi/ucl/code/audition_pipeline/data/dataset_4mic_3spk/Eval/mic/mic_fileid_267_doa81_3spk.wav,ODAS-SSL-SST-DGSS-MS,separated,1,16.799875,311,/home/shaozi/ucl/code/audition_pipeline/ablation_study/baseline/ODAS/results/ODAS_n_loc+sep+pf/odas_outputs/fileid_267/odas_separated_preddoa304_slot0.wav,nearest_predicted_doa_to_spk1_gt_doa,0,303.68875264892824,7.311247351071756,2,/home/shaozi/ucl/code/audition_pipeline/data/dataset_4mic_3spk/Eval/text/text_fileid_267_doa311_spk1.txt,0.5588235294117647,19,34,1.9252005884594756,-2.0633962324176207,-3.9885968208770963,2.5222131879370764,-19.442730895066262,-21.96494408300334,1.3315215110778809,1.3253751993179321,-0.0061463117599487305,,WE'LL ALL MEET HERE GREGG SAY ABOUT THE ZERO HOUR WE MUST TAKE SOME PRECAUTIONS THEN HE DISMISSED ME I FOUND VENZA SEATED ALONE IN A STARLIT CORNER OF THE SECLUDED DECK A PORTHOLE,"I found Venza seated alone in a starlit corner of the secluded deck, a porthole.",0.16030467800010229,0.16030467800010229,0.009542016116197429,0.009542016116197429,1
268,/home/shaozi/ucl/code/audition_pipeline/data/dataset_4mic_3spk/Eval/mic/mic_fileid_268_doa43_3spk.wav,ODAS-SSL-SST-DGSS-MS,separated,1,16.925,354,/home/shaozi/ucl/code/audition_pipeline/ablation_study/baseline/ODAS/results/ODAS_n_loc+sep+pf/odas_outputs/fileid_268/odas_separated_preddoa354_slot1.wav,nearest_predicted_doa_to_spk1_gt_doa,1,353.5532744349846,0.44672556501541294,3,/home/shaozi/ucl/code/audition_pipeline/data/dataset_4mic_3spk/Eval/text/text_fileid_268_doa354_spk1.txt,0.5681818181818182,25,44,2.996124016461689,-1.0827475011245364,-4.078871517586226,3.256708977907614,-41.56036706058483,-44.817076038492445,1.2224397659301758,1.1188145875930786,-0.10362517833709717,,CLIMBED BACK INTO THE TREE MINUTES LATER HE DISCOVERED THAT THERE WERE MORE THAN TWO OF THE BEASTS WAITING QUIETLY ABOUT THE CAMP AND THAT THEIR SENTRY LINE RAN BETWEEN HIM AND THE CLEARING OF THE L B HE WITHDREW FARTHER INTO THE WOOD,"Later, he discovered that there were more than two of the beasts, we are quite knee about to count, and that their central line ran between him and the clear ICLB. He mentioned the father incident went into every line and car.",0.33391701499931514,0.33391701499931514,0.019729218020639004,0.019729218020639004,1
269,/home/shaozi/ucl/code/audition_pipeline/data/dataset_4mic_3spk/Eval/mic/mic_fileid_269_doa18_3spk.wav,ODAS-SSL-SST-DGSS-MS,separated,1,16.5305,163,/home/shaozi/ucl/code/audition_pipeline/ablation_study/baseline/ODAS/results/ODAS_n_loc+sep+pf/odas_outputs/fileid_269/odas_separated_preddoa180_slot0.wav,nearest_predicted_doa_to_spk1_gt_doa,0,180.17904157807027,17.17904157807027,2,/home/shaozi/ucl/code/audition_pipeline/data/dataset_4mic_3spk/Eval/text/text_fileid_269_doa163_spk1.txt,0.9230769230769231,24,26,2.3870389470670488,-0.8096339162125538,-3.1966728632796024,0.9794997933078342,-37.0049954268457,-37.98449522015353,1.1765623092651367,1.0290814638137817,-0.14748084545135498,,ONE OF THESE CONCLUSIONS WAS THAT THERE WERE THINGS MORE SOLID IN LIFE THAN FINE WHISKERS AND A TITLE AND THAT IN ACCEPTING A SECOND HUSBAND,We have a great difficulty in keeping our feet.,0.09149069500017504,0.09149069500017504,0.005534659871157862,0.005534659871157862,1
270,/home/shaozi/ucl/code/audition_pipeline/data/dataset_4mic_3spk/Eval/mic/mic_fileid_270_doa4_3spk.wav,ODAS-SSL-SST-DGSS-MS,separated,1,17.77675,4,/home/shaozi/ucl/code/audition_pipeline/ablation_study/baseline/ODAS/results/ODAS_n_loc+sep+pf/odas_outputs/fileid_270/odas_separated_preddoa005_slot1.wav,nearest_predicted_doa_to_spk1_gt_doa,1,4.519474428081479,0.5194744280814803,3,/home/shaozi/ucl/code/audition_pipeline/data/dataset_4mic_3spk/Eval/text/text_fileid_270_doa4_spk1.txt,0.9705882352941176,33,34,5.833545121199108,-0.5135244118961444,-6.347069533095252,4.797634308772981,-18.306435843354066,-23.104070152127047,1.1462150812149048,1.0709792375564575,-0.07523584365844727,,BUT THE GROUND FOR THAT WAS GONE AND MISSUS LOW WAS NO LONGER PAINFULLY SEVERE A FEW WORDS WERE SAID AS TO HIS GREAT LOSS MISSUS LOW ONCE RAISED HER EYEBROWS IN PRETENDED SURPRISE,F Thisinka and the vardırech you,2.14718472900131,2.14718472900131,0.1207861239541148,0.1207861239541148,1
271,/home/shaozi/ucl/code/audition_pipeline/data/dataset_4mic_3spk/Eval/mic/mic_fileid_271_doa16_3spk.wav,ODAS-SSL-SST-DGSS-MS,separated,1,16.862375,191,/home/shaozi/ucl/code/audition_pipeline/ablation_study/baseline/ODAS/results/ODAS_n_loc+sep+pf/odas_outputs/fileid_271/odas_separated_preddoa196_slot0.wav,nearest_predicted_doa_to_spk1_gt_doa,0,195.75063433029683,4.750634330296833,3,/home/shaozi/ucl/code/audition_pipeline/data/dataset_4mic_3spk/Eval/text/text_fileid_271_doa191_spk1.txt,0.9642857142857143,27,28,3.648842685812733,-0.898065607478954,-4.546908293291687,1.2110443480866027,-20.012394718725268,-21.22343906681187,1.1631312370300293,1.0826876163482666,-0.0804436206817627,,THE LATTER STREAM TRAVERSES DREARY PLAINS WHERE ALMOST NOTHING BUT SAGEBRUSH GROWS THE MAUMEE WATERS A SMILING VALLEY WHERE ORCHARDS FIELDS AND MEADOWS ALTERNATE WITH SUGAR MAPLE GROVES,"... It should rush against his passing, so that she could open it if she liked and call to him.",1.520015672000227,1.520015672000227,0.09014244268676429,0.09014244268676429,1
272,/home/shaozi/ucl/code/audition_pipeline/data/dataset_4mic_3spk/Eval/mic/mic_fileid_272_doa59_3spk.wav,ODAS-SSL-SST-DGSS-MS,separated,1,16.6745,354,/home/shaozi/ucl/code/audition_pipeline/ablation_study/baseline/ODAS/results/ODAS_n_loc+sep+pf/odas_outputs/fileid_272/odas_separated_preddoa354_slot1.wav,nearest_predicted_doa_to_spk1_gt_doa,1,354.00014229859465,0.00014229859465331174,3,/home/shaozi/ucl/code/audition_pipeline/data/dataset_4mic_3spk/Eval/text/text_fileid_272_doa354_spk1.txt,0.2894736842105263,11,38,1.4222887652038674,-1.9680604751171724,-3.39034924032104,2.1759915121081255,-21.207430922037354,-23.38342243414548,1.1499907970428467,1.125303030014038,-0.024687767028808594,,AND SOCIAL TEMPER BY ENTERING INTO THE MILITIA OF HIS COUNTY THEN EMBODIED CAPTAIN WESTON WAS A GENERAL FAVOURITE AND WHEN THE CHANCES OF HIS MILITARY LIFE HAD INTRODUCED HIM TO MISS CHURCHILL OF A GREAT YORKSHIRE FAMILY,"In social supper by entry into the Zidishah, these captives then invited Captain Weston as a general favorite, and when the chances of his military life had introduced him to Miss Churchill of a great Yerkshire family.",0.32426936099909653,0.32426936099909653,0.01944702155981268,0.01944702155981268,1
273,/home/shaozi/ucl/code/audition_pipeline/data/dataset_4mic_3spk/Eval/mic/mic_fileid_273_doa24_3spk.wav,ODAS-SSL-SST-DGSS-MS,separated,1,16.098875,24,/home/shaozi/ucl/code/audition_pipeline/ablation_study/baseline/ODAS/results/ODAS_n_loc+sep+pf/odas_outputs/fileid_273/odas_separated_preddoa029_slot2.wav,nearest_predicted_doa_to_spk1_gt_doa,2,29.137658734664942,5.137658734664939,3,/home/shaozi/ucl/code/audition_pipeline/data/dataset_4mic_3spk/Eval/text/text_fileid_273_doa24_spk1.txt,0.20454545454545456,9,44,4.910662579625158,-1.5773720726441973,-6.488034652269356,4.17616156301651,-27.74265182036723,-31.91881338338374,1.230610728263855,1.0559911727905273,-0.17461955547332764,,THROUGH WHICH I SAW SHRUBS AND A GRASS PLAT LOOKING PLEASANT IN THE SUNSHINE OF THE MILD SPRING EVENING FOR IT WAS NOW THE MIDDLE OF APRIL THIS THEN WAS MY FIRST GLIMPSE OF THE GARDEN BUT I HAD NOT TIME TO LOOK LONG,"Through which I saw shrubs and a glass of posh, looking pleasant in the sunshine of the vile squirreling, but it was not the middle of April. This, then, was my first glimpse of the garden house, but I had not time to look long.",0.3835007850011607,0.3835007850011607,0.02382158908626601,0.02382158908626601,1
274,/home/shaozi/ucl/code/audition_pipeline/data/dataset_4mic_3spk/Eval/mic/mic_fileid_274_doa14_3spk.wav,ODAS-SSL-SST-DGSS-MS,separated,1,16.44,111,/home/shaozi/ucl/code/audition_pipeline/ablation_study/baseline/ODAS/results/ODAS_n_loc+sep+pf/odas_outputs/fileid_274/odas_separated_preddoa112_slot2.wav,nearest_predicted_doa_to_spk1_gt_doa,2,111.61514805804853,0.6151480580485327,3,/home/shaozi/ucl/code/audition_pipeline/data/dataset_4mic_3spk/Eval/text/text_fileid_274_doa111_spk1.txt,0.16216216216216217,6,37,7.139447982811374,-0.7763325623666177,-7.9157805451779915,6.944281731151715,-23.43373899948267,-30.378020730634386,1.3642321825027466,1.3022539615631104,-0.06197822093963623,,EVEN TO A DARK LANTERN THE END OF THE FILM IS SURE TO BE JOLLY GOOD CHEER ATTRACTS GOOD LUCK CHEER UP IF YOU HAVEN'T A SMILE GET ONE OF SOMEBODY AND WEAR IT AS YOUR OWN,"End of the film is sure to be jolly. Good cheer attracts good luck. Cheer up. If you haven't a smile, get one of somebody and wear it as your own.",0.2840656360003777,0.2840656360003777,0.01727893163019329,0.01727893163019329,1
275,/home/shaozi/ucl/code/audition_pipeline/data/dataset_4mic_3spk/Eval/mic/mic_fileid_275_doa2_3spk.wav,ODAS-SSL-SST-DGSS-MS,separated,1,16.928625,2,/home/shaozi/ucl/code/audition_pipeline/ablation_study/baseline/ODAS/results/ODAS_n_loc+sep+pf/odas_outputs/fileid_275/odas_separated_preddoa349_slot0.wav,nearest_predicted_doa_to_spk1_gt_doa,0,348.8259897033144,13.174010296685537,2,/home/shaozi/ucl/code/audition_pipeline/data/dataset_4mic_3spk/Eval/text/text_fileid_275_doa2_spk1.txt,0.6041666666666666,29,48,4.467585251055835,-0.9881991549223379,-5.455784405978173,4.217591770140141,-30.79478506709625,-35.01237683723639,1.1914504766464233,1.119494915008545,-0.07195556163787842,,TO COME OUT OF IT BRIGHT AND SMILING AND NOW IT HAS MADE TWO PEOPLE HAPPY PHRONSIE POLLY HAD SAID WHEN THE PRESENTATION WAS WELL OVER AND SHE ENDED UP WITH A KISS IT MADE ME HAPPY IN THE FIRST PLACE BECAUSE YOU THOUGHT OF ME AND THEN,"I know it's made two people happy, but we could still sign it and the presentation was well over. It made me happy in the first place, because you saw it and then...",0.5708346829997026,0.5708346829997026,0.03372008553557673,0.03372008553557673,1
276,/home/shaozi/ucl/code/audition_pipeline/data/dataset_4mic_3spk/Eval/mic/mic_fileid_276_doa35_3spk.wav,ODAS-SSL-SST-DGSS-MS,separated,1,16.7675,127,/home/shaozi/ucl/code/audition_pipeline/ablation_study/baseline/ODAS/results/ODAS_n_loc+sep+pf/odas_outputs/fileid_276/odas_separated_preddoa117_slot1.wav,nearest_predicted_doa_to_spk1_gt_doa,1,117.29700567552803,9.702994324471973,2,/home/shaozi/ucl/code/audition_pipeline/data/dataset_4mic_3spk/Eval/text/text_fileid_276_doa127_spk1.txt,0.6666666666666666,20,30,4.312596438061211,-1.2611622758005367,-5.573758713861748,2.575936012293152,-34.842308860616136,-37.418244872909284,1.2090544700622559,1.2308597564697266,0.021805286407470703,,IS A GROWING HUNTER AT ONE HUNDRED AND THREE GODDARD DIAMOND WAS A GROWING TEACHER OF HEALTH WHEN HE WAS ONE HUNDRED AND ELEVEN I KNOW A BRIGHT CHEERY LADY,"is a growing hunter that I'm at 100 and free, that God of diamonds was a growing teacher of health when he was 111. I know a bright, cheery lady. I can only accept it with joy.",0.33611764399938693,0.33611764399938693,0.020045781660914683,0.020045781660914683,1
277,/home/shaozi/ucl/code/audition_pipeline/data/dataset_4mic_3spk/Eval/mic/mic_fileid_277_doa52_3spk.wav,ODAS-SSL-SST-DGSS-MS,separated,1,14.9415,303,/home/shaozi/ucl/code/audition_pipeline/ablation_study/baseline/ODAS/results/ODAS_n_loc+sep+pf/odas_outputs/fileid_277/odas_separated_preddoa304_slot1.wav,nearest_predicted_doa_to_spk1_gt_doa,1,303.60293633700763,0.6029363370076339,3,/home/shaozi/ucl/code/audition_pipeline/data/dataset_4mic_3spk/Eval/text/text_fileid_277_doa303_spk1.txt,0.0,0,22,4.225075302530099,-1.0555509051945515,-5.280626207724651,3.7757032315013044,-23.500995290436116,-27.27669852193742,1.5953960418701172,1.3945461511611938,-0.20084989070892334,,HE APPEARED CHANGED AS IF HE HAD SUDDENLY MATURED ONE COULDN'T BE SURE HE MUTTERED AH YOU WERE NOT SURE I SAID,"He appeared changed as if he had suddenly matured. One couldn't be sure, he muttered. Ah, you were not sure, I said.",0.23362472599910689,0.23362472599910689,0.015635961985015354,0.015635961985015354,1
278,/home/shaozi/ucl/code/audition_pipeline/data/dataset_4mic_3spk/Eval/mic/mic_fileid_278_doa13_3spk.wav,ODAS-SSL-SST-DGSS-MS,separated,1,17.2825,102,/home/shaozi/ucl/code/audition_pipeline/ablation_study/baseline/ODAS/results/ODAS_n_loc+sep+pf/odas_outputs/fileid_278/odas_separated_preddoa095_slot1.wav,nearest_predicted_doa_to_spk1_gt_doa,1,94.85840922875138,7.141590771248616,3,/home/shaozi/ucl/code/audition_pipeline/data/dataset_4mic_3spk/Eval/text/text_fileid_278_doa102_spk1.txt,0.6153846153846154,24,39,5.215957314513259,-0.5429597429385746,-5.758917057451834,4.1632821683358925,-22.529996233546647,-26.69327840188254,1.3014240264892578,1.1596201658248901,-0.14180386066436768,,AND SO THEY KEPT PLAYING WITH THE FESTOONS AND STEPPING ABOUT THE PEWS TO PLEASE HIM NATHAN FELT A COLD THRILL PARTLY FROM PLEASURE AND PARTLY FROM AWE RUNNING UP HIS BACK AND A STRONG PAIN ACROSS HIS FOREHEAD,"He is in step with Dr. Thoswell for these reasons. Nathan's got the cold, the gruel, partly from pleasure, partly from harm, running up his bad face, and a strong pain across his forehead.",0.31801341099890124,0.31801341099890124,0.01840089171120505,0.01840089171120505,1
279,/home/shaozi/ucl/code/audition_pipeline/data/dataset_4mic_3spk/Eval/mic/mic_fileid_279_doa26_3spk.wav,ODAS-SSL-SST-DGSS-MS,separated,1,17.262875,220,/home/shaozi/ucl/code/audition_pipeline/ablation_study/baseline/ODAS/results/ODAS_n_loc+sep+pf/odas_outputs/fileid_279/odas_separated_preddoa230_slot2.wav,nearest_predicted_doa_to_spk1_gt_doa,2,229.78337786340168,9.783377863401682,3,/home/shaozi/ucl/code/audition_pipeline/data/dataset_4mic_3spk/Eval/text/text_fileid_279_doa220_spk1.txt,0.18421052631578946,7,38,5.356637904448122,-0.46887455958516483,-5.825512464033286,4.873779812737164,-29.168457014305528,-34.04223682704269,1.2243380546569824,1.1629126071929932,-0.06142544746398926,,AS I HAVE SAID ELSEWHERE SUCH EFFORTS ARE GENERALLY USELESS AND RESULTED ONLY IN DAMAGE TO HIS FINANCIAL POSITION AND HIS REPUTATION NO DOUBT HE OFTEN INVITED ATTACKS UPON HIMSELF BY A RASHNESS BORN OF HIS ARDENT SYMPATHY,said elsewhere such efforts are generally useless and resulted only in damage to his financial position and his reputation. Till now he often invited attacks upon himself by Erasmus born of his ardent sympathy.,0.2796386030004214,0.2796386030004214,0.01619884306643137,0.01619884306643137,1
280,/home/shaozi/ucl/code/audition_pipeline/data/dataset_4mic_3spk/Eval/mic/mic_fileid_280_doa27_3spk.wav,ODAS-SSL-SST-DGSS-MS,separated,1,15.44875,27,/home/shaozi/ucl/code/audition_pipeline/ablation_study/baseline/ODAS/results/ODAS_n_loc+sep+pf/odas_outputs/fileid_280/odas_separated_preddoa012_slot0.wav,nearest_predicted_doa_to_spk1_gt_doa,0,11.87031040051091,15.129689599489097,2,/home/shaozi/ucl/code/audition_pipeline/data/dataset_4mic_3spk/Eval/text/text_fileid_280_doa27_spk1.txt,0.06666666666666667,2,30,5.338693590466489,-2.506072680341751,-7.84476627080824,4.460378514669832,-17.783341724554923,-22.243720239224753,1.455550193786621,1.3875608444213867,-0.06798934936523438,,CAPRON COULD NOT POSSIBLY HAVE FIRED INTO US AT ANY TIME UNLESS HE HAD TURNED DIRECTLY AROUND IN HIS TRACKS AND AIMED UP THE VERY TRAIL HE HAD JUST DESCENDED,Capron could not possibly have fired into us at any time unless he had turned directly around in his tracks and named up in the very trail he had just descended.,0.22300592999999935,0.22300592999999935,0.014435208673840884,0.014435208673840884,1
281,/home/shaozi/ucl/code/audition_pipeline/data/dataset_4mic_3spk/Eval/mic/mic_fileid_281_doa220_3spk.wav,ODAS-SSL-SST-DGSS-MS,separated,1,17.33225,355,/home/shaozi/ucl/code/audition_pipeline/ablation_study/baseline/ODAS/results/ODAS_n_loc+sep+pf/odas_outputs/fileid_281/odas_separated_preddoa352_slot0.wav,nearest_predicted_doa_to_spk1_gt_doa,0,352.25549828994383,2.74450171005617,2,/home/shaozi/ucl/code/audition_pipeline/data/dataset_4mic_3spk/Eval/text/text_fileid_281_doa355_spk1.txt,0.125,6,48,3.5811141582064456,-2.821392475531912,-6.402506633738358,3.467082817474928,-11.495852144200358,-14.962934961675286,1.202916145324707,1.1189069747924805,-0.08400917053222656,,AND HE ALSO NEEDED A LARGER FORCE THAN HE HAD WITH HIM AND HE THEREFORE CAPTURED SOME MEN WHO WERE FISHING ALONG THE COAST AND PUT THEM INTO HIS CANOES TO HELP WORK THE OARS THEN BY NIGHT HE PROCEEDED SLOWLY IN THE DIRECTION OF THE SPANISH VESSEL,"He had a larger force than he had with him, and he therefore captured some men who were fishing along the coast, and put them into his canoes to help the war. Then by 19 he proceeded slowly in the direction of the Spanish vessel.",0.3466191939987766,0.3466191939987766,0.019998511099180813,0.019998511099180813,1
282,/home/shaozi/ucl/code/audition_pipeline/data/dataset_4mic_3spk/Eval/mic/mic_fileid_282_doa55_3spk.wav,ODAS-SSL-SST-DGSS-MS,separated,1,16.244125,276,/home/shaozi/ucl/code/audition_pipeline/ablation_study/baseline/ODAS/results/ODAS_n_loc+sep+pf/odas_outputs/fileid_282/odas_separated_preddoa274_slot0.wav,nearest_predicted_doa_to_spk1_gt_doa,0,273.92178430876874,2.0782156912312644,3,/home/shaozi/ucl/code/audition_pipeline/data/dataset_4mic_3spk/Eval/text/text_fileid_282_doa276_spk1.txt,0.7368421052631579,28,38,8.408752346478002,0.14325535966909883,-8.265496986808904,7.741033518469838,-14.730015870253412,-22.47104938872325,1.3874709606170654,1.1010740995407104,-0.286396861076355,,I SUPPOSE YOU CONSIDER YOURSELVES ALMOST YOUNG LADIES BUT YOU SEE I AM AN OLD WOMAN I WAS GOING TO TELL YOU A LITTLE ABOUT MY LIFE BUT I SUPPOSE YOU ALREADY KNOW MOST OF THE IMPORTANT THINGS,I suppose you already know most of the important things.,0.09865378000176861,0.09865378000176861,0.006073197540758188,0.006073197540758188,1
283,/home/shaozi/ucl/code/audition_pipeline/data/dataset_4mic_3spk/Eval/mic/mic_fileid_283_doa126_3spk.wav,ODAS-SSL-SST-DGSS-MS,separated,1,16.867375,302,/home/shaozi/ucl/code/audition_pipeline/ablation_study/baseline/ODAS/results/ODAS_n_loc+sep+pf/odas_outputs/fileid_283/odas_separated_preddoa304_slot0.wav,nearest_predicted_doa_to_spk1_gt_doa,0,303.64230778751676,1.6423077875167564,2,/home/shaozi/ucl/code/audition_pipeline/data/dataset_4mic_3spk/Eval/text/text_fileid_283_doa302_spk1.txt,0.9722222222222222,35,36,4.439496619870171,-0.05837532011869956,-4.497871939988871,3.211006071907598,-39.13888513307513,-42.349891204982725,1.1685724258422852,1.058983564376831,-0.1095888614654541,,AND ALL OF THEM FELL IN SO CHEERILY O DEAR ME IT IS A SCRAP OF OLD EPHREM THE SYRIAN IF THEY DID BUT KNOW IT AND WHEN AFTER THIS HARRY WOULD FAIN HAVE DRIVEN ON,Science –哪裡 And index –iversity Beijing Sino-M Turns pointing to the border,0.5562433129998681,0.5562433129998681,0.03297746762610472,0.03297746762610472,1
284,/home/shaozi/ucl/code/audition_pipeline/data/dataset_4mic_3spk/Eval/mic/mic_fileid_284_doa4_3spk.wav,ODAS-SSL-SST-DGSS-MS,separated,1,15.851625,256,/home/shaozi/ucl/code/audition_pipeline/ablation_study/baseline/ODAS/results/ODAS_n_loc+sep+pf/odas_outputs/fileid_284/odas_separated_preddoa258_slot1.wav,nearest_predicted_doa_to_spk1_gt_doa,1,257.62654641441765,1.6265464144176462,3,/home/shaozi/ucl/code/audition_pipeline/data/dataset_4mic_3spk/Eval/text/text_fileid_284_doa256_spk1.txt,0.0851063829787234,4,47,3.1567545648307345,-2.1363528717543905,-5.2931074365851245,2.939873976442438,-24.080844446708802,-27.02071842315124,1.235158085823059,1.1899625062942505,-0.045195579528808594,,THEN AS IT WAS DIFFICULT TO SUGGEST A MORE REASONABLE PROPOSAL HE AGREED TO IT BOTH DESCENDED TO THE CHAMBER IN WHICH THE WOUNDED MAN LAY THE LATTER ON SEEING THESE TWO NOBLE LORDS WHO CAME TO VISIT HIM ENDEAVORED TO RAISE HIMSELF UP IN HIS BED,"Then it was difficult to suggest a more reasonable proposal. He agreed to it. Both descended to the chamber in which the wounded man lay, a ladder on scene, these two noble lords who came to visit him, endeavored to raise himself up in his bed.",0.3640947240000969,0.3640947240000969,0.0229689211043093,0.0229689211043093,1
285,/home/shaozi/ucl/code/audition_pipeline/data/dataset_4mic_3spk/Eval/mic/mic_fileid_285_doa48_3spk.wav,ODAS-SSL-SST-DGSS-MS,separated,1,17.0735,274,/home/shaozi/ucl/code/audition_pipeline/ablation_study/baseline/ODAS/results/ODAS_n_loc+sep+pf/odas_outputs/fileid_285/odas_separated_preddoa276_slot1.wav,nearest_predicted_doa_to_spk1_gt_doa,1,275.7395528162084,1.739552816208402,3,/home/shaozi/ucl/code/audition_pipeline/data/dataset_4mic_3spk/Eval/text/text_fileid_285_doa274_spk1.txt,1.0,30,30,4.945279150225035,-0.30207640590609525,-5.24735555613113,5.018405259133073,-50.41035959215297,-55.42876485128605,1.1733132600784302,1.0352954864501953,-0.13801777362823486,,TAKE PART IN THE GAMES OF THE PRINCESS TILL AT LAST ONE FINE MORNING WHEN THE PRINCESS STARTED FROM BED AND HASTENED OUT TO JOIN HER GAY PLAYFELLOWS SHE SHUDDERED,be,0.5660328269987076,0.5660328269987076,0.03315271192190867,0.03315271192190867,1
286,/home/shaozi/ucl/code/audition_pipeline/data/dataset_4mic_3spk/Eval/mic/mic_fileid_286_doa62_3spk.wav,ODAS-SSL-SST-DGSS-MS,separated,1,15.479125,62,/home/shaozi/ucl/code/audition_pipeline/ablation_study/baseline/ODAS/results/ODAS_n_loc+sep+pf/odas_outputs/fileid_286/odas_separated_preddoa061_slot1.wav,nearest_predicted_doa_to_spk1_gt_doa,1,61.35695565444791,0.6430443455520845,3,/home/shaozi/ucl/code/audition_pipeline/data/dataset_4mic_3spk/Eval/text/text_fileid_286_doa62_spk1.txt,0.17142857142857143,6,35,4.01670941552624,-0.6395938949619744,-4.656303310488214,3.206508605825817,-18.28708031285339,-21.493588918679208,1.3213897943496704,1.23801589012146,-0.08337390422821045,,BY WHOM DID THE QUEEN SEND YOU THIS JEWEL SHE GAVE IT TO ME HERSELF WHERE IN THE ROOM ADJOINING THE CHAMBER IN WHICH SHE CHANGED HER TOILET HOW GIVING ME HER HAND TO KISS,"By whom to the Queen's injurious jewel, she gave it to me herself, where, in the room adjoining the chamber in which she changed her toilet, how, giving me her hand to Kenny.",0.29180385900144756,0.29180385900144756,0.018851444057816417,0.018851444057816417,1
287,/home/shaozi/ucl/code/audition_pipeline/data/dataset_4mic_3spk/Eval/mic/mic_fileid_287_doa99_3spk.wav,ODAS-SSL-SST-DGSS-MS,separated,1,16.890875,147,/home/shaozi/ucl/code/audition_pipeline/ablation_study/baseline/ODAS/results/ODAS_n_loc+sep+pf/odas_outputs/fileid_287/odas_separated_preddoa145_slot1.wav,nearest_predicted_doa_to_spk1_gt_doa,1,144.9987449331193,2.0012550668807023,3,/home/shaozi/ucl/code/audition_pipeline/data/dataset_4mic_3spk/Eval/text/text_fileid_287_doa147_spk1.txt,0.5652173913043478,26,46,3.7402900414808418,-1.0436156080643681,-4.7839056495452095,3.520743849417073,-29.246445092545052,-32.767188941962125,1.1070669889450073,1.0994035005569458,-0.0076634883880615234,,NO SOONER HAD CHARLES TAKEN INTO HIS HANDS THE REINS OF GOVERNMENT THAN HE SHOWED AN IMPATIENCE TO ASSEMBLE THE GREAT COUNCIL OF THE NATION AND HE WOULD GLADLY FOR THE SAKE OF DESPATCH HAVE CALLED TOGETHER THE SAME PARLIAMENT WHICH HAD SITTEN UNDER HIS FATHER,"The senior should show what he took into his hands and brain as a government, and he showed the patients to ascend to the great cause of the nation, and he would gladly, from the same hour to smash, have called together the same parliament which had sinned years before.",0.3876374629999191,0.3876374629999191,0.022949519370661323,0.022949519370661323,1
288,/home/shaozi/ucl/code/audition_pipeline/data/dataset_4mic_3spk/Eval/mic/mic_fileid_288_doa72_3spk.wav,ODAS-SSL-SST-DGSS-MS,separated,1,15.811125,139,/home/shaozi/ucl/code/audition_pipeline/ablation_study/baseline/ODAS/results/ODAS_n_loc+sep+pf/odas_outputs/fileid_288/odas_separated_preddoa135_slot1.wav,nearest_predicted_doa_to_spk1_gt_doa,1,134.54107515028016,4.4589248497198355,3,/home/shaozi/ucl/code/audition_pipeline/data/dataset_4mic_3spk/Eval/text/text_fileid_288_doa139_spk1.txt,0.13636363636363635,6,44,3.7874655288347503,-0.7655966842059614,-4.553062213040712,3.1031947428545243,-23.08455254977032,-26.18774729262484,1.1931337118148804,1.1984647512435913,0.0053310394287109375,,I COULD NOT HAVE THAT ONE THING AND I WAS NEARER TO MY HEART'S LONGINGS THAN YOU HAVE EVER BEEN I CANNOT HAVE THAT ONE THING BUT I KNOW THAT THERE ARE OTHER THINGS AND I WILL NOT ALLOW MYSELF TO BE BROKEN HEARTED,"I did not have that one thing, and I was nearer to my heart than you have ever been. I cannot have that one thing, but I know that there are other things, and I would not allow myself to be brokenhearted.",0.324428292000448,0.324428292000448,0.02051898849705179,0.02051898849705179,1
289,/home/shaozi/ucl/code/audition_pipeline/data/dataset_4mic_3spk/Eval/mic/mic_fileid_289_doa174_3spk.wav,ODAS-SSL-SST-DGSS-MS,separated,1,16.992125,232,/home/shaozi/ucl/code/audition_pipeline/ablation_study/baseline/ODAS/results/ODAS_n_loc+sep+pf/odas_outputs/fileid_289/odas_separated_preddoa214_slot0.wav,nearest_predicted_doa_to_spk1_gt_doa,0,213.98956988085985,18.010430119140153,3,/home/shaozi/ucl/code/audition_pipeline/data/dataset_4mic_3spk/Eval/text/text_fileid_289_doa232_spk1.txt,0.631578947368421,24,38,4.472938095772974,-1.0525537085394905,-5.525491804312464,3.654947200227075,-16.332913688900028,-19.987860889127102,1.1543972492218018,1.1174863576889038,-0.03691089153289795,,NO ANSWER HE STRUCK AGAIN AND TWO KNOCKS NO MOVEMENT WAS HEARD IN THE HOUSE HE KNOCKED A THIRD TIME THERE WAS NO SOUND HE SAW THAT THEY WERE ALL ASLEEP AND DID NOT CARE TO GET UP,I'm not a third time. It was all set by the usual record. I saw that they were all asleep and did not care to get up.,0.23602071599998453,0.23602071599998453,0.013890005870365508,0.013890005870365508,1
290,/home/shaozi/ucl/code/audition_pipeline/data/dataset_4mic_3spk/Eval/mic/mic_fileid_290_doa23_3spk.wav,ODAS-SSL-SST-DGSS-MS,separated,1,17.44925,137,/home/shaozi/ucl/code/audition_pipeline/ablation_study/baseline/ODAS/results/ODAS_n_loc+sep+pf/odas_outputs/fileid_290/odas_separated_preddoa138_slot1.wav,nearest_predicted_doa_to_spk1_gt_doa,1,138.3434393036651,1.3434393036650931,3,/home/shaozi/ucl/code/audition_pipeline/data/dataset_4mic_3spk/Eval/text/text_fileid_290_doa137_spk1.txt,0.0,0,39,6.707450955300929,-0.6232536627797538,-7.3307046180806825,5.896828187185865,-31.13420553747757,-37.03103372466344,1.2218108177185059,1.194101333618164,-0.027709484100341797,,YOU SPEAK OF JEALOUSIES AND FEARS LAY YOUR HANDS ON YOUR HEARTS AND ASK YOURSELVES WHETHER I MAY NOT LIKEWISE BE DISTURBED WITH FEARS AND JEALOUSIES AND IF SO I ASSURE YOU THAT THIS MESSAGE HAS NOTHING LESSENED THEM,"You speak of jealousies and fears. Lay your hands on your hearts and ask yourselves whether I may not likewise be disturbed with fears and jealousies, and if so, I assure you that this message has nothing lessened them.",0.3294830929989985,0.3294830929989985,0.01888236417032242,0.01888236417032242,1
291,/home/shaozi/ucl/code/audition_pipeline/data/dataset_4mic_3spk/Eval/mic/mic_fileid_291_doa157_3spk.wav,ODAS-SSL-SST-DGSS-MS,separated,1,16.552375,263,/home/shaozi/ucl/code/audition_pipeline/ablation_study/baseline/ODAS/results/ODAS_n_loc+sep+pf/odas_outputs/fileid_291/odas_separated_preddoa263_slot1.wav,nearest_predicted_doa_to_spk1_gt_doa,1,263.26611105554827,0.2661110555482651,3,/home/shaozi/ucl/code/audition_pipeline/data/dataset_4mic_3spk/Eval/text/text_fileid_291_doa263_spk1.txt,0.23529411764705882,4,17,5.834505603019004,-1.0460488248799802,-6.880554427898984,4.842924390415385,-58.502029272918975,-63.34495366333436,1.2600212097167969,1.1446996927261353,-0.11532151699066162,,INTRODUCTION THE HUMOROUS GHOST IS DISTINCTLY A MODERN CHARACTER IN EARLY LITERATURE WRAITHS TOOK THEMSELVES VERY SERIOUSLY,"The first ghost was distinctly a modern character. In early literature, grates took themselves very seriously.",0.1654570849987067,0.1654570849987067,0.009995972481212315,0.009995972481212315,1
292,/home/shaozi/ucl/code/audition_pipeline/data/dataset_4mic_3spk/Eval/mic/mic_fileid_292_doa44_3spk.wav,ODAS-SSL-SST-DGSS-MS,separated,1,15.133,338,/home/shaozi/ucl/code/audition_pipeline/ablation_study/baseline/ODAS/results/ODAS_n_loc+sep+pf/odas_outputs/fileid_292/odas_separated_preddoa341_slot1.wav,nearest_predicted_doa_to_spk1_gt_doa,1,341.37816921932773,3.378169219327731,3,/home/shaozi/ucl/code/audition_pipeline/data/dataset_4mic_3spk/Eval/text/text_fileid_292_doa338_spk1.txt,0.0,0,30,2.922499302080227,-0.5202342925533058,-3.4427335946335327,2.2615317590058375,-24.120209511961562,-26.3817412709674,1.161110758781433,1.1794265508651733,0.018315792083740234,,NOTHING COULD SATISFY HIM OF THAT LESS THAN THE CONSCIOUS PRESENCE OF THE PERFECT CHARITY WITHOUT THAT HE WAS STILL OUTSIDE THE KINGDOM WANDERING IN A DREAM AROUND ITS WALLS,"Nothing could satisfy him of that less than the conscious presence of the perfect charity. Without that, he was still outside the kingdom wandering in a dream around its walls.",0.23321300599855022,0.23321300599855022,0.015410890504100326,0.015410890504100326,1
293,/home/shaozi/ucl/code/audition_pipeline/data/dataset_4mic_3spk/Eval/mic/mic_fileid_293_doa94_3spk.wav,ODAS-SSL-SST-DGSS-MS,separated,1,16.107875,340,/home/shaozi/ucl/code/audition_pipeline/ablation_study/baseline/ODAS/results/ODAS_n_loc+sep+pf/odas_outputs/fileid_293/odas_separated_preddoa342_slot2.wav,nearest_predicted_doa_to_spk1_gt_doa,2,341.53118685802895,1.5311868580289456,3,/home/shaozi/ucl/code/audition_pipeline/data/dataset_4mic_3spk/Eval/text/text_fileid_293_doa340_spk1.txt,0.6071428571428571,17,28,4.164351564571138,-1.229970499842906,-5.394322064414045,3.912750386378475,-28.23757866266814,-32.15032904904662,1.2407429218292236,1.2416086196899414,0.0008656978607177734,,BUT THE PICTURE BUT THE SIGN OF A KING WAR ON ANY TERMS WAS ESTEEMED BY THE KING AND ALL THE COUNSELLORS PREFERABLE TO SO IGNOMINIOUS A PEACE,"But the picture, but the sign of a king, the terrible proposal, war on any terms was esteemed by the king and all the councilors, preferable to sow ignomidious apes. This is my love to my God and my Savior.",0.36845676700068,0.36845676700068,0.022874324949795053,0.022874324949795053,1
294,/home/shaozi/ucl/code/audition_pipeline/data/dataset_4mic_3spk/Eval/mic/mic_fileid_294_doa175_3spk.wav,ODAS-SSL-SST-DGSS-MS,separated,1,17.35675,296,/home/shaozi/ucl/code/audition_pipeline/ablation_study/baseline/ODAS/results/ODAS_n_loc+sep+pf/odas_outputs/fileid_294/odas_separated_preddoa296_slot0.wav,nearest_predicted_doa_to_spk1_gt_doa,0,295.77780716508664,0.22219283491335773,3,/home/shaozi/ucl/code/audition_pipeline/data/dataset_4mic_3spk/Eval/text/text_fileid_294_doa296_spk1.txt,0.1956521739130435,9,46,4.938773936090898,-0.7137529658158752,-5.652526901906773,3.863265895713028,-38.46392879649387,-42.327194692206895,1.134942889213562,1.0928294658660889,-0.042113423347473145,,FOR THEY LAY UNDER A WHOLE BODY OF SHROUDS COMPLICATED BY A MASS OF OTHER GEAR AGAINST WHICH LEANED A PORTION OF THE CABOOSE I VIEWED THEM LONG ENOUGH TO SATISFY MY MIND THAT THEY WERE DEAD AND THEN WITH A HEART OF LEAD TURNED AWAY,"For they lay under a whole body of crow, discomplicated by a mass of other earth, a being which leaned toward the end of the casuelet. I viewed them long enough to satisfy my mind that they were dead, and then with a heart of lead turned away.",0.3904427020006551,0.3904427020006551,0.022495150417022488,0.022495150417022488,1
295,/home/shaozi/ucl/code/audition_pipeline/data/dataset_4mic_3spk/Eval/mic/mic_fileid_295_doa80_3spk.wav,ODAS-SSL-SST-DGSS-MS,separated,1,16.098,80,/home/shaozi/ucl/code/audition_pipeline/ablation_study/baseline/ODAS/results/ODAS_n_loc+sep+pf/odas_outputs/fileid_295/odas_separated_preddoa081_slot1.wav,nearest_predicted_doa_to_spk1_gt_doa,1,81.02811229918201,1.0281122991819984,3,/home/shaozi/ucl/code/audition_pipeline/data/dataset_4mic_3spk/Eval/text/text_fileid_295_doa80_spk1.txt,1.625,65,40,5.011164137488127,-0.825619323799872,-5.8367834612879985,4.350298239195225,-17.037351878243754,-21.38765011743898,1.394955039024353,1.208237648010254,-0.18671739101409912,,A BIG WOMAN HULLO WENDY HE SAID NOT NOTICING ANY DIFFERENCE FOR HE WAS THINKING CHIEFLY OF HIMSELF AND IN THE DIM LIGHT HER WHITE DRESS MIGHT HAVE BEEN THE NIGHTGOWN IN WHICH HE HAD SEEN HER FIRST HULLO PETER,"It was short black directly in three lines. He says, the door, dog, shut shut shut shut shut shut shit shut shut shut shut shut shut shut shut shut shut shut shut shut shut shut shut shut shut shut shut shut shut shut shut shut shut shut shut shut shut shut shut shut shut shut shut shut shut shut shut shut shut shut shut shut exploit",1.693479245999697,1.693479245999697,0.10519811442413325,0.10519811442413325,1
296,/home/shaozi/ucl/code/audition_pipeline/data/dataset_4mic_3spk/Eval/mic/mic_fileid_296_doa65_3spk.wav,ODAS-SSL-SST-DGSS-MS,separated,1,15.861625,203,/home/shaozi/ucl/code/audition_pipeline/ablation_study/baseline/ODAS/results/ODAS_n_loc+sep+pf/odas_outputs/fileid_296/odas_separated_preddoa200_slot1.wav,nearest_predicted_doa_to_spk1_gt_doa,1,199.5579638398158,3.4420361601841876,2,/home/shaozi/ucl/code/audition_pipeline/data/dataset_4mic_3spk/Eval/text/text_fileid_296_doa203_spk1.txt,0.84375,27,32,4.8649435623205175,-1.7612601209534517,-6.626203683273969,3.6937335343910895,-30.46741809737589,-34.161151631766984,1.1699252128601074,1.128749132156372,-0.04117608070373535,,THE TARTAR TRIBE WHO DWELT EAST OF THE SEA OF AZOF WITH THIS PRINCE THE EXILE SO INGRATIATED HIMSELF THAT HE RECEIVED IN MARRIAGE HIS SISTER WHO WAS BAPTIZED AND CHRISTENED THEODORA,"The Tardor tribe, who was well-east of the sea, elastic and tassent, with this prince, the Exiles, so enraged with his wealth, and he received a marriage that sits quite full, who is baptized and blessed, and favored him. Nay, Henry, rejoin the may.",0.4666040160009288,0.4666040160009288,0.029417163500015213,0.029417163500015213,1
297,/home/shaozi/ucl/code/audition_pipeline/data/dataset_4mic_3spk/Eval/mic/mic_fileid_297_doa40_3spk.wav,ODAS-SSL-SST-DGSS-MS,separated,1,16.89175,40,/home/shaozi/ucl/code/audition_pipeline/ablation_study/baseline/ODAS/results/ODAS_n_loc+sep+pf/odas_outputs/fileid_297/odas_separated_preddoa030_slot0.wav,nearest_predicted_doa_to_spk1_gt_doa,0,29.832421715874727,10.167578284125284,3,/home/shaozi/ucl/code/audition_pipeline/data/dataset_4mic_3spk/Eval/text/text_fileid_297_doa40_spk1.txt,0.2826086956521739,13,46,5.0014081748912425,-1.1288613512292018,-6.130269526120444,4.2167133532246694,-31.301848566624187,-35.51856191984886,1.1634401082992554,1.1673848628997803,0.003944754600524902,,THEY HAD HEARD OUR SHOT AND CAME ACROSS TO SEE WHAT LUCK WHAT IVER IS THE MATTER WITH YE ASKED MISSUS O'SHAUGHNESSY MISTER HAYNES TOLD HER THEY HAD HEARD THE NOISE BUT HAD THOUGHT IT THUNDER MISTER HAYNES TOLD ME THAT IF I WOULD CHIRK UP,"I was shocked and came across to see what luck. What difference does it matter with you? asked Mrs. O'Shaughnessy. Mr. Haynes told her. They had heard the noise, but had thought it thunder. Mr. Haynes told me that if I would cheer up.",0.41221706900068966,0.41221706900068966,0.02440345547386681,0.02440345547386681,1
298,/home/shaozi/ucl/code/audition_pipeline/data/dataset_4mic_3spk/Eval/mic/mic_fileid_298_doa53_3spk.wav,ODAS-SSL-SST-DGSS-MS,separated,1,16.131,113,/home/shaozi/ucl/code/audition_pipeline/ablation_study/baseline/ODAS/results/ODAS_n_loc+sep+pf/odas_outputs/fileid_298/odas_separated_preddoa110_slot2.wav,nearest_predicted_doa_to_spk1_gt_doa,2,109.7104904856135,3.289509514386509,3,/home/shaozi/ucl/code/audition_pipeline/data/dataset_4mic_3spk/Eval/text/text_fileid_298_doa113_spk1.txt,0.41935483870967744,13,31,7.037721557482817,-0.5747146535787083,-7.612436211061525,6.900185027367679,-20.264972760012476,-27.165157787380156,1.3898980617523193,1.2944823503494263,-0.09541571140289307,,WHAT HAVE YOU DONE HAVE YOU GIVEN HIM ANYTHING BROKE IN THE BOY HURRIEDLY I TOOK A BLEEDING FROM HIM LITTLE SHORT OF SIXTEEN OUNCES FROM THE TEMPORIAL SAID BILLY PROUDLY,"Have you given him anything? Broke in the water, apparently. I took a bleeding from him, a little short of 16 ounces from the temporal. He said, give me probably.",0.28476209300060873,0.28476209300060873,0.017653096088314967,0.017653096088314967,1
299,/home/shaozi/ucl/code/audition_pipeline/data/dataset_4mic_3spk/Eval/mic/mic_fileid_299_doa50_3spk.wav,ODAS-SSL-SST-DGSS-MS,separated,1,16.634375,134,/home/shaozi/ucl/code/audition_pipeline/ablation_study/baseline/ODAS/results/ODAS_n_loc+sep+pf/odas_outputs/fileid_299/odas_separated_preddoa129_slot1.wav,nearest_predicted_doa_to_spk1_gt_doa,1,129.46747039816245,4.5325296018375525,2,/home/shaozi/ucl/code/audition_pipeline/data/dataset_4mic_3spk/Eval/text/text_fileid_299_doa134_spk1.txt,0.20512820512820512,8,39,4.1315135008287305,-2.058697107385746,-6.1902106082144766,3.7826783992439115,-13.131315229971337,-16.91399362921525,1.175764560699463,1.2390594482421875,0.06329488754272461,,INDEED MAMMA YOU ARE MISTAKEN SAID ELIZABETH BLUSHING FOR HER MOTHER YOU QUITE MISTOOK MISTER DARCY HE ONLY MEANT THAT THERE WAS NOT SUCH A VARIETY OF PEOPLE TO BE MET WITH IN THE COUNTRY AS IN THE TOWN,"Indeed, Mama, you are mistaken, says Elizabeth, bless you for forever. You quite mistook, Mr. Darkseid. He only meant that there was not such a variety of people to be met with in the country as in the town.",0.3501196790002723,0.3501196790002723,0.021047961164773088,0.021047961164773088,1
300,/home/shaozi/ucl/code/audition_pipeline/data/dataset_4mic_3spk/Eval/mic/mic_fileid_300_doa68_3spk.wav,ODAS-SSL-SST-DGSS-MS,separated,1,16.464375,219,/home/shaozi/ucl/code/audition_pipeline/ablation_study/baseline/ODAS/results/ODAS_n_loc+sep+pf/odas_outputs/fileid_300/odas_separated_preddoa214_slot1.wav,nearest_predicted_doa_to_spk1_gt_doa,1,214.4946487622192,4.505351237780786,3,/home/shaozi/ucl/code/audition_pipeline/data/dataset_4mic_3spk/Eval/text/text_fileid_300_doa219_spk1.txt,0.4,12,30,5.924590980008353,-0.46689156684893035,-6.391482546857283,5.217149738729649,-29.204158541162208,-34.42130827989186,1.1209428310394287,1.1236350536346436,0.0026922225952148438,,UNDER COLOR OF REDRESSING GRIEVANCES WHICH DURING THIS SHORT REIGN COULD NOT BE VERY NUMEROUS THEY WERE TO PROCEED IN REGULATING AND CONTROLLING EVERY PART OF GOVERNMENT WHICH DISPLEASED THEM,"The color of the dressing grievances which during this short range did not be very numerous, they were to proceed in reverting and calling every part of government which placed them with a possible mildness.",0.27533604899872444,0.27533604899872444,0.01672314005230836,0.01672314005230836,1
301,/home/shaozi/ucl/code/audition_pipeline/data/dataset_4mic_3spk/Eval/mic/mic_fileid_301_doa9_3spk.wav,ODAS-SSL-SST-DGSS-MS,separated,1,16.061,230,/home/shaozi/ucl/code/audition_pipeline/ablation_study/baseline/ODAS/results/ODAS_n_loc+sep+pf/odas_outputs/fileid_301/odas_separated_preddoa227_slot1.wav,nearest_predicted_doa_to_spk1_gt_doa,1,226.52269897766982,3.477301022330181,3,/home/shaozi/ucl/code/audition_pipeline/data/dataset_4mic_3spk/Eval/text/text_fileid_301_doa230_spk1.txt,0.42105263157894735,16,38,6.465170588606112,-0.16780844769697834,-6.63297903630309,5.355473280999394,-16.993834337479633,-22.349307618479028,1.3547295331954956,1.3347139358520508,-0.020015597343444824,,FIVE WERE TO BE TRIED TOGETHER NEXT AS ENEMIES OF THE REPUBLIC FORASMUCH AS THEY HAD NOT ASSISTED IT BY WORD OR DEED SO QUICK WAS THE TRIBUNAL TO COMPENSATE ITSELF AND THE NATION FOR A CHANCE LOST,"And the fight would be tried together, next as enemies of the Republic, for as much as they had not just to deal by what was to be done. So quick was the terminal to compensate itself and the nation for a chance lost.",0.31975581599908764,0.31975581599908764,0.01990883606245487,0.01990883606245487,1
302,/home/shaozi/ucl/code/audition_pipeline/data/dataset_4mic_3spk/Eval/mic/mic_fileid_302_doa36_3spk.wav,ODAS-SSL-SST-DGSS-MS,separated,1,16.232375,36,/home/shaozi/ucl/code/audition_pipeline/ablation_study/baseline/ODAS/results/ODAS_n_loc+sep+pf/odas_outputs/fileid_302/odas_separated_preddoa037_slot2.wav,nearest_predicted_doa_to_spk1_gt_doa,2,36.62766487763968,0.6276648776396883,2,/home/shaozi/ucl/code/audition_pipeline/data/dataset_4mic_3spk/Eval/text/text_fileid_302_doa36_spk1.txt,0.02702702702702703,1,37,6.328863632351885,-1.1058152615104317,-7.4346788938623165,5.283595722565315,-36.451235992605945,-41.73483171517126,1.1985551118850708,1.2609026432037354,0.06234753131866455,,SO THAT NOW ALL OUR EXTENUATIONS ABATED AND IT WAS NO MORE TO BE CONCEALED NAY IT QUICKLY APPEARED THAT THE INFECTION HAD SPREAD ITSELF BEYOND ALL HOPES OF ABATEMENT THAT IN THE PARISH OF SAINT GILES,"So that now all our extenuations abated, and it was no more to be concealed. Nay, it quickly appeared that the infection had spread itself beyond all hopes of abatement. That in the parish of St. Giles...",0.33688635699945735,0.33688635699945735,0.02075397820709892,0.02075397820709892,1
303,/home/shaozi/ucl/code/audition_pipeline/data/dataset_4mic_3spk/Eval/mic/mic_fileid_303_doa40_3spk.wav,ODAS-SSL-SST-DGSS-MS,separated,1,16.790875,40,/home/shaozi/ucl/code/audition_pipeline/ablation_study/baseline/ODAS/results/ODAS_n_loc+sep+pf/odas_outputs/fileid_303/odas_separated_preddoa045_slot1.wav,nearest_predicted_doa_to_spk1_gt_doa,1,44.550727407665136,4.550727407665136,2,/home/shaozi/ucl/code/audition_pipeline/data/dataset_4mic_3spk/Eval/text/text_fileid_303_doa40_spk1.txt,0.13793103448275862,4,29,7.354736945296119,-1.3302815479452708,-8.68501849324139,6.913237584873848,-18.205306180812983,-25.11854376568683,1.28269362449646,1.2257823944091797,-0.05691123008728027,,AND THERE'S ONLY A WAY OUT OF IT FOR ONE OF US MAC DO YOU UNDERSTAND I WAS PUT OUT OF THE WAY ARRESTED I FOUND EM ALONE TOGETHER,"There's only a way out of it but for one of us. Matt, do you understand? I was put out of the way, arrested. I found them alone together.",0.2833615479994478,0.2833615479994478,0.016875925048542604,0.016875925048542604,1
304,/home/shaozi/ucl/code/audition_pipeline/data/dataset_4mic_3spk/Eval/mic/mic_fileid_304_doa128_3spk.wav,ODAS-SSL-SST-DGSS-MS,separated,1,15.235625,343,/home/shaozi/ucl/code/audition_pipeline/ablation_study/baseline/ODAS/results/ODAS_n_loc+sep+pf/odas_outputs/fileid_304/odas_separated_preddoa334_slot0.wav,nearest_predicted_doa_to_spk1_gt_doa,0,333.8517548264976,9.148245173502403,2,/home/shaozi/ucl/code/audition_pipeline/data/dataset_4mic_3spk/Eval/text/text_fileid_304_doa343_spk1.txt,0.16,8,50,4.828905509702893,-1.631370476734827,-6.46027598643772,3.9212100875945186,-16.659520457251737,-20.580730544846254,1.1966493129730225,1.1331961154937744,-0.06345319747924805,,THE OLD WOMAN'S FACE BRIGHTENED SHE SHOWED HIM WHERE TO SEEK THE WATER AND WHEN HE RETURNED A FEW MINUTES LATER WITH HIS POT FILLED TO THE BRIM SHE LED THE WAY WITHOUT A WORD AND HE FOLLOWED IN A SHORT WHILE THEY CAME TO A HUT IN THE FOREST,"She showed him where to see the water, and when he returned a few minutes later, with his pot filled to the brim, she left the way without a word that he followed. In a short while, they came to a hut in the forest.",0.38140475299951504,0.38140475299951504,0.025033745120368545,0.025033745120368545,1
305,/home/shaozi/ucl/code/audition_pipeline/data/dataset_4mic_3spk/Eval/mic/mic_fileid_305_doa32_3spk.wav,ODAS-SSL-SST-DGSS-MS,separated,1,15.938625,276,/home/shaozi/ucl/code/audition_pipeline/ablation_study/baseline/ODAS/results/ODAS_n_loc+sep+pf/odas_outputs/fileid_305/odas_separated_preddoa279_slot1.wav,nearest_predicted_doa_to_spk1_gt_doa,1,279.0182472622918,3.0182472622918226,2,/home/shaozi/ucl/code/audition_pipeline/data/dataset_4mic_3spk/Eval/text/text_fileid_305_doa276_spk1.txt,0.22580645161290322,7,31,3.812242468798268,-1.5791963582120452,-5.3914388270103135,3.5925124363636995,-35.575811631017835,-39.16832406738153,1.2464754581451416,1.1887890100479126,-0.057686448097229004,,THE APPLICATION AND DISBURSEMENT OF THE PUBLIC MONEYS IN CONFORMITY TO THE GENERAL APPROPRIATIONS OF THE LEGISLATURE THE ARRANGEMENT OF THE ARMY AND NAVY THE DIRECTIONS OF THE OPERATIONS OF WAR,Application and dispersal of the public bodies in form of different general appropriations of the legislature. The arrangement of the army in Navy. The directions of the operations of war.,0.2471853890001512,0.2471853890001512,0.015508576743611897,0.015508576743611897,1
306,/home/shaozi/ucl/code/audition_pipeline/data/dataset_4mic_3spk/Eval/mic/mic_fileid_306_doa57_3spk.wav,ODAS-SSL-SST-DGSS-MS,separated,1,17.956625,57,/home/shaozi/ucl/code/audition_pipeline/ablation_study/baseline/ODAS/results/ODAS_n_loc+sep+pf/odas_outputs/fileid_306/odas_separated_preddoa055_slot1.wav,nearest_predicted_doa_to_spk1_gt_doa,1,55.49446142091255,1.5055385790874425,2,/home/shaozi/ucl/code/audition_pipeline/data/dataset_4mic_3spk/Eval/text/text_fileid_306_doa57_spk1.txt,0.4807692307692308,25,52,8.079012319448948,-1.1186006038407557,-9.197612923289704,7.397321608764265,-39.352472484407365,-46.74979409317163,1.356429934501648,1.2067975997924805,-0.14963233470916748,,ABOUT CRISTEL AFTER LOOKING ROUND THE KITCHEN AGAIN I ASKED WHERE SHE WAS SITTING FORLORN IN HER BEDROOM CRYING HER FATHER TOLD ME I WENT OUT FOR A WALK BY THE RIVER AND I SAT DOWN AND BEING SUNDAY I FELL ASLEEP WHEN I WOKE AND GOT HOME AGAIN JUST NOW THAT,I went out for a walk by the river and I sat down and it's been Sunday I fell asleep. When I woke and got home again just now that...,0.2553958900007274,0.2553958900007274,0.014222933875420765,0.014222933875420765,1
307,/home/shaozi/ucl/code/audition_pipeline/data/dataset_4mic_3spk/Eval/mic/mic_fileid_307_doa86_3spk.wav,ODAS-SSL-SST-DGSS-MS,separated,1,17.69675,86,/home/shaozi/ucl/code/audition_pipeline/ablation_study/baseline/ODAS/results/ODAS_n_loc+sep+pf/odas_outputs/fileid_307/odas_separated_preddoa086_slot1.wav,nearest_predicted_doa_to_spk1_gt_doa,1,86.3064614839234,0.30646148392338546,3,/home/shaozi/ucl/code/audition_pipeline/data/dataset_4mic_3spk/Eval/text/text_fileid_307_doa86_spk1.txt,0.55,22,40,4.857286436506826,-0.4169413579254189,-5.274227794432244,3.1511051223415256,-33.24875596065183,-36.399861082993354,1.1714179515838623,1.0972552299499512,-0.07416272163391113,,HE WAS IMMEDIATELY RECOGNIZED AS ONE OF THEM THE HANDKERCHIEF WAS THROWN DOWN AND THE IRON HEELED SHOE REPLACED ON THE FOOT OF THE WRETCH TO WHOM IT BELONGED SOME VOICES WERE HEARD TO SAY THAT THE GENTLEMAN WAS RIGHT,"It's not just one of them. The bank which it was blown down, and the iron-like shower placed on the foot of the wrap-bearer to be made longer. Some workers were to say that the gentleman was right, their circulation ceased.",0.3974613609989319,0.3974613609989319,0.022459568056221166,0.022459568056221166,1
308,/home/shaozi/ucl/code/audition_pipeline/data/dataset_4mic_3spk/Eval/mic/mic_fileid_308_doa107_3spk.wav,ODAS-SSL-SST-DGSS-MS,separated,1,16.237625,107,/home/shaozi/ucl/code/audition_pipeline/ablation_study/baseline/ODAS/results/ODAS_n_loc+sep+pf/odas_outputs/fileid_308/odas_separated_preddoa104_slot0.wav,nearest_predicted_doa_to_spk1_gt_doa,0,104.12137859495662,2.8786214050433614,3,/home/shaozi/ucl/code/audition_pipeline/data/dataset_4mic_3spk/Eval/text/text_fileid_308_doa107_spk1.txt,0.14285714285714285,5,35,5.358105939437097,-1.0464239949112322,-6.4045299343483295,4.422257338125682,-37.18537834551849,-41.60763568364417,1.0951051712036133,1.0738770961761475,-0.02122807502746582,,AND YOU STAY YOUNG YOUTH IS GROWTH KEEP GROWING AND YOU KEEP YOUNG A NEW IDEA WILL MAKE YOU FEEL YOUNGER DEVELOP IT AND IT WILL DEVELOP YOU QUICKEN YOUR MENTAL THROB WITH NEW IDEAS,Stay young. Youth is growth. Keep growing and you keep young. A new idea will make you feel younger. Develop it and it will develop you. Click in your mental draw with new ideas.,0.2681388790006167,0.2681388790006167,0.0165134297041973,0.0165134297041973,1
309,/home/shaozi/ucl/code/audition_pipeline/data/dataset_4mic_3spk/Eval/mic/mic_fileid_309_doa45_3spk.wav,ODAS-SSL-SST-DGSS-MS,separated,1,16.827125,45,/home/shaozi/ucl/code/audition_pipeline/ablation_study/baseline/ODAS/results/ODAS_n_loc+sep+pf/odas_outputs/fileid_309/odas_separated_preddoa043_slot1.wav,nearest_predicted_doa_to_spk1_gt_doa,1,42.51362320399379,2.4863767960061978,3,/home/shaozi/ucl/code/audition_pipeline/data/dataset_4mic_3spk/Eval/text/text_fileid_309_doa45_spk1.txt,0.2826086956521739,13,46,6.396236718174915,-0.7979720795414411,-7.194208797716357,5.4176100477741045,-26.059299944434116,-31.47690999220822,1.4490478038787842,1.3577808141708374,-0.09126698970794678,,THE SUN SHONE ON THEM AND THE RAIN FELL ON THEM SO IT WAS NOT LONG BEFORE THEY GREW TALL OH HOW PRETTY THEY ARE SAID THE GREAT OAK AND STOOPED HIS CROOKED BOUGHS STILL MORE SO THAT THEY COULD GET A GOOD VIEW OF THEM,"I'm shown on the rain fell on the beach and the water was not long before they grew tall. Oh how pretty they are, said the great oak, and its stooped as crooked boughs still warm, so that they could get a good view of them.",0.37131601000146475,0.37131601000146475,0.022066515224761496,0.022066515224761496,1
310,/home/shaozi/ucl/code/audition_pipeline/data/dataset_4mic_3spk/Eval/mic/mic_fileid_310_doa57_3spk.wav,ODAS-SSL-SST-DGSS-MS,separated,1,17.172375,57,/home/shaozi/ucl/code/audition_pipeline/ablation_study/baseline/ODAS/results/ODAS_n_loc+sep+pf/odas_outputs/fileid_310/odas_separated_preddoa035_slot0.wav,nearest_predicted_doa_to_spk1_gt_doa,0,35.479881741176925,21.52011825882306,3,/home/shaozi/ucl/code/audition_pipeline/data/dataset_4mic_3spk/Eval/text/text_fileid_310_doa57_spk1.txt,0.7333333333333333,22,30,4.685898348123128,-0.4988613491403642,-5.184759697263493,4.047086146122776,-28.611437359899796,-32.658523506022576,1.4054713249206543,1.309049129486084,-0.09642219543457031,,THOU HAST PUT ALL THINGS UNDER HIS FEET SAYS THE PSALMIST GOD ACCOMPANIED THIS GIFT WITH THESE WORDS ADDRESSED TO OUR FIRST PARENTS AFTER THE CREATION BE FRUITFUL AND MULTIPLY,"The Bible has a small thing of a piece of piece, sent to the Psalms, here, all the scriptures, God's incoming gifts with these words addressed to our first epistemic after the creation, be fruitful and multiply.",0.36410585700105,0.36410585700105,0.02120299941045138,0.02120299941045138,1
311,/home/shaozi/ucl/code/audition_pipeline/data/dataset_4mic_3spk/Eval/mic/mic_fileid_311_doa16_3spk.wav,ODAS-SSL-SST-DGSS-MS,separated,1,16.474125,102,/home/shaozi/ucl/code/audition_pipeline/ablation_study/baseline/ODAS/results/ODAS_n_loc+sep+pf/odas_outputs/fileid_311/odas_separated_preddoa087_slot2.wav,nearest_predicted_doa_to_spk1_gt_doa,2,86.84648974618443,15.153510253815568,3,/home/shaozi/ucl/code/audition_pipeline/data/dataset_4mic_3spk/Eval/text/text_fileid_311_doa102_spk1.txt,0.7428571428571429,26,35,3.3529665887484605,-1.625719138033872,-4.978685726782333,2.231869290014291,-33.05883464939084,-35.29070393940513,1.1227879524230957,1.068289041519165,-0.054498910903930664,,AND WE CONCLUDED THAT HE HAD PUSHED ON DOWN THE STREAM I DETERMINED TO KEEP OUT FROM THE RIVER ALONG WHICH IT WAS NEARLY IMPRACTICABLE TO TRAVEL WITH ANIMALS UNTIL IT SHOULD FORM A VALLEY,"I determined to keep balance with the model on which it was nearly impractical to travel with animals and show it should fall at that. Window panes, furniture, and people.",0.2869642629993905,0.2869642629993905,0.017419089815051813,0.017419089815051813,1
312,/home/shaozi/ucl/code/audition_pipeline/data/dataset_4mic_3spk/Eval/mic/mic_fileid_312_doa88_3spk.wav,ODAS-SSL-SST-DGSS-MS,separated,1,14.87775,181,/home/shaozi/ucl/code/audition_pipeline/ablation_study/baseline/ODAS/results/ODAS_n_loc+sep+pf/odas_outputs/fileid_312/odas_separated_preddoa185_slot1.wav,nearest_predicted_doa_to_spk1_gt_doa,1,185.46774121800274,4.467741218002743,3,/home/shaozi/ucl/code/audition_pipeline/data/dataset_4mic_3spk/Eval/text/text_fileid_312_doa181_spk1.txt,0.967741935483871,30,31,7.022395415698912,-0.19126217816269264,-7.213657593861605,6.380936710968516,-50.65246594057527,-57.03340265154378,1.1587151288986206,1.0368465185165405,-0.12186861038208008,,ALL ITS LETHARGIES MINGLE THEIR NIGHTMARES ITS SLUMBERS ARE A CROWD AND FROM ITS HUMAN BODIES LYING PRONE THERE ARISES A VAPOUR OF DREAMS SLEEP HAS GLOOMY ASSOCIATES BEYOND THIS LIFE,will need. It's.,0.3747294900003908,0.3747294900003908,0.025187242022509503,0.025187242022509503,1
313,/home/shaozi/ucl/code/audition_pipeline/data/dataset_4mic_3spk/Eval/mic/mic_fileid_313_doa50_3spk.wav,ODAS-SSL-SST-DGSS-MS,separated,1,17.7145,113,/home/shaozi/ucl/code/audition_pipeline/ablation_study/baseline/ODAS/results/ODAS_n_loc+sep+pf/odas_outputs/fileid_313/odas_separated_preddoa116_slot2.wav,nearest_predicted_doa_to_spk1_gt_doa,2,115.72412945466354,2.72412945466354,3,/home/shaozi/ucl/code/audition_pipeline/data/dataset_4mic_3spk/Eval/text/text_fileid_313_doa113_spk1.txt,0.94,47,50,4.425992504087777,-0.0317667774304466,-4.457759281518223,3.657783716332114,-28.533327115982935,-32.19111083231505,1.3097434043884277,1.0599379539489746,-0.24980545043945312,,HERE I FEEL UNEASY ABOUT THE NAME OF THIS LILY FOR THE COMPOSITORS HAVE A PERVERSE TRICK OF MAKING ME SAY ALL KINDS OF ABSURD THINGS WHOLLY UNWARRANTED BY PLAIN COPY AND I FEAR THAT THE LILY OF SAN PITCH WILL APPEAR IN PRINT AS THE WIDOW OF SAM PATCH,"Mostly I think this is my Isabella patch. You can hit the stop button when you're on your WSL patch, or you can make a ladder rail on your WSL patch to the left.",0.6921703649986739,0.6921703649986739,0.03907366084273752,0.03907366084273752,1
314,/home/shaozi/ucl/code/audition_pipeline/data/dataset_4mic_3spk/Eval/mic/mic_fileid_314_doa25_3spk.wav,ODAS-SSL-SST-DGSS-MS,separated,1,15.247375,25,/home/shaozi/ucl/code/audition_pipeline/ablation_study/baseline/ODAS/results/ODAS_n_loc+sep+pf/odas_outputs/fileid_314/odas_separated_preddoa022_slot2.wav,nearest_predicted_doa_to_spk1_gt_doa,2,21.9165787389438,3.083421261056202,2,/home/shaozi/ucl/code/audition_pipeline/data/dataset_4mic_3spk/Eval/text/text_fileid_314_doa25_spk1.txt,0.2,7,35,7.446309640524382,-0.9974591126500498,-8.443768753174432,6.728132503416887,-25.880228299406536,-32.60836080282343,1.2268437147140503,1.2032886743545532,-0.02355504035949707,,NONE I'VE NO MORE VIRTUE TO LOSE JUST AS A COOLING POT GIVES OFF HEAT SO ALL THROUGH YOUTH AND ADOLESCENCE WE GIVE OFF CALORIES OF VIRTUE THAT'S WHAT'S CALLED INGENUOUSNESS QUESTION AN INTERESTING IDEA,"I've known more virtue to others. Just as a cool and hot gives off heat, so all through youth and adolescence we give off calories of virtue. That's what's called ingeniousness. Question. An interesting idea.",0.3557340170009411,0.3557340170009411,0.02333083675064994,0.02333083675064994,1
315,/home/shaozi/ucl/code/audition_pipeline/data/dataset_4mic_3spk/Eval/mic/mic_fileid_315_doa207_3spk.wav,ODAS-SSL-SST-DGSS-MS,separated,1,17.059875,207,/home/shaozi/ucl/code/audition_pipeline/ablation_study/baseline/ODAS/results/ODAS_n_loc+sep+pf/odas_outputs/fileid_315/odas_separated_preddoa207_slot1.wav,nearest_predicted_doa_to_spk1_gt_doa,1,206.9963716580865,0.0036283419134974793,2,/home/shaozi/ucl/code/audition_pipeline/data/dataset_4mic_3spk/Eval/text/text_fileid_315_doa207_spk1.txt,0.8518518518518519,46,54,4.387563217018639,-2.9838593315175976,-7.371422548536236,4.081658729657654,-38.615124082832075,-42.69678281248973,1.4432634115219116,1.3674107789993286,-0.07585263252258301,,HE DID NOT CONCERN HIMSELF WITH THE INTERESTS OF HIS OWN CLASS AND CONSEQUENTLY SOME THOUGHT HIM PROUD AND OTHERS THOUGHT HIM STUPID THE WHOLE SUMMER FROM SPRING SOWING TO HARVEST HE WAS BUSY WITH THE WORK ON HIS FARM IN AUTUMN HE GAVE HIMSELF UP TO HUNTING WITH THE SAME BUSINESS LIKE SERIOUSNESS,He was busy with the work on his part.,0.10027418800018495,0.10027418800018495,0.005877779760999711,0.005877779760999711,1
316,/home/shaozi/ucl/code/audition_pipeline/data/dataset_4mic_3spk/Eval/mic/mic_fileid_316_doa105_3spk.wav,ODAS-SSL-SST-DGSS-MS,separated,1,16.557375,105,/home/shaozi/ucl/code/audition_pipeline/ablation_study/baseline/ODAS/results/ODAS_n_loc+sep+pf/odas_outputs/fileid_316/odas_separated_preddoa098_slot0.wav,nearest_predicted_doa_to_spk1_gt_doa,0,98.30070265660963,6.699297343390356,2,/home/shaozi/ucl/code/audition_pipeline/data/dataset_4mic_3spk/Eval/text/text_fileid_316_doa105_spk1.txt,0.7317073170731707,30,41,3.857939167135935,-1.3369030485421949,-5.19484221567813,3.324400115754072,-30.415154313004177,-33.73955442875825,1.1849488019943237,1.1466541290283203,-0.03829467296600342,,IT WILL BE SEEN THEN THAT THE COLLEGE EDUCATED MEN AND WOMEN OF MY RACE HAVE ACCOMPLISHED QUITE A FEAT CONSIDERING THEIR ANTECEDENTS AND WHOLLY FOREIGN POINT OF VIEW THEY HAVE HAD TO ADJUST THEMSELVES TO A NEW WAY OF THINKING,"It was you who seemed as if the college advocated men and women at my race have accomplished quite a thing. Considering that, as a seer, such a holy sport is born to view, they had to adjust themselves to a new way of thinking. How sweet her voice sounded as she said it.",0.4456333790003555,0.4456333790003555,0.026914494537953963,0.026914494537953963,1
317,/home/shaozi/ucl/code/audition_pipeline/data/dataset_4mic_3spk/Eval/mic/mic_fileid_317_doa4_3spk.wav,ODAS-SSL-SST-DGSS-MS,separated,1,17.430125,180,/home/shaozi/ucl/code/audition_pipeline/ablation_study/baseline/ODAS/results/ODAS_n_loc+sep+pf/odas_outputs/fileid_317/odas_separated_preddoa180_slot1.wav,nearest_predicted_doa_to_spk1_gt_doa,1,179.8486554779194,0.15134452208059201,3,/home/shaozi/ucl/code/audition_pipeline/data/dataset_4mic_3spk/Eval/text/text_fileid_317_doa180_spk1.txt,0.42857142857142855,12,28,4.822423614112309,0.8150490005196707,-4.0073746135926385,3.6166862438561935,-6.662040286795054,-10.278726530651248,1.1786175966262817,1.1124930381774902,-0.0661245584487915,,IN THE ORDINARILY ACCEPTED SENSE IN THE REALM OF CONJECTURE IN THE SCHEME OF THINGS IN THE TONE OF ONE WHO MORALIZES IN THE TWINKLING OF AN EYE,"In the realm of conjecture, in the skin of things, in the tone of one of the more lives, in the tone print of an eye.",0.6732983069996408,0.6732983069996408,0.03862842676111851,0.03862842676111851,1
318,/home/shaozi/ucl/code/audition_pipeline/data/dataset_4mic_3spk/Eval/mic/mic_fileid_318_doa38_3spk.wav,ODAS-SSL-SST-DGSS-MS,separated,1,17.539,38,/home/shaozi/ucl/code/audition_pipeline/ablation_study/baseline/ODAS/results/ODAS_n_loc+sep+pf/odas_outputs/fileid_318/odas_separated_preddoa037_slot1.wav,nearest_predicted_doa_to_spk1_gt_doa,1,36.790242563699714,1.2097574363002934,3,/home/shaozi/ucl/code/audition_pipeline/data/dataset_4mic_3spk/Eval/text/text_fileid_318_doa38_spk1.txt,0.25,6,24,8.056975287321407,-1.639269023036182,-9.696244310357589,7.33052609434088,-26.906225782222975,-34.23675187656386,1.8078627586364746,1.6323215961456299,-0.17554116249084473,,NAY EDWARD RECOLLECT THAT I HAVE AS EDITH OBSERVED PASSED MY LIFE IN THE WOODS EDWARD WAS MOST KINDLY RECEIVED BY MISTER HEATHERSTONE EDWARD,"Hey Edward, recollect that I have as Edith observed past my life and the world. Edward was most kindly received by Mr. Hevershnell. Edward.",0.27099725200059765,0.27099725200059765,0.015451123325195144,0.015451123325195144,1
319,/home/shaozi/ucl/code/audition_pipeline/data/dataset_4mic_3spk/Eval/mic/mic_fileid_319_doa41_3spk.wav,ODAS-SSL-SST-DGSS-MS,separated,1,17.095125,198,/home/shaozi/ucl/code/audition_pipeline/ablation_study/baseline/ODAS/results/ODAS_n_loc+sep+pf/odas_outputs/fileid_319/odas_separated_preddoa192_slot0.wav,nearest_predicted_doa_to_spk1_gt_doa,0,191.7782057672289,6.221794232771089,3,/home/shaozi/ucl/code/audition_pipeline/data/dataset_4mic_3spk/Eval/text/text_fileid_319_doa198_spk1.txt,0.2777777777777778,10,36,4.671580384453907,-0.9238035228424474,-5.5953839072963545,3.511151336724469,-24.6438856570316,-28.15503699375607,1.217628002166748,1.1796324253082275,-0.03799557685852051,,THE NEWS FLEW LIKE WILDFIRE GILBERT BLYTHE PORING OVER A TEXT BOOK AT HOME HEARD IT FROM HIS FATHER'S HIRED BOY AT SUNSET AND RUSHED BREATHLESSLY TO GREEN GABLES JOINED ON THE WAY BY FRED WRIGHT,"He is flew like wildfires. Gilbert Blythe, pouring over a textbook at home, heard it from his father's hired boy at Sunset, and rushing breathlessly to read Gables, joined on the way by friend Ryles.",0.3414152599998488,0.3414152599998488,0.019971498307257116,0.019971498307257116,1
320,/home/shaozi/ucl/code/audition_pipeline/data/dataset_4mic_3spk/Eval/mic/mic_fileid_320_doa73_3spk.wav,ODAS-SSL-SST-DGSS-MS,separated,1,15.801625,73,/home/shaozi/ucl/code/audition_pipeline/ablation_study/baseline/ODAS/results/ODAS_n_loc+sep+pf/odas_outputs/fileid_320/odas_separated_preddoa075_slot0.wav,nearest_predicted_doa_to_spk1_gt_doa,0,75.29973925135428,2.299739251354282,3,/home/shaozi/ucl/code/audition_pipeline/data/dataset_4mic_3spk/Eval/text/text_fileid_320_doa73_spk1.txt,0.07894736842105263,3,38,3.785737355064951,-3.8245684177749513,-7.610305772839903,4.934289936496642,-28.41191429515265,-33.34620423164929,1.458063006401062,1.40232515335083,-0.055737853050231934,,EACH TIME THE FLY TOUCHED HIS FACE IT GAVE HIM A BURNING SENSATION AND YET TO HIS SURPRISE IT DID NOT DESTROY THE STRUCTURE THOUGH IT KNOCKED AGAINST THE VERY REGION OF HIS FACE WHERE IT WAS RISING,"Each time a fly touched his face it gave him a burning sensation, and yet to his surprise it did not destroy the structure, though it knocked against the very region of the space where it was rising.",0.2881153769994853,0.2881153769994853,0.01823327518527274,0.01823327518527274,1
321,/home/shaozi/ucl/code/audition_pipeline/data/dataset_4mic_3spk/Eval/mic/mic_fileid_321_doa43_3spk.wav,ODAS-SSL-SST-DGSS-MS,separated,1,18.1805,301,/home/shaozi/ucl/code/audition_pipeline/ablation_study/baseline/ODAS/results/ODAS_n_loc+sep+pf/odas_outputs/fileid_321/odas_separated_preddoa320_slot0.wav,nearest_predicted_doa_to_spk1_gt_doa,0,319.8027998587264,18.802799858726416,3,/home/shaozi/ucl/code/audition_pipeline/data/dataset_4mic_3spk/Eval/text/text_fileid_321_doa301_spk1.txt,0.825,33,40,5.530572588744674,-0.4560426166357574,-5.986615205380431,4.486854172154986,-35.70551820193877,-40.19237237409376,1.1266422271728516,1.0269031524658203,-0.09973907470703125,,IT WAS FORTUNATE THAT JAMES COULD GO A LONG TIME WITHOUT FOOD FOR IT TOOK NEARLY ALL HE COULD EARN FROM HIS PICTURES TO BUY PAINT AND CANVAS FOR OTHERS I DARE SAY THAT QUITE OFTEN WHEN IT WAS SAID,"for it to nearly all look at our times to buy things and then there's a reality. I dare say that quite often when it was said, Golden Rule Hairstore is simply a big red stupids.",0.34440493200054334,0.34440493200054334,0.01894364467426877,0.01894364467426877,1
322,/home/shaozi/ucl/code/audition_pipeline/data/dataset_4mic_3spk/Eval/mic/mic_fileid_322_doa9_3spk.wav,ODAS-SSL-SST-DGSS-MS,separated,1,15.829625,9,/home/shaozi/ucl/code/audition_pipeline/ablation_study/baseline/ODAS/results/ODAS_n_loc+sep+pf/odas_outputs/fileid_322/odas_separated_preddoa004_slot1.wav,nearest_predicted_doa_to_spk1_gt_doa,1,3.646167029692301,5.353832970307707,2,/home/shaozi/ucl/code/audition_pipeline/data/dataset_4mic_3spk/Eval/text/text_fileid_322_doa9_spk1.txt,1.1818181818181819,39,33,4.135317225949877,-1.0850005429476566,-5.220317768897534,2.5121811636493923,-27.971449784632373,-30.483630948281764,1.1962350606918335,1.1286749839782715,-0.06756007671356201,,AND THE STORM BROKE THEM OFF AND CAST THEM ON THE GROUND THE OLD OAK HAD NOW ONLY A FEW LEAVES LEFT AT THE VERY TOP THE END IS NEAR HE SAID GRAVELY,The story of the past has been long gone. The old man and I have been shown to spread and have lost any external event. The end is near. Always made me feel as though some radical change in my life were at hand.,0.38249305700082914,0.38249305700082914,0.0241631154876271,0.0241631154876271,1
323,/home/shaozi/ucl/code/audition_pipeline/data/dataset_4mic_3spk/Eval/mic/mic_fileid_323_doa100_3spk.wav,ODAS-SSL-SST-DGSS-MS,separated,1,15.22175,189,/home/shaozi/ucl/code/audition_pipeline/ablation_study/baseline/ODAS/results/ODAS_n_loc+sep+pf/odas_outputs/fileid_323/odas_separated_preddoa185_slot1.wav,nearest_predicted_doa_to_spk1_gt_doa,1,185.47583616689386,3.524163833106144,3,/home/shaozi/ucl/code/audition_pipeline/data/dataset_4mic_3spk/Eval/text/text_fileid_323_doa189_spk1.txt,0.5555555555555556,15,27,4.317130718225441,-1.3523198270596088,-5.669450545285049,3.6972258062318537,-44.471429115944154,-48.16865492217601,1.2285891771316528,1.1790771484375,-0.04951202869415283,,BETWEEN MUNICIPAL AND INTERNATIONAL LAW MOREOVER THE QUESTIONS WHICH SOMETIMES INVOLVE NATIONS IN WAR ARE FAR MORE DIFFICULT AND COMPLEX THAN ANY QUESTIONS THAT AFFECT MERELY INDIVIDUALS,The National Law. All rights and wishes of sometimes both nations and wars are far more difficult and complex than any question that affects nearly individuals.,0.24250726200079953,0.24250726200079953,0.015931628229395405,0.015931628229395405,1
324,/home/shaozi/ucl/code/audition_pipeline/data/dataset_4mic_3spk/Eval/mic/mic_fileid_324_doa14_3spk.wav,ODAS-SSL-SST-DGSS-MS,separated,1,15.503375,14,/home/shaozi/ucl/code/audition_pipeline/ablation_study/baseline/ODAS/results/ODAS_n_loc+sep+pf/odas_outputs/fileid_324/odas_separated_preddoa041_slot1.wav,nearest_predicted_doa_to_spk1_gt_doa,1,41.09604749505169,27.096047495051693,2,/home/shaozi/ucl/code/audition_pipeline/data/dataset_4mic_3spk/Eval/text/text_fileid_324_doa14_spk1.txt,1.9428571428571428,68,35,4.160162315363292,-0.5413940333197915,-4.701556348683083,2.1969084237042074,-26.140968531660626,-28.337876955364834,1.0955986976623535,1.0985701084136963,0.0029714107513427734,,WHICH HE TOOK FOR THE OCEAN HE NO LONGER KNEW IN WHAT DIRECTION THE SEA LAY HE RETRACED HIS STEPS STRUCK TO THE LEFT BY MAIDEN STREET AND RETURNED AS FAR AS SAINT ALBAN'S ROW,"No, I didn't. I did. I did. You know what, I don't know why they definitely don't see me. They might have found me. Can you trace this? Yes. Stop doing that. I have these problems for them. You're not trying to ask for them. It's a safe problem for them. We've seen too. Don't. Don't. Don't. Don't. Don't. Don't. Don't. Don't. Don't. Don't. Don't. Don't. Don't. Don't. Don't.",1.2348833279993414,1.2348833279993414,0.07965254842892863,0.07965254842892863,1
325,/home/shaozi/ucl/code/audition_pipeline/data/dataset_4mic_3spk/Eval/mic/mic_fileid_325_doa27_3spk.wav,ODAS-SSL-SST-DGSS-MS,separated,1,16.922,340,/home/shaozi/ucl/code/audition_pipeline/ablation_study/baseline/ODAS/results/ODAS_n_loc+sep+pf/odas_outputs/fileid_325/odas_separated_preddoa330_slot1.wav,nearest_predicted_doa_to_spk1_gt_doa,1,329.73653629780324,10.26346370219676,2,/home/shaozi/ucl/code/audition_pipeline/data/dataset_4mic_3spk/Eval/text/text_fileid_325_doa340_spk1.txt,0.55,22,40,4.773278179819965,-0.9080432385387323,-5.681321418358697,3.045069418807034,-23.117450627275836,-26.16252004608287,1.1098443269729614,1.105602502822876,-0.004241824150085449,,ALL HIS GLOOM AND MISERY VANISHED IN A MOMENT AND HE ANXIOUSLY QUESTIONED THE WELCOME MESSENGER AS TO THE FATE OF THE PRINCESS BUT THE MAGPIE KNEW NO MORE THAN THE LESSON HE HAD LEARNT SO HE SOON FLUTTERED AWAY,"All his tools and misery ventured into the months, and he anxiously questioned the welcome messenger as to the fate of his father, but the masses hid in the house before his son, but the blood of his father and son, so he soon fluttered away.",0.3780259049999586,0.3780259049999586,0.02233931597919623,0.02233931597919623,1
326,/home/shaozi/ucl/code/audition_pipeline/data/dataset_4mic_3spk/Eval/mic/mic_fileid_326_doa143_3spk.wav,ODAS-SSL-SST-DGSS-MS,separated,1,17.102125,143,/home/shaozi/ucl/code/audition_pipeline/ablation_study/baseline/ODAS/results/ODAS_n_loc+sep+pf/odas_outputs/fileid_326/odas_separated_preddoa143_slot2.wav,nearest_predicted_doa_to_spk1_gt_doa,2,143.10309752143232,0.10309752143231776,3,/home/shaozi/ucl/code/audition_pipeline/data/dataset_4mic_3spk/Eval/text/text_fileid_326_doa143_spk1.txt,0.8863636363636364,39,44,4.594130230297308,-0.7004754132785644,-5.294605643575872,4.471874169711429,-32.657322062278425,-37.12919623198985,1.2575972080230713,1.2062114477157593,-0.05138576030731201,,I'M SURE THAT IS ALL YOU COULD EXPECT FROM US THAT'S A MEASLY SHAME FRANK OBJECTED BLUFF IMPETUOUSLY WHEN IT WAS ANDY LASHER WHO BROKE THE WINDOW ADDED JERRY FILLED WITH RIGHTEOUS INDIGNATION YOU ONLY DUCKED FRANK WHEN YOU SAW IT HEADED YOUR WAY,"That's all you can say. According to his examination, he is not obliged to jump high, but simply to guide him to his right points. When it was in the red circle for the window, and the jury filled with the right to see the condition, you only dumped Frank when you saw it headed your way.",0.45405808399846137,0.45405808399846137,0.02654980500952141,0.02654980500952141,1
327,/home/shaozi/ucl/code/audition_pipeline/data/dataset_4mic_3spk/Eval/mic/mic_fileid_327_doa189_3spk.wav,ODAS-SSL-SST-DGSS-MS,separated,1,15.22,303,/home/shaozi/ucl/code/audition_pipeline/ablation_study/baseline/ODAS/results/ODAS_n_loc+sep+pf/odas_outputs/fileid_327/odas_separated_preddoa317_slot1.wav,nearest_predicted_doa_to_spk1_gt_doa,1,316.7880589715245,13.788058971524492,3,/home/shaozi/ucl/code/audition_pipeline/data/dataset_4mic_3spk/Eval/text/text_fileid_327_doa303_spk1.txt,0.30303030303030304,10,33,5.6616368515449125,-0.8196297061482174,-6.48126655769313,5.155924454565403,-18.76764200136892,-23.92356645593432,1.1592965126037598,1.194350242614746,0.03505373001098633,,THRILLED EVERY NERVE AND MADE ABSOLUTE EXHAUSTION IMPOSSIBLE I SEEMED TO BE WALKING AND WALLOWING IN A CLOUD BUT HOLDING STEADILY ONWARD BY HALF PAST TEN O'CLOCK I HAD GAINED THE HIGHEST SUMMIT,"Thrill of every new proof had made absolute exhaustion impossible. I seem to be walking on wallowing in the clouds, but holding steadily onward by half past ten o'clock, I have gained the highest summit.",0.29384691000086605,0.29384691000086605,0.019306630092041133,0.019306630092041133,1
328,/home/shaozi/ucl/code/audition_pipeline/data/dataset_4mic_3spk/Eval/mic/mic_fileid_328_doa119_3spk.wav,ODAS-SSL-SST-DGSS-MS,separated,1,17.21725,119,/home/shaozi/ucl/code/audition_pipeline/ablation_study/baseline/ODAS/results/ODAS_n_loc+sep+pf/odas_outputs/fileid_328/odas_separated_preddoa121_slot0.wav,nearest_predicted_doa_to_spk1_gt_doa,0,121.41457789750982,2.4145778975098153,3,/home/shaozi/ucl/code/audition_pipeline/data/dataset_4mic_3spk/Eval/text/text_fileid_328_doa119_spk1.txt,0.1,5,50,5.609217927494647,-0.9296516345299013,-6.538869562024549,4.259345052233651,-21.775643591853886,-26.034988644087537,1.200866937637329,1.2157529592514038,0.014886021614074707,,LEAVING HARD BROWN DEPOSITS IN THE BOWL IT WAS NOT SO BAD WHERE THERE WERE ONLY MEN OR ELSE ONLY WOMEN IT WAS WHEN THEY WERE VILELY HERDED THAT IT ALL SEEMED SO ROTTEN IT WAS SOME SHAME THAT WOMEN GAVE OFF AT HAVING MEN SEE THEM TIRED AND POOR,"Living hard, brown deposits in the balls. It was not so bad when there were only men or else only women. It was when they were vitally hurted that it all seemed so rotten. It was some shame that women gave off at having men see them tired and poor.",0.3985398400000122,0.3985398400000122,0.02314770593445598,0.02314770593445598,1
329,/home/shaozi/ucl/code/audition_pipeline/data/dataset_4mic_3spk/Eval/mic/mic_fileid_329_doa12_3spk.wav,ODAS-SSL-SST-DGSS-MS,separated,1,17.304125,196,/home/shaozi/ucl/code/audition_pipeline/ablation_study/baseline/ODAS/results/ODAS_n_loc+sep+pf/odas_outputs/fileid_329/odas_separated_preddoa193_slot0.wav,nearest_predicted_doa_to_spk1_gt_doa,0,192.9582279917263,3.0417720082737105,2,/home/shaozi/ucl/code/audition_pipeline/data/dataset_4mic_3spk/Eval/text/text_fileid_329_doa196_spk1.txt,0.8409090909090909,37,44,5.8580492729649425,-0.6812036368557827,-6.539252909820725,5.0006638960066,-54.23307849595606,-59.23374239196266,1.203633427619934,1.0908730030059814,-0.11276042461395264,,HE DID NOT CARE IN THE LEAST WHETHER THEY FOUND OR NOT AND WHEN CAPTAIN GLOMAX WAS HELD TO HAVE DISGRACED HIMSELF THOROUGHLY BY WASTING AN HOUR IN DIGGING OUT AND THEN KILLING A VIXEN HE HAD NOT A WORD TO SAY ABOUT IT,He had no word to say about it.,0.08734700700006215,0.08734700700006215,0.005047756358675296,0.005047756358675296,1
330,/home/shaozi/ucl/code/audition_pipeline/data/dataset_4mic_3spk/Eval/mic/mic_fileid_330_doa67_3spk.wav,ODAS-SSL-SST-DGSS-MS,separated,1,16.471375,67,/home/shaozi/ucl/code/audition_pipeline/ablation_study/baseline/ODAS/results/ODAS_n_loc+sep+pf/odas_outputs/fileid_330/odas_separated_preddoa066_slot1.wav,nearest_predicted_doa_to_spk1_gt_doa,1,66.11025724075998,0.889742759240022,3,/home/shaozi/ucl/code/audition_pipeline/data/dataset_4mic_3spk/Eval/text/text_fileid_330_doa67_spk1.txt,0.9722222222222222,35,36,3.227070394378742,-1.5669835244096055,-4.7940539187883475,2.069804682711335,-27.530592406316075,-29.60039708902741,1.0971252918243408,1.0252734422683716,-0.07185184955596924,,AND I WOULD HAVE REMOVED MY PALLET BED BUT HE WOULD NOT LET ME TILL HE WAS ABLE TO VENTURE HIMSELF WITHOUT ANYBODY TO SIT UP WITH HIM AND THEN I REMOVED TO MY OWN CHAMBER,We will go to a place where nobody can hear what we say.,0.11709474600138492,0.11709474600138492,0.007108984283424118,0.007108984283424118,1
331,/home/shaozi/ucl/code/audition_pipeline/data/dataset_4mic_3spk/Eval/mic/mic_fileid_331_doa39_3spk.wav,ODAS-SSL-SST-DGSS-MS,separated,1,17.568875,39,/home/shaozi/ucl/code/audition_pipeline/ablation_study/baseline/ODAS/results/ODAS_n_loc+sep+pf/odas_outputs/fileid_331/odas_separated_preddoa038_slot2.wav,nearest_predicted_doa_to_spk1_gt_doa,2,38.425698331373006,0.5743016686269868,3,/home/shaozi/ucl/code/audition_pipeline/data/dataset_4mic_3spk/Eval/text/text_fileid_331_doa39_spk1.txt,0.40476190476190477,17,42,5.154602499435043,-0.5208278054670803,-5.6754303049021235,4.465978061223341,-28.975959100665854,-33.44193716188919,1.4634884595870972,1.1631799936294556,-0.3003084659576416,,MELANCHOLY FOLLOWED BUT BY DEGREES I GAINED A CLEAR CONCEPTION OF MY MISERIES AND SITUATION AND WAS THEN RELEASED FROM MY PRISON FOR THEY HAD CALLED ME MAD AND DURING MANY MONTHS AS I UNDERSTOOD A SOLITARY CELL HAD BEEN MY HABITATION,"I was then released from my prison, for they had called me mad when during many months as I understood the solitary cell had been my habitation.",0.21565778299918748,0.21565778299918748,0.012274991028121464,0.012274991028121464,1
332,/home/shaozi/ucl/code/audition_pipeline/data/dataset_4mic_3spk/Eval/mic/mic_fileid_332_doa4_3spk.wav,ODAS-SSL-SST-DGSS-MS,separated,1,15.695625,152,/home/shaozi/ucl/code/audition_pipeline/ablation_study/baseline/ODAS/results/ODAS_n_loc+sep+pf/odas_outputs/fileid_332/odas_separated_preddoa149_slot2.wav,nearest_predicted_doa_to_spk1_gt_doa,2,149.26792151939912,2.732078480600876,3,/home/shaozi/ucl/code/audition_pipeline/data/dataset_4mic_3spk/Eval/text/text_fileid_332_doa152_spk1.txt,0.3181818181818182,7,22,4.583974972222881,-0.40861391157689103,-4.9925888837997725,3.600040228182153,-18.662877926848484,-22.262918155030636,1.3154312372207642,1.3373632431030273,0.021932005882263184,,WE A COMMERCIAL PEOPLE WERE OBLIGED TO BRING SUCH SCHEMES UNDER CONSIDERATION AND THE QUESTION OF CONTAGION BECAME MATTER OF EARNEST DISQUISITION,"We, the commercial people, are obliged to bring such schemes under consideration. And the question about cage became a matter of a most disquisition.",0.21752141100114386,0.21752141100114386,0.013858728849672687,0.013858728849672687,1
333,/home/shaozi/ucl/code/audition_pipeline/data/dataset_4mic_3spk/Eval/mic/mic_fileid_333_doa167_3spk.wav,ODAS-SSL-SST-DGSS-MS,separated,1,18.04875,167,/home/shaozi/ucl/code/audition_pipeline/ablation_study/baseline/ODAS/results/ODAS_n_loc+sep+pf/odas_outputs/fileid_333/odas_separated_preddoa168_slot2.wav,nearest_predicted_doa_to_spk1_gt_doa,2,167.6069876236937,0.6069876236936977,3,/home/shaozi/ucl/code/audition_pipeline/data/dataset_4mic_3spk/Eval/text/text_fileid_333_doa167_spk1.txt,0.13636363636363635,6,44,6.310710447101558,-1.6532049911541895,-7.963915438255747,6.107379426285617,-29.635376845363368,-35.742756271648986,1.3141205310821533,1.2087383270263672,-0.10538220405578613,,THESE APARTMENTS ARE MINE NOW THEY HAVE BEEN TRANSFERRED INTO MY NAME AND THEY CAN NEVER AGAIN AFFORD YOU ACCOMMODATION WILL YOU BE SO OBLIGING I AM NOT STRONG AS TO HAND ME THAT WRITING CASE SIR FRANCIS WALKED TO THE TABLE SHE INDICATED,"Now, they have been transferred into my name and they can never again afford you accommodation. Will you be so bludging that I am not strong as to hand me that writing case? Sir Francis walked to the table, she indicated.",0.35165956300079415,0.35165956300079415,0.019483873564695293,0.019483873564695293,1
334,/home/shaozi/ucl/code/audition_pipeline/data/dataset_4mic_3spk/Eval/mic/mic_fileid_334_doa122_3spk.wav,ODAS-SSL-SST-DGSS-MS,separated,1,15.262375,245,/home/shaozi/ucl/code/audition_pipeline/ablation_study/baseline/ODAS/results/ODAS_n_loc+sep+pf/odas_outputs/fileid_334/odas_separated_preddoa237_slot1.wav,nearest_predicted_doa_to_spk1_gt_doa,1,237.25597488454125,7.744025115458754,2,/home/shaozi/ucl/code/audition_pipeline/data/dataset_4mic_3spk/Eval/text/text_fileid_334_doa245_spk1.txt,0.1891891891891892,7,37,3.2014738825688727,-2.5557671595126603,-5.757241042081533,2.951373372758,-55.14702355023271,-58.09839692299071,1.2476003170013428,1.2306468486785889,-0.016953468322753906,,BUT WHEN HE TOOK POSSESSION OF MECCA HE MADE THE OLD TEMPLE THE CENTRE OF WORSHIP FOR HIS OWN RELIGION AFTER MOHAMMED DIED A PERSON WAS APPOINTED TO BE HIS SUCCESSOR AS HEAD OF THE MOSLEM CHURCH,"But in minding possession of Mecca, he made the old temple the center of worship for his own religion. After Muhammad died, a person was appointed to be his successor as the head of the Muslim Church.",0.3182967379998445,0.3182967379998445,0.020854993931144036,0.020854993931144036,1
335,/home/shaozi/ucl/code/audition_pipeline/data/dataset_4mic_3spk/Eval/mic/mic_fileid_335_doa43_3spk.wav,ODAS-SSL-SST-DGSS-MS,separated,1,14.07575,104,/home/shaozi/ucl/code/audition_pipeline/ablation_study/baseline/ODAS/results/ODAS_n_loc+sep+pf/odas_outputs/fileid_335/odas_separated_preddoa101_slot1.wav,nearest_predicted_doa_to_spk1_gt_doa,1,101.22524242324225,2.774757576757736,3,/home/shaozi/ucl/code/audition_pipeline/data/dataset_4mic_3spk/Eval/text/text_fileid_335_doa104_spk1.txt,0.1891891891891892,7,37,4.828500980163001,-2.028148288586983,-6.856649268749985,4.536169019374286,-30.79802454786693,-35.334193567241215,1.113354206085205,1.0895861387252808,-0.023768067359924316,,BUT I WAS NATURALLY DESIROUS OF DISCOVERING NEXT WHAT LADY RACHEL HAD SAID AND I ASKED TO SPEAK WITH CRISTEL HER FAR SEEING FATHER MIGHT OR MIGHT NOT HAVE PERCEIVED A CHANCE OF LISTENING TO OUR CONVERSATION,"But I was casually desirous of discovering next what Lady Rachel would say, and I asked to speak with Christos. Her far-seeing father might or might not have perceived the chance of listening to our conversation.",0.33221843100000115,0.33221843100000115,0.023602183258441017,0.023602183258441017,1
336,/home/shaozi/ucl/code/audition_pipeline/data/dataset_4mic_3spk/Eval/mic/mic_fileid_336_doa91_3spk.wav,ODAS-SSL-SST-DGSS-MS,separated,1,16.955,91,/home/shaozi/ucl/code/audition_pipeline/ablation_study/baseline/ODAS/results/ODAS_n_loc+sep+pf/odas_outputs/fileid_336/odas_separated_preddoa106_slot0.wav,nearest_predicted_doa_to_spk1_gt_doa,0,105.52095256796947,14.52095256796946,3,/home/shaozi/ucl/code/audition_pipeline/data/dataset_4mic_3spk/Eval/text/text_fileid_336_doa91_spk1.txt,0.7428571428571429,26,35,3.991872747204621,-0.9232387875704046,-4.915111534775026,4.072327450576852,-33.198976838610335,-37.271304289187185,1.1668239831924438,1.1128736734390259,-0.05395030975341797,,BUT THE MAJESTIC AND IMPOSING ORDER OF HUMAN SOCIETIES THAT I SOMETIMES FIND MYSELF EMBARRASSED IN ATTACKING CERTAIN ABUSES I LIKE TO REBUILD WITH ONE HAND WHEN I AM COMPELLED TO DESTROY WITH THE OTHER,This is a puzzle for a human society that I still can't find myself in the barriers of any kind of certain abuse. I like to rebuild the one hand of some of the houses which draw the other.,0.2909509519995481,0.2909509519995481,0.017160185903836517,0.017160185903836517,1
337,/home/shaozi/ucl/code/audition_pipeline/data/dataset_4mic_3spk/Eval/mic/mic_fileid_337_doa165_3spk.wav,ODAS-SSL-SST-DGSS-MS,separated,1,17.002,302,/home/shaozi/ucl/code/audition_pipeline/ablation_study/baseline/ODAS/results/ODAS_n_loc+sep+pf/odas_outputs/fileid_337/odas_separated_preddoa304_slot2.wav,nearest_predicted_doa_to_spk1_gt_doa,2,303.8746155459424,1.8746155459423903,2,/home/shaozi/ucl/code/audition_pipeline/data/dataset_4mic_3spk/Eval/text/text_fileid_337_doa302_spk1.txt,0.8780487804878049,36,41,6.993263934805029,-1.5280244733992678,-8.521288408204297,6.8580294376113216,-23.279220018879574,-30.137249456490895,1.3528940677642822,1.3701436519622803,0.017249584197998047,,WHICH YOU MUST ACKNOWLEDGE TO BE TRUE CERTAINLY MY DEAR NOBODY SAID THERE WERE BUT AS TO NOT MEETING WITH MANY PEOPLE IN THIS NEIGHBOURHOOD I BELIEVE THERE ARE FEW NEIGHBOURHOODS LARGER I KNOW WE DINE WITH FOUR AND TWENTY FAMILIES,I believe there are a few neighborhoods in my church. I know who's dying was born in 20 families.,0.18065045900038967,0.18065045900038967,0.010625247559133614,0.010625247559133614,1
338,/home/shaozi/ucl/code/audition_pipeline/data/dataset_4mic_3spk/Eval/mic/mic_fileid_338_doa129_3spk.wav,ODAS-SSL-SST-DGSS-MS,separated,1,14.89325,175,/home/shaozi/ucl/code/audition_pipeline/ablation_study/baseline/ODAS/results/ODAS_n_loc+sep+pf/odas_outputs/fileid_338/odas_separated_preddoa174_slot1.wav,nearest_predicted_doa_to_spk1_gt_doa,1,174.1560761866555,0.8439238133445031,3,/home/shaozi/ucl/code/audition_pipeline/data/dataset_4mic_3spk/Eval/text/text_fileid_338_doa175_spk1.txt,0.5666666666666667,17,30,4.024538675041372,-0.7554219818871797,-4.7799606569285515,2.3926558297894385,-17.371713980916553,-19.764369810705993,1.1239606142044067,1.0911784172058105,-0.03278219699859619,,SHALL MY FEAR SHALL MY ZEAL SHALL MY JEALOUSY HAVE LEAVE TO SAY TO THEE HAST THOU CONSIDERED MY HEART THAT THERE IS NOT SO PERVERSE A HEART UPON EARTH,"I don't know if I shall my zealously, shall my jealousy, such as to say to thee, I start to consider my heart that there is not such a person on earth. Nobody.",0.4183908539998811,0.4183908539998811,0.028092649623143444,0.028092649623143444,1
339,/home/shaozi/ucl/code/audition_pipeline/data/dataset_4mic_3spk/Eval/mic/mic_fileid_339_doa48_3spk.wav,ODAS-SSL-SST-DGSS-MS,separated,1,16.987875,48,/home/shaozi/ucl/code/audition_pipeline/ablation_study/baseline/ODAS/results/ODAS_n_loc+sep+pf/odas_outputs/fileid_339/odas_separated_preddoa056_slot0.wav,nearest_predicted_doa_to_spk1_gt_doa,0,55.66742505244265,7.667425052442638,2,/home/shaozi/ucl/code/audition_pipeline/data/dataset_4mic_3spk/Eval/text/text_fileid_339_doa48_spk1.txt,0.4883720930232558,21,43,7.461264416702127,-1.4002470926811492,-8.861511509383277,6.764440448992243,-27.222595785059287,-33.98703623405153,1.389145851135254,1.237317442893982,-0.15182840824127197,,BUT HAS ALWAYS SOUGHT POSITIVELY TO PROVE OR TO DISPROVE SOMETHING THAT WAS CONCEIVED OF OR SUSPECTED IN ADVANCE AS I SUSPECTED SAYS THIS CORRESPONDENT I FOUND THAT THE SNAILS WERE OF A FAMILIAR LAND SPECIES THAT THEY HAD BEEN UPON THE GROUND,"But has old son causatively proved or to discreet something that was conceived of or suspected of a more subtle event? As I suspected, says this correspondant, I found that this name is worth of some billions of years' end species, that they had been upon the ground.",0.36657008200018026,0.36657008200018026,0.02157833643114164,0.02157833643114164,1
340,/home/shaozi/ucl/code/audition_pipeline/data/dataset_4mic_3spk/Eval/mic/mic_fileid_340_doa68_3spk.wav,ODAS-SSL-SST-DGSS-MS,separated,1,16.468,68,/home/shaozi/ucl/code/audition_pipeline/ablation_study/baseline/ODAS/results/ODAS_n_loc+sep+pf/odas_outputs/fileid_340/odas_separated_preddoa080_slot0.wav,nearest_predicted_doa_to_spk1_gt_doa,0,79.93809801525445,11.938098015254468,3,/home/shaozi/ucl/code/audition_pipeline/data/dataset_4mic_3spk/Eval/text/text_fileid_340_doa68_spk1.txt,0.14634146341463414,6,41,4.28644236922962,-1.7177796952572981,-6.004222064486918,4.655601103179926,-25.507086408717928,-30.162687511897854,1.3819793462753296,1.288789987564087,-0.09318935871124268,,THOUGH SHE FOUND SOMETHING OF GANEM IN THE OBJETS SHE BEHELD YET IN OTHER RESPECTS HE APPEARED SO DIFFERENT THAT SHE DURST NOT IMAGINE IT WAS HE THAT LAY BEFORE HER UNABLE HOWEVER TO WITHSTAND THE EARNEST DESIRE OF BEING SATISFIED,"Though she found something of God amid the objects she met held, yet in other respects he appeared so different that she durst not imagine it was he that laid before her. Unable, however, to withstand the earnest desire of being satisfied.",0.33376028500060784,0.33376028500060784,0.02026720214966042,0.02026720214966042,1
341,/home/shaozi/ucl/code/audition_pipeline/data/dataset_4mic_3spk/Eval/mic/mic_fileid_341_doa16_3spk.wav,ODAS-SSL-SST-DGSS-MS,separated,1,17.56025,196,/home/shaozi/ucl/code/audition_pipeline/ablation_study/baseline/ODAS/results/ODAS_n_loc+sep+pf/odas_outputs/fileid_341/odas_separated_preddoa191_slot1.wav,nearest_predicted_doa_to_spk1_gt_doa,1,190.85815377092294,5.141846229077061,3,/home/shaozi/ucl/code/audition_pipeline/data/dataset_4mic_3spk/Eval/text/text_fileid_341_doa196_spk1.txt,0.17647058823529413,6,34,4.516002050097168,-1.06393818525952,-5.579940235356688,4.313057544952583,-19.84631575055371,-24.159373295506292,1.1413739919662476,1.1367912292480469,-0.004582762718200684,,ARE LONG SLENDER SHARP NOSED SLIPPERY PEOPLE WITH A FRINGE OF FINS ALONG THEIR BACKS AND ANOTHER FRINGE ALONG THEIR BELLIES THEY BREATHE THROUGH VERY SMALL GILL OPENINGS IN THE BACKS OF THEIR HEADS,"Slender, sharp-nosed, slippery people, with a fringe of fins along their backs and another fringe along their valleys. They breathe through very small gill veins in the backs of their heads.",0.2935315270005958,0.2935315270005958,0.016715680414606617,0.016715680414606617,1
342,/home/shaozi/ucl/code/audition_pipeline/data/dataset_4mic_3spk/Eval/mic/mic_fileid_342_doa2_3spk.wav,ODAS-SSL-SST-DGSS-MS,separated,1,16.911375,60,/home/shaozi/ucl/code/audition_pipeline/ablation_study/baseline/ODAS/results/ODAS_n_loc+sep+pf/odas_outputs/fileid_342/odas_separated_preddoa057_slot1.wav,nearest_predicted_doa_to_spk1_gt_doa,1,57.091630353353686,2.908369646646321,3,/home/shaozi/ucl/code/audition_pipeline/data/dataset_4mic_3spk/Eval/text/text_fileid_342_doa60_spk1.txt,0.55,33,60,6.432818129849341,-0.8199270851786539,-7.252745215027995,5.898977677958923,-25.95189879318649,-31.850876471145412,1.6134486198425293,1.4964599609375,-0.1169886589050293,,AND AS I WAS GOING ALONG MY HEART WAS EVEN OVERWHELMED WITH THE THOUGHTS OF MY CONDITION AND THAT I SHOULD HAVE CHILDREN AND A NATION WHICH I KNEW NOT RULED OVER THEM WHEREUPON I EARNESTLY ENTREATED THE LORD THAT HE WOULD CONSIDER MY LOW ESTATE AND SHOW ME A TOKEN FOR GOOD AND IF IT WERE HIS BLESSED WILL,"I have a child, and a nation which I knew not. I am a pawn, I earnestly and treated the Lord. If you would consider my law of state, and show me a token for good, and if it were his blessed will.",0.8121014809985354,0.8121014809985354,0.048021020230379574,0.048021020230379574,1
343,/home/shaozi/ucl/code/audition_pipeline/data/dataset_4mic_3spk/Eval/mic/mic_fileid_343_doa17_3spk.wav,ODAS-SSL-SST-DGSS-MS,separated,1,16.14975,53,/home/shaozi/ucl/code/audition_pipeline/ablation_study/baseline/ODAS/results/ODAS_n_loc+sep+pf/odas_outputs/fileid_343/odas_separated_preddoa047_slot1.wav,nearest_predicted_doa_to_spk1_gt_doa,1,47.02911167309145,5.97088832690855,2,/home/shaozi/ucl/code/audition_pipeline/data/dataset_4mic_3spk/Eval/text/text_fileid_343_doa53_spk1.txt,0.16666666666666666,9,54,6.001400534145123,-0.9545018285676531,-6.955902362712776,5.112369028437871,-18.023193171941035,-23.135562200378907,1.177721381187439,1.1747379302978516,-0.0029834508895874023,,THEO'S IN GOINGS AND OUT GOINGS ARE SCARCELY OUR BUSINESS SO LONG AS SHE ENJOYS HERSELF SHE SAID PRESENT MY REGARDS TO THE MISS GOWERS MY DEAR AND SAY I REGRET THAT MY HEALTH DOES NOT PERMIT ME TO ACCOMPANY YOU A POLITE FICTION BY THE WAY AS MY LADY WAS LOOKING HER BEST,"Fuse and goins and outgoins are scarcely our business, so long as she enjoys herself, she said. Present by regards to the Miss Gowers, my dear, and say I regret that my trust does not permit me to accompany her. A late fiction, by the way, as my lady was looking her best.",0.4862243909992685,0.4862243909992685,0.03010723949282611,0.03010723949282611,1
344,/home/shaozi/ucl/code/audition_pipeline/data/dataset_4mic_3spk/Eval/mic/mic_fileid_344_doa9_3spk.wav,ODAS-SSL-SST-DGSS-MS,separated,1,17.27225,314,/home/shaozi/ucl/code/audition_pipeline/ablation_study/baseline/ODAS/results/ODAS_n_loc+sep+pf/odas_outputs/fileid_344/odas_separated_preddoa318_slot0.wav,nearest_predicted_doa_to_spk1_gt_doa,0,317.9516828124893,3.9516828124893095,3,/home/shaozi/ucl/code/audition_pipeline/data/dataset_4mic_3spk/Eval/text/text_fileid_344_doa314_spk1.txt,0.10256410256410256,4,39,4.673570682307105,-0.5496504936656522,-5.223221175972757,3.9030359257720275,-21.25834103477024,-25.161376960542267,1.3274869918823242,1.4349483251571655,0.10746133327484131,,ONE SPRING AFTER THEY HAD BEEN IN THAT LAND FOR FOUR YEARS ERIC SAID MY EYES ARE HUNGRY FOR THE SIGHT OF MEN AND GREEN FIELDS AGAIN MY STOMACH IS SICK OF SEAL AND WHALE AND BEAR MY THROAT,"Spring, after they have been in that land for four years, Eric sit. My eyes are hungry for the sight of men in green fields again. My stomach is sick of seal and whale and bear. My throat...",0.3296640690005006,0.3296640690005006,0.019086341906844828,0.019086341906844828,1
345,/home/shaozi/ucl/code/audition_pipeline/data/dataset_4mic_3spk/Eval/mic/mic_fileid_345_doa61_3spk.wav,ODAS-SSL-SST-DGSS-MS,separated,1,16.96025,61,/home/shaozi/ucl/code/audition_pipeline/ablation_study/baseline/ODAS/results/ODAS_n_loc+sep+pf/odas_outputs/fileid_345/odas_separated_preddoa073_slot2.wav,nearest_predicted_doa_to_spk1_gt_doa,2,73.17752627648412,12.177526276484116,3,/home/shaozi/ucl/code/audition_pipeline/data/dataset_4mic_3spk/Eval/text/text_fileid_345_doa61_spk1.txt,0.030303030303030304,1,33,4.966147548205921,-1.624225878297707,-6.5903734265036285,4.702670006558803,-23.91598730493804,-28.61865731149684,1.296114444732666,1.3514156341552734,0.05530118942260742,,IN SUCH A WORLD THE MENTAL OR THE PHYSICAL STATUS OF ANY PIECE OF EXPERIENCE WOULD BE UNEQUIVOCAL WHEN ACTIVE IT WOULD FIGURE IN THE PHYSICAL AND WHEN INACTIVE IN THE MENTAL GROUP,"In such a world, the mental or the physical status of any piece of experience would be unequivocal. When active, it would figure in the physical, and when inactive, in the mental loop.",0.2968627779991948,0.2968627779991948,0.017503443522306265,0.017503443522306265,1
346,/home/shaozi/ucl/code/audition_pipeline/data/dataset_4mic_3spk/Eval/mic/mic_fileid_346_doa62_3spk.wav,ODAS-SSL-SST-DGSS-MS,separated,1,16.81725,292,/home/shaozi/ucl/code/audition_pipeline/ablation_study/baseline/ODAS/results/ODAS_n_loc+sep+pf/odas_outputs/fileid_346/odas_separated_preddoa284_slot2.wav,nearest_predicted_doa_to_spk1_gt_doa,2,284.18746412925265,7.812535870747354,3,/home/shaozi/ucl/code/audition_pipeline/data/dataset_4mic_3spk/Eval/text/text_fileid_346_doa292_spk1.txt,0.12244897959183673,6,49,4.622749963526685,-0.3567845993435438,-4.979534562870229,3.474241813143136,-20.919915224544205,-24.394157037687343,1.2234156131744385,1.2390159368515015,0.015600323677062988,,IT WAS THAT SAME DAY THAT THE THREE BOYS FROM BRIGHTON WERE FOR THE FIRST TIME ASSIGNED TO A REGULAR UNIT OF THE SIGNAL CORPS ALSO WITH A REAL THRILL THEY LEARNED THAT THEY WERE ALMOST IMMEDIATELY TO SEE WAR SERVICE FOR AMERICAN TROOPS WERE ALREADY IN THE TRENCHES,"It was that same day that the three boys in Brighton were for the first time assigned to a regular unit of the same school. Also, with a real thrill, they learned that they were almost immediately to see more of service for American troops who were already in the trenches.",0.36643113500031177,0.36643113500031177,0.0217890044448594,0.0217890044448594,1
347,/home/shaozi/ucl/code/audition_pipeline/data/dataset_4mic_3spk/Eval/mic/mic_fileid_347_doa18_3spk.wav,ODAS-SSL-SST-DGSS-MS,separated,1,17.064625,18,/home/shaozi/ucl/code/audition_pipeline/ablation_study/baseline/ODAS/results/ODAS_n_loc+sep+pf/odas_outputs/fileid_347/odas_separated_preddoa017_slot1.wav,nearest_predicted_doa_to_spk1_gt_doa,1,16.936947884249314,1.0630521157506791,3,/home/shaozi/ucl/code/audition_pipeline/data/dataset_4mic_3spk/Eval/text/text_fileid_347_doa18_spk1.txt,0.45454545454545453,15,33,5.574437957899649,-1.4467680844252775,-7.021206042324927,5.453993994710461,-41.716349294990394,-47.17034328970085,1.236470103263855,1.195451259613037,-0.04101884365081787,,HE REMEMBERED HAVING HEARD FROM THE OLD OLD PEOPLE OF THE TRIBE THAT THERE WAS A PATH THAT LED TO THE LAND OF SOULS THAT IF YOU SOUGHT CAREFULLY YOU COULD FIND IT,"You remember having heard that there was a path that led to the land of souls? That if you sought to care for us, you could find us.",0.22049014500043995,0.22049014500043995,0.01292089014557542,0.01292089014557542,1
348,/home/shaozi/ucl/code/audition_pipeline/data/dataset_4mic_3spk/Eval/mic/mic_fileid_348_doa57_3spk.wav,ODAS-SSL-SST-DGSS-MS,separated,1,17.426125,173,/home/shaozi/ucl/code/audition_pipeline/ablation_study/baseline/ODAS/results/ODAS_n_loc+sep+pf/odas_outputs/fileid_348/odas_separated_preddoa177_slot0.wav,nearest_predicted_doa_to_spk1_gt_doa,0,176.99243219003102,3.9924321900310247,2,/home/shaozi/ucl/code/audition_pipeline/data/dataset_4mic_3spk/Eval/text/text_fileid_348_doa173_spk1.txt,0.2826086956521739,13,46,3.720221299322113,-2.1527246090607246,-5.872945908382837,3.5624048667427264,-31.593175296401128,-35.15558016314385,1.451119303703308,1.4214661121368408,-0.029653191566467285,,ONLY TO FIND EVERY SEMBLANCE OF A ROAD GONE I LOST MORE THAN A HALF DAY'S PRECIOUS TIME AND AGAIN WAS THROWN INTO ANXIETY LEST I HAD MISSED THE LONG SOUGHT TRAIN THE NEXT INCIDENT THAT I REMEMBER VIVIDLY WAS MY ATTEMPT TO CROSS THE COLUMBIA,"I had to find every settlement of a road gone. I had lost more than a half the day's precious time, and again was running in anxiety. Let's not miss the long stop train. The next incident that I remembered vividly was my attempt to cross the Columbia.",0.41194135900150286,0.41194135900150286,0.0236392978359505,0.0236392978359505,1
349,/home/shaozi/ucl/code/audition_pipeline/data/dataset_4mic_3spk/Eval/mic/mic_fileid_349_doa87_3spk.wav,ODAS-SSL-SST-DGSS-MS,separated,1,16.440875,166,/home/shaozi/ucl/code/audition_pipeline/ablation_study/baseline/ODAS/results/ODAS_n_loc+sep+pf/odas_outputs/fileid_349/odas_separated_preddoa168_slot1.wav,nearest_predicted_doa_to_spk1_gt_doa,1,168.0051811071264,2.00518110712639,3,/home/shaozi/ucl/code/audition_pipeline/data/dataset_4mic_3spk/Eval/text/text_fileid_349_doa166_spk1.txt,1.0,32,32,3.334194199716367,-0.44903037022688597,-3.783224569943253,1.5725959364076885,-25.679523119927048,-27.252119056334735,1.1072484254837036,1.0288283824920654,-0.07842004299163818,,AND I FOUND NO BETTER OR MORE CONGENIAL COMPANIONS ON BOARD THE SHIP THAN THESE FOUR HONEST HARD WORKING WOMEN SO FULL OF HOPE COURAGE AND GOOD SENSE AS WELL AS CHRISTIANITY,,0.038921323999602464,0.038921323999602464,0.002367351129401718,0.002367351129401718,1
350,/home/shaozi/ucl/code/audition_pipeline/data/dataset_4mic_3spk/Eval/mic/mic_fileid_350_doa97_3spk.wav,ODAS-SSL-SST-DGSS-MS,separated,1,15.88575,216,/home/shaozi/ucl/code/audition_pipeline/ablation_study/baseline/ODAS/results/ODAS_n_loc+sep+pf/odas_outputs/fileid_350/odas_separated_preddoa208_slot2.wav,nearest_predicted_doa_to_spk1_gt_doa,2,207.82287939462987,8.177120605370135,3,/home/shaozi/ucl/code/audition_pipeline/data/dataset_4mic_3spk/Eval/text/text_fileid_350_doa216_spk1.txt,0.4318181818181818,19,44,6.105175910009142,-1.055365894632319,-7.160541804641461,5.328170109436343,-29.196171159506086,-34.52434126894243,1.2204251289367676,1.3093016147613525,0.08887648582458496,,VERY CROSS AND I DON'T WONDER I'M A GREAT TRIAL TO HER SHE WAS TERRIBLY MORTIFIED ABOUT THE PUDDING SAUCE LAST WEEK WE HAD A PLUM PUDDING FOR DINNER ON TUESDAY AND THERE WAS HALF THE PUDDING AND A PITCHERFUL OF SAUCE LEFT OVER,"There is very, very good wonder on the great child's level. She was terribly mortified about the pudding sauce that she used to do. She had a prom pudding for dinner on Tuesday, and there was half the pudding and a pitcher full of sauce left over.",0.3874980330001563,0.3874980330001563,0.024392806949634502,0.024392806949634502,1
351,/home/shaozi/ucl/code/audition_pipeline/data/dataset_4mic_3spk/Eval/mic/mic_fileid_351_doa35_3spk.wav,ODAS-SSL-SST-DGSS-MS,separated,1,15.55575,35,/home/shaozi/ucl/code/audition_pipeline/ablation_study/baseline/ODAS/results/ODAS_n_loc+sep+pf/odas_outputs/fileid_351/odas_separated_preddoa039_slot2.wav,nearest_predicted_doa_to_spk1_gt_doa,2,38.907011180928684,3.9070111809286914,3,/home/shaozi/ucl/code/audition_pipeline/data/dataset_4mic_3spk/Eval/text/text_fileid_351_doa35_spk1.txt,0.2857142857142857,8,28,5.252960584807859,-1.0836173434629572,-6.336577928270816,4.633125763180706,-24.400203877876983,-29.03332964105769,1.3834114074707031,1.3029911518096924,-0.08042025566101074,,BUT HE WAS RESOLVED TO MARRY HER HAROON THOUGHT THIS SUCH AN EXTRAORDINARY STORY THAT HE ORDERED HIS HISTORIOGRAPHER TO COMMIT IT TO WRITING WITH ALL ITS CIRCUMSTANCES,He was resolved to marry her. Peruv thought this such an extraordinary story that he ordered his story I refer to be the writing with all its circumstances.,0.22240962800060515,0.22240962800060515,0.0142975830802504,0.0142975830802504,1
352,/home/shaozi/ucl/code/audition_pipeline/data/dataset_4mic_3spk/Eval/mic/mic_fileid_352_doa234_3spk.wav,ODAS-SSL-SST-DGSS-MS,separated,1,16.027625,234,/home/shaozi/ucl/code/audition_pipeline/ablation_study/baseline/ODAS/results/ODAS_n_loc+sep+pf/odas_outputs/fileid_352/odas_separated_preddoa237_slot0.wav,nearest_predicted_doa_to_spk1_gt_doa,0,237.18281083729877,3.1828108372987742,2,/home/shaozi/ucl/code/audition_pipeline/data/dataset_4mic_3spk/Eval/text/text_fileid_352_doa234_spk1.txt,0.10526315789473684,4,38,3.907786237931474,-1.336374949342446,-5.24416118727392,3.2153909142650523,-43.02551017413621,-46.24090108840126,1.2783585786819458,1.239181399345398,-0.03917717933654785,,AND TO SHOW SOME DEGREE OF PRECIPITANCY AND INDISCRETION MOVED BY THIS EXAMPLE THE HOUSE OF PEERS WERE ROUSED FROM THEIR INACTIVITY AND CLAIMED LIBERTY FOR THE EARL OF ARUNDEL WHO HAD BEEN LATELY CONFINED IN THE TOWER,"and to show some degree of precipitancy and indiscretion. Moved by this example, the House of Peers will rouse through their inactivity and claim liberty for the Earl of Arundel, who had been lately confined in the tower.",0.36927686300077767,0.36927686300077767,0.023040023896290163,0.023040023896290163,1
353,/home/shaozi/ucl/code/audition_pipeline/data/dataset_4mic_3spk/Eval/mic/mic_fileid_353_doa27_3spk.wav,ODAS-SSL-SST-DGSS-MS,separated,1,17.324,354,/home/shaozi/ucl/code/audition_pipeline/ablation_study/baseline/ODAS/results/ODAS_n_loc+sep+pf/odas_outputs/fileid_353/odas_separated_preddoa002_slot0.wav,nearest_predicted_doa_to_spk1_gt_doa,0,2.0550421240516363,8.055042124051624,2,/home/shaozi/ucl/code/audition_pipeline/data/dataset_4mic_3spk/Eval/text/text_fileid_353_doa354_spk1.txt,0.38461538461538464,15,39,4.5445965918896665,-3.1444223252622416,-7.689018917151908,3.2440005351824714,-40.80995717762701,-44.053957712809485,1.1983577013015747,1.1404805183410645,-0.057877182960510254,,HOLD YOUR TONGUE SAID UNCLE JOHN I SAY I'VE GOT THREE NIECES AS FINE A TRIO OF INTELLIGENT SWEET AND ATTRACTIVE YOUNG WOMEN AS YOU'LL RUN ACROSS IN A MONTH OF SUNDAYS I DARE YOU TO DENY IT SIR,"30 tons said Uncle John. I say I've got three nieces. As fine a trio of intelligent, sweet and attractive young women will wrap us in a month of Sundays. I dare you to deny it, sir. And then your most convenient service turned away.",0.365442094998798,0.365442094998798,0.02109455639568217,0.02109455639568217,1
354,/home/shaozi/ucl/code/audition_pipeline/data/dataset_4mic_3spk/Eval/mic/mic_fileid_354_doa100_3spk.wav,ODAS-SSL-SST-DGSS-MS,separated,1,17.23375,331,/home/shaozi/ucl/code/audition_pipeline/ablation_study/baseline/ODAS/results/ODAS_n_loc+sep+pf/odas_outputs/fileid_354/odas_separated_preddoa330_slot0.wav,nearest_predicted_doa_to_spk1_gt_doa,0,329.86397460923354,1.1360253907664628,2,/home/shaozi/ucl/code/audition_pipeline/data/dataset_4mic_3spk/Eval/text/text_fileid_354_doa331_spk1.txt,0.11538461538461539,6,52,4.211949674200957,-2.463580858385716,-6.675530532586674,4.430230603561269,-25.548737296997892,-29.978967900559162,1.305077314376831,1.2903772592544556,-0.014700055122375488,,A PICTURE TO WRING THE HEART OF THE ONLOOKER WITH ENVY OR SYMPATHY ACCORDING TO HIS NATURE BUT THERE WAS ONLY ONE ONLOOKER A MAN OF FORTY OR THEREABOUTS WHO PAUSED FOR AN INSTANT UNDER THE GREAT GATE OF THE CASTLE AND TOOK IN THE FULL CHARM AND MEANING OF THE SCENE,"A picture to raise the heart of the onlooker with envy or sympathy according to his nature, but there was only one onlooker, a man of 40 or so, who paused for an instant under the grey shade of the castle and took in the full charge and meaning of the scene.",0.3995624279996264,0.3995624279996264,0.023184880133437374,0.023184880133437374,1
355,/home/shaozi/ucl/code/audition_pipeline/data/dataset_4mic_3spk/Eval/mic/mic_fileid_355_doa22_3spk.wav,ODAS-SSL-SST-DGSS-MS,separated,1,16.643125,285,/home/shaozi/ucl/code/audition_pipeline/ablation_study/baseline/ODAS/results/ODAS_n_loc+sep+pf/odas_outputs/fileid_355/odas_separated_preddoa285_slot0.wav,nearest_predicted_doa_to_spk1_gt_doa,0,284.81904260167016,0.18095739832983782,3,/home/shaozi/ucl/code/audition_pipeline/data/dataset_4mic_3spk/Eval/text/text_fileid_355_doa285_spk1.txt,0.7894736842105263,30,38,4.1113278291146305,-0.7909725176775216,-4.902300346792152,3.101619469159921,-44.13386880872612,-47.23548827788604,1.1818069219589233,1.1173350811004639,-0.06447184085845947,,CARRIED DAINTY MESSES TO THEIR SICK RESOLVED BEFORE LONG TO TEACH AT THE SCHOOL WHERE HER FATHER WENT EVERY DAY AS TO AN APPOINTED TASK BUT SHE WAS CONTINUALLY TEMPTED OFF TO GO AND SEE SOME INDIVIDUAL FRIEND,"So before my aunt decided to school, I worked with her father every day to report to my aunt, but she's a completely different kind of girl. She's an individual friend.",0.7699625429995649,0.7699625429995649,0.04626309920760463,0.04626309920760463,1
356,/home/shaozi/ucl/code/audition_pipeline/data/dataset_4mic_3spk/Eval/mic/mic_fileid_356_doa17_3spk.wav,ODAS-SSL-SST-DGSS-MS,separated,1,16.634375,181,/home/shaozi/ucl/code/audition_pipeline/ablation_study/baseline/ODAS/results/ODAS_n_loc+sep+pf/odas_outputs/fileid_356/odas_separated_preddoa211_slot2.wav,nearest_predicted_doa_to_spk1_gt_doa,2,211.08090508187348,30.080905081873482,3,/home/shaozi/ucl/code/audition_pipeline/data/dataset_4mic_3spk/Eval/text/text_fileid_356_doa181_spk1.txt,0.4594594594594595,17,37,4.746079966769314,-1.9485972283857582,-6.694677195155073,4.024089359169725,-21.363162593404326,-25.38725195257405,1.2369850873947144,1.1882256269454956,-0.04875946044921875,,BUT TO WHOM THEY HAD LATTERLY ADVANCED MONEY THE LETTERS HINTED AT THE UTTER INSOLVENCY OF THIS MANUFACTURER THEY HAD URGED THEIR CORRESPONDENT TO GIVE THEM HIS NAME IN CONFIDENCE AND THIS MORNING'S LETTER HAD BROUGHT IT,"But to whom they had laterally evicted money. The letters handed out the utter insolvency of this manufacture. They had urged their correspondents to give them this new confidence, and this morning's light had been rotted. Sweet from this white waking.",0.3750797299999249,0.3750797299999249,0.02254847146345594,0.02254847146345594,1
357,/home/shaozi/ucl/code/audition_pipeline/data/dataset_4mic_3spk/Eval/mic/mic_fileid_357_doa155_3spk.wav,ODAS-SSL-SST-DGSS-MS,separated,1,15.672625,234,/home/shaozi/ucl/code/audition_pipeline/ablation_study/baseline/ODAS/results/ODAS_n_loc+sep+pf/odas_outputs/fileid_357/odas_separated_preddoa220_slot1.wav,nearest_predicted_doa_to_spk1_gt_doa,1,219.54443568668725,14.455564313312749,3,/home/shaozi/ucl/code/audition_pipeline/data/dataset_4mic_3spk/Eval/text/text_fileid_357_doa234_spk1.txt,0.2702702702702703,10,37,5.202740084384633,-1.5088784649802542,-6.711618549364887,4.979462305342985,-34.491824353006706,-39.47128665834969,1.2404757738113403,1.2117953300476074,-0.02868044376373291,,POSSIBLY THERE IS SOMETHING YOU OUGHT TO DO AND ARE NOT DOING AND THAT IS WHY YOU CANNOT REST I THINK JESUS WOULD GIVE NO REST EXCEPT IN THE WAY OF LEARNING OF HIM HELEN'S SOBS CEASED,"I've been taught some other things I'm not to do and are not doing, and that is why you cannot rest. I think Jesus would give no rest except in the way of learning of Him. Elinth Sabh ceased.",0.3312850680013071,0.3312850680013071,0.021137816288037715,0.021137816288037715,1
358,/home/shaozi/ucl/code/audition_pipeline/data/dataset_4mic_3spk/Eval/mic/mic_fileid_358_doa96_3spk.wav,ODAS-SSL-SST-DGSS-MS,separated,1,15.0745,326,/home/shaozi/ucl/code/audition_pipeline/ablation_study/baseline/ODAS/results/ODAS_n_loc+sep+pf/odas_outputs/fileid_358/odas_separated_preddoa309_slot0.wav,nearest_predicted_doa_to_spk1_gt_doa,0,309.12196834126655,16.87803165873345,3,/home/shaozi/ucl/code/audition_pipeline/data/dataset_4mic_3spk/Eval/text/text_fileid_358_doa326_spk1.txt,0.9666666666666667,29,30,3.343624116631325,-1.5336840062710992,-4.877308122902424,2.7520821576389274,-15.243308769285811,-17.99539092692474,1.124954342842102,1.0338518619537354,-0.0911024808883667,,AND TO WARN YO IF NEED WERE MY MOTHER NIVER BADE YO TO COME SPYING AFTER ME AND BLAMING ME FOR SEEING A LAD AS MY FEYTHER THINKS WELL ON,I expect every eight many orders like that to be before the days of... ...or laughingly.,0.15947547900032077,0.15947547900032077,0.010579155461230606,0.010579155461230606,1
359,/home/shaozi/ucl/code/audition_pipeline/data/dataset_4mic_3spk/Eval/mic/mic_fileid_359_doa92_3spk.wav,ODAS-SSL-SST-DGSS-MS,separated,1,17.17175,291,/home/shaozi/ucl/code/audition_pipeline/ablation_study/baseline/ODAS/results/ODAS_n_loc+sep+pf/odas_outputs/fileid_359/odas_separated_preddoa281_slot1.wav,nearest_predicted_doa_to_spk1_gt_doa,1,281.09943667428354,9.900563325716462,2,/home/shaozi/ucl/code/audition_pipeline/data/dataset_4mic_3spk/Eval/text/text_fileid_359_doa291_spk1.txt,0.2727272727272727,12,44,4.316768315396468,-1.5203274198122363,-5.837095735208704,4.312533892948121,-32.9926037984476,-37.305137691395714,1.3172215223312378,1.2735605239868164,-0.04366099834442139,,AND A STORM OF LAUGHTER RIPPLED ROUND THE THRONG OF HEADS SHE HEARD AN INDRAWN HISS BEHIND HER CHAIR AND THE NEXT INSTANT AN EXCLAMATION FROM MABEL WHAT WAS THAT THERE WAS A SHARP CRACK AND THE TINY GESTICULATING FIGURE STAGGERED BACK A STEP,And a storm of laughter rippled around the throng of heads. She heard an indromed hiss behind her chair. In the next instant an escalation from Mabel. What was that? There was a sharp crack. And the tiny gesticulating figures staggered back as dust. We were sure we failed.,0.4791776630008826,0.4791776630008826,0.027904998791671357,0.027904998791671357,1
360,/home/shaozi/ucl/code/audition_pipeline/data/dataset_4mic_3spk/Eval/mic/mic_fileid_360_doa3_3spk.wav,ODAS-SSL-SST-DGSS-MS,separated,1,16.78425,104,/home/shaozi/ucl/code/audition_pipeline/ablation_study/baseline/ODAS/results/ODAS_n_loc+sep+pf/odas_outputs/fileid_360/odas_separated_preddoa098_slot0.wav,nearest_predicted_doa_to_spk1_gt_doa,0,98.09450985679636,5.905490143203622,3,/home/shaozi/ucl/code/audition_pipeline/data/dataset_4mic_3spk/Eval/text/text_fileid_360_doa104_spk1.txt,0.23529411764705882,8,34,5.0547820057632995,-0.6737643612002353,-5.728546366963535,4.0611312660667265,-24.723270880077905,-28.784402146144632,1.3852643966674805,1.2492951154708862,-0.13596928119659424,,WHOSE EYES WERE CLOSED HIS COUNTENANCE PALE DISFIGURED AND BATHED IN TEARS SHE GAZED EARNESTLY ON HIM HER HEART BEAT AND SHE FANCIED SHE BEHELD GANEM BUT YET SHE WOULD NOT BELIEVE HER EYES,"Eyes were slowly with this countenance pale, disfigured and bathed in tears. She gazed earnestly on him, her heart beat, and she fancied to be held guns, but yet she would not believe her eyes.",0.34310855500007165,0.34310855500007165,0.020442292923429504,0.020442292923429504,1
361,/home/shaozi/ucl/code/audition_pipeline/data/dataset_4mic_3spk/Eval/mic/mic_fileid_361_doa8_3spk.wav,ODAS-SSL-SST-DGSS-MS,separated,1,15.306875,230,/home/shaozi/ucl/code/audition_pipeline/ablation_study/baseline/ODAS/results/ODAS_n_loc+sep+pf/odas_outputs/fileid_361/odas_separated_preddoa228_slot1.wav,nearest_predicted_doa_to_spk1_gt_doa,1,228.02216429571925,1.97783570428075,3,/home/shaozi/ucl/code/audition_pipeline/data/dataset_4mic_3spk/Eval/text/text_fileid_361_doa230_spk1.txt,0.07692307692307693,3,39,4.9041509358733935,-0.9478407885055352,-5.851991724378928,3.7651280361206756,-40.71738917572983,-44.48251721185051,1.213366985321045,1.2406617403030396,0.02729475498199463,,MODE BEARD THE OYSTERS AND SCALD THEM IN THEIR OWN LIQUOR THEN ADD IT WELL STRAINED TO THE BROTH THICKEN WITH THE BUTTER AND FLOUR AND SIMMER FOR ONE QUARTER OF AN HOUR PUT IN THE OYSTERS STIR WELL,"So, beard the oysters and scald them in their own liquor. Then add it well strained to the broth. Thick it with the butter and flour and simmer for one quarter of an hour. Put in the oysters, stir well.",0.3477094300014869,0.3477094300014869,0.022715899228385083,0.022715899228385083,1
362,/home/shaozi/ucl/code/audition_pipeline/data/dataset_4mic_3spk/Eval/mic/mic_fileid_362_doa47_3spk.wav,ODAS-SSL-SST-DGSS-MS,separated,1,16.986,265,/home/shaozi/ucl/code/audition_pipeline/ablation_study/baseline/ODAS/results/ODAS_n_loc+sep+pf/odas_outputs/fileid_362/odas_separated_preddoa264_slot0.wav,nearest_predicted_doa_to_spk1_gt_doa,0,264.258691978892,0.7413080211080114,3,/home/shaozi/ucl/code/audition_pipeline/data/dataset_4mic_3spk/Eval/text/text_fileid_362_doa265_spk1.txt,0.14583333333333334,7,48,7.796241990520744,-0.23788767888223283,-8.034129669402976,7.0095786092655175,-19.430325159948822,-26.43990376921434,1.3284977674484253,1.1766189336776733,-0.15187883377075195,,QUITE REPLIED THORNDYKE I HAVE ENTERTAINED IT FROM THE FIRST AND THE NEW FACTS THAT YOU HAVE GATHERED INCREASE ITS PROBABILITY YOU REMEMBER I SAID THAT FOUR HYPOTHESES WERE POSSIBLE THAT THE ROBBERY WAS COMMITTED EITHER BY REUBEN BY WALTER BY JOHN HORNBY OR BY SOME OTHER PERSON,"I have entertained it from the first and the new facts that you have gathered increase its probabilities. You remember I said that four hypotheses were possible. That the robbery was committed either by Walter, by John Fordeva, or by some other person.",0.3415905309993832,0.3415905309993832,0.020110121923901048,0.020110121923901048,1
363,/home/shaozi/ucl/code/audition_pipeline/data/dataset_4mic_3spk/Eval/mic/mic_fileid_363_doa95_3spk.wav,ODAS-SSL-SST-DGSS-MS,separated,1,16.91775,336,/home/shaozi/ucl/code/audition_pipeline/ablation_study/baseline/ODAS/results/ODAS_n_loc+sep+pf/odas_outputs/fileid_363/odas_separated_preddoa337_slot2.wav,nearest_predicted_doa_to_spk1_gt_doa,2,337.3936918071017,1.3936918071016748,3,/home/shaozi/ucl/code/audition_pipeline/data/dataset_4mic_3spk/Eval/text/text_fileid_363_doa336_spk1.txt,0.36,9,25,2.8669688030679215,-0.9235740115477982,-3.7905428146157196,1.7994118500292988,-28.492250378526247,-30.291662228555545,1.184772253036499,1.154020071029663,-0.030752182006835938,,CHARLES GAVE THEM A GRACIOUS AND A COMPLIANT ANSWER TO ALL THEIR REMONSTRANCES HE WAS HOWEVER IN HIS HEART EXTREMELY AVERSE TO THESE FURIOUS MEASURES,"Charles gave a gracious and a compliant answer to all of his remarks, he was how it art in his heart extremely adverse to these curious measures.",0.21309867600029975,0.21309867600029975,0.012596159418380088,0.012596159418380088,1
364,/home/shaozi/ucl/code/audition_pipeline/data/dataset_4mic_3spk/Eval/mic/mic_fileid_364_doa50_3spk.wav,ODAS-SSL-SST-DGSS-MS,separated,1,16.970625,345,/home/shaozi/ucl/code/audition_pipeline/ablation_study/baseline/ODAS/results/ODAS_n_loc+sep+pf/odas_outputs/fileid_364/odas_separated_preddoa336_slot1.wav,nearest_predicted_doa_to_spk1_gt_doa,1,336.30823167000415,8.691768329995853,3,/home/shaozi/ucl/code/audition_pipeline/data/dataset_4mic_3spk/Eval/text/text_fileid_364_doa345_spk1.txt,0.25,8,32,4.834621744316882,-0.9245592660687325,-5.759181010385615,3.375964955636574,-31.380802978461396,-34.75676793409797,1.3257536888122559,1.2369273900985718,-0.08882629871368408,,DEAR ME IT IS A SAD PITY YOU CANNOT FLY YOURSELF BUT I HAVE NO TIME TO LOOK FOR ANOTHER NURSE NOW SO YOU WILL DO YOUR BEST I HOPE DEAR DEAR,"It is a sad pity you cannot rely on yourself, but I have no time to look for another nurse now. So you will do your best, I hope. Dear, dear, I hope you're well.",0.31804219300101977,0.31804219300101977,0.018740747202947435,0.018740747202947435,1
365,/home/shaozi/ucl/code/audition_pipeline/data/dataset_4mic_3spk/Eval/mic/mic_fileid_365_doa174_3spk.wav,ODAS-SSL-SST-DGSS-MS,separated,1,17.051875,212,/home/shaozi/ucl/code/audition_pipeline/ablation_study/baseline/ODAS/results/ODAS_n_loc+sep+pf/odas_outputs/fileid_365/odas_separated_preddoa206_slot0.wav,nearest_predicted_doa_to_spk1_gt_doa,0,205.95152329667616,6.048476703323843,3,/home/shaozi/ucl/code/audition_pipeline/data/dataset_4mic_3spk/Eval/text/text_fileid_365_doa212_spk1.txt,0.12195121951219512,5,41,5.9880374873852285,-2.0971017529598552,-8.085139240345084,6.0477158099633845,-25.533714706375186,-31.58143051633857,1.2826874256134033,1.292496919631958,0.009809494018554688,,THIS THIRD BOOK THE STORY OF ANCIENT IRISH CIVILISATION GIVES IN SIMPLE PLAIN LANGUAGE AN ACCOUNT OF THE CONDITION OF THE COUNTRY IN THE OLDEN TIME BUT AS IT IS HERE TO SPEAK FOR ITSELF I NEED NOT DESCRIBE IT FURTHER,"Third, the story of ancient Irish civilization gives in simple, plain language, an account by the condition of the country in the origin time. But as it is here to speak for itself, I need not describe it further.",0.34241173200098274,0.34241173200098274,0.020080591254685056,0.020080591254685056,1
366,/home/shaozi/ucl/code/audition_pipeline/data/dataset_4mic_3spk/Eval/mic/mic_fileid_366_doa75_3spk.wav,ODAS-SSL-SST-DGSS-MS,separated,1,15.865125,180,/home/shaozi/ucl/code/audition_pipeline/ablation_study/baseline/ODAS/results/ODAS_n_loc+sep+pf/odas_outputs/fileid_366/odas_separated_preddoa180_slot2.wav,nearest_predicted_doa_to_spk1_gt_doa,2,179.918038095403,0.08196190459699437,2,/home/shaozi/ucl/code/audition_pipeline/data/dataset_4mic_3spk/Eval/text/text_fileid_366_doa180_spk1.txt,0.8157894736842105,31,38,4.384199138852763,-1.0006896684643534,-5.384888807317116,3.9495591782805413,-27.20565373163209,-31.15521290991263,1.278933048248291,1.2010453939437866,-0.0778876543045044,,UP STEPPED THE SERVANT'S COMRADE AND KNOCKED UPON THE DOOR RAP TAP TAP BY AND BY IT WAS OPENED A CRACK AND THERE STOOD AN UGLY OLD WOMAN BLEAR EYED AND CROOKED AND GNARLED AS A WINTER TWIG,"Step the students' top of their head and hop upon the door, crash, tap, tap, fall in by, and is open to crap. The ears twink, open, open, open, open. Blur-eye and hook it, and now I'll give her a hand twig.",2.3397035760008293,2.3397035760008293,0.1474746386177751,0.1474746386177751,1
367,/home/shaozi/ucl/code/audition_pipeline/data/dataset_4mic_3spk/Eval/mic/mic_fileid_367_doa110_3spk.wav,ODAS-SSL-SST-DGSS-MS,separated,1,16.839375,261,/home/shaozi/ucl/code/audition_pipeline/ablation_study/baseline/ODAS/results/ODAS_n_loc+sep+pf/odas_outputs/fileid_367/odas_separated_preddoa270_slot0.wav,nearest_predicted_doa_to_spk1_gt_doa,0,270.36445405583265,9.364454055832653,2,/home/shaozi/ucl/code/audition_pipeline/data/dataset_4mic_3spk/Eval/text/text_fileid_367_doa261_spk1.txt,0.2564102564102564,10,39,7.623023828677401,-1.6948448334895896,-9.31786866216699,6.824989846971041,-26.969437100038434,-33.79442694700948,1.3233562707901,1.242287278175354,-0.0810689926147461,,IT WAS HER OWN HEART SINKING WITH ALARM AND TERROR AND OVERFLOWING WITH LOVE SHE OPENED THE DOOR AND STEPPED ACROSS THE THRESHOLD AND ONTO THE COLD DAMP EARTHEN FLOOR OF THE PASSAGE THE COLD SHE FELT REFRESHED HER,"With her own heart, sinking with alarm and terror and overflowing with rational souls, she opened the door and stepped across the threshold, and on the cold desert and floor of the acid, the cold she felt refreshed and wiped.",0.3592959380002867,0.3592959380002867,0.021336655190604563,0.021336655190604563,1
368,/home/shaozi/ucl/code/audition_pipeline/data/dataset_4mic_3spk/Eval/mic/mic_fileid_368_doa76_3spk.wav,ODAS-SSL-SST-DGSS-MS,separated,1,15.353375,76,/home/shaozi/ucl/code/audition_pipeline/ablation_study/baseline/ODAS/results/ODAS_n_loc+sep+pf/odas_outputs/fileid_368/odas_separated_preddoa079_slot1.wav,nearest_predicted_doa_to_spk1_gt_doa,1,79.2408590477301,3.240859047730112,2,/home/shaozi/ucl/code/audition_pipeline/data/dataset_4mic_3spk/Eval/text/text_fileid_368_doa76_spk1.txt,0.5625,18,32,5.391430389160449,-1.1894357149528978,-6.580866104113348,4.613168282092113,-13.378976304171324,-17.992144586263436,1.3567345142364502,1.0512912273406982,-0.30544328689575195,,BUT WITH THE PROSPECT BEFORE HIM OF APPROACHING AN INEVITABLE ANNIHILATION HIS AVARICE WOULD BE LIKELY TO GET THE VICTORY OVER HIS CAUTION HIS VANITY OR HIS AMBITION AN AMBITIOUS MAN TOO,"I have a student who is likely to get the victory over his passion for his family, or his ambition. An ambitious man too.",0.3617595700015954,0.3617595700015954,0.02356221807919076,0.02356221807919076,1
369,/home/shaozi/ucl/code/audition_pipeline/data/dataset_4mic_3spk/Eval/mic/mic_fileid_369_doa27_3spk.wav,ODAS-SSL-SST-DGSS-MS,separated,1,15.974,75,/home/shaozi/ucl/code/audition_pipeline/ablation_study/baseline/ODAS/results/ODAS_n_loc+sep+pf/odas_outputs/fileid_369/odas_separated_preddoa030_slot1.wav,nearest_predicted_doa_to_spk1_gt_doa,1,30.480953018555212,44.519046981444774,3,/home/shaozi/ucl/code/audition_pipeline/data/dataset_4mic_3spk/Eval/text/text_fileid_369_doa75_spk1.txt,0.6785714285714286,19,28,6.328425808059809,-0.28397998575686434,-6.612405793816673,6.094370624321465,-23.407087619258363,-29.501458243579826,1.2303584814071655,1.1305770874023438,-0.09978139400482178,,WHEN SHE PAUSED IN HER LAMENTATIONS ADORABLE PRINCESS SAID HE WHY DO YOU MOURN YOUR TROUBLES ARE NOT WITHOUT REMEDY WHO SPEAKS TO ME SO GENTLY ASKED SHE,Why do you want to travel without reggae? Who speaks to you so gently? Act G.,0.18546246200094174,0.18546246200094174,0.011610270564726539,0.011610270564726539,1
370,/home/shaozi/ucl/code/audition_pipeline/data/dataset_4mic_3spk/Eval/mic/mic_fileid_370_doa148_3spk.wav,ODAS-SSL-SST-DGSS-MS,separated,1,16.74225,297,/home/shaozi/ucl/code/audition_pipeline/ablation_study/baseline/ODAS/results/ODAS_n_loc+sep+pf/odas_outputs/fileid_370/odas_separated_preddoa295_slot0.wav,nearest_predicted_doa_to_spk1_gt_doa,0,294.94072511279745,2.059274887202548,3,/home/shaozi/ucl/code/audition_pipeline/data/dataset_4mic_3spk/Eval/text/text_fileid_370_doa297_spk1.txt,0.45454545454545453,20,44,1.4293114037750163,-2.753705617646399,-4.183017021421415,0.740651082164336,-18.274070106424723,-19.01472118858906,1.1864521503448486,1.1616321802139282,-0.02481997013092041,,BY THE TIME THE WAR VESSEL HAD ARRIVED AT DE LOS CAYOS L'OLONNOIS HAD MADE HIS PREPARATION TO ATTACK THE PLACE HE HAD PROCURED TWO LARGE CANOES AND IN THESE HE HAD INTENDED TO ROW UP TO THE TOWN AND LAND WITH HIS MEN,"By the time he wore his long and wide, the dinner sky of Lorinbog had made his preparation to attack his place. He had put too large canoe lines on his shoulders, he had intended to round up to the town and land with his men.",0.3766232600009971,0.3766232600009971,0.022495379056040685,0.022495379056040685,1
371,/home/shaozi/ucl/code/audition_pipeline/data/dataset_4mic_3spk/Eval/mic/mic_fileid_371_doa68_3spk.wav,ODAS-SSL-SST-DGSS-MS,separated,1,16.5555,306,/home/shaozi/ucl/code/audition_pipeline/ablation_study/baseline/ODAS/results/ODAS_n_loc+sep+pf/odas_outputs/fileid_371/odas_separated_preddoa308_slot0.wav,nearest_predicted_doa_to_spk1_gt_doa,0,307.64155668005833,1.6415566800583292,3,/home/shaozi/ucl/code/audition_pipeline/data/dataset_4mic_3spk/Eval/text/text_fileid_371_doa306_spk1.txt,0.10714285714285714,6,56,4.969788837012637,-1.2068039003882958,-6.176592737400933,4.905032034594367,-39.64046855836401,-44.545500592958376,1.3585110902786255,1.4451593160629272,0.08664822578430176,,AND WHO BEGAN TO RUB A CROW BAR ON A STONE IN ORDER TO REDUCE IT TO THE PROPER SIZE BARTHOLEMY CAREFULLY KNOCKED ALL THE NAILS OUT OF THE BOARD AND THEN FINDING A LARGE FLAT STONE HE RUBBED DOWN ONE OF THEM UNTIL HE HAD FORMED IT INTO THE SHAPE OF A RUDE KNIFE BLADE,"and who began to roll crowbar on a stone in order to reduce it to proper size. Bartholome carefully knocked all the nails out of the board, and then finding a large flat stone, he rubbed down one of them until he had formed it into the shape of a rude knife blade.",0.45511044600061723,0.45511044600061723,0.02748998495971836,0.02748998495971836,1
372,/home/shaozi/ucl/code/audition_pipeline/data/dataset_4mic_3spk/Eval/mic/mic_fileid_372_doa161_3spk.wav,ODAS-SSL-SST-DGSS-MS,separated,1,16.864125,161,/home/shaozi/ucl/code/audition_pipeline/ablation_study/baseline/ODAS/results/ODAS_n_loc+sep+pf/odas_outputs/fileid_372/odas_separated_preddoa162_slot0.wav,nearest_predicted_doa_to_spk1_gt_doa,0,162.1835587704459,1.1835587704458987,3,/home/shaozi/ucl/code/audition_pipeline/data/dataset_4mic_3spk/Eval/text/text_fileid_372_doa161_spk1.txt,0.12121212121212122,4,33,6.144106366160891,-1.0992991661087388,-7.243405532269629,5.07946845352742,-20.460218407930427,-25.539686861457845,1.6021318435668945,1.4705090522766113,-0.1316227912902832,,AND PERHAPS LOST FOREVER TO THE COUNTRY AT LENGTH CONGRESS HAVING SANCTIONED THE ENLARGEMENT OF THEIR OWN LIBRARY THEIR LIBRARIAN MISTER SPOFFORD INDUCED THEM TO PURCHASE THE WHOLE MASS JUST AS IT STOOD,"And perhaps lost forever to the country. At late, Congress, having sanctioned the enlargement of the whole library, their librarian, Mr. Spofford, induced them to purchase the whole mass, just as it stood.",0.349430473999746,0.349430473999746,0.020720344162519312,0.020720344162519312,1
373,/home/shaozi/ucl/code/audition_pipeline/data/dataset_4mic_3spk/Eval/mic/mic_fileid_373_doa55_3spk.wav,ODAS-SSL-SST-DGSS-MS,separated,1,18.24525,176,/home/shaozi/ucl/code/audition_pipeline/ablation_study/baseline/ODAS/results/ODAS_n_loc+sep+pf/odas_outputs/fileid_373/odas_separated_preddoa179_slot1.wav,nearest_predicted_doa_to_spk1_gt_doa,1,178.5686501512967,2.5686501512967084,3,/home/shaozi/ucl/code/audition_pipeline/data/dataset_4mic_3spk/Eval/text/text_fileid_373_doa176_spk1.txt,0.696969696969697,23,33,6.148023837518134,-0.5404642963406482,-6.688488133858782,5.124997605425196,-24.83337166291634,-29.958369268341535,1.2026896476745605,1.1400234699249268,-0.06266617774963379,,A FEW REMAINED FOR THE SUMMER HERE MEN BUILT BOATS AND ROWED AWAY TO KEECHAWIK AND NEUKLUK CARRYING SUPPLIES FOR HUNTING OR PROSPECTING THE CAPTAIN'S VEGETABLE GARDEN IN THE SAND WAS GROWING RAPIDLY,The captain's vegetable garden in the sand was growing rapidly.,0.11273393900046358,0.11273393900046358,0.006178810320519784,0.006178810320519784,1
374,/home/shaozi/ucl/code/audition_pipeline/data/dataset_4mic_3spk/Eval/mic/mic_fileid_374_doa92_3spk.wav,ODAS-SSL-SST-DGSS-MS,separated,1,16.93675,253,/home/shaozi/ucl/code/audition_pipeline/ablation_study/baseline/ODAS/results/ODAS_n_loc+sep+pf/odas_outputs/fileid_374/odas_separated_preddoa256_slot2.wav,nearest_predicted_doa_to_spk1_gt_doa,2,256.04928284911705,3.0492828491170485,3,/home/shaozi/ucl/code/audition_pipeline/data/dataset_4mic_3spk/Eval/text/text_fileid_374_doa253_spk1.txt,0.2727272727272727,9,33,5.360862588598945,-0.20787406087471488,-5.568736649473659,4.2226649226941255,-21.231023850377287,-25.453688773071413,1.2867567539215088,1.1858315467834473,-0.10092520713806152,,CORONEL SHOOK HIM SOLEMNLY BY THE HAND I CONGRATULATE YOUR ROYAL HIGHNESS I WILL ANNOUNCE YOUR DECISION TO THE PRINCESS SHE WILL BE MUCH AMU MUCH DELIGHTED AND HE TURNED INTO THE PALACE,I congratulate your royal highness. I will announce your decision to the princess. She will be much delighted and he turned into the palace.,0.20520034000037413,0.20520034000037413,0.012115685713042593,0.012115685713042593,1
375,/home/shaozi/ucl/code/audition_pipeline/data/dataset_4mic_3spk/Eval/mic/mic_fileid_375_doa192_3spk.wav,ODAS-SSL-SST-DGSS-MS,separated,1,16.489375,336,/home/shaozi/ucl/code/audition_pipeline/ablation_study/baseline/ODAS/results/ODAS_n_loc+sep+pf/odas_outputs/fileid_375/odas_separated_preddoa328_slot1.wav,nearest_predicted_doa_to_spk1_gt_doa,1,328.39159745457977,7.608402545420233,2,/home/shaozi/ucl/code/audition_pipeline/data/dataset_4mic_3spk/Eval/text/text_fileid_375_doa336_spk1.txt,0.25,9,36,5.547280629662394,-1.9188780781918755,-7.4661587078542695,4.4304460248682815,-28.239065903676945,-32.66951192854523,1.2894526720046997,1.328595519065857,0.03914284706115723,,AFTER TWENTY FOUR EVENTFUL HOURS OUR TWO STUDENTS OF HUMAN MOTIVES FOUND THEMSELVES TOGETHER AGAIN BY THE FIREPLACE IN THE OLD GEORGE SMOKING ROOM THEY HAD RESUMED THEIR OVERNIGHT CONVERSATION IN A STATE OF CONSIDERABLE TENSION,"After 24 eventful hours, our two students of human bulletins found themselves together again by the fireplace near to the old George Spoken Room. They had resumed their overnight conversation in a state of considerable tension within the region.",0.33398244799900567,0.33398244799900567,0.02025440309284043,0.02025440309284043,1
376,/home/shaozi/ucl/code/audition_pipeline/data/dataset_4mic_3spk/Eval/mic/mic_fileid_376_doa40_3spk.wav,ODAS-SSL-SST-DGSS-MS,separated,1,16.916,104,/home/shaozi/ucl/code/audition_pipeline/ablation_study/baseline/ODAS/results/ODAS_n_loc+sep+pf/odas_outputs/fileid_376/odas_separated_preddoa087_slot2.wav,nearest_predicted_doa_to_spk1_gt_doa,2,87.18245933738362,16.81754066261638,3,/home/shaozi/ucl/code/audition_pipeline/data/dataset_4mic_3spk/Eval/text/text_fileid_376_doa104_spk1.txt,0.38461538461538464,15,39,4.207004595632226,-2.6151457866476195,-6.822150382279846,2.871920798127325,-35.13400639681774,-38.005927194945066,1.1880576610565186,1.0790656805038452,-0.10899198055267334,,I VISUALIZED THEM JUST AS I COULD CLOSE MY EYES AND VISUALIZE FOR EXAMPLE THE FIREPLACE IN THE LIVING ROOM OF MY OWN HOME I LOOKED DOWN AT THE GIRL SHE WAS FROWNING AND HER EYES WERE VERY WIDE,"I visualized them just as I could close my eyes and visualize, for example, the fireplace in the layering of my own home. I looked down at the girl, she's frowning, and her eyes were very white, but I explained their imaginations by the issue of circulars.",0.42395958099950803,0.42395958099950803,0.025062637798504848,0.025062637798504848,1
377,/home/shaozi/ucl/code/audition_pipeline/data/dataset_4mic_3spk/Eval/mic/mic_fileid_377_doa285_3spk.wav,ODAS-SSL-SST-DGSS-MS,separated,1,15.4635,285,/home/shaozi/ucl/code/audition_pipeline/ablation_study/baseline/ODAS/results/ODAS_n_loc+sep+pf/odas_outputs/fileid_377/odas_separated_preddoa273_slot0.wav,nearest_predicted_doa_to_spk1_gt_doa,0,273.29788785511715,11.702112144882847,2,/home/shaozi/ucl/code/audition_pipeline/data/dataset_4mic_3spk/Eval/text/text_fileid_377_doa285_spk1.txt,0.28125,9,32,5.282684965567038,-2.3092992913929935,-7.591984256960031,5.169925239836763,-14.580132999708567,-19.750058239545332,1.397691249847412,1.2903714179992676,-0.10731983184814453,,IN A LOW TONE AS IF NOT INTENDED FOR THE EAR OF THE VICTIM DIABOLUS FETCH ME THE RED HOT IRON THE EXPEDITION WITH WHICH THAT TONGUE WOULD DISAPPEAR WAS SIMPLY RIDICULOUS,"In a lower tone, as if not intended for the ear of the victim, the house, the bedroom, the red hot iron. The expedition of which that tone had disappeared was simply ridiculous.",0.2797180230008962,0.2797180230008962,0.018088920554912936,0.018088920554912936,1
378,/home/shaozi/ucl/code/audition_pipeline/data/dataset_4mic_3spk/Eval/mic/mic_fileid_378_doa15_3spk.wav,ODAS-SSL-SST-DGSS-MS,separated,1,17.431375,85,/home/shaozi/ucl/code/audition_pipeline/ablation_study/baseline/ODAS/results/ODAS_n_loc+sep+pf/odas_outputs/fileid_378/odas_separated_preddoa074_slot1.wav,nearest_predicted_doa_to_spk1_gt_doa,1,74.35475396439416,10.645246035605851,3,/home/shaozi/ucl/code/audition_pipeline/data/dataset_4mic_3spk/Eval/text/text_fileid_378_doa85_spk1.txt,0.12903225806451613,4,31,5.474130554708201,-2.1853118337445125,-7.659442388452714,4.974589520263811,-54.53879765411866,-59.51338717438247,1.2461479902267456,1.2227641344070435,-0.02338385581970215,,THE HORRIBLE GLOWING TOOL DISAPPEARED INTO THE NIGHT WHIRLING AS IT FLEW AND FELL FAR AWAY ON THE SNOW THE PRISONER RESUMED DO WHAT YOU PLEASE WITH ME HE WAS DISARMED,"The marble glowing tool disappeared into the darkness whirling as it flew and fell far away on the snow. The prisoner resumed. Do what you please, he was disarmed.",0.2913198700007342,0.2913198700007342,0.01671238614284497,0.01671238614284497,1
379,/home/shaozi/ucl/code/audition_pipeline/data/dataset_4mic_3spk/Eval/mic/mic_fileid_379_doa53_3spk.wav,ODAS-SSL-SST-DGSS-MS,separated,1,16.999125,248,/home/shaozi/ucl/code/audition_pipeline/ablation_study/baseline/ODAS/results/ODAS_n_loc+sep+pf/odas_outputs/fileid_379/odas_separated_preddoa251_slot2.wav,nearest_predicted_doa_to_spk1_gt_doa,2,250.90824629825795,2.90824629825795,3,/home/shaozi/ucl/code/audition_pipeline/data/dataset_4mic_3spk/Eval/text/text_fileid_379_doa248_spk1.txt,0.3142857142857143,11,35,4.887681579253308,-0.26090791029871585,-5.148589489552024,3.72641113452997,-22.698523267379905,-26.424934401909873,1.6076076030731201,1.2300803661346436,-0.37752723693847656,,HER ENMITY DID NOT STOP AT THIS ABOMINABLE ACTION BUT SHE LIKEWISE CHANGED THE SLAVE INTO A COW AND GAVE HER ALSO TO MY FARMER AT MY RETURN I ENQUIRED FOR THE MOTHER AND CHILD,"I stopped at this appointment, but she likewise changed the slave of my cow and gave her also to my farmer. At my return, I inquired for my mother and child.",0.27362962599909224,0.27362962599909224,0.01609668885893199,0.01609668885893199,1
380,/home/shaozi/ucl/code/audition_pipeline/data/dataset_4mic_3spk/Eval/mic/mic_fileid_380_doa120_3spk.wav,ODAS-SSL-SST-DGSS-MS,separated,1,16.50125,216,/home/shaozi/ucl/code/audition_pipeline/ablation_study/baseline/ODAS/results/ODAS_n_loc+sep+pf/odas_outputs/fileid_380/odas_separated_preddoa214_slot2.wav,nearest_predicted_doa_to_spk1_gt_doa,2,214.32023785335983,1.6797621466401722,3,/home/shaozi/ucl/code/audition_pipeline/data/dataset_4mic_3spk/Eval/text/text_fileid_380_doa216_spk1.txt,0.07894736842105263,3,38,4.838156966476196,-1.1965770109022564,-6.034733977378452,3.322532726147779,-26.075066773112937,-29.397599499260714,1.3411375284194946,1.297254204750061,-0.043883323669433594,,EVEN THE FROGS WHO ARE AFRAID OF CRANES CREPT QUIETLY NEAR TO LOOK ON IT WAS NOT LONG BEFORE ANOTHER YOUNG CRANE BEGAN TO SKIP AND HOP AND CIRCLE AROUND DROOPING HIS WINGS AND WHOOPING AS HE WENT,"Frogs who were afraid of cranes crept quietly near to look on. It was not long before another young crane began to skip and hop and circle around, drooping his wings and whooping as he went.",0.3329954249984439,0.3329954249984439,0.020180012120199618,0.020180012120199618,1
381,/home/shaozi/ucl/code/audition_pipeline/data/dataset_4mic_3spk/Eval/mic/mic_fileid_381_doa212_3spk.wav,ODAS-SSL-SST-DGSS-MS,separated,1,17.232125,246,/home/shaozi/ucl/code/audition_pipeline/ablation_study/baseline/ODAS/results/ODAS_n_loc+sep+pf/odas_outputs/fileid_381/odas_separated_preddoa241_slot0.wav,nearest_predicted_doa_to_spk1_gt_doa,0,240.8426745192807,5.157325480719294,2,/home/shaozi/ucl/code/audition_pipeline/data/dataset_4mic_3spk/Eval/text/text_fileid_381_doa246_spk1.txt,0.2,9,45,7.779965942561296,-1.961586582266236,-9.741552524827533,7.008356230445494,-39.19335420507464,-46.201710435520134,1.3281192779541016,1.2477688789367676,-0.08035039901733398,,AND ON THE SUCCEEDING DAY FAVOURED TO AN UNCOMMON DEGREE BY A FINE EASTERLY BREEZE WE CLOSED IN WITH THE BARNEVELTS AND RUNNING PAST CAPE DECEIT WITH ITS STONY PEAKS ABOUT THREE O'CLOCK DOUBLED THE WEATHER BEATEN CAPE HORN THE EVENING WAS CALM AND BRIGHT,"Succeeding day, favored to an uncommon degree by a fine easterly breeze, we closed in with the barnabounds and runny past Cape Deceit with its stony peaks about 3 o'clock, doubled the weather-beaten Cape Horn. The evening was calm and bright.",0.4347292969996488,0.4347292969996488,0.025227840269244146,0.025227840269244146,1
382,/home/shaozi/ucl/code/audition_pipeline/data/dataset_4mic_3spk/Eval/mic/mic_fileid_382_doa34_3spk.wav,ODAS-SSL-SST-DGSS-MS,separated,1,17.508625,193,/home/shaozi/ucl/code/audition_pipeline/ablation_study/baseline/ODAS/results/ODAS_n_loc+sep+pf/odas_outputs/fileid_382/odas_separated_preddoa247_slot0.wav,nearest_predicted_doa_to_spk1_gt_doa,0,246.65492206303645,53.65492206303645,2,/home/shaozi/ucl/code/audition_pipeline/data/dataset_4mic_3spk/Eval/text/text_fileid_382_doa193_spk1.txt,2.259259259259259,61,27,-7.460600555935901,-5.673670715226946,1.7869298407089556,-11.702008013904353,-28.50038256753862,-16.798374553634268,1.067798376083374,1.0878628492355347,0.020064473152160645,,THE SUMMER'S FLOWER IS TO THE SUMMER SWEET THOUGH TO ITSELF IT ONLY LIVE AND DIE BUT IF THAT FLOWER WITH BASE INFECTION MEET THE BASEST WEED,"I told you the world off, we had all made up our minds that Sylvia would never make it. She was so handsome, we didn't see how she could help it. I tell you they made a dandy look at the couple when they went together. Well, as I said before, I toddled to the window to have a look at the fair Sylvia.",0.5529153479983506,0.5529153479983506,0.03157959851206766,0.03157959851206766,1
383,/home/shaozi/ucl/code/audition_pipeline/data/dataset_4mic_3spk/Eval/mic/mic_fileid_383_doa0_3spk.wav,ODAS-SSL-SST-DGSS-MS,separated,1,16.2795,166,/home/shaozi/ucl/code/audition_pipeline/ablation_study/baseline/ODAS/results/ODAS_n_loc+sep+pf/odas_outputs/fileid_383/odas_separated_preddoa171_slot0.wav,nearest_predicted_doa_to_spk1_gt_doa,0,170.8332194238752,4.833219423875192,2,/home/shaozi/ucl/code/audition_pipeline/data/dataset_4mic_3spk/Eval/text/text_fileid_383_doa166_spk1.txt,0.9761904761904762,41,42,2.9231998934745396,-1.1424423079317272,-4.065642201406266,2.4891454459382025,-41.64581571021479,-44.134961156153,1.2155160903930664,1.1696566343307495,-0.045859456062316895,,HE WOULD NOT ADVERTISE IN PAPERS WHICH HE THOUGHT MIGHT BY THEIR PUBLICATION OF OPINION ULTIMATELY HURT CAPITALISM AS A WHOLE STILL LESS IN THOSE WHOSE OPINIONS MIGHT AFFECT HIS OWN PRIVATE FORTUNE ADVERSELY STUPID LIKE ALL PEOPLE GIVEN UP TO GAIN,have a,1.0015906429998722,1.0015906429998722,0.06152465634693156,0.06152465634693156,1
384,/home/shaozi/ucl/code/audition_pipeline/data/dataset_4mic_3spk/Eval/mic/mic_fileid_384_doa36_3spk.wav,ODAS-SSL-SST-DGSS-MS,separated,1,16.063875,36,/home/shaozi/ucl/code/audition_pipeline/ablation_study/baseline/ODAS/results/ODAS_n_loc+sep+pf/odas_outputs/fileid_384/odas_separated_preddoa033_slot0.wav,nearest_predicted_doa_to_spk1_gt_doa,0,32.63094151678287,3.3690584832171453,3,/home/shaozi/ucl/code/audition_pipeline/data/dataset_4mic_3spk/Eval/text/text_fileid_384_doa36_spk1.txt,0.34210526315789475,13,38,5.767879029597953,-0.80045576159681,-6.568334791194763,4.897977460152026,-38.36338697542373,-43.26136443557576,1.4265990257263184,1.3048732280731201,-0.12172579765319824,,AND BEHOLD PRESENTLY CAME THE KHORASANI SO I CARRIED HIM INTO THE HOUSE AND BROUGHT OUT TO HIM ONE MYRIAD OF DIRHAMS SAYING HERE IS THY MONEY QUOTH HE IT IS NOT MY VERY MONEY HOW COMETH THIS,"I simply came to Kora-san, so I carried him into the house and brought out to him one of my re-added earrings, saying, Here is thy money, for he is not my very money. How come it's this?",0.3646974559997034,0.3646974559997034,0.022702956540666768,0.022702956540666768,1
385,/home/shaozi/ucl/code/audition_pipeline/data/dataset_4mic_3spk/Eval/mic/mic_fileid_385_doa92_3spk.wav,ODAS-SSL-SST-DGSS-MS,separated,1,16.99975,92,/home/shaozi/ucl/code/audition_pipeline/ablation_study/baseline/ODAS/results/ODAS_n_loc+sep+pf/odas_outputs/fileid_385/odas_separated_preddoa210_slot1.wav,nearest_predicted_doa_to_spk1_gt_doa,1,209.5358188416594,117.53581884165942,2,/home/shaozi/ucl/code/audition_pipeline/data/dataset_4mic_3spk/Eval/text/text_fileid_385_doa92_spk1.txt,1.0,44,44,4.76733718408776,-0.9652411375848546,-5.732578321672614,3.7493265517350376,-43.98670537231348,-47.73603192404852,1.1280317306518555,1.0822373628616333,-0.04579436779022217,,VERY CROSS AND I DON'T WONDER I'M A GREAT TRIAL TO HER SHE WAS TERRIBLY MORTIFIED ABOUT THE PUDDING SAUCE LAST WEEK WE HAD A PLUM PUDDING FOR DINNER ON TUESDAY AND THERE WAS HALF THE PUDDING AND A PITCHERFUL OF SAUCE LEFT OVER,,0.03932416899988311,0.03932416899988311,0.002313220429705326,0.002313220429705326,1
386,/home/shaozi/ucl/code/audition_pipeline/data/dataset_4mic_3spk/Eval/mic/mic_fileid_386_doa35_3spk.wav,ODAS-SSL-SST-DGSS-MS,separated,1,17.709,142,/home/shaozi/ucl/code/audition_pipeline/ablation_study/baseline/ODAS/results/ODAS_n_loc+sep+pf/odas_outputs/fileid_386/odas_separated_preddoa141_slot2.wav,nearest_predicted_doa_to_spk1_gt_doa,2,141.29347718800787,0.7065228119921301,3,/home/shaozi/ucl/code/audition_pipeline/data/dataset_4mic_3spk/Eval/text/text_fileid_386_doa142_spk1.txt,0.25,11,44,5.069877809403637,-0.601364085048611,-5.6712418944522485,4.665789680784519,-21.134000507282718,-25.799790188067234,1.282795786857605,1.2003172636032104,-0.08247852325439453,,INSTEAD OF MAKING A FUSS ABOUT THIS HE USED TO CALL FOR PENCIL AND PAPER AND PRACTISE DRAWING FEET UNTIL HE COULD MAKE VERY PERFECT ONES MAJOR WHISTLER SENT HIM TO THE ART ACADEMY IN SAINT PETERSBURG WHERE HE WAS PRAISED BY HIS TEACHERS,He used to call for a pencil and paper and practice drawing feet until he could make very perfect coins. Major Whistler sent him to the Art Academy in St. Petersburg where he was praised by his teachers.,0.3401158670003497,0.3401158670003497,0.019205820035030192,0.019205820035030192,1
387,/home/shaozi/ucl/code/audition_pipeline/data/dataset_4mic_3spk/Eval/mic/mic_fileid_387_doa54_3spk.wav,ODAS-SSL-SST-DGSS-MS,separated,1,16.72775,88,/home/shaozi/ucl/code/audition_pipeline/ablation_study/baseline/ODAS/results/ODAS_n_loc+sep+pf/odas_outputs/fileid_387/odas_separated_preddoa078_slot2.wav,nearest_predicted_doa_to_spk1_gt_doa,2,77.98895406400277,10.011045935997231,2,/home/shaozi/ucl/code/audition_pipeline/data/dataset_4mic_3spk/Eval/text/text_fileid_387_doa88_spk1.txt,0.2631578947368421,15,57,6.77534159857256,-1.3227776321669882,-8.098119230739547,6.431566577966285,-28.208667296809683,-34.640233874775966,1.6782053709030151,1.2841713428497314,-0.3940340280532837,,IT WAS NOT UNTIL SOME DAYS LATER THAT THE CASE CAME INTO MY HANDS AND IN THE INTERVAL THE LOCAL AUTHORITIES HAD NOT BEEN IDLE IT WAS NOTED THAT THE MAN WAS POORLY DRESSED THAT HIS HANDS PROVED HE WAS USED TO MANUAL LABOR BUT THERE WAS NO MARK EITHER ON HIS BODY OR ON HIS CLOTHING,"A few days later, the decays came into my hands in an interval to local affairs in Huff and Irons. It was noted that the man was poorly dressed, that his hands proved he was used to manual labor, but there was no mark either on his body or on his clothing.",0.43894085900137725,0.43894085900137725,0.026240280910545484,0.026240280910545484,1
388,/home/shaozi/ucl/code/audition_pipeline/data/dataset_4mic_3spk/Eval/mic/mic_fileid_388_doa22_3spk.wav,ODAS-SSL-SST-DGSS-MS,separated,1,17.815875,22,/home/shaozi/ucl/code/audition_pipeline/ablation_study/baseline/ODAS/results/ODAS_n_loc+sep+pf/odas_outputs/fileid_388/odas_separated_preddoa019_slot1.wav,nearest_predicted_doa_to_spk1_gt_doa,1,19.4453924381293,2.5546075618707107,3,/home/shaozi/ucl/code/audition_pipeline/data/dataset_4mic_3spk/Eval/text/text_fileid_388_doa22_spk1.txt,0.37142857142857144,13,35,5.603246902952559,-0.9259041367351362,-6.5291510396876955,5.158719875397592,-30.332418053352434,-35.49113792875003,1.3581111431121826,1.2271596193313599,-0.13095152378082275,,REALLY ATTESTED HIS FAILURE BUT THE DISCOVERY OF AMERICA WAS A GREATER SUCCESS THAN WAS ANY FINDING OF A BACK DOOR TO INDIA WHEN DAVID LIVINGSTONE HAD SUPPLEMENTED HIS THEOLOGICAL EDUCATION BY A MEDICAL COURSE,But the discussion of America was a greater success than what was in finding a factor in the end. When David Livingstone had supplemented his illogical education by a medical course.,0.2515244799997163,0.2515244799997163,0.014117997572373869,0.014117997572373869,1
389,/home/shaozi/ucl/code/audition_pipeline/data/dataset_4mic_3spk/Eval/mic/mic_fileid_389_doa78_3spk.wav,ODAS-SSL-SST-DGSS-MS,separated,1,4.962375,78,/home/shaozi/ucl/code/audition_pipeline/ablation_study/baseline/ODAS/results/ODAS_n_loc+sep+pf/odas_outputs/fileid_389/odas_separated_preddoa100_slot0.wav,nearest_predicted_doa_to_spk1_gt_doa,0,99.84751883877321,21.847518838773226,1,/home/shaozi/ucl/code/audition_pipeline/data/dataset_4mic_3spk/Eval/text/text_fileid_389_doa78_spk1.txt,0.5,4,8,9.11027946889629,-2.609989849911564,-11.720269318807853,8.559204493523438,-28.076869672906575,-36.636074166430014,1.5310333967208862,1.42510986328125,-0.10592353343963623,,CONSEIL I CALLED A THIRD TIME CONSEIL APPEARED,"On Kosei, I called it third time. Kosei appeared.",0.12744619399927615,0.12744619399927615,0.025682499609416088,0.025682499609416088,1
390,/home/shaozi/ucl/code/audition_pipeline/data/dataset_4mic_3spk/Eval/mic/mic_fileid_390_doa110_3spk.wav,ODAS-SSL-SST-DGSS-MS,separated,1,15.794625,110,/home/shaozi/ucl/code/audition_pipeline/ablation_study/baseline/ODAS/results/ODAS_n_loc+sep+pf/odas_outputs/fileid_390/odas_separated_preddoa107_slot2.wav,nearest_predicted_doa_to_spk1_gt_doa,2,106.92874046778084,3.071259532219159,3,/home/shaozi/ucl/code/audition_pipeline/data/dataset_4mic_3spk/Eval/text/text_fileid_390_doa110_spk1.txt,0.09523809523809523,4,42,3.5189213142012115,-0.4770934190598441,-3.9960147332610556,2.6796026255615466,-31.637990233037556,-34.3175928585991,1.1431479454040527,1.1389071941375732,-0.004240751266479492,,HAD AT LEAST THE ELEMENT OF HUMILITY THAT IT ALWAYS NEEDED TO BE SUPPORTED BY PROOF LORD WARBURTON NOT ONLY SPENT THE NIGHT AT GARDENCOURT BUT HE WAS PERSUADED TO REMAIN OVER THE SECOND DAY AND WHEN THE SECOND DAY WAS ENDED,"At least the element of humility that it always needed to be supported by a proof. Lord Warburton not only spent the night at Garden Court, but he was persuaded to remain over the second day, and when the second day was ended.",0.3306565610000689,0.3306565610000689,0.02093475223375477,0.02093475223375477,1
391,/home/shaozi/ucl/code/audition_pipeline/data/dataset_4mic_3spk/Eval/mic/mic_fileid_391_doa145_3spk.wav,ODAS-SSL-SST-DGSS-MS,separated,1,15.792625,208,/home/shaozi/ucl/code/audition_pipeline/ablation_study/baseline/ODAS/results/ODAS_n_loc+sep+pf/odas_outputs/fileid_391/odas_separated_preddoa209_slot1.wav,nearest_predicted_doa_to_spk1_gt_doa,1,209.1991724325119,1.1991724325118867,2,/home/shaozi/ucl/code/audition_pipeline/data/dataset_4mic_3spk/Eval/text/text_fileid_391_doa208_spk1.txt,0.3939393939393939,13,33,4.442279149391052,-1.8200367627694727,-6.262315912160524,4.155870989624209,-29.29984405945109,-33.4557150490753,1.2697687149047852,1.2395882606506348,-0.03018045425415039,,WAS ULTIMATELY CONDUCTED INTO THE MASTER'S PRIVATE ROOM WHERE HE WAS RECEIVED LIKE A PETITIONER HAVE YOU BROUGHT THE BILL OF EXCHANGE WITH YOU ASKED FALK I THINK SO REPLIED THE CRESTFALLEN LEVIN,All fans are inducted into the fastest private room where he was received like a petitioner. Have you brought the bill of exchange with you as fog? I think so. See you guys at Crespo 11.,0.3233381089994509,0.3233381089994509,0.020473993968668978,0.020473993968668978,1
392,/home/shaozi/ucl/code/audition_pipeline/data/dataset_4mic_3spk/Eval/mic/mic_fileid_392_doa16_3spk.wav,ODAS-SSL-SST-DGSS-MS,separated,1,16.223,209,/home/shaozi/ucl/code/audition_pipeline/ablation_study/baseline/ODAS/results/ODAS_n_loc+sep+pf/odas_outputs/fileid_392/odas_separated_preddoa209_slot0.wav,nearest_predicted_doa_to_spk1_gt_doa,0,209.04192654842754,0.041926548427539956,3,/home/shaozi/ucl/code/audition_pipeline/data/dataset_4mic_3spk/Eval/text/text_fileid_392_doa209_spk1.txt,0.34146341463414637,14,41,7.06415065111449,-1.4976590513806567,-8.561809702495147,6.261032323738746,-37.752931795796655,-44.0139641195354,1.69171142578125,1.527130126953125,-0.164581298828125,,THAT IS WHY I HAVE TO FLY AWAY SOUTH AS SOON AS THE GROUND FREEZES AT ALL IT'S WONDERFUL SIGHED PETER I DON'T SUPPOSE ANY ONE ELSE CAN FIND HIDDEN WORMS THAT WAY MY COUSIN JACK SNIPE CAN REPLIED LONGBILL PROMPTLY,"I have to fly away south as soon as the ground raises at all. It's wonderful sight, Peter. I don't suppose anyone else would find it works that way. My cousin Jack Snipcan replied long bill promptly.",0.3165850160003174,0.3165850160003174,0.019514579054448464,0.019514579054448464,1
393,/home/shaozi/ucl/code/audition_pipeline/data/dataset_4mic_3spk/Eval/mic/mic_fileid_393_doa13_3spk.wav,ODAS-SSL-SST-DGSS-MS,separated,1,11.4945,293,/home/shaozi/ucl/code/audition_pipeline/ablation_study/baseline/ODAS/results/ODAS_n_loc+sep+pf/odas_outputs/fileid_393/odas_separated_preddoa305_slot0.wav,nearest_predicted_doa_to_spk1_gt_doa,0,304.87508430536354,11.875084305363544,3,/home/shaozi/ucl/code/audition_pipeline/data/dataset_4mic_3spk/Eval/text/text_fileid_393_doa293_spk1.txt,1.1333333333333333,17,15,5.700483084255996,-0.9766837575793375,-6.677166841835334,5.058623634306322,-31.73960739652333,-36.798231030829655,1.2720805406570435,1.038081407546997,-0.2339991331100464,,BUT HOW WILL YOU PASS THROUGH THE BARRIER WITHOUT EXCITING SUSPICION IT SEEMS TO ME,the barrier without a sudden suspicion. It seems to me that he left from Cape to Mill at daylight.,0.348612982999839,0.348612982999839,0.03032867745442072,0.03032867745442072,1
394,/home/shaozi/ucl/code/audition_pipeline/data/dataset_4mic_3spk/Eval/mic/mic_fileid_394_doa77_3spk.wav,ODAS-SSL-SST-DGSS-MS,separated,1,16.922625,332,/home/shaozi/ucl/code/audition_pipeline/ablation_study/baseline/ODAS/results/ODAS_n_loc+sep+pf/odas_outputs/fileid_394/odas_separated_preddoa331_slot2.wav,nearest_predicted_doa_to_spk1_gt_doa,2,331.1503252835161,0.8496747164838894,3,/home/shaozi/ucl/code/audition_pipeline/data/dataset_4mic_3spk/Eval/text/text_fileid_394_doa332_spk1.txt,0.09090909090909091,4,44,3.8564470997840345,-0.4794125667112106,-4.335859666495245,3.1448436198482375,-21.128574008801944,-24.273417628650183,1.325384259223938,1.211028814315796,-0.11435544490814209,,MARGUERITE GOT ACCUSTOMED TO THIS NEW EXISTENCE WHOSE SALUTARY EFFECTS SHE ALREADY REALIZED SHE BEGAN TO SPEND SOME OF HER EVENINGS AT HOME OR IF THE WEATHER WAS FINE SHE WRAPPED HERSELF IN A SHAWL PUT ON A VEIL AND WE WENT ON FOOT,"Hartree got accustomed to this new existence. If it was salutary effects she already realized, she began to spend some of her evenings at home, or if the weather was fine, she wrapped herself in a shawl, put on a veil, and we went on foot.",0.3995823200002633,0.3995823200002633,0.02361231310155861,0.02361231310155861,1
395,/home/shaozi/ucl/code/audition_pipeline/data/dataset_4mic_3spk/Eval/mic/mic_fileid_395_doa31_3spk.wav,ODAS-SSL-SST-DGSS-MS,separated,1,15.923125,308,/home/shaozi/ucl/code/audition_pipeline/ablation_study/baseline/ODAS/results/ODAS_n_loc+sep+pf/odas_outputs/fileid_395/odas_separated_preddoa312_slot1.wav,nearest_predicted_doa_to_spk1_gt_doa,1,311.658026235407,3.6580262354070214,2,/home/shaozi/ucl/code/audition_pipeline/data/dataset_4mic_3spk/Eval/text/text_fileid_395_doa308_spk1.txt,0.38235294117647056,13,34,3.992645172633464,-0.675374378920795,-4.668019551554259,2.8386356713425447,-22.752400570216082,-25.591036241558626,1.1420083045959473,1.120652437210083,-0.021355867385864258,,THE ONLY EXPENSE EXCEPT THAT OF BOOKS TO WHICH A HOUSE BOARDER WAS THEN SUBJECT WAS THE FEE TO A TUTOR AMOUNTING I THINK TO TEN GUINEAS MY TUTOR TOOK ME WITHOUT THE FEE,"to which a house border was then subject to as the fee to a tutor, a mounting I think to ten kids. My tutor took me without the fee.",0.22874708399831434,0.22874708399831434,0.014365715523699923,0.014365715523699923,1
396,/home/shaozi/ucl/code/audition_pipeline/data/dataset_4mic_3spk/Eval/mic/mic_fileid_396_doa107_3spk.wav,ODAS-SSL-SST-DGSS-MS,separated,1,14.402875,212,/home/shaozi/ucl/code/audition_pipeline/ablation_study/baseline/ODAS/results/ODAS_n_loc+sep+pf/odas_outputs/fileid_396/odas_separated_preddoa212_slot0.wav,nearest_predicted_doa_to_spk1_gt_doa,0,211.8169525235157,0.18304747648429043,3,/home/shaozi/ucl/code/audition_pipeline/data/dataset_4mic_3spk/Eval/text/text_fileid_396_doa212_spk1.txt,0.4117647058823529,14,34,6.054500072675162,-1.1782950548262552,-7.232795127501417,5.379299489269632,-32.38366920422462,-37.76296869349425,1.303015947341919,1.2176343202590942,-0.08538162708282471,,STUCK WITH A GALLANT AND FIERY AIR OVER HIS LEFT EYE SUCH WAS THE CHIVALRIC PORT OF PETER THE HEADSTRONG AND WHEN HE MADE A SUDDEN HALT PLANTED HIMSELF FIRMLY ON HIS SOLID SUPPORTER,"The player, the player over his left eye, especially the chivalric portrait, and when he made a sudden halt, planted himself firmly on his solid supporter.",0.2335350510002172,0.2335350510002172,0.016214474610118965,0.016214474610118965,1
397,/home/shaozi/ucl/code/audition_pipeline/data/dataset_4mic_3spk/Eval/mic/mic_fileid_397_doa73_3spk.wav,ODAS-SSL-SST-DGSS-MS,separated,1,17.983875,199,/home/shaozi/ucl/code/audition_pipeline/ablation_study/baseline/ODAS/results/ODAS_n_loc+sep+pf/odas_outputs/fileid_397/odas_separated_preddoa198_slot2.wav,nearest_predicted_doa_to_spk1_gt_doa,2,198.16265913920495,0.8373408607950523,3,/home/shaozi/ucl/code/audition_pipeline/data/dataset_4mic_3spk/Eval/text/text_fileid_397_doa199_spk1.txt,0.46511627906976744,20,43,5.352374306327645,-1.3007600280344347,-6.65313433436208,3.920686188495568,-20.0943796007126,-24.01506578920817,1.2645198106765747,1.2084757089614868,-0.05604410171508789,,JEFF LAID DOWN WHAT HE WAS READING AND STARTED TO TALK ABOUT CARNEGIE THIS CARNEGIE I BET YOU WOULD BE WORTH SAID JEFF CLOSING UP HIS EYES IN CALCULATION AS MUCH AS PERHAPS TWO MILLION DOLLARS IF YOU WAS TO SELL HIM UP,Definitely down what he was saying started to talk about this Carnegie I bet you would be worth As much as perhaps two million dollars,0.18738364999990154,0.18738364999990154,0.010419536946286688,0.010419536946286688,1
398,/home/shaozi/ucl/code/audition_pipeline/data/dataset_4mic_3spk/Eval/mic/mic_fileid_398_doa14_3spk.wav,ODAS-SSL-SST-DGSS-MS,separated,1,17.575875,14,/home/shaozi/ucl/code/audition_pipeline/ablation_study/baseline/ODAS/results/ODAS_n_loc+sep+pf/odas_outputs/fileid_398/odas_separated_preddoa076_slot2.wav,nearest_predicted_doa_to_spk1_gt_doa,2,75.54157414706408,61.54157414706407,3,/home/shaozi/ucl/code/audition_pipeline/data/dataset_4mic_3spk/Eval/text/text_fileid_398_doa14_spk1.txt,0.42,21,50,4.301739244835241,-0.8967786564653266,-5.198517901300568,3.7704739614704796,-18.54931643632486,-22.31979039779534,1.3206415176391602,1.1513863801956177,-0.16925513744354248,,AFTER ONE OF THE GREATEST HURRICANES IN THE HISTORY OF IRELAND SOME FISH WERE FOUND AS FAR AS FIFTEEN YARDS FROM THE EDGE OF A LAKE HAVE ANOTHER THIS IS A GOOD ONE FOR THE EXCLUSIONISTS FALL OF FISH IN PARIS SAID THAT A NEIGHBORING POND HAD BEEN BLOWN DRY,Some fish were found as far as 15 yards from the edge of the lake. Have enough? This is a good thing for the exclusions. Follow fish and parents. Said that the neighboring pond had been blown dry.,0.32031901000118523,0.32031901000118523,0.01822492535940232,0.01822492535940232,1
399,/home/shaozi/ucl/code/audition_pipeline/data/dataset_4mic_3spk/Eval/mic/mic_fileid_399_doa240_3spk.wav,ODAS-SSL-SST-DGSS-MS,separated,1,16.995875,281,/home/shaozi/ucl/code/audition_pipeline/ablation_study/baseline/ODAS/results/ODAS_n_loc+sep+pf/odas_outputs/fileid_399/odas_separated_preddoa289_slot0.wav,nearest_predicted_doa_to_spk1_gt_doa,0,289.03949298754526,8.039492987545259,3,/home/shaozi/ucl/code/audition_pipeline/data/dataset_4mic_3spk/Eval/text/text_fileid_399_doa281_spk1.txt,0.28,7,25,4.633250523603954,-1.331377503523829,-5.964628027127784,3.389115283623308,-21.044905656704238,-24.434020940327546,1.2753500938415527,1.1682653427124023,-0.10708475112915039,,AND BLOOD CURDLING EDITORIALS INCREASED PUBLIC SENTIMENT AGAINST KESEBERG STAMPING HIM WITH THE MARK OF CAIN AND CLOSING THE DOOR OF EVERY HOME AGAINST HIM,"and blood-gurling editorials increased public sentiment against Casablanca, stamping him with a mark of cane, and closing the door in every corner against him.",0.24353870099912456,0.24353870099912456,0.014329282899475581,0.014329282899475581,1
