fileid,chunk_index,mic_file,duration_sec,audio_start_sec,audio_end_sec,predicted_doa_count,predicted_doas,selected_enhanced_index,selected_doa,selected_rms,selected_enhanced_file,gt_dominant_spk1_doa,selected_doa_error_deg,ipdnet_sec,dsenet_sec,frontend_compute_sec,frontend_compute_rtf,frontend_compute_margin_sec,stream_paced_send_sec,chunk_audio_sec,stream_audio_end_sec,pipeline_wall_sec,pipeline_lag_sec,realtime_tolerance_sec,realtime_ok,cumulative_rtf,chunk_total_wall_sec,ipdnet_rtf,dsenet_rtf,stream_paced_send_rtf,received_during_send_count,received_during_send_text,timestamp_assigned_count,timestamp_assigned_text,previous_chunk_transcript_text,timestamp_assigned_start_sec,timestamp_assigned_end_sec
0,1,mic_fileid_0_doa73_3spk_1.wav,4.0,0.0,4.0,3,"75,186,267",0,75,0.08219949142928051,enhanced_fileid_0_chunk1_pred75_idx0_loudest.wav,73,2.0,0.8235631260004084,1.0510401229998934,1.8746032490003017,0.46865081225007543,2.1253967509996983,1.8070091670001602,4.0,4.0,4.000085732999651,8.573299965064507e-05,0.5,1,1.0000214332499127,3.681612416000462,0.2058907815001021,0.26276003074997334,0.45175229175004006,0,,1,but before his arrival life was extinct. The Count is insane,,0.22,4.54
0,2,mic_fileid_0_doa73_3spk_2.wav,4.0,4.0,8.0,3,"74,167,212",0,74,0.10135709007602033,enhanced_fileid_0_chunk2_pred74_idx0_loudest.wav,73,1.0,0.07666355099991051,0.6539113410003665,0.730574892000277,0.18264372300006926,3.269425107999723,3.2331489520001924,4.0,8.0,8.000120069999866,0.00012006999986624578,0.5,1,1.0000150087499833,3.9637238440004694,0.019165887749977628,0.16347783525009163,0.8082872380000481,0,,0,,but before his arrival life was extinct. The Count is insane,,
0,3,mic_fileid_0_doa73_3spk_3.wav,4.0,8.0,12.0,3,"73,168,222",0,73,0.09639715006334805,enhanced_fileid_0_chunk3_pred73_idx0_loudest.wav,73,0.0,0.14809386899969468,0.9191242720003174,1.067218141000012,0.266804535250003,2.932781858999988,2.855157049999889,4.0,12.0,12.000134352999794,0.00013435299979391857,0.5,1,1.0000111960833162,3.922375190999901,0.03702346724992367,0.22978106800007936,0.7137892624999722,2,but before his arrival life was extinct. The Count is insane more especially because the maid discovered that her ladyship had left a letter to some man,1,more especially because the maid discovered that her ladyship had left a letter to some man,,6.072,11.132
0,4,mic_fileid_0_doa73_3spk_4.wav,4.0,12.0,16.0,3,"89,181,269",0,89,0.055309875999001896,enhanced_fileid_0_chunk4_pred89_idx0_loudest.wav,73,16.0,0.07564280900032827,0.6594259560001774,0.7350687650005057,0.18376719125012642,3.2649312349994943,3.2264800390003074,4.0,16.0,16.000156522999987,0.00015652299998691888,0.5,1,1.0000097826874992,3.961548804000813,0.018910702250082068,0.16485648900004435,0.8066200097500769,2,stick telling him that she loved him.,2,stick telling him that she loved him.,more especially because the maid discovered that her ladyship had left a letter to some man,11.719999999999999,14.78
1,1,mic_fileid_1_doa82_3spk_1.wav,4.0,16.0,20.0,3,"78,189,277",1,189,0.07798583032085628,enhanced_fileid_1_chunk1_pred189_idx1_loudest.wav,187,2.0,0.08825117700007468,0.6705580259999806,0.7588092030000553,0.18970230075001382,3.2411907969999447,3.2097590560001663,4.0,20.0,20.000108430999717,0.00010843099971680203,0.5,1,1.0000054215499858,3.9685682590002216,0.02206279425001867,0.16763950649999515,0.8024397640000416,2,"But the precautions , which have been so happily concert",3,"But the precautions , which have been so happily concert ed in the system under consideration",,16.08,20.18
1,2,mic_fileid_1_doa82_3spk_2.wav,4.0,20.0,24.0,3,"85,188,277",1,188,0.08716566202205786,enhanced_fileid_1_chunk2_pred188_idx1_loudest.wav,187,1.0,0.08047345200020573,0.6623052429999916,0.7427786950001973,0.18569467375004933,3.2572213049998027,3.2239434550001533,4.0,24.0,24.000151642999754,0.00015164299975367612,0.5,1,1.000006318458323,3.9667221500003507,0.02011836300005143,0.1655763107499979,0.8059858637500383,2,ed in the system under consideration .,1,.,"But the precautions , which have been so happily concert ed in the system under consideration",21.32,21.321
1,3,mic_fileid_1_doa82_3spk_3.wav,4.0,24.0,28.0,3,"87,189,276",1,189,0.09962641401050143,enhanced_fileid_1_chunk3_pred189_idx1_loudest.wav,187,2.0,0.08036949600000298,0.6447728119997009,0.7251423079997039,0.18128557699992598,3.274857692000296,3.23110322499997,4.0,28.0,28.00013498499993,0.0001349849999314756,0.5,1,1.0000048208928547,3.9562455329996737,0.020092374000000746,0.16119320299992523,0.8077758062499925,2,The choice of several to form,2,The choice of several to form,.,24.9,27.119999999999997
1,4,mic_fileid_1_doa82_3spk_4.wav,4.0,28.0,32.0,3,"83,187,271",1,187,0.058350566940778587,enhanced_fileid_1_chunk4_pred187_idx1_loudest.wav,187,0.0,0.11604544699957842,0.8123822240004301,0.9284276710000086,0.23210691775000214,3.0715723289999914,3.019069341999966,4.0,32.0,32.00009118199978,9.11819997782004e-05,0.5,1,1.000002849437493,3.9474970129999747,0.029011361749894604,0.20309555600010754,0.7547673354999915,2,an intermediate body of electors .,2,an intermediate body of electors .,The choice of several to form,27.38,29.381
2,1,mic_fileid_2_doa36_3spk_1.wav,4.0,32.0,36.0,3,"43,126,308",0,43,0.07474001598952187,enhanced_fileid_2_chunk1_pred43_idx0_loudest.wav,36,7.0,0.08503531900032613,0.6487280549999923,0.7337633740003184,0.1834408435000796,3.2662366259996816,3.211237068000173,4.0,36.0,36.00023248699972,0.0002324869997210044,0.5,1,1.0000064579722145,3.9450004420004916,0.02125882975008153,0.16218201374999808,0.8028092670000433,2,Or washing or ch urning days. Her,2,Or washing or ch urning days. Her,,32.26,34.92
2,2,mic_fileid_2_doa36_3spk_2.wav,4.0,36.0,40.0,3,"46,125,318",0,46,0.1007273616498778,enhanced_fileid_2_chunk2_pred46_idx0_loudest.wav,36,10.0,0.08152328200003467,0.7000433779999184,0.7815666599999531,0.19539166499998828,3.218433340000047,3.1768214399999124,4.0,40.0,40.00046327099972,0.00046327099971676944,0.5,1,1.0000115817749928,3.9583880999998655,0.020380820500008667,0.1750108444999796,0.7942053599999781,2,"life was quiet and monotonous, although hardworking, and while her",2,"life was quiet and monotonous, although hardworking, and while her",Or washing or ch urning days. Her,35.24,38.96
2,3,mic_fileid_2_doa36_3spk_3.wav,4.0,40.0,44.0,3,"45,127,337",0,45,0.08809933891860942,enhanced_fileid_2_chunk3_pred45_idx0_loudest.wav,36,9.0,0.0778144229998361,0.6114651570001115,0.6892795799999476,0.1723198949999869,3.3107204200000524,3.2726916420001544,4.0,44.0,44.00016205999964,0.0001620599996385863,0.5,1,1.00000368318181,3.961971222000102,0.019453605749959024,0.15286628925002788,0.8181729105000386,2,hands mechanically found and did the rec ustom labor. The thoughts that Rose,2,hands mechanically found and did the rec ustom labor. The thoughts that Rose,"life was quiet and monotonous, although hardworking, and while her",39.160000000000004,43.14
2,4,mic_fileid_2_doa36_3spk_4.wav,4.0,44.0,48.0,3,"45,125,318",0,45,0.07931697326014359,enhanced_fileid_2_chunk4_pred45_idx0_loudest.wav,36,9.0,0.08414400599986038,0.9056790009999531,0.9898230069998135,0.24745575174995338,3.0101769930001865,2.979901228000017,4.0,48.0,48.000122713999644,0.00012271399964447482,0.5,1,1.0000025565416593,3.9697242349998305,0.021036001499965096,0.22641975024998828,0.7449753070000042,2,"and her head always centered on Charlie Kin raid, his ways",3,"and her head always centered on Charlie Kin raid, his ways , his words",hands mechanically found and did the rec ustom labor. The thoughts that Rose,43.42,47.940000000000005
2,5,mic_fileid_2_doa36_3spk_5.wav,4.0,48.0,52.0,3,"32,341,343",0,32,0.02343098202071076,enhanced_fileid_2_chunk5_pred32_idx0_loudest.wav,36,4.0,0.07978047100004915,0.8544258530000661,0.9342063240001153,0.23355158100002882,3.0657936759998847,3.0344515219999266,4.0,52.0,52.00014012499969,0.00014012499968885095,0.5,1,1.0000026947115326,3.968657846000042,0.019945117750012287,0.21360646325001653,0.7586128804999817,2,", his words .",1,.,"and her head always centered on Charlie Kin raid, his ways , his words",48.5,48.501
3,1,mic_fileid_3_doa39_3spk_1.wav,4.0,52.0,56.0,3,"39,109,203",0,39,0.04754657803067984,enhanced_fileid_3_chunk1_pred39_idx0_loudest.wav,39,0.0,0.08362303900003099,0.9592541369997889,1.0428771759998199,0.26071929399995497,2.95712282400018,2.919768154999929,4.0,56.0,56.00016487599987,0.0001648759998715832,0.5,1,1.0000029442142835,3.9626453309997487,0.020905759750007746,0.23981353424994722,0.7299420387499822,2,Which takes over the usual stream of consciousness type,2,Which takes over the usual stream of consciousness type,,52.260000000000005,54.900000000000006
3,2,mic_fileid_3_doa39_3spk_2.wav,4.0,56.0,60.0,3,"43,110,202",0,43,0.07557168758834694,enhanced_fileid_3_chunk2_pred43_idx0_loudest.wav,39,4.0,0.07911367199994856,0.9462276970002677,1.0253413690002162,0.25633534225005405,2.974658630999784,2.939559773000383,4.0,60.0,60.00012387699962,0.00012387699962346232,0.5,1,1.0000020646166603,3.964901142000599,0.01977841799998714,0.2365569242500669,0.7348899432500957,2,of thinking. It is implied that the process may be atavistic.,2,of thinking. It is implied that the process may be atavistic.,Which takes over the usual stream of consciousness type,55.2,59.06
3,3,mic_fileid_3_doa39_3spk_3.wav,4.0,60.0,64.0,3,"35,111,201",0,35,0.08587594996522299,enhanced_fileid_3_chunk3_pred35_idx0_loudest.wav,39,4.0,0.08016973900021185,0.8787846730001547,0.9589544120003666,0.23973860300009164,3.0410455879996334,3.008033697999963,4.0,64.0,64.00013608099971,0.00013608099970952026,0.5,1,1.0000021262656205,3.9669881100003295,0.020042434750052962,0.21969616825003868,0.7520084244999907,2,"One of the newer theories, one held by Dr. Louis R.",2,"One of the newer theories, one held by Dr. Louis R.",of thinking. It is implied that the process may be atavistic.,59.480000000000004,63.14
3,4,mic_fileid_3_doa39_3spk_4.wav,4.0,64.0,68.0,3,"39,110,112",0,39,0.051826015470072144,enhanced_fileid_3_chunk4_pred39_idx0_loudest.wav,39,0.0,0.0929581089999374,0.7402796480000688,0.8332377570000062,0.20830943925000156,3.1667622429999938,3.1206438220001473,4.0,68.0,68.00011196199966,0.00011196199966434506,0.5,1,1.000001646499995,3.9538815790001536,0.02323952724998435,0.1850699120000172,0.7801609555000368,2,"Wolberg, a psychoanalyst .",2,"Wolberg, a psychoanalyst .","One of the newer theories, one held by Dr. Louis R.",63.300000000000004,65.361
4,1,mic_fileid_4_doa26_3spk_1.wav,4.0,68.0,72.0,3,"25,60,121",0,25,0.128913856984369,enhanced_fileid_4_chunk1_pred25_idx0_loudest.wav,26,1.0,0.10648433500000465,0.7663984460000393,0.8728827810000439,0.21822069525001098,3.127117218999956,3.087661976000163,4.0,72.0,72.00013839599978,0.00013839599978382466,0.5,1,1.0000019221666636,3.960544757000207,0.026621083750001162,0.19159961150000981,0.7719154940000408,2,"The publication , if made at all, should be affected",2,"The publication , if made at all, should be affected",,68.60000000000001,71.12
4,2,mic_fileid_4_doa26_3spk_2.wav,4.0,72.0,76.0,3,"25,61,126",0,25,0.07845881330755616,enhanced_fileid_4_chunk2_pred25_idx0_loudest.wav,26,1.0,0.07977259899962519,0.6524536400002034,0.7322262389998286,0.18305655974995716,3.2677737610001714,3.2271296870003425,4.0,76.0,76.00023427499991,0.00023427499991157674,0.5,1,1.0000030825657884,3.959355926000171,0.019943149749906297,0.16311341000005086,0.8067824217500856,2,as soon as possible after my death. My father,2,as soon as possible after my death. My father,"The publication , if made at all, should be affected",71.60000000000001,75.06
4,3,mic_fileid_4_doa26_3spk_3.wav,4.0,76.0,80.0,3,"26,60,124",0,26,0.06356959179842903,enhanced_fileid_4_chunk3_pred26_idx0_loudest.wav,26,0.0,0.08018233400025565,0.6759057039998879,0.7560880380001436,0.1890220095000359,3.2439119619998564,3.200199967000117,4.0,80.0,80.0001220969998,0.00012209699980303412,0.5,1,1.0000015262124975,3.9562880050002605,0.020045583500063913,0.16897642599997198,0.8000499917500292,2,"died on the 6th of December, 1882",3,"died on the 6th of December, 1882 . It will be seen therefore",as soon as possible after my death. My father,75.28,80.74000000000001
4,4,mic_fileid_4_doa26_3spk_4.wav,4.0,80.0,84.0,3,"26,62,130",0,26,0.07075788457447817,enhanced_fileid_4_chunk4_pred26_idx0_loudest.wav,26,0.0,0.08690555700013647,1.0276884079999036,1.11459396500004,0.27864849125001,2.88540603499996,2.8514122689998658,4.0,84.0,84.00013102499997,0.00013102499997330597,0.5,1,1.0000015598214282,3.966006233999906,0.021726389250034117,0.2569221019999759,0.7128530672499664,2,. It will be seen therefore .,1,.,"died on the 6th of December, 1882 . It will be seen therefore",81.2,81.20100000000001
5,1,mic_fileid_5_doa60_3spk_1.wav,4.0,84.0,88.0,3,"51,102,338",2,338,0.0838158346207234,enhanced_fileid_5_chunk1_pred338_idx2_loudest.wav,338,0.0,0.09011411900019084,1.1817678239999623,1.2718819430001531,0.3179704857500383,2.728118056999847,2.685362542999883,4.0,88.0,88.00025286799973,0.00025286799973400775,0.5,1,1.000002873499997,3.957244486000036,0.02252852975004771,0.29544195599999057,0.6713406357499707,2,How true . When one has,2,How true . When one has,,84.76,87.10000000000001
5,2,mic_fileid_5_doa60_3spk_2.wav,4.0,88.0,92.0,3,"49,83,334",2,334,0.06307939674260007,enhanced_fileid_5_chunk2_pred334_idx2_loudest.wav,338,4.0,0.075583166999877,0.7392995670002165,0.8148827340000935,0.20372068350002337,3.1851172659999065,3.148725709000246,4.0,92.0,92.00015115499991,0.0001511549999122508,0.5,1,1.0000016429891294,3.9636084430003393,0.01889579174996925,0.18482489175005412,0.7871814272500615,2,"the honor of being an expert as master is , one mustn't let himself open to",2,"the honor of being an expert as master is , one mustn't let himself open to",How true . When one has,87.24000000000001,91.16
5,3,mic_fileid_5_doa60_3spk_3.wav,4.0,92.0,96.0,3,"54,90,337",2,337,0.07265295464231056,enhanced_fileid_5_chunk3_pred337_idx2_loudest.wav,338,1.0,0.07718697400014207,0.703779804000078,0.7809667780002201,0.19524169450005502,3.21903322199978,3.1845336480000697,4.0,96.0,96.00011104399982,0.0001110439998228685,0.5,1,1.0000011567083316,3.9655004260002897,0.019296743500035518,0.1759449510000195,0.7961334120000174,2,. Conce didn't have time to complete the complement. And,2,. Conce didn't have time to complete the complement. And,"the honor of being an expert as master is , one mustn't let himself open to",91.54,95.16
5,4,mic_fileid_5_doa60_3spk_4.wav,4.0,96.0,100.0,3,"47,60,338",2,338,0.04368549154532129,enhanced_fileid_5_chunk4_pred338_idx2_loudest.wav,338,0.0,0.08595801999990726,0.7190478620000249,0.8050058819999322,0.20125147049998304,3.194994118000068,3.1568657550001262,4.0,100.0,100.0001143049999,0.0001143049998972856,0.5,1,1.0000011430499989,3.9618716370000584,0.021489504999976816,0.17976196550000623,0.7892164387500316,2,"then midst of the general silence, a voice became audible.",2,"then midst of the general silence, a voice became audible.",. Conce didn't have time to complete the complement. And,95.24000000000001,98.36
6,1,mic_fileid_6_doa30_3spk_1.wav,4.0,100.0,104.0,3,"28,87,141",2,141,0.10559432849916105,enhanced_fileid_6_chunk1_pred141_idx2_loudest.wav,140,1.0,0.08175401500011503,0.6525590880000891,0.7343131030002041,0.18357827575005103,3.265686896999796,3.233294935000231,4.0,104.0,104.00012771999991,0.00012771999990945915,0.5,1,1.0000012280769222,3.967608038000435,0.020438503750028758,0.16313977200002228,0.8083237337500577,2,He wore a blouse and under his blouse an old black,2,He wore a blouse and under his blouse an old black,,100.36,103.18
6,2,mic_fileid_6_doa30_3spk_2.wav,4.0,104.0,108.0,3,"28,87,141",2,141,0.10104596343078444,enhanced_fileid_6_chunk2_pred141_idx2_loudest.wav,140,1.0,0.080237433000093,0.9590518929999234,1.0392893260000164,0.2598223315000041,2.9607106739999836,2.928395057000216,4.0,108.0,108.000077788,7.77879999986908e-05,0.5,1,1.0000007202592593,3.9676843830002326,0.02005935825002325,0.23976297324998086,0.732098764250054,2,coat. He made pret ensions to literature and to material,2,coat. He made pret ensions to literature and to material,He wore a blouse and under his blouse an old black,103.48,106.84
6,3,mic_fileid_6_doa30_3spk_3.wav,4.0,108.0,112.0,3,"28,88,141",2,141,0.11489181116877649,enhanced_fileid_6_chunk3_pred141_idx2_loudest.wav,140,1.0,0.07590220900010536,0.9453341870002987,1.021236396000404,0.255309099000101,2.978763603999596,2.9448534740004106,4.0,112.0,112.00014723699996,0.00014723699996466166,0.5,1,1.0000013146160711,3.9660898700008147,0.01897555225002634,0.23633354675007467,0.7362133685001027,2,ism. There were certain names which he often pronounced to support whatever,2,ism. There were certain names which he often pronounced to support whatever,coat. He made pret ensions to literature and to material,107.32000000000001,110.96000000000001
6,4,mic_fileid_6_doa30_3spk_4.wav,4.0,112.0,116.0,3,"35,87,139",2,139,0.05720476143812396,enhanced_fileid_6_chunk4_pred139_idx2_loudest.wav,140,1.0,0.07724556599987409,1.0663837770002829,1.143629343000157,0.28590733575003924,2.856370656999843,2.819253298000149,4.0,116.0,116.00012802399988,0.0001280239998777688,0.5,1,1.0000011036551713,3.9628826410003057,0.019311391499968522,0.2665959442500707,0.7048133245000372,2,things he might be saying. Voltaire.,2,things he might be saying. Voltaire.,ism. There were certain names which he often pronounced to support whatever,111.26,114.10000000000001
7,1,mic_fileid_7_doa57_3spk_1.wav,4.0,116.0,120.0,3,"113,172,216",0,113,0.0575940951474444,enhanced_fileid_7_chunk1_pred113_idx0_loudest.wav,57,56.0,0.07806721400038441,0.7324756570001227,0.8105428710005071,0.2026357177501268,3.189457128999493,3.151434158000029,4.0,120.0,120.00006483599964,6.483599963758024e-05,0.5,1,1.000000540299997,3.9619770290005363,0.019516803500096103,0.18311891425003068,0.7878585395000073,2,Looking from an after window and even going out on a small,2,Looking from an after window and even going out on a small,,116.2,118.84
7,2,mic_fileid_7_doa57_3spk_2.wav,4.0,120.0,124.0,3,"108,172,217",2,217,0.04714297314028802,enhanced_fileid_7_chunk2_pred217_idx2_loudest.wav,57,160.0,0.08802031000004717,0.7882316089999222,0.8762519189999693,0.21906297974999234,3.1237480810000307,3.029589865000162,4.0,124.0,124.00019029999976,0.00019029999975828105,0.5,1,1.0000015346774174,3.905841784000131,0.022005077500011794,0.19705790224998054,0.7573974662500405,2,open plaque. It has an avalanche . The wind blew his voice away and,3,open plaque. It has an avalanche . The wind blew his voice away and empty the -,Looking from an after window and even going out on a small,119.3,123.94
7,3,mic_fileid_7_doa57_3spk_3.wav,4.0,124.0,128.0,3,"121,171,210",0,121,0.02403566389877006,enhanced_fileid_7_chunk3_pred121_idx0_loudest.wav,57,64.0,0.080132894000144,0.7171728400003303,0.7973057340004743,0.19932643350011858,3.2026942659995257,3.1238671539999814,4.0,128.0,128.00011099099993,0.00011099099992861738,0.5,1,1.000000867117187,3.9211728880004557,0.020033223500036,0.17929321000008258,0.7809667884999953,2,empty the - - -,1,- -,open plaque. It has an avalanche . The wind blew his voice away and empty the -,124.38000000000001,124.5
8,1,mic_fileid_8_doa80_3spk_1.wav,4.0,128.0,132.0,3,"225,248,333",2,333,0.10104228987239088,enhanced_fileid_8_chunk1_pred333_idx2_loudest.wav,333,0.0,0.10533726899984686,0.6608802160003506,0.7662174850001975,0.19155437125004937,3.2337825149998025,3.1994529409998904,4.0,132.0,132.00012719400002,0.0001271940000151517,0.5,1,1.0000009635909093,3.965670426000088,0.026334317249961714,0.16522005400008766,0.7998632352499726,2,They wanted to learn the game. At 2 o'clock,2,They wanted to learn the game. At 2 o'clock,,128.28,131.1
8,2,mic_fileid_8_doa80_3spk_2.wav,4.0,132.0,136.0,3,"79,250,332",2,332,0.10298490949491992,enhanced_fileid_8_chunk2_pred332_idx2_loudest.wav,333,1.0,0.07667743899992274,0.6713009709997095,0.7479784099996323,0.18699460249990807,3.2520215900003677,3.183906673000365,4.0,136.0,136.0001030679996,0.00010306799958925694,0.5,1,1.0000007578529382,3.9318850829999974,0.019169359749980686,0.16782524274992738,0.7959766682500913,2,", the captain asked the mate how we were getting on. Oh, pretty",2,", the captain asked the mate how we were getting on. Oh, pretty",They wanted to learn the game. At 2 o'clock,131.45999999999998,135.04
8,3,mic_fileid_8_doa80_3spk_3.wav,4.0,136.0,140.0,3,"247,267,334",2,334,0.09976852268544567,enhanced_fileid_8_chunk3_pred334_idx2_loudest.wav,333,1.0,0.08227706500019849,0.975412511000286,1.0576895760004845,0.26442239400012113,2.9423104239995155,2.9058138949999375,4.0,140.0,140.00014980599963,0.00014980599962655106,0.5,1,1.0000010700428545,3.963503471000422,0.020569266250049623,0.2438531277500715,0.7264534737499844,2,"glibly, sir, replied the mate. We can scarcely tell what headway we are making",2,"glibly, sir, replied the mate. We can scarcely tell what headway we are making",", the captain asked the mate how we were getting on. Oh, pretty",135.44,139.01999999999998
8,4,mic_fileid_8_doa80_3spk_4.wav,4.0,140.0,144.0,3,"82,248,333",2,333,0.12293844058442845,enhanced_fileid_8_chunk4_pred333_idx2_loudest.wav,333,0.0,0.076214107999931,0.9058702470001663,0.9820843550000973,0.24552108875002432,3.0179156449999027,2.9824083710000195,4.0,144.0,144.00012927399985,0.00012927399984619115,0.5,1,1.0000008977361101,3.964492726000117,0.01905352699998275,0.22646756175004157,0.7456020927500049,2,", for we are obliged to keep the middle of the river, and there is the shadow of a",3,", for we are obliged to keep the middle of the river, and there is the shadow of a fog rising.","glibly, sir, replied the mate. We can scarcely tell what headway we are making",139.72,143.98
8,5,mic_fileid_8_doa80_3spk_5.wav,4.0,144.0,148.0,3,"196,220,333",1,220,0.0012706088375181656,enhanced_fileid_8_chunk5_pred220_idx1_loudest.wav,333,113.0,0.07618381500014948,1.0626684119997662,1.1388522269999157,0.28471305674997893,2.8611477730000843,2.7674073999996835,4.0,148.0,148.00010347999978,0.00010347999977966538,0.5,1,1.0000006991891877,3.9062596269995993,0.01904595375003737,0.26566710299994156,0.6918518499999209,2,fog rising. [BLANK,1,[BLANK,", for we are obliged to keep the middle of the river, and there is the shadow of a fog rising.",144.92,144.921
9,1,mic_fileid_9_doa85_3spk_1.wav,4.0,148.0,152.0,3,"242,267,314",2,314,0.08381525846487674,enhanced_fileid_9_chunk1_pred314_idx2_loudest.wav,314,0.0,0.08092127300005814,0.6755260539998744,0.7564473269999326,0.18911183174998314,3.2435526730000674,3.2035763009998846,4.0,152.0,152.00011231500002,0.00011231500002395478,0.5,1,1.0000007389144738,3.960023627999817,0.020230318250014534,0.1688815134999686,0.8008940752499711,2,_AUDIO] The deaf gentlemen submitted . Why did you invite yourself,2,_AUDIO] The deaf gentlemen submitted . Why did you invite yourself,,148.28,151.16
9,2,mic_fileid_9_doa85_3spk_2.wav,4.0,152.0,156.0,3,"84,251,313",2,313,0.10301305304147491,enhanced_fileid_9_chunk2_pred313_idx2_loudest.wav,314,1.0,0.07677515300019877,0.6663045020000027,0.7430796550002015,0.18576991375005036,3.2569203449997985,3.225868870999875,4.0,156.0,156.00015139599964,0.00015139599963731598,0.5,1,1.000000970487177,3.9689485260000765,0.019193788250049693,0.16657612550000067,0.8064672177499688,2,? Because a tea party is not complete without a woman,3,? Because a tea party is not complete without a woman . Her manner was as strangely altered,_AUDIO] The deaf gentlemen submitted . Why did you invite yourself,151.6,157.01999999999998
9,3,mic_fileid_9_doa85_3spk_3.wav,4.0,156.0,160.0,3,"85,251,313",2,313,0.09288052271505844,enhanced_fileid_9_chunk3_pred313_idx2_loudest.wav,314,1.0,0.08437964899985673,0.7196467409999059,0.8040263899997626,0.20100659749994065,3.1959736100002374,3.154966799000249,4.0,160.0,160.0001528749999,0.00015287499991245568,0.5,1,1.0000009554687495,3.9589931890000116,0.02109491224996418,0.17991168524997647,0.7887416997500623,2,. Her manner was as strangely altered as her looks.,1,as her looks.,? Because a tea party is not complete without a woman . Her manner was as strangely altered,157.38,158.33999999999997
9,4,mic_fileid_9_doa85_3spk_4.wav,4.0,160.0,164.0,3,"86,247,314",2,314,0.0660783171763751,enhanced_fileid_9_chunk4_pred314_idx2_loudest.wav,314,0.0,0.08413818000008177,0.6431662709996999,0.7273044509997817,0.18182611274994542,3.2726955490002183,3.2323421959999905,4.0,164.0,164.00011606499993,0.00011606499992922181,0.5,1,1.000000707713414,3.959646646999772,0.021034545000020444,0.16079156774992498,0.8080855489999976,2,That she was beside herself for the moment I clearly thought.,2,That she was beside herself for the moment I clearly thought.,as her looks.,159.14,161.85999999999999
10,1,mic_fileid_10_doa3_3spk_1.wav,4.0,164.0,168.0,3,"6,116,151",0,6,0.09795403608477281,enhanced_fileid_10_chunk1_pred6_idx0_loudest.wav,3,3.0,0.0839427450000585,1.0590935129998797,1.1430362579999382,0.28575906449998456,2.8569637420000618,2.8190932649999922,4.0,168.0,168.00012014599997,0.00012014599997201003,0.5,1,1.0000007151547616,3.9621295229999305,0.020985686250014624,0.26477337824996994,0.7047733162499981,2,Here he saw clients when Mr. Carlisle was out or,2,Here he saw clients when Mr. Carlisle was out or,,164.23999999999998,167.0
10,2,mic_fileid_10_doa3_3spk_2.wav,4.0,168.0,172.0,3,"6,117,150",0,6,0.09709964854579742,enhanced_fileid_10_chunk2_pred6_idx0_loudest.wav,3,3.0,0.07385428299994601,1.0116799939996781,1.0855342769996241,0.27138356924990603,2.914465723000376,2.8698552450000534,4.0,172.0,172.00013491599975,0.00013491599975168356,0.5,1,1.0000007843953473,3.9553895219996775,0.018463570749986502,0.25291999849991953,0.7174638112500134,2,"engaged, and here he issued private orders. A little window",2,"engaged, and here he issued private orders. A little window",Here he saw clients when Mr. Carlisle was out or,167.22,170.64
10,3,mic_fileid_10_doa3_3spk_3.wav,4.0,172.0,176.0,3,"6,116,150",0,6,0.11473492671130946,enhanced_fileid_10_chunk3_pred6_idx0_loudest.wav,3,3.0,0.0860817370003133,0.6729898580001645,0.7590715950004778,0.18976789875011946,3.240928404999522,3.1969231090001813,4.0,176.0,176.00008527299997,8.527299996785587e-05,0.5,1,1.0000004845056816,3.955994704000659,0.021520434250078324,0.16824746450004113,0.7992307772500453,2,", not larger than a pane of glass , looked out from the clerk's office. They",2,", not larger than a pane of glass , looked out from the clerk's office. They","engaged, and here he issued private orders. A little window",171.45999999999998,175.16
10,4,mic_fileid_10_doa3_3spk_4.wav,4.0,176.0,180.0,3,"6,116,160",0,6,0.09257329264724985,enhanced_fileid_10_chunk4_pred6_idx0_loudest.wav,3,3.0,0.08228310399999827,0.682807817000139,0.7650909210001373,0.19127273025003433,3.2349090789998627,3.1752252169999338,4.0,180.0,180.00025380499983,0.00025380499982929905,0.5,1,1.0000014100277768,3.940316138000071,0.02057077599999957,0.17070195425003476,0.7938063042499834,2,called it Old Dills People and wished it anywhere else.,2,called it Old Dills People and wished it anywhere else.,", not larger than a pane of glass , looked out from the clerk's office. They",175.28,178.72
11,1,mic_fileid_11_doa93_3spk_1.wav,4.0,180.0,184.0,3,"201,259,266",1,259,0.09373807961602715,enhanced_fileid_11_chunk1_pred259_idx1_loudest.wav,264,5.0,0.08147320099988065,0.689146873000027,0.7706200739999076,0.1926550184999769,3.2293799260000924,3.1926729709998654,4.0,184.0,184.00013465099983,0.00013465099982568063,0.5,1,1.0000007317989121,3.963293044999773,0.02036830024997016,0.17228671825000674,0.7981682427499663,2,"Seize me bold and along the road, straight when he delivers",2,"Seize me bold and along the road, straight when he delivers",,180.22,182.92
11,2,mic_fileid_11_doa93_3spk_2.wav,4.0,184.0,188.0,3,"95,204,257",2,257,0.08447855174434696,enhanced_fileid_11_chunk2_pred257_idx2_loudest.wav,264,7.0,0.07963816399978896,0.6674822800000584,0.7471204439998473,0.18678011099996183,3.2528795560001527,3.1694323060000897,4.0,188.0,188.00012484499985,0.00012484499984566355,0.5,1,1.0000006640691481,3.916552749999937,0.01990954099994724,0.1668705700000146,0.7923580765000224,2,"himself of the yaw, pure and simple. At Perrysburg",2,"himself of the yaw, pure and simple. At Perrysburg","Seize me bold and along the road, straight when he delivers",183.38,187.01999999999998
11,3,mic_fileid_11_doa93_3spk_3.wav,4.0,188.0,192.0,3,"95,204,261",2,261,0.09727221349349961,enhanced_fileid_11_chunk3_pred261_idx2_loudest.wav,264,3.0,0.08806828199976735,0.8362417240000468,0.9243100059998142,0.23107750149995354,3.075689994000186,3.040126865000275,4.0,192.0,192.00024433099998,0.00024433099997622776,0.5,1,1.0000012725572915,3.964436871000089,0.022017070499941838,0.2090604310000117,0.7600317162500687,2,"I strunt the famous Moll ie Pike, 40 miles of",2,"I strunt the famous Moll ie Pike, 40 miles of","himself of the yaw, pure and simple. At Perrysburg",187.39999999999998,191.0
11,4,mic_fileid_11_doa93_3spk_4.wav,4.0,192.0,196.0,3,"95,243,265",2,265,0.05205040352210003,enhanced_fileid_11_chunk4_pred265_idx2_loudest.wav,264,1.0,0.1503773489998821,0.7407574120002209,0.891134761000103,0.22278369025002576,3.108865238999897,3.0497552940000787,4.0,196.0,196.0001171179997,0.00011711799970726133,0.5,1,1.0000005975408148,3.9408900550001817,0.03759433724997052,0.18518935300005523,0.7624388235000197,2,"stone road, almost a dead level.",2,"stone road, almost a dead level.","I strunt the famous Moll ie Pike, 40 miles of",191.33999999999997,193.88
12,1,mic_fileid_12_doa38_3spk_1.wav,4.0,196.0,200.0,3,"38,44,106",1,44,0.10375777623932343,enhanced_fileid_12_chunk1_pred44_idx1_loudest.wav,38,6.0,0.08188437800026804,0.7057800450002105,0.7876644230004786,0.19691610575011964,3.2123355769995214,3.1771769970000605,4.0,200.0,200.0001100229997,0.00011002299970641616,0.5,1,1.0000005501149984,3.964841420000539,0.02047109450006701,0.17644501125005263,0.7942942492500151,2,Of any other matter which might have been preyed,2,Of any other matter which might have been preyed,,196.29999999999998,198.95999999999998
12,2,mic_fileid_12_doa38_3spk_2.wav,4.0,200.0,204.0,3,"39,105,226",0,39,0.10391899594685397,enhanced_fileid_12_chunk2_pred39_idx0_loudest.wav,38,1.0,0.0768008799996096,0.639337379999688,0.7161382599992976,0.1790345649998244,3.2838617400007024,3.2431344659999013,4.0,204.0,204.00014754899985,0.0001475489998483681,0.5,1,1.000000723279411,3.959272725999199,0.0192002199999024,0.159834344999922,0.8107836164999753,2,upon her husband's mind recently. Mrs. Madderson knew,3,upon her husband's mind recently. Mrs. Madderson knew of none what a,Of any other matter which might have been preyed,199.2,204.29999999999998
12,3,mic_fileid_12_doa38_3spk_3.wav,4.0,204.0,208.0,3,"40,107,225",0,40,0.12351130279584557,enhanced_fileid_12_chunk3_pred40_idx0_loudest.wav,38,2.0,0.0802024109998456,0.6737445700000535,0.7539469809998991,0.18848674524997477,3.246053019000101,3.2039542539996546,4.0,208.0,208.0001865549998,0.000186554999800137,0.5,1,1.0000008968990375,3.9579012349995537,0.0200506027499614,0.16843614250001337,0.8009885634999137,2,of none what a . The coroner intimated that,1,. The coroner intimated that,upon her husband's mind recently. Mrs. Madderson knew of none what a,205.54,207.01999999999998
12,4,mic_fileid_12_doa38_3spk_4.wav,4.0,208.0,212.0,3,"37,43,223",1,43,0.1007795329517032,enhanced_fileid_12_chunk4_pred43_idx1_loudest.wav,38,5.0,0.08035483599996951,0.6504253849998349,0.7307802209998044,0.1826950552499511,3.2692197790001956,3.2346303409999564,4.0,212.0,212.00015999399966,0.00015999399965949124,0.5,1,1.0000007546886776,3.965410561999761,0.020088708999992377,0.16260634624995873,0.8086575852499891,2,"her ordeal was at an end , and the veiled lady made her way to the",3,"her ordeal was at an end , and the veiled lady made her way to the door.",. The coroner intimated that,207.35999999999999,211.73999999999998
12,5,mic_fileid_12_doa38_3spk_5.wav,4.0,212.0,216.0,3,"38,230,314",0,38,1.8309264373059635e-05,enhanced_fileid_12_chunk5_pred38_idx0_loudest.wav,38,0.0,0.08649770500005616,0.6674924379999538,0.75399014300001,0.1884975357500025,3.24600985699999,3.2111274969997794,4.0,216.0,216.0002055789996,0.00020557899961204384,0.5,1,1.0000009517546278,3.9651176399997894,0.02162442625001404,0.16687310949998846,0.8027818742499448,1,door.,0,,"her ordeal was at an end , and the veiled lady made her way to the door.",,
13,1,mic_fileid_13_doa5_3spk_1.wav,4.0,216.0,220.0,3,"50,209,344",2,344,0.04983723962534078,enhanced_fileid_13_chunk1_pred344_idx2_loudest.wav,5,21.0,0.07880709900018701,0.6510896330000833,0.7298967320002703,0.18247418300006757,3.2701032679997297,3.235958263000157,4.0,220.0,220.000107285,0.00010728500001278007,0.5,1,1.0000004876590909,3.965854995000427,0.019701774750046752,0.16277240825002082,0.8089895657500392,2,Felt itself a princess and carried her authority over,3,Felt itself a princess and carried her authority over him for high time,,216.29999999999998,220.17999999999998
13,2,mic_fileid_13_doa5_3spk_2.wav,4.0,220.0,224.0,3,"20,230,326",0,20,0.0719158937482896,enhanced_fileid_13_chunk2_pred20_idx0_loudest.wav,5,15.0,0.08319775900008608,0.6754074159998709,0.7586051749999569,0.18965129374998924,3.241394825000043,3.2011376119999113,4.0,224.0,224.000099418,9.94179999906919e-05,0.5,1,1.0000004438303571,3.9597427869998683,0.02079943975002152,0.16885185399996772,0.8002844029999778,2,him for high time . They did not think long,1,. They did not think long,Felt itself a princess and carried her authority over him for high time,221.26,222.73999999999998
13,3,mic_fileid_13_doa5_3spk_3.wav,4.0,224.0,228.0,3,"5,54,326",0,5,0.12461537895619071,enhanced_fileid_13_chunk3_pred5_idx0_loudest.wav,5,0.0,0.07729963099973247,0.663719348000086,0.7410189789998185,0.18525474474995463,3.2589810210001815,3.223612977999892,4.0,228.0,228.00012604099993,0.00012604099993041018,0.5,1,1.000000552811403,3.9646319569997104,0.019324907749933118,0.1659298370000215,0.805903244499973,2,", but replied, ""Let him build your majesty in one day",2,", but replied, ""Let him build your majesty in one day",. They did not think long,223.48,227.04
13,4,mic_fileid_13_doa5_3spk_4.wav,4.0,228.0,232.0,3,"6,49,326",0,6,0.10249330531510095,enhanced_fileid_13_chunk4_pred6_idx0_loudest.wav,5,1.0,0.07821793599987359,0.8718272669998441,0.9500452029997177,0.23751130074992943,3.0499547970002823,3.0111538539999856,4.0,232.0,232.00010224499965,0.00010224499965261202,0.5,1,1.0000004407112053,3.9611990569997033,0.019554483999968397,0.21795681674996104,0.7527884634999964,2,"a more beautiful palace than this , and if he fails in the",2,"a more beautiful palace than this , and if he fails in the",", but replied, ""Let him build your majesty in one day",227.61999999999998,231.1
13,5,mic_fileid_13_doa5_3spk_5.wav,4.0,232.0,236.0,3,"124,200,228",2,228,0.0019562325691855837,enhanced_fileid_13_chunk5_pred228_idx2_loudest.wav,5,137.0,0.08062203999998019,0.8257991619998393,0.9064212019998195,0.22660530049995486,3.0935787980001805,3.055751364999651,4.0,236.0,236.00011894399995,0.0001189439999507158,0.5,1,1.0000005039999997,3.9621725669994703,0.020155509999995047,0.20644979049995982,0.7639378412499127,2,"attempt, but it's not.",2,"attempt, but it's not.","a more beautiful palace than this , and if he fails in the",231.26,232.822
14,1,mic_fileid_14_doa181_3spk_1.wav,4.0,236.0,240.0,3,"181,224,335",0,181,0.11423939404184767,enhanced_fileid_14_chunk1_pred181_idx0_loudest.wav,181,0.0,0.08569534500020382,0.9502560820001236,1.0359514270003274,0.25898785675008185,2.9640485729996726,2.9143654120002793,4.0,240.0,240.00013450299957,0.00013450299957185052,0.5,1,1.0000005604291649,3.9503168390006067,0.021423836250050954,0.2375640205000309,0.7285913530000698,2,This was a curious consol ation. The two spent hours,2,This was a curious consol ation. The two spent hours,,236.2,239.06
14,2,mic_fileid_14_doa181_3spk_2.wav,4.0,240.0,244.0,3,"180,223,345",0,180,0.10129238155341876,enhanced_fileid_14_chunk2_pred180_idx0_loudest.wav,181,1.0,0.07476970099969549,0.8287773829997604,0.9035470839994559,0.22588677099986398,3.096452916000544,3.062941285999841,4.0,244.0,244.00016316899973,0.0001631689997338981,0.5,1,1.0000006687254088,3.966488369999297,0.018692425249923872,0.2071943457499401,0.7657353214999603,2,"together sometimes in the tidy parlor , stumbling over Berlin wall difficulties",2,"together sometimes in the tidy parlor , stumbling over Berlin wall difficulties",This was a curious consol ation. The two spent hours,239.33999999999997,242.98
14,3,mic_fileid_14_doa181_3spk_3.wav,4.0,244.0,248.0,3,"181,222,337",0,181,0.1264719793841177,enhanced_fileid_14_chunk3_pred181_idx0_loudest.wav,181,0.0,0.08035899100013921,0.8730895130001954,0.9534485040003347,0.23836212600008366,3.0465514959996653,3.0111653720000504,4.0,248.0,248.00014918899979,0.00014918899978511035,0.5,1,1.0000006015685474,3.964613876000385,0.020089747750034803,0.21827237825004886,0.7527913430000126,2,", and now and then wandering true and fro, conversationally,",2,", and now and then wandering true and fro, conversationally,","together sometimes in the tidy parlor , stumbling over Berlin wall difficulties",243.64,247.11999999999998
14,4,mic_fileid_14_doa181_3spk_4.wav,4.0,248.0,252.0,3,"182,221,350",0,182,0.09096029751088056,enhanced_fileid_14_chunk4_pred182_idx0_loudest.wav,181,1.0,0.08544795899979363,0.8646431510001094,0.950091109999903,0.23752277749997575,3.049908890000097,3.01470077499971,4.0,252.0,252.0001369219999,0.00013692199991055531,0.5,1,1.0000005433412695,3.964791884999613,0.021361989749948407,0.21616078775002734,0.7536751937499275,2,"from Priscilla to the Optagon stitch, and from the Optagon stitch to Dennis",3,"from Priscilla to the Optagon stitch, and from the Optagon stitch to Dennis .",", and now and then wandering true and fro, conversationally,",247.16,251.021
14,5,mic_fileid_14_doa181_3spk_5.wav,4.0,252.0,256.0,3,"178,181,229",2,229,0.009360344476441596,enhanced_fileid_14_chunk5_pred229_idx2_loudest.wav,181,48.0,0.08164393300012307,0.8507838270002139,0.932427760000337,0.23310694000008425,3.067572239999663,3.0304980360001537,4.0,256.0,256.0000986309997,9.863099967333255e-05,0.5,1,1.0000003852773425,3.9629257960004907,0.020410983250030768,0.21269595675005348,0.7576245090000384,1,.,0,,"from Priscilla to the Optagon stitch, and from the Optagon stitch to Dennis .",,
15,1,mic_fileid_15_doa78_3spk_1.wav,4.0,256.0,260.0,3,"69,259,297",1,259,0.126250945706059,enhanced_fileid_15_chunk1_pred259_idx1_loudest.wav,266,7.0,0.07974710300004517,0.8272696059998452,0.9070167089998904,0.2267541772499726,3.0929832910001096,3.0588011700001516,4.0,260.0,260.000179485,0.00017948499998965417,0.5,1,1.000000690326923,3.965817879000042,0.019936775750011293,0.2068174014999613,0.7647002925000379,2,"When on shore , he followed his favorites",2,"When on shore , he followed his favorites",,256.59999999999997,258.86
15,2,mic_fileid_15_doa78_3spk_2.wav,4.0,260.0,264.0,3,"79,267,299",1,267,0.12044668753467007,enhanced_fileid_15_chunk2_pred267_idx1_loudest.wav,266,1.0,0.08032935400024144,1.0293805199999042,1.1097098740001456,0.2774274685000364,2.8902901259998544,2.8528740339997967,4.0,264.0,264.00008187699996,8.18769999568758e-05,0.5,1,1.0000003101401513,3.9625839079999423,0.02008233850006036,0.25734512999997605,0.7132185084999492,2,like a dog and was never known to root. Accept,2,like a dog and was never known to root. Accept,"When on shore , he followed his favorites",259.52,263.12
15,3,mic_fileid_15_doa78_3spk_3.wav,4.0,264.0,268.0,3,"82,267,300",1,267,0.10642717575288761,enhanced_fileid_15_chunk3_pred267_idx1_loudest.wav,266,1.0,0.07628090999969572,0.9939916469998025,1.0702725569994982,0.26756813924987455,2.929727443000502,2.8941751930001374,4.0,268.0,268.0001249019997,0.00012490199969761306,0.5,1,1.0000004660522377,3.9644477499996356,0.01907022749992393,0.24849791174995062,0.7235437982500343,2,"ed speech and appearance, he was the counterpart of a happy, good",2,"ed speech and appearance, he was the counterpart of a happy, good",like a dog and was never known to root. Accept,263.44,267.06
15,4,mic_fileid_15_doa78_3spk_4.wav,4.0,268.0,272.0,3,"219,269,299",1,269,0.06632582377113348,enhanced_fileid_15_chunk4_pred269_idx1_loudest.wav,266,3.0,0.09197597799993673,0.925433589000022,1.0174095669999588,0.2543523917499897,2.9825904330000412,2.9486906229999477,4.0,272.0,272.0000942749998,9.427499981029541e-05,0.5,1,1.000000346599264,3.9661001899999064,0.022993994499984183,0.2313583972500055,0.7371726557499869,2,"-natured, and well-cared-for household dog.",2,"-natured, and well-cared-for household dog.","ed speech and appearance, he was the counterpart of a happy, good",267.26,270.21999999999997
16,1,mic_fileid_16_doa36_3spk_1.wav,4.0,272.0,276.0,3,"34,149,317",0,34,0.12729236487597553,enhanced_fileid_16_chunk1_pred34_idx0_loudest.wav,36,2.0,0.0831680259998393,0.8476352090001456,0.9308032349999849,0.2327008087499962,3.069196765000015,3.0388638039999023,4.0,276.0,276.0001357399997,0.00013573999967775308,0.5,1,1.000000491811593,3.969667038999887,0.020792006499959825,0.2119088022500364,0.7597159509999756,2,"One hot summer day , a few months after the marriage",2,"One hot summer day , a few months after the marriage",,272.2,274.86
16,2,mic_fileid_16_doa36_3spk_2.wav,4.0,276.0,280.0,3,"35,145,316",0,35,0.1085682029898211,enhanced_fileid_16_chunk2_pred35_idx0_loudest.wav,36,1.0,0.09214926000004198,0.8630643040000905,0.9552135640001325,0.23880339100003312,3.0447864359998675,3.0114273110002614,4.0,280.0,280.0000859099996,8.590999959778856e-05,0.5,1,1.0000003068214272,3.966640875000394,0.023037315000010494,0.21576607600002262,0.7528568277500653,2,", Juliet returning to the consulate after a morning spent in very",2,", Juliet returning to the consulate after a morning spent in very","One hot summer day , a few months after the marriage",275.78,279.12
16,3,mic_fileid_16_doa36_3spk_3.wav,4.0,280.0,284.0,3,"36,148,314",0,36,0.11978597800930972,enhanced_fileid_16_chunk3_pred36_idx0_loudest.wav,36,0.0,0.07536579899988283,0.8651255400000082,0.940491338999891,0.23512283474997275,3.059508661000109,3.027562074999878,4.0,284.0,284.0001417479998,0.000141747999805375,0.5,1,1.0000004991126754,3.968053413999769,0.018841449749970707,0.21628138500000205,0.7568905187499695,2,active exercise upon a tennis court was met on the door,2,active exercise upon a tennis court was met on the door,", Juliet returning to the consulate after a morning spent in very",279.4,283.02
16,4,mic_fileid_16_doa36_3spk_4.wav,4.0,284.0,288.0,3,"35,315,319",0,35,0.06757408493475964,enhanced_fileid_16_chunk4_pred35_idx0_loudest.wav,36,1.0,0.07999713399976827,0.8555250780000279,0.9355222119997961,0.23388055299994903,3.064477788000204,3.0330142860002525,4.0,288.0,288.00009848399986,9.84839998636744e-05,0.5,1,1.0000003419583328,3.9685364980000486,0.019999283499942067,0.21388126950000697,0.7582535715000631,2,"step by Dora, the youngest of the Clarencey Butchers.",2,"step by Dora, the youngest of the Clarencey Butchers.",active exercise upon a tennis court was met on the door,283.24,286.74
17,1,mic_fileid_17_doa99_3spk_1.wav,4.0,288.0,292.0,3,"97,134,161",0,97,0.09611470786951988,enhanced_fileid_17_chunk1_pred97_idx0_loudest.wav,99,2.0,0.09542761400007294,0.8523344089999227,0.9477620229999957,0.23694050574999892,3.0522379770000043,3.017294125999797,4.0,292.0,292.00019239699986,0.00019239699986428604,0.5,1,1.000000658893835,3.9650561489997926,0.023856903500018234,0.21308360224998069,0.7543235314999492,2,Wasn't she later on engaged to a man whom she really loved,2,Wasn't she later on engaged to a man whom she really loved,,288.26,290.9
17,2,mic_fileid_17_doa99_3spk_2.wav,4.0,292.0,296.0,3,"98,129,162",0,98,0.1028809967356557,enhanced_fileid_17_chunk2_pred98_idx0_loudest.wav,99,1.0,0.07672458000024562,0.8575856980000935,0.9343102780003392,0.2335775695000848,3.065689721999661,3.03483908599992,4.0,296.0,296.0001237669999,0.0001237669998772617,0.5,1,1.0000004181317563,3.969149364000259,0.019181145000061406,0.21439642450002339,0.75870977149998,2,"? Yes, that was it. And during all the time she kept up her old liaison",2,"? Yes, that was it. And during all the time she kept up her old liaison",Wasn't she later on engaged to a man whom she really loved,291.53999999999996,294.7
17,3,mic_fileid_17_doa99_3spk_3.wav,4.0,296.0,300.0,3,"89,99,163",0,89,0.09067396126883673,enhanced_fileid_17_chunk3_pred89_idx0_loudest.wav,99,10.0,0.07691706000014165,0.8220903999999791,0.8990074600001208,0.2247518650000302,3.1009925399998792,3.063198380000358,4.0,300.0,300.000161552,0.00016155200000866898,0.5,1,1.0000005385066666,3.962205840000479,0.01922926500003541,0.20552259999999478,0.7657995950000895,2,". The author wanted to show that a woman can love in two ways, a man only",2,". The author wanted to show that a woman can love in two ways, a man only","? Yes, that was it. And during all the time she kept up her old liaison",295.74,299.18
17,4,mic_fileid_17_doa99_3spk_4.wav,4.0,300.0,304.0,3,"99,156,278",0,99,0.08471039942985485,enhanced_fileid_17_chunk4_pred99_idx0_loudest.wav,99,0.0,0.08335659399972428,1.0981608439997217,1.181517437999446,0.2953793594998615,2.818482562000554,2.7342540979998375,4.0,304.0,304.00014389299986,0.00014389299985850812,0.5,1,1.0000004733322363,3.9157715359992835,0.02083914849993107,0.2745402109999304,0.6835635244999594,2,"in one. That's true enough, isn 't it? Certainly.",2,"in one. That's true enough, isn 't it? Certainly.",". The author wanted to show that a woman can love in two ways, a man only",299.5,302.36
18,1,mic_fileid_18_doa181_3spk_1.wav,4.0,304.0,308.0,3,"183,228,262",0,183,0.09403312864306759,enhanced_fileid_18_chunk1_pred183_idx0_loudest.wav,181,2.0,0.07863183299969023,1.0483626840000397,1.12699451699973,0.2817486292499325,2.87300548300027,2.816110836000007,4.0,308.0,308.0001785879999,0.0001785879999260942,0.5,1,1.0000005798311686,3.943105352999737,0.019657958249922558,0.26209067100000993,0.7040277090000018,2,And don't I hope that first picture turns out good?,2,And don't I hope that first picture turns out good?,,304.14,307.14
18,2,mic_fileid_18_doa181_3spk_2.wav,4.0,308.0,312.0,3,"182,228,264",0,182,0.06415915237585491,enhanced_fileid_18_chunk2_pred182_idx0_loudest.wav,181,1.0,0.07829748999984076,0.9385815890000231,1.0168790789998639,0.25421976974996596,2.983120921000136,2.9432819159997052,4.0,312.0,312.0000871829998,8.718299977772404e-05,0.5,1,1.0000002794326917,3.960160994999569,0.01957437249996019,0.23464539725000577,0.7358204789999263,2,It was a remarkable pose if only the focus was right.,2,It was a remarkable pose if only the focus was right.,And don't I hope that first picture turns out good?,307.46,310.64
18,3,mic_fileid_18_doa181_3spk_3.wav,4.0,312.0,316.0,3,"182,228,263",0,182,0.09760119733204346,enhanced_fileid_18_chunk3_pred182_idx0_loudest.wav,181,1.0,0.07604123200007962,0.8472625320000589,0.9233037640001385,0.23082594100003462,3.0766962359998615,3.039150933000201,4.0,316.0,316.00021065099963,0.00021065099963379907,0.5,1,1.0000006666170875,3.9624546970003394,0.019010308000019904,0.2118156330000147,0.7597877332500502,2,He started toward the cabin door as though anxious to develop his role,2,He started toward the cabin door as though anxious to develop his role,It was a remarkable pose if only the focus was right.,311.5,315.03999999999996
18,4,mic_fileid_18_doa181_3spk_4.wav,4.0,316.0,320.0,3,"181,228,260",0,181,0.06604739474833794,enhanced_fileid_18_chunk4_pred181_idx0_loudest.wav,181,0.0,0.08533673100009764,0.8796448739999505,0.9649816050000481,0.24124540125001204,3.035018394999952,3.0014468499998657,4.0,320.0,320.00011689999974,0.00011689999973896192,0.5,1,1.0000003653124991,3.966428454999914,0.02133418275002441,0.21991121849998763,0.7503617124999664,2,of film and discover what success his labor had resulted in.,2,of film and discover what success his labor had resulted in.,He started toward the cabin door as though anxious to develop his role,315.21999999999997,318.74
19,1,mic_fileid_19_doa121_3spk_1.wav,4.0,320.0,324.0,3,"120,262,334",2,334,0.1474152022813082,enhanced_fileid_19_chunk1_pred334_idx2_loudest.wav,340,6.0,0.08553905500002656,0.8550937899999553,0.9406328449999819,0.23515821124999547,3.059367155000018,3.025741598999957,4.0,324.0,324.0001133359997,0.00011333599968565977,0.5,1,1.000000349802468,3.966374443999939,0.02138476375000664,0.21377344749998883,0.7564353997499893,2,The injuries to dot-cova had delayed the March,2,The injuries to dot-cova had delayed the March,,320.24,322.94
19,2,mic_fileid_19_doa121_3spk_2.wav,4.0,324.0,328.0,3,"118,256,338",2,338,0.14150947610475478,enhanced_fileid_19_chunk2_pred338_idx2_loudest.wav,340,2.0,0.17555162300004667,1.0996765039999445,1.2752281269999912,0.3188070317499978,2.724771873000009,2.548273168000378,4.0,328.0,328.0001058199996,0.00010581999958958477,0.5,1,1.00000032262195,3.8235012950003693,0.04388790575001167,0.27491912599998614,0.6370682920000945,2,"so greatly that it was decided to give up the expedition, which was",3,"so greatly that it was decided to give up the expedition, which was arrayed upon a small,",The injuries to dot-cova had delayed the March,323.21999999999997,328.52
19,3,mic_fileid_19_doa121_3spk_3.wav,4.0,328.0,332.0,3,"119,264,338",2,338,0.13311030290578757,enhanced_fileid_19_chunk3_pred338_idx2_loudest.wav,340,2.0,0.07264381899994987,0.8089175760001126,0.8815613950000625,0.22039034875001562,3.1184386049999375,3.0825682690001486,4.0,332.0,332.0001494429998,0.0001494429998274427,0.5,1,1.0000004501295177,3.964129664000211,0.018160954749987468,0.20222939400002815,0.7706420672500371,2,"arrayed upon a small, dark community in retaliation for the",2,dark community in retaliation for the destruction of the incubator,"so greatly that it was decided to give up the expedition, which was arrayed upon a small,",328.76,332.62
19,4,mic_fileid_19_doa121_3spk_4.wav,4.0,332.0,336.0,3,"120,265,337",2,337,0.09661190270500546,enhanced_fileid_19_chunk4_pred337_idx2_loudest.wav,340,3.0,0.10054316800005836,0.8184031999999206,0.918946367999979,0.22973659199999474,3.081053632000021,3.0350816230002238,4.0,336.0,336.0001470449997,0.00014704499972140184,0.5,1,1.0000004376339278,3.9540279910002027,0.02513579200001459,0.20460079999998015,0.7587704057500559,2,destruction of the incubator until after the Great Games.,1,until after the Great Games.,dark community in retaliation for the destruction of the incubator,333.08,335.14
20,1,mic_fileid_20_doa68_3spk_1.wav,4.0,336.0,340.0,3,"37,166,246",2,246,0.037840995180143805,enhanced_fileid_20_chunk1_pred246_idx2_loudest.wav,68,178.0,0.049609430999680626,0.8851688949998788,0.9347783259995595,0.23369458149988986,3.0652216740004405,2.9245203719997335,4.0,340.0,340.00013119799996,0.00013119799996275106,0.5,1,1.0000003858764706,3.859298697999293,0.012402357749920156,0.2212922237499697,0.7311300929999334,2,"In fact, it possessed the greatest of all claims",3,"In fact, it possessed the greatest of all claims to their admiral.",,336.14,340.02
20,2,mic_fileid_20_doa68_3spk_2.wav,4.0,340.0,344.0,3,"68,165,247",0,68,0.06749298240908794,enhanced_fileid_20_chunk2_pred68_idx0_loudest.wav,68,0.0,0.08143197999970653,0.8260317839999516,0.9074637639996581,0.22686594099991453,3.092536236000342,3.0576333429999067,4.0,344.0,344.000204726,0.00020472599999266095,0.5,1,1.000000595133721,3.965097106999565,0.020357994999926632,0.2065079459999879,0.7644083357499767,2,to their admiral. To look at it when the brother looking up at him from,2,To look at it when the brother looking up at him from under his breath.,"In fact, it possessed the greatest of all claims to their admiral.",340.2,344.24
20,3,mic_fileid_20_doa68_3spk_3.wav,4.0,344.0,348.0,3,"151,187,247",2,247,0.04309659213667988,enhanced_fileid_20_chunk3_pred247_idx2_loudest.wav,68,179.0,0.08329573600030926,0.7707373400003235,0.8540330760006327,0.21350826900015818,3.1459669239993673,3.1085591910000403,4.0,348.0,348.0001380059998,0.00013800599981550477,0.5,1,1.000000396568965,3.962592267000673,0.020823934000077315,0.19268433500008086,0.7771397977500101,2,"under his breath. A wonderful introduction of a word here and there, of which his",2,"A wonderful introduction of a word here and there, of which his here is.",To look at it when the brother looking up at him from under his breath.,344.241,347.88
20,4,mic_fileid_20_doa68_3spk_4.wav,4.0,348.0,352.0,3,"152,187,246",1,187,0.014288132859271059,enhanced_fileid_20_chunk4_pred187_idx1_loudest.wav,68,119.0,0.07639618499979406,0.8021306149998964,0.8785267999996904,0.2196316999999226,3.1214732000003096,3.0858769739998024,4.0,352.0,352.000136914,0.00013691399999515852,0.5,1,1.0000003889602274,3.964403773999493,0.019099046249948515,0.2005326537499741,0.7714692434999506,2,here is. In addition to my views.,1,In addition to my views.,"A wonderful introduction of a word here and there, of which his here is.",347.97999999999996,349.21999999999997
21,1,mic_fileid_21_doa34_3spk_1.wav,4.0,352.0,356.0,3,"33,324,350",0,33,0.12391285678667148,enhanced_fileid_21_chunk1_pred33_idx0_loudest.wav,34,1.0,0.07933794100017622,0.8223884520002684,0.9017263930004447,0.22543159825011116,3.0982736069995553,3.0602866520002863,4.0,356.0,356.00011774899986,0.00011774899985539378,0.5,1,1.0000003307556176,3.962013045000731,0.019834485250044054,0.2055971130000671,0.7650716630000716,2,We then went to work to make clothes after the pattern of the,2,We then went to work to make clothes after the pattern of the,,351.94,355.18
21,2,mic_fileid_21_doa34_3spk_2.wav,4.0,356.0,360.0,3,"24,32,350",1,32,0.10642783463749236,enhanced_fileid_21_chunk2_pred32_idx1_loudest.wav,34,2.0,0.08359307899991109,0.8368420769998011,0.9204351559997122,0.23010878899992804,3.079564844000288,3.0457888289997754,4.0,360.0,360.00013660299965,0.00013660299964612932,0.5,1,1.0000003794527768,3.9662239849994876,0.02089826974997777,0.20921051924995027,0.7614472072499439,2,"netchelly eskimo, and the sewing went on early and late",2,"netchelly eskimo, and the sewing went on early and late",We then went to work to make clothes after the pattern of the,355.34,358.44
21,3,mic_fileid_21_doa34_3spk_3.wav,4.0,360.0,364.0,3,"33,140,348",0,33,0.10782533704297519,enhanced_fileid_21_chunk3_pred33_idx0_loudest.wav,34,1.0,0.07337106699969809,0.8448037900002419,0.91817485699994,0.229543714249985,3.08182514300006,3.0451405600001635,4.0,364.0,364.0001441919999,0.00014419199987969478,0.5,1,1.0000003961318678,3.9633154170001035,0.01834276674992452,0.21120094750006047,0.7612851400000409,2,. Thick and irac some thin ones . Heavy breeches and light.,2,. Thick and irac some thin ones . Heavy breeches and light.,"netchelly eskimo, and the sewing went on early and late",359.7,362.8
21,4,mic_fileid_21_doa34_3spk_4.wav,4.0,364.0,368.0,3,"31,146,341",0,31,0.04791285057507864,enhanced_fileid_21_chunk4_pred31_idx0_loudest.wav,34,3.0,0.08527215600042837,0.8261188569999831,0.9113910130004115,0.22784775325010287,3.0886089869995885,3.0512125949999245,4.0,368.0,368.00012175999973,0.00012175999972896534,0.5,1,1.0000003308695644,3.962603608000336,0.021318039000107092,0.20652971424999578,0.7628031487499811,2,Winter stockings and summer stockings .,2,Winter stockings and summer stockings .,. Thick and irac some thin ones . Heavy breeches and light.,363.28,365.46099999999996
22,1,mic_fileid_22_doa22_3spk_1.wav,4.0,368.0,372.0,3,"21,315,343",2,343,0.10118490034527591,enhanced_fileid_22_chunk1_pred343_idx2_loudest.wav,345,2.0,0.10777845000029629,0.6542141099998844,0.7619925600001807,0.19049814000004517,3.2380074399998193,3.204505700000027,4.0,372.0,372.00012715,0.00012715000002572197,0.5,1,1.0000003418010754,3.9664982600002077,0.026944612500074072,0.1635535274999711,0.8011264250000067,2,They have nearly gone to work in a business-like manner,2,They have nearly gone to work in a business-like manner,,368.26,370.53999999999996
22,2,mic_fileid_22_doa22_3spk_2.wav,4.0,372.0,376.0,3,"22,126,334",2,334,0.1158744097423483,enhanced_fileid_22_chunk2_pred334_idx2_loudest.wav,345,11.0,0.07597625400012475,0.667118371000015,0.7430946250001398,0.18577365625003495,3.25690537499986,3.216593641000145,4.0,376.0,376.0001058859998,0.00010588599980110303,0.5,1,1.0000002816117015,3.959688266000285,0.01899406350003119,0.16677959275000376,0.8041484102500362,2,and use their wits and common sense in educating the voters.,2,and use their wits and common sense in educating the voters.,They have nearly gone to work in a business-like manner,371.28,375.06
22,3,mic_fileid_22_doa22_3spk_3.wav,4.0,376.0,380.0,3,"22,123,332",2,332,0.08636645775365856,enhanced_fileid_22_chunk3_pred332_idx2_loudest.wav,345,13.0,0.07775147800020932,0.6489209389997086,0.7266724169999179,0.18166810424997948,3.273327583000082,3.2252378289999797,4.0,380.0,380.0001007619999,0.00010076199987452128,0.5,1,1.0000002651631577,3.9519102459998976,0.01943786950005233,0.16223023474992715,0.8063094572499949,2,"Really my dear, I'm more proud of you today than I've ever been before.",3,"Really my dear, I'm more proud of you today than I've ever been before. He concluded, ""No point of equilibrium",and use their wits and common sense in educating the voters.,375.15999999999997,380.71999999999997
22,4,mic_fileid_22_doa22_3spk_4.wav,4.0,380.0,384.0,3,"21,22,318",0,21,0.032586759802409444,enhanced_fileid_22_chunk4_pred21_idx0_loudest.wav,345,36.0,0.06931180700030382,0.6657136269996045,0.7350254339999083,0.18375635849997707,3.2649745660000917,3.232845010999881,4.0,384.0,384.0001089149996,0.00010891499960052897,0.5,1,1.0000002836328115,3.9678704449997895,0.017327951750075954,0.16642840674990111,0.8082112527499703,2,"He concluded, ""No point of equilibrium .""",1,".""","Really my dear, I'm more proud of you today than I've ever been before. He concluded, ""No point of equilibrium",381.24,381.241
23,1,mic_fileid_23_doa6_3spk_1.wav,4.0,384.0,388.0,3,"14,119,217",2,217,0.07734893312524022,enhanced_fileid_23_chunk1_pred217_idx2_loudest.wav,212,5.0,0.0958439080000062,0.6451882820001629,0.7410321900001691,0.18525804750004227,3.258967809999831,3.2156209720001243,4.0,388.0,388.00012152599993,0.00012152599992987234,0.5,1,1.00000031321134,3.9566531620002934,0.02396097700000155,0.16129707050004072,0.8039052430000311,2,When his cries were heard by a farmer who was walking home,2,When his cries were heard by a farmer who was walking home,,384.62,386.94
23,2,mic_fileid_23_doa6_3spk_2.wav,4.0,388.0,392.0,3,"78,156,212",2,212,0.0886474359033854,enhanced_fileid_23_chunk2_pred212_idx2_loudest.wav,212,0.0,0.08192177000000811,0.8452834559998337,0.9272052259998418,0.23180130649996045,3.072794774000158,3.0363339630002883,4.0,392.0,392.0001148479996,0.00011484799961181125,0.5,1,1.0000002929795908,3.96353918900013,0.020480442500002027,0.21132086399995842,0.7590834907500721,2,from town and he was brought back to his father 's house. He was so tired and,3,from town and he was brought back to his father 's house. He was so tired and excited.,When his cries were heard by a farmer who was walking home,387.34,391.96
23,3,mic_fileid_23_doa6_3spk_3.wav,4.0,392.0,396.0,3,"13,94,179",0,13,0.028293515518598013,enhanced_fileid_23_chunk3_pred13_idx0_loudest.wav,212,161.0,0.07243418300004123,0.9046440390002317,0.977078222000273,0.24426955550006824,3.022921777999727,2.990972326999781,4.0,396.0,396.0001166989996,0.0001166989995908807,0.5,1,1.0000002946944435,3.968050549000054,0.018108545750010308,0.22616100975005793,0.7477430817499453,2,excited. All that could be done in a week should be done.,1,All that could be done in a week should be done.,from town and he was brought back to his father 's house. He was so tired and excited.,392.24,395.03999999999996
23,4,mic_fileid_23_doa6_3spk_4.wav,4.0,396.0,400.0,3,"14,94,170",0,14,0.02388545957878189,enhanced_fileid_23_chunk4_pred14_idx0_loudest.wav,212,162.0,0.07637945600026796,1.0780214480000723,1.1544009040003402,0.28860022600008506,2.8455990959996598,2.7750789619999523,4.0,400.0,400.00012264199995,0.00012264199995115632,0.5,1,1.0000003066049998,3.9294798660002925,0.01909486400006699,0.26950536200001807,0.6937697404999881,2,The medical assistant had a good basis to start from.,2,The medical assistant had a good basis to start from.,All that could be done in a week should be done.,396.24,399.0
24,1,mic_fileid_24_doa57_3spk_1.wav,4.0,400.0,404.0,3,"56,109,288",2,288,0.10256308638666711,enhanced_fileid_24_chunk1_pred288_idx2_loudest.wav,289,1.0,0.07805935300029887,1.071530796999923,1.149590150000222,0.2873975375000555,2.850409849999778,2.8042014150000796,4.0,404.0,404.00008616299965,8.616299965069629e-05,0.5,1,1.0000002132747516,3.9537915650003015,0.019514838250074718,0.26788269924998076,0.7010503537500199,2,"I had not forgotten the lipid, jagged furrows and",2,"I had not forgotten the lipid, jagged furrows and",,400.14,402.97999999999996
24,2,mic_fileid_24_doa57_3spk_2.wav,4.0,404.0,408.0,3,"57,112,288",2,288,0.09974467397973835,enhanced_fileid_24_chunk2_pred288_idx2_loudest.wav,289,1.0,0.0837560980003218,0.9930145089997495,1.0767706070000713,0.26919265175001783,2.9232293929999287,2.863738959999864,4.0,408.0,408.0001375349998,0.00013753499979429762,0.5,1,1.0000003370955877,3.9405095669999355,0.02093902450008045,0.24825362724993738,0.715934739999966,2,"Mercer's side. Quickly as I shot to the ladder, she was there before",2,"Mercer's side. Quickly as I shot to the ladder, she was there before","I had not forgotten the lipid, jagged furrows and",403.2,406.94
24,3,mic_fileid_24_doa57_3spk_3.wav,4.0,408.0,412.0,3,"56,110,289",2,289,0.09925302210769334,enhanced_fileid_24_chunk3_pred289_idx2_loudest.wav,289,0.0,0.08049480299996503,0.8188605629998165,0.8993553659997815,0.22483884149994537,3.1006446340002185,3.067749955000181,4.0,412.0,412.00011194299987,0.00011194299986527767,0.5,1,1.0000002717063103,3.9671053209999627,0.020123700749991258,0.20471514074995412,0.7669374887500453,2,"me, a dim, wavering white shape waiting. I paused",2,"me, a dim, wavering white shape waiting. I paused","Mercer's side. Quickly as I shot to the ladder, she was there before",407.32,411.08
24,4,mic_fileid_24_doa57_3spk_4.wav,4.0,412.0,416.0,3,"50,54,289",2,289,0.07370991984322316,enhanced_fileid_24_chunk4_pred289_idx2_loudest.wav,289,0.0,0.0847241030000987,0.8318998109998574,0.9166239139999561,0.22915597849998903,3.083376086000044,3.049192638999557,4.0,416.0,416.00011829999994,0.00011829999994006357,0.5,1,1.0000002843749998,3.965816552999513,0.021181025750024673,0.20797495274996436,0.7622981597498892,2,holding to a rung of a ladder with one hand,3,holding to a rung of a ladder with one hand .,"me, a dim, wavering white shape waiting. I paused",411.56,414.48099999999994
25,1,mic_fileid_25_doa112_3spk_1.wav,4.0,416.0,420.0,3,"113,155,193",0,113,0.1158702455568019,enhanced_fileid_25_chunk1_pred113_idx0_loudest.wav,112,1.0,0.08109714100010024,0.8706632579996949,0.9517603989997951,0.23794009974994879,3.048239601000205,3.012855441999818,4.0,420.0,420.00011655499975,0.00011655499974949635,0.5,1,1.0000002775119041,3.9646158409996133,0.02027428525002506,0.21766581449992373,0.7532138604999545,1,.,1,"and the strength of the young oak, but one could easily divine that",,417.7,421.03999999999996
25,2,mic_fileid_25_doa112_3spk_2.wav,4.0,420.0,424.0,3,"113,155,193",0,113,0.13678441711128975,enhanced_fileid_25_chunk2_pred113_idx0_loudest.wav,112,1.0,0.07733610300010696,0.8450999320002666,0.9224360350003735,0.23060900875009338,3.0775639649996265,3.04263913900013,4.0,424.0,424.0001273349999,0.00012733499988826225,0.5,1,1.000000300318396,3.9650751740005035,0.01933402575002674,0.21127498300006664,0.7606597847500325,2,"and the strength of the young oak, but one could easily divine that she was one of the souls by nature pitched",1,she was one of the souls by nature pitched,"and the strength of the young oak, but one could easily divine that",421.2,423.0
25,3,mic_fileid_25_doa112_3spk_3.wav,4.0,424.0,428.0,3,"114,154,194",0,114,0.07093450425206915,enhanced_fileid_25_chunk3_pred114_idx0_loudest.wav,112,2.0,0.07706725400021242,0.8330693979996795,0.9101366519998919,0.22753416299997298,3.089863348000108,3.056657289999748,4.0,428.0,428.00011930699975,0.00011930699974982417,0.5,1,1.0000002787546722,3.96679394199964,0.019266813500053104,0.20826734949991987,0.764164322499937,2,too high by suffering plunged too low.,2,too high by suffering plunged too low.,she was one of the souls by nature pitched,423.32,425.94
26,1,mic_fileid_26_doa34_3spk_1.wav,4.0,428.0,432.0,3,"35,80,338",0,35,0.08325172884062876,enhanced_fileid_26_chunk1_pred35_idx0_loudest.wav,34,1.0,0.0787772139997287,0.8262479039999562,0.9050251179996849,0.22625627949992122,3.094974882000315,3.0554837260001477,4.0,432.0,432.000124875,0.00012487499998314888,0.5,1,1.0000002890625,3.9605088439998326,0.019694303499932175,0.20656197599998904,0.7638709315000369,2,"They came from the east , west, north and south",2,"They came from the east , west, north and south",,428.24,431.14
26,2,mic_fileid_26_doa34_3spk_2.wav,4.0,432.0,436.0,3,"34,78,339",0,34,0.08874629068915861,enhanced_fileid_26_chunk2_pred34_idx0_loudest.wav,34,0.0,0.07837568899958569,0.7789122979997956,0.8572879869993812,0.2143219967498453,3.1427120130006188,3.109340052999869,4.0,436.0,436.00011490399993,0.00011490399992908351,0.5,1,1.0000002635412844,3.96662803999925,0.019593922249896423,0.1947280744999489,0.7773350132499672,2,. All sorry to know of her illness and bringing presents,2,. All sorry to know of her illness and bringing presents,"They came from the east , west, north and south",431.68,434.65999999999997
26,3,mic_fileid_26_doa34_3spk_3.wav,4.0,436.0,440.0,3,"34,79,339",0,34,0.09645663412693457,enhanced_fileid_26_chunk3_pred34_idx0_loudest.wav,34,0.0,0.07948023700009799,0.8560929170002964,0.9355731540003944,0.2338932885000986,3.0644268459996056,3.032330482999896,4.0,440.0,440.00012274799974,0.00012274799973965855,0.5,1,1.0000002789727267,3.9679036370002905,0.019870059250024497,0.2140232292500741,0.758082620749974,2,with them. Sometimes it was a little live bird or squirrel,3,with them. Sometimes it was a little live bird or squirrel .,. All sorry to know of her illness and bringing presents,435.24,439.82099999999997
26,4,mic_fileid_26_doa34_3spk_4.wav,4.0,440.0,444.0,3,"35,81,339",1,81,0.07969725861780907,enhanced_fileid_26_chunk4_pred81_idx1_loudest.wav,34,47.0,0.09341984499997125,0.8546180909997929,0.9480379359997642,0.23700948399994104,3.051962064000236,3.0054447950001304,4.0,444.0,444.00014429799967,0.000144297999668197,0.5,1,1.0000003249954947,3.9534827309998946,0.02335496124999281,0.21365452274994823,0.7513611987500326,2,. [Music],1,[Music],with them. Sometimes it was a little live bird or squirrel .,441.56,441.561
27,1,mic_fileid_27_doa31_3spk_1.wav,4.0,444.0,448.0,3,"34,85,172",2,172,0.06377495248410182,enhanced_fileid_27_chunk1_pred172_idx2_loudest.wav,173,1.0,0.07755507199999556,0.8354238619999705,0.9129789339999661,0.22824473349999153,3.087021066000034,3.0497367799998756,4.0,448.0,448.0001423169997,0.00014231699969968759,0.5,1,1.0000003176718744,3.9627157139998417,0.01938876799999889,0.20885596549999264,0.7624341949999689,2,It seems that the public admire her as much as I have,2,It seems that the public admire her as much as I have,,444.34,447.15999999999997
27,2,mic_fileid_27_doa31_3spk_2.wav,4.0,448.0,452.0,3,"33,76,166",2,166,0.07834293056963014,enhanced_fileid_27_chunk2_pred166_idx2_loudest.wav,173,7.0,0.08020401199974003,0.8315419290001955,0.9117459409999356,0.2279364852499839,3.0882540590000644,3.0413923780001824,4.0,452.0,452.00012357499963,0.00012357499963400187,0.5,1,1.000000273396017,3.953138319000118,0.020051002999935008,0.20788548225004888,0.7603480945000456,2,"done. I shall find her someday, then she will",3,"done. I shall find her someday, then she will return to me.",It seems that the public admire her as much as I have,447.4,452.09999999999997
27,3,mic_fileid_27_doa31_3spk_3.wav,4.0,452.0,456.0,3,"31,80,151",0,31,0.03922602593385375,enhanced_fileid_27_chunk3_pred31_idx0_loudest.wav,173,142.0,0.0806612229998791,0.8743327239999417,0.9549939469998208,0.2387484867499552,3.0450060530001792,3.013587183999789,4.0,456.0,456.0001225589999,0.00012255899991941988,0.5,1,1.0000002687697367,3.9685811309996097,0.020165305749969775,0.21858318099998542,0.7533967959999472,2,return to me. I,2,I 'm going to start with a couple of questions.,"done. I shall find her someday, then she will return to me.",452.65999999999997,457.02
27,4,mic_fileid_27_doa31_3spk_4.wav,4.0,456.0,460.0,3,"61,128,171",2,171,0.06669022634300054,enhanced_fileid_27_chunk4_pred171_idx2_loudest.wav,173,2.0,0.07298403400000097,0.8283972929998527,0.9013813269998536,0.2253453317499634,3.0986186730001464,3.066397555000094,4.0,460.0,460.0001228259998,0.000122825999824272,0.5,1,1.000000267013043,3.9677788819999478,0.018246008500000244,0.20709932324996316,0.7665993887500235,2,"'m going to start with a couple of questions. And third, reproachfully, yes, always",2,"And third, reproachfully, yes, always .",I 'm going to start with a couple of questions.,457.02099999999996,459.501
27,5,mic_fileid_27_doa31_3spk_5.wav,4.0,460.0,464.0,3,"2,174,181",0,2,9.740182892336207e-06,enhanced_fileid_27_chunk5_pred2_idx0_loudest.wav,173,171.0,0.07755999600021823,0.7965563990001101,0.8741163950003283,0.21852909875008208,3.1258836049996717,3.092765664000126,4.0,464.0,464.0000782389998,7.82389997766586e-05,0.5,1,1.000000168618534,3.9668820590004543,0.01938999900005456,0.19913909975002753,0.7731914160000315,1,.,0,,"And third, reproachfully, yes, always .",,
28,1,mic_fileid_28_doa124_3spk_1.wav,4.0,464.0,468.0,3,"129,217,315",1,217,0.0534850791673578,enhanced_fileid_28_chunk1_pred217_idx1_loudest.wav,217,0.0,0.0777312449999954,0.7872288309999931,0.8649600759999885,0.21624001899999712,3.1350399240000115,3.0991866839999602,4.0,468.0,468.0000956959998,9.569599978931365e-05,0.5,1,1.000000204478632,3.9641467599999487,0.01943281124999885,0.19680720774999827,0.7747966709999901,2,Fell far short . Don't look back Grunted,2,Fell far short . Don't look back Grunted,,464.26,467.12
28,2,mic_fileid_28_doa124_3spk_2.wav,4.0,468.0,472.0,3,"129,216,316",1,216,0.08995888166438684,enhanced_fileid_28_chunk2_pred216_idx1_loudest.wav,217,1.0,0.0761153500002365,0.8129006179997305,0.889015967999967,0.22225399199999174,3.110984032000033,3.0783677770000395,4.0,472.0,472.00009831399984,9.831399984250311e-05,0.5,1,1.0000002082923725,3.9673837450000065,0.019028837500059126,0.20322515449993261,0.7695919442500099,2,"Bender. Stretch yourself, Walter. There 's a surprise coming. Hope to God I",3,"Bender. Stretch yourself, Walter. There 's a surprise coming. Hope to God I chose the time right.",Fell far short . Don't look back Grunted,467.32,472.3
28,3,mic_fileid_28_doa124_3spk_3.wav,4.0,472.0,476.0,3,"129,217,316",1,217,0.08494413370291838,enhanced_fileid_28_chunk3_pred217_idx1_loudest.wav,217,0.0,0.07857523599977867,0.9764248960000259,1.0550001319998046,0.26375003299995115,2.9449998680001954,2.913625725000202,4.0,476.0,476.00009396199994,9.396199993716436e-05,0.5,1,1.0000001973991595,3.9686258570000064,0.019643808999944667,0.24410622400000648,0.7284064312500504,2,chose the time right. We turned off the room and away.,1,We turned off the room and away.,"Bender. Stretch yourself, Walter. There 's a surprise coming. Hope to God I chose the time right.",473.47999999999996,474.84
28,4,mic_fileid_28_doa124_3spk_4.wav,4.0,476.0,480.0,3,"0,124,128",1,124,0.02463527494968942,enhanced_fileid_28_chunk4_pred124_idx1_loudest.wav,217,93.0,0.08111555499999668,1.054801421999855,1.1359169769998516,0.2839792442499629,2.8640830230001484,2.7998258589996112,4.0,480.0,480.000122381,0.0001223809999828518,0.5,1,1.0000002549604166,3.935742835999463,0.02027888874999917,0.26370035549996373,0.6999564647499028,2,Cookie. (cookie crunches),2,Cookie. (cookie crunches),We turned off the room and away.,476.02,478.5
29,1,mic_fileid_29_doa111_3spk_1.wav,4.0,480.0,484.0,3,"111,150,339",0,111,0.08817964048822337,enhanced_fileid_29_chunk1_pred111_idx0_loudest.wav,111,0.0,0.07635476399991603,1.075782514000366,1.152137278000282,0.2880343195000705,2.847862721999718,2.804827017000207,4.0,484.0,484.00011383499987,0.00011383499986550305,0.5,1,1.0000002351962807,3.956964295000489,0.019088690999979008,0.2689456285000915,0.7012067542500517,2,My father was and still is receiver general,2,My father was and still is receiver general,,480.32,483.15999999999997
29,2,mic_fileid_29_doa111_3spk_2.wav,4.0,484.0,488.0,3,"112,150,292",0,112,0.06950952438017889,enhanced_fileid_29_chunk2_pred112_idx0_loudest.wav,111,1.0,0.08325844700038942,1.0738071430000673,1.1570655900004567,0.2892663975001142,2.8429344099995433,2.8085210379999808,4.0,488.0,488.00014034399965,0.00014034399964657496,0.5,1,1.0000002875901632,3.9655866280004375,0.020814611750097356,0.2684517857500168,0.7021302594999952,2,at sea. He has a great reputation there for loyalty,2,at sea. He has a great reputation there for loyalty,My father was and still is receiver general,483.58,487.0
29,3,mic_fileid_29_doa111_3spk_3.wav,4.0,488.0,492.0,3,"110,112,150",0,110,0.05750650786653327,enhanced_fileid_29_chunk3_pred110_idx0_loudest.wav,111,1.0,0.07279067800027406,1.0943862069998431,1.1671768850001172,0.2917942212500293,2.832823114999883,2.7617384620002667,4.0,492.0,492.00010391099977,0.0001039109997691412,0.5,1,1.000000211201219,3.928915347000384,0.018197669500068514,0.2735965517499608,0.6904346155000667,2,", thanks to which she was able to find the security which he needed",3,", thanks to which she was able to find the security which he needed in order to",at sea. He has a great reputation there for loyalty,488.02,491.74
29,4,mic_fileid_29_doa111_3spk_4.wav,4.0,492.0,496.0,3,"112,149,292",2,292,0.03324604193778228,enhanced_fileid_29_chunk4_pred292_idx2_loudest.wav,111,179.0,0.16397949000020162,1.085043842000232,1.2490233320004336,0.3122558330001084,2.7509766679995664,2.6142665620000116,4.0,496.0,496.00010464399975,0.00010464399974807748,0.5,1,1.000000210975806,3.863289894000445,0.040994872500050406,0.271260960500058,0.6535666405000029,2,in order to admit that I wouldn't know a bull moose if I saw one.,1,admit that I wouldn't know a bull moose if I saw one.,", thanks to which she was able to find the security which he needed in order to",491.97999999999996,494.52
30,1,mic_fileid_30_doa12_3spk_1.wav,4.0,496.0,500.0,3,"13,54,279",0,13,0.13554314466636624,enhanced_fileid_30_chunk1_pred13_idx0_loudest.wav,12,1.0,0.10645914999986417,1.0648721090001345,1.1713312589999987,0.29283281474999967,2.8286687410000013,2.7817306520000784,4.0,500.0,500.00008880999985,8.880999985194649e-05,0.5,1,1.0000001776199996,3.953061911000077,0.02661478749996604,0.26621802725003363,0.6954326630000196,2,Which covered them down to the ankles and which they wore,3,Which covered them down to the ankles and which they wore winter and summer.,,496.21999999999997,500.47999999999996
30,2,mic_fileid_30_doa12_3spk_2.wav,4.0,500.0,504.0,3,"12,53,278",0,12,0.10545750054608133,enhanced_fileid_30_chunk2_pred12_idx0_loudest.wav,12,0.0,0.09778815900017435,1.1126671910001278,1.2104553500003021,0.30261383750007553,2.789544649999698,2.723464086000149,4.0,504.0,504.00010250499963,0.00010250499963149196,0.5,1,1.0000002033829358,3.9339194360004512,0.024447039750043587,0.27816679775003195,0.6808660215000373,2,winter and summer. Women commonly wore a long loose cloak,1,Women commonly wore a long loose cloak,Which covered them down to the ankles and which they wore winter and summer.,501.08,503.08
30,3,mic_fileid_30_doa12_3spk_3.wav,4.0,504.0,508.0,3,"14,57,279",0,14,0.10067911583381768,enhanced_fileid_30_chunk3_pred14_idx0_loudest.wav,12,2.0,0.07390845099962462,1.0809072500001093,1.154815700999734,0.2887039252499335,2.845184299000266,2.807307705999847,4.0,508.0,508.000093699,9.369899999001063e-05,0.5,1,1.0000001844468505,3.9621234069995808,0.018477112749906155,0.27022681250002734,0.7018269264999617,2,"with a hood, a fashion which has come in at the present day.",2,"with a hood, a fashion which has come in at the present day.",Women commonly wore a long loose cloak,503.71999999999997,507.09999999999997
30,4,mic_fileid_30_doa12_3spk_4.wav,4.0,508.0,512.0,3,"13,278,281",0,13,0.08315447635842342,enhanced_fileid_30_chunk4_pred13_idx0_loudest.wav,12,1.0,0.10996369199983747,1.0695040230002633,1.1794677150001007,0.2948669287500252,2.8205322849998993,2.748805242999879,4.0,512.0,512.0001133259998,0.00011332599979141378,0.5,1,1.0000002213398433,3.9282729579999796,0.027490922999959366,0.2673760057500658,0.6872013107499697,2,"The overgramments were fastened by bro oches, pins, buttons.",2,"The overgramments were fastened by bro oches, pins, buttons.","with a hood, a fashion which has come in at the present day.",507.53999999999996,511.06
31,1,mic_fileid_31_doa53_3spk_1.wav,4.0,512.0,516.0,3,"51,159,216",0,51,0.04476397833412777,enhanced_fileid_31_chunk1_pred51_idx0_loudest.wav,53,2.0,0.07563068900026337,0.8918975110000247,0.967528200000288,0.241882050000072,3.032471799999712,2.9644350019998456,4.0,516.0,516.0001085679996,0.0001085679996322142,0.5,1,1.0000002104031,3.9319632020001336,0.018907672250065843,0.22297437775000617,0.7411087504999614,2,This was the Porter who had been killed by Dur,3,"This was the Porter who had been killed by Dur kabuk, below",,512.48,516.74
31,2,mic_fileid_31_doa53_3spk_2.wav,4.0,516.0,520.0,3,"50,160,222",0,50,0.05730444233969652,enhanced_fileid_31_chunk2_pred50_idx0_loudest.wav,53,3.0,0.07178170299994235,0.853990832999898,0.9257725359998403,0.23144313399996008,3.0742274640001597,3.042559398999856,4.0,520.0,520.0001134669997,0.00011346699966452434,0.5,1,1.0000002182057686,3.9683319349996964,0.01794542574998559,0.2134977082499745,0.760639849749964,2,"kabuk, below by the lights of the torch which was thrust",1,by the lights of the torch which was thrust,"This was the Porter who had been killed by Dur kabuk, below",517.22,518.98
31,3,mic_fileid_31_doa53_3spk_3.wav,4.0,520.0,524.0,3,"50,159,222",0,50,0.0723028501914622,enhanced_fileid_31_chunk3_pred50_idx0_loudest.wav,53,3.0,0.1144134330002089,0.9578894450000917,1.0723028780003006,0.26807571950007514,2.9276971219996994,2.8886519760003466,4.0,524.0,524.0001083769998,0.00010837699983312632,0.5,1,1.0000002068263356,3.960954854000647,0.028603358250052224,0.2394723612500229,0.7221629940000867,2,"between the paving stones, this head could be vaguely distinguished",2,"between the paving stones, this head could be vaguely distinguished",by the lights of the torch which was thrust,519.2800000000001,522.4000000000001
31,4,mic_fileid_31_doa53_3spk_4.wav,4.0,524.0,528.0,3,"51,159,224",1,159,0.027471272110916264,enhanced_fileid_31_chunk4_pred159_idx1_loudest.wav,53,106.0,0.09534804800023267,0.8853085629998532,0.9806566110000858,0.24516415275002146,3.019343388999914,2.9146574709998276,4.0,528.0,528.0001233939997,0.00012339399972916,0.5,1,1.000000233700757,3.8953140819999135,0.023837012000058166,0.2213271407499633,0.7286643677499569,2,". Enough. Enough, Michelle, enough.",3,". Enough. Enough, Michelle, enough. One second.","between the paving stones, this head could be vaguely distinguished",523.82,528.2
31,5,mic_fileid_31_doa53_3spk_5.wav,4.0,528.0,532.0,3,"0,0,216",2,216,0.004783010835624261,enhanced_fileid_31_chunk5_pred216_idx2_loudest.wav,53,163.0,0.07508061999988058,0.8086266170003,0.8837072370001806,0.22092680925004515,3.1162927629998194,3.077218018000167,4.0,532.0,532.0000740799996,7.407999964925693e-05,0.5,1,1.0000001392481197,3.9609252550003475,0.018770154999970146,0.202156654250075,0.7693045045000417,1,One second.,0,,". Enough. Enough, Michelle, enough. One second.",,
32,1,mic_fileid_32_doa102_3spk_1.wav,4.0,532.0,536.0,3,"123,229,284",2,284,0.0842103061656772,enhanced_fileid_32_chunk1_pred284_idx2_loudest.wav,102,178.0,0.08106086299994786,0.8339571399997112,0.9150180029996591,0.22875450074991477,3.084981997000341,3.04938795399994,4.0,536.0,536.0001056809997,0.00010568099969532341,0.5,1,1.0000001971660442,3.964405956999599,0.020265215749986965,0.2084892849999278,0.762346988499985,2,And you kept Maddox him you're a traitor yourself. I,2,And you kept Maddox him you're a traitor yourself. I,,532.22,535.1400000000001
32,2,mic_fileid_32_doa102_3spk_2.wav,4.0,536.0,540.0,3,"99,229,284",1,229,0.0961995202396632,enhanced_fileid_32_chunk2_pred229_idx1_loudest.wav,102,127.0,0.07787594199999148,0.8736016309999286,0.9514775729999201,0.23786939324998002,3.04852242700008,3.0085893139998916,4.0,540.0,540.0001086379998,0.00010863799980143085,0.5,1,1.000000201181481,3.9600668869998117,0.01946898549999787,0.21840040774998215,0.7521473284999729,2,know you all. Discussing this is going to his feelings but she also,2,know you all. Discussing this is going to his feelings but she also,And you kept Maddox him you're a traitor yourself. I,535.22,538.74
32,3,mic_fileid_32_doa102_3spk_3.wav,4.0,540.0,544.0,3,"229,253,284",0,229,0.05233156592256032,enhanced_fileid_32_chunk3_pred229_idx0_loudest.wav,102,127.0,0.08225529600031223,0.81647257800023,0.8987278740005422,0.22468196850013555,3.101272125999458,3.0636507789999996,4.0,544.0,544.000123283,0.00012328299999353476,0.5,1,1.0000002266231618,3.962378653000542,0.020563824000078057,0.2041181445000575,0.7659126947499999,2,rose up against that ladies man or shown that she was offended,3,rose up against that ladies man or shown that she was offended .,know you all. Discussing this is going to his feelings but she also,539.1800000000001,542.701
32,4,mic_fileid_32_doa102_3spk_4.wav,4.0,544.0,548.0,3,"123,231,286",2,286,0.04324166042044243,enhanced_fileid_32_chunk4_pred286_idx2_loudest.wav,102,176.0,0.07649886400031392,0.909009775999948,0.985508640000262,0.2463771600000655,3.014491359999738,2.9827713710001262,4.0,548.0,548.0001004859996,0.00010048599961010041,0.5,1,1.0000001833686125,3.968280011000388,0.01912471600007848,0.227252443999987,0.7456928427500316,2,". ""GET THE PACE WITH ROAST OFF AT A GLIDING GATE.""",2,"""GET THE PACE WITH ROAST OFF AT A GLIDING GATE."" [",rose up against that ladies man or shown that she was offended .,544.1600000000001,547.721
32,5,mic_fileid_32_doa102_3spk_5.wav,4.0,548.0,552.0,3,"89,235,274",0,89,5.440713125281666e-06,enhanced_fileid_32_chunk5_pred89_idx0_loudest.wav,102,13.0,0.07994381499975134,0.8027890370003661,0.8827328520001174,0.22068321300002935,3.1172671479998826,3.0844429479998325,4.0,552.0,552.0001001719997,0.00010017199974754476,0.5,1,1.000000181471014,3.96717579999995,0.019985953749937835,0.20069725925009152,0.7711107369999581,1,[,0,,"""GET THE PACE WITH ROAST OFF AT A GLIDING GATE."" [",,
33,1,mic_fileid_33_doa34_3spk_1.wav,4.0,552.0,556.0,3,"29,129,334",2,334,0.10785894446913451,enhanced_fileid_33_chunk1_pred334_idx2_loudest.wav,345,11.0,0.07853832199998578,0.8826137349997225,0.9611520569997083,0.24028801424992707,3.0388479430002917,3.0051756630000455,4.0,556.0,556.0000834289999,8.34289999147586e-05,0.5,1,1.000000150052158,3.9663277199997538,0.019634580499996446,0.22065343374993063,0.7512939157500114,2,inaudible ],3,"inaudible ] Last night I belonged to Governor Lucas, but I understand that he has",,552.08,557.0600000000001
33,2,mic_fileid_33_doa34_3spk_2.wav,4.0,556.0,560.0,3,"31,315,344",2,344,0.1160293084713721,enhanced_fileid_33_chunk2_pred344_idx2_loudest.wav,345,1.0,0.08707834599999842,0.7663897200000065,0.8534680660000049,0.21336701650000123,3.146531933999995,3.1148669770000197,4.0,560.0,560.0000984819999,9.84819998848252e-05,0.5,1,1.000000175860714,3.9683350430000246,0.021769586499999605,0.19159743000000162,0.7787167442500049,2,"Last night I belonged to Governor Lucas, but I understand that he has been gambling online, so I don't know who",2,"been gambling online, so I don't know who won't be this morning.","inaudible ] Last night I belonged to Governor Lucas, but I understand that he has",557.26,560.2800000000001
33,3,mic_fileid_33_doa34_3spk_3.wav,4.0,560.0,564.0,3,"30,130,333",2,333,0.09442199396637005,enhanced_fileid_33_chunk3_pred333_idx2_loudest.wav,345,12.0,0.07809020100012276,0.8566791370003557,0.9347693380004785,0.23369233450011961,3.0652306619995215,3.0076861449997523,4.0,564.0,564.0001063309996,0.00010633099964252324,0.5,1,1.0000001885301413,3.9424554830002307,0.01952255025003069,0.21416978425008892,0.7519215362499381,2,won't be this morning. Such is the uncertainty of a slave's,2,Such is the uncertainty of a slave's position.,"been gambling online, so I don't know who won't be this morning.",561.3000000000001,564.0200000000001
33,4,mic_fileid_33_doa34_3spk_4.wav,4.0,564.0,568.0,3,"32,34,131",1,34,0.017517741798786606,enhanced_fileid_33_chunk4_pred34_idx1_loudest.wav,345,49.0,0.07534038499989038,0.7589504970001144,0.8342908820000048,0.2085727205000012,3.165709117999995,3.1280600609998146,4.0,568.0,568.000115115,0.00011511499997141073,0.5,1,1.0000002026672534,3.9623509429998194,0.018835096249972594,0.1897376242500286,0.7820150152499536,2,position. There.,1,There.,Such is the uncertainty of a slave's position.,564.9200000000001,566.38
34,1,mic_fileid_34_doa125_3spk_1.wav,4.0,568.0,572.0,3,"124,157,261",1,157,0.13040214526027435,enhanced_fileid_34_chunk1_pred157_idx1_loudest.wav,157,0.0,0.07914780700002666,0.9080291420000322,0.9871769490000588,0.2467942372500147,3.012823050999941,2.977248762999807,4.0,572.0,572.0001098509997,0.00010985099970639567,0.5,1,1.0000001920472024,3.9644257119998656,0.019786951750006665,0.22700728550000804,0.7443121907499517,2,"Therefore, so had fallen on evil days",2,"Therefore, so had fallen on evil days",,568.86,570.6600000000001
34,2,mic_fileid_34_doa125_3spk_2.wav,4.0,572.0,576.0,3,"121,155,261",1,155,0.11518920439159351,enhanced_fileid_34_chunk2_pred155_idx1_loudest.wav,157,2.0,0.07923827800004801,0.9937531599998692,1.0729914379999173,0.2682478594999793,2.9270085620000827,2.8963002650002636,4.0,576.0,576.0001596239999,0.00015962399993441068,0.5,1,1.0000002771249998,3.969291703000181,0.019809569500012003,0.2484382899999673,0.7240750662500659,2,", for he could not bring himself to paint against his better judgment. He was",2,", for he could not bring himself to paint against his better judgment. He was","Therefore, so had fallen on evil days",571.5600000000001,575.1
34,3,mic_fileid_34_doa125_3spk_3.wav,4.0,576.0,580.0,3,"119,156,262",1,156,0.11452012648132379,enhanced_fileid_34_chunk3_pred156_idx1_loudest.wav,157,1.0,0.07999160000008487,0.8139709619999849,0.8939625620000697,0.22349064050001743,3.1060374379999303,3.071416881999994,4.0,580.0,580.0001253999999,0.00012539999988803174,0.5,1,1.0000002162068964,3.965379444000064,0.019997900000021218,0.20349274049999622,0.7678542204999985,2,now running a former photographic studio on the top of a house in Government,2,now running a former photographic studio on the top of a house in Government,", for he could not bring himself to paint against his better judgment. He was",575.26,578.7800000000001
34,4,mic_fileid_34_doa125_3spk_4.wav,4.0,580.0,584.0,3,"156,262,301",0,156,0.09591227336596869,enhanced_fileid_34_chunk4_pred156_idx0_loudest.wav,157,1.0,0.07842130099970746,0.8600537620000068,0.9384750629997143,0.23461876574992857,3.0615249370002857,3.0187428730000647,4.0,584.0,584.0000738459999,7.384599985016393e-05,0.5,1,1.0000001264486298,3.957217935999779,0.019605325249926864,0.2150134405000017,0.7546857182500162,2,Street. The accommodation consisted of the studio itself.,2,Street. The accommodation consisted of the studio itself.,now running a former photographic studio on the top of a house in Government,579.1600000000001,582.9000000000001
35,1,mic_fileid_35_doa24_3spk_1.wav,4.0,584.0,588.0,3,"23,57,129",0,23,0.07840088729014687,enhanced_fileid_35_chunk1_pred23_idx0_loudest.wav,24,1.0,0.07741028400005234,0.8079389589997845,0.8853492429998369,0.22133731074995922,3.114650757000163,3.079511822999848,4.0,588.0,588.0001825089998,0.00018250899984195712,0.5,1,1.0000003103894555,3.964861065999685,0.019352571000013086,0.20198473974994613,0.769877955749962,2,"The Western world is warned, if not armed",3,"The Western world is warned, if not armed , against the possibility of it",,584.46,588.62
35,2,mic_fileid_35_doa24_3spk_2.wav,4.0,588.0,592.0,3,"32,125,214",0,32,0.07047581377447808,enhanced_fileid_35_chunk2_pred32_idx0_loudest.wav,24,8.0,0.08068468999999823,0.7783976850000727,0.8590823750000709,0.21477059375001772,3.140917624999929,3.101523364000059,4.0,592.0,592.0001377169997,0.0001377169996885641,0.5,1,1.000000232630067,3.9606057390001297,0.020171172499999557,0.19459942125001817,0.7753808410000147,2,", against the possibility of it . In the second place, there is",1,". In the second place, there is","The Western world is warned, if not armed , against the possibility of it",588.96,591.1800000000001
35,3,mic_fileid_35_doa24_3spk_3.wav,4.0,592.0,596.0,3,"31,124,208",0,31,0.08390481062909295,enhanced_fileid_35_chunk3_pred31_idx0_loudest.wav,24,7.0,0.07473729599996659,0.8528025499999785,0.9275398459999451,0.23188496149998628,3.072460154000055,3.0392048959997737,4.0,596.0,596.0001433029997,0.0001433029997315316,0.5,1,1.0000002404412747,3.966744741999719,0.018684323999991648,0.21320063749999463,0.7598012239999434,2,weakness inherent in the brown man which will bring his adventure to naught,2,weakness inherent in the brown man which will bring his adventure to naught,". In the second place, there is",591.38,594.7
35,4,mic_fileid_35_doa24_3spk_4.wav,4.0,596.0,600.0,3,"24,53,126",0,24,0.09446580611370366,enhanced_fileid_35_chunk4_pred24_idx0_loudest.wav,24,0.0,0.08132997400025488,0.7875507580001795,0.8688807320004344,0.2172201830001086,3.1311192679995656,3.0988639259999218,4.0,600.0,600.0001347119996,0.00013471199963532854,0.5,1,1.0000002245199995,3.967744658000356,0.02033249350006372,0.19688768950004487,0.7747159814999804,2,. From the west he has borrowed all our material achievement and passed our ethical,2,. From the west he has borrowed all our material achievement and passed our ethical,weakness inherent in the brown man which will bring his adventure to naught,595.12,599.1400000000001
35,5,mic_fileid_35_doa24_3spk_5.wav,4.0,600.0,604.0,3,"22,26,127",1,26,0.023265244252849513,enhanced_fileid_35_chunk5_pred26_idx1_loudest.wav,24,2.0,0.07895849499982432,0.8390520769999057,0.91801057199973,0.2295026429999325,3.08198942800027,3.0441687020002064,4.0,604.0,604.0001237189999,0.00012371899993013358,0.5,1,1.0000002048327814,3.9621792739999364,0.01973962374995608,0.20976301924997642,0.7610421755000516,2,achievement by. [BLANK,2,achievement by. [BLANK,. From the west he has borrowed all our material achievement and passed our ethical,599.5400000000001,602.501
36,1,mic_fileid_36_doa24_3spk_1.wav,4.0,604.0,608.0,3,"24,205,281",2,281,0.07408796088950403,enhanced_fileid_36_chunk1_pred281_idx2_loudest.wav,269,12.0,0.07775639100009357,0.8061388779997287,0.8838952689998223,0.22097381724995557,3.1161047310001777,3.0809271470002386,4.0,608.0,608.0001477829996,0.0001477829996474611,0.5,1,1.0000002430641441,3.964822416000061,0.019439097750023393,0.20153471949993218,0.7702317867500597,1,The bridge opened on a rather far-off street,2,The bridge opened on a rather far-off street called St. Thomas' Street,,604.7,608.5200000000001
36,2,mic_fileid_36_doa24_3spk_2.wav,4.0,608.0,612.0,3,"24,204,287",2,287,0.0540106228973584,enhanced_fileid_36_chunk2_pred287_idx2_loudest.wav,269,18.0,0.07960426399995413,0.8349124610003855,0.9145167250003396,0.2286291812500849,3.0854832749996604,3.051436155000374,4.0,612.0,612.000092278,9.22780000109924e-05,0.5,1,1.0000001507810459,3.9659528800007138,0.019901065999988532,0.20872811525009638,0.7628590387500935,2,called St. Thomas' Street . He entered it. Here and,1,. He entered it. Here and,The bridge opened on a rather far-off street called St. Thomas' Street,609.0200000000001,611.1
36,3,mic_fileid_36_doa24_3spk_3.wav,4.0,612.0,616.0,3,"23,204,288",2,288,0.049682047855536926,enhanced_fileid_36_chunk3_pred288_idx2_loudest.wav,269,19.0,0.08276293200015061,0.8098019459998795,0.8925648780000301,0.22314121950000754,3.10743512199997,3.068690444999902,4.0,616.0,616.0001234909996,0.00012349099961284082,0.5,1,1.000000200472402,3.961255322999932,0.020690733000037653,0.20245048649996988,0.7671726112499755,2,there were high-tiered gables and shape-plants. He sent,2,there were high-tiered gables and shape-plants. He sent,. He entered it. Here and,611.26,615.1
36,4,mic_fileid_36_doa24_3spk_4.wav,4.0,616.0,620.0,3,"24,203,295",0,24,0.033055879465878506,enhanced_fileid_36_chunk4_pred24_idx0_loudest.wav,269,115.0,0.07126317099982771,0.8034817660000044,0.8747449369998321,0.21868623424995803,3.125255063000168,3.095277355000235,4.0,620.0,620.0001997139998,0.00019971399979112903,0.5,1,1.0000003221193545,3.970022292000067,0.017815792749956927,0.2008704415000011,0.7738193387500587,2,"Muki and the- His lands joined her fathers, had won",3,"Muki and the- His lands joined her fathers, had won the war.",there were high-tiered gables and shape-plants. He sent,615.38,619.4200000000001
37,1,mic_fileid_37_doa51_3spk_1.wav,4.0,620.0,624.0,3,"51,70,104",2,104,0.09672807711556672,enhanced_fileid_37_chunk1_pred104_idx2_loudest.wav,104,0.0,0.07494807500006573,0.8175787010000022,0.8925267760000679,0.22313169400001698,3.107473223999932,3.07190903000037,4.0,624.0,624.0001325539997,0.00013255399971967563,0.5,1,1.0000002124262817,3.964435806000438,0.018737018750016432,0.20439467525000055,0.7679772575000925,2,the war. And there was much comment on this evidence of a declining,2,And there was much comment on this evidence of a declining industry.,,620.24,624.12
37,2,mic_fileid_37_doa51_3spk_2.wav,4.0,624.0,628.0,3,"55,104,243",1,104,0.11867582284734311,enhanced_fileid_37_chunk2_pred104_idx1_loudest.wav,104,0.0,0.07853489400031322,0.7668904859997383,0.8454253800000515,0.21135634500001288,3.1545746199999485,3.1217818269997224,4.0,628.0,628.0001242629996,0.00012426299963408383,0.5,1,1.0000001978710185,3.967207206999774,0.019633723500078304,0.19172262149993458,0.7804454567499306,2,industry. It was not at once recognized that,1,It was not at once recognized that,And there was much comment on this evidence of a declining industry.,625.0600000000001,627.1400000000001
37,3,mic_fileid_37_doa51_3spk_3.wav,4.0,628.0,632.0,3,"49,89,103",2,103,0.09409179498299736,enhanced_fileid_37_chunk3_pred103_idx2_loudest.wav,104,1.0,0.08405579800000851,0.8458629639999344,0.9299187619999429,0.23247969049998574,3.070081238000057,3.0368109719997847,4.0,632.0,632.0001029369996,0.00010293699961039238,0.5,1,1.0000001628749995,3.9667297339997276,0.021013949500002127,0.2114657409999836,0.7592027429999462,2,there was embodied in horse flesh more horsepower,2,there was embodied in horse flesh more horsepower,It was not at once recognized that,627.46,630.48
37,4,mic_fileid_37_doa51_3spk_4.wav,4.0,632.0,636.0,3,"85,101,109",1,101,0.04216321126497249,enhanced_fileid_37_chunk4_pred101_idx1_loudest.wav,104,3.0,0.08583195200026239,0.7984703510001054,0.8843023030003678,0.22107557575009196,3.115697696999632,3.078877191999709,4.0,636.0,636.0000764179999,7.641799993507448e-05,0.5,1,1.000000120154088,3.9631794950000767,0.021457988000065598,0.19961758775002636,0.7697192979999272,1,than ever before.,1,than ever before.,there was embodied in horse flesh more horsepower,631.44,632.5600000000001
38,1,mic_fileid_38_doa1_3spk_1.wav,4.0,636.0,640.0,3,"3,56,81",0,3,0.06023682715796091,enhanced_fileid_38_chunk1_pred3_idx0_loudest.wav,1,2.0,0.07260347999999794,0.7982402970001203,0.8708437770001183,0.21771094425002957,3.1291562229998817,3.098210531999939,4.0,640.0,640.0000912369997,9.123699965130072e-05,0.5,1,1.000000142557812,3.9690543090000574,0.018150869999999486,0.19956007425003008,0.7745526329999848,2,What's your problem time there was an old little woman who,2,What's your problem time there was an old little woman who,,636.6,639.08
38,2,mic_fileid_38_doa1_3spk_2.wav,4.0,640.0,644.0,3,"2,59,80",0,2,0.08094294915299151,enhanced_fileid_38_chunk2_pred2_idx0_loudest.wav,1,1.0,0.07827259200030312,0.8327814530002797,0.9110540450005828,0.2277635112501457,3.088945954999417,3.050652820999858,4.0,644.0,644.0001255009997,0.00012550099972941098,0.5,1,1.0000001948773287,3.9617068660004406,0.01956814800007578,0.20819536325006993,0.7626632052499644,2,"had three sons. The first two were clever enough,",2,"had three sons. The first two were clever enough,",What's your problem time there was an old little woman who,639.24,643.1800000000001
38,3,mic_fileid_38_doa1_3spk_3.wav,4.0,644.0,648.0,3,"5,66,86",0,5,0.10155702781650965,enhanced_fileid_38_chunk3_pred5_idx0_loudest.wav,1,4.0,0.08178027199983262,0.8280247349998717,0.9098050069997043,0.2274512517499261,3.0901949930002957,3.057188791000044,4.0,648.0,648.0000980369996,9.803699958865764e-05,0.5,1,1.000000151291666,3.9669937979997485,0.020445067999958155,0.20700618374996793,0.764297197750011,2,"but the third, mobile by name , was a little better than the",3,"but the third, mobile by name , was a little better than the silly sample test.","had three sons. The first two were clever enough,",643.32,648.26
38,4,mic_fileid_38_doa1_3spk_4.wav,4.0,648.0,652.0,3,"1,68,249",0,1,0.07681107509347222,enhanced_fileid_38_chunk4_pred1_idx0_loudest.wav,1,0.0,0.07861402799971984,0.8068662549999317,0.8854802829996515,0.22137007074991288,3.1145197170003485,3.082230456000161,4.0,652.0,652.0001017159998,0.00010171599979003076,0.5,1,1.0000001560061347,3.9677107389998127,0.01965350699992996,0.20171656374998292,0.7705576140000403,2,silly sample test. All of his mother's folding and beatings,1,All of his mother's folding and beatings,"but the third, mobile by name , was a little better than the silly sample test.",649.3000000000001,651.12
38,5,mic_fileid_38_doa1_3spk_5.wav,4.0,652.0,656.0,3,"54,73,77",1,73,0.007996696996277712,enhanced_fileid_38_chunk5_pred73_idx1_loudest.wav,1,72.0,0.07990573200004292,0.7758147320000717,0.8557204640001146,0.21393011600002865,3.1442795359998854,3.112287004999871,4.0,656.0,656.0001077769998,0.0001077769998119038,0.5,1,1.0000001642942071,3.9680074689999856,0.01997643300001073,0.19395368300001792,0.7780717512499677,2,are alive. [BLANK,2,are alive. [BLANK,All of his mother's folding and beatings,652.0400000000001,654.001
39,1,mic_fileid_39_doa156_3spk_1.wav,4.0,656.0,660.0,3,"156,249,297",1,249,0.11078489155731455,enhanced_fileid_39_chunk1_pred249_idx1_loudest.wav,250,1.0,0.07995869700016556,0.81744340799969,0.8974021049998555,0.22435052624996388,3.1025978950001445,3.074137644000075,4.0,660.0,660.0001266419999,0.0001266419999410573,0.5,1,1.000000191881818,3.9715397489999305,0.01998967425004139,0.2043608519999225,0.7685344110000187,2,_AUDIO _AUDIO,2,_AUDIO _AUDIO,,656.7800000000001,658.94
39,2,mic_fileid_39_doa156_3spk_2.wav,4.0,660.0,664.0,3,"152,250,306",1,250,0.08411027120280264,enhanced_fileid_39_chunk2_pred250_idx1_loudest.wav,250,0.0,0.07571470999982921,0.8213190550000036,0.8970337649998328,0.2242584412499582,3.102966235000167,3.0675001179997707,4.0,664.0,664.0001086849998,0.00010868499975913437,0.5,1,1.0000001636822287,3.9645338829996035,0.018928677499957303,0.2053297637500009,0.7668750294999427,1,"stepped into the flooded water, inch by inch",1,"stepped into the flooded water, inch by inch",_AUDIO _AUDIO,659.72,662.86
39,3,mic_fileid_39_doa156_3spk_3.wav,4.0,664.0,668.0,3,"155,249,301",1,249,0.10913360469000437,enhanced_fileid_39_chunk3_pred249_idx1_loudest.wav,250,1.0,0.0704035839999051,0.8575247720000334,0.9279283559999385,0.23198208899998463,3.0720716440000615,3.0424777039997934,4.0,668.0,668.0001281649998,0.00012816499975087936,0.5,1,1.000000191863772,3.970406059999732,0.017600895999976274,0.21438119300000835,0.7606194259999484,2,", and foot by foot he fought his way across, now nearly swept off",2,", and foot by foot he fought his way across, now nearly swept off","stepped into the flooded water, inch by inch",663.62,667.0400000000001
39,4,mic_fileid_39_doa156_3spk_4.wav,4.0,668.0,672.0,3,"155,250,300",1,250,0.12816091775968017,enhanced_fileid_39_chunk4_pred250_idx1_loudest.wav,250,0.0,0.07326154299971677,0.8467913790000239,0.9200529219997406,0.23001323049993516,3.0799470780002594,3.050328934999925,4.0,672.0,672.0001370149998,0.00013701499983653775,0.5,1,1.000000203891369,3.9703818569996656,0.01831538574992919,0.21169784475000597,0.7625822337499812,2,his feet by some sudden swirl or eddy now narrowly escaping,2,his feet by some sudden swirl or eddy now narrowly escaping,", and foot by foot he fought his way across, now nearly swept off",667.22,670.6600000000001
40,1,mic_fileid_40_doa14_3spk_1.wav,4.0,672.0,676.0,3,"9,92,200",0,9,0.08857997361462593,enhanced_fileid_40_chunk1_pred9_idx0_loudest.wav,14,5.0,0.053907287000129145,0.9730893380001362,1.0269966250002653,0.25674915625006633,2.9730033749997347,2.840208457999779,4.0,676.0,676.0001335019997,0.00013350199969863752,0.5,1,1.0000001974881652,3.8672050830000444,0.013476821750032286,0.24327233450003405,0.7100521144999448,2,we advanced talking in that fashion,3,we advanced talking in that fashion and in high spirits,,671.44,676.2800000000001
40,2,mic_fileid_40_doa14_3spk_2.wav,4.0,676.0,680.0,3,"14,92,219",0,14,0.0949712536429352,enhanced_fileid_40_chunk2_pred14_idx0_loudest.wav,14,0.0,0.07885160000023461,0.8635702470000979,0.9424218470003325,0.23560546175008312,3.0575781529996675,3.0270342590001746,4.0,680.0,680.0001149359996,0.00011493599959067069,0.5,1,1.0000001690235287,3.969456106000507,0.019712900000058653,0.21589256175002447,0.7567585647500437,2,and in high spirits and congratulating ourselves,1,and congratulating ourselves,we advanced talking in that fashion and in high spirits,677.1,678.5
40,3,mic_fileid_40_doa14_3spk_3.wav,4.0,680.0,684.0,3,"9,91,190",0,9,0.09729511360468861,enhanced_fileid_40_chunk3_pred9_idx0_loudest.wav,14,5.0,0.07816501500019513,0.8694771880000189,0.9476422030002141,0.23691055075005352,3.052357796999786,3.0205650709999645,4.0,684.0,684.0001163029997,0.00011630299968601321,0.5,1,1.0000001700336252,3.9682072740001786,0.01954125375004878,0.21736929700000474,0.7551412677499911,2,and being shut off the transport and on breathing climb,2,and being shut off the transport and on breathing climb,and congratulating ourselves,679.2800000000001,683.1600000000001
40,4,mic_fileid_40_doa14_3spk_4.wav,4.0,684.0,688.0,3,"88,199,351",1,199,0.037602085246845655,enhanced_fileid_40_chunk4_pred199_idx1_loudest.wav,14,175.0,0.08138909299987063,0.8700336499996411,0.9514227429995117,0.23785568574987792,3.0485772570004883,3.01778652899975,4.0,688.0,688.000101698,0.00010169799998038798,0.5,1,1.0000001478168605,3.9692092719992615,0.020347273249967657,0.21750841249991026,0.7544466322499375,1,mountaineer. My Lord.,1,mountaineer. My Lord.,and being shut off the transport and on breathing climb,683.5600000000001,685.12
41,1,mic_fileid_41_doa86_3spk_1.wav,4.0,688.0,692.0,3,"113,236,265",0,113,0.09913187876374946,enhanced_fileid_41_chunk1_pred113_idx0_loudest.wav,116,3.0,0.07786208600009559,0.7960367309997309,0.8738988169998265,0.21847470424995663,3.1261011830001735,3.0959892099999706,4.0,692.0,692.000131067,0.0001310669999838865,0.5,1,1.0000001894031791,3.969888026999797,0.019465521500023897,0.19900918274993273,0.7739973024999927,2,We took rooms at a hotel at Medwarden where I was explaining the,2,We took rooms at a hotel at Medwarden where I was explaining the,,688.6,691.1600000000001
41,2,mic_fileid_41_doa86_3spk_2.wav,4.0,692.0,696.0,3,"112,236,265",0,112,0.09619043105807493,enhanced_fileid_41_chunk2_pred112_idx0_loudest.wav,116,4.0,0.07931890899999416,0.8045077930000843,0.8838267020000785,0.22095667550001963,3.1161732979999215,3.082668506999653,4.0,696.0,696.0001109099999,0.00011090999987573014,0.5,1,1.000000159353448,3.9664952089997314,0.01982972724999854,0.2011269482500211,0.7706671267499132,2,"error investigation might take some days . Next morning, instead of",2,"error investigation might take some days . Next morning, instead of",We took rooms at a hotel at Medwarden where I was explaining the,691.26,695.1
41,3,mic_fileid_41_doa86_3spk_3.wav,4.0,696.0,700.0,3,"114,235,266",0,114,0.05957580547337282,enhanced_fileid_41_chunk3_pred114_idx0_loudest.wav,116,2.0,0.07964304200004335,0.7782188890000725,0.8578619310001159,0.21446548275002897,3.142138068999884,3.1048069309999846,4.0,700.0,700.0000848499999,8.484999989377684e-05,0.5,1,1.0000001212142855,3.9626688620001005,0.019910760500010838,0.19455472225001813,0.7762017327499962,2,"going the wither as I had expected, he took me to the police court",2,"going the wither as I had expected, he took me to the police court","error investigation might take some days . Next morning, instead of",695.1600000000001,698.4200000000001
42,1,mic_fileid_42_doa76_3spk_1.wav,4.0,700.0,704.0,3,"77,224,321",0,77,0.06634508525816696,enhanced_fileid_42_chunk1_pred77_idx0_loudest.wav,76,1.0,0.04765596100014591,0.8283019660002537,0.8759579270003996,0.2189894817500999,3.1240420729996004,2.990666082000189,4.0,704.0,704.0001107159997,0.00011071599965362111,0.5,1,1.000000157267045,3.8666240090005886,0.011913990250036477,0.20707549150006344,0.7476665205000472,2,. How can earthly words describe it,2,. How can earthly words describe it,,699.32,703.0
42,2,mic_fileid_42_doa76_3spk_2.wav,4.0,704.0,708.0,3,"78,228,325",0,78,0.07029791185788113,enhanced_fileid_42_chunk2_pred78_idx0_loudest.wav,76,2.0,0.09457886900008816,0.7997214449997045,0.8943003139997927,0.22357507849994818,3.1056996860002073,3.0738903970000138,4.0,708.0,708.0001460249996,0.0001460249995943741,0.5,1,1.0000002062499995,3.9681907109998065,0.02364471725002204,0.19993036124992614,0.7684725992500034,2,". It touts ten feet at the shoulder, has",2,". It touts ten feet at the shoulder, has",. How can earthly words describe it,703.9000000000001,706.9200000000001
42,3,mic_fileid_42_doa76_3spk_3.wav,4.0,708.0,712.0,3,"76,226,325",0,76,0.06686328390815556,enhanced_fileid_42_chunk3_pred76_idx0_loudest.wav,76,0.0,0.07887326900026892,0.8496999160001906,0.9285731850004595,0.23214329625011487,3.0714268149995405,3.0389694330001475,4.0,712.0,712.000125646,0.00012564600001496729,0.5,1,1.000000176469101,3.967542618000607,0.01971831725006723,0.21242497900004764,0.7597423582500369,2,"four legs on either side , a broad, flat tail",2,"four legs on either side , a broad, flat tail",". It touts ten feet at the shoulder, has",707.3000000000001,711.1800000000001
42,4,mic_fileid_42_doa76_3spk_4.wav,4.0,712.0,716.0,3,"75,224,322",0,75,0.0430163851999154,enhanced_fileid_42_chunk4_pred75_idx0_loudest.wav,76,1.0,0.08721409300005689,0.8514121640000667,0.9386262570001236,0.2346565642500309,3.0613737429998764,3.0274314900002537,4.0,716.0,716.0001280389997,0.0001280389997191378,0.5,1,1.0000001788254187,3.9660577470003773,0.021803523250014223,0.21285304100001667,0.7568578725000634,2,", larger at the tip than at the root, and which it",3,", larger at the tip than at the root, and which it held.","four legs on either side , a broad, flat tail",712.0200000000001,716.1
42,5,mic_fileid_42_doa76_3spk_5.wav,4.0,716.0,720.0,3,"201,269,278",0,201,0.0008840278164492626,enhanced_fileid_42_chunk5_pred201_idx0_loudest.wav,76,125.0,0.07625390499970308,1.0662814990000697,1.1425354039997728,0.2856338509999432,2.857464596000227,2.818433903999903,4.0,720.0,720.0001082849999,0.00010828499989656848,0.5,1,1.0000001503958331,3.960969307999676,0.01906347624992577,0.26657037475001744,0.7046084759999758,1,held.,0,,", larger at the tip than at the root, and which it held.",,
43,1,mic_fileid_43_doa44_3spk_1.wav,4.0,720.0,724.0,3,"44,106,272",2,272,0.09471811618490113,enhanced_fileid_43_chunk1_pred272_idx2_loudest.wav,273,1.0,0.07367358500005139,0.9058928229997036,0.979566407999755,0.24489160199993876,3.020433592000245,2.984832992000065,4.0,724.0,724.0001032739997,0.00010327399968446116,0.5,1,1.000000142643646,3.96439939999982,0.018418396250012847,0.2264732057499259,0.7462082480000163,2,"Oh dad, oh daddy whispered don't you realize",2,"Oh dad, oh daddy whispered don't you realize",,720.3000000000001,723.0400000000001
43,2,mic_fileid_43_doa44_3spk_2.wav,4.0,724.0,728.0,3,"45,97,274",2,274,0.08170939335847456,enhanced_fileid_43_chunk2_pred274_idx2_loudest.wav,273,1.0,0.08634444299968891,0.8338896079999358,0.9202340509996247,0.23005851274990619,3.0797659490003753,3.0468695819999994,4.0,728.0,728.000105439,0.00010543899998083361,0.5,1,1.0000001448337912,3.967103632999624,0.021586110749922227,0.20847240199998396,0.7617173954999998,2,that I love you and would give my life to save you from unhappiness? Won't you,2,that I love you and would give my life to save you from unhappiness? Won't you,"Oh dad, oh daddy whispered don't you realize",723.32,727.1400000000001
43,3,mic_fileid_43_doa44_3spk_3.wav,4.0,728.0,732.0,3,"43,103,272",2,272,0.07302729974555268,enhanced_fileid_43_chunk3_pred272_idx2_loudest.wav,273,1.0,0.08480176800003392,0.8572235569999975,0.9420253250000314,0.23550633125000786,3.0579746749999686,3.0266731629999413,4.0,732.0,732.0001134649997,0.00011346499968567514,0.5,1,1.0000001550068303,3.9686984879999727,0.02120044200000848,0.21430588924999938,0.7566682907499853,2,"tell me everything please? No, no, no, she murmured with",2,"tell me everything please? No, no, no, she murmured with",that I love you and would give my life to save you from unhappiness? Won't you,727.34,731.1
43,4,mic_fileid_43_doa44_3spk_4.wav,4.0,732.0,736.0,3,"45,99,273",2,273,0.048098269934567305,enhanced_fileid_43_chunk4_pred273_idx2_loudest.wav,273,0.0,0.07137127799978771,0.8770436260001588,0.9484149039999465,0.23710372599998664,3.0515850960000535,3.0181629100002283,4.0,736.0,736.0001018479998,0.00010184799975831993,0.5,1,1.0000001383804344,3.966577814000175,0.017842819499946927,0.2192609065000397,0.7545407275000571,2,a little catch in her voice. Please don 't ask me.,2,a little catch in her voice. Please don 't ask me.,"tell me everything please? No, no, no, she murmured with",731.26,733.9200000000001
44,1,mic_fileid_44_doa184_3spk_1.wav,4.0,736.0,740.0,3,"200,257,318",1,257,0.0477031808626194,enhanced_fileid_44_chunk1_pred257_idx1_loudest.wav,215,42.0,0.07801638799992361,0.8405929810000998,0.9186093690000234,0.22965234225000586,3.0813906309999766,3.043046807999872,4.0,740.0,740.0001022929996,0.00010229299959974014,0.5,1,1.0000001382337833,3.9616561769998953,0.019504096999980902,0.21014824525002496,0.760761701999968,2,The place was so plain after the comparative luxury,2,The place was so plain after the comparative luxury,,736.32,738.6400000000001
44,2,mic_fileid_44_doa184_3spk_2.wav,4.0,740.0,744.0,3,"186,215,258",1,215,0.08753210063527014,enhanced_fileid_44_chunk2_pred215_idx1_loudest.wav,215,0.0,0.08027101499965283,0.8083907029999864,0.8886617179996392,0.2221654294999098,3.1113382820003608,3.0746970209997926,4.0,744.0,744.0001417899998,0.00014178999981595553,0.5,1,1.0000001905779567,3.963358738999432,0.02006775374991321,0.2020976757499966,0.7686742552499481,2,of Elmhurst. I too have sigh ed. I too,3,of Elmhurst. I too have sigh ed. I too have had a moonlight soul,The place was so plain after the comparative luxury,739.2,744.36
44,3,mic_fileid_44_doa184_3spk_3.wav,4.0,744.0,748.0,3,"185,213,257",1,213,0.07117639497104349,enhanced_fileid_44_chunk3_pred213_idx1_loudest.wav,215,2.0,0.07370098900037192,0.8311081179999746,0.9048091070003466,0.22620227675008664,3.0951908929996534,3.0557546959998945,4.0,748.0,748.0001296749997,0.00012967499969818164,0.5,1,1.000000173362299,3.960563803000241,0.01842524725009298,0.20777702949999366,0.7639386739999736,2,"have had a moonlight soul . Love is a child, 6,",1,". Love is a child, 6,",of Elmhurst. I too have sigh ed. I too have had a moonlight soul,745.5600000000001,747.08
44,4,mic_fileid_44_doa184_3spk_4.wav,4.0,748.0,752.0,3,"184,213,258",1,213,0.07141061623053366,enhanced_fileid_44_chunk4_pred213_idx1_loudest.wav,215,2.0,0.07356474200014418,0.8421892629999093,0.9157540050000534,0.22893850125001336,3.0842459949999466,3.0207613800002946,4.0,752.0,752.0001275739996,0.00012757399963447824,0.5,1,1.0000001696462761,3.936515385000348,0.018391185500036045,0.21054731574997732,0.7551903450000736,2,000 years old. Love has the right to a long white beard,3,000 years old. Love has the right to a long white beard .,". Love is a child, 6,",747.1800000000001,750.961
45,1,mic_fileid_45_doa62_3spk_1.wav,4.0,752.0,756.0,3,"201,244,283",2,283,0.05665081673388957,enhanced_fileid_45_chunk1_pred283_idx2_loudest.wav,278,5.0,0.07576741000002585,0.8401052029998937,0.9158726129999195,0.22896815324997988,3.0841273870000805,2.8947933790000206,4.0,756.0,756.0001155799996,0.00011557999960132292,0.5,1,1.0000001528835973,3.81066599199994,0.018941852500006462,0.21002630074997342,0.7236983447500052,2,. One lady had a fright for the wind-blue,1,One lady had a fright for the wind-blue,,752.3000000000001,755.0400000000001
45,2,mic_fileid_45_doa62_3spk_2.wav,4.0,756.0,760.0,3,"201,244,280",2,280,0.058624893893203654,enhanced_fileid_45_chunk2_pred280_idx2_loudest.wav,278,2.0,0.07684045099995274,0.8606555970000045,0.9374960479999572,0.2343740119999893,3.0625039520000428,3.0300428539999302,4.0,760.0,760.0001237929996,0.00012379299960230128,0.5,1,1.0000001628855257,3.9675389019998875,0.019210112749988184,0.21516389925000112,0.7575107134999826,2,that ended her shawl within reach of the tiger's great flaw,2,that ended her shawl within reach of the tiger's great flaw,One lady had a fright for the wind-blue,755.46,758.76
45,3,mic_fileid_45_doa62_3spk_3.wav,4.0,760.0,764.0,3,"63,210,284",2,284,0.08017211843420445,enhanced_fileid_45_chunk3_pred284_idx2_loudest.wav,278,6.0,0.07814771299990753,0.82381812299991,0.9019658359998175,0.22549145899995438,3.0980341640001825,3.0645384569997987,4.0,764.0,764.0001093259998,0.00010932599980151281,0.5,1,1.0000001430968584,3.966504292999616,0.01953692824997688,0.2059545307499775,0.7661346142499497,2,", and he clutched it trying to drag her near her. The shawl",2,", and he clutched it trying to drag her near her. The shawl",that ended her shawl within reach of the tiger's great flaw,759.58,763.1800000000001
45,4,mic_fileid_45_doa62_3spk_4.wav,4.0,764.0,768.0,3,"201,241,287",2,287,0.04389184428428603,enhanced_fileid_45_chunk4_pred287_idx2_loudest.wav,278,9.0,0.07346250499995222,0.8014765249999982,0.8749390299999504,0.2187347574999876,3.1250609700000496,3.094058994000079,4.0,768.0,768.0000979879997,9.798799965210492e-05,0.5,1,1.0000001275885413,3.9689980240000295,0.018365626249988054,0.20036913124999955,0.7735147485000198,2,came off and the poor lady ran away screaming.,2,came off and the poor lady ran away screaming.,", and he clutched it trying to drag her near her. The shawl",763.36,766.96
46,1,mic_fileid_46_doa151_3spk_1.wav,4.0,768.0,772.0,3,"149,188,321",1,188,0.08701578719068548,enhanced_fileid_46_chunk1_pred188_idx1_loudest.wav,189,1.0,0.07804452700020192,0.9558971490000658,1.0339416760002678,0.25848541900006694,2.9660583239997322,2.933624065999993,4.0,772.0,772.0001162459998,0.0001162459998340637,0.5,1,1.00000015057772,3.967565742000261,0.01951113175005048,0.23897428725001646,0.7334060164999983,2,You'll see the English est looking English one you ever,2,You'll see the English est looking English one you ever,,768.22,771.0600000000001
46,2,mic_fileid_46_doa151_3spk_2.wav,4.0,772.0,776.0,3,"148,188,321",1,188,0.10169247657257215,enhanced_fileid_46_chunk2_pred188_idx1_loudest.wav,189,1.0,0.07958013300003586,0.8359153700002935,0.9154955030003293,0.22887387575008233,3.0845044969996707,3.050632830000268,4.0,776.0,776.0001071059996,0.00010710599963204004,0.5,1,1.0000001380231953,3.966128333000597,0.019895033250008964,0.20897884250007337,0.762658207500067,2,set eyes on outside the pages of punch trying to tear my old,2,set eyes on outside the pages of punch trying to tear my old,You'll see the English est looking English one you ever,771.2800000000001,775.0600000000001
46,3,mic_fileid_46_doa151_3spk_3.wav,4.0,776.0,780.0,3,"146,188,321",1,188,0.08115237707698973,enhanced_fileid_46_chunk3_pred188_idx1_loudest.wav,189,1.0,0.08256469200023275,0.8570940889999292,0.939658781000162,0.2349146952500405,3.060341218999838,3.0284993459999896,4.0,780.0,780.000115713,0.00011571300001378404,0.5,1,1.00000014835,3.9681581270001516,0.02064117300005819,0.2142735222499823,0.7571248364999974,2,fashioned doorbell out by the roots . That's your,3,fashioned doorbell out by the roots . That's your best makeup. In a coliseum,set eyes on outside the pages of punch trying to tear my old,775.36,780.7
46,4,mic_fileid_46_doa151_3spk_4.wav,4.0,780.0,784.0,3,"57,151,188",1,151,0.0564368649627393,enhanced_fileid_46_chunk4_pred151_idx1_loudest.wav,189,38.0,0.07845218600004955,0.8277014179998332,0.9061536039998828,0.2265384009999707,3.0938463960001172,3.059771913000077,4.0,784.0,784.0000883869998,8.838699977786746e-05,0.5,1,1.00000011273852,3.9659255169999597,0.019613046500012388,0.2069253544999583,0.7649429782500192,2,"best makeup. In a coliseum , it is the same thing.",1,", it is the same thing.",fashioned doorbell out by the roots . That's your best makeup. In a coliseum,781.3000000000001,782.6800000000001
47,1,mic_fileid_47_doa63_3spk_1.wav,4.0,784.0,788.0,3,"105,188,239",0,105,0.08279574270100147,enhanced_fileid_47_chunk1_pred105_idx0_loudest.wav,104,1.0,0.07141415699970821,0.7598007999999936,0.8312149569997018,0.20780373924992546,3.168785043000298,3.1351534220002577,4.0,788.0,788.0001366659999,0.00013666599988937378,0.5,1,1.00000017343401,3.9663683789999595,0.017853539249927053,0.1899501999999984,0.7837883555000644,2,"At first, in your different animal shapes. Since that time",2,"At first, in your different animal shapes. Since that time",,784.1,786.88
47,2,mic_fileid_47_doa63_3spk_2.wav,4.0,788.0,792.0,3,"103,189,241",0,103,0.07991470395141753,enhanced_fileid_47_chunk2_pred103_idx0_loudest.wav,104,1.0,0.07934142800013433,0.829561886999727,0.9089033149998613,0.22722582874996533,3.0910966850001387,3.0541840279997814,4.0,792.0,792.0001053829997,0.00010538299966356135,0.5,1,1.000000133059343,3.9630873429996427,0.019835357000033582,0.20739047174993175,0.7635460069999453,2,", partly from habit and partly to amuse ourselves , we have continued to transform ourselves",2,", partly from habit and partly to amuse ourselves , we have continued to transform ourselves","At first, in your different animal shapes. Since that time",787.26,790.9200000000001
47,3,mic_fileid_47_doa63_3spk_3.wav,4.0,792.0,796.0,3,"103,189,243",0,103,0.09750372702937374,enhanced_fileid_47_chunk3_pred103_idx0_loudest.wav,104,1.0,0.08037812700013092,0.7987808419998146,0.8791589689999455,0.21978974224998638,3.1208410310000545,3.089086844999656,4.0,796.0,796.0001147979997,0.00011479799968583393,0.5,1,1.0000001442185926,3.9682458139996015,0.02009453175003273,0.19969521049995365,0.772271711249914,2,. And it was in this way that I got to know you. How exclaimed Jacob,2,. And it was in this way that I got to know you. How exclaimed Jacob,", partly from habit and partly to amuse ourselves , we have continued to transform ourselves",791.84,795.0600000000001
47,4,mic_fileid_47_doa63_3spk_4.wav,4.0,796.0,800.0,3,"88,134,190",2,190,0.03278921902392177,enhanced_fileid_47_chunk4_pred190_idx2_loudest.wav,104,86.0,0.07721133999984886,0.7918694879999748,0.8690808279998237,0.21727020699995592,3.1309191720001763,3.0939084919996276,4.0,800.0,800.0001041779997,0.00010417799967399333,0.5,1,1.0000001302224997,3.9629893199994513,0.019302834999962215,0.1979673719999937,0.7734771229999069,2,"filled with his thoughts. Next, the ballast tanks",3,"filled with his thoughts. Next, the ballast tanks . Apply to her work",. And it was in this way that I got to know you. How exclaimed Jacob,795.5200000000001,800.98
48,1,mic_fileid_48_doa191_3spk_1.wav,4.0,800.0,804.0,3,"192,227,295",1,227,0.07899783502922289,enhanced_fileid_48_chunk1_pred227_idx1_loudest.wav,227,0.0,0.08088435599984223,0.8212044039996726,0.9020887599995149,0.22552218999987872,3.097911240000485,3.0632476420000785,4.0,804.0,804.0000902389997,9.023899974636151e-05,0.5,1,1.000000112237562,3.9653364019995934,0.020221088999960557,0.20530110099991816,0.7658119105000196,2,". Apply to her work , but after a few",1,", but after a few",,802.0200000000001,803.0600000000001
48,2,mic_fileid_48_doa191_3spk_2.wav,4.0,804.0,808.0,3,"192,226,296",1,226,0.08911359706938028,enhanced_fileid_48_chunk2_pred226_idx1_loudest.wav,227,1.0,0.09548536200009039,0.800752913999986,0.8962382760000764,0.2240595690000191,3.1037617239999236,3.032491227999799,4.0,808.0,808.000145944,0.0001459439999962342,0.5,1,1.0000001806237624,3.9287295039998753,0.023871340500022598,0.2001882284999965,0.7581228069999497,2,"minutes, sunk again without knowing it yourself, into Langer",2,"minutes, sunk again without knowing it yourself, into Langer",", but after a few",803.2800000000001,807.1
48,3,mic_fileid_48_doa191_3spk_3.wav,4.0,808.0,812.0,3,"192,227,297",1,227,0.08860841773499473,enhanced_fileid_48_chunk3_pred227_idx1_loudest.wav,227,0.0,0.08379764999972394,0.8406486559997575,0.9244463059994814,0.23111157649987035,3.0755536940005186,3.0398346329998276,4.0,812.0,812.0001167389996,0.00011673899962261203,0.5,1,1.000000143767241,3.964280938999309,0.020949412499930986,0.21016216399993937,0.7599586582499569,2,"Endlesslessness, moving herself in her chair from the irritation",2,"Endlesslessness, moving herself in her chair from the irritation","minutes, sunk again without knowing it yourself, into Langer",807.34,810.96
48,4,mic_fileid_48_doa191_3spk_4.wav,4.0,812.0,816.0,3,"228,231,289",1,231,0.055251446450147255,enhanced_fileid_48_chunk4_pred231_idx1_loudest.wav,227,4.0,0.07634278600016842,0.7952746419996402,0.8716174279998086,0.21790435699995214,3.1283825720001914,3.096149258999958,4.0,816.0,816.0000898419999,8.984199985206942e-05,0.5,1,1.00000011010049,3.9677666869997665,0.019085696500042104,0.19881866049991004,0.7740373147499895,2,of weariness much often er than she moved her needle.,3,of weariness much often er than she moved her needle. you,"Endlesslessness, moving herself in her chair from the irritation",811.5200000000001,815.9010000000001
48,5,mic_fileid_48_doa191_3spk_5.wav,4.0,816.0,820.0,3,"224,227,239",1,227,3.994568825604074e-06,enhanced_fileid_48_chunk5_pred227_idx1_loudest.wav,227,0.0,0.06988061299989567,0.9421112439999888,1.0119918569998845,0.2529979642499711,2.9880081430001155,2.9349154980000094,4.0,820.0,820.0001081279997,0.00010812799973791698,0.5,1,1.0000001318634144,3.946907354999894,0.01747015324997392,0.2355278109999972,0.7337288745000023,1,you,0,,of weariness much often er than she moved her needle. you,,
49,1,mic_fileid_49_doa63_3spk_1.wav,4.0,820.0,824.0,3,"208,240,335",2,335,0.05267101322787471,enhanced_fileid_49_chunk1_pred335_idx2_loudest.wav,63,88.0,0.07923907399981545,0.8286773740001081,0.9079164479999235,0.2269791119999809,3.0920835520000765,3.0422074690000045,4.0,824.0,824.0000799539998,7.99539998297405e-05,0.5,1,1.0000000970315532,3.950123916999928,0.01980976849995386,0.20716934350002703,0.7605518672500011,2,in Lyconia was a cave among dark,2,in Lyconia was a cave among dark,,820.5400000000001,822.86
49,2,mic_fileid_49_doa63_3spk_2.wav,4.0,824.0,828.0,3,"207,241,336",0,207,0.05786694069939141,enhanced_fileid_49_chunk2_pred207_idx0_loudest.wav,63,144.0,0.08789645500019105,0.8418594640002084,0.9297559190003994,0.23243897975009986,3.0702440809996006,3.0404290719998244,4.0,828.0,828.0000909149999,9.091499987334828e-05,0.5,1,1.0000001098007245,3.970184991000224,0.021974113750047763,0.2104648660000521,0.7601072679999561,2,and gloomy robin from himself for something from himself,2,and gloomy robin from himself for something from himself,in Lyconia was a cave among dark,823.26,827.08
49,3,mic_fileid_49_doa63_3spk_3.wav,4.0,828.0,832.0,3,"61,221,335",0,61,0.10215566853643025,enhanced_fileid_49_chunk3_pred61_idx0_loudest.wav,63,2.0,0.0748615519996747,0.8279807359999722,0.9028422879996469,0.22571057199991174,3.097157712000353,3.0668000890000258,4.0,832.0,832.0001143729996,0.0001143729996329057,0.5,1,1.0000001374675476,3.9696423769996727,0.018715387999918676,0.20699518399999306,0.7667000222500064,2,. The savant discovers and formulates it,2,. The savant discovers and formulates it,and gloomy robin from himself for something from himself,828.38,830.74
49,4,mic_fileid_49_doa63_3spk_4.wav,4.0,832.0,836.0,3,"63,212,335",0,63,0.06774362563460604,enhanced_fileid_49_chunk4_pred63_idx0_loudest.wav,63,0.0,0.0792695600002844,0.849337837999883,0.9286073980001674,0.23215184950004186,3.0713926019998326,3.032734496000103,4.0,836.0,836.0001553399998,0.00015533999976469204,0.5,1,1.000000185813397,3.9613418940002703,0.0198173900000711,0.21233445949997076,0.7581836240000257,2,". But in fact, the law. (laughs)",2,". But in fact, the law. (laughs)",. The savant discovers and formulates it,831.46,833.601
