fileid,mic_file,method,speaker_id,duration_sec,gt_doa,mic_channel,sepformer_source,separated_source_index,oracle_match_si_sdr,enhanced_file,gt_text_file,wer,edit_distance,ref_words,input_sdr,sdr,sdr_i,input_si_sdr,si_sdr,si_sdr_i,input_wb_pesq,wb_pesq,wb_pesq_i,reference,hypothesis,sepformer_sec,whisper_sec,metrics_sec,total_sec,sepformer_rtf,whisper_rtf,metrics_rtf,total_rtf,under_realtime
0,mic_fileid_0_doa73_3spk.wav,SepFormer-sepformer-libri3mix,1,17.622,73,1,speechbrain/sepformer-libri3mix,0,3.2258870063943004,,text_fileid_0_doa73_spk1.txt,0.34210526315789475,13,38,4.8832173347473145,6.704563617706299,1.8213462829589844,4.86379861831665,3.243579387664795,-1.6202192306518555,1.3355612754821777,1.4452768564224243,0.10971558094024658,BUT BEFORE HIS ARRIVAL LIFE WAS EXTINCT THE COUNT IS INSANE WITH GRIEF MORE ESPECIALLY BECAUSE THE MAID DISCOVERED THAT HER LADYSHIP HAD LEFT A LETTER TO SOME MAN SHE CALLS DICK TELLING HIM THAT SHE LOVED HIM,"But the knowledge arrived on the last extinct. The count is insane with grief, or especially because the maid discovered that her ladyship had left a letter to some man she calls Dick, telling him that she loved him. What did he say? Ask Grail.",1.1541687680000905,1.3761877730012202,0.6130024730009609,3.1433590140022716,0.06549590103280505,0.07809486851669618,0.03478620321194875,0.17837697276144998,1
1,mic_fileid_1_doa82_3spk.wav,SepFormer-sepformer-libri3mix,1,16.681375,187,1,speechbrain/sepformer-libri3mix,2,9.1669883814273,,text_fileid_1_doa187_spk1.txt,0.1875,6,32,4.6262102127075195,9.79931926727295,5.17310905456543,4.592447757720947,9.17028522491455,4.5778374671936035,1.2753520011901855,1.855650782585144,0.5802987813949585,BUT THE PRECAUTIONS WHICH HAVE BEEN SO HAPPILY CONCERTED IN THE SYSTEM UNDER CONSIDERATION PROMISE AN EFFECTUAL SECURITY AGAINST THIS MISCHIEF THE CHOICE OF SEVERAL TO FORM AN INTERMEDIATE BODY OF ELECTORS,but the precautions which have been so happily concerted in the system of consideration promised to effectual security against this mystery. The choice of several perform an intermediate body of electors.,0.41223827000067104,0.3585314819993073,0.24351251000007323,1.0142822620000516,0.02471248742988339,0.021492921416808104,0.014597867981510712,0.06080327682820221,1
2,mic_fileid_2_doa36_3spk.wav,SepFormer-sepformer-libri3mix,1,17.43025,36,1,speechbrain/sepformer-libri3mix,2,10.917075316018456,,text_fileid_2_doa36_spk1.txt,0.36585365853658536,15,41,5.0097336769104,11.704967498779297,6.6952338218688965,5.002055644989014,10.917025566101074,5.9149699211120605,1.2396373748779297,1.7496110200881958,0.5099736452102661,OR WASHING OR CHURNING DAYS HER LIFE WAS QUIET AND MONOTONOUS ALTHOUGH HARD WORKING AND WHILE HER HANDS MECHANICALLY FOUND AND DID THEIR ACCUSTOMED LABOUR THE THOUGHTS THAT ROSE IN HER HEAD ALWAYS CENTRED ON CHARLEY KINRAID HIS WAYS HIS WORDS,"or washing fortunes. Her life was quiet and monotonous, although hardworking, and while her hands mechanically bound and did the repussing labor, the thoughts that rose in her hands were recentered on Charlie's home grave. His ways, his words.",0.5871124409986805,0.6040598729996418,0.3669489519998024,1.5581212659981247,0.03368353529058278,0.03465583528633506,0.021052420475885448,0.0893917910528033,1
3,mic_fileid_3_doa39_3spk.wav,SepFormer-sepformer-libri3mix,1,14.798375,39,1,speechbrain/sepformer-libri3mix,0,13.359751518391384,,text_fileid_3_doa39_spk1.txt,0.3235294117647059,11,34,4.865467071533203,14.312697410583496,9.447230339050293,4.855953216552734,13.359732627868652,8.503779411315918,1.2316536903381348,2.149622678756714,0.9179689884185791,WHICH TAKES OVER THE USUAL STREAM OF CONSCIOUSNESS TYPE OF THINKING IT IS IMPLIED THAT THE PROCESS MAY BE ATAVISTIC ONE OF THE NEWER THEORIES ONE HELD BY DOCTOR LEWIS R WOLBERG A PSYCHOANALYST,"which takes over the usual stream of consciousness type of thinking. It is implied that the process may be out of this thing. What if a newer theory, one held by Dr. Louis R. Wolver, a psychoanalyst.",0.47064778300045873,0.48175022499890474,0.25772315399990475,1.2101211619992682,0.031804017873615094,0.032554265248644174,0.017415638811687416,0.08177392193394668,1
4,mic_fileid_4_doa26_3spk.wav,SepFormer-sepformer-libri3mix,1,15.334625,26,1,speechbrain/sepformer-libri3mix,1,5.014828159621096,,text_fileid_4_doa26_spk1.txt,0.25,8,32,3.8145864009857178,6.680703163146973,2.866116762161255,3.7973413467407227,5.014773368835449,1.2174320220947266,1.250014066696167,1.3984633684158325,0.14844930171966553,THE PUBLICATION IF MADE AT ALL SHOULD BE EFFECTED AS SOON AS POSSIBLE AFTER MY DEATH MY FATHER DIED ON THE SIXTH OF DECEMBER EIGHTEEN EIGHTY TWO IT WILL BE SEEN THEREFORE,"The publication, if made at all, should be affected as soon as possible after my death. My father died on the 6th of December, 1882. It will be seen in the court.",0.48226564899960067,0.46870635300001595,0.26118526099890005,1.2121572629985167,0.03144945826843504,0.030565230841968157,0.017032386576059086,0.07904707568646228,1
5,mic_fileid_5_doa60_3spk.wav,SepFormer-sepformer-libri3mix,1,15.43125,338,1,speechbrain/sepformer-libri3mix,0,4.863212872262529,,text_fileid_5_doa338_spk1.txt,0.48717948717948717,19,39,4.235630512237549,6.8891377449035645,2.6535072326660156,4.225747108459473,4.857591152191162,0.6318440437316895,1.1749225854873657,1.252074122428894,0.07715153694152832,HOW TRUE WHEN ONE HAS THE HONOR OF BEING AN EXPERT AS MASTER IS ONE MUSTN'T LAY HIMSELF OPEN TO CONSEIL DIDN'T HAVE TIME TO COMPLETE THE COMPLIMENT IN THE MIDST OF THE GENERAL SILENCE A VOICE BECAME AUDIBLE,"How true. When one has the honor of being experts masters, one must play insult open to. How say you didn't have time to complete the rule of mind? And then midst of the general silence of voice being awful.",0.49679401600042183,0.5043919409999944,0.2893146529986552,1.2905006099990715,0.03219402290808728,0.03268639552855371,0.018748620688450724,0.0836290391250917,1
6,mic_fileid_6_doa30_3spk.wav,SepFormer-sepformer-libri3mix,1,15.101125,140,1,speechbrain/sepformer-libri3mix,1,8.423062769400993,,text_fileid_6_doa140_spk1.txt,0.5135135135135135,19,37,3.961557626724243,10.19237995147705,6.230822324752808,3.953115940093994,8.42111873626709,4.468002796173096,1.213527798652649,1.3640522956848145,0.15052449703216553,HE WORE A BLOUSE AND UNDER HIS BLOUSE AN OLD BLACK COAT HE MADE PRETENSIONS TO LITERATURE AND TO MATERIALISM THERE WERE CERTAIN NAMES WHICH HE OFTEN PRONOUNCED TO SUPPORT WHATEVER THINGS HE MIGHT BE SAYING VOLTAIRE,"Even with bottles and under his bottles and a bowl of black coat, they made for reference the literature and the materials. There were several names which were often pronounced to support whatever things she might be selling. Voltaire.",0.49356827900010103,0.525613693998821,0.29341338599988376,1.3125953589988058,0.0326842059118179,0.034806260725530114,0.019429902474145718,0.08692036911149373,1
7,mic_fileid_7_doa57_3spk.wav,SepFormer-sepformer-libri3mix,1,13.9115,57,1,speechbrain/sepformer-libri3mix,1,6.483984956133831,,text_fileid_7_doa57_spk1.txt,0.34782608695652173,8,23,2.229769468307495,7.979200839996338,5.749431371688843,2.2040748596191406,6.973643779754639,4.769568920135498,1.1526575088500977,1.576842188835144,0.4241846799850464,THOSE BULLET HOLES IN THE BACK OF THE CAR WERE FIRED FROM ABOVE AND BEHIND THE MACHINE THEY SLANTED DOWN BUT NOT SIDEWISE,"Those gold-tall people in the back of the car fired from the clouds and hired the machines. They slanted down, but not side-to-side.",0.4644813550003164,0.3817605090007419,0.23248884799977532,1.0787307120008336,0.03338830140533489,0.027442080940282634,0.016711989936367418,0.07754237228198495,1
8,mic_fileid_8_doa80_3spk.wav,SepFormer-sepformer-libri3mix,1,17.153125,333,1,speechbrain/sepformer-libri3mix,1,10.645370996363926,,text_fileid_8_doa333_spk1.txt,0.16363636363636364,9,55,5.1611785888671875,11.052127838134766,5.890949249267578,5.142127990722656,10.572959899902344,5.4308319091796875,1.2348089218139648,2.3352723121643066,1.1004633903503418,THEY WANTED TO LEARN THE GAME AT TWO O'CLOCK THE CAPTAIN ASKED THE MATE HOW WE WERE GETTING ON OH PRETTY GLIBLY SIR REPLIED THE MATE WE CAN SCARCELY TELL WHAT HEADWAY WE ARE MAKING FOR WE ARE OBLIGED TO KEEP THE MIDDLE OF THE RIVER AND THERE IS THE SHADOW OF A FOG RISING,"and wanted to learn the game. At two o'clock, the captain asked the mate how he was getting on. Oh, pretty quick, sir, replied the mate. He can scarcely tell what headway we are making, or rear of lives to keep the middle of the river, and there is the shadow of a fog rising.",0.6073235629992269,0.7699529490000714,0.3498757260003913,1.7271522379996895,0.03540600112219942,0.04488703656039768,0.020397200276940284,0.10069023795953738,1
9,mic_fileid_9_doa85_3spk.wav,SepFormer-sepformer-libri3mix,1,16.73125,314,1,speechbrain/sepformer-libri3mix,1,9.716495164779705,,text_fileid_9_doa314_spk1.txt,0.358974358974359,14,39,4.034686088562012,11.122966766357422,7.08828067779541,4.0257954597473145,9.730131149291992,5.704335689544678,1.1800642013549805,1.6979879140853882,0.5179237127304077,THE DEAF GENTLEMAN SUBMITTED WHY DID YOU INVITE YOURSELF BECAUSE A TEA PARTY IS NOT COMPLETE WITHOUT A WOMAN HER MANNER WAS AS STRANGELY ALTERED AS HER LOOKS THAT SHE WAS BESIDE HERSELF FOR THE MOMENT I CLEARLY SAW,The next gentleman submitted. Why did you invite yourself? Because a tea party is not complete without a command. Commander was an estranged re-altered at her looks. The choose to find herself at a moment I clearly saw.,0.589246016999823,0.49556417600069835,0.2697563469992019,1.3545665399997233,0.035218290145674895,0.029619076638069383,0.016122904564763656,0.08096027134850793,1
10,mic_fileid_10_doa3_3spk.wav,SepFormer-sepformer-libri3mix,1,15.430875,3,1,speechbrain/sepformer-libri3mix,2,10.649960805241356,,text_fileid_10_doa3_spk1.txt,0.13333333333333333,6,45,6.595269680023193,10.994741439819336,4.399471759796143,6.582216739654541,10.628825187683105,4.0466084480285645,1.1794668436050415,1.6814931631088257,0.5020263195037842,HERE HE SAW CLIENTS WHEN MISTER CARLYLE WAS OUT OR ENGAGED AND HERE HE ISSUED PRIVATE ORDERS A LITTLE WINDOW NOT LARGER THAN A PANE OF GLASS LOOKED OUT FROM THE CLERK'S OFFICE THEY CALLED IT OLD DILL'S PEEP HOLE AND WISHED IT ANYWHERE ELSE,"Here he sought clients when Mr. Carlisle was out or engaged, and here he issued private orders. A little window, not larger than a pane of glass, looked out from his clerk's office. They called it Old Dills People and wished it anywhere else.",0.503705491000801,0.5565677609993145,0.26694887099984044,1.327222122999956,0.0326427043833095,0.03606845114093105,0.017299658703724866,0.08601081422796542,1
11,mic_fileid_11_doa93_3spk.wav,SepFormer-sepformer-libri3mix,1,15.721,264,1,speechbrain/sepformer-libri3mix,2,2.98447362310406,,text_fileid_11_doa264_spk1.txt,0.71875,23,32,2.552096366882324,3.4956328868865967,0.9435365200042725,2.513596534729004,2.9750797748565674,0.4614832401275635,1.2188899517059326,1.3590366840362549,0.14014673233032227,SEES ME BOWLING ALONG THE ROAD STRAIGHTWAY DELIVERS HIMSELF OF A YELL PURE AND SIMPLE AT PERRYSBURG I STRIKE THE FAMOUS MAUMEE PIKE FORTY MILES OF STONE ROAD ALMOST A DEAD LEVEL,"Seed's red-hot, long-sleeved, spring-wings-delivered, since so-called, yet pure and simple. At Harry's Bird, I strapped to Fingis' Lonnie Pike, 40 miles in a stone road, almost dead left.",0.5067102940010955,0.6066439879996324,0.2831496569997398,1.3965039390004677,0.032231428916805256,0.038588129762714356,0.018010918961881547,0.08883047764140116,1
12,mic_fileid_12_doa38_3spk.wav,SepFormer-sepformer-libri3mix,1,17.289,38,1,speechbrain/sepformer-libri3mix,0,2.6361957095322683,,text_fileid_12_doa38_spk1.txt,0.925,37,40,2.3310248851776123,2.8218212127685547,0.4907963275909424,2.310882329940796,2.602306842803955,0.2914245128631592,1.4103443622589111,1.4444737434387207,0.03412938117980957,OF ANY OTHER MATTER WHICH MIGHT HAVE BEEN PREYING UPON HER HUSBAND'S MIND RECENTLY MISSUS MANDERSON KNEW OF NONE WHATEVER THE CORONER INTIMATED THAT HER ORDEAL WAS AT AN END AND THE VEILED LADY MADE HER WAY TO THE DOOR,"of any other man which might have been the prime minister of the country, the man who entered into the White House in an attempt to murder a young widow. No partner on that line will ever foredee on what it might have been, and the failed lady made her way to the door.",0.6018463759992301,0.6368369359988719,0.41777319600078044,1.6564565079988824,0.03481094198618949,0.03683480455774607,0.024164104112486574,0.09580985065642214,1
13,mic_fileid_13_doa5_3spk.wav,SepFormer-sepformer-libri3mix,1,17.47475,5,1,speechbrain/sepformer-libri3mix,2,7.490887080041745,,text_fileid_13_doa5_spk1.txt,0.1794871794871795,7,39,3.7321784496307373,8.45363712310791,4.721458673477173,3.7215282917022705,7.490116119384766,3.768587827682495,1.3005075454711914,1.5605429410934448,0.2600353956222534,NO MATTER HOW DIFFICULT HE MUST SUCCEED IN IT OR DIE THEY DID NOT THINK LONG BUT REPLIED LET HIM BUILD YOUR MAJESTY IN ONE DAY A MORE BEAUTIFUL PALACE THAN THIS AND IF HE FAILS IN THE ATTEMPT,"No matter how difficult, you must succeed in it or die."" They just may think long, they reply, let him build your agriculture in one day on a more beautiful palace than this, and if he fails in the attempt...",0.6122828570005368,0.5538046120000217,0.3997001600000658,1.5657876290006243,0.03503814686908464,0.03169170443067979,0.022873011631071447,0.08960286293083587,1
14,mic_fileid_14_doa181_3spk.wav,SepFormer-sepformer-libri3mix,1,17.749,181,1,speechbrain/sepformer-libri3mix,1,5.598794466387986,,text_fileid_14_doa181_spk1.txt,0.47619047619047616,20,42,5.893156051635742,6.76055908203125,0.8674030303955078,5.878009796142578,5.594564437866211,-0.2834453582763672,1.3085827827453613,1.605201005935669,0.2966182231903076,THIS WAS A CURIOUS CONSOLATION THE TWO SPENT HOURS TOGETHER SOMETIMES IN THE TINY PARLOR STUMBLING OVER BERLIN WOOL DIFFICULTIES AND NOW AND THEN WANDERING TO AND FRO CONVERSATIONALLY FROM PRISCILLA TO THE OCTAGON STITCH AND FROM THE OCTAGON STITCH TO DENIS,"This will be curious in population. Let's do spend hours together sometime to the tiny harler, thumb over for little difficulties, and now and then, moderate to and fro, conversationally approach the optimal stitch and from the optimal stitch to dead.",0.623428574999707,0.6163549829998374,0.3548433310006658,1.5946268890002102,0.035124715476911775,0.03472618079890909,0.01999229990425747,0.08984319618007833,1
15,mic_fileid_15_doa78_3spk.wav,SepFormer-sepformer-libri3mix,1,15.6375,266,1,speechbrain/sepformer-libri3mix,0,3.8568691610651324,,text_fileid_15_doa266_spk1.txt,0.3055555555555556,11,36,4.412204265594482,3.9585258960723877,-0.4536783695220947,4.38306188583374,3.835576057434082,-0.5474858283996582,1.276834487915039,1.4117991924285889,0.1349647045135498,WHEN ON SHORE HE FOLLOWED HIS FAVORITES LIKE A DOG AND WAS NEVER KNOWN TO ROOT EXCEPT IN SPEECH AND APPEARANCE HE WAS THE COUNTERPART OF A HAPPY GOOD NATURED AND WELL CARED FOR HOUSEHOLD DOG,"When on shoulder he followed her say right like a dog, and was never known to lose. Except from speech and appearance, he was the counterpart of a happy, o-saturned, well-cared, and household dog.",0.5048188979999395,0.5159200819998659,0.2652466790004837,1.2859856590002892,0.03228258340527191,0.03299249125498743,0.01696221768188545,0.08223729234214479,1
16,mic_fileid_16_doa36_3spk.wav,SepFormer-sepformer-libri3mix,1,15.665875,36,1,speechbrain/sepformer-libri3mix,2,10.251952061393414,,text_fileid_16_doa36_spk1.txt,0.175,7,40,5.2378387451171875,10.67080307006836,5.432964324951172,5.22373104095459,10.250893592834473,5.027162551879883,1.2247428894042969,1.8639600276947021,0.6392171382904053,ONE HOT SUMMER DAY A FEW MONTHS AFTER THE MARRIAGE JULIET RETURNING TO THE CONSULATE AFTER A MORNING SPENT IN VERY ACTIVE EXERCISE UPON A TENNIS COURT WAS MET ON THE DOORSTEP BY DORA THE YOUNGEST OF THE CLARENCY BUTCHERS,"One hot summer day, a few months after the marriage, Juliet, returning to the consulate after a man's friend in very active exercise at the Pacton score, was met on the doorstep by Dora, the youngest of the Quarenzy butchers.",0.4716121689998545,0.5473778920004406,0.27299496799969347,1.2919850289999886,0.030104425638520317,0.0349407800075285,0.017426091297147044,0.08247129694319587,1
17,mic_fileid_17_doa99_3spk.wav,SepFormer-sepformer-libri3mix,1,16.526625,99,1,speechbrain/sepformer-libri3mix,2,5.340408564407228,,text_fileid_17_doa99_spk1.txt,0.17647058823529413,9,51,3.5100290775299072,6.503060817718506,2.9930317401885986,3.4998786449432373,5.3400983810424805,1.8402197360992432,1.4027400016784668,1.657991647720337,0.2552516460418701,WASN'T SHE LATER ON ENGAGED TO A MAN WHOM SHE REALLY LOVED YES THAT WAS IT AND DURING ALL THE TIME SHE KEPT UP HER OLD LIAISON THE AUTHOR WANTED TO SHOW THAT A WOMAN CAN LOVE IN TWO WAYS A MAN ONLY IN ONE THAT'S TRUE ENOUGH ISN'T IT CERTAINLY,"Wasn't she later on engaged to a man whom she really loved? Yes, that was it. And during all the time she kept up her old liaison. The author wanted to show that a woman can love either way. And can only do one. That's true, huh, business? Certainly.",0.5244218020015978,0.6286523540002236,0.25374449400078447,1.4068186500026059,0.03173193570989829,0.03803876193719066,0.015353678927233145,0.08512437657432209,1
18,mic_fileid_18_doa181_3spk.wav,SepFormer-sepformer-libri3mix,1,15.649,181,1,speechbrain/sepformer-libri3mix,0,10.396334255872475,,text_fileid_18_doa181_spk1.txt,0.13333333333333333,6,45,5.432191371917725,10.789997100830078,5.3578057289123535,5.418633460998535,10.395417213439941,4.976783752441406,1.3465945720672607,2.0765883922576904,0.7299938201904297,AND DON'T I HOPE THAT FIRST PICTURE TURNS OUT GOOD IT WAS A REMARKABLE POSE IF ONLY THE FOCUS WAS RIGHT HE STARTED TOWARD THE CABIN DOOR AS THOUGH ANXIOUS TO DEVELOP HIS ROLL OF FILM AND DISCOVER WHAT SUCCESS HIS LABOR HAD RESULTED IN,And Donai hopes that first picture turns out good. It was a remarkable photoshoot. Only the focus was right. He started toward the cabin door as though anxious to develop his role of film and discover what success his labor had resulted in.,0.4384497099999862,0.5040707330008445,0.27287286300088454,1.2153933060017152,0.028017746181863777,0.0322110507381203,0.017437079877364977,0.07766587679734906,1
19,mic_fileid_19_doa121_3spk.wav,SepFormer-sepformer-libri3mix,1,17.152125,340,1,speechbrain/sepformer-libri3mix,1,8.223721733579982,,text_fileid_19_doa340_spk1.txt,0.11904761904761904,5,42,6.309501647949219,10.691493034362793,4.381991386413574,6.30091667175293,8.223703384399414,1.9227867126464844,1.340700626373291,1.6904364824295044,0.3497358560562134,THE INJURIES TO DAK KOVA HAD DELAYED THE MARCH SO GREATLY THAT IT WAS DECIDED TO GIVE UP THE EXPEDITION WHICH WAS A RAID UPON A SMALL THARK COMMUNITY IN RETALIATION FOR THE DESTRUCTION OF THE INCUBATOR UNTIL AFTER THE GREAT GAMES,"The injuries to Dotcoma had delayed the march so greatly that it was decided to give up the expedition, which was arrayed upon a small, certain community in retaliation for the destruction of the incubator until after the Great Games.",0.5523436559997208,0.4693651929992484,0.35021963600047457,1.3719284849994438,0.032202637049328915,0.027364842140507276,0.020418440047543646,0.07998591923737984,1
20,mic_fileid_20_doa68_3spk.wav,SepFormer-sepformer-libri3mix,1,16.674375,68,1,speechbrain/sepformer-libri3mix,2,4.761393208659491,,text_fileid_20_doa68_spk1.txt,0.17647058823529413,6,34,3.667689800262451,5.277759075164795,1.6100692749023438,3.642484664916992,4.765406131744385,1.1229214668273926,1.3482533693313599,1.5472593307495117,0.19900596141815186,OLENIN WAS ABOUT TO APPROACH THE DEAD BODY AND HAD BEGUN TO LOOK AT IT WHEN THE BROTHER LOOKING UP AT HIM FROM UNDER HIS BROWS WITH CALM CONTEMPT SAID SOMETHING SHARPLY AND ANGRILY,"Alenim was about to approach the dead body and had begun to look at it when the brother, looking up at him from under his brow, calm, content, said something sharply to him.",0.529875792999519,0.3852002240000729,0.23994363000019803,1.15501964699979,0.0317778503241962,0.023101329075307046,0.01438996244238228,0.06926914184188553,1
21,mic_fileid_21_doa34_3spk.wav,SepFormer-sepformer-libri3mix,1,17.10975,34,1,speechbrain/sepformer-libri3mix,2,5.348744974226993,,text_fileid_21_doa34_spk1.txt,0.35135135135135137,13,37,5.8621110916137695,7.2790398597717285,1.416928768157959,5.846676349639893,5.357115745544434,-0.489560604095459,1.4030921459197998,1.6082231998443604,0.20513105392456055,WE THEN WENT TO WORK TO MAKE CLOTHES AFTER THE PATTERN OF THE NETCHELLI ESKIMO AND THE SEWING WENT ON EARLY AND LATE THICK ANORAKS AND THIN ONES HEAVY BREECHES AND LIGHT WINTER STOCKINGS AND SUMMER STOCKINGS,"We then went to work on the clothes after the patterns of the cellulite escapade, and the soma went on early and late. The thick anorax and thin three breaches of ice, winter stockings, and summer stockings.",0.5404530230007367,0.5308154559988907,0.2519916250003007,1.323260103999928,0.03158742956505716,0.03102415032358104,0.014727954821099124,0.07733953470973733,1
22,mic_fileid_22_doa22_3spk.wav,SepFormer-sepformer-libri3mix,1,16.8605,345,1,speechbrain/sepformer-libri3mix,2,4.402704758349065,,text_fileid_22_doa345_spk1.txt,0.9473684210526315,36,38,2.919387102127075,5.20109748840332,2.281710386276245,2.895564079284668,4.380975246429443,1.4854111671447754,1.1457661390304565,1.3073004484176636,0.16153430938720703,THEY HAVE MERELY GONE TO WORK IN A BUSINESS LIKE MANNER AND USED THEIR WITS AND COMMON SENSE IN EDUCATING THE VOTERS REALLY MY DEARS I'M MORE PROUD OF YOU TODAY THAN I'VE EVER BEEN BEFORE HE CONCLUDED,Heading to employees from at Bloomingtoneed Center at U3rd West in Comments shitin as you can heard clearly my year high looks rather too ablaze and I find the B4 ok,0.5338125279995438,3.0342517959998077,0.2629559329998301,3.8310202569991816,0.03166053960437377,0.1799621479789928,0.015595974793145525,0.2272186623765121,1
23,mic_fileid_23_doa6_3spk.wav,SepFormer-sepformer-libri3mix,1,16.07425,212,1,speechbrain/sepformer-libri3mix,2,1.1102817808603205,,text_fileid_23_doa212_spk1.txt,0.10416666666666667,5,48,4.834820747375488,4.900762557983398,0.06594181060791016,4.819578647613525,1.1102793216705322,-3.709299325942993,1.343172311782837,1.3988564014434814,0.05568408966064453,WHEN HIS CRIES WERE HEARD BY A FARMER WHO WAS WALKING HOME FROM TOWN AND HE WAS BROUGHT BACK TO HIS FATHER'S HOUSE HE WAS SO TIRED AND EXCITED THAT HE DID NOT KNOW WHAT WAS HAPPENING TO HIM BY CHANCE DAVID'S FATHER KNEW THAT HE HAD DISAPPEARED,"When his cries were heard by the farmer who was walking home from the trail he was brought back to his father's house, he was so tired and excited that he did not know what was happening to him. By chance, David's father knew that he might disappear.",0.450305448999643,0.4830441649992281,0.39249118999941857,1.3258408039982896,0.0280140876868061,0.030050805791824075,0.024417387436391658,0.08248228091502183,1
24,mic_fileid_24_doa57_3spk.wav,SepFormer-sepformer-libri3mix,1,16.518375,289,1,speechbrain/sepformer-libri3mix,1,5.958319946798376,,text_fileid_24_doa289_spk1.txt,0.24390243902439024,10,41,3.908278703689575,7.757090091705322,3.848811388015747,3.895155191421509,5.958303928375244,2.0631487369537354,1.2749168872833252,1.8045852184295654,0.5296683311462402,I HAD NOT FORGOTTEN THE LIVID JAGGED FURROWS IN MERCER'S SIDE QUICKLY AS I SHOT TO THE LADDER SHE WAS THERE BEFORE ME A DIM WAVERING WHITE SHAPE WAITING I PAUSED HOLDING TO A RUNG OF THE LADDER WITH ONE HAND,"I had not forgotten the livid jacket froze in my shirt's side. Quickly as I shot through the ladder, she was there before me, a dim, wavering white-shaped, waiting. I paused, holding to a rung-numble ladder with one hand.",0.5236312550005096,0.5898379250011203,0.2765198559991404,1.3899890360007703,0.03169992538615388,0.0357079873172222,0.01674013672647221,0.0841480494298483,1
25,mic_fileid_25_doa112_3spk.wav,SepFormer-sepformer-libri3mix,1,14.702125,112,1,speechbrain/sepformer-libri3mix,2,7.220675932837697,,text_fileid_25_doa112_spk1.txt,0.19444444444444445,7,36,2.8733482360839844,8.207015991210938,5.333667755126953,2.8497800827026367,7.302909851074219,4.453129768371582,1.189566969871521,1.4963775873184204,0.3068106174468994,THERE WAS THE SWEETNESS OF THE MAYFLOWER AND THE STRENGTH OF THE YOUNG OAK BUT ONE COULD EASILY DIVINE THAT SHE WAS ONE OF THE SOULS BY NATURE PITCHED TOO HIGH BY SUFFERING PLUNGED TOO LOW,There was the sweet kiss of the Mayflower and the strength of the young oak. One could easily divine that she was one of the voluble by nature pitched too high by suffering plunge to love.,0.4243162780003331,0.4362947390000045,0.24121105599988368,1.1018220730002213,0.028860880859082148,0.02967562437402787,0.016406543679902304,0.07494304891301232,1
26,mic_fileid_26_doa34_3spk.wav,SepFormer-sepformer-libri3mix,1,15.26275,34,1,speechbrain/sepformer-libri3mix,1,1.5658297190010582,,text_fileid_26_doa34_spk1.txt,0.4411764705882353,15,34,-4.02968692779541,1.9632644653320312,5.992951393127441,-4.044663429260254,1.5609203577041626,5.6055837869644165,1.078001856803894,1.2133221626281738,0.13532030582427979,THEY CAME FROM THE EAST WEST NORTH AND SOUTH ALL SORRY TO KNOW OF HER ILLNESS AND BRINGING PRESENTS WITH THEM SOMETIMES IT WAS A LITTLE LIVE BIRD OR SQUIRREL A DELICIOUS SALMON TROUT,"It came from the east, west, north, and south. Also, I wanted to know if there was an illness bringing predators with them. Sometimes it was a little life bird or a sort of larger, a delicious salmon trout.",0.44184532000144827,0.5797834579989285,0.30759593000038876,1.3292247080007655,0.028949260126874137,0.03798682793067622,0.020153375374712207,0.08708946343226256,1
27,mic_fileid_27_doa31_3spk.wav,SepFormer-sepformer-libri3mix,1,17.2175,173,1,speechbrain/sepformer-libri3mix,0,6.243472685786781,,text_fileid_27_doa173_spk1.txt,0.34285714285714286,12,35,2.9897117614746094,8.404988288879395,5.415276527404785,2.9800703525543213,6.242703914642334,3.2626335620880127,1.3772306442260742,1.650320291519165,0.2730896472930908,IT SEEMS THAT THE PUBLIC ADMIRE HER AS MUCH AS I HAVE DONE I I SHALL FIND HER SOME DAY THEN SHE WILL RETURN TO ME STILL THINKING OF HER I OBSERVED REPROACHFULLY YES ALWAYS,"It seems that the public advice of her is such that I have done. I shall find her someday that she will return to me. Still thinking of her? I observe that rushfully. Yes, always.",0.5605497220003599,0.4352356969993707,0.3504654970001866,1.3462509159999172,0.032556975286793084,0.025278681399702088,0.020355190765220653,0.07819084745171583,1
28,mic_fileid_28_doa124_3spk.wav,SepFormer-sepformer-libri3mix,1,16.91975,217,1,speechbrain/sepformer-libri3mix,1,6.985455437148095,,text_fileid_28_doa217_spk1.txt,0.41379310344827586,12,29,3.1241767406463623,7.9629130363464355,4.838736295700073,3.112460136413574,6.99098014831543,3.8785200119018555,1.5074307918548584,1.6625282764434814,0.15509748458862305,FELL FAR SHORT DON'T LOOK BACK GRUNTED VENTNOR STRETCH YOURSELF WALTER THERE'S A SURPRISE COMING HOPE TO GOD I JUDGED THE TIME RIGHT WE TURNED OFF THE RUINED WAY,"Well, far short. Don't look back, Red Adventurers. Stretch yourself, Walter, if it was a surprise coming. Hope to God I'd judge the time, right? We turned up the room and waved.",0.5260576979999314,0.4591257609990862,0.22877783900003124,1.2139612979990488,0.031091339883859478,0.027135493195767444,0.013521348660590802,0.07174818174021773,1
29,mic_fileid_29_doa111_3spk.wav,SepFormer-sepformer-libri3mix,1,16.015375,111,1,speechbrain/sepformer-libri3mix,2,9.889721414902873,,text_fileid_29_doa111_spk1.txt,0.02702702702702703,1,37,2.8718268871307373,10.506824493408203,7.634997606277466,2.8572895526885986,9.889689445495605,7.032399892807007,1.1543498039245605,1.8570581674575806,0.70270836353302,MY FATHER WAS AND STILL IS RECEVEUR GENERAL AT C HE HAS A GREAT REPUTATION THERE FOR LOYALTY THANKS TO WHICH HE WAS ABLE TO FIND THE SECURITY WHICH HE NEEDED IN ORDER TO ATTAIN THIS POSITION,My father was and still is receiver general at C. He has a great reputation there for loyalty thanks to which he was able to find the security which he needed in order to attain this position.,0.437680006998562,0.37326490600025863,0.2875830520006275,1.0985279649994482,0.027328739227059126,0.023306660381056245,0.0179566854975689,0.06859208510568428,1
30,mic_fileid_30_doa12_3spk.wav,SepFormer-sepformer-libri3mix,1,16.907625,12,1,speechbrain/sepformer-libri3mix,0,9.062522635327625,,text_fileid_30_doa12_spk1.txt,0.2857142857142857,12,42,3.6708385944366455,10.611483573913574,6.940644979476929,3.6605193614959717,9.062844276428223,5.402324914932251,1.294529676437378,1.6873934268951416,0.39286375045776367,WHICH COVERED THEM DOWN TO THE ANKLES AND WHICH THEY WORE WINTER AND SUMMER WOMEN COMMONLY WORE A LONG LOOSE CLOAK WITH A HOOD A FASHION WHICH IS COMMON AT THE PRESENT DAY THE OVER GARMENTS WERE FASTENED BY BROOCHES PINS BUTTONS,"which covered them down in the angles, on which they wore winter and summer. Was it commonly wore along loose cloaks with a hood, a fashion which was common at the present day? The overgrabbles were fastened by branches, pins, buttons.",0.515565758001685,0.5055978580003284,0.29400974300006055,1.315173359002074,0.0304930916081759,0.02990354103549898,0.0173891805028832,0.07778581314655808,1
31,mic_fileid_31_doa53_3spk.wav,SepFormer-sepformer-libri3mix,1,17.74825,53,1,speechbrain/sepformer-libri3mix,0,9.244884311067986,,text_fileid_31_doa53_spk1.txt,0.5365853658536586,22,41,5.846982955932617,9.694046974182129,3.8470640182495117,5.837784767150879,9.224992752075195,3.3872079849243164,1.3945608139038086,1.6727904081344604,0.27822959423065186,THIS WAS THE PORTER WHO HAD BEEN KILLED BY LE CABUC BELOW BY THE LIGHTS OF THE TORCH WHICH WAS THRUST BETWEEN THE PAVING STONES THIS HEAD COULD BE VAGUELY DISTINGUISHED NOTHING COULD BE STRANGER IN THAT SOMBRE AND UNCERTAIN GLEAM,"This is the torch wheel, which they killed by the cut-in-edge apparatus, below by the lines of the torch, which were written between the leading stones. This head didn't vaguely distinguish. Nothing could not turn in enough somber uncertainly.",0.5241209180003352,0.5579664199995022,0.3319238759995642,1.4140112139994017,0.029530850534578636,0.03143782739140492,0.018701780513547206,0.07967045843953076,1
32,mic_fileid_32_doa102_3spk.wav,SepFormer-sepformer-libri3mix,1,16.7025,102,1,speechbrain/sepformer-libri3mix,0,-9.26165167864644,,text_fileid_32_doa102_spk1.txt,1.3428571428571427,47,35,-6.867568492889404,-5.993692874908447,0.873875617980957,-6.965686798095703,-6.258452415466309,0.7072343826293945,1.1066231727600098,1.1248210668563843,0.01819789409637451,LET ME BE OBSEQUIOUS IN THY HEART AND TAKE THOU MY OBLATION POOR BUT FREE WHICH IS NOT MIX'D WITH SECONDS KNOWS NO ART BUT MUTUAL RENDER ONLY ME FOR THEE HENCE THOU SUBORNED INFORMER,"You're a traitor yourself. I know you all like me a lot. I'm trying to believe that the propaganda is a little more real than it should. I'm trying to get the word to all of you, not for cases. It's a real threat. It's a gross non-word. Why?",0.49503935299981094,0.7028844570013462,0.6745092759992986,1.8724330860004557,0.029638638108056333,0.04208258985189919,0.04038373153715303,0.11210495949710855,1
33,mic_fileid_33_doa34_3spk.wav,SepFormer-sepformer-libri3mix,1,17.067375,345,1,speechbrain/sepformer-libri3mix,0,3.5784045849719996,,text_fileid_33_doa345_spk1.txt,1.0769230769230769,42,39,4.405822277069092,5.703158855438232,1.2973365783691406,4.379909038543701,4.965569496154785,0.585660457611084,1.224318027496338,1.4332830905914307,0.20896506309509277,WHEN I WENT TO SLEEP LAST NIGHT I BELONGED TO GOVERNOR LUCAS BUT I UNDERSTAND DAT HE IS BIN GAMBLING ALL NIGHT SO I DON'T KNOW WHO OWNS ME DIS MORNING SUCH IS THE UNCERTAINTY OF A SLAVE'S POSITION,"And she was a sweet black night. I belong to Governor Lucas, except I understand that he was a dangerous woman. So I don't know who else is he as well as I'm such as the uncertainty I play as a person. How did that happen to her? Dearest human real has made me a student for hard.",0.5429212880007981,0.7050927639993461,0.2255209869999817,1.4735350390001258,0.03181047395986777,0.04131231451815796,0.0132135719171801,0.08633636039520583,1
34,mic_fileid_34_doa125_3spk.wav,SepFormer-sepformer-libri3mix,1,15.904625,157,1,speechbrain/sepformer-libri3mix,0,5.350669689493234,,text_fileid_34_doa157_spk1.txt,0.18604651162790697,8,43,4.41470193862915,5.62127685546875,1.2065749168395996,4.396412372589111,5.333860397338867,0.9374480247497559,1.3603432178497314,1.6535921096801758,0.29324889183044434,THEREFORE SELLEN HAD FALLEN ON EVIL DAYS FOR HE COULD NOT BRING HIMSELF TO PAINT AGAINST HIS BETTER JUDGMENT HE WAS NOW RENTING A FORMER PHOTOGRAPHIC STUDIO ON THE TOP OF A HOUSE IN GOVERNMENT STREET THE ACCOMMODATION CONSISTED OF THE STUDIO ITSELF,"The theorem works well and had gone on evil days, where he could not bring himself to paint against his better judgment. He was now running a former photographic studio on the top of a house in Government Street. The accommodation consisted of the studio itself.",0.5223636840000836,0.48294005900061165,0.25278909799999383,1.258092841000689,0.03284350835056366,0.03036475610085819,0.015894062136013506,0.07910232658743536,1
35,mic_fileid_35_doa24_3spk.wav,SepFormer-sepformer-libri3mix,1,18.1805,24,1,speechbrain/sepformer-libri3mix,2,5.454509699843055,,text_fileid_35_doa24_spk1.txt,0.1836734693877551,9,49,7.494431495666504,5.926315784454346,-1.5681157112121582,7.481771469116211,5.431280136108398,-2.0504913330078125,2.0102014541625977,1.8619675636291504,-0.14823389053344727,THE WESTERN WORLD IS WARNED IF NOT ARMED AGAINST THE POSSIBILITY OF IT IN THE SECOND PLACE THERE IS A WEAKNESS INHERENT IN THE BROWN MAN WHICH WILL BRING HIS ADVENTURE TO NAUGHT FROM THE WEST HE HAS BORROWED ALL OUR MATERIAL ACHIEVEMENT AND PASSED OUR ETHICAL ACHIEVEMENT BY,"The Western world is war, if not awe, against the boss' will. In the second place, there is weakness and herit in the brown man, which will bring his adventure to gnaw. From the West, he has borrowed all our material achievement and passed our ethical achievement by.",0.5964386590003414,0.5308328610008175,0.3343391200014594,1.4616106400026183,0.032806504716610736,0.029197924204549794,0.01838998487398363,0.08039441379514416,1
36,mic_fileid_36_doa24_3spk.wav,SepFormer-sepformer-libri3mix,1,17.311625,269,1,speechbrain/sepformer-libri3mix,1,5.790864586556879,,text_fileid_36_doa269_spk1.txt,0.6666666666666666,22,33,2.3710458278656006,6.815075397491455,4.4440295696258545,2.3545405864715576,5.790782451629639,3.436241865158081,1.1756420135498047,1.3709073066711426,0.1952652931213379,THE BRIDGE OPENED ON A RATHER FINE STREET CALLED SAINT THOMAS'S STREET HE ENTERED IT HERE AND THERE WERE HIGH CARVED GABLES AND SHOP FRONTS HE SET TO KNOCKING AT THE DOORS AGAIN,"This joke was almost rather far and street, falsely telling the street he entered the center. Here and there were high-farm tables and stock arms. He stepped knocking at the doors of the house.",0.5526153159989917,0.401103508000233,0.299121224999908,1.2528400489991327,0.03192163162031246,0.02316960470205616,0.01727863357714299,0.07236986989951161,1
37,mic_fileid_37_doa51_3spk.wav,SepFormer-sepformer-libri3mix,1,13.878,104,1,speechbrain/sepformer-libri3mix,2,3.8991412976410573,,text_fileid_37_doa104_spk1.txt,0.12903225806451613,4,31,4.262055397033691,4.8274617195129395,0.565406322479248,4.252620697021484,3.898993730545044,-0.35362696647644043,1.2512414455413818,1.3087706565856934,0.05752921104431152,AND THERE WAS MUCH COMMENT ON THIS EVIDENCE OF A DECLINING INDUSTRY IT WAS NOT AT ONCE RECOGNIZED THAT THERE WAS EMBODIED IN HORSE FLESH MORE HORSE POWER THAN EVER BEFORE,And there was no comment on this evidence of a declining industry. It was not once recognized that there was embodied in horse flesh more horsepower than ever before.,0.42393596100009745,0.2857659250003053,0.2579032220000954,0.9676051080004981,0.030547338305238324,0.02059129017151645,0.01858360152760451,0.06972223000435929,1
38,mic_fileid_38_doa1_3spk.wav,SepFormer-sepformer-libri3mix,1,17.663875,1,1,speechbrain/sepformer-libri3mix,2,11.510753230043914,,text_fileid_38_doa1_spk1.txt,0.28205128205128205,11,39,6.5456037521362305,12.406744003295898,5.861140251159668,6.537845134735107,11.515073776245117,4.97722864151001,1.332245111465454,1.7929145097732544,0.4606693983078003,ONCE UPON A TIME THERE WAS AN OLD WIDOW WOMAN WHO HAD THREE SONS THE FIRST TWO WERE CLEVER ENOUGH BUT THE THIRD BOBO BY NAME WAS LITTLE BETTER THAN A SILLY SIMPLETON ALL HIS MOTHER'S SCOLDINGS AND BEATINGS,"Once upon a time, there was an old little woman who had three sons. The first two were clever enough, but the third, Bobo by name, was a little better than the city simple. All of his early school had been changed.",0.5715690260003612,0.5368255859993951,0.3227023460003693,1.4310969580001256,0.03235807692255302,0.0303911563006076,0.018269057384088672,0.08101829060724929,1
39,mic_fileid_39_doa156_3spk.wav,SepFormer-sepformer-libri3mix,1,16.29675,250,1,speechbrain/sepformer-libri3mix,2,10.254502649519498,,text_fileid_39_doa250_spk1.txt,0.06521739130434782,3,46,4.569394588470459,10.80434513092041,6.234950542449951,4.559520721435547,10.25439167022705,5.694870948791504,1.2933685779571533,1.9779832363128662,0.6846146583557129,BUT HE MADE HIS WAY DOWN TO THE FORD UNDER THE PALACE WALLS AND STEPPED INTO THE FLOODED WATER INCH BY INCH AND FOOT BY FOOT HE FOUGHT HIS WAY ACROSS NOW NEARLY SWEPT OFF HIS FEET BY SOME SUDDEN SWIRL OR EDDY NOW NARROWLY ESCAPING,"But he made his way down to the pool under the palace walls and stepped into the flood of water. Inch by inch and foot by foot he fought his way across. Now nearly swept off his feet by some sudden swirl or eddy, now narrowly escaping.",0.5219865850012866,0.5465294630012068,0.33900080300008995,1.4075168510025833,0.03203010324152279,0.033536101554064876,0.02080174286284627,0.08636794765843395,1
40,mic_fileid_40_doa14_3spk.wav,SepFormer-sepformer-libri3mix,1,13.925,14,1,speechbrain/sepformer-libri3mix,1,8.987255048657767,,text_fileid_40_doa14_spk1.txt,0.07692307692307693,2,26,2.069715976715088,10.354301452636719,8.28458547592163,2.05216383934021,8.986614227294922,6.934450387954712,1.2670615911483765,1.952141284942627,0.6850796937942505,WE ADVANCED TALKING IN THAT FASHION AND IN HIGH SPIRITS AND CONGRATULATING OURSELVES IN BEING SHUT OF THE TRANSPORT AND ON BREATHING FINE MOUNTAIN AIR AGAIN,"We advanced, talking in that fashion, and in high spirits, and congratulating ourselves on being shut up of the transport and on breathing fine mountain air again.",0.40726608099976147,0.35629599099956977,0.2942398939994746,1.0578019659988058,0.029247115332119315,0.025586785709125297,0.021130333500859935,0.07596423454210455,1
41,mic_fileid_41_doa86_3spk.wav,SepFormer-sepformer-libri3mix,1,16.321,116,1,speechbrain/sepformer-libri3mix,0,1.2689095757409,,text_fileid_41_doa116_spk1.txt,1.0857142857142856,38,35,3.425584077835083,1.964149832725525,-1.461434245109558,3.402670383453369,1.8303642272949219,-1.5723061561584473,1.4231003522872925,1.6042779684066772,0.18117761611938477,WE TOOK ROOMS AT A HOTEL IN MEDWORTH QUARLES EXPLAINING THAT OUR INVESTIGATIONS MIGHT TAKE SOME DAYS NEXT MORNING INSTEAD OF GOING TO WITHAN AS I HAD EXPECTED HE TOOK ME TO THE POLICE COURT,"We agree that a hotel in Medlar probably explaining that our investigation might take some time. We lost the leg on the special morning, except for when the witness I had expected. The president was down to the police squad. I believe that victory would be given to federal forces and getting back.",0.5172462490008911,0.5682328279999638,0.21306440300031682,1.2985434800011717,0.031692068439488456,0.034816054653511654,0.013054616935256221,0.07956274002825633,1
42,mic_fileid_42_doa76_3spk.wav,SepFormer-sepformer-libri3mix,1,17.286125,76,1,speechbrain/sepformer-libri3mix,1,5.720454325865651,,text_fileid_42_doa76_spk1.txt,0.34285714285714286,12,35,3.439211130142212,6.8482513427734375,3.4090402126312256,3.419691324234009,5.720147609710693,2.3004562854766846,1.4226601123809814,1.76668381690979,0.3440237045288086,HOW CAN EARTHLY WORDS DESCRIBE IT IT TOWERED TEN FEET AT THE SHOULDER HAD FOUR LEGS ON EITHER SIDE A BROAD FLAT TAIL LARGER AT THE TIP THAN AT THE ROOT AND WHICH IT HELD,"How can personal words thrive? Its house 10 feet at the shoulder, had four legs on ice-sized, a broad, flat tail, large at the chest at its root, and which it held.",0.5487659739992523,0.45674027299901354,0.3391341309998097,1.3446403779980756,0.031746037587906624,0.026422363195858736,0.019618863741862894,0.07778726452562826,1
43,mic_fileid_43_doa44_3spk.wav,SepFormer-sepformer-libri3mix,1,15.722125,273,1,speechbrain/sepformer-libri3mix,2,7.53385777467969,,text_fileid_43_doa273_spk1.txt,0.20930232558139536,9,43,4.464390277862549,8.377008438110352,3.9126181602478027,4.457672595977783,7.533707618713379,3.0760350227355957,1.5391054153442383,1.8895584344863892,0.3504530191421509,ODETTE ODETTE HE WHISPERED DON'T YOU REALISE THAT I LOVE YOU AND WOULD GIVE MY LIFE TO SAVE YOU FROM UNHAPPINESS WON'T YOU TELL ME EVERYTHING PLEASE NO NO NO SHE MURMURED WITH A LITTLE CATCH IN HER VOICE PLEASE DON'T ASK ME,"Oh, Dad. Oh, Dad, he whispers. Don't you realize that I love you and would give my life to save you from unhappiness? Well, no. Don't you tell me everything, please? No, no, no, she murmured with a little catch in her voice. Please don't ask me.",0.46989398900041124,0.652117139999973,0.2620040469992091,1.3840151759995933,0.02988743500006591,0.041477671752385446,0.01666467141046195,0.08802977816291331,1
44,mic_fileid_44_doa184_3spk.wav,SepFormer-sepformer-libri3mix,1,17.0035,215,1,speechbrain/sepformer-libri3mix,1,6.896660547021309,,text_fileid_44_doa215_spk1.txt,0.15789473684210525,6,38,2.98512864112854,8.37849235534668,5.39336371421814,2.97139310836792,6.894221305847168,3.922828197479248,1.17716383934021,1.6573247909545898,0.4801609516143799,I TOO HAVE HAD MY DREAM I TOO HAVE MEDITATED I TOO HAVE SIGHED I TOO HAVE HAD A MOONLIGHT SOUL LOVE IS A CHILD SIX THOUSAND YEARS OLD LOVE HAS THE RIGHT TO A LONG WHITE BEARD,"I too have had my options. I too have meditated. I too have died. I too have had your life so long. Love is a child, six thousand years old. Love has the right to a long white beard.",0.5245041680009308,0.47211265999976604,0.3464079630011838,1.3430247910018807,0.03084683553391542,0.02776561649070874,0.02037274461147316,0.07898519663609732,1
45,mic_fileid_45_doa62_3spk.wav,SepFormer-sepformer-libri3mix,1,16.822625,278,1,speechbrain/sepformer-libri3mix,1,10.784082717703017,,text_fileid_45_doa278_spk1.txt,0.7804878048780488,32,41,4.3869829177856445,11.397110939025879,7.010128021240234,4.380026340484619,10.788623809814453,6.408597469329834,1.187213659286499,1.8366408348083496,0.6494271755218506,ONE LADY HAD A FRIGHT FOR THE WIND BLEW THE END OF HER SHAWL WITHIN REACH OF A TIGER'S GREAT CLAW AND HE CLUTCHED IT TRYING TO DRAG HER NEARER THE SHAWL CAME OFF AND THE POOR LADY RAN AWAY SCREAMING,"One lady had a fright, which was when she knew that one of her shawls would reach her, and she thought it was a great flaw, and clutched it to find her to drag her near her. It still all came off as her fuming line of way screaming.",0.5345093609994365,0.5558850220004388,0.2624146349990042,1.3528090179988794,0.031773243533600525,0.033043893090432604,0.015598911287566845,0.08041604791159998,1
46,mic_fileid_46_doa151_3spk.wav,SepFormer-sepformer-libri3mix,1,16.0385,189,1,speechbrain/sepformer-libri3mix,1,7.049675632435673,,text_fileid_46_doa189_spk1.txt,0.7428571428571429,26,35,2.4860334396362305,7.772459983825684,5.286426544189453,2.468364715576172,7.04946756362915,4.5811028480529785,1.210951566696167,1.7414175271987915,0.5304659605026245,YOU'LL SEE THE ENGLISHEST LOOKING ENGLISHMAN YOU EVER SAT EYES ON OUTSIDE THE PAGES OF PUNCH TRYING TO TEAR MY OLD FASHIONED DOORBELL OUT BY THE ROOTS THAT'S YOUR BEST MAKE UP IS IT REMSEN,"You see that English is spoken English way the ever set eyes on outside the pages of time. Right, I can share my own fast and doorbids outside the booth. That's no better than makeup, isn't it, Brunson?",0.495241767999687,0.49426727699938056,0.25328370799979893,1.2427927529988665,0.03087830956758344,0.03081755008257509,0.01579223169247741,0.07748809134263594,1
47,mic_fileid_47_doa63_3spk.wav,SepFormer-sepformer-libri3mix,1,16.66925,104,1,speechbrain/sepformer-libri3mix,0,5.603366704292804,,text_fileid_47_doa104_spk1.txt,0.12195121951219512,5,41,3.1278724670410156,7.153349876403809,4.025477409362793,3.1169068813323975,5.621287822723389,2.504380941390991,1.1940131187438965,1.5461987257003784,0.35218560695648193,AT FIRST UNDER DIFFERENT ANIMAL SHAPES SINCE THAT TIME PARTLY FROM HABIT AND PARTLY TO AMUSE OURSELVES WE HAVE CONTINUED TO TRANSFORM OURSELVES AND IT WAS IN THIS WAY THAT I GOT TO KNOW YOU HOW EXCLAIMED JEGU FILLED WITH ASTONISHMENT,"at first under different animal shape. Since that time, partly from habit and partly to amuse ourselves, we have continued to transform ourselves. And it was in this way that I got to know you. How, exclaim Jay, you fuzzle-foot astonishment.",0.5378232330003812,0.5718284160011535,0.2757869040015066,1.3854385530030413,0.03226439299910801,0.034304387779963315,0.016544649819368394,0.08311343059843972,1
48,mic_fileid_48_doa191_3spk.wav,SepFormer-sepformer-libri3mix,1,16.393,227,1,speechbrain/sepformer-libri3mix,0,3.4140384258366363,,text_fileid_48_doa227_spk1.txt,0.5833333333333334,21,36,2.0582737922668457,3.6384048461914062,1.5801310539245605,2.045482635498047,3.3976616859436035,1.3521790504455566,1.266977310180664,1.4361317157745361,0.16915440559387207,APPLIED TO HER WORK BUT AFTER A FEW MINUTES SUNK AGAIN WITHOUT KNOWING IT HERSELF INTO LANGUOR AND LISTLESSNESS MOVING HERSELF IN HER CHAIR FROM THE IRRITATION OF WEARINESS MUCH OFTENER THAN SHE MOVED HER NEEDLE,"Applied for what I used was after a few minutes, some again, without knowing herself, and the drivers had listened to her, moving, selling, caring, and ear function awareness much oftener than she moved her needle.",0.5168680829992809,0.4921785330006969,0.35957635900012974,1.3686229750001075,0.03152980436767406,0.03002370115297364,0.021934750137261618,0.08348825565790932,1
49,mic_fileid_49_doa63_3spk.wav,SepFormer-sepformer-libri3mix,1,16.3985,63,1,speechbrain/sepformer-libri3mix,2,7.801257095349273,,text_fileid_49_doa63_spk1.txt,0.36666666666666664,11,30,2.661133289337158,8.281567573547363,5.620434284210205,2.650362014770508,7.806375503540039,5.156013488769531,1.333756446838379,1.7105469703674316,0.37679052352905273,BY WHICH SOCIAL WANTS MUST BE SATISFIED THE PEOPLE DO NOT VOTE IT THE LEGISLATOR DOES NOT EXPRESS IT THE SAVANT DISCOVERS AND FORMULATES IT BUT IN FACT THE LAW,"The social wants must be satisfied, because people do not know it, and legislators does not express it. The savance covers information, but in fact the law.",0.5403042359994288,0.37052003700046043,0.25247605299955467,1.1633003259994439,0.03294839381647278,0.02259475177610516,0.015396289477668976,0.07093943507024691,1
50,mic_fileid_50_doa7_3spk.wav,SepFormer-sepformer-libri3mix,1,16.934625,58,1,speechbrain/sepformer-libri3mix,0,3.3480772319838508,,text_fileid_50_doa58_spk1.txt,0.05405405405405406,2,37,2.9507570266723633,6.957649230957031,4.006892204284668,2.9377570152282715,3.346555709838867,0.4087986946105957,1.1820297241210938,1.3088164329528809,0.1267867088317871,WOULD BE THE MOST ADVANCED IN CIVILIZATION BUT SUCH WAS NOT THE CASE MANY OF THEM WERE AMONG THE MOST DEGRADED UPON THE CONTINENT THEY SEEMED UNABLE TO ADAPT THEMSELVES TO THE WHITE MAN AND HIS WAYS,would be the most advanced in civilization. But such was not the case. Many of them were among the most degraded upon the knowledge. They seemed unable to adapt themselves to the white man and his way.,0.5650165349998133,0.5649484869991284,0.29031279800074117,1.4202778199996828,0.03336457317477141,0.03336055489856601,0.01714314890354768,0.08386827697688509,1
51,mic_fileid_51_doa46_3spk.wav,SepFormer-sepformer-libri3mix,1,16.064,46,1,speechbrain/sepformer-libri3mix,0,3.550724302608855,,text_fileid_51_doa46_spk1.txt,0.21951219512195122,9,41,3.985647201538086,3.8595662117004395,-0.12608098983764648,3.9499282836914062,3.479710817337036,-0.4702174663543701,1.3529589176177979,1.5114891529083252,0.15853023529052734,AND THIS IS UNDOUBTEDLY THE BEST WAY OF UTILIZING THE POWER I HAD MADE UP MY MIND TO ADOPT THE SAME SYSTEM IN SLEDGING ON THE BARRIER ANOTHER GREAT ADVANTAGE IT HAD WAS THAT THE DOGS WOULD PASS SINGLY ACROSS FISSURES,And this is undoubtedly the best way of utilizing power. And it made up my mind to adopt the same system and fledgling barrier. Another great advantage it had was that the noise would pass singly across fishes.,0.5286473790001764,0.4795806749989424,0.2951630600000499,1.3033911139991687,0.032908825883975125,0.029854374688679183,0.01837419447211466,0.08113739504476897,1
52,mic_fileid_52_doa46_3spk.wav,SepFormer-sepformer-libri3mix,1,16.408375,310,1,speechbrain/sepformer-libri3mix,1,4.9833229995111346,,text_fileid_52_doa310_spk1.txt,0.47058823529411764,16,34,1.3799200057983398,6.522708892822266,5.142788887023926,1.3547974824905396,4.981219291687012,3.626421809196472,1.2146230936050415,1.6493480205535889,0.43472492694854736,IT TAKES ITS NAME FROM THAT ILLUSTRIOUS WOMAN BY WHOSE VIRTUE AND FORTITUDE AND ARMED WITH PRAYER THE CHILDREN OF ISRAEL WERE PRESERVED FROM THE DESTRUCTION THREATENED THEM BY HOLOFERNES AND HIS GREAT ARMY,"It takes his name from that illustrious woman, but whose virtue and portitude and arms with prayer the children of Israel will then serve from the destruction and destruction of the Bible all night and its great armies.",0.5225693909997062,0.3834625210001832,0.26290439199874527,1.1689363039986347,0.0318477235557882,0.0233699266990292,0.016022573350422894,0.0712402236052403,1
53,mic_fileid_53_doa65_3spk.wav,SepFormer-sepformer-libri3mix,1,16.895875,106,1,speechbrain/sepformer-libri3mix,0,10.261825321570441,,text_fileid_53_doa106_spk1.txt,0.35714285714285715,15,42,4.019031047821045,10.774182319641113,6.755151271820068,4.00888729095459,10.244721412658691,6.235834121704102,1.0864331722259521,1.629343867301941,0.5429106950759888,LITTLE DID I THEN THINK THAT THESE PEOPLE PLACED BY A SEEMING CHANCE IN AN ADJOINING STATEROOM WERE TO BE MY FELLOW WORKERS AND TRUE FRIENDS NOT ONLY FOR THE COMING MONTHS IN THAT ARCTIC LAND TO WHICH WE WERE GOING BUT,"Did it what I then think that these people placed by a senior's chance and then joined the state groups were to be my fellow workers and my few friends, not only for the coming months in that Arctic land which was going, but...",0.530590497999583,0.45923001400115027,0.3622021270002733,1.3520226390010066,0.03140355252389018,0.027180007783032856,0.021437311000482268,0.0800208713074053,1
54,mic_fileid_54_doa45_3spk.wav,SepFormer-sepformer-libri3mix,1,14.5195,327,1,speechbrain/sepformer-libri3mix,2,9.882300822157347,,text_fileid_54_doa327_spk1.txt,0.3548387096774194,11,31,4.955076217651367,10.358193397521973,5.4031171798706055,4.9444379806518555,9.882283210754395,4.937845230102539,1.1045811176300049,1.5531513690948486,0.44857025146484375,WHILE HE HIMSELF STROVE TO ENJOY LIFE IN A SHY AND BOYISH FASHION THAT WAS AS UNUSUAL IN A MAN OF HIS WEALTH AS IT WAS ADMIRABLE HE HAD NEVER MARRIED,"While he himself strode to be joy-like in a shy and foolish fashion, that was as unusual in the manner as it was admirable. He had never met us.",0.3551113510002324,0.33102936999966914,0.2632962490006321,0.9494369700005336,0.02445754681636643,0.022798951065785264,0.018133974930309726,0.06539047281246142,1
55,mic_fileid_55_doa55_3spk.wav,SepFormer-sepformer-libri3mix,1,16.039125,144,1,speechbrain/sepformer-libri3mix,2,5.249379129550419,,text_fileid_55_doa144_spk1.txt,0.4666666666666667,14,30,1.9092515707015991,5.868149757385254,3.958898186683655,1.895160436630249,5.251246452331543,3.356086015701294,1.0452173948287964,1.1176356077194214,0.072418212890625,IT WAS AS THOUGH THE SPIRIT OF THE DEEP HAD TAKEN FORM IN THE SUBSTANCE OF THE NOBLEST OF ALL THE FOWLS OF ITS DOMINIONS AND POISED ON TREMORLESS WINGS,"That was as though the spirit of the deep had taken form to transcend the marvelous past all the power of its eminence. And, please don't forget the word.",0.3899956770001154,0.3499985079997714,0.2911997120008891,1.031193897000776,0.024315271375471882,0.021821546250170843,0.018155585918863352,0.06429240354450608,1
56,mic_fileid_56_doa11_3spk.wav,SepFormer-sepformer-libri3mix,1,17.138125,64,1,speechbrain/sepformer-libri3mix,1,5.272730002584243,,text_fileid_56_doa64_spk1.txt,0.37142857142857144,13,35,2.7928781509399414,6.224420070648193,3.431541919708252,2.783179521560669,5.281710624694824,2.4985311031341553,1.2097444534301758,1.3808780908584595,0.1711336374282837,I REPAIRED UNDER THESE THOUGHTS TO MY BIBLE MY GREAT COMFORT IN THAT TIME AND THAT SCRIPTURE CAME TO MY HAND CAST THY BURDEN UPON THE LORD AND HE SHALL SUSTAIN THEE PSALM FIFTY FIVE,"Are you tenured under these thoughts to my Bible? My great comfort in that time. The inscription came to my hand. Cast thy word upon the Lord, he shall be to be. Psalm 25.",0.4453711240003031,0.4402797680013464,0.2673151550006878,1.1529660470023373,0.02598715577114201,0.025690077998692763,0.015597689653955017,0.0672749234237898,1
57,mic_fileid_57_doa15_3spk.wav,SepFormer-sepformer-libri3mix,1,16.733625,173,1,speechbrain/sepformer-libri3mix,1,5.269681471368077,,text_fileid_57_doa173_spk1.txt,0.43243243243243246,16,37,3.4610376358032227,7.751913547515869,4.2908759117126465,3.4454891681671143,5.2695794105529785,1.8240902423858643,1.3396108150482178,1.6462459564208984,0.30663514137268066,WHILE ON THE OTHER HAND I DID AFTERWARDS DISCOVER THESE AS SOON AS I SUPPOSED GOD TO HAVE CREATED A RATIONAL SOUL AND TO HAVE ANNEXED IT TO THIS BODY IN A PARTICULAR MANNER WHICH I DESCRIBED,"While on hell of it, I did after much discovery, need as soon as I supposed to I to have created the Rancid Soul, and to have amiccid in this holy art in a particular manner, which I described.",0.4371244320009282,0.46556266200059326,0.2718090590005886,1.17449615300211,0.026122518701173728,0.027821984895717054,0.016243286137975998,0.07018778973486678,1
58,mic_fileid_58_doa91_3spk.wav,SepFormer-sepformer-libri3mix,1,17.251375,128,1,speechbrain/sepformer-libri3mix,1,2.90584577741328,,text_fileid_58_doa128_spk1.txt,0.26,13,50,4.11196756362915,5.948994159698486,1.837026596069336,4.096289157867432,2.9054160118103027,-1.190873146057129,1.351789951324463,1.4232556819915771,0.07146573066711426,IT MADE LITTLE DIFFERENCE TO HIM WHETHER THERE WAS A DRY STRIP ALONG THE EDGE OF THE STREAM WHERE HE COULD STEAL SILENTLY ALONG WITHOUT WETTING HIS FEET WHEN HE FOUND NO PLACE TO WALK HE SWAM NOW MASTER MEADOW MOUSE WAS WELL AWARE OF THIS TRICK OF PETER MINK'S,"It made little difference to him whether there was a dry strip along the edge of the street where he could still silently along with that wetty feet. When he found that place to fall, he fled. Now, Master Pettinhouse was well aware of this trick of pee and me.",0.41432596999948146,0.5500204879990633,0.3645588229992427,1.3289052809977875,0.024016982414415168,0.0318827043061242,0.021132160363985058,0.07703184708452443,1
59,mic_fileid_59_doa11_3spk.wav,SepFormer-sepformer-libri3mix,1,16.365375,257,1,speechbrain/sepformer-libri3mix,1,5.063081992239384,,text_fileid_59_doa257_spk1.txt,0.3333333333333333,11,33,4.756491184234619,6.534625053405762,1.7781338691711426,4.74021577835083,5.059883117675781,0.31966733932495117,1.4081659317016602,1.6174800395965576,0.20931410789489746,WHEREAS THE OTHERS BEING ROUND ARE MORE CONVENIENTLY CLOSED WITH THREE BESIDES I WISH SUCH PERSONS TO OBSERVE THAT THE GRAND ARTERY AND THE ARTERIAL VEIN ARE OF MUCH HARDER AND FIRMER TEXTURE,"Whereas the others are being rallied, far more can be the close to three. Besides, I wish such persons to observe that grand artery and arterial vein are in much harder and firmer texture.",0.4042368760001409,0.3891446069992526,0.2834861439987435,1.076867626998137,0.02470074019080778,0.023778532847505942,0.017322312748638116,0.06580158578695185,1
60,mic_fileid_60_doa144_3spk.wav,SepFormer-sepformer-libri3mix,1,16.481375,144,1,speechbrain/sepformer-libri3mix,0,7.5367663634106385,,text_fileid_60_doa144_spk1.txt,0.4,12,30,5.97398042678833,8.303173065185547,2.329192638397217,5.963377475738525,7.538787841796875,1.5754103660583496,1.4090924263000488,1.6359117031097412,0.22681927680969238,AND SHEWED HIMSELF TO HIS COURTIERS WHO EAGER TO KNOW THE SUCCESS OF THE NEW MEDICINE CAME THITHER BETIMES AND WHEN THEY SAW THE KING PERFECTLY CURED EXPRESSED GREAT JOY,"and showed themselves to the court each who was eager to know the success of the new medicine, clean the other bit on it, and when they saw the king perfectly cured, expressed great joy.",0.43709709299946553,0.3671507510007359,0.2448260629989818,1.0490739069991832,0.026520669118897274,0.02227670634281035,0.014854711029812851,0.06365208649152047,1
61,mic_fileid_61_doa93_3spk.wav,SepFormer-sepformer-libri3mix,1,16.27275,149,1,speechbrain/sepformer-libri3mix,1,11.85916670872877,,text_fileid_61_doa149_spk1.txt,0.25,7,28,2.266450881958008,13.184672355651855,10.918221473693848,2.247425079345703,11.908244132995605,9.660819053649902,1.075989007949829,1.5233900547027588,0.4474010467529297,A SILVER WEB HAS THE MOON SPUN A SILVER WEB UPON ALL THE SKY WHERE THE FRAIL STARS QUIVER EVERY ONE LIKE TANGLED GNATS THAT HUM AND DIE,"A silver web has a moon sun. A silver web upon all the sky, where the frail stars fliver. Everyone like tangled mats that hum them die.",0.4281830180007091,0.30712363500060746,0.2641542080000363,0.9994608610013529,0.026312886144057347,0.018873493109683826,0.016232917484754347,0.06141929673849552,1
62,mic_fileid_62_doa56_3spk.wav,SepFormer-sepformer-libri3mix,1,17.070125,308,1,speechbrain/sepformer-libri3mix,1,3.820519212799552,,text_fileid_62_doa308_spk1.txt,0.59375,19,32,0.8037528395652771,5.125099182128906,4.321346342563629,0.7818584442138672,3.8138720989227295,3.0320136547088623,1.1861997842788696,1.5305514335632324,0.3443516492843628,REMOVED CRIED BINGLEY IT MUST NOT BE THOUGHT OF MY SISTER I AM SURE WILL NOT HEAR OF HER REMOVAL YOU MAY DEPEND UPON IT MADAM SAID MISS BINGLEY WITH COLD CIVILITY,"Oh, Christ, mainly. It must not be thought of. My sister, I am sure, was not serious. You make penance, Madam, that misbehaves with the court of the media.",0.42846861199905106,0.3878989620006905,0.2685645370002021,1.0849321109999437,0.025100496452079353,0.022723850118302618,0.015733015253268624,0.0635573618236506,1
63,mic_fileid_63_doa174_3spk.wav,SepFormer-sepformer-libri3mix,1,17.973875,312,1,speechbrain/sepformer-libri3mix,0,3.5873813446198506,,text_fileid_63_doa312_spk1.txt,0.44,22,50,3.60136342048645,3.9579203128814697,0.35655689239501953,3.588113307952881,3.6599204540252686,0.0718071460723877,1.0464472770690918,1.056603193283081,0.010155916213989258,AND THAT IF SHE NOTICED ANYTHING ODD OR OUT OF PLACE SHE WOULD NEVER REST UNTIL SHE HAD FERRETED OUT THE WHYS AND WHEREFORES THEREOF THERE ARE PLENTY OF PEOPLE IN AVONLEA AND OUT OF IT WHO CAN ATTEND CLOSELY TO THEIR NEIGHBOR'S BUSINESS BY DINT OF NEGLECTING THEIR OWN,"And that if she noticed anything odd or out of place, she would never rest until she had pherited out the wine and the ware for a moment. There are plenty of people in Abuzan and out of it who can find a way to eliminate resistance by disinterpreting their own. And so we target it.",0.46840011499989487,0.6416429199998674,0.38152190599976166,1.491564940999524,0.026060051880849002,0.03569864150050379,0.021226469306132464,0.08298516268748525,1
64,mic_fileid_64_doa6_3spk.wav,SepFormer-sepformer-libri3mix,1,16.112625,327,1,speechbrain/sepformer-libri3mix,1,4.659465462055666,,text_fileid_64_doa327_spk1.txt,0.6285714285714286,22,35,4.892755508422852,6.4142560958862305,1.521500587463379,4.881126403808594,4.695626735687256,-0.1854996681213379,1.3453004360198975,1.5636894702911377,0.21838903427124023,AND THEIR MOTHER WAS TENDING AND WATCHING THEM THE OLDEST WAS EIGHT YEARS THE YOUNGEST THREE MONTHS COUSIN ALICE GAVE US DESCRIPTIONS OF THEIR TASTES AND HABITS DWELLING WITH EMPHASIS ON THOSE OF THE BABY,"And their mothers were taken and watched in the room. The oldest was eight years, the under fifty-month. Because the Alice gave the description of the cave and the tablet the world's emphasis on those they debated.",0.42219833099989046,0.43309138900076505,0.24880265400133794,1.1040923740019934,0.02620295147438052,0.02687900878973879,0.015441472385867475,0.06852343264998678,1
65,mic_fileid_65_doa48_3spk.wav,SepFormer-sepformer-libri3mix,1,16.14525,218,1,speechbrain/sepformer-libri3mix,0,10.949799257490877,,text_fileid_65_doa218_spk1.txt,0.40476190476190477,17,42,2.3698315620422363,11.263882637023926,8.89405107498169,2.3590035438537598,10.940412521362305,8.581408977508545,1.0997039079666138,1.5727794170379639,0.4730755090713501,MY LAST HOPE IS GONE SHE TOLD MARILLA I WENT UP AND SAW MISSUS BARRY MYSELF AND SHE TREATED ME VERY INSULTINGLY MARILLA I DO NOT THINK SHE IS A WELL BRED WOMAN THERE IS NOTHING MORE TO DO EXCEPT TO PRAY,"My last hope is gone. I went out with Thomas and buried myself, and he treated me very insultingly. You realize? I do not think you're well-drag-moving. There is nothing more to do except to pray.",0.42312229900016973,0.489176614999451,0.2872856279991538,1.1995845419987745,0.02620723116707203,0.030298485003295145,0.017793817252699944,0.07429953342306712,1
66,mic_fileid_66_doa58_3spk.wav,SepFormer-sepformer-libri3mix,1,16.93675,242,1,speechbrain/sepformer-libri3mix,2,6.861405797508811,,text_fileid_66_doa242_spk1.txt,0.7674418604651163,33,43,4.6277618408203125,7.337124347686768,2.709362506866455,4.610780239105225,6.861016750335693,2.2502365112304688,1.4106262922286987,1.639875888824463,0.22924959659576416,HIS EYES STILL SMILED BUT HIS VOICE WAS HARDER BYGONES ARE BYGONES ISN'T THAT SO BOBBY SINCE YOU WISH IT BOBBY SAID BUT MORE IMPORTANT THAN THE KNOWLEDGE GRAHAM DESIRED LOOMED THE OLD QUESTION WHAT WAS THE MAN'S GAME WHAT HELD HIM HERE,"The time still is now, but his voice was heard. Bygones are bygones, and that's still about it. Still, we wish it was about to be said. But more important than the knowledge that grand desires will be a question of what we can ask of games. I like all of it here.",0.43289090899997973,0.6716233160004776,0.3485399450000841,1.4530541700005415,0.025559266624351172,0.039654793038834346,0.020578915376331594,0.08579297503951712,1
67,mic_fileid_67_doa77_3spk.wav,SepFormer-sepformer-libri3mix,1,17.3005,77,1,speechbrain/sepformer-libri3mix,0,8.013127302970053,,text_fileid_67_doa77_spk1.txt,0.2972972972972973,11,37,4.831374645233154,8.911344528198242,4.079969882965088,4.819470405578613,8.33296012878418,3.5134897232055664,1.2078115940093994,1.4915802478790283,0.2837686538696289,AND THE REST OF THE PARTY CROWDED UP AS CLOSE AS THEY COULD THEY ARE HER DAUGHTER'S WEDDING CLOTHES SAID MISSUS FISHER I DO BELIEVE FOR THE OLD WOMAN WAS WORKING FEARFULLY HARD TO MAKE THEM UNDERSTAND,"And the rest of the party crowded up as close as they could. They are her daughter's wedding clothes, the old deathmatch that she gives Sherman's eyes to believe. For the old woman was worse than fearfully hard to make them understand.",0.43587448399921414,0.492824921000647,0.27454599300108384,1.203245398000945,0.02519432871877773,0.028486166353610995,0.015869251929197643,0.06954974700158637,1
68,mic_fileid_68_doa31_3spk.wav,SepFormer-sepformer-libri3mix,1,16.753375,357,1,speechbrain/sepformer-libri3mix,2,8.06501521915642,,text_fileid_68_doa357_spk1.txt,0.5853658536585366,24,41,3.396272659301758,8.74336051940918,5.347087860107422,3.383575677871704,8.062122344970703,4.678546667098999,1.2678897380828857,1.5721393823623657,0.30424964427948,AFTER CAREFULLY SCANNING THE JAGGED TOWERS AND BATTLEMENTS WITH WHICH IT IS ROUGHENED I DETERMINED TO MAKE IT MY WAY THOUGH IT PRESENTED BUT A FEEBLE ADVERTISEMENT OF ITS FLORAL WEALTH THIS APPARENT BARRENNESS HOWEVER MADE NO GREAT OBJECTION JUST THEN,"After carefully scanning the jacket tower some admins who which are spiked are determined to make his mileage, though presented by the fewer advertising of its core will. This apparent bareness of it made no greater judgment just then.",0.4298525960002735,0.4468189999988681,0.3581865390005987,1.2348581349997403,0.02565767172287814,0.026670387309952064,0.021379963082101293,0.07370802211493149,1
69,mic_fileid_69_doa229_3spk.wav,SepFormer-sepformer-libri3mix,1,15.836375,304,1,speechbrain/sepformer-libri3mix,1,4.345379327563907,,text_fileid_69_doa304_spk1.txt,0.38235294117647056,13,34,3.357842445373535,6.732623100280762,3.3747806549072266,3.34289288520813,4.345639705657959,1.002746820449829,1.3119797706604004,1.3648375272750854,0.05285775661468506,OF GOLD RINGS AND SILVER CROSSES GATHERED IN HARVEST TIME IN FURROWS SOWN WITH CORPSES DID NOT AMOUNT TO A LARGE TOTAL AND DID NOT CARRY THIS SUTLER TURNED EATING HOUSE KEEPER VERY FAR,Gold ring and silver crosses gathered in harvest time in the first moment forces did not amount to a large total and did not share the distance that's are turned eating housekeeper very far.,0.3657727280005929,0.376628943000469,0.2666107519999059,1.0090124230009678,0.023096998397713675,0.023782522389149602,0.01683533965316595,0.06371486044002922,1
70,mic_fileid_70_doa238_3spk.wav,SepFormer-sepformer-libri3mix,1,17.772375,288,1,speechbrain/sepformer-libri3mix,1,7.1982236827703545,,text_fileid_70_doa288_spk1.txt,0.7083333333333334,34,48,5.174876689910889,7.502085208892822,2.3272085189819336,5.167538642883301,7.1981329917907715,2.0305943489074707,1.1337860822677612,1.2622073888778687,0.12842130661010742,AND THEN SAT DOWN UNTIL IT SHOULD STOP ACHING WAIT FOR ME HE CALLED OUT TO HIS BROTHERS AND SISTERS I'M COMING IN A MINUTE THE OTHER LITTLE TURTLES WAITED BUT WHEN HIS TOE WAS COMFORTABLE AGAIN AND HE STARTED TOWARD THEM HE MET A VERY INTERESTING SNAIL,"Princess now will be able to stop eating. Wait for me, he called out to her brother and said, I'm coming in a minute. She ever got a taste of weed, but when the tone of the pressure goes, I'm starting to worry, he never buried himself in his nail.",0.4608768849993794,0.646709020000344,0.401766173001306,1.5093520780010294,0.02593220574061595,0.036388441049682106,0.022606217402080814,0.08492686419237887,1
71,mic_fileid_71_doa92_3spk.wav,SepFormer-sepformer-libri3mix,1,17.56175,92,1,speechbrain/sepformer-libri3mix,1,4.5274298857902435,,text_fileid_71_doa92_spk1.txt,0.5967741935483871,37,62,5.99242639541626,6.209910869598389,0.2174844741821289,5.977656841278076,4.4988532066345215,-1.4788036346435547,1.4512699842453003,1.6131107807159424,0.1618407964706421,HAD WE SUCCEEDED IN GETTING A FEW GOOD FIRES UPON THEM IN FLANK WE SHOULD HAVE SENT THESE BRAVE VIRGINIANS TO THE RIGHT ABOUT AYE AND THAT IN DOUBLE QUICK TIME CRIED THE COLONEL MAKING THE OTHER LEG FOLLOW ITS COMPANION THEN IT WAS NECESSARY TO ROUT THE GUIDES YOU KNOW AND THE MOVEMENT GAVE THEM THE BEST POSSIBLE OPPORTUNITY TO CHARGE,"Have you received any evidence that you could fire the pilot in the flank? You should have sent these brave recipients to the right of answer. I have done it in a quick time, but I have made an opinion that they should follow the committee. That it was necessary to route the guys, you know, so that the movement gave them the best possible opportunity to charge.",0.45029703300133406,0.7881195019999723,0.379368596999484,1.6177851320007903,0.02564078369190622,0.044877048244051546,0.02160198140842934,0.09211981334438711,1
72,mic_fileid_72_doa57_3spk.wav,SepFormer-sepformer-libri3mix,1,16.5355,57,1,speechbrain/sepformer-libri3mix,1,5.98722726735499,,text_fileid_72_doa57_spk1.txt,0.24444444444444444,11,45,2.3810746669769287,6.568270683288574,4.1871960163116455,2.3556227684020996,5.986125469207764,3.630502700805664,1.2433006763458252,1.7146060466766357,0.47130537033081055,YOUR DAUGHTER WILL BE MARRIED TO MORROW IF NOT TO DAY IN A WEEK IF NOT TO MORROW AND I DO NOT THINK YOU CAN REGRET THE INTENDED HUSBAND OF YOUR DAUGHTER MADAME DANGLARS GAZED ON VILLEFORT STUPEFIED TO FIND HIM SO ALMOST INSULTINGLY CALM,"Your daughter will be married tomorrow if not a day. In a week, it's not tomorrow. And I do not think she can regret the intended husband of your daughter. Madame Deglauer gazed on Villa Four. Stupified to find him so almost insultingly calm.",0.4443958449992351,0.6397330939998938,0.34647159399901284,1.4306005329981417,0.026875258988191174,0.03868846385049704,0.020953197302713125,0.08651692014140133,1
73,mic_fileid_73_doa97_3spk.wav,SepFormer-sepformer-libri3mix,1,14.284375,97,1,speechbrain/sepformer-libri3mix,2,7.90613004792155,,text_fileid_73_doa97_spk1.txt,0.5161290322580645,16,31,5.962804794311523,9.188272476196289,3.2254676818847656,5.880989074707031,7.909121990203857,2.028132915496826,1.391947627067566,1.6766844987869263,0.28473687171936035,CARLING'S PEN TRAVELLED HALTINGLY ACROSS THE PAPER THEN WITH A QUEER LOW CRY AS HE SIGNED HIS NAME HE DROPPED THE PEN FROM HIS FINGERS AND RISING UNSTEADILY FROM HIS CHAIR,"Carlson's travels all the way across the Capricorn with a queer, so bright and sign-like name. He drops a pen from his fingers and, rising unseverly from his chair.",0.33587387099942134,0.39553064899882884,0.23869138100053533,0.9700959009987855,0.02351337534889845,0.027689741343168938,0.0167099632290902,0.0679130799211576,1
74,mic_fileid_74_doa76_3spk.wav,SepFormer-sepformer-libri3mix,1,16.900375,116,1,speechbrain/sepformer-libri3mix,1,9.76081939498451,,text_fileid_74_doa116_spk1.txt,0.24390243902439024,10,41,5.730560779571533,11.234264373779297,5.503703594207764,5.720691204071045,9.759622573852539,4.038931369781494,1.4261443614959717,1.84348464012146,0.4173402786254883,LIKE THIS HE SAID IT DOES ME GOOD YOU DON'T KNOW WHAT IT IS TO ME YOU DON'T WORDS SEEMED TO FAIL HIM IT WAS A DISTINCT GLIMPSE HE WAS A YOUNGSTER OF THE SORT YOU LIKE TO SEE ABOUT YOU,"Like this, I said. It does me good. You don't know what it is to me. You don't. Words seem to fail. It wasn't as in glimpse. You was a yonster of the sword you'd like to see about you.",0.4415179869993153,0.5655563770014851,0.3108580419993814,1.3179324060001818,0.026124744983428788,0.03346413183148215,0.01839355884111337,0.07798243565602431,1
75,mic_fileid_75_doa172_3spk.wav,SepFormer-sepformer-libri3mix,1,17.380375,204,1,speechbrain/sepformer-libri3mix,1,4.306660545897267,,text_fileid_75_doa204_spk1.txt,0.09523809523809523,4,42,3.7183005809783936,7.026650905609131,3.3083503246307373,3.702012538909912,4.3033928871154785,0.6013803482055664,1.170198678970337,1.3407554626464844,0.17055678367614746,BUT IT WAS NOT IN MISTER WESTON'S NATURE TO IMAGINE THAT ANY CAPRICE COULD BE STRONG ENOUGH TO AFFECT ONE SO DEAR AND AS HE BELIEVED SO DESERVEDLY DEAR HE SAW HIS SON EVERY YEAR IN LONDON AND WAS PROUD OF HIM,"But it was not in his dewestern's nature to imagine that any of these could be strong enough to affect one so dear, and as he believed, so deservedly dear. He saw his son every year in London, and was proud of him.",0.4428098520002095,0.46192529299878515,0.3801640599995153,1.28489920499851,0.025477577555156863,0.026577406586381774,0.02187317937613632,0.07392816351767496,1
76,mic_fileid_76_doa66_3spk.wav,SepFormer-sepformer-libri3mix,1,16.727375,66,1,speechbrain/sepformer-libri3mix,2,8.255128100829241,,text_fileid_76_doa66_spk1.txt,0.6190476190476191,26,42,4.270410537719727,9.048681259155273,4.778270721435547,4.26120662689209,8.255026817321777,3.9938201904296875,1.2463105916976929,1.5467277765274048,0.3004171848297119,AND YET THESE MUST BE REACHED BEFORE JUNE OR THE YEAR'S EXPEDITION WOULD BE OF LITTLE AVAIL EVERY BLACKSMITH'S SHOP RUNG WITH THE RHYTHMICAL CLANG OF BUSY HAMMERS BEATING OUT OLD IRON SUCH AS HORSESHOES NAILS OR STUBS INTO THE GREAT HARPOONS,"and yet these must be reached before it is. For the year's expedition with the Azul Abel, every blacksmith's shop runs the rhythm of displaying his busy hammers, feeding out old iron for the spurshoes, nail for studs, and the great harps from the east.",0.5479119950014137,0.6036509069999738,0.33798846199897525,1.4895513640003628,0.03275540812598592,0.03608760531762897,0.020205708426993194,0.08904872187060808,1
77,mic_fileid_77_doa164_3spk.wav,SepFormer-sepformer-libri3mix,1,15.385625,267,1,speechbrain/sepformer-libri3mix,0,4.12766547137589,,text_fileid_77_doa267_spk1.txt,0.23529411764705882,8,34,4.27323579788208,7.238746166229248,2.965510368347168,4.260466575622559,4.127151966094971,-0.1333146095275879,1.174440622329712,1.4199250936508179,0.24548447132110596,GRANDEUR SAID PANGLOSS IS EXTREMELY DANGEROUS ACCORDING TO THE TESTIMONY OF PHILOSOPHERS FOR IN SHORT EGLON KING OF MOAB WAS ASSASSINATED BY EHUD ABSALOM WAS HUNG BY HIS HAIR AND PIERCED WITH THREE DARTS,"Grandeur said hanging loss is extremely dangerous according to a testimony of the philosophers. For in short, a long king of Boad was assassinated by Eidut. Absalom was hung by his hair and pierced with three darts.",0.47927418399922317,0.4853260039999441,0.2689443660001416,1.2335445539993088,0.03115077769016359,0.031544120177109745,0.01748023664947908,0.08017513451675241,1
78,mic_fileid_78_doa78_3spk.wav,SepFormer-sepformer-libri3mix,1,15.820125,78,1,speechbrain/sepformer-libri3mix,1,5.445021391603733,,text_fileid_78_doa78_spk1.txt,0.2727272727272727,12,44,3.3870928287506104,8.352522850036621,4.965430021286011,3.364985466003418,5.444826602935791,2.079841136932373,1.2238025665283203,1.521371841430664,0.29756927490234375,I PRAY GOD HE MAY REMEMBER THESE THINGS NOW HE IS RETURNED IN SAFETY AT THIS PLACE THE SUN NOW GETTING HIGHER WHAT WITH THE BEAMS AND HEAT OF THE SUN AND THE SMOKE OF THE WIGWAMS I THOUGHT I SHOULD HAVE BEEN BLIND,"My friend God, you may remember these things now. He has returned to the safe. At this place, the sun now is getting higher. One with the beams at the heat of the sun and the smoke of the wigwaves. I thought I should have been blind.",0.47548610999911034,0.5410141119991749,0.25679502799903275,1.273295249997318,0.030055774527641868,0.03419784053534185,0.01623217439805518,0.08048578946103889,1
79,mic_fileid_79_doa98_3spk.wav,SepFormer-sepformer-libri3mix,1,15.89875,98,1,speechbrain/sepformer-libri3mix,2,4.8084742415811546,,text_fileid_79_doa98_spk1.txt,1.1379310344827587,33,29,3.591815710067749,5.085721015930176,1.4939053058624268,3.5722949504852295,4.814830303192139,1.2425353527069092,1.293771743774414,1.462260127067566,0.16848838329315186,FROM INSULTING OR WRONGING THE PEOPLE OF OTHER NATIONS BUT THEY ALWAYS ARDENTLY ADVOCATE THAT WE IN OUR TURN SHALL TAMELY SUBMIT TO WRONG AND INSULT FROM OTHER NATIONS,"From its own time to death, for a mother here is rounded, But they always artently at the care of each other, Shall pay their respect back into wrong, And it shall be called out of account for its love.",0.5065951809992839,0.4933807409997826,0.307856298999468,1.3078322209985345,0.031863837156964156,0.031032674958709493,0.019363553675569967,0.08226006579124362,1
80,mic_fileid_80_doa69_3spk.wav,SepFormer-sepformer-libri3mix,1,17.273,315,1,speechbrain/sepformer-libri3mix,2,3.28546258634633,,text_fileid_80_doa315_spk1.txt,1.263157894736842,48,38,4.794918537139893,4.132384777069092,-0.6625337600708008,4.781584739685059,3.369466781616211,-1.4121179580688477,1.4250080585479736,1.5332881212234497,0.10828006267547607,PERHAPS THEY DON'T KNOW MUCH ABOUT IT AT THE PEOPLE'S BANNER OFFICE I THOUGHT MISTER SLIDE AND THE PEOPLE'S BANNER HAD GONE OVER TO THE OTHER SIDE BUNCE MISTER SLIDE IS PRETTY WIDE AWAKE WHATEVER SIDE HE'S ON,"But she must have done very much of that to the other side. I will not be blind until she finds out I don't know who's the other side by persuading him. So she's blind, and she's one like a wager for the devil's eyes. I don't mean it locally, and I'm self-sacrificing.",0.5512415140001394,0.7342804319996503,0.2610812189996068,1.5466031649993965,0.03191347849245293,0.04251030116364559,0.015114989810664435,0.08953876946676295,1
81,mic_fileid_81_doa77_3spk.wav,SepFormer-sepformer-libri3mix,1,14.8545,289,1,speechbrain/sepformer-libri3mix,0,6.163693770007744,,text_fileid_81_doa289_spk1.txt,0.75,24,32,4.389159202575684,6.400114059448242,2.0109548568725586,4.350899696350098,6.143803596496582,1.7929039001464844,1.2298779487609863,1.4359545707702637,0.20607662200927734,SO YOU'RE AT THE OLD GAME MISTER FINN SAID HIS LANDLORD YES AT THE OLD GAME I SUPPOSE IT'S THE SAME WITH YOU NOW MISTER BUNCE HAD BEEN A VERY VIOLENT POLITICIAN,"So you're at the old game Mr. Fishman. I think it's like... Or at the end of the game, I think it's just a confusion. The behavior with the other has been very violent, a game of addition.",0.4413656440010527,0.5184486569996807,0.24925443299980543,1.2090687340005388,0.029712588373964302,0.0349017911743701,0.016779725537702746,0.08139410508603714,1
82,mic_fileid_82_doa185_3spk.wav,SepFormer-sepformer-libri3mix,1,16.23125,243,1,speechbrain/sepformer-libri3mix,2,9.7029866007351,,text_fileid_82_doa243_spk1.txt,0.3,12,40,5.421879291534424,10.788370132446289,5.366490840911865,5.406508445739746,9.6901216506958,4.283613204956055,1.1868855953216553,1.8570220470428467,0.6701364517211914,FOLLOWED HIM IN AN OPEN BOAT AS SOON AS SHE HAD GOT ON THE QUARTER DECK SHE FLEW AT HER HUSBAND AND ATTEMPTED TO STRIKE HIM WITH SUCH IMPETUOSITY THAT HE THOUGHT IT MOST PRUDENT TO SLIP ON ONE SIDE,"followed him in an open-ended suit. As soon as she had got on the quarter deck, she flew with her husband, and the passage to the crime scene was such a petuosity that he thought it was most prudent to slip on one side.",0.5265632249993359,0.5663707009989594,0.3482882469998003,1.4412221729980956,0.032441323065034174,0.034893843727313634,0.02145788198689567,0.08879304877924347,1
83,mic_fileid_83_doa43_3spk.wav,SepFormer-sepformer-libri3mix,1,16.544125,43,1,speechbrain/sepformer-libri3mix,1,7.505888017224773,,text_fileid_83_doa43_spk1.txt,0.21428571428571427,9,42,5.11854887008667,9.597517967224121,4.478969097137451,5.1102190017700195,7.505862712860107,2.395643711090088,1.3019825220108032,1.6878643035888672,0.38588178157806396,AND THAT THE MONKEY MEN WERE GETTING AHEAD WERE THEY TOO GREAT MINDED AND DECENT TO EXTERMINATE THEIR PUNY RIVALS IT MAY HAVE BEEN THEIR TOLERANCE AND PATIENCE THAT BETRAYED THEM THEY WAIT TOO LONG BEFORE THEY RESENT AN IMPOSITION OR INSULT,"and that the monkey men were getting him, where they too great-minded and decent to exterminate their puny rivals. They may have been their tolerance and patience they'd be traitors. They wait too long before they resent and imposition or insult.",0.5345392700000957,0.5857747749996634,0.34458068599997205,1.464894730999731,0.03230991484893252,0.035406815108061825,0.020827978874674365,0.0885447088316687,1
84,mic_fileid_84_doa2_3spk.wav,SepFormer-sepformer-libri3mix,1,18.087375,41,1,speechbrain/sepformer-libri3mix,1,8.140062840980713,,text_fileid_84_doa41_spk1.txt,0.5263157894736842,20,38,3.6972928047180176,8.810795783996582,5.1135029792785645,3.6792664527893066,8.142422676086426,4.463156223297119,1.1321969032287598,1.4718924760818481,0.3396955728530884,POOR MISSUS LOW WE CAN FORESEE THAT THERE IS MUCH GRIEF IN STORE FOR HER AND SOME ROCKS AHEAD TOO IN THE POLITICAL CAREER OF HER HUSBAND PHINEAS WAS STILL IN LONDON HANGING ABOUT THE CLUBS DOING NOTHING,"Once alone, we can succeed, but there is much to breathe in the door for us, and some rock the head too in the political career of the country. Phineas was human-minded, painting about the class, doing nothing.",0.5594882850000431,0.46132214899989776,0.2724181909998151,1.293228624999756,0.03093253083988379,0.025505201777477258,0.015061234203405143,0.07149896682076619,1
85,mic_fileid_85_doa23_3spk.wav,SepFormer-sepformer-libri3mix,1,17.05275,173,1,speechbrain/sepformer-libri3mix,1,10.11646787657841,,text_fileid_85_doa173_spk1.txt,0.2,8,40,3.0127062797546387,10.792664527893066,7.779958248138428,2.999415159225464,10.11644172668457,7.1170265674591064,1.271450400352478,2.1902670860290527,0.9188166856765747,HE CONTEMPLATED WITH UNSPEAKABLE DELIGHT THE LARGE DIAMOND WHICH SHONE ON THE MAJOR'S LITTLE FINGER FOR THE MAJOR LIKE A PRUDENT MAN IN CASE OF ANY ACCIDENT HAPPENING TO HIS BANK NOTES HAD IMMEDIATELY CONVERTED THEM INTO AN AVAILABLE ASSET,"He contemplated with unspeakable delays the large diamond which shows on the major's little finger, for the major, like it was in Van, in case of any accident happening to his banknotes, had immediately converted them into an available asset.",0.5482366640007967,0.5086532499990426,0.3515944739992847,1.408484387999124,0.032149457653504375,0.02982822418665861,0.020618051282009334,0.08259573312217232,1
86,mic_fileid_86_doa84_3spk.wav,SepFormer-sepformer-libri3mix,1,17.021125,290,1,speechbrain/sepformer-libri3mix,2,4.0488557078216365,,text_fileid_86_doa290_spk1.txt,0.20833333333333334,10,48,3.811379909515381,5.18931770324707,1.3779377937316895,3.795886278152466,4.031965255737305,0.23607897758483887,1.276016354560852,1.4908850193023682,0.2148686647415161,THEN THE WOMAN SERVED UP FOUR DIFFERENT THINGS ROAST MEAT SALAD CAKES AND WINE JUST AS THEY WERE ABOUT TO SIT DOWN AND EAT THERE WAS A KNOCKING OUTSIDE THE WOMAN SAID OH HEAVENS IT IS MY HUSBAND SHE QUICKLY HID THE ROAST MEAT INSIDE THE TILED STOVE,"Then the woman served up four different things. Roast meat, salad, salami, and wine. She heard it. Just that they were about to sit down and eat, there was nothing outside. The woman said, oh heavens, it is my husband. She quickly hit the roast meat inside the toadstove.",0.5309366279998358,0.6802637640012108,0.3492830400009552,1.5604834320020018,0.03119280470590726,0.03996585208094123,0.020520561361305742,0.09167921814815423,1
87,mic_fileid_87_doa124_3spk.wav,SepFormer-sepformer-libri3mix,1,17.381125,124,1,speechbrain/sepformer-libri3mix,0,3.9064052026642515,,text_fileid_87_doa124_spk1.txt,1.1714285714285715,41,35,4.046781063079834,4.326244354248047,0.2794632911682129,4.031979560852051,4.232828617095947,0.20084905624389648,1.138352632522583,1.1877824068069458,0.04942977428436279,HE CAME UP INTO THE GARDEN AND ESTABLISHED HIMSELF UNDER A BURDOCK AND BEGAN TO PRACTISE ITALIAN SCALES THE RESULT WAS THAT POOR OLD DOCTOR BULLFROG INSTEAD OF BEING CONSIDERED AS A RESPECTABLE OLD BORE,"The same happens with the guy who just got arrested, though, under a burden. He can't practice to count the amount of charges. The result was that oral, possible charges. Instead of being feared that the inspector had a whole board to deal with, that's how it was under the other side.",0.5714696699997148,0.6427082360005443,0.2907877460002055,1.5049656520004646,0.032878750368558696,0.036977366885086224,0.016730087724483055,0.08658620497812797,1
88,mic_fileid_88_doa31_3spk.wav,SepFormer-sepformer-libri3mix,1,15.98675,122,1,speechbrain/sepformer-libri3mix,2,6.639382500981496,,text_fileid_88_doa122_spk1.txt,0.5945945945945946,22,37,6.144076347351074,7.03257417678833,0.8884978294372559,6.131962776184082,6.637529373168945,0.5055665969848633,1.286777138710022,1.3983234167099,0.11154627799987793,MISS CARLYLE'S EYES SEARCHING HER FACE INQUISITIVELY ALL THE TIME WHY DO YOU WEAR GLASSES BEGAN MISS CORNY ABRUPTLY AS SOON AS THEY WERE INDOORS ANOTHER DEEP FLUSH AND AN IMPERCEPTIBLE HESITATION MY EYES ARE NOT STRONG,"Ms. Carly, I'm searching her face exclusively all the time. Why be aware, classes? Began this corny, as the incident endures. I never beat flush in an untapped occasion. My heart is not strong.",0.5173589349997201,0.5779674429995794,0.27132653599983314,1.3666529139991326,0.032361732997621157,0.03615290431135655,0.016971963407186146,0.08548660071616386,1
89,mic_fileid_89_doa150_3spk.wav,SepFormer-sepformer-libri3mix,1,17.14725,226,1,speechbrain/sepformer-libri3mix,1,5.73478224592667,,text_fileid_89_doa226_spk1.txt,0.5833333333333334,28,48,3.715970754623413,6.608922481536865,2.892951726913452,3.7031359672546387,5.73471736907959,2.031581401824951,1.1799339056015015,1.3697668313980103,0.1898329257965088,GIRDLES STRINGS AND LOOPS MANY OF THEM BEAUTIFULLY MADE AND ORNAMENTED THE ANCIENT IRISH WORE A TROUSERS WHICH WAS SO TIGHT FITTING AS TO SHOW PERFECTLY THE SHAPE OF THE LIMBS WHEN TERMINATING BELOW THE ANKLES IT WAS HELD DOWN BY A SLENDER STRAP PASSING UNDER THE FOOT,"Gardling, she comes to me with the menu of my beauty made of the best things. The ancient Irish word, travel, is so tight-fitting, it's to show perfectly the short-lived. From terminating below the ankle, it was held down by a slender strap passing under the foot.",0.5550017860005028,0.669523474000016,0.36440475800009153,1.5889300180006103,0.032366810188251924,0.039045530566126696,0.021251498520176212,0.09266383927455484,1
90,mic_fileid_90_doa49_3spk.wav,SepFormer-sepformer-libri3mix,1,16.155625,290,1,speechbrain/sepformer-libri3mix,2,6.783081440523791,,text_fileid_90_doa290_spk1.txt,0.3125,10,32,4.719535827636719,6.980804443359375,2.2612686157226562,4.702438831329346,6.7817182540893555,2.0792794227600098,1.3078420162200928,1.5779368877410889,0.2700948715209961,A REPRESENTATIVE ASSEMBLY DRAWN FROM AMONG THEMSELVES WOULD SIMPLY REFLECT THEIR OWN TURBULENT INSUBORDINATION IT WOULD REFUSE ITS AUTHORITY TO ALL PROCEEDINGS WHICH WOULD IMPOSE ON THEIR SAVAGE INDEPENDENCE ANY IMPROVING RESTRAINT,A representative assembly drawn from among themselves will simply reflect their own turgillance and extraordinaryness. What would refuse the authority to all proceedings which were imposed on their savage independence? Any impervious strength?,0.5264187039992976,0.4344080099999701,0.26332569899932423,1.224152412998592,0.03258423638821138,0.02688896344152393,0.016299319834381164,0.07577251966411648,1
91,mic_fileid_91_doa65_3spk.wav,SepFormer-sepformer-libri3mix,1,13.204125,144,1,speechbrain/sepformer-libri3mix,2,4.7346205423880585,,text_fileid_91_doa144_spk1.txt,0.25925925925925924,7,27,3.6666324138641357,6.240029335021973,2.573396921157837,3.6436028480529785,4.736664295196533,1.0930614471435547,1.2341283559799194,1.2801754474639893,0.046047091484069824,SATISFACTORY INDEED VERY SATISFACTORY BARBARA IVANOVNA TOLD ME TODAY HOW OUR TROOPS ARE DISTINGUISHING THEMSELVES IT CERTAINLY DOES THEM CREDIT AND THE PEOPLE TOO ARE QUITE MUTINOUS,"As a Baccalaureate Dean, very satisfactory. Barbara Cavanogra told me today how our troops are distinguishing themselves. It certainly does their credit, and the drill too are quite mutinous.",0.39724057499915943,0.4056008829993516,0.26228731800074456,1.0651287759992556,0.030084581522755914,0.030717740327310717,0.01986404384998965,0.08066636570005628,1
92,mic_fileid_92_doa79_3spk.wav,SepFormer-sepformer-libri3mix,1,17.673375,256,1,speechbrain/sepformer-libri3mix,0,2.333791165845767,,text_fileid_92_doa256_spk1.txt,0.7,28,40,1.5783802270889282,2.394731283187866,0.816351056098938,1.5655465126037598,2.324629545211792,0.7590830326080322,1.0995041131973267,1.187233567237854,0.08772945404052734,THE BREEZE THE SHINING SOLITUDE OF FIELDS OR WOODS HOWEVER MUCH ONE LOVES A WOMAN WHATEVER CONFIDENCE ONE MAY HAVE IN HER WHATEVER CERTAINTY HER PAST MAY OFFER US AS TO HER FUTURE ONE IS ALWAYS MORE OR LESS JEALOUS,"The shiny skeleton has been erected for black check. However, my bone rucks and wounds, whatever comes is when they happen to her. Whatever certain behavior attacks me, how it will pass to her future. What is always more or less jealous.",0.5452192930006277,0.554894040000363,0.4276217340011499,1.5277350670021406,0.030849755239201773,0.03139717456345282,0.024195816249083714,0.08644274605173831,1
93,mic_fileid_93_doa3_3spk.wav,SepFormer-sepformer-libri3mix,1,16.54,3,1,speechbrain/sepformer-libri3mix,1,5.344593457311554,,text_fileid_93_doa3_spk1.txt,0.1935483870967742,6,31,6.1997222900390625,8.058611869812012,1.8588895797729492,6.181352138519287,5.342188358306885,-0.8391637802124023,1.1682813167572021,1.2976640462875366,0.12938272953033447,SUCH AS HAVE GUIDED MEN ALONG THE PATH OF TRUTH SINCE THE BEGINNING OF THE WORLD FROM WHAT HO SHE BUMPS TO ICH DIEN AND MORE THE THOUGHT OCCURRED TO ME,Such a have guided men along the path of truth since the beginning of the world. From what held she bough to ifeem and more. The thought accords to me.,0.529088055000102,0.431031644999166,0.2561268169993127,1.2162465169985808,0.03198839510278731,0.026059954353033012,0.015485297279281302,0.07353364673510163,1
94,mic_fileid_94_doa101_3spk.wav,SepFormer-sepformer-libri3mix,1,14.641875,101,1,speechbrain/sepformer-libri3mix,0,6.310150028995042,,text_fileid_94_doa101_spk1.txt,0.3888888888888889,14,36,2.0128238201141357,6.605525016784668,4.592701196670532,1.992948055267334,6.306446075439453,4.313498020172119,1.2338738441467285,1.550176739692688,0.3163028955459595,IN HER YOUTH SHE HAD DECLINED THE ADDRESSES OF A GENTLEMAN WHO HAD THE RECOMMENDATIONS OF GOOD CHARACTER AND CONNECTIONS AND POSITION IN LIFE OF EVERYTHING IN FACT EXCEPT THE SUBTLE POWER OF TOUCHING HER HEART,"In her youth she declined the address of a gentleman who had the recognition of his character, his connections and position, of everything that he had accepted the subtle power of his channel.",0.44187121899994963,0.38455990700094844,0.25224261400035175,1.0786737400012498,0.030178595227725247,0.026264389431063195,0.01722748036029209,0.07367046501908053,1
95,mic_fileid_95_doa59_3spk.wav,SepFormer-sepformer-libri3mix,1,16.541875,125,1,speechbrain/sepformer-libri3mix,0,8.667107109745643,,text_fileid_95_doa125_spk1.txt,0.3,9,30,3.1728568077087402,9.973139762878418,6.800282955169678,3.1406264305114746,8.764044761657715,5.62341833114624,1.1081455945968628,1.5645043849945068,0.45635879039764404,WHICH A SAD EXPERIENCE HAS BROUGHT US IS WORTH OUR OWN PERSONAL SHARE OF PAIN SURELY IT IS NOT POSSIBLE TO FEEL OTHERWISE ANY MORE THAN IT WOULD BE POSSIBLE,"With just that experience, it has brought us to our own personal share of pain. And surely it is not possible to feel otherwise any nearer that it would be possible.",0.5253754870009288,0.35797641499993915,0.24953369299873884,1.1328855949996068,0.03176033472631904,0.02164061903502107,0.015084970295008203,0.06848592405634832,1
96,mic_fileid_96_doa99_3spk.wav,SepFormer-sepformer-libri3mix,1,17.43275,160,1,speechbrain/sepformer-libri3mix,0,8.561719126697326,,text_fileid_96_doa160_spk1.txt,0.3695652173913043,17,46,5.1184515953063965,8.976601600646973,3.858150005340576,5.101816654205322,8.557387351989746,3.455570697784424,1.249191403388977,1.7979719638824463,0.5487805604934692,THEN WITH HIS OTHER HAND ON HIS WRIST HE BENT THE FOREARM SHARPLY AND FELT THE BICEPS AS ROUND AND HARD AS A CRICKET BALL SPRING UP UNDER HIS FINGERS FEEL THAT SAID HE THE PUBLICAN AND HORSE BREAKER FELT IT WITH AN AIR OF REVERENCE,"Then with his other hand a little bit, he bent a forearm sharply and felt the biceps as rariling hard as a cricket ball sprained up under his fingers. ""'Feel that,' said he, the public in the horse-crickers felt as if they were in reference.""",0.5632612379995408,0.5725996550008858,0.3179844009991939,1.4538452939996205,0.03231052117420033,0.03284620355370701,0.018240633348105946,0.08339735807601328,1
97,mic_fileid_97_doa115_3spk.wav,SepFormer-sepformer-libri3mix,1,16.94075,251,1,speechbrain/sepformer-libri3mix,2,3.5974194165538123,,text_fileid_97_doa251_spk1.txt,0.5789473684210527,22,38,2.57686710357666,7.159491539001465,4.582624435424805,2.559267520904541,3.597306728363037,1.038039207458496,1.238439679145813,1.5380971431732178,0.2996574640274048,HE CONTINUED TO FOLLOW THE PATH TO THE GLADE BUT TO HIS GREAT SURPRISE CARLINI ARRIVED ALMOST AS SOON AS HIMSELF LET US DRAW LOTS LET US DRAW LOTS CRIED ALL THE BRIGANDS WHEN THEY SAW THE CHIEF,"He continued to follow the path that led but to his dreary surprise, currently near round almost a three-hour cell. A lot of straw logs, a lot of straw logs, cried all the brigands who then saw the chief.",0.5551315089996933,0.5219241899994813,0.28790109700094035,1.364956796000115,0.0327690042648462,0.030808800672902988,0.01699458979094434,0.08057239472869353,1
98,mic_fileid_98_doa46_3spk.wav,SepFormer-sepformer-libri3mix,1,16.43225,128,1,speechbrain/sepformer-libri3mix,1,4.645927387905119,,text_fileid_98_doa128_spk1.txt,0.6511627906976745,28,43,2.778218984603882,5.31284236907959,2.534623384475708,2.753847599029541,4.6337127685546875,1.8798651695251465,1.1589837074279785,1.323965072631836,0.16498136520385742,THAT OLD NUISANCE OF A RACHEL LYNDE WAS HERE AGAIN TODAY PESTERING ME FOR A SUBSCRIPTION TOWARDS BUYING A CARPET FOR THE VESTRY ROOM SAID MISTER HARRISON WRATHFULLY I DETEST THAT WOMAN MORE THAN ANYBODY I KNOW SHE CAN PUT A WHOLE SERMON,"That was Lucifer Rachel Lin who was hearing it today pestering me for a subscription to refining the carpet for the best food for Mr. Harris, lastly. I just have that only for the anybody I know. She put all of this on it.",0.5435099860005721,0.5618544419994578,0.2954928639992431,1.400857291999273,0.03307581043378552,0.0341921795249864,0.017982495641147324,0.08525048559991924,1
99,mic_fileid_99_doa33_3spk.wav,SepFormer-sepformer-libri3mix,1,17.2605,247,1,speechbrain/sepformer-libri3mix,2,9.69289536932994,,text_fileid_99_doa247_spk1.txt,0.14285714285714285,6,42,5.414122104644775,11.031813621520996,5.617691516876221,5.405622482299805,9.692668914794922,4.287046432495117,1.4689650535583496,1.8831110000610352,0.41414594650268555,ONLY EXISTS THE HONOUR OF THE STATE WHICH IS HIS HONOUR HE DOES NOT LOOK UPON HIMSELF AS A FREE AGENT WORKING OUT HIS OWN PERSONAL SALVATION SPIRITUAL AGONIZING IS UNKNOWN TO HIM HE HAS A SENSE OF CALM TRUST IN FATE,Only exists the honor of the state and just his honor. He does not look upon himself as a free agent working out his own personal salvation. Spiritual agonizing is unknown to him. He has a sense of calm trust and faith.,0.560426162001022,0.5057794029999059,0.358423475001473,1.4246290400024009,0.03246870959711608,0.029302708670079423,0.020765532574460357,0.08253695084165585,1
100,mic_fileid_100_doa58_3spk.wav,SepFormer-sepformer-libri3mix,1,14.7365,258,1,speechbrain/sepformer-libri3mix,1,3.770809881163591,,text_fileid_100_doa258_spk1.txt,0.024390243902439025,1,41,3.740445137023926,7.310999393463135,3.570554256439209,3.704502582550049,3.7707602977752686,0.06625771522521973,1.1294280290603638,1.4736393690109253,0.3442113399505615,BUT CONTINUED TO SING HER RHYMES AS BEFORE FOR HOWEVER MUCH GROWN PEOPLE MIGHT LAUGH AT HER THE CHILDREN SEEMED TO ENJOY THEM VERY MUCH AND NOT ONE OF THEM WAS TOO PEEVISH TO BE QUIETED AND SOOTHED BY HER VERSES,"but continued to sing her rhymes as before. For however much grown people might laugh at her, the children seemed to enjoy them very much, and not one of them was too peevish to be quieted and sings by her verses.",0.42745570999977645,0.5263550620002206,0.3009343500016257,1.2547451220016228,0.029006596545976076,0.03571777979847458,0.020421019238056917,0.08514539558250757,1
101,mic_fileid_101_doa238_3spk.wav,SepFormer-sepformer-libri3mix,1,17.085,272,1,speechbrain/sepformer-libri3mix,1,5.031942009840236,,text_fileid_101_doa272_spk1.txt,0.3,9,30,4.458608150482178,7.650447368621826,3.1918392181396484,4.44642972946167,5.033746242523193,0.5873165130615234,1.2489171028137207,1.2587138414382935,0.009796738624572754,MISTER BERYL SUCH A KIND GENTLEMAN MA'AM SAID YOU WOULD HELP ME I WILL SO LONG AS YOU ARE HONEST JERRY THRUST HIS TONGUE IN HIS CHEEK BUT JULIUS ANSWERED,"Oscar Barrow, such a kind gentleman, now said he would help. I will, so long as you are honest. Very brusper tongue in his teeth, but Julius answered.",0.5522847880001791,0.42011508799987496,0.3875279819985735,1.3599278579986276,0.03232571191104355,0.024589703716703246,0.022682351887537224,0.07959776751528402,1
102,mic_fileid_102_doa204_3spk.wav,SepFormer-sepformer-libri3mix,1,17.27275,324,1,speechbrain/sepformer-libri3mix,2,7.2638342723256955,,text_fileid_102_doa324_spk1.txt,0.07692307692307693,3,39,1.817126750946045,7.877057075500488,6.059930324554443,1.7984931468963623,7.289076328277588,5.490583181381226,1.208803415298462,1.6193583011627197,0.4105548858642578,THESE CONSIDERATIONS RELATE TO THE FIRST TWO CAUSES OF FAILURE IN A REPRESENTATIVE GOVERNMENT THE THIRD IS WHEN THE PEOPLE WANT EITHER THE WILL OR THE CAPACITY TO FULFILL THE PART WHICH BELONGS TO THEM IN A REPRESENTATIVE CONSTITUTION,"These considerations relate to the first two projects of failure in a representative government, the third is when the secret want either the will or the capacity to fulfill the part which belongs to them in their representative constitution.",0.5575999699995009,0.4164644649990805,0.3147487149999506,1.288813149998532,0.03228206104989078,0.024111068880119296,0.018222270049641814,0.07461539997965189,1
103,mic_fileid_103_doa27_3spk.wav,SepFormer-sepformer-libri3mix,1,15.518875,59,1,speechbrain/sepformer-libri3mix,2,2.8091949332119768,,text_fileid_103_doa59_spk1.txt,0.575,23,40,4.042938232421875,5.980167388916016,1.9372291564941406,3.9764859676361084,2.7917895317077637,-1.1846964359283447,1.5206270217895508,1.47691011428833,-0.0437169075012207,THEN I REALLY DO THINK THAT HE HAS UNCOMMON BAD TASTE SAID LUCY WITH A REALITY IN HER VOICE DIFFERING MUCH FROM THE TONE OF BANTER SHE HAD HITHERTO USED WHAT LUCY SAID HER SISTER IN LAW LOOKING AT HER,"And I really do think that it is a common bad taste, with the ralliedator was different much from the total advantage she had to use. What a loser, said her sister in law when she had her.",0.471164898999632,0.4893630030001077,0.28181364800002484,1.2423415499997645,0.03036076384400493,0.031533407092982434,0.018159412199661693,0.08005358313664905,1
104,mic_fileid_104_doa10_3spk.wav,SepFormer-sepformer-libri3mix,1,16.974375,301,1,speechbrain/sepformer-libri3mix,0,4.296142187746506,,text_fileid_104_doa301_spk1.txt,0.3695652173913043,17,46,4.24448299407959,5.0849456787109375,0.8404626846313477,4.2304511070251465,4.274666786193848,0.04421567916870117,1.2184832096099854,1.2362580299377441,0.01777482032775879,BUT IN THE YARD THERE WAS A LIGHT FROM THE FIRE AT LITTLE MYTISHCHI A MILE AND A HALF AWAY AND THROUGH THE NIGHT CAME THE NOISE OF PEOPLE SHOUTING AT A TAVERN MAMONOV'S COSSACKS HAD SET UP ACROSS THE STREET AND THE ADJUTANT'S UNCEASING MOANS,"In the yard there was a light from all fire and a little mentichin, a mile and a half away. Through the night came the noise of people shouting at a tavern, a monofacost, set up across the way. The edge of it was none-seizing bones.",0.557187504000467,0.6079404519987293,0.3682983859998785,1.5334263419990748,0.032825214713382206,0.03581518918951239,0.021697316454943324,0.09033772035783791,1
105,mic_fileid_105_doa7_3spk.wav,SepFormer-sepformer-libri3mix,1,16.3715,134,1,speechbrain/sepformer-libri3mix,1,5.2875084041245834,,text_fileid_105_doa134_spk1.txt,0.2926829268292683,12,41,4.589540004730225,6.812741756439209,2.2232017517089844,4.575846195220947,5.279289245605469,0.7034430503845215,1.309891939163208,1.3776122331619263,0.06772029399871826,I DIDN'T SUPPOSE THERE WAS ANY ONE WHO DIDN'T KNOW THOSE SHARP SQUEAKY VOICES THEY RATHER GET ON MY NERVES WHAT ANYBODY WANTS TO SQUEAK LIKE THAT FOR WHEN THEY CAN SING AS ROSEBREAST CAN IS MORE THAN I CAN UNDERSTAND,"I didn't suppose there was anyone who didn't know those sharp, squeaky voices. They'd rather get up my nerves. What if he was to squeak like that for a woman can sing as roast breast can, more than I can understand?",0.5004451940003491,0.5381309510012215,0.26190665000103763,1.3004827950026083,0.030568072198659202,0.0328699844853081,0.015997718596404583,0.07943577528037188,1
106,mic_fileid_106_doa79_3spk.wav,SepFormer-sepformer-libri3mix,1,16.99375,130,1,speechbrain/sepformer-libri3mix,2,-1.7383785504450606,,text_fileid_106_doa130_spk1.txt,0.8974358974358975,35,39,1.8800225257873535,3.885793685913086,2.0057711601257324,1.866010308265686,-1.6155184507369995,-3.4815287590026855,1.2320476770401,1.2773430347442627,0.0452953577041626,A SINGLE GLANCE AT THE LANDSCAPE WAS SUFFICIENT TO SHOW ME HOW WIDELY DIFFERENT IT WAS FROM ANYTHING I HAD EVER BEHELD AT NIGHT IT BLEW A GALE OF WIND AND HEAVY SQUALLS FROM THE MOUNTAINS SWEPT PAST US,"A single plane took the land shape with a schism to show the knowledge why the difference in life depending on how they were brought. At night, they flew a garrifling of heavy sloths from the mountains to up to past. The ground was still in bravery.",0.5480357039996306,0.5873466530010774,0.2894241400008468,1.4248064970015548,0.032249250695086766,0.034562509922829124,0.01703121088640511,0.08384297150432099,1
107,mic_fileid_107_doa58_3spk.wav,SepFormer-sepformer-libri3mix,1,16.556,58,1,speechbrain/sepformer-libri3mix,2,10.935796273648908,,text_fileid_107_doa58_spk1.txt,0.30303030303030304,10,33,3.999821186065674,12.115206718444824,8.11538553237915,3.983497381210327,11.035057067871094,7.051559686660767,1.1411728858947754,1.8674767017364502,0.7263038158416748,WHY WHAT'S UP SAID PHILIP SURPRISED AT WILLIAM'S UNUSUAL MANNER AND AT THE SAME TIME RATHER GRATIFIED TO FIND A REFLECTION OF HIS OWN FEELINGS ABOUT KINRAID COULSON'S FACE WAS PALE WITH ANGER,"One, walked up, dissapointed, surprised at William's unusual manner, and at the same time rather gratified to find reflection of his own feelings about the series. Colson's face with pale of anger.",0.5330709120007668,0.4684195610007009,0.23348244199951296,1.2349729150009807,0.03219804977052228,0.02829303944193651,0.014102587702314142,0.07459367691477294,1
108,mic_fileid_108_doa63_3spk.wav,SepFormer-sepformer-libri3mix,1,15.3955,63,1,speechbrain/sepformer-libri3mix,2,10.599326649086649,,text_fileid_108_doa63_spk1.txt,0.09375,3,32,2.889292001724243,11.059269905090332,8.169977903366089,2.872387409210205,10.599319458007812,7.726932048797607,1.1772655248641968,1.9528632164001465,0.7755976915359497,A REPRESENTATIVE ASSEMBLY DRAWN FROM AMONG THEMSELVES WOULD SIMPLY REFLECT THEIR OWN TURBULENT INSUBORDINATION IT WOULD REFUSE ITS AUTHORITY TO ALL PROCEEDINGS WHICH WOULD IMPOSE ON THEIR SAVAGE INDEPENDENCE ANY IMPROVING RESTRAINT,A representative assembly drawn from among themselves would simply reflect their own turbulence in subordination. It would refuse its authority to all proceedings which would impose on their savage independence any improving restraint.,0.47785796000061964,0.43342413999926066,0.25466203300129564,1.165944133001176,0.031038807443773807,0.028152651099299188,0.01654132915470726,0.07573278769778026,1
109,mic_fileid_109_doa236_3spk.wav,SepFormer-sepformer-libri3mix,1,17.4635,236,1,speechbrain/sepformer-libri3mix,1,1.4483027081262785,,text_fileid_109_doa236_spk1.txt,0.36363636363636365,12,33,4.476832389831543,5.088558673858643,0.6117262840270996,4.452580451965332,1.4988596439361572,-2.953720808029175,1.2175250053405762,1.3288776874542236,0.11135268211364746,NOR ARE THEY EVER RECALLED WITHOUT BRINGING BACK WITH THEM MYRIADS OF SLUMBERING FEELINGS AND HALF FORGOTTEN IMAGES WE HEAR THE SWEET LOW VOICE OF THE MOTHER SINGING SOFT LULLABIES TO HER DARLING,"Nor are they ever recalls without bringing back the meridians of storm-burning feelings and half-forgotten images. We share the sweet, blue voice of the mother, singing the sultana lullabies to her daughters.",0.5730800399996951,0.5268265220001922,0.2812924270001531,1.3811989890000405,0.03281587539723968,0.030167293039779667,0.016107448506894557,0.07909061694391391,1
110,mic_fileid_110_doa31_3spk.wav,SepFormer-sepformer-libri3mix,1,10.852875,265,1,speechbrain/sepformer-libri3mix,0,5.389984942908086,,text_fileid_110_doa265_spk1.txt,1.1851851851851851,32,27,6.410055637359619,6.265552997589111,-0.1445026397705078,6.391300678253174,5.3512067794799805,-1.0400938987731934,1.2235941886901855,1.2733303308486938,0.0497361421585083,ENOW OF PATRIOTS STILL REMAINED TO KEEP UP THE ILL HUMOR OF THE HOUSE AND MEN NEEDED BUT LITTLE INSTRUCTION OR RHETORIC TO RECOMMEND TO THEM PRACTICES,In LCED they would have combined their ability in doing that. If you ask faculty if you are looking to enhance their ability they are sure they are not afraid to do it.,0.31400057899918465,4.928145376999964,0.22140401500109874,5.463549971000248,0.02893247908956702,0.4540866246962178,0.020400494339158866,0.5034195981249436,1
111,mic_fileid_111_doa38_3spk.wav,SepFormer-sepformer-libri3mix,1,17.21975,186,1,speechbrain/sepformer-libri3mix,0,4.855051085823775,,text_fileid_111_doa186_spk1.txt,0.44680851063829785,21,47,3.5960562229156494,4.929263591766357,1.333207368850708,3.5756545066833496,4.806179046630859,1.2305245399475098,1.2428102493286133,1.4597560167312622,0.21694576740264893,BUT THE DAY DID NOT TURN OUT SO BADLY AFTER ALL AS WE WORKED OUR WAY OUT OF THIS UNCERTAINTY AND FOUND OUT WHAT WAS BEHIND THE PITCH DARK CLOUDS DURING THE FORENOON THE SUN CAME THROUGH AND THRUST ASIDE THE FOG FOR A WHILE AND THERE,"Every day we're not turned out to be laterally involved. As we worked our way out of this uncertainty, we found out what was behind the pitch-started crowd. During the foreigners, the sun came to bring us to the sides of the falls for a while, and there...",0.5575063100004627,0.599743087999741,0.349758505999489,1.5070079039996926,0.032375981649005514,0.034828791823327335,0.020311474092219048,0.0875162475645519,1
112,mic_fileid_112_doa172_3spk.wav,SepFormer-sepformer-libri3mix,1,17.42725,172,1,speechbrain/sepformer-libri3mix,1,4.64142704401186,,text_fileid_112_doa172_spk1.txt,0.813953488372093,35,43,2.2781319618225098,5.163555145263672,2.885423183441162,2.2543699741363525,4.639110565185547,2.3847405910491943,1.1430253982543945,1.2456011772155762,0.10257577896118164,SETTLING SILENTLY IN THE DRY MOUNTAIN AIR OR MASSED IN FLAKES SOFT AND DOWNY TO LIE OUT ALONE IN THE MOUNTAINS OF A STILL NIGHT AND BE TOUCHED BY THE FIRST OF THESE SMALL SILENT MESSENGERS FROM THE SKY IS A MEMORABLE EXPERIENCE,The only reason I was getting the dry mountain air is that the place was also empty by the time. The lie-out alone in the mountains of a snowmobile that we touched by the first-ever smile-of-a-pilot-message-distance-gallery is a number that we still have.,0.5501182920015708,0.6672252809985366,0.43839475399909134,1.6557383269991988,0.03156655766122428,0.03828632061848752,0.02515570465788299,0.09500858293759479,1
113,mic_fileid_113_doa12_3spk.wav,SepFormer-sepformer-libri3mix,1,16.374375,64,1,speechbrain/sepformer-libri3mix,1,10.05266881068435,,text_fileid_113_doa64_spk1.txt,0.25,11,44,3.948840379714966,11.181461334228516,7.23262095451355,3.9294819831848145,10.05245304107666,6.122971057891846,1.2988532781600952,1.6437819004058838,0.3449286222457886,HE KNEW THAT IF HE DID SO HE SHOULD NEVER RISE AGAIN HE WAS OVERCOME BY FATIGUE AND THE WEIGHT OF THE DARKNESS WOULD AS WITH THE DEAD WOMAN HAVE HELD HIM TO THE GROUND AND THE ICE GLUED HIM ALIVE TO THE EARTH,"He knew that if he did so, he should never rise again. His broken complex and cheese and the leaves of the darkness would, as with the dead man, he fell into the ground, and the ice glued him alive to the earth.",0.5221394119998877,0.5097083549990202,0.3992765650000365,1.4311243319989444,0.03188759338905379,0.031128415893676566,0.024384232375283726,0.08740024165801408,1
114,mic_fileid_114_doa42_3spk.wav,SepFormer-sepformer-libri3mix,1,17.02575,273,1,speechbrain/sepformer-libri3mix,1,12.741878250842964,,text_fileid_114_doa273_spk1.txt,0.030303030303030304,1,33,6.311331748962402,13.321940422058105,7.010608673095703,6.253868103027344,12.73640251159668,6.482534408569336,1.6400835514068604,2.4463233947753906,0.8062398433685303,I SAW AS IT FELL ACROSS MY BABY THE SHADOW OF THE VEIL WITHIN THE VEIL WAS HE BORN SAID I AND THERE WITHIN SHALL HE LIVE A NEGRO AND A NEGRO'S SON,"I saw as it fell across my baby, the shadow of the veil. Within the veil was he born, he said, I. And there within shall he live, a negro and a negro's son.",0.5404685100002098,0.4475258639995445,0.29488536899953033,1.2828797429992846,0.0317441821946293,0.026285236421276278,0.017319963525808283,0.07534938214171386,1
115,mic_fileid_115_doa10_3spk.wav,SepFormer-sepformer-libri3mix,1,15.9635,201,1,speechbrain/sepformer-libri3mix,2,10.049205246224037,,text_fileid_115_doa201_spk1.txt,0.13157894736842105,5,38,3.3168160915374756,11.22113037109375,7.904314279556274,3.2891697883605957,10.046907424926758,6.757737636566162,1.3293116092681885,2.2076733112335205,0.878361701965332,I CANNOT STAND I SAID THERE IS SOMETHING GONE IN MY LEG AND I FEEL BLOOD RUNNING DOWN INTO MY BOOT HE KNELT AND ROLLED DOWN THE LEG OF MY STOCKING BUT THOUGH HE ONLY MOVED MY FOOT,"I cannot stand, I said. There is something gone in my head, and I feel blood running down into my boot. He knelt and rolled down the legs of my stalking. With those, he only moved my foot.",0.5258468259999063,0.4601620700013882,0.2585096450002311,1.2445185410015256,0.03294057230556622,0.028825888433074716,0.016193794907146373,0.0779602556457873,1
116,mic_fileid_116_doa41_3spk.wav,SepFormer-sepformer-libri3mix,1,15.861125,41,1,speechbrain/sepformer-libri3mix,1,7.735543402881615,,text_fileid_116_doa41_spk1.txt,0.34375,11,32,3.0078907012939453,8.889446258544922,5.881555557250977,2.981034517288208,7.735664367675781,4.754629850387573,1.2522642612457275,1.886780023574829,0.6345157623291016,UPON CLOSER OBSERVATION I SAW AS WE PASSED THEM THAT THE BUILDINGS WERE DESERTED AND WHILE NOT GREATLY DECAYED HAD THE APPEARANCE OF NOT HAVING BEEN TENANTED FOR YEARS POSSIBLY FOR AGES,"The phone was an observation. I saw as we passed it that the buildings were reserved, and while not greatly decayed, had the appearance of not having been tinted in the years of possibly four ages.",0.46502176499961934,0.4228030600006605,0.28779931600001873,1.1756241410002986,0.029318334292152626,0.026656561876957686,0.018144949743477762,0.07411984591258808,1
117,mic_fileid_117_doa283_3spk.wav,SepFormer-sepformer-libri3mix,1,15.798125,326,1,speechbrain/sepformer-libri3mix,1,7.756400309477906,,text_fileid_117_doa326_spk1.txt,0.09090909090909091,4,44,3.471989631652832,8.89090633392334,5.418916702270508,3.459109306335449,7.754126071929932,4.295016765594482,1.1673139333724976,2.001439094543457,0.8341251611709595,NEW PROPOSALS WERE ACCORDINGLY MADE FOR AN OFFENSIVE AND DEFENSIVE ALLIANCE WITHOUT ANY SUGGESTION OF A UNION COUPLED WITH THE CONDITION THAT BOTH STATES SHOULD BIND THEMSELVES NOT TO ALLOW THE PRESENCE WITHIN THEIR BOUNDARIES OF AVOWED ENEMIES OF THE OTHER IN OTHER WORDS,"These proposals were accordingly made for an offensive and defensive alliance without any suggestion of a union, coupled with the condition that both states should by themselves not to allow the presence within their boundaries of about any of the other. In other words...",0.4771848090003914,0.5107057210007042,0.2658157290006784,1.253706259001774,0.03020515466236603,0.03232698317051575,0.01682577704636964,0.07935791487925142,1
118,mic_fileid_118_doa22_3spk.wav,SepFormer-sepformer-libri3mix,1,15.715,209,1,speechbrain/sepformer-libri3mix,1,4.5636385624660845,,text_fileid_118_doa209_spk1.txt,0.59375,19,32,2.535907030105591,7.712118625640869,5.176211595535278,2.5171926021575928,4.558400630950928,2.041208028793335,1.2226347923278809,1.2709754705429077,0.048340678215026855,THE TROOPS SIFTING THROUGH THE FOREST WERE SULLEN IN THE YOUTH'S COMPANY ONCE A MAN'S LAUGH RANG OUT A DOZEN SOLDIERS TURNED THEIR FACES QUICKLY TOWARD HIM AND FROWNED WITH VAGUE DISPLEASURE,"The troops, fifting through the foils, were thundered. In the youth's company, one is the man's laugh ring. A dozen soldiers turn their feet with ice and torturing frowns with the veils of pleasure.",0.46028391599975294,0.5297431309991225,0.2875362619997759,1.2775633089986513,0.029289463315288127,0.03370939427293176,0.01829693044860171,0.0812957880368216,1
119,mic_fileid_119_doa74_3spk.wav,SepFormer-sepformer-libri3mix,1,16.526,313,1,speechbrain/sepformer-libri3mix,2,7.110314664759648,,text_fileid_119_doa313_spk1.txt,0.37209302325581395,16,43,5.397310256958008,7.694239616394043,2.296929359436035,5.386843204498291,7.074717998504639,1.6878747940063477,1.3320400714874268,1.43739652633667,0.10535645484924316,SETTLING SILENTLY IN THE DRY MOUNTAIN AIR OR MASSED IN FLAKES SOFT AND DOWNY TO LIE OUT ALONE IN THE MOUNTAINS OF A STILL NIGHT AND BE TOUCHED BY THE FIRST OF THESE SMALL SILENT MESSENGERS FROM THE SKY IS A MEMORABLE EXPERIENCE,"Suddenly the sky was in the dry mountain air, for that's the mistake that's lost in downy. To lie out alone in the mountains of the snow nights, to be touched by the first of these small silent messages from the sky is a memorable experience.",0.5427248529995268,0.5879303510009777,0.2911496630003967,1.4218048670009011,0.032840666404424956,0.03557608320228595,0.017617672939634316,0.08603442254634522,1
120,mic_fileid_120_doa2_3spk.wav,SepFormer-sepformer-libri3mix,1,17.042,257,1,speechbrain/sepformer-libri3mix,2,7.971462837211956,,text_fileid_120_doa257_spk1.txt,0.4838709677419355,15,31,4.668012619018555,8.95738410949707,4.289371490478516,4.642374038696289,7.964907646179199,3.32253360748291,1.2153161764144897,1.660956859588623,0.4456406831741333,IN THE MOST POLITE MANNER TO APPOINT A FRIEND WITH WHOM HE CAPTAIN M M MIGHT COMMUNICATE AND DESIRED THAT THE MEETING MIGHT TAKE PLACE WITH AS LITTLE DELAY AS POSSIBLE,"In the most polite manner, I will point to friends with whom he, Captain, and my community, and desires to continue meeting my pick-flesh with as little delay as possible.",0.5521082279992697,0.43988388299840153,0.38771829399956914,1.3797104049972404,0.03239691515076104,0.025811752317709276,0.022750750733456702,0.08095941820192702,1
121,mic_fileid_121_doa6_3spk.wav,SepFormer-sepformer-libri3mix,1,15.450375,6,1,speechbrain/sepformer-libri3mix,1,1.253322428417532,,text_fileid_121_doa6_spk1.txt,0.5185185185185185,14,27,2.5437095165252686,2.7288432121276855,0.185133695602417,2.5143308639526367,1.2281841039657593,-1.2861467599868774,1.3274550437927246,1.2601438760757446,-0.06731116771697998,THAN ALL THE REST LEOPOLD WAS EVER PRESENT TO HIM AND WHILE HE STROVE TO AVOID ABSORPTION IN A PERSONAL INTEREST HOWEVER JUSTIFIABLE IT WAS OF NECESSITY,"In all of this, William was ever present to him, and when he strove to the void, absorption in a personal interest of it, just a few, it was a bestie.",0.48133276000044134,0.5328763830002572,0.3516122839992022,1.3658214269999007,0.03115346779611766,0.03448954365186976,0.022757524267158706,0.08840053571514613,1
122,mic_fileid_122_doa14_3spk.wav,SepFormer-sepformer-libri3mix,1,17.052375,302,1,speechbrain/sepformer-libri3mix,1,5.145748189631359,,text_fileid_122_doa302_spk1.txt,0.9333333333333333,28,30,1.8308663368225098,6.769725799560547,4.938859462738037,1.8027219772338867,5.682677745819092,3.879955768585205,1.3029499053955078,1.3597502708435059,0.05680036544799805,AFTER SOME MOMENTS CONSIDERATION YOU MAY BE ABLE TO GUESS AT YOUR BROTHER'S INTENTIONS FROM ALL THIS BUT I AM SURE I CANNOT BUT IS NOT YOUR FATHER UNCOMFORTABLE ABOUT,"After syndrome is a situation, you may be able to get the best attention from others, but I am sure I cannot. But it's not your fault we're in terms of a leak. We will do it out. But at that time...",0.5490623189998587,0.6489703830011422,0.36778652799876,1.5658192299997609,0.03219858342312192,0.038057477800080175,0.02156805301307061,0.09182411423627271,1
123,mic_fileid_123_doa174_3spk.wav,SepFormer-sepformer-libri3mix,1,15.982125,323,1,speechbrain/sepformer-libri3mix,1,4.897001364253313,,text_fileid_123_doa323_spk1.txt,0.23529411764705882,8,34,4.454883575439453,6.186607360839844,1.7317237854003906,4.44938325881958,4.896768093109131,0.4473848342895508,1.2339489459991455,1.354604721069336,0.12065577507019043,IT IS THE STORY OF SARAMA IN THE RIG VEDA AND WAS WRITTEN IN SANSCRIT UNDER THE SHADOW OF THE HIMALAYAS CENTURIES BEFORE HOMER SUCH UNIFORMITY POINTS NOT TO A COMMON SOURCE IN HISTORY,It is the story of Sarama in the Rig Vita and was written in Sanskrit under the shadow of the Himalayas of centuries before the whole world. Such an informant points not to a common source in history.,0.528400301000147,0.5003218909987481,0.336525814000197,1.3652480059990921,0.03306195521560162,0.031305091844717026,0.02105638730770764,0.08542343436802628,1
124,mic_fileid_124_doa62_3spk.wav,SepFormer-sepformer-libri3mix,1,16.42375,251,1,speechbrain/sepformer-libri3mix,0,4.0869942932697665,,text_fileid_124_doa251_spk1.txt,0.7105263157894737,27,38,4.120755195617676,4.5126142501831055,0.3918590545654297,4.106496810913086,4.082909107208252,-0.023587703704833984,1.1971819400787354,1.3784631490707397,0.1812812089920044,AND THEN WITHOUT FAIL YOU SHALL HAVE YOUR PUPPETS TO PLAY WITH ALMOST BEFORE THE GNOME HAD FINISHED THE DISAPPOINTED PRINCESS TURNED AWAY AND MARCHED OFF TO HER OWN APARTMENTS WITHOUT DEIGNING TO ANSWER HIM THE GNOME HOWEVER,"And then when I fail, you still have your pockets to play with. Almost before the no-taskment, the disappointed princess turned away. By a large, odd tour home party, without a single body in the house. It would be interesting to know that reason.",0.5388856350000424,0.7089423239995085,0.43317383599969617,1.681001794999247,0.03281136372631357,0.043165679214522176,0.02637484350405335,0.10235188644488909,1
125,mic_fileid_125_doa76_3spk.wav,SepFormer-sepformer-libri3mix,1,16.736625,303,1,speechbrain/sepformer-libri3mix,0,4.5659995258522414,,text_fileid_125_doa303_spk1.txt,1.0,33,33,2.958617925643921,5.289168357849121,2.3305504322052,2.9504809379577637,4.969255447387695,2.0187745094299316,1.2293331623077393,1.4209568500518799,0.19162368774414062,THINKING THE WHILE OF THE PREPARATION OF CHRIST'S BODY FOR THE TOMB AND OF HIM WHO SAID INASMUCH AS YE DO IT TO THE LEAST OF MY BRETHREN YE DO IT UNTO ME,I'm thinking the while for the preparation of Christ's body for the time talking about Him. And what was the excitement you were just about to do? It was the least of my breath of excitement. You do it constantly. You may trust me for the first time. It seems to me serious.,0.5392678620009974,0.7448237520002294,0.26740509099909104,1.5514967050003179,0.032220824807928566,0.04450262535010669,0.015977240990886217,0.09270069114892147,1
126,mic_fileid_126_doa119_3spk.wav,SepFormer-sepformer-libri3mix,1,15.091875,119,1,speechbrain/sepformer-libri3mix,2,6.9513461662083085,,text_fileid_126_doa119_spk1.txt,0.4358974358974359,17,39,2.5649614334106445,7.270090103149414,4.7051286697387695,2.546860694885254,6.953598976135254,4.40673828125,1.2635754346847534,1.689023494720459,0.42544806003570557,WELL THE WIDOW SAID SHE RECKONED THAT BOYS OUGHT TO BE LET OUT AS WELL AS IN FOR HALF PRICE AND SO SHE LAID DOWN TWO BITS ALLOWING THAT SHE WANTED A FEW MINUTES PRIVATE CONVERSATION WITH HER BUD,"Well, the widow said she reckoned the boys off to regret now as well as in perhaps Christ, until she laid down two bits allowing her to wander on humanist private conversation with her buddies.",0.4372939499990025,0.4397407730011764,0.2440765610008384,1.1211112840010173,0.0289754553360005,0.02913758383243808,0.016172712867078373,0.07428575203551695,1
127,mic_fileid_127_doa151_3spk.wav,SepFormer-sepformer-libri3mix,1,16.947,231,1,speechbrain/sepformer-libri3mix,2,3.572718276353397,,text_fileid_127_doa231_spk1.txt,0.24444444444444444,11,45,3.055527925491333,5.858304023742676,2.8027760982513428,3.0441818237304688,3.5722603797912598,0.528078556060791,1.2173898220062256,1.5644954442977905,0.34710562229156494,AND CRAWLING ONWARDS HE PEEPED OVER THE CLIFF AND SAW WILD MAN PICKING HIS BIRDS HE CRAWLED A LITTLE NEARER AND THEN HURLED DOWN A GREAT STONE AND KILLED HIM YORK DECLARED FOR A LONG TIME AFTERWARDS STORMS RAGED AND MUCH RAIN AND SNOW FELL,"And crawling onwards, he peaked over the cliff and saw wild men taking his birds. He crawled a little near and then hurled down a great stone and killed him. York declared for a long time that he would soar in his race and much rain and snow fell.",0.5786268659994676,0.6295724809988315,0.40267177500027174,1.6108711219985707,0.03414332129577315,0.037149494364715374,0.023760652327861672,0.0950534679883502,1
128,mic_fileid_128_doa219_3spk.wav,SepFormer-sepformer-libri3mix,1,12.895,300,1,speechbrain/sepformer-libri3mix,1,7.6814376499942805,,text_fileid_128_doa300_spk1.txt,0.5555555555555556,15,27,7.2182464599609375,9.835735321044922,2.6174888610839844,7.2076005935668945,7.680502414703369,0.4729018211364746,1.5022900104522705,1.7103421688079834,0.2080521583557129,AND HER ASTONISHMENT WAS CONSEQUENTLY SO GREAT AS TO OVERCOME AT FIRST THE BOUNDS OF DECORUM AND SHE COULD NOT HELP CRYING OUT ENGAGED TO MISTER COLLINS,"and her astonishing work consequently celebrated as the overcurrent first down to the top. And she couldn't help crying out. Engaged, Mr. Collins?",0.39268439400075295,0.3984548899989022,0.226637882000432,1.0177771660000872,0.030452453974467077,0.030899952694757832,0.01757564032574114,0.07892804699496604,1
129,mic_fileid_129_doa36_3spk.wav,SepFormer-sepformer-libri3mix,1,16.374125,141,1,speechbrain/sepformer-libri3mix,1,4.3518205175320706,,text_fileid_129_doa141_spk1.txt,0.3333333333333333,12,36,5.8887104988098145,7.2045745849609375,1.315864086151123,5.8739447593688965,4.351810932159424,-1.5221338272094727,1.4383032321929932,1.5374425649642944,0.09913933277130127,THE LIKE INCREASE OF THE BILLS WAS OBSERVED IN THE PARISHES OF SAINT BRIDE'S ADJOINING ON ONE SIDE OF HOLBORN PARISH AND IN THE PARISH OF SAINT JAMES CLERKENWELL ADJOINING ON THE OTHER SIDE OF HOLBORN,"The like increase of the bills was observed in the parishes of St. Bright, the joining on one side of Holburn Parish and in the parish of St. James. It's working well. The joining on the other side of Holburn.",0.49517369299974234,0.5713798359993234,0.28675576000023284,1.3533092889992986,0.030241230783308565,0.03489528973299785,0.017512737932575503,0.08264925844888192,1
130,mic_fileid_130_doa67_3spk.wav,SepFormer-sepformer-libri3mix,1,16.855375,67,1,speechbrain/sepformer-libri3mix,1,4.558646614071872,,text_fileid_130_doa67_spk1.txt,0.022727272727272728,1,44,4.474026679992676,6.547085762023926,2.07305908203125,4.464747428894043,4.543639183044434,0.07889175415039062,1.3726017475128174,1.3365750312805176,-0.036026716232299805,AND FELT HIS LOSS DEEPLY IT WAS HER OUTSPOKEN AFFECTION THAT PROVOKED A QUARREL BETWEEN HER AND JULIUS AND WHICH LED TO THE BREAKING OF THEIR ENGAGEMENT LUCY HAD A HIGH TEMPER WHICH HAD BEEN KEPT IN SUBJECTION DURING THE LIFE OF SIR SIMON,"and films his loss deeply. It was her outspoken affection that provoked a quarrel between her and Julius, and which led to the breaking of their engagement. Lucy had a high temper, which had been kept in subjection during the life of Sir Simon.",0.5322888120008429,0.5989358550014003,0.39042489300118177,1.521649560003425,0.0315797668103405,0.035533819627353316,0.023163227931812955,0.09027681436950677,1
131,mic_fileid_131_doa55_3spk.wav,SepFormer-sepformer-libri3mix,1,17.103125,204,1,speechbrain/sepformer-libri3mix,0,12.22753650945467,,text_fileid_131_doa204_spk1.txt,0.1111111111111111,4,36,5.512710094451904,13.11414909362793,7.601438999176025,5.505891799926758,12.223682403564453,6.717790603637695,1.307115077972412,2.047110080718994,0.739995002746582,BUT AN ENCHANTED PRINCE WHO HAS BEEN DOOMED TO SPEND HIS YOUTH IN MISERY IF YOU ONLY LIKED PRINCESS YOU COULD SAVE ME BUT YOU WOULD HAVE TO SAY GOOD BYE TO ALL YOUR OWN PEOPLE,"but an enchanted prince who has been doomed to spend his youth in misery. If you only liked, Princess, you can save him. But you would have to say goodbye to all your own people.",0.5443047699991439,0.44634759099972143,0.2673214620008366,1.257973822999702,0.03182487235514819,0.02609742903707489,0.01562997767956655,0.07355227907178963,1
132,mic_fileid_132_doa43_3spk.wav,SepFormer-sepformer-libri3mix,1,17.404,77,1,speechbrain/sepformer-libri3mix,0,10.185196168801108,,text_fileid_132_doa77_spk1.txt,0.4864864864864865,18,37,6.870467185974121,10.650452613830566,3.7799854278564453,6.8588457107543945,10.177600860595703,3.3187551498413086,1.4398252964019775,1.733763337135315,0.2939380407333374,BUT MY FATHER CRIED LORENZO FLORENCE IS FREE FLORENCE IS HAPPY FLORENCE IS A SLAVE FLORENCE IS POOR CRIED SAVONAROLA POOR IN GENIUS POOR IN MONEY AND POOR IN COURAGE POOR IN GENIUS BECAUSE AFTER YOU LORENZO,"But my father is tri-lorenzo. Florence is clear. Florence is happy. Florence is a slave. Florence is poor. Christ has ever known the Lord. Poor is envenomous, poor is money, and poor is hurry. Poor envenomous because happy you lamento.",0.5550058239987266,0.7783611209997616,0.37160132200006046,1.7049682669985486,0.03188955550440856,0.04472311658238116,0.02135148942772124,0.09796416151451096,1
133,mic_fileid_133_doa178_3spk.wav,SepFormer-sepformer-libri3mix,1,15.6435,336,1,speechbrain/sepformer-libri3mix,2,7.947540339624579,,text_fileid_133_doa336_spk1.txt,0.1875,9,48,4.794836044311523,8.823994636535645,4.029158592224121,4.786105632781982,7.947434902191162,3.1613292694091797,1.2799608707427979,1.759508490562439,0.4795476198196411,GLAD TO KNOW THAT SAID GRACE THERE WERE SO MANY DIFFERENT KINDS OF NOISES I COULDN'T DISTINGUISH IT THERE WAS ONE NOISE THAT STARTED THAT WAS PROMPTLY HUSHED SAID ANNE YOU HEARD IT TOO DIDN'T YOU JESSICA OH YES GIRLS I INTENDED TELLING YOU BEFORE THIS REPLIED JESSICA,"Glad to know that's a great. There were so many different kinds of noises I could distinguish. There was one noise that started that was promptly cussed at me. You heard it too, didn't you, Jessica? Oh yes, girls. I intended telling you before this, by Jessica.",0.47051727600046434,0.7642394960003003,0.2836196620010014,1.518376434001766,0.03007749391123881,0.048853485217521676,0.018130192220475048,0.09706117134923553,1
134,mic_fileid_134_doa125_3spk.wav,SepFormer-sepformer-libri3mix,1,16.227125,125,1,speechbrain/sepformer-libri3mix,0,9.130618875547512,,text_fileid_134_doa125_spk1.txt,0.43478260869565216,20,46,6.869836807250977,9.742997169494629,2.8731603622436523,6.858806610107422,9.126388549804688,2.2675819396972656,1.4539159536361694,1.73014497756958,0.27622902393341064,YES AND I TOOK A PICTURE OF THE SAUCY GIRL WHILE SHE WAS TRYING TO STOP YOURS SAID JASPER SO SHE DIDN'T DO MUCH HARM AFTER ALL OH HERE IS A SPLENDID GROUP SEE THEM STANDING BY THAT OLD TUMBLE DOWN HOUSE POLLY HE ADDED EXCITEDLY,"Yeah, and I took a picture of this plastic girl while she was trying to stop the words. So she asked her. So she didn't do much harm after all. And I was like, oh, here is this blended room. See them standing by that little tumbled down house, Polly? He had it excitedly.",0.49646254100116494,0.6727631499998097,0.35264000999995915,1.5218657010009338,0.030594608780123708,0.04145917098683899,0.0217315149787753,0.09378529474573799,1
135,mic_fileid_135_doa93_3spk.wav,SepFormer-sepformer-libri3mix,1,16.942375,258,1,speechbrain/sepformer-libri3mix,1,2.174805094425007,,text_fileid_135_doa258_spk1.txt,0.5121951219512195,21,41,2.089162588119507,3.641878366470337,1.55271577835083,2.0764646530151367,2.1692309379577637,0.09276628494262695,1.2801015377044678,1.3137608766555786,0.03365933895111084,I HAVE BROUGHT A STRANGE CREATURE WEARING THE METAL OF A THARK WHOM IT IS MY PLEASURE TO HAVE BATTLE WITH A WILD THOAT AT THE GREAT GAMES HE WILL DIE AS BAR COMAS YOUR JEDDAK SEES FIT IF AT ALL,"I have seen this strange creature wearing the title of a heart. I assume it is my pleasure to have battles of wild thought to the great days. She will not hate this dark woman's true conduct. She's fit, if at all.",0.5471596930001397,0.5282495419996849,0.42634145299962256,1.501750687999447,0.03229533598448504,0.03117919075688532,0.025164208264757605,0.08863873500612797,1
136,mic_fileid_136_doa59_3spk.wav,SepFormer-sepformer-libri3mix,1,17.275375,253,1,speechbrain/sepformer-libri3mix,0,9.790489010381009,,text_fileid_136_doa253_spk1.txt,0.6,24,40,4.2169718742370605,11.001653671264648,6.784681797027588,4.205524444580078,9.791031837463379,5.585507392883301,1.1229506731033325,1.7733583450317383,0.6504076719284058,HIS THROAT AND BREAST WERE GRAY SHADING INTO BRIGHT YELLOW UNDERNEATH HIS BACK AND HEAD WERE OF A GRAYISH BROWN WITH A TINT OF OLIVE GREEN A POINTED CAP WAS ALL THAT WAS NEEDED TO MAKE HIM QUITE DISTINGUISHED LOOKING,"His throat, his breast, and his gray shading and his right yellow under each his back and head were over gray and brown. With a standard of all in three, it pointed cap with all of his enliste vision and quite distinguished look.",0.5554221800011874,0.5649514610013284,0.3004300160009734,1.4208036570034892,0.03215109252338588,0.03270270318307582,0.017390650912120484,0.08224444661858218,1
137,mic_fileid_137_doa84_3spk.wav,SepFormer-sepformer-libri3mix,1,17.242625,173,1,speechbrain/sepformer-libri3mix,1,7.048735094502163,,text_fileid_137_doa173_spk1.txt,0.24444444444444444,11,45,2.3260819911956787,9.440348625183105,7.114266633987427,2.3113529682159424,7.04902458190918,4.737671613693237,1.1312893629074097,1.5786216259002686,0.4473322629928589,BUT A NOTE IN THE MARGIN OF THE CIRCULAR INFORMED THEM THAT IT STOOD TWO AND A HALF FEET HIGH WHEN SET UP IN ALL ITS DIGNITY AND SPLENDOR ON A PROPER TABLE THREE DOLLARS EXTRA IT WAS ONLY OF POLISHED BRASS CONTINUED THE CIRCULAR,"But a note in the margin of the circuler informed them that it stood 2.5 feet high when set up in all its dignity as a bladder on a proper table, $3 extra. It was only as polished brass continued the circular.",0.549204570999791,0.467379384999731,0.2929016670004785,1.3094856230000005,0.031851563842500256,0.02710604591816681,0.01698706937026575,0.07594467913093282,1
138,mic_fileid_138_doa68_3spk.wav,SepFormer-sepformer-libri3mix,1,16.464125,68,1,speechbrain/sepformer-libri3mix,2,6.447729958026289,,text_fileid_138_doa68_spk1.txt,0.5384615384615384,21,39,3.810319185256958,6.924038887023926,3.1137197017669678,3.7879509925842285,6.447498321533203,2.6595473289489746,1.4208457469940186,1.8332157135009766,0.412369966506958,I GREW USED TO EVERYTHING OR RATHER I VOLUNTARILY RESIGNED MYSELF TO ENDURING IT BUT I HAD A MEANS OF ESCAPE THAT RECONCILED EVERYTHING THAT WAS TO FIND REFUGE IN THE SUBLIME AND THE BEAUTIFUL IN DREAMS OF COURSE,"I deduced everything, or rather, I bothered you and losing out on myself when we were young. But I had a reason to escape the precentile everyday. That is to find refuge in the sublime and their youthful. In dreams, of course.",0.5320454110005812,0.5281687909991888,0.34829959600028815,1.4085137980000582,0.03231543802057997,0.03207997940972805,0.02115506265898055,0.08555048008928857,1
139,mic_fileid_139_doa109_3spk.wav,SepFormer-sepformer-libri3mix,1,15.479625,109,1,speechbrain/sepformer-libri3mix,1,10.847147273889776,,text_fileid_139_doa109_spk1.txt,0.23076923076923078,6,26,5.283544540405273,11.610974311828613,6.32742977142334,5.256286144256592,10.84762954711914,5.591343402862549,1.3077635765075684,2.0550544261932373,0.747290849685669,SHE WHO IN SIMPLE CLEARNESS OF VISION SEES BEYOND THE STARS SAID WHEN HE HAD FLOWN HE WILL BE HAPPY THERE HE EVER LOVED BEAUTIFUL THINGS,"She who in simple clearness of vision sees beyond the storage, said when it had flown. She will be happy there. Do you ever love beautiful things?",0.4784024720011075,0.3339817349988152,0.22396882899920456,1.0363530359991273,0.030905301129782375,0.02157557014454906,0.014468621106726072,0.0669494923810575,1
140,mic_fileid_140_doa211_3spk.wav,SepFormer-sepformer-libri3mix,1,16.87525,338,1,speechbrain/sepformer-libri3mix,2,6.408025297254321,,text_fileid_140_doa338_spk1.txt,0.5869565217391305,27,46,2.497528076171875,6.920414447784424,4.422886371612549,2.4749741554260254,6.407886028289795,3.9329118728637695,1.2291017770767212,1.561082363128662,0.3319805860519409,THEY HAD HEARD OUR SHOT AND CAME ACROSS TO SEE WHAT LUCK WHAT IVER IS THE MATTER WITH YE ASKED MISSUS O'SHAUGHNESSY MISTER HAYNES TOLD HER THEY HAD HEARD THE NOISE BUT HAD THOUGHT IT THUNDER MISTER HAYNES TOLD ME THAT IF I WOULD CHIRK UP,They just heard our shot and came and saw what was left. What do you think of the matter with the action on the shot of June? Mr. Haynes told me. They had heard the noise but had thought it was time very long. Mr. Haynes told me that if I would shoot you'd go.,0.521639979999236,0.8129363630014268,0.41641558700030146,1.7509919300009642,0.030911540866015965,0.04817329301796576,0.024676113657593306,0.10376094754157503,1
141,mic_fileid_141_doa54_3spk.wav,SepFormer-sepformer-libri3mix,1,16.308,54,1,speechbrain/sepformer-libri3mix,2,8.467722950063614,,text_fileid_141_doa54_spk1.txt,0.5,21,42,3.4037559032440186,8.796917915344238,5.39316201210022,3.384891986846924,8.467370986938477,5.082479000091553,1.151863694190979,1.6898136138916016,0.5379499197006226,IT POINTED THE MORAL THAT BOSTON FOR THE FINER TASTE LEFT NEW YORK NOWHERE AND THE GOOD LADY AS THE EXPONENT OF THIS DOCTRINE WHICH SHE SET FORTH AT A CERTAIN LENGTH MADE OBVIOUSLY TO DENSHER'S MIND HER NEAREST APPROACH TO SUPPLYING,"It pointed in the world of Boston, where the plunder faced enough New York to know where. And the good lady of Jack's moment of destruction, which she said, thought at a certain length, made obviously, she finished her mind from nearest approach to supplying...",0.5272564869992493,0.7265339229998062,0.276498184999582,1.5302885949986376,0.03233115569041264,0.04455076790531066,0.016954757480965293,0.09383668107668859,1
142,mic_fileid_142_doa64_3spk.wav,SepFormer-sepformer-libri3mix,1,17.297625,193,1,speechbrain/sepformer-libri3mix,1,7.778696137208749,,text_fileid_142_doa193_spk1.txt,0.47368421052631576,18,38,2.3642940521240234,8.569253921508789,6.204959869384766,2.343914270401001,7.7361159324646,5.392201662063599,1.1833505630493164,1.7406139373779297,0.5572633743286133,IN ED GRIFFITH'S SALOON BUT AS THEY WALKED ABOUT UNDER THE TREES THEY OCCASIONALLY EMBRACED THE NIGHT AND THEIR OWN THOUGHTS HAD AROUSED SOMETHING IN THEM AS THEY WERE RETURNING TO MAIN STREET THEY PASSED THE LITTLE LAWN,"and that gives it solace. But as they walked about under the trees, they occasionally embraced the knife and the Rome socks that allowed them to move. As they were resting on the edge, they passed the little lawn.",0.5550502480000432,0.65080689000024,0.37318778299959376,1.579044920999877,0.03208823454087155,0.03762406052855464,0.021574509968830622,0.09128680503825681,1
143,mic_fileid_143_doa172_3spk.wav,SepFormer-sepformer-libri3mix,1,16.728375,351,1,speechbrain/sepformer-libri3mix,1,4.542547587714923,,text_fileid_143_doa351_spk1.txt,0.5,18,36,3.7548766136169434,5.3338541984558105,1.5789775848388672,3.7373101711273193,4.547751426696777,0.810441255569458,1.2288053035736084,1.3274292945861816,0.09862399101257324,SAID MISS BINGLEY WILL SHE BE AS TALL AS I AM I THINK SHE WILL SHE IS NOW ABOUT MISS ELIZABETH BENNET'S HEIGHT OR RATHER TALLER HOW I LONG TO SEE HER AGAIN I NEVER MET,Will she be as tall as I am? I think she will. She'd know about those old women's men. Rather tall than me. How long would I want to see her again? I never met her.,0.5207488659998489,0.5539766670008248,0.31289797000135877,1.3876235030020325,0.03112967434074433,0.033115988074204745,0.018704624328505236,0.08295028674345431,1
144,mic_fileid_144_doa170_3spk.wav,SepFormer-sepformer-libri3mix,1,16.596875,250,1,speechbrain/sepformer-libri3mix,2,10.673898692171083,,text_fileid_144_doa250_spk1.txt,0.14814814814814814,4,27,6.567692756652832,10.877669334411621,4.309976577758789,6.545639991760254,10.672369003295898,4.1267290115356445,1.525169849395752,2.1931371688842773,0.6679673194885254,BUT AS BETWEEN FRIEN'S CERTAIN DELICATE LITTLE FACTS IN YOUR PAST LIFE HAVE COME INADVERTENTLY TO ME HEARING SOMETIMES HE WOULD ALLUDE TO A CERTAIN DOCUMENT OR,"But as between friends, certain delicate little sats in your past life have come inadvertently to me hearing. Sometimes he would have moved to a certain document, or...",0.5373738799989951,0.3944951459998265,0.39109362799899827,1.3229626539978199,0.032378015740854534,0.023769242462802573,0.02356429315753708,0.07971155136119419,1
145,mic_fileid_145_doa40_3spk.wav,SepFormer-sepformer-libri3mix,1,15.536875,40,1,speechbrain/sepformer-libri3mix,0,3.5659558594449985,,text_fileid_145_doa40_spk1.txt,0.40540540540540543,15,37,2.949587106704712,4.903804779052734,1.9542176723480225,2.934643268585205,3.5530953407287598,0.6184520721435547,1.165673017501831,1.2287318706512451,0.06305885314941406,OH EXCLAIMED REBECCA SYMPATHETICALLY MINE WAS NO SHOES AND TOO MANY BABIES AND NOT ENOUGH BOOKS BUT YOU'RE ALL RIGHT AND HAPPY NOW AREN'T YOU SHE ASKED DOUBTFULLY FOR THOUGH HE LOOKED HANDSOME WELL FED AND PROSPEROUS,"Oh, it's fine to reflect this sympathetically. Mine was no shoes and too many babies and not enough books. But you're all right and happy now, aren't you? You can't have the late-for-the-be-looking and well-fet and prosperous.",0.4708507270006521,0.5824173060009343,0.31433506200119155,1.367603095002778,0.03030536880811953,0.03748612935361418,0.020231549909566212,0.08802304807129992,1
146,mic_fileid_146_doa55_3spk.wav,SepFormer-sepformer-libri3mix,1,15.596625,170,1,speechbrain/sepformer-libri3mix,0,8.272484540280127,,text_fileid_146_doa170_spk1.txt,0.36585365853658536,15,41,6.874184608459473,8.910635948181152,2.0364513397216797,6.741080284118652,8.171632766723633,1.4305524826049805,1.477184772491455,1.7179150581359863,0.24073028564453125,AS THOUGH WONDERING WHETHER THE MISSILE THAT HAD STRUCK HIM THERE HAD ALSO BEEN LOADED IN THAT WAY WE'RE SORRY MISTER CHASE THAT YOUR WINDOW WAS BROKEN SAID FRANK STEADILY IT WAS AN ACCIDENT I GIVE YOU MY WORD ABOUT THAT,"As that wondering weathered the missile that was right in there had also exploded in the wind. We're sorry, Mr. Chase, that your window was broken. I'm sorry, Mr. Chase. It was my accident. I give you my word about that.",0.4625259829990682,0.5857545260005281,0.2544471019991761,1.3027276109987724,0.029655517331414215,0.037556492253967004,0.016314241189948217,0.08352625077532944,1
147,mic_fileid_147_doa111_3spk.wav,SepFormer-sepformer-libri3mix,1,16.842,323,1,speechbrain/sepformer-libri3mix,1,7.268184834640273,,text_fileid_147_doa323_spk1.txt,0.625,20,32,4.675209045410156,8.342967987060547,3.6677589416503906,4.656813621520996,7.2841572761535645,2.6273436546325684,1.2285008430480957,1.5708420276641846,0.34234118461608887,THE SULTAN WITHOUT WAITING FOR SCHEHERAZADE TO ASK HIS PERMISSION BADE HER PROCEED WITH THE STORY OF THE GENIE AND THE MERCHANT UPON WHICH SCHEHERAZADE CONTINUED HER RELATION AS FOLLOWS F N,He was so stunned without waiting to share the Zad to ask his submission. The page repreceed with the story of the genie and the Russians. A potlet shared the Zad continued her relation as follows. FN.,0.540348314001676,0.5761123170013889,0.24345797900059551,1.3599186100036604,0.03208338166498492,0.03420688261497381,0.01445540784945942,0.08074567212941815,1
148,mic_fileid_148_doa52_3spk.wav,SepFormer-sepformer-libri3mix,1,15.677,52,1,speechbrain/sepformer-libri3mix,2,5.268599602776729,,text_fileid_148_doa52_spk1.txt,0.53125,17,32,1.206465721130371,6.00407075881958,4.797605037689209,1.1908621788024902,5.270084381103516,4.079222202301025,1.166214108467102,1.531095266342163,0.36488115787506104,HIS LIPS CONTINUED TO MOVE SILENTLY AS THOUGH HE WERE TALKING TO HIMSELF WHICH CAUSED THEM ALL TO GAZE ATTENTIVELY AT HIM IN THE ENDEAVOR TO HEAR MORE THERE WAS NO APPLAUSE,"His list continues to move fairly and so he was asking you and the others, which caused them all to gaze at him with left hand in the end ever to hear more. There was no applause.",0.4528818210001191,0.6143857400002162,0.31506258500121476,1.38233014600155,0.028888296293941386,0.03919026216752033,0.02009712221733844,0.08817568067880016,1
149,mic_fileid_149_doa92_3spk.wav,SepFormer-sepformer-libri3mix,1,16.799,92,1,speechbrain/sepformer-libri3mix,2,8.809404243393837,,text_fileid_149_doa92_spk1.txt,0.15151515151515152,5,33,8.771145820617676,9.800287246704102,1.0291414260864258,8.761642456054688,8.808723449707031,0.04708099365234375,1.3804357051849365,1.5753934383392334,0.19495773315429688,YOU CANNOT TELL A MAN BY THE LOBSTER HE EATS BUT YOU CAN TELL SOMETHING ABOUT HIM BY THE LITERATURE HE READS FOR INSTANCE I ONCE OCCUPIED A CARRIAGE ON AN EASTERN LINE,"You cannot tell a man by the lobster pupils, but you can tell some things about him by the literature he uses. For instance, I once occupied a carriage on an eastern line.",0.522830789001091,0.597260489999826,0.4559537779987295,1.5760450569996465,0.031122732841305498,0.03555333591284159,0.02714172141191318,0.09381779016606027,1
150,mic_fileid_150_doa91_3spk.wav,SepFormer-sepformer-libri3mix,1,16.018375,223,1,speechbrain/sepformer-libri3mix,2,6.8486808837721656,,text_fileid_150_doa223_spk1.txt,0.6216216216216216,23,37,2.9307069778442383,9.055694580078125,6.124987602233887,2.9157865047454834,6.848082542419434,3.93229603767395,1.2439202070236206,1.5239198207855225,0.27999961376190186,THIS IS WHAT I WANTED TO SEE SAID GRAHAM THIS IS WHAT I WANTED TO SEE TRYING TO AVOID A START AT A PARTICULARLY STRIKING DISFIGUREMENT SHE MIGHT HAVE DONE BETTER WITH HERSELF THAN THAT SAID ASANO,"This is what I wanted to see on a security level. This is what I wanted to see, trying to avoid a start that was particularly strange in the citizens. So many of those are going to be involved in that set of songs.",0.5156924659986544,0.6990451049987314,0.3886584869997023,1.603396057997088,0.0321938065502059,0.04364020101906289,0.02426329056472347,0.10009729813399225,1
151,mic_fileid_151_doa83_3spk.wav,SepFormer-sepformer-libri3mix,1,16.11575,298,1,speechbrain/sepformer-libri3mix,1,6.68884713698763,,text_fileid_151_doa298_spk1.txt,0.5862068965517241,17,29,0.9471257328987122,7.708014011383057,6.7608882784843445,0.9161661863327026,6.698319435119629,5.782153248786926,1.1313751935958862,1.3315194845199585,0.20014429092407227,AND IS THERE ANYTHING FINER THAN TO SEARCH FOR ONE'S OWN VIRTUES IS IT NOT ALMOST TO BELIEVE IN ONE'S OWN VIRTUES BUT THIS BELIEVING IN ONE'S OWN VIRTUES,Is there anything more finer than this search for Wenzel and Virtus? Is it not almost too thin indeed that Wenzel and Virtus? Is this believing in Wenzel and Virtus?,0.48175819700009015,0.5434191889999056,0.36878970300131186,1.3939670890013076,0.0298936256146993,0.033719757938656635,0.022883806400652275,0.08649718995400821,1
152,mic_fileid_152_doa81_3spk.wav,SepFormer-sepformer-libri3mix,1,15.52575,81,1,speechbrain/sepformer-libri3mix,0,4.982497866695573,,text_fileid_152_doa81_spk1.txt,0.6333333333333333,19,30,4.007671356201172,5.869029998779297,1.861358642578125,3.9926719665527344,4.945755481719971,0.9530835151672363,1.197941541671753,1.3453354835510254,0.14739394187927246,SHE PRESENTLY DISCOVERED IN TRUTH THAT THIS OBLIGATION WAS OF THE LIGHTEST AND THAT MISSUS TOUCHETT CARED VERY LITTLE HOW MISS STACKPOLE BEHAVED MISSUS TOUCHETT HAD DEFINED HER TO ISABEL,"In a surprise rediscovered intrusion, this obligation was up a light and that Mrs. Kutchett, care very little on this stackable day. Hey, Mrs. Kutchett had defined her to Isabel.",0.4693605749998824,0.7311160219996964,0.32711489199937205,1.5275914889989508,0.030231104777539403,0.047090544546942746,0.02106918454821004,0.0983908338726922,1
153,mic_fileid_153_doa13_3spk.wav,SepFormer-sepformer-libri3mix,1,15.575375,102,1,speechbrain/sepformer-libri3mix,1,8.334989504936132,,text_fileid_153_doa102_spk1.txt,0.2972972972972973,11,37,4.143592834472656,10.297384262084961,6.153791427612305,4.134533882141113,8.334861755371094,4.2003278732299805,1.4438577890396118,1.97819185256958,0.5343340635299683,I'M KEEPING OPEN HOUSE FOR A SPECIAL REASON TWO FELLOWS I KNOW ARE GETTING MARRIED TO MORROW IT'S A DOUBLE WEDDING IT'S ALSO A DOUBLE HONEYMOON BUT THEY AREN'T ONTO THAT YET HARMON'S CLEAR BROWN EYES TWINKLED,"I'm keeping open house for a special occasion. Just folks I know are getting married tomorrow. It's a double wedding. It's also a double honeymoon. But they are gone for that, yes. Harman's clear brown eyes twinkle.",0.47677682699941215,0.5494837740006915,0.3275405500007764,1.35380115100088,0.030610937264715116,0.035279007664386346,0.02102938452530205,0.08691932945440352,1
154,mic_fileid_154_doa109_3spk.wav,SepFormer-sepformer-libri3mix,1,16.606625,109,1,speechbrain/sepformer-libri3mix,2,10.697531537568564,,text_fileid_154_doa109_spk1.txt,0.1111111111111111,4,36,5.315975666046143,11.760247230529785,6.444271564483643,5.283188343048096,10.826287269592285,5.5430989265441895,1.3157422542572021,2.2300312519073486,0.9142889976501465,LIBERTY TO HIM EPITOMIZES ITSELF IN ACCESS TO THE MEANS OF TOIL TO TILL THE SOIL AND LABOUR INTERMINABLY WITH RUDE IMPLEMENTS AND UTENSILS IS ALL HE ASKS OF LIFE AND OF THE POWERS THAT BE,"Liberty to him epitomizes itself in access to the means of toil. Sittil the soil, and labor interminably with rude implements and utensils, as all he asks of life, and of the powers that be.",0.5239431660011178,0.5679149420011527,0.3083161980011937,1.4001743060034642,0.031550249734736455,0.034198095157875405,0.01856585537405666,0.08431420026666851,1
155,mic_fileid_155_doa4_3spk.wav,SepFormer-sepformer-libri3mix,1,17.863875,4,1,speechbrain/sepformer-libri3mix,2,8.511587858454558,,text_fileid_155_doa4_spk1.txt,0.8809523809523809,37,42,5.358262538909912,8.86374282836914,3.5054802894592285,5.3501057624816895,8.520573616027832,3.1704678535461426,1.149033546447754,1.5710655450820923,0.4220319986343384,DON JUAN NOW WE LOOK UPON THE SMALLEST BOOK EVER PRINTED DANTE'S DIVINA COMMEDIA BOUND IN TURKEY GILT LESS THAN TWO AND ONE FOURTH INCHES LONG BY ONE AND ONE HALF INCHES WIDE THE COLLECTION OF MISTER AND MISSUS S C HALL,"Now I know, now we will perform the smallest of every credit. Some days, the name of the new year. Foundings of the year. Placing two, and one circle of the world by one, and the imagination's one. Placing a mission in your S.P. Hall.",0.5605922509985248,1.7398648719990888,0.4301546660008171,2.7306117889984307,0.031381335292512115,0.09739571464752686,0.02407958329314424,0.15285663323318321,1
156,mic_fileid_156_doa54_3spk.wav,SepFormer-sepformer-libri3mix,1,16.871875,169,1,speechbrain/sepformer-libri3mix,1,7.698149058735359,,text_fileid_156_doa169_spk1.txt,0.2727272727272727,9,33,5.513459205627441,9.8645601272583,4.351100921630859,5.501984596252441,7.697861671447754,2.1958770751953125,1.42355215549469,2.0194313526153564,0.5958791971206665,INTERRUPTED PHILIP I'VE HEARD THAT SOME PROFESSORS SAY THAT THEIR ANNEX CLASSES DO BETTER WORK THAN OURS BUT ANYBODY CAN TELL THAT THAT'S ALL ROT I BELIEVE IT'S ALL PERFECTLY TRUE SAID NORA,"The interrupt is so long. I've heard the professor say that their annex classes do better work than ours, but anybody can tell that that's all abroad. I believe it's all perfectly true, said Nora.",0.5357570990017848,0.49713502200029325,0.26506641500054684,1.297958536002625,0.03175444928330638,0.029465309694405233,0.015710548768322837,0.07693030774603445,1
157,mic_fileid_157_doa8_3spk.wav,SepFormer-sepformer-libri3mix,1,16.933125,155,1,speechbrain/sepformer-libri3mix,1,8.805904730363697,,text_fileid_157_doa155_spk1.txt,0.5294117647058824,27,51,4.362349510192871,9.597403526306152,5.235054016113281,4.336419105529785,8.774568557739258,4.438149452209473,1.254493236541748,1.8853007555007935,0.6308075189590454,HE AS THE CORPORAL WAS ENTERING THE CONFINES OF BOHEMIA MY UNCLE TOBY OBLIGED HIM TO HALT FOR A SINGLE MOMENT HE HAD SET OUT BARE HEADED HAVING SINCE HE PULL'D OFF HIS MONTERO CAP IN THE LATTER END OF THE LAST CHAPTER LEFT IT LYING BESIDE HIM ON THE GROUND,"Feeble, as the portals were interred in confineship of Beeson, I also tell the Abolition to halt for a single moment. Yet set out, bare-handed, having since she'd come off with Montereyal cap and a latter into the last chapter, that could lie beside him on the ground.",0.5225348290005059,0.7581395380002505,0.35944006300087494,1.6401144300016313,0.030858735702978975,0.044772570804281576,0.021227036533473586,0.09685834304073414,1
158,mic_fileid_158_doa77_3spk.wav,SepFormer-sepformer-libri3mix,1,14.22,251,1,speechbrain/sepformer-libri3mix,0,8.076387262051394,,text_fileid_158_doa251_spk1.txt,0.14634146341463414,6,41,4.807669639587402,8.28171157836914,3.4740419387817383,4.790853023529053,8.066889762878418,3.2760367393493652,1.3433760404586792,1.623279333114624,0.2799032926559448,I AM QUITE AWARE THAT SCIENCE HAS TO BE ON ITS GUARD WITH DISCOVERIES OF THIS KIND I KNOW WHAT CAPITAL ENTERPRISING INDIVIDUALS LIKE BARNUM HAVE MADE OUT OF FOSSIL MEN I HAVE HEARD THE TALE OF THE KNEEPAN OF AJAX,I am quite aware that science has to be on its guard of discoveries of this kind. I know what capital-enterprising individuals like Bonham have made out of fossil men. I have heard the tale of the neat hand of Ajax.,0.4129719259999547,0.5663696030005667,0.2695345129995985,1.24887604200012,0.02904162630098134,0.03982908600566573,0.018954607102644058,0.08782531940929113,1
159,mic_fileid_159_doa31_3spk.wav,SepFormer-sepformer-libri3mix,1,17.1225,31,1,speechbrain/sepformer-libri3mix,0,10.099871719730908,,text_fileid_159_doa31_spk1.txt,0.18518518518518517,10,54,4.8148345947265625,10.696550369262695,5.881715774536133,4.801199913024902,10.094701766967773,5.293501853942871,1.2085096836090088,1.7407763004302979,0.5322666168212891,AND SAY MY MISTRESS VENUS DESIRES YOU TO SEND HER A LITTLE OF YOUR BEAUTY FOR IN TENDING HER SICK SON SHE HAS LOST SOME OF HER OWN BE NOT TOO LONG ON YOUR ERRAND FOR I MUST PAINT MYSELF WITH IT TO APPEAR AT THE CIRCLE OF THE GODS AND GODDESSES THIS EVENING,"and say, My mistress Venus desires you to send her a will of your duty. For intending her sixth son, she has lost some of her own. Be not too long with your errands, for I must eat myself with it, to appear at the circles of the jobs and goddesses this evening.",0.5478850020008394,0.8777916759991058,0.49944044000039867,1.925117118000344,0.031997956022826075,0.051265392086383754,0.029168663454542193,0.11243201156375203,1
160,mic_fileid_160_doa141_3spk.wav,SepFormer-sepformer-libri3mix,1,17.854,141,1,speechbrain/sepformer-libri3mix,2,2.02773772101971,,text_fileid_160_doa141_spk1.txt,1.0256410256410255,40,39,1.8330504894256592,2.9070277214050293,1.0739772319793701,1.7921650409698486,2.0368261337280273,0.2446610927581787,1.0836445093154907,1.1854469776153564,0.10180246829986572,YOU WOULD NOT FOR INSTANCE NOW GO TO A BALL FOR THE WORLD YOU FEEL THAT YOU HAVE NO LONGER ANY FRIEND TO WHOM YOU CAN SPEAK WITH UNRESERVE ON WHOSE REGARD YOU CAN PLACE DEPENDENCE OR WHOSE COUNSEL,"You will not pray for this now, Lord. You feel that you have known that any prayer you may be praying on the way to the church, on the way to the church, it can play a part in your account. It's what it might be.",0.5840257830004703,0.7936935799989442,0.3752763229986158,1.7529956859980302,0.03271120101940575,0.04445466450089303,0.021019173462451878,0.09818503898275066,1
161,mic_fileid_161_doa59_3spk.wav,SepFormer-sepformer-libri3mix,1,17.657375,59,1,speechbrain/sepformer-libri3mix,1,10.335412720266175,,text_fileid_161_doa59_spk1.txt,0.4166666666666667,20,48,5.083308219909668,11.03750228881836,5.954194068908691,5.074408054351807,10.3350248336792,5.260616779327393,1.2224398851394653,1.8999240398406982,0.6774841547012329,HE DECLARES IT IS AS THOUGH IT WERE PAINTED ON A BROBDINGNAGIAN PIECE OF GILT PAPER AND HE WHO DAMPENS HIS FINGER AND THRUSTS IT THROUGH FINDS AN ALKALI VALLEY ON THE OTHER SIDE THE LONELY PRICKLY PEAR AND A HEAP OF ASHES FROM A DESERTED CAMP FIRE,"He displays it in his bowl of refinement on a brocking, naked piece of silk paper. As he is leaning his finger and stretching through, finds an alkylone jelly on the other side, the longer prickly pear, and a heap of ashes from a deserted campfire.",0.5655426749999606,0.783557942000698,0.3855612259994814,1.73466184300014,0.03202869480882411,0.04437567543310928,0.021835704684273934,0.09824007492620733,1
162,mic_fileid_162_doa43_3spk.wav,SepFormer-sepformer-libri3mix,1,16.223875,100,1,speechbrain/sepformer-libri3mix,0,9.181498844773046,,text_fileid_162_doa100_spk1.txt,0.2,6,30,5.771480560302734,10.761138916015625,4.989658355712891,5.7526350021362305,9.181953430175781,3.429318428039551,1.1724342107772827,1.551756739616394,0.37932252883911133,WHICH WAS IN ITSELF OF ALL THINGS THE MOST PERNICIOUS IF MARY MUST GO TO CHELTENHAM WHY COULD SHE NOT GO BY HERSELF SECOND CLASS LIKE ANY OTHER YOUNG WOMAN,"which was, in itself, of all things, the most French. If Mary must go to Cheltenon, why could she not go by herself, back in class, like any other gentleman?",0.5155089260006207,0.4802672629994049,0.3212955819999479,1.3170717709999735,0.03177471017254637,0.029602500204137724,0.019803874351839366,0.08118108472852346,1
163,mic_fileid_163_doa154_3spk.wav,SepFormer-sepformer-libri3mix,1,16.2585,302,1,speechbrain/sepformer-libri3mix,1,4.077799266953554,,text_fileid_163_doa302_spk1.txt,0.024390243902439025,1,41,5.562557220458984,6.233325481414795,0.6707682609558105,5.546841144561768,4.077231407165527,-1.4696097373962402,1.423728108406067,1.4468854665756226,0.023157358169555664,FOR A LONG TIME THE ROMAN LAWS HAD BEEN DIFFICULT TO UNDERSTAND THERE WAS A VAST NUMBER OF THEM AND DIFFERENT WRITERS DIFFERED WIDELY AS TO WHAT THE LAWS REALLY WERE AND WHAT THEY MEANT JUSTINIAN EMPLOYED A GREAT LAWYER NAMED,"For a long time Roman laws had been difficult to understand. There was a vast number of them, and different writers differed widely as to what the laws really were and what they meant. Justinian employed a great lawyer named...",0.5323302970009536,0.5661394090002432,0.4257238859991048,1.5241935920003016,0.03274166110040616,0.03482113411447816,0.0261846963741492,0.09374749158903352,1
164,mic_fileid_164_doa84_3spk.wav,SepFormer-sepformer-libri3mix,1,16.054875,84,1,speechbrain/sepformer-libri3mix,0,5.919539273680301,,text_fileid_164_doa84_spk1.txt,0.30303030303030304,10,33,4.5221943855285645,8.099647521972656,3.577453136444092,4.5097126960754395,5.917686462402344,1.4079737663269043,1.225691795349121,1.372363567352295,0.14667177200317383,I NEVER BEFORE HAD SEEN TWO GREEN MARTIAN WARRIORS BATTLE WITH NATURE'S WEAPONS AND THE EXHIBITION OF ANIMAL FEROCITY WHICH ENSUED WAS AS FEARFUL A THING AS THE MOST DISORDERED IMAGINATION COULD PICTURE,"I never before have seen two great first warriors battle with nature's weapons, and the exhibition of Animal Thorosity, which ensues, was a fearful thing is the most disordered imagination for pictures.",0.5169093280001107,0.39652298699911626,0.2998892840005283,1.2133215989997552,0.03219640937722098,0.02469798033302136,0.01867901705871446,0.0755734067689568,1
165,mic_fileid_165_doa32_3spk.wav,SepFormer-sepformer-libri3mix,1,16.851625,89,1,speechbrain/sepformer-libri3mix,2,11.33545509331109,,text_fileid_165_doa89_spk1.txt,0.28125,9,32,8.518071174621582,11.94440746307373,3.4263362884521484,8.50185489654541,11.336881637573242,2.835026741027832,1.399488091468811,1.9022927284240723,0.5028046369552612,REMAINED UNCONQUERED AND CONTINUED TO CONSPIRE AGAINST HIM THE RESISTING POWER OF THE SYRIAN ALLIES HOWEVER WAS BEING GREATLY WEAKENED BY INTERNAL REVOLTS WHICH MAY HAVE BEEN STIRRED UP BY ASSYRIAN EMISSARIES,"remain unconquered and continue to fire against the enemy. The resisting power of the Syrian ally, however, was being greatly weakened by internal revolts, which may have been stirred up by the Syrian M-Series.",0.5438159130007989,0.4971888729996863,0.2701586049988691,1.3111633909993543,0.03227082925241921,0.02950391270869642,0.01603160555726045,0.07780634751837609,1
166,mic_fileid_166_doa59_3spk.wav,SepFormer-sepformer-libri3mix,1,17.28625,109,1,speechbrain/sepformer-libri3mix,2,4.0460219360883745,,text_fileid_166_doa109_spk1.txt,0.8484848484848485,28,33,4.662032127380371,4.954950332641602,0.29291820526123047,4.649163246154785,4.050289154052734,-0.5988740921020508,1.4677940607070923,1.5549336671829224,0.08713960647583008,FOR I HAD SEEN HIM MEDITATING A FRESH TREACHERY UPON THE PLATEAU ACCORDINGLY IT WAS PRETTY GRUFFLY THAT THE DOCTOR ANSWERED HIM DRUNK OR RAVING SAID HE RIGHT YOU WERE SIR REPLIED SILVER,"for I have seen as meditating a false treachery upon the top. Accordingly, it is a prayer for the night to get up, drunk or raving, as the heat. Correct your words, sir. The Lord of their lives, all those requests were sacred.",0.5497257870010799,0.7272449880001659,0.3643688789998123,1.641339654001058,0.03180133267776874,0.04207072025454717,0.02107853808661869,0.09495059101893459,1
167,mic_fileid_167_doa27_3spk.wav,SepFormer-sepformer-libri3mix,1,15.55075,27,1,speechbrain/sepformer-libri3mix,1,7.583169192448227,,text_fileid_167_doa27_spk1.txt,0.3333333333333333,12,36,4.4218878746032715,8.311941146850586,3.8900532722473145,4.405858039855957,7.579087257385254,3.173229217529297,1.1502008438110352,1.590261697769165,0.4400608539581299,THEIR SHARP CUR LIKE BARKS USED OFTEN TO ROUSE US AND OF A DARK EVENING WE WOULD HEAR THEM OUT IN THE FIELDS MOUSING AROUND THE STONE HEAPS MAKING A QUEER SQUEAKING SOUND LIKE A MOUSE,"There are sharp, fur-like barks used often to rouse us. End of the dark evenings, we would hear the noise in the fields, mouthing around the stove units, making a queer squeaking sound like a mouse.",0.4519763789994613,0.4974026979998598,0.29790461199991114,1.2472836889992323,0.02906460325061243,0.031985769046499996,0.01915692889409907,0.0802073011912115,1
168,mic_fileid_168_doa134_3spk.wav,SepFormer-sepformer-libri3mix,1,17.55775,343,1,speechbrain/sepformer-libri3mix,1,7.109695658488424,,text_fileid_168_doa343_spk1.txt,0.15,6,40,4.35864782333374,7.749594688415527,3.390946865081787,4.348939895629883,7.105476379394531,2.7565364837646484,1.4690086841583252,1.7129344940185547,0.2439258098602295,THE OLD SHIP WAS NOT HEATED UNTIL EIGHTEEN TWENTY TWO THE ONLY RELIEF FROM THE CHILL AND STIFFNESS COMES DURING THE PRAYER WHEN THE CONGREGATION STANDS KNEELING OF COURSE WOULD SAVOR TOO STRONGLY OF IDOLATRY AND THE CHURCH OF ROME,"The old ship was not heated until 1822. The only relief from the chilled and stiffness comes during the prayer when the congregation stands. Healing, of course, would savor too strongly idolatry and the Church of Rome.",0.5350855150009011,0.5522512229999847,0.29300807300023735,1.3803448110011232,0.030475745183802087,0.03145341646851019,0.01668824724126026,0.07861740889357254,1
169,mic_fileid_169_doa149_3spk.wav,SepFormer-sepformer-libri3mix,1,16.514,264,1,speechbrain/sepformer-libri3mix,1,7.028040169541957,,text_fileid_169_doa264_spk1.txt,0.7115384615384616,37,52,4.767788410186768,7.9756598472595215,3.207871437072754,4.757286071777344,7.025110721588135,2.267824649810791,1.2053990364074707,1.5444871187210083,0.3390880823135376,AND MATTIE ANDREWS HAD A NEW RED HOOD AND A BLUE CROSSOVER WITH TASSELS ON IT AND THE AIRS SHE PUT ON ABOUT IT WERE PERFECTLY SICKENING AND LIZZIE WRIGHT DIDN'T SPEAK TO MAMIE WILSON BECAUSE MAMIE WILSON'S GROWN UP SISTER HAD CUT OUT LIZZIE WRIGHT'S GROWN UP SISTER WITH HER BEAU,"The man is under a new red hood and a new cross over the pattern. In the air, she put on a leather for public service. And when she wrote, she didn't think the name was real. She said, maybe the girl from the grown-up sister had cut out Lizzie Wright's grown-up sister with her both.",0.5332765900002414,0.7353767730000982,0.3735047600002872,1.6421581230006268,0.032292393726549684,0.04453050581325531,0.022617461547795037,0.09944036108760003,1
170,mic_fileid_170_doa57_3spk.wav,SepFormer-sepformer-libri3mix,1,17.31175,133,1,speechbrain/sepformer-libri3mix,2,8.065447210638867,,text_fileid_170_doa133_spk1.txt,0.12727272727272726,7,55,3.3301844596862793,8.337817192077637,5.007632732391357,3.308889865875244,8.065437316894531,4.756547451019287,1.2394912242889404,1.8046746253967285,0.5651834011077881,AND NOT HAVE MARRIED THE MOTHER OF THE PROUD PRINCESS WHO CAUSED HIM ENDLESS TROUBLE UNTIL HER DEATH MY DAY IS PAST SAID HE AND HE GAVE UP HIS CROWN TO HIS SON AMEER ALI WHO WENT ONCE MORE AND CALLED TO THE FOREST FAIRY TO PROVIDE HIM WITH A QUEEN TO SHARE HIS THRONE,"and not have buried the mother of the proud princess who caused her endless trouble until her death. My days passed, said he, and he gave up his crown to his son, Amir Ali, who went once more and called to the Forest Fairy to provide him with a theme to share his throne.",0.5421624209993752,0.6726866169992718,0.3523788920010702,1.5672279299997172,0.03131759764318311,0.03885722800983562,0.020354897223046207,0.09052972287606494,1
171,mic_fileid_171_doa66_3spk.wav,SepFormer-sepformer-libri3mix,1,15.962875,238,1,speechbrain/sepformer-libri3mix,2,10.419966119338355,,text_fileid_171_doa238_spk1.txt,0.2608695652173913,12,46,4.6071248054504395,11.205517768859863,6.598392963409424,4.5947675704956055,10.42055606842041,5.825788497924805,1.1221245527267456,1.6916437149047852,0.5695191621780396,STILL IF HE IS TO BE IN THE GROVE TO NIGHT I MAY AS WELL BE THERE ALSO WHAT DISGUISE IS HE IN A FARM LABORER'S THE BEST HE COULD ADOPT ABOUT HERE WITH LARGE BLACK WHISKERS HE IS STOPPING ABOUT THREE MILES OFF HE SAID,"So, if he is to be in the girl tonight, I may as well be there also. What disguise was he in? The farm leaders, the best to get it out about here, with large black whispers. He is stopping about three miles off, he said.",0.49891073100116046,0.5210976560010749,0.28972326300026907,1.3097316500025045,0.03125444075714184,0.032644348590155275,0.01814981718520436,0.08204860653250147,1
172,mic_fileid_172_doa1_3spk.wav,SepFormer-sepformer-libri3mix,1,17.0665,236,1,speechbrain/sepformer-libri3mix,1,8.61402507355609,,text_fileid_172_doa236_spk1.txt,0.46511627906976744,20,43,3.0948972702026367,8.997851371765137,5.9029541015625,3.0812673568725586,8.613221168518066,5.531953811645508,1.147566795349121,1.4842181205749512,0.3366513252258301,WE WERE YET ALMOST AFRAID TO BELIEVE THAT WE WERE AT LAST TO ESCAPE INTO THE GENIAL COUNTRY OF WHICH WE HAVE HEARD SO MANY GLOWING DESCRIPTIONS AND DREADED AGAIN TO FIND SOME VAST INTERIOR LAKE WHOSE BITTER WATERS WOULD BRING US DISAPPOINTMENT,"We would that all of us are ready to believe that we were at last to escape the typical genital curse of which we have first studied in the flowing description. And dreaded again to find such vast interior life, as bitter waters would bring us disappointment.",0.5432103980001557,0.5518314389992156,0.3980955539991555,1.4931373909985268,0.03182904508834006,0.03233418914242613,0.023326139161465767,0.08748937339223196,1
173,mic_fileid_173_doa42_3spk.wav,SepFormer-sepformer-libri3mix,1,17.582,146,1,speechbrain/sepformer-libri3mix,2,9.440383799337651,,text_fileid_173_doa146_spk1.txt,0.25,12,48,3.1561644077301025,9.963349342346191,6.807184934616089,3.145552158355713,9.437422752380371,6.291870594024658,1.187874436378479,1.8197975158691406,0.6319230794906616,THE APPEARANCE OF THE CHART WAS INCREDIBLE TO THE SURVIVING MUTINEERS THEY LEAPED UPON IT LIKE CATS UPON A MOUSE IT WENT FROM HAND TO HAND ONE TEARING IT FROM ANOTHER AND BY THE OATHS AND THE CRIES AND THE CHILDISH LAUGHTER WITH WHICH THEY ACCOMPANIED THEIR EXAMINATION,"The appearance of the chart was incredible to the surviving youth leaders. It was easy to buy by the cash upon a mouse. It went from hand to hand, one carrying it from another, by the oaths and the cries and the childish laughter with which they accompanied their examination.",0.5650448969990975,0.5444662850004534,0.381555975000083,1.4910671569996339,0.03213769178700361,0.030967255431717286,0.021701511489027582,0.08480645870774849,1
174,mic_fileid_174_doa166_3spk.wav,SepFormer-sepformer-libri3mix,1,15.549625,166,1,speechbrain/sepformer-libri3mix,2,10.097945403286584,,text_fileid_174_doa166_spk1.txt,0.2564102564102564,10,39,3.9873580932617188,10.33952808380127,6.352169990539551,3.9698615074157715,10.09852409362793,6.128662586212158,1.3715684413909912,2.12195086479187,0.7503824234008789,THE GRAVEYARD WAS A MILE OUTSIDE THE VILLAGE A SANDY PLAIN WHERE A FEW STUNTED PINES TRANSPLANTED FROM THE WOODS NEAR IT STRUGGLED TO KEEP ALIVE AS WE TURNED FROM THE STREET INTO THE LANE WHICH LED TO IT,"The graveyard is a wild outcry of the village. A family plane where a few dotted pines transplanted into the woods near it, struggled to survive. As we turned from the street into the lane, which led to it.",0.46863172499979555,0.45937457699983497,0.23360664499887207,1.1616129469985026,0.030137815220611142,0.02954248587987395,0.015023297667877654,0.07470359876836274,1
175,mic_fileid_175_doa16_3spk.wav,SepFormer-sepformer-libri3mix,1,16.972375,144,1,speechbrain/sepformer-libri3mix,2,9.59885821359876,,text_fileid_175_doa144_spk1.txt,0.3611111111111111,13,36,4.927112579345703,11.854667663574219,6.927555084228516,4.913884162902832,9.597896575927734,4.684012413024902,1.2614853382110596,1.4950144290924072,0.23352909088134766,MADAME DE VILLEFORT SIGHED HER NERVES GAVE WAY AND SHE SUNK ON THE CARPET THE KING'S ATTORNEY SEEMED TO EXPERIENCE A SENSATION OF PITY HE LOOKED UPON HER LESS SEVERELY AND BOWING TO HER SAID SLOWLY,The name developed outside. The nerves gave way and she showed her calming classes. The kid's attorney soon to experience a sensation of pain. He looked around her less severely and bowing to her said slowly.,0.5540267839987791,0.5103071760004241,0.4458941180000693,1.5102280779992725,0.032642855463585925,0.030066927934388917,0.026271757370436917,0.08898154076841176,1
176,mic_fileid_176_doa208_3spk.wav,SepFormer-sepformer-libri3mix,1,17.628625,208,1,speechbrain/sepformer-libri3mix,0,-2.3840066422948616,,text_fileid_176_doa208_spk1.txt,0.5476190476190477,23,42,2.5046870708465576,1.8105454444885254,-0.6941416263580322,2.495816230773926,-1.6311125755310059,-4.126928806304932,1.1126065254211426,1.1252418756484985,0.012635350227355957,HE STOOD ASIDE EDGED A LITTLE INTO THE RAIN TO LET THE THRONG PASS A SMALL BOY RUSHED OUT SNIFFED IN THE DAMP FRESH AIR AND TURNED UP THE COLLAR OF HIS COAT CAME THREE OR FOUR COUPLES IN A GREAT HURRY,"He's just spied, edged a little into the rain. Here, let the throne rise. A small boy was now miffed in the damp fresh air and turned up the collar and coat. Came three or four couples and raised her. He saw a man of about 40 years of age.",0.5740458109994506,0.6518243539994728,0.37511015699965355,1.600980321998577,0.0325632776804459,0.0369753372143019,0.021278469364437304,0.09081708425918511,1
177,mic_fileid_177_doa189_3spk.wav,SepFormer-sepformer-libri3mix,1,16.409875,288,1,speechbrain/sepformer-libri3mix,0,9.890699237950562,,text_fileid_177_doa288_spk1.txt,0.5588235294117647,19,34,6.556798458099365,10.894381523132324,4.337583065032959,6.545500755310059,9.885446548461914,3.3399457931518555,1.5252528190612793,1.7570500373840332,0.2317972183227539,THE SCHOOL AND THE NEIGHBOURING COTTAGES THIS DID GOOD FOR A TIME BUT WHEN THE AUTUMN DREW ON AND THE WEATHER BECAME MORE CHANGEABLE HER MOTHER'S IDEA OF THE UNHEALTHINESS OF THE PLACE INCREASED,"and the neighbor in college. This gets good for a time, but when it gets too long, and the weather became more tangible, her mother's idea of being something is just the place they were reached in.",0.538734130001103,0.6347545339995122,0.2833411790015816,1.4568298430021969,0.0328298740850313,0.038681253452540754,0.01726650440674177,0.08877763194431383,1
178,mic_fileid_178_doa161_3spk.wav,SepFormer-sepformer-libri3mix,1,15.546125,331,1,speechbrain/sepformer-libri3mix,2,6.114164229318941,,text_fileid_178_doa331_spk1.txt,0.6071428571428571,17,28,3.9408061504364014,6.748086929321289,2.8072807788848877,3.925187349319458,6.114616870880127,2.189429521560669,1.241363286972046,1.3750593662261963,0.1336960792541504,ALL WERE LOADED WITH PASSENGERS AND FREIGHT FOR NOME SCOUT BOATS HAD ALREADY BEEN SENT OUT TO INVESTIGATE AND FIND IF POSSIBLE A PASSAGE THROUGH THE ICE FIELDS,Because I'm limited with passengers and freight for nodes. The output could already be sent out to the rest of the gate and find it possible to package through the high fields.,0.4376809620007407,0.4649731609988521,0.2856607060002716,1.1883148289998644,0.028153701452982058,0.0299092642699613,0.0183750423980427,0.07643800812098606,1
179,mic_fileid_179_doa105_3spk.wav,SepFormer-sepformer-libri3mix,1,17.104875,359,1,speechbrain/sepformer-libri3mix,2,8.741430989941186,,text_fileid_179_doa359_spk1.txt,0.5161290322580645,16,31,4.935006618499756,9.076458930969238,4.141452312469482,4.908293724060059,8.741024017333984,3.832730293273926,1.1149756908416748,1.3385611772537231,0.22358548641204834,AND EXPRESSES HORROR RATHER THAN INDIGNATION ALIKE INVOLUNTARY IS THE GROAN THAT GOES WITH IT PROCEEDING FROM A SINGLE INDIVIDUAL WHOM ALL KNOW TO BE THE FATHER OF THE MURDERED MAN,"and expresses sorrow about his own reunion. A life in voluntary is the throne that goes with it, proceeding from a single individual who won't want no to be the cause of the murder's man.",0.5498656220006524,0.5023545710009785,0.3716990610009816,1.4239192540026124,0.032146719692523466,0.029369087526274144,0.02173059206810816,0.08324639928690578,1
180,mic_fileid_180_doa24_3spk.wav,SepFormer-sepformer-libri3mix,1,16.508375,273,1,speechbrain/sepformer-libri3mix,2,9.41866856577798,,text_fileid_180_doa273_spk1.txt,0.35294117647058826,12,34,3.025883913040161,9.770894050598145,6.745010137557983,3.01238751411438,9.433710098266602,6.421322584152222,1.3166329860687256,1.8435924053192139,0.5269594192504883,AND HER HEAD HER WORDS TURNED AMEER ALI PALE WITH HORROR BUT SHE REMINDED HIM THAT NO HARM HAD COME TO HER BEFORE AND AT LAST HE CONSENTED TO DO AS SHE BADE HIM,"and her head up. Her words turned Amir Ali pale with horrors, but she reminded him that no harm had come to her before, and it lasts a consent if the doers she bathed.",0.5329810710009042,0.5570017339996411,0.2721151469995675,1.3620979520001129,0.03228549575599683,0.033740554960717886,0.01648346048593926,0.08250951120265397,1
181,mic_fileid_181_doa88_3spk.wav,SepFormer-sepformer-libri3mix,1,15.616625,175,1,speechbrain/sepformer-libri3mix,0,7.938502412832418,,text_fileid_181_doa175_spk1.txt,0.05405405405405406,2,37,4.879942417144775,11.06698989868164,6.187047481536865,4.871820449829102,7.938482284545898,3.066661834716797,1.2606687545776367,1.6253840923309326,0.3647153377532959,NEARLY A YEAR WENT BY LADY ISABEL CARLYLE HAD SPENT IT ON THE CONTINENT THAT REFUGE FOR SUCH FUGITIVES NOW MOVING ABOUT FROM PLACE TO PLACE WITH HER COMPANION NOW STATIONARY AND ALONE QUITE HALF THE TIME,"Nearly a year went by. Lady Isabel Carlisle had spent it on the continent. That refuge for such peaches. Now moving about from place to place with her companion, now stationary and alone. Quite half the time.",0.48188366099930136,0.720246369999586,0.349364998000965,1.5514950289998524,0.0308570937061818,0.04612048826168177,0.022371350916152815,0.09934893288401637,1
182,mic_fileid_182_doa130_3spk.wav,SepFormer-sepformer-libri3mix,1,17.097375,130,1,speechbrain/sepformer-libri3mix,2,8.797563765262693,,text_fileid_182_doa130_spk1.txt,0.21739130434782608,10,46,4.276630878448486,9.031292915344238,4.754662036895752,4.262304306030273,8.794821739196777,4.532517433166504,1.113201379776001,1.616803526878357,0.503602147102356,IT HAD BEEN A GREAT DAY FOR THE FAMILIES OF THE NEIGHBORING FARMERS AND THEY DROVE HOMEWARD IN THE LATE AFTERNOON FULL OF ENTHUSIASM OVER THE ROYAL MANNER IN WHICH THEY HAD BEEN ENTERTAINED AND ADMIRATION FOR THE GIRLS WHO HAD PROVIDED THE FUN AND FEASTING,"It has been a great day for the families of the neighboring farmers, and they drove Homer in the late afternoon full of enthusiasm over the road manner in which they spent entertaining and admiration for the girls who had provided the finest feel to him.",0.5618695099983597,0.6727357719992142,0.46485558499989565,1.6994608669974696,0.032862910826858494,0.03934731337408311,0.02718871084010824,0.09939893504104985,1
183,mic_fileid_183_doa59_3spk.wav,SepFormer-sepformer-libri3mix,1,15.812625,59,1,speechbrain/sepformer-libri3mix,1,6.683075270523653,,text_fileid_183_doa59_spk1.txt,0.14285714285714285,5,35,2.0132195949554443,7.246701240539551,5.2334816455841064,2.002716302871704,6.68284797668457,4.680131673812866,1.236790418624878,1.6950769424438477,0.4582865238189697,WHAT WAS TRUE THAT HER UNCLE MISTER WEISHAUPT'S FAMILY HAD BEEN MURDERED THAT NOT ONE MEMBER OF THE FAMILY HAD BEEN SPARED NAMELY MISTER WEISHAUPT HIMSELF AND HIS WIFE NEITHER OF THEM MUCH ABOVE SIXTY,"What was true, though, that her uncle, Mr. Weishaupt's family, had been murdered, that not one member of the family had been spared, namely that Mr. Weishaupt himself and his wife, neither of them much above 60.",0.47738629800005583,0.62428571899909,0.3106390869997995,1.4123111039989453,0.030190199160484474,0.03948020768209516,0.01964500435568411,0.08931541119826375,1
184,mic_fileid_184_doa65_3spk.wav,SepFormer-sepformer-libri3mix,1,16.533625,260,1,speechbrain/sepformer-libri3mix,1,10.108502140174057,,text_fileid_184_doa260_spk1.txt,0.32432432432432434,12,37,5.065829277038574,10.692971229553223,5.627141952514648,5.049030780792236,10.108369827270508,5.0593390464782715,1.1642065048217773,1.8124353885650635,0.6482288837432861,YOU MAY KNOW HIM BY A SUNKEN BROODING EYE CLOTHING MARRED BY MUCH TOBACCO AND A CHAFED AND TETCHY HUMOUR TOWARD THE HOUR OF FIVE P M HAVING BITTERLY SCHOOLED HIMSELF TO SEE MEN AS PARAGRAPHS WALKING,"You may know him by a sunken, grooving eye, clothing, marred, high-much tobacco, and a chaste and catchy finnamer toward the hour of 5 p.m. having bitterly scold himself to see not his paragraphs walking.",0.5311353359993518,0.7261311590009427,0.3374559229996521,1.5947224179999466,0.032124554415583505,0.04391844855565205,0.020410280443620324,0.09645328341485589,1
185,mic_fileid_185_doa35_3spk.wav,SepFormer-sepformer-libri3mix,1,16.185375,135,1,speechbrain/sepformer-libri3mix,2,5.2816181623436815,,text_fileid_185_doa135_spk1.txt,0.5636363636363636,31,55,3.801381826400757,5.731164932250977,1.9297831058502197,3.78987193107605,5.270629405975342,1.480757474899292,1.260607361793518,1.651963472366333,0.39135611057281494,YOU REMEMBER THE CUBAN LAND FRAUDS IN NEW YORK AND PORFORIO GOMEZ SHOOTING THE DETECTIVE AND HIM AND MAXIMO MOREZ GETTING CLEAR AWAY WITH TWO HUNDRED THOUSAND NO OF COURSE YOU DON'T WHY EVEN IN THE CITY PAPERS IT ONLY FILLED AN INCH OR TWO OF TYPE AND ANYWAY THE NAMES WERE HARD TO REMEMBER,"If you remember Steven and X-Crods in New York, for a period of go-man shooting and the test of human Maximo Moritz getting clear away with $200,000. Of course you don't. It's quite even in the city papers I only filled the nature proof putt. It's just anyway the name's the hard to remember.",0.5339696310002182,0.7796042549998674,0.37816303499857895,1.6917369209986646,0.032990871759240564,0.0481672037255774,0.02336449016464425,0.10452256564946222,1
186,mic_fileid_186_doa43_3spk.wav,SepFormer-sepformer-libri3mix,1,15.840625,169,1,speechbrain/sepformer-libri3mix,0,8.650563215711303,,text_fileid_186_doa169_spk1.txt,0.696969696969697,23,33,2.5746171474456787,9.76600170135498,7.191384553909302,2.53812313079834,8.800171852111816,6.262048721313477,1.146731972694397,1.6657692193984985,0.5190372467041016,HAD TURNED AND DANCED ABOUT ENOUGH THEY ORDERED THEIR SERVANTS TO BEAT HIM WITH STICKS TO CHANGE THE COURSE OF HIS IDEAS OTHERS HIT THE LION THAT IS THEY GAILY STOPPED A PASSENGER,"I'm turning the desk about as they were really certain to be checked with the station. Change the course of the night again. So just hit the bullet. That is, the game is such a pie.",0.4582000069985952,0.4336681900003896,0.24967431100048998,1.1415425079994748,0.028925626798096363,0.02737696208327573,0.015761645200267665,0.07206423408163976,1
187,mic_fileid_187_doa136_3spk.wav,SepFormer-sepformer-libri3mix,1,17.269,136,1,speechbrain/sepformer-libri3mix,2,5.5647718327922675,,text_fileid_187_doa136_spk1.txt,0.16,8,50,3.995694398880005,6.214465141296387,2.218770742416382,3.983476161956787,5.562145709991455,1.578669548034668,1.2127916812896729,1.3958461284637451,0.18305444717407227,HE WAS THUS AT EVERY MOMENT DURING THE DAY AND NIGHT IN FULL POSSESSION OF THE DEADLY POISON WITH WHICH HE COULD HAVE FULLY SATISFIED HIS CRAVING IT WAS A MORAL VICTORY WHEN HE FINALLY REACHED THE POINT AT WHICH HE WENT FOR SEVERAL WEEKS WITHOUT ANY DESIRE FOR MORPHINE,He was thus at every moment during the day and thus in full possession of the deadly poison with which he could have fought the satisfied strength. It was a moral addiction when he finally reached the point at which he went for several weeks without any desire for more pain.,0.5484930920010811,0.5444518320000498,0.33146246099931886,1.4244073850004497,0.03176171706532406,0.0315276988823933,0.019194073831682142,0.0824834897793995,1
188,mic_fileid_188_doa42_3spk.wav,SepFormer-sepformer-libri3mix,1,16.251125,247,1,speechbrain/sepformer-libri3mix,1,9.349742616373026,,text_fileid_188_doa247_spk1.txt,0.175,7,40,7.034084796905518,10.606575012207031,3.5724902153015137,7.027647018432617,9.348698616027832,2.321051597595215,1.6810818910598755,2.223863124847412,0.5427812337875366,THE PRIEST WHO YESTERDAY EVENING DIRECTED ME TO THIS VILLAGE ANSWERED MUSO I CALLED AT HIS ANJITSU ON THE HILL YONDER HE REFUSED ME LODGING BUT TOLD ME THE WAY HERE THE LISTENERS LOOKED AT EACH OTHER AS IN ASTONISHMENT,The priest who yesterday evening directed me to this village answered Musso. I called at his angits of the hill the other. He refused me lodging but told me the way here. The listeners looked at each other as in a song.,0.5234328690003167,0.4835743259991432,0.2577198170001793,1.2647270119996392,0.03220902362146109,0.02975636000579303,0.015858583144254895,0.077823966771509,1
189,mic_fileid_189_doa19_3spk.wav,SepFormer-sepformer-libri3mix,1,17.1215,308,1,speechbrain/sepformer-libri3mix,2,8.53307802293952,,text_fileid_189_doa308_spk1.txt,0.45454545454545453,20,44,3.775062084197998,9.045425415039062,5.2703633308410645,3.7543299198150635,8.53280258178711,4.778472661972046,1.2124260663986206,1.5028023719787598,0.29037630558013916,I THINK I COULD HAVE DONE IT BUT THERE WAS ONLY THE CLIFF WALL SHEER AND WHITE AGAINST THAT NARROWEST WAY WITH NEVER CRANNY TO PUT A FINGER INTO THE WIND WAS BLOWING IN FRESH PUFFS AND THOUGH I DID NOT OPEN MY EYES,"I think I stood in front of this. There were only the criss walls, sheer and water, against that narrowing swaler, with another cramel to put a finger in here. The wind was very fresh puffed until I did not open my eyes.",0.5398932070002047,0.5089080239995383,0.37665427399952023,1.4254555049992632,0.03153305533978943,0.02972333171740433,0.021998906287388383,0.08325529334458213,1
190,mic_fileid_190_doa23_3spk.wav,SepFormer-sepformer-libri3mix,1,16.736125,96,1,speechbrain/sepformer-libri3mix,0,6.154797686385615,,text_fileid_190_doa96_spk1.txt,0.4772727272727273,21,44,5.810515880584717,6.466333389282227,0.6558175086975098,5.802502632141113,6.1299614906311035,0.32745885848999023,1.1790074110031128,1.393795371055603,0.21478796005249023,YET I CAN TEACH YOU HOW BEST TO ALLAY HER DISPLEASURE GO THEN AND VOLUNTARILY SURRENDER YOURSELF TO YOUR LADY AND SOVEREIGN AND TRY BY MODESTY AND SUBMISSION TO WIN HER FORGIVENESS AND PERHAPS HER FAVOR WILL RESTORE YOU THE HUSBAND YOU HAVE LOST,"Yet I can teach you how best to elate, pleasure to be rich, golden, and both fear and sorrow to resonate yourself dearly in the darkness, and try but modestly a submission to win her forgiveness, and perhaps her favor will restore you to the husband you have lost, frankly.",0.5361280050001369,0.5442524709997087,0.3958780700013449,1.4762585460011906,0.03203417786376099,0.03251962273224589,0.02365410571451545,0.08820790631052232,1
191,mic_fileid_191_doa169_3spk.wav,SepFormer-sepformer-libri3mix,1,16.275375,313,1,speechbrain/sepformer-libri3mix,1,6.3145081468815345,,text_fileid_191_doa313_spk1.txt,0.05263157894736842,2,38,6.418154716491699,8.362425804138184,1.9442710876464844,6.4085774421691895,6.311929702758789,-0.09664773941040039,1.5958850383758545,1.7982690334320068,0.20238399505615234,I WILL GIVE YOU LETTERS TO CONDE AND RECOLLECT THAT WHATEVER GENERAL YOU TAKE SERVICE UNDER YOU WILL FOLLOW HIM WITHOUT PRETENDING TO CALCULATE HOW FAR HIS MOVEMENTS MAY BE RIGHT OR WRONG THAT IS NOT YOUR AFFAIR,"I will give you letters to Condo and I recollect that whatever general you take service under, you will follow him without pretending to calculate how far his movements may be right or wrong. That is not your affair.",0.5268711019998591,0.43050124000001233,0.2647297659987089,1.2221021079985803,0.03237228647572539,0.02645107962182207,0.016265663064519795,0.07508902916206725,1
192,mic_fileid_192_doa84_3spk.wav,SepFormer-sepformer-libri3mix,1,17.247,344,1,speechbrain/sepformer-libri3mix,1,3.7186356070514686,,text_fileid_192_doa344_spk1.txt,0.5957446808510638,28,47,4.411714553833008,7.163081645965576,2.7513670921325684,4.402803421020508,3.7124979496002197,-0.6903054714202881,1.193741798400879,1.3312647342681885,0.13752293586730957,BEFORE THE NEGOTIATION WAS COMPLETED IT BEGAN TO GROW A LITTLE DUSK I DID NOT HASTEN IT FOR I LIKED WELL ENOUGH TO SIT AND HEAR HER TALK I WAS AMUSED WITH THE SORT OF BUSINESS TALENT SHE DISPLAYED EDWARD COULD NOT HAVE SHOWN HIMSELF MORE PRACTICAL,"Before the negotiation was committed, it began with a dust, but it not hasten it, for I might well enough know that it is here that I am. I was a keen to learn a sort of bizarre talent to talk to, but Edward could not have shown his self more practical.",0.5569205840001814,0.5871747310011415,0.48572238800079504,1.629817703002118,0.03229086704935243,0.03404503571642265,0.028162717458154754,0.09449862022392984,1
193,mic_fileid_193_doa66_3spk.wav,SepFormer-sepformer-libri3mix,1,17.10325,110,1,speechbrain/sepformer-libri3mix,0,8.66311199531976,,text_fileid_193_doa110_spk1.txt,0.3888888888888889,21,54,5.031109809875488,9.277067184448242,4.245957374572754,5.009453773498535,8.658611297607422,3.6491575241088867,1.305565357208252,1.6751770973205566,0.3696117401123047,AT LENGTH HE RAISED HIS STIFFENED BODY AND STOOD UP DIZZY UP THE LITTLE WOODEN STAIRS HE WENT WHERE HE HAD NEVER BEEN BEFORE TO THE SMALL SQUARE LANDING ALMOST FILLED UP WITH THE GREAT CHEST FOR OAT CAKE HE BREATHED HARD FOR A MINUTE AND THEN KNOCKED AT THE DOOR OF SYLVIA'S ROOM,"At last he raised the children's bodies to the hostility of the little winged deer that he had never been before. The small, gray landlone almost broke up with a great chest full of cake. He breathed hard for a minute and then knocked at the door of Sylvia's room.",0.5341227979988616,0.7060514059994603,0.5090989700001955,1.7492731739985174,0.03122931594865664,0.0412817099673723,0.029766212269609318,0.10227723818563826,1
194,mic_fileid_194_doa63_3spk.wav,SepFormer-sepformer-libri3mix,1,17.115625,285,1,speechbrain/sepformer-libri3mix,0,10.30429903021796,,text_fileid_194_doa285_spk1.txt,0.4634146341463415,19,41,4.5612568855285645,11.041524887084961,6.4802680015563965,4.548593521118164,10.303504943847656,5.754911422729492,1.1886365413665771,1.6678752899169922,0.47923874855041504,AND JACOB WE TOOK WITH US SOME OF THE BEST ANIMALS AND MY INTENTION WAS TO PROCEED AS RAPIDLY AS POSSIBLE TO THE HOUSE OF MISTER SUTTER AND RETURN TO MEET THE PARTY WITH A SUPPLY OF PROVISIONS AND FRESH ANIMALS,Thank you. We did close us some of the best and combined intention was to proceed as rapidly as possible to see how this was discovered and return to use of hard use with tired precision and fresh animals.,0.54581387700091,0.46515799400003743,0.2912816859989107,1.3022535569998581,0.031889801102846664,0.02717738873105933,0.017018466225972504,0.0760856560598785,1
195,mic_fileid_195_doa40_3spk.wav,SepFormer-sepformer-libri3mix,1,16.165875,177,1,speechbrain/sepformer-libri3mix,1,10.295048247680832,,text_fileid_195_doa177_spk1.txt,0.275,11,40,8.342517852783203,10.935517311096191,2.5929994583129883,8.320302963256836,10.288583755493164,1.9682807922363281,1.5663405656814575,2.1560633182525635,0.589722752571106,YOU MIGHT WANT TO THINK IT OVER BEFORE ACCEPTING AS FOR ME I PASSED A HAND OVER MY BROW WHERE BEADS OF COLD SWEAT WERE BUSY FORMING LET'S THINK THIS OVER I SAID TO MYSELF AND LET'S TAKE OUR TIME,"You might want to think it over before accepting it. As for me, I've passed the handle over my brow, with a beat of cold sweat with busy plumbing. Let's think this over, as I said to myself, so let's take our time.",0.5150410730002477,0.6676513509992219,0.37285237799915194,1.5555448019986216,0.03185977084446389,0.04130004413613379,0.023064163121337505,0.0962239781019352,1
196,mic_fileid_196_doa50_3spk.wav,SepFormer-sepformer-libri3mix,1,15.86525,357,1,speechbrain/sepformer-libri3mix,2,8.614640953372882,,text_fileid_196_doa357_spk1.txt,0.37209302325581395,16,43,3.8865091800689697,8.810083389282227,4.923574209213257,3.862565517425537,8.612364768981934,4.7497992515563965,1.2211028337478638,1.5958707332611084,0.37476789951324463,BUT THEY WENT AT IT WITH THAT MIXTURE OF RECKLESSNESS AND INDUSTRY THAT LIVES WHEN YOUTH IS IN A HOUSE AND YOUTH WAS IN THAT HOUSE THAT NIGHT THOUGH NOT ALL MAY HAVE ISOLATED THE TWO FACES AND HEARTS FROM WHICH IT FLAMED,"But they would have it with that mixture of drug-less truths and chemistry that lives when youth is in a house. And mice within that house, that house. So not all would be able to eyeshadows the two faces and hearts from which it flames.",0.4593883180004923,0.5217073189996881,0.3305649150006502,1.3116605520008306,0.028955630576290466,0.03288364942246029,0.02083578355214385,0.08267506355089461,1
197,mic_fileid_197_doa7_3spk.wav,SepFormer-sepformer-libri3mix,1,17.188125,318,1,speechbrain/sepformer-libri3mix,2,7.32484599703175,,text_fileid_197_doa318_spk1.txt,0.75,30,40,3.6167948246002197,7.731054306030273,4.114259481430054,3.603029727935791,7.327516078948975,3.7244863510131836,1.2471232414245605,1.8974270820617676,0.650303840637207,BEING A STRONG AND VIGOROUS VILLAIN HOWEVER HE CLUNG TENACIOUSLY TO HIS OAR AND EVEN UNBUCKLING HIS LEATHER BELT PASSED IT ROUND THE SLIP OF WOOD THAT WAS HIS SALVATION GIRDING HIMSELF TO IT AS FIRMLY AS HE WAS ABLE,"Being as strong as a deer is well and however, it's long to nation's least with its oar, and even from buckling and another belt. Pass it round with a slick of wood that was its salvation, ferding himself to it and surrounding it as we enable.",0.5501268330008315,0.6222900390002906,0.2787749660001282,1.4511918380012503,0.032006215512211576,0.03620464937276699,0.01621904460202193,0.08442990948700049,1
198,mic_fileid_198_doa5_3spk.wav,SepFormer-sepformer-libri3mix,1,16.57175,109,1,speechbrain/sepformer-libri3mix,1,10.421341089939634,,text_fileid_198_doa109_spk1.txt,0.1111111111111111,4,36,3.0047848224639893,11.050909042358398,8.04612421989441,2.987198829650879,10.421099662780762,7.433900833129883,1.1493959426879883,2.075137138366699,0.9257411956787109,GENERAL WHEELER GUIDED BY THE CUBANS RECONNOITRED THIS TRAIL ON THE TWENTY THIRD OF JUNE AND WITH THE POSITION OF THE ENEMY FULLY EXPLAINED TO HIM RETURNED TO SIBONEY AND INFORMED GENERAL YOUNG AND COLONEL WOOD,"General Wheeler, guided by the Cubans, recon-ordered this trail on the 23rd of June, and with the position of the enemy fully explained to him, returned to Cibone and informed General Young and Colonel Wood.",0.5281730229999084,0.6660899279995647,0.39201133599999594,1.586274286999469,0.03187189180381724,0.04019430223118045,0.02365539764961431,0.095721591684612,1
199,mic_fileid_199_doa56_3spk.wav,SepFormer-sepformer-libri3mix,1,17.348875,56,1,speechbrain/sepformer-libri3mix,1,5.590718801612445,,text_fileid_199_doa56_spk1.txt,1.054054054054054,39,37,3.4973795413970947,5.807710647583008,2.310331106185913,3.474774122238159,5.464351177215576,1.989577054977417,1.238616704940796,1.3321962356567383,0.09357953071594238,HE NEVER HESITATED ABOUT PLACING IT ON A BLACK KEY WHEN CONVENIENT AND HAD IT PASSED BY MUSCLE ACTION ALONE IN SCALES AND BROKEN CHORDS WHOSE ZEALOUS PRACTICE IN DIFFERENT FORMS OF TOUCH ACCENT RHYTHM AND TONE,"He never mujereses without faith in a witch, black, charian sphere. You'd be doing things pretending you didn't pass on. You might go act in the room, beChat yourself! and criticize some Greek mobileذewsh and produce in the world governments lightabÉ Opposites that rendduck",0.5528222159991856,4.132703568000579,0.4142596419987967,5.0997854259985615,0.03186501810631442,0.23821161706454047,0.023878184723723973,0.29395481989457883,1
200,mic_fileid_200_doa103_3spk.wav,SepFormer-sepformer-libri3mix,1,17.266,228,1,speechbrain/sepformer-libri3mix,2,3.1660541690086808,,text_fileid_200_doa228_spk1.txt,0.10869565217391304,5,46,2.9683661460876465,4.9416961669921875,1.973330020904541,2.9545114040374756,3.1503210067749023,0.19580960273742676,1.431366205215454,1.4378986358642578,0.006532430648803711,AND MERELY WHISPERED AS HE GAVE HER THE PARTING LIFT DON'T TELL THE ONLY ANSWER THE PRINCESS RETURNED WAS A ROGUISH LOOK SHE WAS ALREADY A YARD ABOVE HIS HEAD THE LOOK SEEMED TO SAY NEVER FEAR IT IS TOO GOOD FUN TO SPOIL THAT WAY,"And merely with bird as he gave her the parting list, Don't tell. The only answer the princess for first was a roguish look. She was already a yard above his head. The look seemed to say, never fear, It is too good fun to spoil that way.",0.5489473029992951,0.6588508779987023,0.4046879329998774,1.6124861139978748,0.031793542395418456,0.03815886007174229,0.02343843003590162,0.09339083250306238,1
201,mic_fileid_201_doa27_3spk.wav,SepFormer-sepformer-libri3mix,1,15.931625,27,1,speechbrain/sepformer-libri3mix,1,5.184672314299359,,text_fileid_201_doa27_spk1.txt,0.11764705882352941,4,34,5.079594612121582,7.4939165115356445,2.4143218994140625,5.068391799926758,5.184675216674805,0.11628341674804688,1.2257747650146484,1.5432140827178955,0.31743931770324707,HOLLAND ALONE CONTAINED EIGHTEEN CITIES EACH OF WHICH WAS FOR MANY PURPOSES AN INDEPENDENT STATE JEALOUS OF ALL INTERFERENCE FROM WITHOUT IF THE RULERS OF SUCH A CITY RECEIVED FROM THE HAGUE AN ORDER,"Holland alone contains 18 cities, each of which was, for many purposes, an independent state, jealous of all interference from without. If the rulers of such a city receive from the Hague and order,",0.5367226689995732,0.49625702500088664,0.3024150119999831,1.335394706000443,0.03368913522629193,0.03114917812846377,0.018982056883712937,0.08382037023846864,1
202,mic_fileid_202_doa79_3spk.wav,SepFormer-sepformer-libri3mix,1,11.3505,293,1,speechbrain/sepformer-libri3mix,1,9.367869581445776,,text_fileid_202_doa293_spk1.txt,0.2727272727272727,6,22,5.781859874725342,10.740434646606445,4.9585747718811035,5.7613983154296875,9.38068675994873,3.619288444519043,1.3669347763061523,1.7292894124984741,0.3623546361923218,WHAT KIND OF AN ACCIDENT WAS IT REDCOAT AND HOW DID IT HAPPEN HE ASKED BROADWING THE HAWK TRIED TO CATCH ME,What kind of an accident was it Red Cross? And how did it happen? Yes. For a wing the hawk tried to catch me.,0.3137502419995144,0.33691140100017947,0.2155457539993222,0.866207396999016,0.027641975419542258,0.02968251627683181,0.01898997876739546,0.07631447046376953,1
203,mic_fileid_203_doa25_3spk.wav,SepFormer-sepformer-libri3mix,1,16.812,88,1,speechbrain/sepformer-libri3mix,0,4.522105384149787,,text_fileid_203_doa88_spk1.txt,0.5945945945945946,22,37,5.7316694259643555,5.209590911865234,-0.5220785140991211,5.707819938659668,4.511562347412109,-1.1962575912475586,1.519679069519043,1.5301874876022339,0.010508418083190918,HE WAS READY TO SERVE HIS GUESTS BEFORE HE FORWARDED HIS OWN WIRELESS NOTES JUST TELL MY WIFE THAT I'M ENJOYING MYSELF REQUESTED MISTER DAMON BLESS MY FOOTSTOOL BUT THIS IS GREAT WE'RE OFF THE EARTH YET,"He was ready to serve his guest, none of the four he forwarded his own wireless notes. And yet, there might be... Just tell my wife that I'm enjoying myself. Requesting the old home pipes. Blast my foot to what this is going to do. We're off the earth yet.",0.5357937469998433,0.7315094120003778,0.3507155179995607,1.6180186769997817,0.03186972085414247,0.04351114751370317,0.020861022959764493,0.09624189132761014,1
204,mic_fileid_204_doa190_3spk.wav,SepFormer-sepformer-libri3mix,1,16.302375,190,1,speechbrain/sepformer-libri3mix,1,9.923775203986272,,text_fileid_204_doa190_spk1.txt,0.0,0,37,4.617622375488281,11.400192260742188,6.782569885253906,4.592435836791992,9.928747177124023,5.336311340332031,1.216779112815857,1.8120143413543701,0.5952352285385132,HE WORE A BLOUSE AND UNDER HIS BLOUSE AN OLD BLACK COAT HE MADE PRETENSIONS TO LITERATURE AND TO MATERIALISM THERE WERE CERTAIN NAMES WHICH HE OFTEN PRONOUNCED TO SUPPORT WHATEVER THINGS HE MIGHT BE SAYING VOLTAIRE,He wore a blouse and under his blouse an old black coat. He made pretensions to literature and to materialism. There were certain names which he often pronounced to support whatever things he might be saying. Voltaire.,0.5246129730003304,0.46467887200014957,0.2829628800009232,1.2722547250014031,0.03218015614291355,0.028503753103468026,0.0173571568560362,0.07804106610241777,1
205,mic_fileid_205_doa68_3spk.wav,SepFormer-sepformer-libri3mix,1,18.043125,262,1,speechbrain/sepformer-libri3mix,1,7.3580570473309415,,text_fileid_205_doa262_spk1.txt,0.5319148936170213,25,47,3.78950834274292,8.10675048828125,4.31724214553833,3.781161069869995,7.347936153411865,3.56677508354187,1.1462063789367676,1.4882882833480835,0.3420819044113159,CAME VERY NEAR ENDING AS A COMPLETE CYNIC THOUGH IN WHAT F P A WOULD CALL HIS LASTLINE HE MANAGED TO WRIGGLE INTO A MORE HOPEFUL MOOD THE FIRST VALUABLE DISCOVERY THAT THE COLYUMIST IS LIKELY TO MAKE IS THAT ALL MINDS ARE VERY MUCH THE SAME,"He was very near as he trained. So in what FDA, which has his last line, he managed to wriggle into a little of the mood. The first vaginal discovery that's randomized is like a case. It's that all minds are very much the same.",0.5573232649985584,0.5891731620013161,0.376079244999346,1.5225756719992205,0.030888400152332726,0.032653609726769395,0.020843354186114986,0.08438536406521711,1
206,mic_fileid_206_doa56_3spk.wav,SepFormer-sepformer-libri3mix,1,16.533875,56,1,speechbrain/sepformer-libri3mix,1,7.393709327564139,,text_fileid_206_doa56_spk1.txt,0.10256410256410256,4,39,4.16080379486084,8.567161560058594,4.406357765197754,4.148870944976807,7.3949294090271,3.246058464050293,1.2804919481277466,1.6820895671844482,0.40159761905670166,IN THE MONTH OF APRIL EIGHTEEN FORTY NINE ROME AS YOU ARE NO DOUBT AWARE WAS PLACED IN A STATE OF SIEGE BY THE APPROACH OF THE FRENCH ARMY IT WAS FILLED AT THAT TIME WITH EXILES AND FUGITIVES,"In the month of Israel, 1849, Rome, as you are no doubt aware, was placed in a state of siege by the approach of the French army. It was filled at that time with exiles and fugitives.",0.5329183649992046,0.47194448899972485,0.28064119199916604,1.2855040459980955,0.032231909640009056,0.0285440944122128,0.01697370955079593,0.07774971360301779,1
207,mic_fileid_207_doa138_3spk.wav,SepFormer-sepformer-libri3mix,1,16.808125,204,1,speechbrain/sepformer-libri3mix,1,8.385493924093568,,text_fileid_207_doa204_spk1.txt,0.15384615384615385,6,39,4.839642524719238,9.283401489257812,4.443758964538574,4.825290679931641,8.385427474975586,3.5601367950439453,1.18806791305542,2.0361015796661377,0.8480336666107178,I AM SURE I HAVE NOT MET ONE AND REALLY DO NOT KNOW OF ONE THE PRESS IS RESPONSIBLE FOR MANY POPULAR ERRORS WHENEVER AN INDIAN INDULGES IN ANY NOTORIOUS MISBEHAVIOR HE IS WIDELY HERALDED AS A CARLISLE GRADUATE,"I'm sure I have not met him and really do not know him. The French is responsible for many popular errors. Whenever an Indian indulges in any notorious misbehavior, he is widely heralded as a Carlisle graduate.",0.5351505409998936,0.4859206790006283,0.354349100998661,1.3754203209991829,0.031838800639565304,0.028909868233406657,0.02108201247900411,0.08183068135197608,1
208,mic_fileid_208_doa73_3spk.wav,SepFormer-sepformer-libri3mix,1,16.723375,276,1,speechbrain/sepformer-libri3mix,1,3.6305595524673953,,text_fileid_208_doa276_spk1.txt,0.1,4,40,5.319349765777588,6.81665563583374,1.4973058700561523,5.303900241851807,3.6305603981018066,-1.67333984375,1.252082109451294,1.5381088256835938,0.2860267162322998,AROUND MANY OF THEM GREW CLUSTERS OF STRANGE AND COLORFUL SEAWEEDS THAT WAVED THEIR BANNERS GENTLY AS THOUGH SOME IMPERCEPTIBLE CURRENT DALLIED WITH THEM IN PASSING HERE AND THERE FIGURES MOVED SLIM WHITE FIGURES THAT STROLLED ALONG THE NARROW STREET,"Around many of them grew clusters of strange and colorful seaweeds that wave their advantage gently, as though some imperceptible kernel dallied with them in passing. Here and there are figures moved, slim white figures that strolled along the narrow street.",0.5360614439996425,0.5201665849999699,0.37105162799889513,1.4272796569985076,0.03205462079273128,0.03110416318476204,0.022187604356112035,0.08534638833360536,1
209,mic_fileid_209_doa17_3spk.wav,SepFormer-sepformer-libri3mix,1,16.038375,82,1,speechbrain/sepformer-libri3mix,2,8.25562318184042,,text_fileid_209_doa82_spk1.txt,0.17647058823529413,6,34,4.955264091491699,9.174073219299316,4.218809127807617,4.936166286468506,8.248435974121094,3.312269687652588,1.3272008895874023,1.765160083770752,0.4379591941833496,UNDOUBTEDLY IT WAS WAS HE NOT AN EMIGRANT THEN WHAT DID HE CALL HIMSELF NOT AN EMIGRANT HE HOPED WITHIN THE SENSE AND SPIRIT OF THE LAW WHY NOT THE PRESIDENT DESIRED TO KNOW,"Untouchably, it was. Was he not an immigrant then? What did he call himself? Not an immigrant, he felt, within a sense and spirit of the law. Why not the president desire to know?",0.5112968390003516,0.5232266070015612,0.2721686000004411,1.306692046002354,0.03187959123043024,0.032623417709185705,0.016969836408017715,0.08147284534763366,1
210,mic_fileid_210_doa278_3spk.wav,SepFormer-sepformer-libri3mix,1,17.54375,312,1,speechbrain/sepformer-libri3mix,1,8.089834767332892,,text_fileid_210_doa312_spk1.txt,0.5357142857142857,15,28,3.817225694656372,9.208590507507324,5.391364812850952,3.80717396736145,8.093948364257812,4.286774396896362,1.301007866859436,1.772889494895935,0.471881628036499,HONESTY GRANTING THAT IT IS THE VIRTUE OF WHICH WE CANNOT RID OURSELVES WE FREE SPIRITS WELL WE WILL LABOUR AT IT WITH ALL OUR PERVERSITY AND LOVE,"Honest, granting the innocent virtue of looking to count rid ourselves, you who fearless, well, who labor at it with all our perversions and love?",0.5350399330000073,0.36999757400008093,0.31786372699934873,1.222901233999437,0.030497466790167856,0.02108999353046418,0.01811834567862337,0.06970580599925541,1
211,mic_fileid_211_doa55_3spk.wav,SepFormer-sepformer-libri3mix,1,16.946375,55,1,speechbrain/sepformer-libri3mix,2,2.721242524847853,,text_fileid_211_doa55_spk1.txt,0.625,25,40,4.10704231262207,3.3904199600219727,-0.7166223526000977,4.093926429748535,2.7199790477752686,-1.3739473819732666,1.1836555004119873,1.2376641035079956,0.0540086030960083,OR WHICH THEY REGARDED AS SOME SET OFF AGAINST THEIR SWOLLEN ACCOUNT OF CRUEL RAGE NO MAN CAN DECIDE NOW TO WHICH OF THESE MOTIVES SUCH EXTRAORDINARY SCENES WERE REFERABLE IT IS PROBABLE TO A BLENDING OF ALL THE THREE,"All not to be regarded as a medical doctor, there's only a count of crude lay-up. No man can decide now to which of these not only the treatment of the cancer or referral. It is probable that the blending of all three.",0.5403669080005784,0.5538707279993105,0.3752271390003443,1.4694647750002332,0.03188687303335247,0.032683728998048875,0.022142029726141686,0.08671263175754303,1
212,mic_fileid_212_doa75_3spk.wav,SepFormer-sepformer-libri3mix,1,17.354375,293,1,speechbrain/sepformer-libri3mix,1,4.639727940756019,,text_fileid_212_doa293_spk1.txt,0.21621621621621623,8,37,3.189957857131958,5.813513278961182,2.6235554218292236,3.1557023525238037,4.634448051452637,1.478745698928833,1.3957293033599854,1.6816895008087158,0.28596019744873047,GOD DID NOT MIND THEM AND THAT WAS A VERY COMFORTING REFLECTION FOR POOR WEAK PEOPLE LIKE HIMSELF TO GO ON TRYING WAS POSSIBLE EVEN FOR HIM ALTHOUGH HE KNEW HE COULD NOT ALWAYS PROMISE HIMSELF SUCCESS,"God is not meaningful, and that was a very comforting reflection for poor-wereed people like himself. The go-on trying was possible even for him, although he knew he could not always promise himself success.",0.5069135970006755,0.43146660500133294,0.38890767299926665,1.327287875001275,0.02920955649515903,0.024862122951782067,0.022409776958217546,0.07648145640515865,1
213,mic_fileid_213_doa78_3spk.wav,SepFormer-sepformer-libri3mix,1,16.950375,181,1,speechbrain/sepformer-libri3mix,0,6.233524547528088,,text_fileid_213_doa181_spk1.txt,0.28205128205128205,11,39,3.747441053390503,7.272584438323975,3.5251433849334717,3.736482620239258,6.225001811981201,2.4885191917419434,1.1721863746643066,1.3894374370574951,0.21725106239318848,I HAD COME TO SEE YOU WITH THE HOPE THAT YOU WOULD LET ME BRING YOU OVER TO MY CONVICTION MY REASONS FOR ENTERTAINING THIS HOPE HAD BEEN OF THE BEST BUT YOU DISAPPOINTED IT I FOUND YOU CHANGED,"I hope you like to see you with the hope that you would let me bring you over to my conviction. My reason for entertaining this hope has been a disaster, but we disappointed it. I found your change.",0.5509301910005888,0.44410850900021615,0.34527837299901876,1.3403170729998237,0.032502537023551915,0.026200512319061738,0.020369954823950428,0.07907300416656408,1
214,mic_fileid_214_doa74_3spk.wav,SepFormer-sepformer-libri3mix,1,16.985,74,1,speechbrain/sepformer-libri3mix,0,6.834803074711374,,text_fileid_214_doa74_spk1.txt,0.23255813953488372,10,43,3.998041868209839,6.990396022796631,2.992354154586792,3.9813623428344727,6.810998916625977,2.829636573791504,1.2412300109863281,1.4702848196029663,0.22905480861663818,IN THE FIRST SENTIMENT OF KINDNESS ANTICIPATES ALREADY A BENEVOLENCE WHICH SHALL LOSE ALL PARTICULAR REGARDS IN ITS GENERAL LIGHT THE INTRODUCTION TO THIS FELICITY IS IN A PRIVATE AND TENDER RELATION OF ONE TO ONE WHICH IS THE ENCHANTMENT OF HUMAN LIFE,In the first sentiment of kindness anticipates already a benevolence which will lose all particular regard to the general life order. The introduction to this velocity is in a private and heads of relation of one to one which is the enchantment of human minds.,0.5502054980006506,0.5385219429990684,0.4108942469993053,1.4996216879990243,0.032393611892884935,0.031705737003183306,0.02419159534879631,0.08829094424486454,1
215,mic_fileid_215_doa77_3spk.wav,SepFormer-sepformer-libri3mix,1,15.942625,169,1,speechbrain/sepformer-libri3mix,2,11.340774137541915,,text_fileid_215_doa169_spk1.txt,0.10526315789473684,4,38,6.299999713897705,13.550986289978027,7.250986576080322,6.290002822875977,11.340749740600586,5.050746917724609,1.2865018844604492,1.9583253860473633,0.6718235015869141,AND LIGHTLY HE TOOK HIS HORSE WITH THE SPURS AND DEPARTED AS FAST AS HE MIGHT AND WHEN SIR MALEAGANS SAW HIM SO FLEE HE UNDERSTOOD THAT IT WAS BY THE QUEEN'S COMMANDMENT FOR TO WARN SIR LAUNCELOT,"and lightly took his horse with the spurs and departed as fast as he wanted. And when Sir Maligan saw him so flee, he understood that it was by the Queen's commandment for to warn Sir Lanzelot.",0.5157719519993407,0.4792421390011441,0.30451945700042415,1.299533548000909,0.03235175838353726,0.030060428505415144,0.019100960914556053,0.08151314780350845,1
216,mic_fileid_216_doa82_3spk.wav,SepFormer-sepformer-libri3mix,1,16.788,334,1,speechbrain/sepformer-libri3mix,0,4.862973461109296,,text_fileid_216_doa334_spk1.txt,0.14583333333333334,7,48,5.681037425994873,8.397407531738281,2.716370105743408,5.664360046386719,4.862966060638428,-0.801393985748291,1.165594458580017,1.5347779989242554,0.3691835403442383,WHAT WOULD THEY SAY IN HEREFORDSHIRE I DON'T KNOW WHY THEY SHOULD SAY ANYTHING BUT IF THEY DID I SHOULDN'T MUCH CARE I SHOULD MY DEAR I SHOULD CARE VERY MUCH ONE IS BOUND TO THINK OF ONE'S FAMILY SUPPOSE IT SHOULD TURN OUT AFTERWARDS THAT HE WAS,"What would they say in her fridge? I don't know why they should say anything, but if they did, I should know that you care. I should, my dear. I shouldn't care very much. One is bound to think of one's family. Suppose it should turn out afterwards that he was...",0.524672321998878,0.8728500880006322,0.40403082500051823,1.8015532350000285,0.03125281879907541,0.051992499880904944,0.02406664432931369,0.10731196300929405,1
217,mic_fileid_217_doa95_3spk.wav,SepFormer-sepformer-libri3mix,1,16.736,285,1,speechbrain/sepformer-libri3mix,0,5.666664712569619,,text_fileid_217_doa285_spk1.txt,0.2222222222222222,8,36,4.062122344970703,7.287170886993408,3.225048542022705,4.0512375831604,5.679483890533447,1.6282463073730469,1.2126604318618774,1.3398003578186035,0.12713992595672607,WENT INTO THE HUT AND SQUATTING DOWN BY THE FIRE BEGAN TO WARM ITSELF AND THE PRIEST WITH RENEWED FERVOUR RECITED HIS PRAYERS AND STRUCK HIS BELL BEFORE THE IMAGE OF BUDDHA LOOKING STRAIGHT BEFORE HIM,"Went into the hut and squawking down by the fire, it began to warm itself, and the priest with renewed furbours recited his prayers and struck his bell before the image of Udon, looking straight at the poor Jesus.",0.5480746040011581,0.6987867019997793,0.3503300850006781,1.5971913910016156,0.03274824354691432,0.0417535075286675,0.020932724964189655,0.09543447603977148,1
218,mic_fileid_218_doa157_3spk.wav,SepFormer-sepformer-libri3mix,1,15.4425,157,1,speechbrain/sepformer-libri3mix,1,8.85932489859886,,text_fileid_218_doa157_spk1.txt,0.28205128205128205,11,39,5.044276237487793,10.1770601272583,5.132783889770508,5.016092300415039,8.838833808898926,3.8227415084838867,1.4520350694656372,1.7947216033935547,0.3426865339279175,AND IT TOOK ONLY A FEW MINUTES EVERY TWELVE HOURS I HAD A MOMENT WITH CARTER IN THE ISOLATION OF HIS CHART ROOM THIS VOYAGE GREGG I'M GETTING LIKE YOU TOO FANCIFUL WE'VE A NORMAL GROUP OF PASSENGERS APPARENTLY,"and it took only a few minutes every 12 hours. I had a moment with Carter in the isolation of the Charleau. This voyage scrapped a getting-like year too fanciful, with normal group of passengers apparently.",0.45895606799967936,0.71257994699954,0.2823723429992242,1.4539083579984435,0.029720321709546988,0.04614407945601683,0.01828540346441471,0.09414980462997853,1
219,mic_fileid_219_doa56_3spk.wav,SepFormer-sepformer-libri3mix,1,15.801625,56,1,speechbrain/sepformer-libri3mix,2,10.147073997561977,,text_fileid_219_doa56_spk1.txt,0.15151515151515152,5,33,5.943243503570557,11.381786346435547,5.43854284286499,5.923008918762207,10.146693229675293,4.223684310913086,1.1648845672607422,1.3859837055206299,0.2210991382598877,THEY WERE SAD AND DOWNHEARTED IN ALL THAT MISERY THE POOR ATTORNEY HAD THE WORST OF IT MARY WAS FREE FROM HER STEPMOTHER'S ZEAL AND HER STEPMOTHER'S PERSECUTION AT ANY RATE AT NIGHT,"They were fat and downhearted. In all that misery, the poor attorney had the more students. Mary was free from her stepmother's fields and her stepmother's persecution at any rate at night.",0.4615692770003079,0.4035240309985966,0.2912951130001602,1.1563884209990647,0.029210241161925304,0.025536869214311603,0.01843450360327879,0.0731816139795157,1
220,mic_fileid_220_doa23_3spk.wav,SepFormer-sepformer-libri3mix,1,16.75725,237,1,speechbrain/sepformer-libri3mix,1,10.72418854128324,,text_fileid_220_doa237_spk1.txt,0.13333333333333333,4,30,5.375149726867676,11.278389930725098,5.903240203857422,5.347831726074219,10.724090576171875,5.376258850097656,1.737616777420044,2.450554847717285,0.7129380702972412,BUT TELL ME ALL ABOUT IT WHY DO YOU WISH TO KNOW ASKED CAVALCANTI WHAT DO YOU AGAIN DEFY ME NO THE FACT IS I HAVE FOUND MY FATHER WHAT,"But tell me all about it. Why do you wish to know? Ask Gavaganti. What? Do you again define me? No. The fact is, I am found, my father. What?",0.5359234520001337,0.4906925859995681,0.2990877140000521,1.3257037519997539,0.03198158719361075,0.02928240528723795,0.017848257560163637,0.07911225004101234,1
221,mic_fileid_221_doa91_3spk.wav,SepFormer-sepformer-libri3mix,1,15.62125,220,1,speechbrain/sepformer-libri3mix,2,6.309988648085946,,text_fileid_221_doa220_spk1.txt,0.23809523809523808,10,42,4.382192134857178,7.829584121704102,3.447391986846924,4.365869045257568,6.304388523101807,1.9385194778442383,1.3892664909362793,1.470219373703003,0.08095288276672363,IT WAS BUT A LITTLE HELP THAT HE HAD TO MAKE OTHER THINGS OF THIS EARTH NOTHING CAN BE NEARER NOTHING THAN THIS EARTH AND YET HOW LITTLE OF THIS EARTH IS THE GREATEST MAN HE THINKS HE TREADS UPON THE EARTH,"It was first for his health that he has. To make other things a Christian, nothing can be nearer to nothing than this earth. Yet how little of this earth is the greatest man. He thinks he treads upon the earth.",0.4496107579998352,0.5857768830010173,0.2967748860010033,1.3321625270018558,0.02878199619107531,0.037498720204914286,0.01899815226060676,0.08527886865659635,1
222,mic_fileid_222_doa144_3spk.wav,SepFormer-sepformer-libri3mix,1,16.932875,144,1,speechbrain/sepformer-libri3mix,0,6.124105344894893,,text_fileid_222_doa144_spk1.txt,0.3076923076923077,12,39,4.556301593780518,6.760900497436523,2.204598903656006,4.541638374328613,6.120676040649414,1.5790376663208008,1.1947392225265503,1.3445831537246704,0.14984393119812012,YOU HAVE ASSASSINATED WELL I SHOULD SAY IF YOU HAD ME TAKEN TO A PRIVATE ROOM ONLY TO TELL ME THIS YOU MIGHT HAVE SAVED YOURSELF THE TROUBLE I KNOW ALL THESE THINGS BUT THERE ARE SOME WITH WHICH,"You have assassinated. Well, I should say that if you had me taken to a private room only the Johnny's would. You might have said you found the treads. I know all these things, but there are some with which you think I'm...",0.5593702429996483,0.613681668000936,0.2965400379998755,1.4695919490004599,0.033034569912058546,0.036242024346186695,0.017512680982991694,0.08678927524123693,1
223,mic_fileid_223_doa16_3spk.wav,SepFormer-sepformer-libri3mix,1,17.741,137,1,speechbrain/sepformer-libri3mix,2,9.844449234281745,,text_fileid_223_doa137_spk1.txt,0.3157894736842105,12,38,5.869622707366943,10.658095359802246,4.788472652435303,5.860723495483398,9.842535018920898,3.9818115234375,1.276724100112915,1.8050382137298584,0.5283141136169434,AND SELDOM FAIL RADICALLY TO ALTER THE ENTIRE MORAL CONSTITUTION OF THOSE WHO ARE THEIR OBJECTS IT APPEARS THAT ABOUT ONE HUNDRED YEARS PRIOR TO MISTER ELLISON'S ATTAINMENT OF HIS MAJORITY THERE HAD DIED IN A REMOTE PROVINCE,"and some of them, radically, to alter the entire moral competition of those who are their occupants. It appears that about 100 years prior to Mr. Ellison's tenure as a historian, there had died in a remote province.",0.5815816620015539,0.5451963049999904,0.4323697930012713,1.5591477600028156,0.03278178580697559,0.030730866636603935,0.02437121881524555,0.08788387125882507,1
224,mic_fileid_224_doa124_3spk.wav,SepFormer-sepformer-libri3mix,1,17.403375,124,1,speechbrain/sepformer-libri3mix,2,9.593367638629939,,text_fileid_224_doa124_spk1.txt,0.24489795918367346,12,49,6.0494537353515625,9.791275024414062,3.7418212890625,6.0371928215026855,9.592231750488281,3.5550389289855957,1.4679300785064697,1.8705339431762695,0.4026038646697998,THEY WENT TO THE VAULTS AND ENGAGED A PRIVATE ROOM WHERE BREAKFAST WAS SERVED TO THEM HAS MY HAIR TURNED GREY ASKED REHNHJELM PASSING HIS HAND OVER HIS HAIR WHICH WAS DAMP AND CLUNG CLOSELY TO HIS SKULL NO OLD MAN THAT DOESN'T OFTEN HAPPEN EVEN I'M NOT GREY,"They went to the vaults and engaged a private room where directors were served them. That is my hair turned gray. That is Redmore, passing his hand over his hair, which was damp and clung closely to a skull. No, old man, that doesn't often happen, even when I'm not gray.",0.5739546419990802,0.9349063589997968,0.4027649659983581,1.911625966997235,0.032979502079285204,0.0537198307224775,0.023142922909973385,0.10984225571173609,1
225,mic_fileid_225_doa14_3spk.wav,SepFormer-sepformer-libri3mix,1,14.81375,129,1,speechbrain/sepformer-libri3mix,2,5.459172094500884,,text_fileid_225_doa129_spk1.txt,0.8378378378378378,31,37,3.0133860111236572,5.824965953826904,2.811579942703247,2.9948925971984863,5.424485683441162,2.429593086242676,1.0946035385131836,1.2718719244003296,0.177268385887146,TO WHOM HE MADE KNOWN FULLY THE CHARACTER OF THE PLACE AND PEOPLE WHENCE HE HAD FLED THE DANGERS HE WAS EXPOSED TO FROM SLAVE HUNTERS AND THE STRONG HOPE HE CHERISHED OF REACHING FREE LAND SOON,"It will be made known for the new chapter of the faith and the hope of its glory, so sit in your seat with the cold people of slave country, and the strong prophets of terror should reach in free way and soon.",0.44030789400130743,0.6433546080006636,0.2867868559987983,1.3704493580007693,0.029722919179904307,0.04342955753949294,0.01935950424428644,0.09251198096368368,1
226,mic_fileid_226_doa127_3spk.wav,SepFormer-sepformer-libri3mix,1,16.686,292,1,speechbrain/sepformer-libri3mix,2,3.9420664574209474,,text_fileid_226_doa292_spk1.txt,0.78,39,50,4.869105815887451,4.630311489105225,-0.23879432678222656,4.858388423919678,3.9371883869171143,-0.9212000370025635,1.4404159784317017,1.4979395866394043,0.05752360820770264,THE STATEMENT THAT HIS OLD FRIEND HAD BECOME A LORD AND WAS IN DANGER OF BEING AN EARL IF HE LIVED LONG ENOUGH CAUSED DICK TO SO OPEN HIS EYES AND MOUTH AND START THAT HIS CAP FELL OFF WHEN HE PICKED IT UP HE UTTERED A RATHER SINGULAR EXCLAMATION,"The statement now holds the certainty of the law and the danger of the url being left on the ground, and they have the cause to still open the doors and mouths of the stars that have been captured. When you pick it up, you are to grab a singular exclamation.",0.5271130370001629,0.7379704219983978,0.4161324559991044,1.681215914997665,0.0315901376603238,0.04422692209027915,0.024939018098951483,0.10075607784955443,1
227,mic_fileid_227_doa143_3spk.wav,SepFormer-sepformer-libri3mix,1,15.74475,143,1,speechbrain/sepformer-libri3mix,0,5.025366640901414,,text_fileid_227_doa143_spk1.txt,0.35714285714285715,10,28,5.504482269287109,6.213287830352783,0.7088055610656738,5.479164123535156,6.1270670890808105,0.6479029655456543,1.4469304084777832,1.6321382522583008,0.18520784378051758,AND FOR THAT VERY REASON I QUITE CONTENTEDLY OCCUPIED THE LOWEST IN REALITY EITHER TO BE A HERO OR TO GROVEL IN THE MUD THERE WAS NOTHING BETWEEN,"And for that very reason, I quite contentedly occupied the lower genealogy. I would be a hero or to rob her in the mud. There was nothing real to me.",0.48071559200070624,0.5403995280012168,0.34570446699945023,1.3668195870013733,0.03053180215631917,0.0343225219835956,0.02195680890452057,0.08681113304443534,1
228,mic_fileid_228_doa105_3spk.wav,SepFormer-sepformer-libri3mix,1,15.55775,300,1,speechbrain/sepformer-libri3mix,0,5.055367063952685,,text_fileid_228_doa300_spk1.txt,0.42857142857142855,18,42,6.340141773223877,6.243391036987305,-0.09675073623657227,6.326892375946045,5.294774055480957,-1.032118320465088,1.5621154308319092,1.6178256273269653,0.05571019649505615,DOCTOR SITGREAVES DOES NOT MEAN A RIG'LAR SOLDIER BUT A REGULAR PHYSICIAN MADAM SAID THE TROOPER OH CRIED THE MAIDEN AGAIN CORRECTING HERSELF FOR THE BEST OF ALL REASONS THERE WAS NONE TO BE HAD SO I TOOK CARE OF HIM MYSELF,"Dr. Sidreeves did not mean a rigorous soldier, but a regular physician, madame, said that the trooper, oh, a president, began to arrest himself. For the best of all reasons, I know it was something to be had, so I took care of him myself. Boom, headshot.",0.4688934550013073,0.8188067479986785,0.2693106610004179,1.5570108640004037,0.030138898941126275,0.05263015204632279,0.017310386206258483,0.10007943719370754,1
229,mic_fileid_229_doa100_3spk.wav,SepFormer-sepformer-libri3mix,1,16.725625,100,1,speechbrain/sepformer-libri3mix,2,7.558962000737292,,text_fileid_229_doa100_spk1.txt,0.5428571428571428,19,35,4.04482364654541,11.717325210571289,7.672501564025879,4.024997711181641,7.559678554534912,3.5346808433532715,1.1417193412780762,1.5014047622680664,0.35968542098999023,AGAINST THE EMPEROR FERDINAND HITHERTO THE MOST FORTUNATE MONARCH OF HIS AGE WHO HAD SUBDUED AND ASTONISHED GERMANY BY THE RAPIDITY OF HIS VICTORIES DEEP IMPRESSIONS THEY SAW MUST BE MADE BY THE ENGLISH SWORD,"Gastic Emperor Ferdinand, hitherto the most fortunate of my children's age, was seduced and dishonest during the visit. Deeper's crushings, though, must be made by the English sword.",0.5210829759998887,0.5384310800000094,0.31258622700079286,1.372100283000691,0.031154768566190424,0.03219198565076099,0.01868906106652474,0.08203581528347616,1
230,mic_fileid_230_doa73_3spk.wav,SepFormer-sepformer-libri3mix,1,16.50125,73,1,speechbrain/sepformer-libri3mix,1,8.808596887706326,,text_fileid_230_doa73_spk1.txt,0.08333333333333333,4,48,3.221552848815918,10.38810920715332,7.166556358337402,3.208112955093384,8.808629989624023,5.60051703453064,1.38076651096344,1.9353489875793457,0.5545824766159058,I MET THEM YESTERDAY AS THEY WERE COMING INTO THE CITY THEY WERE IN A DEPLORABLE CONDITION AND IT MOVED ME THE MORE BECAUSE I THOUGHT THEY WERE PERSONS OF RANK THROUGH ALL THE RAGS THAT COVERED THEM NOTWITHSTANDING THE IMPRESSION THE SUN HAS MADE ON THEIR FACES,"I met them yesterday as they were coming into the city. They were in a deplorable condition, and it moves me the more because I thought they were persons of rank. Through all the rags that covered them, that was standing the impression the sun has made on their faces.",0.4934969900004944,0.6343850549983472,0.293380866998632,1.4212629119974736,0.029906642830118593,0.038444666616065284,0.017779311688425545,0.08613062113460941,1
231,mic_fileid_231_doa125_3spk.wav,SepFormer-sepformer-libri3mix,1,15.902375,328,1,speechbrain/sepformer-libri3mix,2,6.572649127548761,,text_fileid_231_doa328_spk1.txt,0.2631578947368421,10,38,4.988935947418213,8.823725700378418,3.834789752960205,4.975759506225586,6.568526268005371,1.5927667617797852,1.2429429292678833,1.450398325920105,0.20745539665222168,A CERTAIN SMALL RANK IS PROCURED FOR THEM THROUGH THE INTERVENTION OF THE REPRESENTATIVES OF THE ABOVE NOBLE FAMILIES WHO ON THE ISSUING OF THE REQUIRED PATENT RECEIVE AS THEIR PERQUISITE A FEE WHICH ALTHOUGH INSIGNIFICANT IN ITSELF,"Assessing who now ranks is the spirit for them through the intervention of the representatives of the above Mubi family, who on the issuing of the required sentence, receive as their prerogative a fee, which although insignificant in itself.",0.4696645019994321,0.5754872470006376,0.315092872000605,1.3602446210006747,0.029534236364029406,0.0361887609241159,0.019814202092492787,0.0855371993806381,1
232,mic_fileid_232_doa59_3spk.wav,SepFormer-sepformer-libri3mix,1,16.903375,339,1,speechbrain/sepformer-libri3mix,2,8.387401170785797,,text_fileid_232_doa339_spk1.txt,0.3055555555555556,11,36,2.1621718406677246,8.733384132385254,6.571212291717529,2.141183376312256,8.38740062713623,6.246217250823975,1.3062437772750854,1.735443115234375,0.42919933795928955,BUT NOW THE ATTEMPT HAD BEEN MADE AND WORDS HAD BEEN FORCED FROM LILY'S LIPS THE SPEAKING OF WHICH WOULD NEVER BE FORGOTTEN BY HERSELF I KNEW THAT IT WOULD BE SO SAID JOHN AH YES,"But now the attempt has been made, and words have been forced from Lily's lips, making the witch would never be forgotten by herself. I knew that it would be so, dear John. I've yet to know.",0.49751122599991504,0.4507804849999957,0.28522232700015593,1.2335140380000666,0.02943265625946978,0.026668075754102103,0.016873691023251623,0.07297442303682351,1
233,mic_fileid_233_doa132_3spk.wav,SepFormer-sepformer-libri3mix,1,16.79575,203,1,speechbrain/sepformer-libri3mix,0,4.043675162018353,,text_fileid_233_doa203_spk1.txt,0.5471698113207547,29,53,3.96694278717041,8.934024810791016,4.9670820236206055,3.9460058212280273,4.043582439422607,0.09757661819458008,1.121495246887207,1.3116788864135742,0.1901836395263672,I TOLD HER THAT AT THE FOREST INN THE LANDLORD FOUND US IN BOARD AND LODGING VERY WELL THEN SAID SHE I WILL DO THE SAME WHEN DO YOU PROPOSE TO COMMENCE TO NIGHT SAID I THEN SAID SHE I'LL TELL THE OSTLER TO LIGHT UP THE ROOM AND GET YOUR STAGE READY,"I told her that at four o'clock in the landlord's office in Zoran's lodging. She very well done said she, I would be saying, would be the best to come out. Tonight's the night. Then, since she, I'll tell the officer to light up the room and get you to stay chatting.",0.4820312229985575,0.7771201830000791,0.3705699860001914,1.629721391998828,0.028699595016510572,0.04626885866960862,0.02206331875624437,0.09703177244236356,1
234,mic_fileid_234_doa1_3spk.wav,SepFormer-sepformer-libri3mix,1,17.285,89,1,speechbrain/sepformer-libri3mix,0,3.819530651943559,,text_fileid_234_doa89_spk1.txt,0.42105263157894735,24,57,6.579321384429932,5.984140396118164,-0.5951809883117676,6.561035633087158,3.788311719894409,-2.772723913192749,1.3543235063552856,1.361335039138794,0.007011532783508301,AS IT WAS TO THE MEN ABOUT HIM THE GREEDY THING IN HIM WANTED TO MAKE MONEY FASTER THAN IT COULD BE MADE BY TILLING THE LAND MORE THAN ONCE HE WENT INTO WINESBURG TO TALK WITH HIS SON IN LAW JOHN HARDY ABOUT IT YOU ARE A BANKER AND YOU WILL HAVE CHANCES I NEVER HAD,"as it was to be noted. The creepy thing came out into me faster than it could be made by a tiny land. More than once you went into Rinesburg to talk with your son-in-law John Harday about it, you were a banker and you only had choices I never had.",0.46678606900059094,0.920025927000097,0.4175720459988952,1.8043840419995831,0.027005268672293373,0.0532268398611569,0.024158058779224483,0.10439016731267475,1
235,mic_fileid_235_doa20_3spk.wav,SepFormer-sepformer-libri3mix,1,17.6405,209,1,speechbrain/sepformer-libri3mix,0,4.741522673078162,,text_fileid_235_doa209_spk1.txt,0.4358974358974359,17,39,3.296807289123535,5.042459487915039,1.745652198791504,3.2831552028656006,4.74182653427124,1.4586713314056396,1.4392125606536865,1.5461784601211548,0.10696589946746826,MISTER DINSMORE PASSED OUT OF ONE DOOR WHILE ELSIE LEFT BY THE OTHER THE THREE LITTLE GIRLS LOOKED INQUIRINGLY INTO EACH OTHER'S FACES WHAT IS THE MATTER WHAT HAS ELSIE DONE ASKED CARRY IN A WHISPER I DON'T KNOW,This is our did more past out of the door while Elsie and us fight together. The three little girls looked inquiringly into each other's faces. What is the matter? What has Elsie done in the past? Carrie and Edward? I don't know.,0.47851425600129005,0.6608493389994692,0.3480290650004463,1.4873926600012055,0.0271258896290519,0.03746205260618855,0.019728979620784348,0.08431692185602481,1
236,mic_fileid_236_doa56_3spk.wav,SepFormer-sepformer-libri3mix,1,15.906,189,1,speechbrain/sepformer-libri3mix,0,3.5711777433405665,,text_fileid_236_doa189_spk1.txt,0.6097560975609756,25,41,4.418376445770264,3.7626283168792725,-0.6557481288909912,4.402951240539551,3.556190013885498,-0.8467612266540527,1.2269641160964966,1.287099838256836,0.060135722160339355,ON THE SUMMIT OF WHICH THEY LEFT HER ALONE AND WITH SORROWFUL HEARTS RETURNED HOME WHILE PSYCHE STOOD ON THE RIDGE OF THE MOUNTAIN PANTING WITH FEAR AND WITH EYES FULL OF TEARS THE GENTLE ZEPHYR RAISED HER FROM THE EARTH,"On the summit of which they left Marlowe and the star of the heart of the dark home, while such a student the rich of the mouth and the empty of the hair and his eyes swore to tears, the gentle referer raised her from the earth.",0.4427272760003689,0.6455409390000568,0.2796428960009507,1.3679111110013764,0.027833979378873937,0.04058474405884929,0.01758096919407461,0.08599969263179784,1
237,mic_fileid_237_doa41_3spk.wav,SepFormer-sepformer-libri3mix,1,16.51875,41,1,speechbrain/sepformer-libri3mix,1,6.586377777923998,,text_fileid_237_doa41_spk1.txt,0.6170212765957447,29,47,5.992079257965088,7.159577369689941,1.1674981117248535,5.977989196777344,6.585755825042725,0.6077666282653809,1.5971570014953613,1.822786569595337,0.22562956809997559,COME AS OFTEN AS YOU LIKE REPLIED PEWEE THE OFTENER THE BETTER BACK IN THE OLD BRIAR PATCH PETER THOUGHT OVER ALL HE HAD LEARNED ABOUT THE FLYCATCHER FAMILY AND AS HE RECALLED HOW THEY WERE FOREVER CATCHING ALL SORTS OF FLYING INSECTS IT SUDDENLY STRUCK HIM,"What's up? Is your micro-climbing PD? It's on, there's a bearing. Back in the old BriarCache, Peter thought overall, he was worried about the fly-catching family, and as he was calling out, they were forever catching all sports-acquiring insects. It's a destruction.",0.4339196869987063,0.8080706040000223,0.3457277809993684,1.587718071998097,0.02626831249330042,0.0489183869239514,0.02092941542183085,0.09611611483908268,1
238,mic_fileid_238_doa19_3spk.wav,SepFormer-sepformer-libri3mix,1,17.021625,155,1,speechbrain/sepformer-libri3mix,0,10.922849418969658,,text_fileid_238_doa155_spk1.txt,0.5,20,40,4.728846073150635,11.85381031036377,7.124964237213135,4.718506813049316,10.924891471862793,6.206384658813477,1.1640615463256836,1.8775638341903687,0.7135022878646851,THERE IS ONE OF THE FAMILY HERE TO DAY ON ON BUSINESS SHE SAID AT LAST IF YOU WILL GIVE ME YOUR NAME I WILL ASK IF THAT PERSON WOULD LIKE TO SEE YOU OH THAT IS HARDLY WORTH WHILE,"If you're just one of the families that's a game, then business should set line. If you will give me your name, I will ask that person what I'd like to sue you for. Oh, that is hardly worthwhile.",0.4637741830010782,0.5130402380000305,0.30437848700057657,1.2811929080016853,0.02724617555615743,0.030140497044202918,0.017881870091755434,0.07526854269211578,1
239,mic_fileid_239_doa4_3spk.wav,SepFormer-sepformer-libri3mix,1,16.811625,94,1,speechbrain/sepformer-libri3mix,2,7.72294629472284,,text_fileid_239_doa94_spk1.txt,0.14285714285714285,5,35,3.4032325744628906,8.463682174682617,5.060449600219727,3.381078004837036,7.952032089233398,4.570954084396362,1.2603992223739624,1.6250159740447998,0.3646167516708374,HE IS IN THE LINE OF ALL THOSE TRAMPS AND STAGE IRISHMEN WHO HAVE GONE THROUGH LIFE WITH SO FINE A SWAGGER OF WORDS THIS ONLY MEANS THAT IN HIS LIFE HE IS AN ARTIST,"He is in the line of all those tramps and state divers who have gone through life with so high a swagger of words. This only means that in his life, he is ours.",0.4340345740001794,0.5462105139995401,0.25065634900056466,1.2309014370002842,0.02581752650324876,0.0324900486419094,0.01490970379130897,0.07321727893646714,1
240,mic_fileid_240_doa116_3spk.wav,SepFormer-sepformer-libri3mix,1,17.00875,116,1,speechbrain/sepformer-libri3mix,2,10.84321836109271,,text_fileid_240_doa116_spk1.txt,0.125,6,48,6.35862922668457,11.419596672058105,5.060967445373535,6.341503143310547,10.840967178344727,4.49946403503418,1.3581527471542358,1.7211285829544067,0.3629758358001709,PUT HER INTO A CARRIAGE AND MINISTERED TO HER WANTS WITH THE HELP OF A TEA BASKET CONTAINING THE DELICIOUS NOVELTY OF ENGLISH BREAD AND BUTTER IN HALF AN HOUR'S TIME THEY WERE STEAMING HURRIEDLY TOWARDS LONDON SHE WAS TO LODGE AT A SMALL HOTEL IN JERMYN STREET,"Put her into a carriage and ministered to have ones with the help of the tea basket containing the delicious novelty of English bread and butter. In half an hour's time, they were steaming hot toward London. She was to lodge at a small hotel in German Street.",0.43976994100012234,0.6927210480007489,0.42442036000102235,1.5569113490018935,0.025855512074674646,0.0407273343426618,0.024953060042685226,0.09153590646002167,1
241,mic_fileid_241_doa46_3spk.wav,SepFormer-sepformer-libri3mix,1,17.616625,314,1,speechbrain/sepformer-libri3mix,1,4.345717394188019,,text_fileid_241_doa314_spk1.txt,0.021739130434782608,1,46,3.435133934020996,6.843517303466797,3.408383369445801,3.4167215824127197,4.341851711273193,0.9251301288604736,1.358511209487915,1.4973464012145996,0.13883519172668457,WHAT WAS MY DUTY TO DO AND I STATED THE ARGUMENTS WITH WHICH MY BROTHER HAD PRESSED ME TO GO INTO THE COUNTRY AND I SET AGAINST THEM THE STRONG IMPRESSIONS WHICH I HAD ON MY MIND FOR STAYING THE VISIBLE CALL I SEEMED TO HAVE,What was my duty to do? And I stated the arguments with which my brother had pressed me to go into the country. And I said against them the strong impressions which I had on my mind for staying. The visible call I seemed to have.,0.5565450249996502,0.6621714149987383,0.3951179189989489,1.6138343589973374,0.03159203451283377,0.0375878702645222,0.02242869556449938,0.09160860034185535,1
242,mic_fileid_242_doa20_3spk.wav,SepFormer-sepformer-libri3mix,1,17.1795,182,1,speechbrain/sepformer-libri3mix,2,7.418767034327597,,text_fileid_242_doa182_spk1.txt,0.5128205128205128,20,39,4.359908580780029,8.391737937927246,4.031829357147217,4.346549034118652,7.419156551361084,3.0726075172424316,1.2881547212600708,1.6934165954589844,0.4052618741989136,AND EVERY KNIGHT SHALL HAVE A SQUIRE AND TWO YEOMAN AND ALL WELL HORSED FOR THUS IT CHANCED ONE MORN WHEN ALL THE COURT GREEN SUITED BUT WITH PLUMES THAT MOCK'D THE MAY HAD BEEN THEIR WONT A MAYING,"And every night shall it aspire unto the owner, and all well-horessed. For thus it chanced one more when all the court-greensages but the queens that mocked the man had been their want amending.",0.5659538920008345,0.5551970510005049,0.28261050499895646,1.4037614480002958,0.032943560173511126,0.03231741616464419,0.016450449954827348,0.08171142629298267,1
243,mic_fileid_243_doa137_3spk.wav,SepFormer-sepformer-libri3mix,1,18.450625,169,1,speechbrain/sepformer-libri3mix,2,6.285284266635308,,text_fileid_243_doa169_spk1.txt,0.2222222222222222,8,36,5.679222583770752,7.747247695922852,2.0680251121520996,5.667076587677002,6.265930652618408,0.5988540649414062,1.3337488174438477,1.5242347717285156,0.19048595428466797,FIND SOMEONE IN TROUBLE AND CHEER THEM ENCOURAGE THEM HELP THEM AND YOU WILL DELIVER YOURSELF YOU WILL COMFORT YOURSELF WHEN YOU COMFORT ANOTHER YOU CANNOT LOSE A LOVED ONE THO ABSENT FROM THE EARTH PLANE,Find someone who's trouble with your damn. Encourage them. Help them. And you will deliver yourself. You will comfort yourself when we comfort another. We cannot lose a loved one. Though absent from the Earth's plane.,0.6211009210001066,0.7553320429997257,0.3472997460012266,1.7237327100010589,0.033662866217274844,0.0409380193353735,0.01882319682944218,0.09342408238209053,1
244,mic_fileid_244_doa170_3spk.wav,SepFormer-sepformer-libri3mix,1,16.22675,301,1,speechbrain/sepformer-libri3mix,1,6.742746493166161,,text_fileid_244_doa301_spk1.txt,0.05263157894736842,2,38,5.885352611541748,7.901094436645508,2.0157418251037598,5.874663352966309,6.745707988739014,0.8710446357727051,1.6214150190353394,1.9662909507751465,0.34487593173980713,BUT WHICH ARE NECESSARY TO MAKE UP THE TRUE CHARACTER OF A PIRATE THE HISTORIAN JOHN SEEMS TO HAVE BEEN VERY MUCH CUT UP BY THE MANNER IN WHICH HIS FAVORITE HERO HAD ROUNDED OFF HIS PIRATICAL CAREER,but which are necessary to make up the true character of a pirate. The historian John seems to have been very much fed by the manner in which his favorite hero had rounded off his piratical career.,0.5296020890000364,0.4606279079998785,0.25379055499979586,1.2440205519997107,0.03263759465081032,0.02838694797170589,0.01564025790745503,0.07666480052997124,1
245,mic_fileid_245_doa25_3spk.wav,SepFormer-sepformer-libri3mix,1,17.779875,25,1,speechbrain/sepformer-libri3mix,0,4.864014693705614,,text_fileid_245_doa25_spk1.txt,0.4166666666666667,20,48,4.669101238250732,5.191680431365967,0.5225791931152344,4.652120113372803,4.837871551513672,0.18575143814086914,1.4415980577468872,1.504650592803955,0.06305253505706787,AND ENDEAVOURED TO COMFORT THEM THEY TREATED THEM AS WELL AS THEIR POVERTY WOULD PERMIT TOOK OFF THEIR HORSE HAIR SHIFTS WHICH WERE VERY UNEASY TO THEM AND PUT ON THEM OTHERS WHICH THEY GAVE THEM WITH SHOES AND SOMETHING TO COVER THEIR HEADS AND SAVE THEIR HAIR,"And they put on their covers and they defeated them as well as their comedy would permit them to come off their horseships, which were very un-feeded. And put on their covers, which they made them, with shoes and something to cover their heads and save their hair.",0.5442823600005795,0.6551076270006888,0.3803244470000209,1.5797144340012892,0.03061227145863396,0.03684545740623535,0.02139072670646002,0.08884845557132934,1
246,mic_fileid_246_doa28_3spk.wav,SepFormer-sepformer-libri3mix,1,17.06425,28,1,speechbrain/sepformer-libri3mix,2,7.659109078104227,,text_fileid_246_doa28_spk1.txt,0.13953488372093023,6,43,4.869753360748291,8.623851776123047,3.754098415374756,4.858842372894287,7.655744552612305,2.7969021797180176,1.405700922012329,1.830175757408142,0.424474835395813,LUKASHKA WENT UP TO THE SPEAKER AND SAT DOWN OF WHAT VILLAGE ASKED HE FROM THERE IN THE HILLS REPLIED THE SCOUT POINTING TO THE MISTY BLUISH GORGE BEYOND THE TEREK DO YOU KNOW SUUK SU IT IS ABOUT EIGHT MILES BEYOND THAT,"Lukashka went up to the speaker and sat down. A good village, as he, from there in the hills, replied the scout, pointing to the misty bluish gorge beyond the Thorek. Do you know Tsuksu? It is about eight miles beyond that.",0.5498713570013933,0.7494567270005064,0.37270890599938866,1.6720369900012884,0.03222358773467297,0.04391969919571656,0.021841505252172738,0.09798479218256227,1
247,mic_fileid_247_doa22_3spk.wav,SepFormer-sepformer-libri3mix,1,16.1065,22,1,speechbrain/sepformer-libri3mix,2,9.731549262663851,,text_fileid_247_doa22_spk1.txt,0.1388888888888889,5,36,5.8613386154174805,10.69113540649414,4.82979679107666,5.850372314453125,9.729949951171875,3.87957763671875,1.317690372467041,1.8468244075775146,0.5291340351104736,WHEN TWO MOUTHS RENDERED SACRED BY LOVE APPROACH TO CREATE IT IS IMPOSSIBLE THAT THERE SHOULD NOT BE ABOVE THAT INEFFABLE KISS A QUIVERING THROUGHOUT THE IMMENSE MYSTERY OF STARS THESE FELICITIES ARE THE TRUE ONES,"When two mouths, rendered sacred by love, approach to create, it is a possibility there should not be above that ineffable kiss of quiverings throughout the immense mistery of stars. These felicities are the true ones.",0.5174419930008298,0.6321352569993905,0.3517863409997517,1.501363590999972,0.03212628398477818,0.039247214292328594,0.021841265389734063,0.09321476366684084,1
248,mic_fileid_248_doa106_3spk.wav,SepFormer-sepformer-libri3mix,1,15.853625,288,1,speechbrain/sepformer-libri3mix,0,1.796871129170455,,text_fileid_248_doa288_spk1.txt,0.8484848484848485,28,33,2.674683094024658,2.6345067024230957,-0.0401763916015625,2.65911602973938,1.8349077701568604,-0.8242082595825195,1.1983088254928589,1.2341647148132324,0.035855889320373535,THEN THEY TOLD HIM ABOUT THE CELEBRATION AND MISTER CROW BEGAN TO LAUGH WHAT ARE YOU GOING TO DO NEXT HE ASKED WE'RE A GOING TO SEND BROWNIE BEAVER OVER TO PLEASANT VALLEY,"And then they told him about the celebration and Mr. Crowding and the last dinner. What are you going to do? Well, yes. And he's never pulling the wrong thing. You're going to send her on the verge of over-plugging failure. That's what he said.",0.47477886699925875,0.8045795590005582,0.28836600500108034,1.5677244310008973,0.029947653423066257,0.050750510309191636,0.018189278792773284,0.09888744252503118,1
249,mic_fileid_249_doa29_3spk.wav,SepFormer-sepformer-libri3mix,1,16.082625,85,1,speechbrain/sepformer-libri3mix,0,11.860597744568384,,text_fileid_249_doa85_spk1.txt,0.25,8,32,7.86753511428833,14.775275230407715,6.907740116119385,7.859969139099121,11.82895278930664,3.9689836502075195,1.4606332778930664,1.9418165683746338,0.4811832904815674,HE SPOKE I SWORE TO KEEP THE SECRET I HAVE KEPT IT AS LONG AS I COULD MEN OF DARK LIVES ARE FAITHFUL AND HELL HAS ITS HONOUR NOW SILENCE IS USELESS,"So, I've sworn he's a secret. I have kept it as long as I could. Men of dark lives are faithful, and hell has its honor. Now, silence is useless.",0.5019063010004174,0.491442962000292,0.34083514499980083,1.3341844080005103,0.03120798383351085,0.030557384879663117,0.021192755846747707,0.08295812455992167,1
250,mic_fileid_250_doa95_3spk.wav,SepFormer-sepformer-libri3mix,1,16.643875,95,1,speechbrain/sepformer-libri3mix,1,2.385743961805486,,text_fileid_250_doa95_spk1.txt,0.8648648648648649,32,37,6.357603549957275,6.72066068649292,0.36305713653564453,6.3502984046936035,2.363717794418335,-3.9865806102752686,1.3875644207000732,1.4954110383987427,0.10784661769866943,AND VARIOUS OTHER MASCULINE TRIFLES FILLING IN THE INTERSTICES OH THEY GASPED IN BREATHLESS CHORUS THEY BELONG TO HIM CONNY MURMURED FERVENTLY PATTY NODDED AND WHEN I SHOWED UNCLE TOM THAT SUIT CASE HE NEARLY DIED LAUGHING,"and very self-adaptive type of philosophy is that I'm the true father of the Gatsby's presentation. It's long to him how you can play pentadipos and when I show him the poem that's it, if he's die-harding.",0.5384891829999106,0.6930110030007199,0.39379873699908785,1.6252989229997183,0.03235359452050142,0.04163759959749276,0.023660279652369887,0.09765147377036407,1
251,mic_fileid_251_doa23_3spk.wav,SepFormer-sepformer-libri3mix,1,17.013,23,1,speechbrain/sepformer-libri3mix,0,4.018985139767902,,text_fileid_251_doa23_spk1.txt,0.4791666666666667,23,48,3.2284586429595947,4.842831611633301,1.614372968673706,3.2039926052093506,3.983591079711914,0.7795984745025635,1.186819314956665,1.3381208181381226,0.15130150318145752,AND BIDDING THE OTHERS KEEP A SHARP LOOKOUT MYLES SHINNED UP THIS TREE AND CHOOSING ONE OF THE THICKER LIMBS CLIMBED OUT UPON IT FOR SOME LITTLE DISTANCE THEN LOWERING HIS BODY HE HUNG AT ARM'S LENGTH THE BRANCH BENDING WITH HIS WEIGHT AND SLOWLY LET HIMSELF DOWN,"And bitty to the energy to stretch the lookout, like marching down the prostration, and choosing one of the six events, climbed down the porch for sub-lubidism. Then, lowering his body, he huddled on his leg, the branch bending with his weight, and slowly let himself down.",0.5480656870004168,0.7537881400003243,0.3702199819999805,1.6720738090007217,0.03221452342328906,0.04430659730796005,0.02176100523129257,0.09828212596254167,1
252,mic_fileid_252_doa54_3spk.wav,SepFormer-sepformer-libri3mix,1,17.0335,54,1,speechbrain/sepformer-libri3mix,2,6.687479993302445,,text_fileid_252_doa54_spk1.txt,0.28,14,50,5.915916442871094,8.67237663269043,2.756460189819336,5.901613235473633,6.677670001983643,0.7760567665100098,1.276543140411377,1.3066867589950562,0.0301436185836792,HE GREW QUITE OUT OF PATIENCE AT LAST AND CUT HIS WAY THRO THE INSULTING MOB WITH HIS RIVAL'S SABRE BUT HE DID NOT KNOW WHAT MEASURES TO PURSUE OR HOW TO RECTIFY SO GROSS A MISTAKE IT WAS NOT IN HIS POWER TO HAVE A SIGHT OF THE QUEEN,He did quite great stations at last to cut his way through the insulting mom and rival's favor. But he did not know what measures to pursue or how to rectify his worth and mistake. It was not his power to have a sight of the queen.,0.5479496089992608,0.5721533240011922,0.3735819220000849,1.493684855000538,0.03216893820995455,0.03358988604815171,0.021932187865094366,0.08769101212320063,1
253,mic_fileid_253_doa72_3spk.wav,SepFormer-sepformer-libri3mix,1,14.65025,340,1,speechbrain/sepformer-libri3mix,2,5.3794593603250105,,text_fileid_253_doa340_spk1.txt,0.17647058823529413,6,34,6.854696750640869,6.472233295440674,-0.3824634552001953,6.834137916564941,5.307253837585449,-1.5268840789794922,1.6176543235778809,1.5449671745300293,-0.07268714904785156,HABITUALLY HARDWORKING RARELY STARTLED BY LIFE'S SURPRISES VERY SKILLFUL WITH HIS HANDS EFFICIENT IN HIS EVERY DUTY AND DESPITE HIS HAVING A NAME THAT MEANS COUNSEL NEVER GIVING ADVICE NOT EVEN THE UNSOLICITED KIND,"habitually hardworking, rarely startled by life surprises, very skillful at his hands, efficient at his every duty, and despite his having a name that he cannot hold, never giving advice, not even the unsolicited kind.",0.436306068999329,0.5475570290000178,0.27204638900002465,1.2559094869993714,0.02978147601572185,0.037375268613164814,0.018569402501665475,0.08572614713055214,1
254,mic_fileid_254_doa102_3spk.wav,SepFormer-sepformer-libri3mix,1,17.137375,304,1,speechbrain/sepformer-libri3mix,2,7.073074450814025,,text_fileid_254_doa304_spk1.txt,0.5813953488372093,25,43,1.8625198602676392,7.366567134857178,5.504047274589539,1.8469260931015015,7.102663516998291,5.2557374238967896,1.0810368061065674,1.48794424533844,0.40690743923187256,WE WERE ABLE TO SWALLOW BUT A FEW MOUTHFULS OF THE REPAST AND OUR LUNCH BASKET WAS DRAWN ON AS SOON AS WE WERE ONCE MORE AFLOAT IT IS A GREAT PITY THAT SO MANY FARMERS WIVES ARE THE WRETCHED COOKS THEY ARE,"We were able to follow the shooting amountals of the route half, and our work value is to draw on as soon as we were once more slowly inspired. It is the great city of so many prominent lives that the rest of the cooks they are, their nature.",0.5602061959998537,0.5344433230002323,0.3641624949996185,1.4588120139997045,0.03268914848393372,0.03118583347801121,0.02124960765575933,0.08512458961770426,1
255,mic_fileid_255_doa122_3spk.wav,SepFormer-sepformer-libri3mix,1,17.299125,122,1,speechbrain/sepformer-libri3mix,1,9.863950277815876,,text_fileid_255_doa122_spk1.txt,0.375,12,32,4.953304290771484,11.72709846496582,6.773794174194336,4.94606876373291,9.855936050415039,4.909867286682129,1.223117470741272,1.8292341232299805,0.6061166524887085,SHE ADDED PULLING OUT HER WATCH BY ITS LEATHERN GUARD NOT TILL YOU'VE HAD LUNCH SAID MISSUS WILMINGTON RISING WITH THE LADIES YOU MUST STAY ANNIE I SHALL NOT EXCUSE YOU WELL,"She added pulling out her watch by living going. Not till you pay at launch, said Miss Twombie Ten Rising with the lady. You must stay, and I shall not excuse you. Well?",0.548252816999593,0.5282182539995119,0.33702126299976953,1.4134923339988745,0.03169251722266837,0.030534391421503222,0.019481983221681418,0.08170889186585302,1
256,mic_fileid_256_doa87_3spk.wav,SepFormer-sepformer-libri3mix,1,18.3735,87,1,speechbrain/sepformer-libri3mix,1,5.789496201653788,,text_fileid_256_doa87_spk1.txt,0.30952380952380953,13,42,4.639565944671631,7.614856719970703,2.9752907752990723,4.633337020874023,5.853668212890625,1.2203311920166016,1.3705028295516968,1.8086910247802734,0.43818819522857666,GOOD BYE PRINCESS I WISH YOU HAPPINESS AND CONSOLATION AND HOPE TO MEET YOU AGAIN IN HAPPIER CIRCUMSTANCES IF YOU DON'T WANT TO MAKE ME BLUSH PLEASE DON'T THANK ME BUT THE PRINCESS IF SHE DID NOT AGAIN THANK HIM IN WORDS,"Goodbye, Miss. I wish you happiness and consolation, and hope to meet you again and have your circumstances. If you don't want to make me blush, please don't make me. But the truth is, if she does not again, thank you, Miss Werks.",0.5811334520003584,0.663122898000438,0.3515643860009732,1.5958207360017695,0.03162889226333352,0.03609126720551,0.019134317685850447,0.08685447715469397,1
257,mic_fileid_257_doa223_3spk.wav,SepFormer-sepformer-libri3mix,1,16.83375,323,1,speechbrain/sepformer-libri3mix,2,8.327769768969778,,text_fileid_257_doa323_spk1.txt,0.34210526315789475,13,38,6.678210735321045,8.585243225097656,1.9070324897766113,6.666214942932129,8.324931144714355,1.6587162017822266,1.3120567798614502,1.6061952114105225,0.29413843154907227,THE MOST INTERESTING OF THE SHORT EXCURSIONS WE MADE FROM FORT WRANGELL WAS THE ONE UP THE STICKEEN RIVER TO THE HEAD OF STEAM NAVIGATION FROM MT SAINT ELIAS THE COAST RANGE EXTENDS IN A BROAD LOFTY CHAIN,The most interesting of the short excursions we made from Fort Ranko was the one up the sticking river to the edge of the sea navigation. From Mount St. Elias to the post-range expense on the broad lofty chain.,0.5384950059997209,0.5464631940012623,0.37142178300018713,1.4563799830011703,0.031989010529425765,0.032462356516002815,0.022064114234807287,0.08651548128023587,1
258,mic_fileid_258_doa105_3spk.wav,SepFormer-sepformer-libri3mix,1,17.0025,233,1,speechbrain/sepformer-libri3mix,2,6.273938706107662,,text_fileid_258_doa233_spk1.txt,0.2903225806451613,9,31,4.865093231201172,7.197669982910156,2.3325767517089844,4.831464767456055,6.269287586212158,1.4378228187561035,1.4043940305709839,1.7103655338287354,0.30597150325775146,IN THE MOST POLITE MANNER TO APPOINT A FRIEND WITH WHOM HE CAPTAIN M M MIGHT COMMUNICATE AND DESIRED THAT THE MEETING MIGHT TAKE PLACE WITH AS LITTLE DELAY AS POSSIBLE,"in the most polite manner to appoint the French to its home east, Captain M. M. Mike Communicates, and desires that the meeting might take place with as little delay as possible.",0.5432137440002407,0.45881370100141794,0.36218285399991146,1.36421029900157,0.03194905125718222,0.02698507284231248,0.021301741155707186,0.08023586525520188,1
259,mic_fileid_259_doa21_3spk.wav,SepFormer-sepformer-libri3mix,1,15.717875,171,1,speechbrain/sepformer-libri3mix,2,2.6426077817513627,,text_fileid_259_doa171_spk1.txt,0.9032258064516129,28,31,3.944178342819214,3.756326913833618,-0.1878514289855957,3.9238295555114746,2.89924955368042,-1.0245800018310547,1.4337892532348633,1.4681048393249512,0.03431558609008789,A FEW HOURS LATER THAT SAME NIGHT HE RETURNS TO THE BATTERY ROOM AND SUCCEEDS IN RECOVERING THE PORTABLE INSTRUMENT TO DAY LIEUTENANT MACKINSON WHILE PURSUING AN INVESTIGATION OF THE AFFAIR,"A few hours later that same night, here in terms of the background, was seized and the government report was from this day. New perspectives and what was soon investigation to be done. That's not a grand point.",0.473195823999049,0.5331822269999975,0.25864557800014154,1.265023628999188,0.030105585137879583,0.033922029981788095,0.01645550546751018,0.08048312058717785,1
260,mic_fileid_260_doa135_3spk.wav,SepFormer-sepformer-libri3mix,1,16.526875,250,1,speechbrain/sepformer-libri3mix,1,4.823809880670487,,text_fileid_260_doa250_spk1.txt,0.5277777777777778,19,36,2.2612380981445312,5.5926690101623535,3.3314309120178223,2.240560293197632,4.828397750854492,2.5878374576568604,1.1996510028839111,1.412438154220581,0.21278715133666992,WHEN THE MEDICINE I HAVE PUT UP IN THE HANDLE OF THE MACE IS HEATED WITH YOUR HAND IT WILL PENETRATE YOUR WHOLE BODY AND AS SOON AS YOU PERSPIRE YOU MAY LEAVE OFF THE EXERCISE,"When the medicines I have put up to the handle of the base, just use your hand, your penetrates with a whole body, and as soon as you perspire, it can be at least off the edge of the sun.",0.526188825000645,0.5265687380015152,0.2833563949989184,1.3361139580010786,0.031838373860796125,0.031861361449246464,0.017145188972441456,0.08084492428248405,1
261,mic_fileid_261_doa122_3spk.wav,SepFormer-sepformer-libri3mix,1,16.36375,176,1,speechbrain/sepformer-libri3mix,1,6.399992660342421,,text_fileid_261_doa176_spk1.txt,0.08108108108108109,3,37,1.5614405870437622,7.344283103942871,5.782842516899109,1.5477750301361084,6.397543430328369,4.849768400192261,1.311276912689209,1.7879756689071655,0.47669875621795654,FRENCH BY HER MOTHER HER PROFICIENCY IN EITHER WAS NOT REMARKABLE AND SHE SHIRKED HER LESSONS IN BOTH WHENEVER SHE COULD WHAT A STRANGE UNACCOUNTABLE CHARACTER FOR WITH ALL THESE SYMPTOMS OF PROFLIGACY AT TEN YEARS OLD,"French by her mother. Her proficiency in either was not remarkable, and she shirked her lessons both whenever she could. What a strange, unpunctival character, for with all these symptoms of proslegacy at ten years old.",0.5240609139982553,0.6138806279996061,0.39764504699996905,1.5355865889978304,0.03202572234348822,0.03751466674812351,0.024300361897484933,0.09384075098909665,1
262,mic_fileid_262_doa98_3spk.wav,SepFormer-sepformer-libri3mix,1,15.136875,226,1,speechbrain/sepformer-libri3mix,2,9.554611734230111,,text_fileid_262_doa226_spk1.txt,0.45454545454545453,15,33,4.423270225524902,10.369449615478516,5.946179389953613,4.387516975402832,9.5487060546875,5.161189079284668,1.2560361623764038,2.0119175910949707,0.7558814287185669,FULL OF FLAUNTING BANNERS FULL OF THE MARCH AND PAGEANTRY OF OPENING WAR AND THE FEET OF THE PEOPLE WERE BEATING TIME TRAMP TRAMP HE WAS URGED TOWARDS THE DOOR HE OBEYED MECHANICALLY,"Holds flossing banners, holds the march, shock pageantry of opening the war. In the seat of the people were being in time. Tread, trekked. He was urged to work the door. He obeyed mechanically.",0.4738433590009663,0.5588082199992641,0.30296126200119033,1.3356128410014207,0.03130390909622801,0.036917013584327286,0.020014782575742372,0.08823570525629766,1
263,mic_fileid_263_doa26_3spk.wav,SepFormer-sepformer-libri3mix,1,16.489125,62,1,speechbrain/sepformer-libri3mix,1,5.989057430379536,,text_fileid_263_doa62_spk1.txt,0.05714285714285714,2,35,3.41068434715271,8.920186042785645,5.509501695632935,3.3945302963256836,5.989900588989258,2.595370292663574,1.2570456266403198,1.4367384910583496,0.17969286441802979,SHE WAS ANGRY WITH HERSELF BECAUSE SHE FELT THAT IN SPEAKING OF CONNISTON SHE HAD COLORED AND AS A MATTER OF FACT SHE GREATLY ADMIRED THE YOUNG LORD EVEN THOUGH THEY HAD ONLY MET ONCE,"She wasn't angry with herself because she felt that in speaking of connoisseurs she had colored. And as a matter of fact, she greatly admired the young Lord, even though they had only met once.",0.5157193739996728,0.4602986930003681,0.3134768340005394,1.2894949010005803,0.03127633358347837,0.027915289198205972,0.019011126060390675,0.07820274884207501,1
264,mic_fileid_264_doa124_3spk.wav,SepFormer-sepformer-libri3mix,1,17.0365,124,1,speechbrain/sepformer-libri3mix,1,7.713823624445521,,text_fileid_264_doa124_spk1.txt,0.21621621621621623,8,37,4.544070243835449,8.148402214050293,3.6043319702148438,4.534379005432129,7.713832378387451,3.1794533729553223,1.1509668827056885,1.6603442430496216,0.5093773603439331,WERE SO FULL OF AFFABILITY THAT THEY WOULD HAVE SHAKEN HANDS EVEN WITH THE BANKER'S SERVANTS SO MUCH DID THEIR GRATITUDE NEED AN OBJECT TO EXPEND ITSELF UPON ONE THING ABOVE ALL THE REST HEIGHTENED THE RESPECT,"I'm so full of the half ability that they would have shaken hands even with the bank of service. So much did their gratitude need an object to expend itself upon. One thing above all the rest, heighten the respect.",0.5486266640000395,0.4743276209992473,0.37127052399955573,1.3942248089988425,0.03220301493851668,0.027841846682079494,0.021792652481410837,0.08183751410200701,1
265,mic_fileid_265_doa188_3spk.wav,SepFormer-sepformer-libri3mix,1,16.23875,292,1,speechbrain/sepformer-libri3mix,1,8.745591972743831,,text_fileid_265_doa292_spk1.txt,0.675,27,40,2.9347639083862305,9.725865364074707,6.791101455688477,2.920316696166992,8.787946701049805,5.8676300048828125,1.1258411407470703,1.574581503868103,0.4487403631210327,FANCY IF YOU CAN MY EXTREME HORROR AT FINDING A MOUSE DROWNED IN THAT PUDDING SAUCE I LIFTED THE MOUSE OUT WITH A SPOON AND THREW IT OUT IN THE YARD AND THEN I WASHED THE SPOON IN THREE WATERS,"That piece is going like three more, and it's like in a house, and you're out in that swimming park. I lifted the mountain out of the spruce, and drew it out of the yard, and then I walked between three waters.",0.5269056640008785,0.5833537929993327,0.25243151399990893,1.36269097100012,0.03244742754219866,0.035923565114268814,0.015545008944648383,0.08391600160111586,1
266,mic_fileid_266_doa106_3spk.wav,SepFormer-sepformer-libri3mix,1,16.622125,359,1,speechbrain/sepformer-libri3mix,2,9.338808641589807,,text_fileid_266_doa359_spk1.txt,0.2,9,45,6.7015533447265625,9.873573303222656,3.1720199584960938,6.679348945617676,9.336880683898926,2.65753173828125,1.3148263692855835,1.6544140577316284,0.3395876884460449,HE ENUMERATED THE REFORMS PASSED FIFTY YEARS BEFORE ON THIS VERY DAY BY WHICH THE NATION ONCE AND FOR ALL DECLARED THE GLORY OF POVERTY AND MAN'S SYMPATHY WITH THE UNFORTUNATE SO HE HAD TOLD THEM HE WAS TO SING THE PRAISE OF PATIENT POVERTY,He illuminated the reforms past 50 years before on this very day by which the nation once came for all to display the glory of poverty and man's sympathy and support. So he had told them he was to sing the praise of patient poverty.,0.5126416830007656,0.45652643399989756,0.39223994499843684,1.3614080619991,0.030840923347692645,0.027464986215655192,0.023597460914199408,0.08190337047754724,1
267,mic_fileid_267_doa81_3spk.wav,SepFormer-sepformer-libri3mix,1,16.799875,311,1,speechbrain/sepformer-libri3mix,1,4.589415857695137,,text_fileid_267_doa311_spk1.txt,0.38235294117647056,13,34,2.5387258529663086,5.50758171081543,2.968855857849121,2.5222136974334717,4.591569900512695,2.0693562030792236,1.3315215110778809,1.6469616889953613,0.31544017791748047,WE'LL ALL MEET HERE GREGG SAY ABOUT THE ZERO HOUR WE MUST TAKE SOME PRECAUTIONS THEN HE DISMISSED ME I FOUND VENZA SEATED ALONE IN A STARLIT CORNER OF THE SECLUDED DECK A PORTHOLE,"Well, I'm into you, I was hoping to say about this zero. You must take some precautions. Because then he dismissed me very... I found Venza seated along in a starlit corner of the secluded deck. A porthole.",0.5350045559989667,0.5091192649997538,0.26048015400010627,1.3046039749988267,0.031845746233169395,0.030304943637958843,0.015504886435173254,0.07765557630630149,1
268,mic_fileid_268_doa43_3spk.wav,SepFormer-sepformer-libri3mix,1,16.925,354,1,speechbrain/sepformer-libri3mix,2,4.077676343523699,,text_fileid_268_doa354_spk1.txt,0.5454545454545454,24,44,3.2704272270202637,5.413239479064941,2.1428122520446777,3.256709337234497,4.079155445098877,0.8224461078643799,1.2224397659301758,1.4458811283111572,0.22344136238098145,CLIMBED BACK INTO THE TREE MINUTES LATER HE DISCOVERED THAT THERE WERE MORE THAN TWO OF THE BEASTS WAITING QUIETLY ABOUT THE CAMP AND THAT THEIR SENTRY LINE RAN BETWEEN HIM AND THE CLEARING OF THE L B HE WITHDREW FARTHER INTO THE WOOD,"Climbing back into a tree, minutes later he discovered that there were more than two of the bees. We were quite in the house and that their central lining ran between him and the clear and the LB. He went through the bottom into the woods and every line and curve.",0.5295953610002471,0.5380338329996448,0.293937256999925,1.3615664509998169,0.03129071556869997,0.03178929589362746,0.017367046203836042,0.08044705766616347,1
269,mic_fileid_269_doa18_3spk.wav,SepFormer-sepformer-libri3mix,1,16.5305,163,1,speechbrain/sepformer-libri3mix,2,7.647583634750381,,text_fileid_269_doa163_spk1.txt,0.19230769230769232,5,26,0.9907630085945129,8.114750862121582,7.123987853527069,0.9795001149177551,7.669470310211182,6.6899701952934265,1.1765623092651367,1.4807634353637695,0.3042011260986328,ONE OF THESE CONCLUSIONS WAS THAT THERE WERE THINGS MORE SOLID IN LIFE THAN FINE WHISKERS AND A TITLE AND THAT IN ACCEPTING A SECOND HUSBAND,"One of these conclusions was that there were things more solid in life that find husband and title, and that is accepting a second husband.",0.5412048260004667,0.2836413820004964,0.3247440929990262,1.1495903009999893,0.032739773509601444,0.01715866924778418,0.019645146426243983,0.06954358918362961,1
270,mic_fileid_270_doa4_3spk.wav,SepFormer-sepformer-libri3mix,1,17.77675,4,1,speechbrain/sepformer-libri3mix,2,8.460426400662103,,text_fileid_270_doa4_spk1.txt,0.7058823529411765,24,34,4.819792747497559,9.623496055603027,4.803703308105469,4.797634124755859,8.474045753479004,3.6764116287231445,1.1462150812149048,1.531620979309082,0.38540589809417725,BUT THE GROUND FOR THAT WAS GONE AND MISSUS LOW WAS NO LONGER PAINFULLY SEVERE A FEW WORDS WERE SAID AS TO HIS GREAT LOSS MISSUS LOW ONCE RAISED HER EYEBROWS IN PRETENDED SURPRISE,"For a glance about the garden, and Mrs. Mone's new long-term painfully severe, a few words to say as to this great loss. This is no one's marriage and eyebrow in percentage surprising.",0.5662163590004639,0.5878299670002889,0.2691147349996754,1.4231610610004282,0.031851511609291006,0.033067347349784906,0.015138579042832657,0.08005743800190857,1
271,mic_fileid_271_doa16_3spk.wav,SepFormer-sepformer-libri3mix,1,16.862375,191,1,speechbrain/sepformer-libri3mix,2,4.219624005742494,,text_fileid_271_doa191_spk1.txt,0.7857142857142857,22,28,1.2486991882324219,4.39196252822876,3.143263339996338,1.2110449075698853,4.223606109619141,3.0125612020492554,1.1631312370300293,1.3068792819976807,0.14374804496765137,THE LATTER STREAM TRAVERSES DREARY PLAINS WHERE ALMOST NOTHING BUT SAGEBRUSH GROWS THE MAUMEE WATERS A SMILING VALLEY WHERE ORCHARDS FIELDS AND MEADOWS ALTERNATE WITH SUGAR MAPLE GROVES,"The lighter screen for person have a beard of plain, but to almost nothing but the day's fresh gross. The mommy waters of the smiling valley, where orchards, eels, and meadows alternate with no sugar beagle pearls.",0.5386924409995117,0.5526363310000306,0.28240942299999006,1.3737381949995324,0.031946415673919704,0.032773338927643975,0.016747903127524447,0.08146765772908812,1
272,mic_fileid_272_doa59_3spk.wav,SepFormer-sepformer-libri3mix,1,16.6745,354,1,speechbrain/sepformer-libri3mix,0,1.8766122062267474,,text_fileid_272_doa354_spk1.txt,0.3157894736842105,12,38,2.196667432785034,4.065218925476074,1.86855149269104,2.176013231277466,1.871649980545044,-0.3043632507324219,1.1499907970428467,1.1938042640686035,0.043813467025756836,AND SOCIAL TEMPER BY ENTERING INTO THE MILITIA OF HIS COUNTY THEN EMBODIED CAPTAIN WESTON WAS A GENERAL FAVOURITE AND WHEN THE CHANCES OF HIS MILITARY LIFE HAD INTRODUCED HIM TO MISS CHURCHILL OF A GREAT YORKSHIRE FAMILY,"And social super by Andrew into the show, use skill things, then in life. Captain Weston, we're a general safety. And when the chances of the military night had introduced him to Miss Churchill, of a great Yorkshire family.",0.5406329270008428,0.6822364760009805,0.3842540919995372,1.6071234950013604,0.032422736933691736,0.04091495852954995,0.023044414645089044,0.09638211010833073,1
273,mic_fileid_273_doa24_3spk.wav,SepFormer-sepformer-libri3mix,1,16.098875,24,1,speechbrain/sepformer-libri3mix,1,3.3453670719029427,,text_fileid_273_doa24_spk1.txt,0.6136363636363636,27,44,4.189764499664307,6.2369279861450195,2.047163486480713,4.176941394805908,3.3337318897247314,-0.8432095050811768,1.230610728263855,1.3301843404769897,0.09957361221313477,THROUGH WHICH I SAW SHRUBS AND A GRASS PLAT LOOKING PLEASANT IN THE SUNSHINE OF THE MILD SPRING EVENING FOR IT WAS NOW THE MIDDLE OF APRIL THIS THEN WAS MY FIRST GLIMPSE OF THE GARDEN BUT I HAD NOT TIME TO LOOK LONG,"which had such rubs in a brighter heart, so keen and pleasant in such shy of the mildest evening, before it was now to this later. This said with my first glist of the golden cases, but I had not tied to the flaw.",0.5111468519990012,0.538258415999735,0.39118705399960163,1.4405923219983379,0.0317504702657174,0.03343453601569892,0.02429903046017822,0.08948403674159455,1
274,mic_fileid_274_doa14_3spk.wav,SepFormer-sepformer-libri3mix,1,16.44,111,1,speechbrain/sepformer-libri3mix,0,8.772038645737197,,text_fileid_274_doa111_spk1.txt,0.05405405405405406,2,37,6.96187686920166,10.260090827941895,3.2982139587402344,6.944281578063965,8.764078140258789,1.8197965621948242,1.3642321825027466,1.6658785343170166,0.30164635181427,EVEN TO A DARK LANTERN THE END OF THE FILM IS SURE TO BE JOLLY GOOD CHEER ATTRACTS GOOD LUCK CHEER UP IF YOU HAVEN'T A SMILE GET ONE OF SOMEBODY AND WEAR IT AS YOUR OWN,"Even to a dark lantern full. The end of the film is sure to be jolly. Good cheer attracts good loss. Cheer up. If you haven't a smile, get one of somebody and wear it as your own.",0.5311073410011886,0.4786168419996102,0.2389762120001251,1.248700395000924,0.032305799330972544,0.02911294659365025,0.014536265936747266,0.07595501186137006,1
275,mic_fileid_275_doa2_3spk.wav,SepFormer-sepformer-libri3mix,1,16.928625,2,1,speechbrain/sepformer-libri3mix,2,7.997998809485136,,text_fileid_275_doa2_spk1.txt,0.4166666666666667,20,48,4.230489253997803,8.43601131439209,4.205522060394287,4.217592716217041,7.9979448318481445,3.7803521156311035,1.1914504766464233,1.5345200300216675,0.34306955337524414,TO COME OUT OF IT BRIGHT AND SMILING AND NOW IT HAS MADE TWO PEOPLE HAPPY PHRONSIE POLLY HAD SAID WHEN THE PRESENTATION WAS WELL OVER AND SHE ENDED UP WITH A KISS IT MADE ME HAPPY IN THE FIRST PLACE BECAUSE YOU THOUGHT OF ME AND THEN,"to come out as a bright smiley. And then it made two people happy, calling it said, and the presentation was well over and she knew that this was a kiss. It made me happy in the first place because she tried it out better.",0.5440569640013564,0.6059652459989593,0.26624568899933365,1.4162678989996493,0.032138284355720345,0.03579530209919348,0.01572754367229079,0.08366113012720462,1
276,mic_fileid_276_doa35_3spk.wav,SepFormer-sepformer-libri3mix,1,16.7675,127,1,speechbrain/sepformer-libri3mix,2,7.840804265244393,,text_fileid_276_doa127_spk1.txt,0.43333333333333335,13,30,2.5963644981384277,8.557987213134766,5.961622714996338,2.5759363174438477,7.854581356048584,5.278645038604736,1.2090544700622559,1.624887228012085,0.4158327579498291,IS A GROWING HUNTER AT ONE HUNDRED AND THREE GODDARD DIAMOND WAS A GROWING TEACHER OF HEALTH WHEN HE WAS ONE HUNDRED AND ELEVEN I KNOW A BRIGHT CHEERY LADY,is a growing hundred at 103. Goddard Diamond was a growing teacher of health when he was 111. I know of white-fueled ladies.,0.5258595969989983,0.42429410300064774,0.2439062430003105,1.1940599429999565,0.03136183670785737,0.025304553630573896,0.014546369047282572,0.07121275938571384,1
277,mic_fileid_277_doa52_3spk.wav,SepFormer-sepformer-libri3mix,1,14.9415,303,1,speechbrain/sepformer-libri3mix,1,6.9532265195138905,,text_fileid_277_doa303_spk1.txt,0.45454545454545453,10,22,3.8464152812957764,7.8444600105285645,3.998044729232788,3.775702953338623,6.94970703125,3.174004077911377,1.5953960418701172,1.9086852073669434,0.31328916549682617,HE APPEARED CHANGED AS IF HE HAD SUDDENLY MATURED ONE COULDN'T BE SURE HE MUTTERED AH YOU WERE NOT SURE I SAID,"If you change, this is his sudden and mature. One wouldn't be sure, he muttered. Ah, you were not sure, I said.",0.4591272020006727,0.35974417199940945,0.31053388100008306,1.1294052550001652,0.030728320583654434,0.02407684449348522,0.02078331365659961,0.07558847873373926,1
278,mic_fileid_278_doa13_3spk.wav,SepFormer-sepformer-libri3mix,1,17.2825,102,1,speechbrain/sepformer-libri3mix,1,10.675990531771733,,text_fileid_278_doa102_spk1.txt,0.28205128205128205,11,39,4.182675361633301,10.957234382629395,6.774559020996094,4.16328239440918,10.675983428955078,6.512701034545898,1.3014240264892578,1.9609438180923462,0.6595197916030884,AND SO THEY KEPT PLAYING WITH THE FESTOONS AND STEPPING ABOUT THE PEWS TO PLEASE HIM NATHAN FELT A COLD THRILL PARTLY FROM PLEASURE AND PARTLY FROM AWE RUNNING UP HIS BACK AND A STRONG PAIN ACROSS HIS FOREHEAD,"And so they kept playing with the fencing and the stepping of the tused pleats. Nathan starts a close drill partly from pleasure, partly from awe, running up his back and a strong pain across his forehead.",0.5491397989990219,0.44510433100003866,0.35120007499972417,1.3454442049987847,0.03177432657306651,0.025754626414004844,0.020321138434816966,0.07785009142188831,1
279,mic_fileid_279_doa26_3spk.wav,SepFormer-sepformer-libri3mix,1,17.262875,220,1,speechbrain/sepformer-libri3mix,1,8.363586104963206,,text_fileid_279_doa220_spk1.txt,0.15789473684210525,6,38,4.8801445960998535,8.793118476867676,3.9129738807678223,4.873781204223633,8.363460540771484,3.4896793365478516,1.2243380546569824,1.874369502067566,0.6500314474105835,AS I HAVE SAID ELSEWHERE SUCH EFFORTS ARE GENERALLY USELESS AND RESULTED ONLY IN DAMAGE TO HIS FINANCIAL POSITION AND HIS REPUTATION NO DOUBT HE OFTEN INVITED ATTACKS UPON HIMSELF BY A RASHNESS BORN OF HIS ARDENT SYMPATHY,"As I have said elsewhere, such efforts are generally useless and resulted only in damage to his financial position and his reputation. No doubt he often was right at a taxable himself by a rashness born of today's ardent sympathy.",0.5469590760003484,0.5355283919998328,0.37042149899934884,1.45290896699953,0.031684124226141266,0.031021970094774642,0.02145769456126797,0.08416378888218387,1
280,mic_fileid_280_doa27_3spk.wav,SepFormer-sepformer-libri3mix,1,15.44875,27,1,speechbrain/sepformer-libri3mix,1,7.509503102207116,,text_fileid_280_doa27_spk1.txt,0.03333333333333333,1,30,4.472245693206787,8.943853378295898,4.471607685089111,4.460386276245117,7.513737201690674,3.0533509254455566,1.455550193786621,1.7560211420059204,0.3004709482192993,CAPRON COULD NOT POSSIBLY HAVE FIRED INTO US AT ANY TIME UNLESS HE HAD TURNED DIRECTLY AROUND IN HIS TRACKS AND AIMED UP THE VERY TRAIL HE HAD JUST DESCENDED,Caplock could not possibly have fired into us at any time unless he had turned directly around in his tracks and aimed up the very trail he had just descended.,0.4628120809993561,0.337286090998532,0.24575035000088974,1.0458485219987779,0.029957898276517913,0.021832581341437462,0.015907458532301303,0.06769793815025668,1
281,mic_fileid_281_doa220_3spk.wav,SepFormer-sepformer-libri3mix,1,17.33225,355,1,speechbrain/sepformer-libri3mix,1,3.918278215924913,,text_fileid_281_doa355_spk1.txt,0.16666666666666666,8,48,3.5857644081115723,5.420446395874023,1.8346819877624512,3.5729331970214844,3.6413979530334473,0.06846475601196289,1.202916145324707,1.203559398651123,0.0006432533264160156,AND HE ALSO NEEDED A LARGER FORCE THAN HE HAD WITH HIM AND HE THEREFORE CAPTURED SOME MEN WHO WERE FISHING ALONG THE COAST AND PUT THEM INTO HIS CANOES TO HELP WORK THE OARS THEN BY NIGHT HE PROCEEDED SLOWLY IN THE DIRECTION OF THE SPANISH VESSEL,"and he also needed a larger force than he had with him, and he therefore captured some men who were fishing along the coast and put them into his coutouse to hide for a few hours. Then by night he proceeded his low-level in the direction of the Spanish vessel.",0.5430043220003427,0.6410862150005414,0.295721576001597,1.479812113002481,0.031329130493752556,0.03698805492654107,0.01706192652434606,0.08537911194463968,1
282,mic_fileid_282_doa55_3spk.wav,SepFormer-sepformer-libri3mix,1,16.244125,276,1,speechbrain/sepformer-libri3mix,2,8.244843254997049,,text_fileid_282_doa276_spk1.txt,0.42105263157894735,16,38,7.751956462860107,10.805419921875,3.0534634590148926,7.741034030914307,8.225587844848633,0.48455381393432617,1.3874709606170654,1.4225077629089355,0.03503680229187012,I SUPPOSE YOU CONSIDER YOURSELVES ALMOST YOUNG LADIES BUT YOU SEE I AM AN OLD WOMAN I WAS GOING TO TELL YOU A LITTLE ABOUT MY LIFE BUT I SUPPOSE YOU ALREADY KNOW MOST OF THE IMPORTANT THINGS,"I suppose you consider yourself a pain, shall wait it. But you seem high and unerring, running. I was going to tell him the limit of my life, but I suppose you already know most of the important things.",0.5068397730010474,0.47913286500079266,0.3880921849995502,1.3740648230013903,0.031201420390513334,0.02949576323752696,0.023891233599812253,0.08458841722785256,1
283,mic_fileid_283_doa126_3spk.wav,SepFormer-sepformer-libri3mix,1,16.867375,302,1,speechbrain/sepformer-libri3mix,2,4.952738863874324,,text_fileid_283_doa302_spk1.txt,0.75,27,36,3.2269487380981445,5.2468438148498535,2.019895076751709,3.2110061645507812,4.925808429718018,1.7148022651672363,1.1685724258422852,1.5141255855560303,0.3455531597137451,AND ALL OF THEM FELL IN SO CHEERILY O DEAR ME IT IS A SCRAP OF OLD EPHREM THE SYRIAN IF THEY DID BUT KNOW IT AND WHEN AFTER THIS HARRY WOULD FAIN HAVE DRIVEN ON,"The mole can go in for a period of time. It's not easy. It's a straf of old effort to see again if they did have a problem. And when and after this, Eric Spain had driven on.",0.5286192800012941,0.6497478620003676,0.30583113899956516,1.4841982810012269,0.031339747886158585,0.03852098278483568,0.01813151951620007,0.08799225018719432,1
284,mic_fileid_284_doa4_3spk.wav,SepFormer-sepformer-libri3mix,1,15.851625,256,1,speechbrain/sepformer-libri3mix,1,3.0956089099288606,,text_fileid_284_doa256_spk1.txt,0.6382978723404256,30,47,3.1257848739624023,5.650431156158447,2.524646282196045,3.1179192066192627,3.259941577911377,0.14202237129211426,1.235158085823059,1.3519618511199951,0.11680376529693604,THEN AS IT WAS DIFFICULT TO SUGGEST A MORE REASONABLE PROPOSAL HE AGREED TO IT BOTH DESCENDED TO THE CHAMBER IN WHICH THE WOUNDED MAN LAY THE LATTER ON SEEING THESE TWO NOBLE LORDS WHO CAME TO VISIT HIM ENDEAVORED TO RAISE HIMSELF UP IN HIS BED,"then as a difficult suggestion, we will be simple and personal. He agrees with it. Both descendants of the chamber in which the london family are latter on scene because two nobles in their divisions endeavored to raise themselves up and instead.",0.44010786800026835,0.5307682689999638,0.29880106700147735,1.2696772040017095,0.02776421142944451,0.033483524181272505,0.018849869776851103,0.08009760538756812,1
285,mic_fileid_285_doa48_3spk.wav,SepFormer-sepformer-libri3mix,1,17.0735,274,1,speechbrain/sepformer-libri3mix,0,10.609951446269758,,text_fileid_285_doa274_spk1.txt,0.26666666666666666,8,30,5.032927989959717,11.52475357055664,6.491825580596924,5.018405914306641,10.648191452026367,5.629785537719727,1.1733132600784302,1.7701280117034912,0.596814751625061,TAKE PART IN THE GAMES OF THE PRINCESS TILL AT LAST ONE FINE MORNING WHEN THE PRINCESS STARTED FROM BED AND HASTENED OUT TO JOIN HER GAY PLAYFELLOWS SHE SHUDDERED,to take part in the games of the princess to the last one-by-mortar when the princess started from bed and hastened out to join her gay playfellows to shinter.,0.5549321090002195,0.41177381400120794,0.2354450729999371,1.2021509960013645,0.03250253954960726,0.024117715406987903,0.01379008832400721,0.07041034328060237,1
286,mic_fileid_286_doa62_3spk.wav,SepFormer-sepformer-libri3mix,1,15.479125,62,1,speechbrain/sepformer-libri3mix,0,5.988226354416036,,text_fileid_286_doa62_spk1.txt,0.22857142857142856,8,35,3.2837891578674316,7.685688018798828,4.4018988609313965,3.2661948204040527,5.910454750061035,2.6442599296569824,1.3213897943496704,1.496374487876892,0.17498469352722168,BY WHOM DID THE QUEEN SEND YOU THIS JEWEL SHE GAVE IT TO ME HERSELF WHERE IN THE ROOM ADJOINING THE CHAMBER IN WHICH SHE CHANGED HER TOILET HOW GIVING ME HER HAND TO KISS,By whom did the queen send you this jewel? She gave it to me herself. Where? In the room adjoining the chain ring that she chose for twenty-one dollars. How? Giving me her hand to kiss me?,0.47909555899968836,0.5920604889997776,0.30586505599967495,1.377021103999141,0.03095107501229484,0.03824896362034531,0.019759841463886037,0.08895988009652618,1
287,mic_fileid_287_doa99_3spk.wav,SepFormer-sepformer-libri3mix,1,16.890875,147,1,speechbrain/sepformer-libri3mix,0,5.2655413453811555,,text_fileid_287_doa147_spk1.txt,0.6304347826086957,29,46,3.5355727672576904,8.792594909667969,5.257022142410278,3.520745038986206,5.263060569763184,1.7423155307769775,1.1070669889450073,1.33808434009552,0.2310173511505127,NO SOONER HAD CHARLES TAKEN INTO HIS HANDS THE REINS OF GOVERNMENT THAN HE SHOWED AN IMPATIENCE TO ASSEMBLE THE GREAT COUNCIL OF THE NATION AND HE WOULD GLADLY FOR THE SAKE OF DESPATCH HAVE CALLED TOGETHER THE SAME PARLIAMENT WHICH HAD SITTEN UNDER HIS FATHER,"No seaman should show a secret into his hands the way he took down it. Then he showed an invitation to a ceremony of the late House of the Nation, and he would gladly, from a sleep of dispatch, have called together the same parliament which had sit in the rear spot of the year.",0.5538739429994166,0.5562022949998209,0.3921255330005806,1.502201770999818,0.0327913114625155,0.03292915819931299,0.023215229110426817,0.08893569877225531,1
288,mic_fileid_288_doa72_3spk.wav,SepFormer-sepformer-libri3mix,1,15.811125,139,1,speechbrain/sepformer-libri3mix,1,7.1092263031456255,,text_fileid_288_doa139_spk1.txt,0.22727272727272727,10,44,3.1188912391662598,7.911409854888916,4.792518615722656,3.1031954288482666,7.100037574768066,3.9968421459198,1.1931337118148804,1.529462456703186,0.33632874488830566,I COULD NOT HAVE THAT ONE THING AND I WAS NEARER TO MY HEART'S LONGINGS THAN YOU HAVE EVER BEEN I CANNOT HAVE THAT ONE THING BUT I KNOW THAT THERE ARE OTHER THINGS AND I WILL NOT ALLOW MYSELF TO BE BROKEN HEARTED,"I will not have that one thing and I will nearer to my heart long if you move than ever before. I cannot have that one thing, but I know that there are other things and I will not allow myself to be brokenhearted.",0.44059578699852864,0.4674854750010127,0.30774760200074525,1.2158288640002866,0.02786618833248922,0.02956686984645385,0.019463991461755266,0.07689704964069834,1
289,mic_fileid_289_doa174_3spk.wav,SepFormer-sepformer-libri3mix,1,16.992125,232,1,speechbrain/sepformer-libri3mix,0,6.342316297017431,,text_fileid_289_doa232_spk1.txt,0.8157894736842105,31,38,3.6677751541137695,6.905542373657227,3.237767219543457,3.654944658279419,6.330336570739746,2.675391912460327,1.1543972492218018,1.2457839250564575,0.09138667583465576,NO ANSWER HE STRUCK AGAIN AND TWO KNOCKS NO MOVEMENT WAS HEARD IN THE HOUSE HE KNOCKED A THIRD TIME THERE WAS NO SOUND HE SAW THAT THEY WERE ALL ASLEEP AND DID NOT CARE TO GET UP,We will have the operation. He's struggling again. He's just not... No need to take the call. The non-concluded crime is a criminal death. He saw that there were all of us. He did not care.,0.5367081660006079,0.517621766000957,0.4124684399994294,1.4667983720009943,0.03158570019939283,0.03046245045872467,0.024274094028818017,0.08632224468693551,1
290,mic_fileid_290_doa23_3spk.wav,SepFormer-sepformer-libri3mix,1,17.44925,137,1,speechbrain/sepformer-libri3mix,0,7.2987834486186625,,text_fileid_290_doa137_spk1.txt,0.1282051282051282,5,39,5.909145355224609,7.9119768142700195,2.00283145904541,5.896827697753906,7.258068084716797,1.3612403869628906,1.2218108177185059,1.3929071426391602,0.1710963249206543,YOU SPEAK OF JEALOUSIES AND FEARS LAY YOUR HANDS ON YOUR HEARTS AND ASK YOURSELVES WHETHER I MAY NOT LIKEWISE BE DISTURBED WITH FEARS AND JEALOUSIES AND IF SO I ASSURE YOU THAT THIS MESSAGE HAS NOTHING LESSENED THEM,"You speak on jealously in fears. Lay your hands on your hearts and ask yourselves whether I may not likewise be disturbed with fears and jealously. And if so, I assure you that this message has nothing lessened of...",0.5660182200008421,0.5110170829993876,0.427297541000371,1.5043328440006007,0.032437968394105315,0.029285905296754167,0.024488017593900655,0.08621189128476013,1
291,mic_fileid_291_doa157_3spk.wav,SepFormer-sepformer-libri3mix,1,16.552375,263,1,speechbrain/sepformer-libri3mix,1,3.703528720690719,,text_fileid_291_doa263_spk1.txt,0.23529411764705882,4,17,4.840872287750244,5.926584243774414,1.08571195602417,4.827378749847412,3.69976806640625,-1.127610683441162,1.2600212097167969,1.4177837371826172,0.1577625274658203,INTRODUCTION THE HUMOROUS GHOST IS DISTINCTLY A MODERN CHARACTER IN EARLY LITERATURE WRAITHS TOOK THEMSELVES VERY SERIOUSLY,Introduction. The human ghost is distinctly a modern character. Early literature breaks to themselves very seriously.,0.5324820389996603,0.25350323599923286,0.2536937149998266,1.0396789899987198,0.032169524856684326,0.01531521826923525,0.015326725923006613,0.06281146904892619,1
292,mic_fileid_292_doa44_3spk.wav,SepFormer-sepformer-libri3mix,1,15.133,338,1,speechbrain/sepformer-libri3mix,1,5.729430331612402,,text_fileid_292_doa338_spk1.txt,0.26666666666666666,8,30,2.274324893951416,6.738908767700195,4.464583873748779,2.2583229541778564,5.729389667510986,3.47106671333313,1.161110758781433,1.3473398685455322,0.18622910976409912,NOTHING COULD SATISFY HIM OF THAT LESS THAN THE CONSCIOUS PRESENCE OF THE PERFECT CHARITY WITHOUT THAT HE WAS STILL OUTSIDE THE KINGDOM WANDERING IN A DREAM AROUND ITS WALLS,"Nothing to satisfy him for that was the conscious presence of the perfect charity. Without that, he was still outside the kingdom, wandering in a dream around us or the others.",0.42371479000030376,0.4493578179990436,0.3016994319987134,1.1747720399980608,0.027999391396306337,0.029693901936102798,0.019936524945398364,0.0776298182778075,1
293,mic_fileid_293_doa94_3spk.wav,SepFormer-sepformer-libri3mix,1,16.107875,340,1,speechbrain/sepformer-libri3mix,2,6.223478087413463,,text_fileid_293_doa340_spk1.txt,0.6071428571428571,17,28,3.9242701530456543,6.806125640869141,2.8818554878234863,3.912748098373413,6.221895217895508,2.3091471195220947,1.2407429218292236,1.3886287212371826,0.14788579940795898,BUT THE PICTURE BUT THE SIGN OF A KING WAR ON ANY TERMS WAS ESTEEMED BY THE KING AND ALL THE COUNSELLORS PREFERABLE TO SO IGNOMINIOUS A PEACE,"But the picture, but the sign of a king, and terrible perplexing, wore on any terms with the skin, your viving king, and all the countenance, are properable to sow in the medius of peace.",0.510301153999535,0.5626150900006905,0.3003457039994828,1.3732619479997084,0.03168022808716451,0.03492795232150054,0.01864589239732012,0.08525407280598517,1
294,mic_fileid_294_doa175_3spk.wav,SepFormer-sepformer-libri3mix,1,17.35675,296,1,speechbrain/sepformer-libri3mix,2,5.759694505223956,,text_fileid_294_doa296_spk1.txt,0.1956521739130435,9,46,3.8816027641296387,6.4149250984191895,2.533322334289551,3.863267660140991,5.759279251098633,1.8960115909576416,1.134942889213562,1.475067377090454,0.3401244878768921,FOR THEY LAY UNDER A WHOLE BODY OF SHROUDS COMPLICATED BY A MASS OF OTHER GEAR AGAINST WHICH LEANED A PORTION OF THE CABOOSE I VIEWED THEM LONG ENOUGH TO SATISFY MY MIND THAT THEY WERE DEAD AND THEN WITH A HEART OF LEAD TURNED AWAY,"For they lay under a whole body of shrouds, complicated by a mass of other deer, a being which leaned a portion of the facility. I viewed them longing to satisfy my mind that they were dead, and then with a hard leg turned away.",0.5518655889991351,0.4839805819992762,0.3814748309996503,1.4173210019980615,0.03179544494211964,0.027884286055815527,0.021978471257559754,0.08165820225549492,1
295,mic_fileid_295_doa80_3spk.wav,SepFormer-sepformer-libri3mix,1,16.098,80,1,speechbrain/sepformer-libri3mix,2,9.69241785629874,,text_fileid_295_doa80_spk1.txt,0.35,14,40,4.365055561065674,10.827568054199219,6.462512493133545,4.350240707397461,9.69047737121582,5.340236663818359,1.394955039024353,2.012099027633667,0.617143988609314,A BIG WOMAN HULLO WENDY HE SAID NOT NOTICING ANY DIFFERENCE FOR HE WAS THINKING CHIEFLY OF HIMSELF AND IN THE DIM LIGHT HER WHITE DRESS MIGHT HAVE BEEN THE NIGHTGOWN IN WHICH HE HAD SEEN HER FIRST HULLO PETER,"Up big names. Hello Wendy. He said not noticing any difference where he was thinking she clearly had threw herself. And in the dim light, the white dress might have been the nightgown unless she had seen her first. Hello Peter.",0.516876986999705,0.5026692439987528,0.2922381010012032,1.311784331999661,0.03210814927318331,0.03122557112677058,0.01815368996156064,0.08148741036151454,1
296,mic_fileid_296_doa65_3spk.wav,SepFormer-sepformer-libri3mix,1,15.861625,203,1,speechbrain/sepformer-libri3mix,0,5.587417441140314,,text_fileid_296_doa203_spk1.txt,0.9375,30,32,3.7224419116973877,6.1302809715271,2.407839059829712,3.6937334537506104,5.628266334533691,1.934532880783081,1.1699252128601074,1.2877050638198853,0.11777985095977783,THE TARTAR TRIBE WHO DWELT EAST OF THE SEA OF AZOF WITH THIS PRINCE THE EXILE SO INGRATIATED HIMSELF THAT HE RECEIVED IN MARRIAGE HIS SISTER WHO WAS BAPTIZED AND CHRISTENED THEODORA,"The harder tribe who will even to see the last with this Prince the excellent so-initiated that he would even marriage this boy who is about time to enter from the big door. May, Henry. Rejoin the May.",0.4440153140003531,0.4877321010008018,0.28244069699940155,1.2141881120005564,0.02799305329689443,0.03074918874962696,0.017806542330902512,0.0765487843774239,1
297,mic_fileid_297_doa40_3spk.wav,SepFormer-sepformer-libri3mix,1,16.89175,40,1,speechbrain/sepformer-libri3mix,0,10.226216324766654,,text_fileid_297_doa40_spk1.txt,0.5217391304347826,24,46,4.241583824157715,10.694746971130371,6.453163146972656,4.216712951660156,10.22350788116455,6.0067949295043945,1.1634401082992554,1.859750509262085,0.6963104009628296,THEY HAD HEARD OUR SHOT AND CAME ACROSS TO SEE WHAT LUCK WHAT IVER IS THE MATTER WITH YE ASKED MISSUS O'SHAUGHNESSY MISTER HAYNES TOLD HER THEY HAD HEARD THE NOISE BUT HAD THOUGHT IT THUNDER MISTER HAYNES TOLD ME THAT IF I WOULD CHIRK UP,"They had heard our shah and came upon it to see what luck. What difference does it matter with the absence of Shah and see? Mr. Haynes told me. They had heard the noise that had sought at thunder. Mr. Haynes told me that if I knew what to do, I would cheer up.",0.5501248680011486,0.7185711830006767,0.3826088059995527,1.651304857001378,0.03256766575406033,0.04253977136771955,0.022650631580478798,0.09775806870225869,1
298,mic_fileid_298_doa53_3spk.wav,SepFormer-sepformer-libri3mix,1,16.131,113,1,speechbrain/sepformer-libri3mix,2,5.7418823954772,,text_fileid_298_doa113_spk1.txt,0.3225806451612903,10,31,6.920991897583008,8.649863243103027,1.7288713455200195,6.900190353393555,5.7463765144348145,-1.1538138389587402,1.3898980617523193,1.5064215660095215,0.11652350425720215,WHAT HAVE YOU DONE HAVE YOU GIVEN HIM ANYTHING BROKE IN THE BOY HURRIEDLY I TOOK A BLEEDING FROM HIM LITTLE SHORT OF SIXTEEN OUNCES FROM THE TEMPORIAL SAID BILLY PROUDLY,"What have you done? Have you given him anything? Broke in the book. I took a bleeding from him, but it was short of 16 ounces from the temporal. What's that?",0.5256774280005629,0.3970449689986708,0.24765041899991047,1.1703728159991442,0.03258802479700967,0.02461378519612366,0.015352452978731043,0.07255426297186438,1
299,mic_fileid_299_doa50_3spk.wav,SepFormer-sepformer-libri3mix,1,16.634375,134,1,speechbrain/sepformer-libri3mix,1,5.062740872919795,,text_fileid_299_doa134_spk1.txt,0.5384615384615384,21,39,3.8009767532348633,6.590323448181152,2.789346694946289,3.7826788425445557,5.064291954040527,1.2816131114959717,1.175764560699463,1.2171635627746582,0.04139900207519531,INDEED MAMMA YOU ARE MISTAKEN SAID ELIZABETH BLUSHING FOR HER MOTHER YOU QUITE MISTOOK MISTER DARCY HE ONLY MEANT THAT THERE WAS NOT SUCH A VARIETY OF PEOPLE TO BE MET WITH IN THE COUNTRY AS IN THE TOWN,"In need, Mama, you are mistaken for the information that you are searching for in the other lodge. You quite missed the key, Mr. Dutchfield. He only meant that there was not such a variety of people to be met with in the country and in town.",0.542060888999913,0.5044082690001233,0.3954804119985056,1.4419495699985418,0.03258679024609659,0.030323247431906716,0.023774888566507946,0.08668492624451125,1
300,mic_fileid_300_doa68_3spk.wav,SepFormer-sepformer-libri3mix,1,16.464375,219,1,speechbrain/sepformer-libri3mix,2,9.952303184814117,,text_fileid_300_doa219_spk1.txt,0.43333333333333335,13,30,5.2289299964904785,13.53345775604248,8.304527759552002,5.213428020477295,9.96402359008789,4.750595569610596,1.1209428310394287,1.7358460426330566,0.6149032115936279,UNDER COLOR OF REDRESSING GRIEVANCES WHICH DURING THIS SHORT REIGN COULD NOT BE VERY NUMEROUS THEY WERE TO PROCEED IN REGULATING AND CONTROLLING EVERY PART OF GOVERNMENT WHICH DISPLEASED THEM,"And with color of addressing grievances, which during this short reign did not be very meaningless, they were to perceive a regularly and explaining average part of government mischievousness.",0.5340997100011009,0.4651264269996318,0.27894926100088924,1.278175398001622,0.03243971969789931,0.028250475769631814,0.016942596424151492,0.07763279189168261,1
301,mic_fileid_301_doa9_3spk.wav,SepFormer-sepformer-libri3mix,1,16.061,230,1,speechbrain/sepformer-libri3mix,1,7.517170181515795,,text_fileid_301_doa230_spk1.txt,0.7105263157894737,27,38,5.366682529449463,8.768950462341309,3.4022679328918457,5.355651378631592,7.516467571258545,2.160816192626953,1.3547295331954956,1.3121428489685059,-0.042586684226989746,FIVE WERE TO BE TRIED TOGETHER NEXT AS ENEMIES OF THE REPUBLIC FORASMUCH AS THEY HAD NOT ASSISTED IT BY WORD OR DEED SO QUICK WAS THE TRIBUNAL TO COMPENSATE ITSELF AND THE NATION FOR A CHANCE LOST,And finally we try to gather next the families of the republics for as much as they have not listed in the title of the campaign. Both ways of determining on what to compensate itself and the nation for a chat lost.,0.5168217929985985,0.518405750999591,0.31025717400007125,1.3454847179982607,0.032178680841703416,0.0322773022227502,0.019317425689562993,0.0837734087540166,1
302,mic_fileid_302_doa36_3spk.wav,SepFormer-sepformer-libri3mix,1,16.232375,36,1,speechbrain/sepformer-libri3mix,2,4.116704564085359,,text_fileid_302_doa36_spk1.txt,0.10810810810810811,4,37,5.293177127838135,6.507828712463379,1.2146515846252441,5.283583641052246,4.113900184631348,-1.1696834564208984,1.1985551118850708,1.4351212978363037,0.2365661859512329,SO THAT NOW ALL OUR EXTENUATIONS ABATED AND IT WAS NO MORE TO BE CONCEALED NAY IT QUICKLY APPEARED THAT THE INFECTION HAD SPREAD ITSELF BEYOND ALL HOPES OF ABATEMENT THAT IN THE PARISH OF SAINT GILES,So that now all our extendulations abated and it was no more to be concealed. May it quickly appear that the infection had spread itself beyond all hopes of abatement. That in the parish of St. Giles.,0.5045497359988076,0.48039438299929316,0.3396258239990857,1.3245699429971864,0.0310829275444171,0.029594830269710572,0.02092274383749055,0.08160050165161822,1
303,mic_fileid_303_doa40_3spk.wav,SepFormer-sepformer-libri3mix,1,16.790875,40,1,speechbrain/sepformer-libri3mix,2,9.232021423628712,,text_fileid_303_doa40_spk1.txt,0.2413793103448276,7,29,6.935088634490967,11.360024452209473,4.424935817718506,6.9132399559021,9.230621337890625,2.3173813819885254,1.28269362449646,1.7993907928466797,0.5166971683502197,AND THERE'S ONLY A WAY OUT OF IT FOR ONE OF US MAC DO YOU UNDERSTAND I WAS PUT OUT OF THE WAY ARRESTED I FOUND EM ALONE TOGETHER,"And there's only a way out of this for one of us. Matt, do you understand it? I was put out of the way of arresting white. I found him alone together.",0.5320533340000111,0.40867235400037316,0.22458260900020832,1.1653082970005926,0.03168705228286263,0.02433895517656901,0.013375277286038299,0.06940128474546994,1
304,mic_fileid_304_doa128_3spk.wav,SepFormer-sepformer-libri3mix,1,15.235625,343,1,speechbrain/sepformer-libri3mix,2,10.556460610466642,,text_fileid_304_doa343_spk1.txt,0.02,1,50,3.7819604873657227,10.662491798400879,6.880531311035156,3.771211624145508,10.41506576538086,6.643854141235352,1.1966493129730225,2.16340708732605,0.9667577743530273,THE OLD WOMAN'S FACE BRIGHTENED SHE SHOWED HIM WHERE TO SEEK THE WATER AND WHEN HE RETURNED A FEW MINUTES LATER WITH HIS POT FILLED TO THE BRIM SHE LED THE WAY WITHOUT A WORD AND HE FOLLOWED IN A SHORT WHILE THEY CAME TO A HUT IN THE FOREST,"The old woman's face brightened. She showed him where to seep the water, and when he returned a few minutes later with his pot filled to the brim, she led the way without a word, and he followed. In a short while, they came to a hut in the forest.",0.45741319400076463,0.5739545869982976,0.2706390509993071,1.3020068319983693,0.03002260780248691,0.03767187673615605,0.017763567362632453,0.08545805190127541,1
305,mic_fileid_305_doa32_3spk.wav,SepFormer-sepformer-libri3mix,1,15.938625,276,1,speechbrain/sepformer-libri3mix,0,4.169737299742973,,text_fileid_305_doa276_spk1.txt,0.6129032258064516,19,31,3.6076459884643555,5.242242336273193,1.634596347808838,3.5925111770629883,4.982668876647949,1.390157699584961,1.2464754581451416,1.376818299293518,0.13034284114837646,THE APPLICATION AND DISBURSEMENT OF THE PUBLIC MONEYS IN CONFORMITY TO THE GENERAL APPROPRIATIONS OF THE LEGISLATURE THE ARRANGEMENT OF THE ARMY AND NAVY THE DIRECTIONS OF THE OPERATIONS OF WAR,"The application and dispersion of the public remains in the form of the general appropriation of the legislature. The arrangement of the army, the direction of the operations and war of it. The measurements were taken from my foot.",0.5034581939999043,0.456430439999167,0.2631563640006789,1.2230449979997502,0.03158730404911994,0.028636751288092104,0.01651060640429641,0.07673466174150846,1
306,mic_fileid_306_doa57_3spk.wav,SepFormer-sepformer-libri3mix,1,17.956625,57,1,speechbrain/sepformer-libri3mix,0,6.231833542022155,,text_fileid_306_doa57_spk1.txt,0.4807692307692308,25,52,7.376377582550049,6.553008556365967,-0.823369026184082,7.357792854309082,6.226031303405762,-1.1317615509033203,1.356429934501648,1.4744417667388916,0.11801183223724365,ABOUT CRISTEL AFTER LOOKING ROUND THE KITCHEN AGAIN I ASKED WHERE SHE WAS SITTING FORLORN IN HER BEDROOM CRYING HER FATHER TOLD ME I WENT OUT FOR A WALK BY THE RIVER AND I SAT DOWN AND BEING SUNDAY I FELL ASLEEP WHEN I WOKE AND GOT HOME AGAIN JUST NOW THAT,"I've actually come around to kitchen and I asked where she was. She was sitting for a little bedroom crying, stuff at the toilet called to me. I went out to the walkway river and I sat down and did Sunday eye fell asleep. When I woke and got home again just now that...",0.5753672559985716,0.6132102459996531,0.45890260899977875,1.6474801109980035,0.032042060019551094,0.03414952676238732,0.025556172666064962,0.09174775944800337,1
307,mic_fileid_307_doa86_3spk.wav,SepFormer-sepformer-libri3mix,1,17.69675,86,1,speechbrain/sepformer-libri3mix,2,2.5111255874193965,,text_fileid_307_doa86_spk1.txt,0.6,24,40,3.1594364643096924,3.702293634414673,0.5428571701049805,3.151106357574463,2.4723896980285645,-0.6787166595458984,1.1714179515838623,1.1642329692840576,-0.0071849822998046875,HE WAS IMMEDIATELY RECOGNIZED AS ONE OF THEM THE HANDKERCHIEF WAS THROWN DOWN AND THE IRON HEELED SHOE REPLACED ON THE FOOT OF THE WRETCH TO WHOM IT BELONGED SOME VOICES WERE HEARD TO SAY THAT THE GENTLEMAN WAS RIGHT,"which at the foot of immediately recognized as one of them, the hand chicken thrown down, and the iron-heeled shell placed on the foot of the rat to be held on. Some were to be surveilled, and the gentleman with rider circulation ceased.",0.5735007920011412,0.5696833600013633,0.42029744499996013,1.5634815970024647,0.03240712515016267,0.03219141141742768,0.02374997923347282,0.08834851580106316,1
308,mic_fileid_308_doa107_3spk.wav,SepFormer-sepformer-libri3mix,1,16.237625,107,1,speechbrain/sepformer-libri3mix,1,8.173220004033112,,text_fileid_308_doa107_spk1.txt,0.08571428571428572,3,35,4.436539173126221,9.930123329162598,5.493584156036377,4.422257423400879,8.170866012573242,3.7486085891723633,1.0951051712036133,1.4342961311340332,0.3391909599304199,AND YOU STAY YOUNG YOUTH IS GROWTH KEEP GROWING AND YOU KEEP YOUNG A NEW IDEA WILL MAKE YOU FEEL YOUNGER DEVELOP IT AND IT WILL DEVELOP YOU QUICKEN YOUR MENTAL THROB WITH NEW IDEAS,And you stay young. Use this growth. Keep growing and you keep young. A new idea will make you feel younger. Develop it and it will develop you. Quicken your mental fraud with new ideas.,0.5233441130003484,0.5062819759987178,0.3622342260005098,1.391860314999576,0.03223033620990437,0.03117955834050348,0.022308325632628526,0.08571822018303638,1
309,mic_fileid_309_doa45_3spk.wav,SepFormer-sepformer-libri3mix,1,16.827125,45,1,speechbrain/sepformer-libri3mix,0,7.102223900757174,,text_fileid_309_doa45_spk1.txt,0.43478260869565216,20,46,5.430739879608154,7.423016548156738,1.992276668548584,5.417610168457031,7.09213924407959,1.6745290756225586,1.4490478038787842,1.5900944471359253,0.1410466432571411,THE SUN SHONE ON THEM AND THE RAIN FELL ON THEM SO IT WAS NOT LONG BEFORE THEY GREW TALL OH HOW PRETTY THEY ARE SAID THE GREAT OAK AND STOOPED HIS CROOKED BOUGHS STILL MORE SO THAT THEY COULD GET A GOOD VIEW OF THEM,"The sun-shown mountain and the rain-fellown and the mead and the rain-snow-snow-snow, not long before they grew tall. But though how pretty they are, said the great O'Even, the stupid, the crooked bound, they still bore, so that they could get a good view of them.",0.5472562449995166,0.872407363000093,0.3776086170000781,1.7972722249996878,0.03252226657848662,0.05184530114324896,0.02244047138177663,0.1068080391035122,1
310,mic_fileid_310_doa57_3spk.wav,SepFormer-sepformer-libri3mix,1,17.172375,57,1,speechbrain/sepformer-libri3mix,2,6.876284088702057,,text_fileid_310_doa57_spk1.txt,0.3333333333333333,10,30,4.053844451904297,7.2633957862854,3.2095513343811035,4.0470871925354,6.8744378089904785,2.827350616455078,1.4054713249206543,1.6496927738189697,0.24422144889831543,THOU HAST PUT ALL THINGS UNDER HIS FEET SAYS THE PSALMIST GOD ACCOMPANIED THIS GIFT WITH THESE WORDS ADDRESSED TO OUR FIRST PARENTS AFTER THE CREATION BE FRUITFUL AND MULTIPLY,"Thou hast put all things under these peoples' feet, said the Son, God, accompanying this gift of these words. Address to our first presence after the creation of us. Be fruitful and multiply.",0.5611909109993576,0.4959815299989714,0.3676600389990199,1.4248324799973489,0.032679865830984804,0.02888252382090255,0.02140997031563892,0.08297235996752628,1
311,mic_fileid_311_doa16_3spk.wav,SepFormer-sepformer-libri3mix,1,16.474125,102,1,speechbrain/sepformer-libri3mix,0,4.591068089215814,,text_fileid_311_doa102_spk1.txt,0.6285714285714286,22,35,2.2566819190979004,4.823901653289795,2.5672197341918945,2.23186993598938,4.615725040435791,2.383855104446411,1.1227879524230957,1.309576153755188,0.18678820133209229,AND WE CONCLUDED THAT HE HAD PUSHED ON DOWN THE STREAM I DETERMINED TO KEEP OUT FROM THE RIVER ALONG WHICH IT WAS NEARLY IMPRACTICABLE TO TRAVEL WITH ANIMALS UNTIL IT SHOULD FORM A VALLEY,And we concluded that he switched on the Alps during the time I determined to keep that voice along with it with the early imprisons to travel the man and realize his form of thought.,0.5058121250003751,0.4105116499995347,0.2780355310005689,1.1943593060004787,0.030703428861950183,0.024918570789012145,0.016877104611053326,0.07249910426201565,1
312,mic_fileid_312_doa88_3spk.wav,SepFormer-sepformer-libri3mix,1,14.87775,181,1,speechbrain/sepformer-libri3mix,1,9.395552755453483,,text_fileid_312_doa181_spk1.txt,0.7419354838709677,23,31,6.392837047576904,11.352180480957031,4.959343433380127,6.38093376159668,9.394973754882812,3.014039993286133,1.1587151288986206,1.3590033054351807,0.20028817653656006,ALL ITS LETHARGIES MINGLE THEIR NIGHTMARES ITS SLUMBERS ARE A CROWD AND FROM ITS HUMAN BODIES LYING PRONE THERE ARISES A VAPOUR OF DREAMS SLEEP HAS GLOOMY ASSOCIATES BEYOND THIS LIFE,"All its lethargy is a manual of their diagrams, and its songs are a crowd. And from a teardrop-like poem, it arises a vapor of dreaminess. And sleep is a glimly associate's behind the slides.",0.4624916079992545,0.6300907500008179,0.34994027799984906,1.4425226359999215,0.0310861257918203,0.04235121238095935,0.02352104841120795,0.09695838658398759,1
313,mic_fileid_313_doa50_3spk.wav,SepFormer-sepformer-libri3mix,1,17.7145,113,1,speechbrain/sepformer-libri3mix,2,9.651052060744693,,text_fileid_313_doa113_spk1.txt,0.32,16,50,3.672987937927246,10.351728439331055,6.678740501403809,3.657783031463623,9.650376319885254,5.992593288421631,1.3097434043884277,1.9244413375854492,0.6146979331970215,HERE I FEEL UNEASY ABOUT THE NAME OF THIS LILY FOR THE COMPOSITORS HAVE A PERVERSE TRICK OF MAKING ME SAY ALL KINDS OF ABSURD THINGS WHOLLY UNWARRANTED BY PLAIN COPY AND I FEAR THAT THE LILY OF SAN PITCH WILL APPEAR IN PRINT AS THE WIDOW OF SAM PATCH,"Here I feel uneasy about the name of this lily, for the compositors have a perverse drift of making safe all kinds of absurd dance, wholly unwarranted by plenty of topics. And I feel as if a lily of sandpatch will appear in print as the will of sandpatch.",0.574169768999127,0.7577789900005882,0.3977821730004507,1.729730932000166,0.03241241745457828,0.04277732874202423,0.022455173614860748,0.09764491981146325,1
314,mic_fileid_314_doa25_3spk.wav,SepFormer-sepformer-libri3mix,1,15.247375,25,1,speechbrain/sepformer-libri3mix,0,6.501740357332965,,text_fileid_314_doa25_spk1.txt,0.08571428571428572,3,35,6.738459587097168,10.1583890914917,3.4199295043945312,6.728133678436279,6.501433849334717,-0.2266998291015625,1.2268437147140503,1.5891807079315186,0.36233699321746826,NONE I'VE NO MORE VIRTUE TO LOSE JUST AS A COOLING POT GIVES OFF HEAT SO ALL THROUGH YOUTH AND ADOLESCENCE WE GIVE OFF CALORIES OF VIRTUE THAT'S WHAT'S CALLED INGENUOUSNESS QUESTION AN INTERESTING IDEA,"Nine. I've no more virtue to lose. Just as a cooling pot gives off heat, so all through youth and adolescence will give off calories of virtue. That's what's called ingeniousness. Question. An interesting idea.",0.45830792899869266,0.6189286560002074,0.28342770599920186,1.360664290998102,0.030058152895084737,0.04059247286829421,0.018588623025222496,0.08923924878860144,1
315,mic_fileid_315_doa207_3spk.wav,SepFormer-sepformer-libri3mix,1,17.059875,207,1,speechbrain/sepformer-libri3mix,0,0.5132680197349191,,text_fileid_315_doa207_spk1.txt,0.5185185185185185,28,54,4.105736255645752,2.403510093688965,-1.702226161956787,4.081632614135742,0.5047339200973511,-3.576898694038391,1.4432634115219116,1.2968215942382812,-0.14644181728363037,HE DID NOT CONCERN HIMSELF WITH THE INTERESTS OF HIS OWN CLASS AND CONSEQUENTLY SOME THOUGHT HIM PROUD AND OTHERS THOUGHT HIM STUPID THE WHOLE SUMMER FROM SPRING SOWING TO HARVEST HE WAS BUSY WITH THE WORK ON HIS FARM IN AUTUMN HE GAVE HIMSELF UP TO HUNTING WITH THE SAME BUSINESS LIKE SERIOUSNESS,"The late August are now south of the interest of his own class. He rounds in on at least one or five friends and others, but he's stupid. The whole summer, I worked from spring selling to my wife. He was busy with the work on his part. In autumn, he gave himself up to hunting with the same business-like seriousness.",0.5334493200007273,0.8642477960001997,0.41837740799928724,1.8160745240002143,0.031269239663287526,0.05065967927667698,0.024524060580706903,0.10645297952067141,1
316,mic_fileid_316_doa105_3spk.wav,SepFormer-sepformer-libri3mix,1,16.557375,105,1,speechbrain/sepformer-libri3mix,1,5.9848196716262025,,text_fileid_316_doa105_spk1.txt,0.3170731707317073,13,41,3.3353469371795654,6.503390789031982,3.168043851852417,3.3222641944885254,5.994444847106934,2.672180652618408,1.1849488019943237,1.4641964435577393,0.2792476415634155,IT WILL BE SEEN THEN THAT THE COLLEGE EDUCATED MEN AND WOMEN OF MY RACE HAVE ACCOMPLISHED QUITE A FEAT CONSIDERING THEIR ANTECEDENTS AND WHOLLY FOREIGN POINT OF VIEW THEY HAVE HAD TO ADJUST THEMSELVES TO A NEW WAY OF THINKING,"Isn't it you've seen that, that the college educated men and women of my race have accomplished quite a thing, considering their anti-fearance and holy sport and some of your view? They've had to adjust themselves to a new way of thinking.",0.5312878549993911,0.5409757119996357,0.2737399130000995,1.3460034799991263,0.0320876863028947,0.032672794570373365,0.016532808672878367,0.08129328954614642,1
317,mic_fileid_317_doa4_3spk.wav,SepFormer-sepformer-libri3mix,1,17.430125,180,1,speechbrain/sepformer-libri3mix,1,3.8403046659484543,,text_fileid_317_doa180_spk1.txt,0.39285714285714285,11,28,3.62821626663208,4.752625942230225,1.1244096755981445,3.6167407035827637,3.837301731109619,0.22056102752685547,1.1786175966262817,1.1991889476776123,0.020571351051330566,IN THE ORDINARILY ACCEPTED SENSE IN THE REALM OF CONJECTURE IN THE SCHEME OF THINGS IN THE TONE OF ONE WHO MORALIZES IN THE TWINKLING OF AN EYE,"in the ordinary existence of the world, in the realm of entortions, in the skin of things, in the tone of one's more life, in the tune of an eye.",0.5409920820002299,0.5018528719992901,0.5214815840008669,1.5643265380003868,0.031037762609288793,0.02879227039388932,0.02991840758461955,0.08974844058779767,1
318,mic_fileid_318_doa38_3spk.wav,SepFormer-sepformer-libri3mix,1,17.539,38,1,speechbrain/sepformer-libri3mix,1,6.621666246706708,,text_fileid_318_doa38_spk1.txt,0.4583333333333333,11,24,7.3584442138671875,8.952433586120605,1.593989372253418,7.330526351928711,6.621530055999756,-0.7089962959289551,1.8078627586364746,1.9202512502670288,0.1123884916305542,NAY EDWARD RECOLLECT THAT I HAVE AS EDITH OBSERVED PASSED MY LIFE IN THE WOODS EDWARD WAS MOST KINDLY RECEIVED BY MISTER HEATHERSTONE EDWARD,May Edward recollect that I have and he did not suffer the past of my life in the woods. Edward was most kindly received by Mr. Heverson. Edward.,0.5660042370000156,0.4375056830012909,0.24354259699975955,1.247052517001066,0.0322711806260343,0.02494473362228695,0.013885774388491905,0.07110168863681315,1
319,mic_fileid_319_doa41_3spk.wav,SepFormer-sepformer-libri3mix,1,17.095125,198,1,speechbrain/sepformer-libri3mix,1,8.868391147304106,,text_fileid_319_doa198_spk1.txt,0.2777777777777778,10,36,3.6098456382751465,9.675924301147461,6.0660786628723145,3.5897862911224365,8.7385892868042,5.148802995681763,1.217628002166748,1.8493239879608154,0.6316959857940674,THE NEWS FLEW LIKE WILDFIRE GILBERT BLYTHE PORING OVER A TEXT BOOK AT HOME HEARD IT FROM HIS FATHER'S HIRED BOY AT SUNSET AND RUSHED BREATHLESSLY TO GREEN GABLES JOINED ON THE WAY BY FRED WRIGHT,"The news flew like wildfire. Gilbert lied pouring over a textbook at home, a verdict from his father's hired boy at Sunset, and rushed the breathlessly to Green Gables, joined on the way by a friend right.",0.5374651239999366,0.5387833789991419,0.27930907100017066,1.3555575739992491,0.03143967207025024,0.03151678498982265,0.016338521713071454,0.07929497877314434,1
320,mic_fileid_320_doa73_3spk.wav,SepFormer-sepformer-libri3mix,1,15.801625,73,1,speechbrain/sepformer-libri3mix,2,6.585959798708471,,text_fileid_320_doa73_spk1.txt,0.10526315789473684,4,38,4.946793079376221,9.01362133026123,4.06682825088501,4.933368682861328,6.588836193084717,1.6554675102233887,1.458063006401062,1.6694791316986084,0.2114161252975464,EACH TIME THE FLY TOUCHED HIS FACE IT GAVE HIM A BURNING SENSATION AND YET TO HIS SURPRISE IT DID NOT DESTROY THE STRUCTURE THOUGH IT KNOCKED AGAINST THE VERY REGION OF HIS FACE WHERE IT WAS RISING,"Each time the fly touched its face, it gave them a burning sensation, and yet to its surprise, it did not destroy the structure, though it knocked against the very region of its face where it was rising.",0.46645554899987474,0.45706956299909507,0.31091859600019234,1.2344437079991621,0.029519467080118326,0.02892547842383901,0.01967636847477347,0.0781213139787308,1
321,mic_fileid_321_doa43_3spk.wav,SepFormer-sepformer-libri3mix,1,18.1805,301,1,speechbrain/sepformer-libri3mix,1,9.006989219328323,,text_fileid_321_doa301_spk1.txt,0.65,26,40,4.502477645874023,9.493396759033203,4.99091911315918,4.48685359954834,9.027735710144043,4.540882110595703,1.1266422271728516,1.4608114957809448,0.33416926860809326,IT WAS FORTUNATE THAT JAMES COULD GO A LONG TIME WITHOUT FOOD FOR IT TOOK NEARLY ALL HE COULD EARN FROM HIS PICTURES TO BUY PAINT AND CANVAS FOR OTHERS I DARE SAY THAT QUITE OFTEN WHEN IT WAS SAID,"Luke was an urgent journey to go a long time, perhaps, due to where it's it nearly all he could earn from the systems that I've been in for hours. I guess we'll need to fight off when it were said.",0.5833491859993956,0.5200074699987454,0.3150724679999257,1.4184291239980666,0.03208653150350076,0.028602484530059428,0.01733024218255415,0.07801925821611434,1
322,mic_fileid_322_doa9_3spk.wav,SepFormer-sepformer-libri3mix,1,15.829625,9,1,speechbrain/sepformer-libri3mix,1,7.3994767265333525,,text_fileid_322_doa9_spk1.txt,0.45454545454545453,15,33,2.533785581588745,8.181800842285156,5.648015260696411,2.5121827125549316,7.4001688957214355,4.887986183166504,1.1962350606918335,1.6311447620391846,0.4349097013473511,AND THE STORM BROKE THEM OFF AND CAST THEM ON THE GROUND THE OLD OAK HAD NOW ONLY A FEW LEAVES LEFT AT THE VERY TOP THE END IS NEAR HE SAID GRAVELY,"And the story wrote and wrote, cast them on ground. He also said, now over a few weeks left, at the very top, the end is near.",0.4461222909994831,0.4455920279997372,0.32118663899927924,1.2129009579984995,0.02818274539033509,0.028149247249997216,0.020290224120866996,0.0766222167611993,1
323,mic_fileid_323_doa100_3spk.wav,SepFormer-sepformer-libri3mix,1,15.22175,189,1,speechbrain/sepformer-libri3mix,0,7.537440173078668,,text_fileid_323_doa189_spk1.txt,0.4074074074074074,11,27,3.7272865772247314,7.916306018829346,4.189019441604614,3.6976747512817383,7.53148078918457,3.833806037902832,1.2285891771316528,1.6087403297424316,0.3801511526107788,BETWEEN MUNICIPAL AND INTERNATIONAL LAW MOREOVER THE QUESTIONS WHICH SOMETIMES INVOLVE NATIONS IN WAR ARE FAR MORE DIFFICULT AND COMPLEX THAN ANY QUESTIONS THAT AFFECT MERELY INDIVIDUALS,"between the Municipal and International Law. Moreover, the questions we've looked up since the Oval Nation Award are far more difficult and complex than any question that affects merely individuals.",0.46455705799962743,0.4410489249985403,0.3059716970001318,1.2115776799982996,0.030519293642296545,0.02897491582758489,0.02010095402960447,0.07959516349948591,1
324,mic_fileid_324_doa14_3spk.wav,SepFormer-sepformer-libri3mix,1,15.503375,14,1,speechbrain/sepformer-libri3mix,1,6.946606983312233,,text_fileid_324_doa14_spk1.txt,0.9714285714285714,34,35,2.2180566787719727,8.430294036865234,6.212237358093262,2.1968612670898438,6.9427385330200195,4.745877265930176,1.0955986976623535,1.1672497987747192,0.07165110111236572,WHICH HE TOOK FOR THE OCEAN HE NO LONGER KNEW IN WHAT DIRECTION THE SEA LAY HE RETRACED HIS STEPS STRUCK TO THE LEFT BY MAIDEN STREET AND RETURNED AS FAR AS SAINT ALBAN'S ROW,She still gets emotional. She's still longing for a way to direct her into the Israeli community. He retraces this text structurally by the name of his conspire. His return was far on the same album as well.,0.47091074799936905,0.6082718500001647,0.3963422150009137,1.4755248130004475,0.030374724729252116,0.03923480209955346,0.025564898933355718,0.0951744257621613,1
325,mic_fileid_325_doa27_3spk.wav,SepFormer-sepformer-libri3mix,1,16.922,340,1,speechbrain/sepformer-libri3mix,0,4.439990508362518,,text_fileid_325_doa340_spk1.txt,0.85,34,40,3.0530178546905518,4.867400646209717,1.814382791519165,3.0375304222106934,4.421303749084473,1.3837733268737793,1.1098443269729614,1.2393999099731445,0.1295555830001831,ALL HIS GLOOM AND MISERY VANISHED IN A MOMENT AND HE ANXIOUSLY QUESTIONED THE WELCOME MESSENGER AS TO THE FATE OF THE PRINCESS BUT THE MAGPIE KNEW NO MORE THAN THE LESSON HE HAD LEARNT SO HE SOON FLUTTERED AWAY,...he anxiously questioned a welcome messages out of the킿 guy to the metal- interface... all in gold and silver and gold...yseach going before,0.5631801720010117,3.0159610720002092,0.503588014998968,4.082729259000189,0.03328094622391039,0.17822722325967433,0.029759367391500292,0.24126753687508504,1
326,mic_fileid_326_doa143_3spk.wav,SepFormer-sepformer-libri3mix,1,17.102125,143,1,speechbrain/sepformer-libri3mix,0,6.129178136620701,,text_fileid_326_doa143_spk1.txt,0.6590909090909091,29,44,4.488811492919922,6.397791385650635,1.908979892730713,4.471874237060547,6.126777648925781,1.6549034118652344,1.2575972080230713,1.4064967632293701,0.14889955520629883,I'M SURE THAT IS ALL YOU COULD EXPECT FROM US THAT'S A MEASLY SHAME FRANK OBJECTED BLUFF IMPETUOUSLY WHEN IT WAS ANDY LASHER WHO BROKE THE WINDOW ADDED JERRY FILLED WITH RIGHTEOUS INDIGNATION YOU ONLY DUCKED FRANK WHEN YOU SAW IT HEADED YOUR WAY,"I'm sure that is all you get, of course, around the nation's population. That's what it's about, right? This message is quite statuously. And it was Andy Nash who wrote the whittles. That is Jerry, filled with the right for communication. Who owned it? Frank, when you saw it, headed your way.",0.5400872709997202,1.029597554999782,0.4257866490006563,1.9954714750001585,0.031580126504730854,0.06020290197854255,0.024896710145707407,0.1166797386289808,1
327,mic_fileid_327_doa189_3spk.wav,SepFormer-sepformer-libri3mix,1,15.22,303,1,speechbrain/sepformer-libri3mix,2,9.69009704957073,,text_fileid_327_doa303_spk1.txt,0.7575757575757576,25,33,5.210938930511475,10.13616943359375,4.925230503082275,5.155925273895264,9.680885314941406,4.524960041046143,1.1592965126037598,1.6600165367126465,0.5007200241088867,THRILLED EVERY NERVE AND MADE ABSOLUTE EXHAUSTION IMPOSSIBLE I SEEMED TO BE WALKING AND WALLOWING IN A CLOUD BUT HOLDING STEADILY ONWARD BY HALF PAST TEN O'CLOCK I HAD GAINED THE HIGHEST SUMMIT,"The real is every measure can be absolutely fortunate and possible. I think that you are welcome to walk in the clouds, but holding steadily on yours, by half past three o'clock, I could gain the highest level.",0.4662275860009686,0.5423478749999049,0.30359393099934096,1.3121693920002144,0.030632561498092545,0.0356338945466429,0.0199470388304429,0.08621349487517835,1
328,mic_fileid_328_doa119_3spk.wav,SepFormer-sepformer-libri3mix,1,17.21725,119,1,speechbrain/sepformer-libri3mix,0,0.9569001707019775,,text_fileid_328_doa119_spk1.txt,0.3,15,50,4.267866134643555,4.874966144561768,0.6071000099182129,4.259347438812256,0.9532297849655151,-3.3061176538467407,1.200866937637329,1.2573230266571045,0.05645608901977539,LEAVING HARD BROWN DEPOSITS IN THE BOWL IT WAS NOT SO BAD WHERE THERE WERE ONLY MEN OR ELSE ONLY WOMEN IT WAS WHEN THEY WERE VILELY HERDED THAT IT ALL SEEMED SO ROTTEN IT WAS SOME SHAME THAT WOMEN GAVE OFF AT HAVING MEN SEE THEM TIRED AND POOR,"living hard, brown, depositable. It was not so bad when there were only men or other women. It was when they were violently hurt that it all seemed so raw. It was some shame that women keep off it having men seen and tired and poor.",0.5565116520010633,0.5296925379989261,0.38891935200081207,1.4751235420008015,0.03232291173102925,0.030765223133713347,0.022588935631463334,0.08567707049620593,1
329,mic_fileid_329_doa12_3spk.wav,SepFormer-sepformer-libri3mix,1,17.304125,196,1,speechbrain/sepformer-libri3mix,0,3.9812355463069626,,text_fileid_329_doa196_spk1.txt,0.8181818181818182,36,44,5.031170845031738,4.273083686828613,-0.758087158203125,5.000664710998535,3.9408838748931885,-1.0597808361053467,1.203633427619934,1.2227647304534912,0.01913130283355713,HE DID NOT CARE IN THE LEAST WHETHER THEY FOUND OR NOT AND WHEN CAPTAIN GLOMAX WAS HELD TO HAVE DISGRACED HIMSELF THOROUGHLY BY WASTING AN HOUR IN DIGGING OUT AND THEN KILLING A VIXEN HE HAD NOT A WORD TO SAY ABOUT IT,"If she was not there, it would have been a family for none. And when Captain Sloanback is held to act his grave for the self-control of the five women in power, including the Count and the Central Registration, he has no words to say about it.",0.5640332050006691,0.5819019579994347,0.39509597400137864,1.5410311370014824,0.03259530343202382,0.03362793310840246,0.022832473413210933,0.08905570995363721,1
330,mic_fileid_330_doa67_3spk.wav,SepFormer-sepformer-libri3mix,1,16.471375,67,1,speechbrain/sepformer-libri3mix,1,0.6468588159656702,,text_fileid_330_doa67_spk1.txt,1.0555555555555556,38,36,2.089097023010254,3.7125535011291504,1.6234564781188965,2.069805145263672,1.3024420738220215,-0.7673630714416504,1.0971252918243408,1.225693702697754,0.12856841087341309,AND I WOULD HAVE REMOVED MY PALLET BED BUT HE WOULD NOT LET ME TILL HE WAS ABLE TO VENTURE HIMSELF WITHOUT ANYBODY TO SIT UP WITH HIM AND THEN I REMOVED TO MY OWN CHAMBER,"And only if you have your move left out of that, but you would not let me tell you who's able to vet your insides without anybody to sit up and eat. And then I will leave tonight to change my clothes. We will go to a place called the Westboro Bight and hear what we say.",0.5418356030004361,0.8105626910000865,0.3187514249984815,1.671149718999004,0.03289559025888465,0.04921038413612018,0.01935184069323184,0.10145781508823667,1
331,mic_fileid_331_doa39_3spk.wav,SepFormer-sepformer-libri3mix,1,17.568875,39,1,speechbrain/sepformer-libri3mix,1,8.249224919995953,,text_fileid_331_doa39_spk1.txt,0.30952380952380953,13,42,4.473772048950195,9.350677490234375,4.87690544128418,4.465978622436523,8.247817039489746,3.7818384170532227,1.4634884595870972,1.8888494968414307,0.4253610372543335,MELANCHOLY FOLLOWED BUT BY DEGREES I GAINED A CLEAR CONCEPTION OF MY MISERIES AND SITUATION AND WAS THEN RELEASED FROM MY PRISON FOR THEY HAD CALLED ME MAD AND DURING MANY MONTHS AS I UNDERSTOOD A SOLITARY CELL HAD BEEN MY HABITATION,"Not only polypollies, but by degrees, I can get fear and conception of my miseries and situations, and was then released from my prison, where they had called me mad during many months as I understood the solitary cell within my habitation.",0.5648415880004904,0.5401623100005963,0.4081261249993986,1.5131300230004854,0.032150128451622004,0.030745412554907266,0.023230065954672603,0.08612560696120188,1
332,mic_fileid_332_doa4_3spk.wav,SepFormer-sepformer-libri3mix,1,15.695625,152,1,speechbrain/sepformer-libri3mix,0,2.632079977313488,,text_fileid_332_doa152_spk1.txt,0.6363636363636364,14,22,3.626600742340088,3.2751946449279785,-0.3514060974121094,3.600039482116699,2.6761574745178223,-0.923882007598877,1.3154312372207642,1.393201231956482,0.07776999473571777,WE A COMMERCIAL PEOPLE WERE OBLIGED TO BRING SUCH SCHEMES UNDER CONSIDERATION AND THE QUESTION OF CONTAGION BECAME MATTER OF EARNEST DISQUISITION,"We, the commercial people, are advised to bring such schemes under consideration. And the question of that communication became matter, how are we going to deal with this position?",0.47963852799875895,0.40510765699946205,0.3352715769997303,1.2200177619979513,0.03055874028582863,0.025810227818227185,0.02136082997648901,0.07772979808054482,1
333,mic_fileid_333_doa167_3spk.wav,SepFormer-sepformer-libri3mix,1,18.04875,167,1,speechbrain/sepformer-libri3mix,0,8.142303978982861,,text_fileid_333_doa167_spk1.txt,0.045454545454545456,2,44,6.122358322143555,9.577380180358887,3.455021858215332,6.107380390167236,8.238465309143066,2.13108491897583,1.3141205310821533,1.5632705688476562,0.24915003776550293,THESE APARTMENTS ARE MINE NOW THEY HAVE BEEN TRANSFERRED INTO MY NAME AND THEY CAN NEVER AGAIN AFFORD YOU ACCOMMODATION WILL YOU BE SO OBLIGING I AM NOT STRONG AS TO HAND ME THAT WRITING CASE SIR FRANCIS WALKED TO THE TABLE SHE INDICATED,"These apartments are mine now. They have been transferred into my name and they can never again afford you accommodation. Will you be so bludgeoned that I am not strong as to hand me that writing case? Sir Francis walked to the table, she indicated.",0.5404451170015818,0.652860412001246,0.29347145700012334,1.4867769860029512,0.029943631387302827,0.03617205690151651,0.01625993251610906,0.08237562080492838,1
334,mic_fileid_334_doa122_3spk.wav,SepFormer-sepformer-libri3mix,1,15.262375,245,1,speechbrain/sepformer-libri3mix,1,-2.341159607906651,,text_fileid_334_doa245_spk1.txt,0.5675675675675675,21,37,2.964132785797119,0.8064678311347961,-2.157664954662323,2.951375961303711,-2.3419787883758545,-5.293354749679565,1.2476003170013428,1.1782536506652832,-0.06934666633605957,BUT WHEN HE TOOK POSSESSION OF MECCA HE MADE THE OLD TEMPLE THE CENTRE OF WORSHIP FOR HIS OWN RELIGION AFTER MOHAMMED DIED A PERSON WAS APPOINTED TO BE HIS SUCCESSOR AS HEAD OF THE MOSLEM CHURCH,"But from unto the possession of Mecca, he may be able to tempt from the center of worship and allow him to dress after Muhammad, as a person who was appointed to be his ascension as a head of the Muslim Church.",0.44589724999968894,0.5816963320012292,0.33721637899907364,1.3648099609999917,0.02921545631002311,0.03811309393205377,0.022094620201578957,0.08942317044365583,1
335,mic_fileid_335_doa43_3spk.wav,SepFormer-sepformer-libri3mix,1,14.07575,104,1,speechbrain/sepformer-libri3mix,2,7.3595728434447185,,text_fileid_335_doa104_spk1.txt,0.24324324324324326,9,37,4.571742057800293,7.945659637451172,3.373917579650879,4.536133766174316,7.359041213989258,2.8229074478149414,1.113354206085205,1.4100452661514282,0.29669106006622314,BUT I WAS NATURALLY DESIROUS OF DISCOVERING NEXT WHAT LADY RACHEL HAD SAID AND I ASKED TO SPEAK WITH CRISTEL HER FAR SEEING FATHER MIGHT OR MIGHT NOT HAVE PERCEIVED A CHANCE OF LISTENING TO OUR CONVERSATION,"But I was naturally desirous of discovering next what Lady Rachel was saying, and I asked the secret scriptures. First, far seeing father might or might not have the chance of listening to our conversation.",0.41061054700003297,0.44901049599866383,0.317077927000355,1.1766989699990518,0.02917148620855251,0.031899578779010986,0.02252653869245724,0.08359760368002073,1
336,mic_fileid_336_doa91_3spk.wav,SepFormer-sepformer-libri3mix,1,16.955,91,1,speechbrain/sepformer-libri3mix,2,6.623237303858157,,text_fileid_336_doa91_spk1.txt,0.42857142857142855,15,35,4.082846641540527,7.659548759460449,3.576702117919922,4.072327613830566,6.623224258422852,2.550896644592285,1.1668239831924438,1.3488304615020752,0.18200647830963135,BUT THE MAJESTIC AND IMPOSING ORDER OF HUMAN SOCIETIES THAT I SOMETIMES FIND MYSELF EMBARRASSED IN ATTACKING CERTAIN ABUSES I LIKE TO REBUILD WITH ONE HAND WHEN I AM COMPELLED TO DESTROY WITH THE OTHER,But the pasting and the feeling for a human society that I sometimes find myself embarrassed and happy to certain abuses. I like to rebuild with one hand what I have in health and the other.,0.5531615239997336,0.5370355119994201,0.4471526460001769,1.5373496819993306,0.032625274196386535,0.03167416762013684,0.026372907460936415,0.09067234927745979,1
337,mic_fileid_337_doa165_3spk.wav,SepFormer-sepformer-libri3mix,1,17.002,302,1,speechbrain/sepformer-libri3mix,0,6.586873762216231,,text_fileid_337_doa302_spk1.txt,0.5853658536585366,24,41,6.811323642730713,7.650140285491943,0.8388166427612305,6.799374103546143,6.572232723236084,-0.2271413803100586,1.3528940677642822,1.5313496589660645,0.17845559120178223,WHICH YOU MUST ACKNOWLEDGE TO BE TRUE CERTAINLY MY DEAR NOBODY SAID THERE WERE BUT AS TO NOT MEETING WITH MANY PEOPLE IN THIS NEIGHBOURHOOD I BELIEVE THERE ARE FEW NEIGHBOURHOODS LARGER I KNOW WE DINE WITH FOUR AND TWENTY FAMILIES,"which you know with knowledge and truth. Certainly, my dear, nobody said they're worth it, but I do not mean it with many secret miss neighborhood. I believe there are few neighborhood treasure, and nobody died with four or five families.",0.5502976969983138,0.6327029469994159,0.4169213329987542,1.5999219769964839,0.032366644924027396,0.03721344235968803,0.024521899364707344,0.09410198664842277,1
338,mic_fileid_338_doa129_3spk.wav,SepFormer-sepformer-libri3mix,1,14.89325,175,1,speechbrain/sepformer-libri3mix,2,5.767723308504902,,text_fileid_338_doa175_spk1.txt,0.36666666666666664,11,30,2.4109249114990234,8.144295692443848,5.733370780944824,2.3926563262939453,5.764137268066406,3.371480941772461,1.1239606142044067,1.3351898193359375,0.21122920513153076,SHALL MY FEAR SHALL MY ZEAL SHALL MY JEALOUSY HAVE LEAVE TO SAY TO THEE HAST THOU CONSIDERED MY HEART THAT THERE IS NOT SO PERVERSE A HEART UPON EARTH,"Shall my dear, shall my zealots, shall my jealousy have used its agely, hast thou considered my heart that there it not so composed thy earth upon earth?",0.4618547939990094,0.43138651399931405,0.31372713899872906,1.2069684469970525,0.031011014654223183,0.02896523686900536,0.021065055578784287,0.08104130710201282,1
339,mic_fileid_339_doa48_3spk.wav,SepFormer-sepformer-libri3mix,1,16.987875,48,1,speechbrain/sepformer-libri3mix,2,9.523477307562562,,text_fileid_339_doa48_spk1.txt,0.27906976744186046,12,43,6.777921199798584,10.350950241088867,3.573029041290283,6.764439582824707,9.523063659667969,2.7586240768432617,1.389145851135254,1.8284063339233398,0.43926048278808594,BUT HAS ALWAYS SOUGHT POSITIVELY TO PROVE OR TO DISPROVE SOMETHING THAT WAS CONCEIVED OF OR SUSPECTED IN ADVANCE AS I SUSPECTED SAYS THIS CORRESPONDENT I FOUND THAT THE SNAILS WERE OF A FAMILIAR LAND SPECIES THAT THEY HAD BEEN UPON THE GROUND,"But his only thought positively to prove or to disprove something that was conceived of were suspect from the morse in advance. As I suspected, says this correspondent, I founded the snail's worth of familiar land species that they had been upon the ground.",0.545470685001419,0.6469306579983822,0.3880527229994186,1.58045406599922,0.03210941244866819,0.03808190594752918,0.022842923143678574,0.09303424153987594,1
340,mic_fileid_340_doa68_3spk.wav,SepFormer-sepformer-libri3mix,1,16.468,68,1,speechbrain/sepformer-libri3mix,1,6.726182388748983,,text_fileid_340_doa68_spk1.txt,0.07317073170731707,3,41,4.664535045623779,8.119283676147461,3.4547486305236816,4.655792236328125,6.722546577453613,2.0667543411254883,1.3819793462753296,1.6514484882354736,0.26946914196014404,THOUGH SHE FOUND SOMETHING OF GANEM IN THE OBJETS SHE BEHELD YET IN OTHER RESPECTS HE APPEARED SO DIFFERENT THAT SHE DURST NOT IMAGINE IT WAS HE THAT LAY BEFORE HER UNABLE HOWEVER TO WITHSTAND THE EARNEST DESIRE OF BEING SATISFIED,"Though she found something of God in the objects she beheld, yet in other respects he appeared so different that she durst not imagine it was he that lay before her. Unable, however, to withstand the earnest desire of being saddified.",0.5329072370004724,0.7221288760010793,0.4392359140001645,1.6942720270017162,0.032360167415622566,0.04385042968187268,0.026672086106398134,0.10288268320389338,1
341,mic_fileid_341_doa16_3spk.wav,SepFormer-sepformer-libri3mix,1,17.56025,196,1,speechbrain/sepformer-libri3mix,1,5.278952518300109,,text_fileid_341_doa196_spk1.txt,0.3235294117647059,11,34,4.331226825714111,6.6981120109558105,2.366885185241699,4.313058376312256,5.279397964477539,0.9663395881652832,1.1413739919662476,1.3578267097473145,0.2164527177810669,ARE LONG SLENDER SHARP NOSED SLIPPERY PEOPLE WITH A FRINGE OF FINS ALONG THEIR BACKS AND ANOTHER FRINGE ALONG THEIR BELLIES THEY BREATHE THROUGH VERY SMALL GILL OPENINGS IN THE BACKS OF THEIR HEADS,"are long, slender, sharp-nosed, swift-nosed people with a fringe back in along their backs and another fringe along their bellies. They bring to a very small hill a beam in the backs of their heads.",0.4903467919994,0.6138821069998812,0.31587969599968346,1.4201085949989647,0.027923679446442962,0.03495862000825052,0.017988337068076107,0.08087063652276959,1
342,mic_fileid_342_doa2_3spk.wav,SepFormer-sepformer-libri3mix,1,16.911375,60,1,speechbrain/sepformer-libri3mix,0,5.063165563014454,,text_fileid_342_doa60_spk1.txt,0.36666666666666664,22,60,5.906818389892578,5.397561073303223,-0.5092573165893555,5.8989787101745605,5.044992446899414,-0.8539862632751465,1.6134486198425293,1.6247111558914185,0.01126253604888916,AND AS I WAS GOING ALONG MY HEART WAS EVEN OVERWHELMED WITH THE THOUGHTS OF MY CONDITION AND THAT I SHOULD HAVE CHILDREN AND A NATION WHICH I KNEW NOT RULED OVER THEM WHEREUPON I EARNESTLY ENTREATED THE LORD THAT HE WOULD CONSIDER MY LOW ESTATE AND SHOW ME A TOKEN FOR GOOD AND IF IT WERE HIS BLESSED WILL,"As I was going along, my heart was being overwhelmed with thought from my condition. I'm that I should have children and a nation which I knew not. I moved on to do my work on my earnestly and treat it to Lord. But he would consider my lower state and show me a token for good. And if it were his blessed will.",0.49135080899941386,0.8085813500001677,0.39598684000156936,1.695918999001151,0.029054456482658204,0.04781286855741581,0.023415413590058134,0.10028273863013215,1
343,mic_fileid_343_doa17_3spk.wav,SepFormer-sepformer-libri3mix,1,16.14975,53,1,speechbrain/sepformer-libri3mix,1,5.187260404177837,,text_fileid_343_doa53_spk1.txt,0.3888888888888889,21,54,5.126504898071289,5.794980525970459,0.6684756278991699,5.112369060516357,5.185473442077637,0.0731043815612793,1.177721381187439,1.3063061237335205,0.12858474254608154,THEO'S IN GOINGS AND OUT GOINGS ARE SCARCELY OUR BUSINESS SO LONG AS SHE ENJOYS HERSELF SHE SAID PRESENT MY REGARDS TO THE MISS GOWERS MY DEAR AND SAY I REGRET THAT MY HEALTH DOES NOT PERMIT ME TO ACCOMPANY YOU A POLITE FICTION BY THE WAY AS MY LADY WAS LOOKING HER BEST,"She sings and goes and out-fills her scarcely hour business, so long as she enjoys his spell, she says. Presents by regards to the Miss Gower in my ear, and say I regret that my health does not commit me to accompany her. A blade fictions, by the way, as my lady was looking her past.",0.4364624169993476,0.7890144859993597,0.4479050070003723,1.6733819099990797,0.027025955014743114,0.048856142417025634,0.027734485487414497,0.10361658291918324,1
344,mic_fileid_344_doa9_3spk.wav,SepFormer-sepformer-libri3mix,1,17.27225,314,1,speechbrain/sepformer-libri3mix,2,7.207620617506292,,text_fileid_344_doa314_spk1.txt,0.05128205128205128,2,39,3.9125590324401855,7.733328819274902,3.820769786834717,3.90303111076355,7.253854751586914,3.3508236408233643,1.3274869918823242,2.049471378326416,0.7219843864440918,ONE SPRING AFTER THEY HAD BEEN IN THAT LAND FOR FOUR YEARS ERIC SAID MY EYES ARE HUNGRY FOR THE SIGHT OF MEN AND GREEN FIELDS AGAIN MY STOMACH IS SICK OF SEAL AND WHALE AND BEAR MY THROAT,"One spring after they have been in that land for four years, Eric said, My eyes are hungry for the sight of men in green fields again. My stomach is sick of seal and whale and bear. My throat.",0.45995508300075016,0.5844217559988465,0.2859159580002597,1.3302927969998564,0.026629714310570433,0.03383587870710802,0.016553486546353816,0.07701907956403227,1
345,mic_fileid_345_doa61_3spk.wav,SepFormer-sepformer-libri3mix,1,16.96025,61,1,speechbrain/sepformer-libri3mix,1,9.605732552162452,,text_fileid_345_doa61_spk1.txt,0.15151515151515152,5,33,4.718921184539795,11.27379322052002,6.554872035980225,4.702664375305176,9.606693267822266,4.90402889251709,1.296114444732666,1.910797357559204,0.6146829128265381,IN SUCH A WORLD THE MENTAL OR THE PHYSICAL STATUS OF ANY PIECE OF EXPERIENCE WOULD BE UNEQUIVOCAL WHEN ACTIVE IT WOULD FIGURE IN THE PHYSICAL AND WHEN INACTIVE IN THE MENTAL GROUP,"In such a world, the mental or the physical status of any piece of experience within unequivocity. When active, it would figure in the physical and when it active, in the mental group.",0.45649931299885793,0.43436036400089506,0.28989316600018356,1.1807528429999365,0.02691583632310007,0.025610493005757292,0.017092505476050388,0.06961883480490776,1
346,mic_fileid_346_doa62_3spk.wav,SepFormer-sepformer-libri3mix,1,16.81725,292,1,speechbrain/sepformer-libri3mix,2,9.601676425997843,,text_fileid_346_doa292_spk1.txt,0.16326530612244897,8,49,3.483767509460449,10.293057441711426,6.809289932250977,3.4742558002471924,9.598231315612793,6.123975515365601,1.2234156131744385,1.9251807928085327,0.7017651796340942,IT WAS THAT SAME DAY THAT THE THREE BOYS FROM BRIGHTON WERE FOR THE FIRST TIME ASSIGNED TO A REGULAR UNIT OF THE SIGNAL CORPS ALSO WITH A REAL THRILL THEY LEARNED THAT THEY WERE ALMOST IMMEDIATELY TO SEE WAR SERVICE FOR AMERICAN TROOPS WERE ALREADY IN THE TRENCHES,"It was that same day that the three boys from Brighton were for the first time assigned to a regular unit to the signal squad. Also, with a real friend, it learned that they were almost immediately CMR services for American troops were already in the trenches.",0.4780425330009166,0.539971541000341,0.4141009539998777,1.4321150280011352,0.028425725549713333,0.03210819491892794,0.024623583166087062,0.08515750363472833,1
347,mic_fileid_347_doa18_3spk.wav,SepFormer-sepformer-libri3mix,1,17.064625,18,1,speechbrain/sepformer-libri3mix,0,8.204450851113682,,text_fileid_347_doa18_spk1.txt,0.42424242424242425,14,33,5.475918292999268,9.203038215637207,3.7271199226379395,5.453994274139404,8.305672645568848,2.8516783714294434,1.236470103263855,1.6244162321090698,0.38794612884521484,HE REMEMBERED HAVING HEARD FROM THE OLD OLD PEOPLE OF THE TRIBE THAT THERE WAS A PATH THAT LED TO THE LAND OF SOULS THAT IF YOU SOUGHT CAREFULLY YOU COULD FIND IT,"He was remembered having heard that there was something old, old people's tribe, that there was a cat that led to the land of gold. That if you sought to care for one, you could find it.",0.441777694000848,0.4395822579990636,0.2873500299992884,1.1687099819992,0.025888508771851008,0.02575985455285795,0.016838930243078202,0.06848729356778716,1
348,mic_fileid_348_doa57_3spk.wav,SepFormer-sepformer-libri3mix,1,17.426125,173,1,speechbrain/sepformer-libri3mix,2,4.006848638966186,,text_fileid_348_doa173_spk1.txt,0.43478260869565216,20,46,3.571462392807007,5.71270227432251,2.141239881515503,3.562406539916992,4.0055952072143555,0.4431886672973633,1.451119303703308,1.588170051574707,0.13705074787139893,ONLY TO FIND EVERY SEMBLANCE OF A ROAD GONE I LOST MORE THAN A HALF DAY'S PRECIOUS TIME AND AGAIN WAS THROWN INTO ANXIETY LEST I HAD MISSED THE LONG SOUGHT TRAIN THE NEXT INCIDENT THAT I REMEMBER VIVIDLY WAS MY ATTEMPT TO CROSS THE COLUMBIA,only to find every single of the marodiades. I had lost more than a half the day's precious time and again was 289. Let's thank Miss Belong Sochre. The next incident that I remembered very late was my attempt to cross the Columbia.,0.5161239000008209,0.5933982520000427,0.4269836759995087,1.5365058280003723,0.029617823813430748,0.03405222055965068,0.02450250276521652,0.08817254713829795,1
349,mic_fileid_349_doa87_3spk.wav,SepFormer-sepformer-libri3mix,1,16.440875,166,1,speechbrain/sepformer-libri3mix,0,2.377245782470723,,text_fileid_349_doa166_spk1.txt,0.9375,30,32,1.5932776927947998,2.485630750656128,0.8923530578613281,1.5725970268249512,2.375967025756836,0.8033699989318848,1.1072484254837036,1.1715790033340454,0.0643305778503418,AND I FOUND NO BETTER OR MORE CONGENIAL COMPANIONS ON BOARD THE SHIP THAN THESE FOUR HONEST HARD WORKING WOMEN SO FULL OF HOPE COURAGE AND GOOD SENSE AS WELL AS CHRISTIANITY,There's no better than the North Virginia commanding for more ships than the Indian and Indian working women. So each country has its own system to be a better place. As well as Christianity for the common right.,0.466639127000235,0.45403332699970633,0.3721006830000988,1.2927731370000402,0.028382864476509617,0.02761612912936242,0.022632656899349873,0.07863165050522192,1
350,mic_fileid_350_doa97_3spk.wav,SepFormer-sepformer-libri3mix,1,15.88575,216,1,speechbrain/sepformer-libri3mix,2,5.151594427085042,,text_fileid_350_doa216_spk1.txt,0.8181818181818182,36,44,5.338751316070557,5.607321739196777,0.2685704231262207,5.328168869018555,5.153384685516357,-0.17478418350219727,1.2204251289367676,1.361560583114624,0.14113545417785645,VERY CROSS AND I DON'T WONDER I'M A GREAT TRIAL TO HER SHE WAS TERRIBLY MORTIFIED ABOUT THE PUDDING SAUCE LAST WEEK WE HAD A PLUM PUDDING FOR DINNER ON TUESDAY AND THERE WAS HALF THE PUDDING AND A PITCHERFUL OF SAUCE LEFT OVER,"There is this extraordinary wonder from a great scholar. He was terribly mortified about the city's loss by the British War. He had a conflict with the United Kingdom, and there was house to put him in a kitchen for the dogs that they could eat.",0.42088752500058035,0.5648964929987415,0.31916955999986385,1.3049535779991857,0.026494658735066356,0.035559951088160235,0.02009156382291449,0.08214617364614107,1
351,mic_fileid_351_doa35_3spk.wav,SepFormer-sepformer-libri3mix,1,15.55575,35,1,speechbrain/sepformer-libri3mix,1,7.862761939491742,,text_fileid_351_doa35_spk1.txt,0.2857142857142857,8,28,4.6531147956848145,9.623542785644531,4.970427989959717,4.633204460144043,7.901821136474609,3.2686166763305664,1.3834114074707031,1.7257153987884521,0.342303991317749,BUT HE WAS RESOLVED TO MARRY HER HAROON THOUGHT THIS SUCH AN EXTRAORDINARY STORY THAT HE ORDERED HIS HISTORIOGRAPHER TO COMMIT IT TO WRITING WITH ALL ITS CIRCUMSTANCES,but was resolved to marry her. Seroop thought this such an extraordinary story that ordered his story at River Bird's minute writing with all its circumstances.,0.39964821400099027,0.3789020719996188,0.2707097539987444,1.0492600399993535,0.025691349758191682,0.024357685871759238,0.017402552368014683,0.0674515879979656,1
352,mic_fileid_352_doa234_3spk.wav,SepFormer-sepformer-libri3mix,1,16.027625,234,1,speechbrain/sepformer-libri3mix,2,3.0243084979902095,,text_fileid_352_doa234_spk1.txt,0.5263157894736842,20,38,3.226182460784912,4.277345180511475,1.0511627197265625,3.2153913974761963,3.020854949951172,-0.19453644752502441,1.2783585786819458,1.2474994659423828,-0.03085911273956299,AND TO SHOW SOME DEGREE OF PRECIPITANCY AND INDISCRETION MOVED BY THIS EXAMPLE THE HOUSE OF PEERS WERE ROUSED FROM THEIR INACTIVITY AND CLAIMED LIBERTY FOR THE EARL OF ARUNDEL WHO HAD BEEN LATELY CONFINED IN THE TOWER,"and to show some degree of sympathy and discursion. By this example, the hosting leaders will rise to their inactivity and close their meeting with the Euronews who will be lately confined to the town.",0.5170404719992803,0.5288181399992027,0.37498671899993496,1.420845330998418,0.03225933174748475,0.0329941672580437,0.023396274806774864,0.08864977381230331,1
353,mic_fileid_353_doa27_3spk.wav,SepFormer-sepformer-libri3mix,1,17.324,354,1,speechbrain/sepformer-libri3mix,2,4.132806736759797,,text_fileid_353_doa354_spk1.txt,0.3333333333333333,13,39,3.254138946533203,6.9498291015625,3.695690155029297,3.2440712451934814,4.144138336181641,0.9000670909881592,1.1983577013015747,1.2731211185455322,0.07476341724395752,HOLD YOUR TONGUE SAID UNCLE JOHN I SAY I'VE GOT THREE NIECES AS FINE A TRIO OF INTELLIGENT SWEET AND ATTRACTIVE YOUNG WOMEN AS YOU'LL RUN ACROSS IN A MONTH OF SUNDAYS I DARE YOU TO DENY IT SIR,"So the Trump said, Otto John, I say I've got three nieces as fine a trio on Polligan Street and the track that young women as you'll ride on in a lot of Sundays. I dare you to deny it, sir.",0.550895230999231,0.5526158689990552,0.3209415950004768,1.424452694998763,0.031799540002264544,0.031898861059746896,0.018525836700558577,0.08222423776257001,1
354,mic_fileid_354_doa100_3spk.wav,SepFormer-sepformer-libri3mix,1,17.23375,331,1,speechbrain/sepformer-libri3mix,1,5.296349802625246,,text_fileid_354_doa331_spk1.txt,0.2692307692307692,14,52,4.4744157791137695,5.627841949462891,1.153426170349121,4.430232524871826,5.2249956130981445,0.7947630882263184,1.305077314376831,1.4160239696502686,0.1109466552734375,A PICTURE TO WRING THE HEART OF THE ONLOOKER WITH ENVY OR SYMPATHY ACCORDING TO HIS NATURE BUT THERE WAS ONLY ONE ONLOOKER A MAN OF FORTY OR THEREABOUTS WHO PAUSED FOR AN INSTANT UNDER THE GREAT GATE OF THE CASTLE AND TOOK IN THE FULL CHARM AND MEANING OF THE SCENE,"A picture to bring the heart to the onlooker was envy or sympathy according to his nature, as if there was only one onlooker, a man 40 or there about, who had spent an instant under the great gate of the castle and took in the full charge remaining of the scene.",0.5324222439994628,0.6290197019989137,0.3825178370007052,1.5439597829990817,0.030894160818130866,0.03649929365337861,0.022195856212414895,0.08958931068392437,1
355,mic_fileid_355_doa22_3spk.wav,SepFormer-sepformer-libri3mix,1,16.643125,285,1,speechbrain/sepformer-libri3mix,0,7.306741902951078,,text_fileid_355_doa285_spk1.txt,0.7631578947368421,29,38,3.1149048805236816,10.140559196472168,7.025654315948486,3.1016149520874023,7.304530620574951,4.202915668487549,1.1818069219589233,1.50962495803833,0.32781803607940674,CARRIED DAINTY MESSES TO THEIR SICK RESOLVED BEFORE LONG TO TEACH AT THE SCHOOL WHERE HER FATHER WENT EVERY DAY AS TO AN APPOINTED TASK BUT SHE WAS CONTINUALLY TEMPTED OFF TO GO AND SEE SOME INDIVIDUAL FRIEND,K.P. P. and his work today's tickets is also before-movement to choose at the store for her father every day as to the point of the interest. But she is essentially just an obstacle in some individuals' friends.,0.5046440989990515,0.524517810999896,0.42636616500021773,1.4555280749991653,0.03032147502341366,0.03151558442299123,0.025618155544719978,0.08745521499112487,1
356,mic_fileid_356_doa17_3spk.wav,SepFormer-sepformer-libri3mix,1,16.634375,181,1,speechbrain/sepformer-libri3mix,0,4.523697334061417,,text_fileid_356_doa181_spk1.txt,0.5405405405405406,20,37,4.035687446594238,5.541108131408691,1.5054206848144531,4.0240888595581055,5.40061092376709,1.3765220642089844,1.2369850873947144,1.3322328329086304,0.09524774551391602,BUT TO WHOM THEY HAD LATTERLY ADVANCED MONEY THE LETTERS HINTED AT THE UTTER INSOLVENCY OF THIS MANUFACTURER THEY HAD URGED THEIR CORRESPONDENT TO GIVE THEM HIS NAME IN CONFIDENCE AND THIS MORNING'S LETTER HAD BROUGHT IT,"But to whom they had latterly opined money. The letters hinted at the utter impultency of this man's power. They had originally corresponded to the state's immediate cause, and this morning's letter had broadened. That's sweet from this white waking.",0.48166582199883123,0.6369723099996918,0.29280338999888045,1.4114415219974035,0.02895605167004058,0.038292530377588084,0.017602307871433732,0.0848508899190624,1
357,mic_fileid_357_doa155_3spk.wav,SepFormer-sepformer-libri3mix,1,15.672625,234,1,speechbrain/sepformer-libri3mix,2,8.052388679996257,,text_fileid_357_doa234_spk1.txt,0.2702702702702703,10,37,5.008573055267334,10.212532997131348,5.203959941864014,4.979463577270508,8.047897338867188,3.0684337615966797,1.2404757738113403,1.3776330947875977,0.13715732097625732,POSSIBLY THERE IS SOMETHING YOU OUGHT TO DO AND ARE NOT DOING AND THAT IS WHY YOU CANNOT REST I THINK JESUS WOULD GIVE NO REST EXCEPT IN THE WAY OF LEARNING OF HIM HELEN'S SOBS CEASED,"Possibly, their attention ought to do what are not doing, and that is why we cannot rest. I think Jesus would give no less except in the way of learning of him. Let's not be ceased.",0.4150799460003327,0.5081836560002557,0.30821168500006024,1.2314752870006487,0.026484392116849137,0.03242492281926325,0.019665607069655547,0.07857492200576793,1
358,mic_fileid_358_doa96_3spk.wav,SepFormer-sepformer-libri3mix,1,15.0745,326,1,speechbrain/sepformer-libri3mix,2,9.490225729067292,,text_fileid_358_doa326_spk1.txt,0.6666666666666666,20,30,2.7695374488830566,10.175554275512695,7.406016826629639,2.7520813941955566,9.548883438110352,6.796802043914795,1.124954342842102,1.5897023677825928,0.4647480249404907,AND TO WARN YO IF NEED WERE MY MOTHER NIVER BADE YO TO COME SPYING AFTER ME AND BLAMING ME FOR SEEING A LAD AS MY FEYTHER THINKS WELL ON,"And so, going as to it can be worked. My mother never begged him to conspire in asking me, and blaming me for seeing her lad as my several things were on the part.",0.37418943000011495,0.431927841000288,0.23701654500109726,1.0431338160015002,0.024822676042330752,0.02865288009554466,0.015723012040273127,0.06919856817814854,1
359,mic_fileid_359_doa92_3spk.wav,SepFormer-sepformer-libri3mix,1,17.17175,291,1,speechbrain/sepformer-libri3mix,2,6.130493001139451,,text_fileid_359_doa291_spk1.txt,0.2727272727272727,12,44,4.330318927764893,6.597951889038086,2.2676329612731934,4.312533378601074,6.136074066162109,1.8235406875610352,1.3172215223312378,1.5342862606048584,0.2170647382736206,AND A STORM OF LAUGHTER RIPPLED ROUND THE THRONG OF HEADS SHE HEARD AN INDRAWN HISS BEHIND HER CHAIR AND THE NEXT INSTANT AN EXCLAMATION FROM MABEL WHAT WAS THAT THERE WAS A SHARP CRACK AND THE TINY GESTICULATING FIGURE STAGGERED BACK A STEP,"And a storm of laughter rippled around the throne of head. She heard a man drawn his spine in her chair. And the next instant an exclamation from Mabel, what was that? It was a sharp crack. And a tiny gesticulating figure stacked back a step.",0.4493180290010059,0.574791629000174,0.30319787000007636,1.3273075280012563,0.026166117547775033,0.03347309557850388,0.01765678337968328,0.0772959965059622,1
360,mic_fileid_360_doa3_3spk.wav,SepFormer-sepformer-libri3mix,1,16.78425,104,1,speechbrain/sepformer-libri3mix,1,5.971146544035985,,text_fileid_360_doa104_spk1.txt,0.5,17,34,4.0786356925964355,7.259332656860352,3.180696964263916,4.061401844024658,5.970854759216309,1.9094529151916504,1.3852643966674805,1.6807366609573364,0.29547226428985596,WHOSE EYES WERE CLOSED HIS COUNTENANCE PALE DISFIGURED AND BATHED IN TEARS SHE GAZED EARNESTLY ON HIM HER HEART BEAT AND SHE FANCIED SHE BEHELD GANEM BUT YET SHE WOULD NOT BELIEVE HER EYES,"whose eyes were clothed, his countenance tailed, the figure and veins of the ears. She gave fernestly I him her heart and she said she should be held guns, but yet she would not believe her eyes.",0.481192267001461,0.5907527130002563,0.36563291200036474,1.437577892002082,0.02866927428997191,0.03519684901024808,0.021784286578212596,0.08565040987843259,1
361,mic_fileid_361_doa8_3spk.wav,SepFormer-sepformer-libri3mix,1,15.306875,230,1,speechbrain/sepformer-libri3mix,0,4.592202869662008,,text_fileid_361_doa230_spk1.txt,0.3076923076923077,12,39,3.7853293418884277,5.779068470001221,1.993739128112793,3.7651262283325195,4.5812554359436035,0.816129207611084,1.213366985321045,1.3434109687805176,0.13004398345947266,MODE BEARD THE OYSTERS AND SCALD THEM IN THEIR OWN LIQUOR THEN ADD IT WELL STRAINED TO THE BROTH THICKEN WITH THE BUTTER AND FLOUR AND SIMMER FOR ONE QUARTER OF AN HOUR PUT IN THE OYSTERS STIR WELL,"One well, beer the oysters and throw them in their own liquor. Then add a well-strain to the broth. Thick it with the butter's flour and simmer for one quarter of an hour. Good in the oysters, stir well.",0.3657723739997891,0.6907428310005344,0.2836269240015099,1.3401421290018334,0.02389595355027,0.04512631291498326,0.018529381340182755,0.08755164780543602,1
362,mic_fileid_362_doa47_3spk.wav,SepFormer-sepformer-libri3mix,1,16.986,265,1,speechbrain/sepformer-libri3mix,0,4.8784391380283365,,text_fileid_362_doa265_spk1.txt,0.2708333333333333,13,48,7.019173622131348,5.377338409423828,-1.6418352127075195,7.008734703063965,4.834074020385742,-2.1746606826782227,1.3284977674484253,1.3114126920700073,-0.01708507537841797,QUITE REPLIED THORNDYKE I HAVE ENTERTAINED IT FROM THE FIRST AND THE NEW FACTS THAT YOU HAVE GATHERED INCREASE ITS PROBABILITY YOU REMEMBER I SAID THAT FOUR HYPOTHESES WERE POSSIBLE THAT THE ROBBERY WAS COMMITTED EITHER BY REUBEN BY WALTER BY JOHN HORNBY OR BY SOME OTHER PERSON,"As a white-ribble life-form, I have entertained it from the first, and the new facts that you have gathered increase its probability. But you remember I said that four high-comperties were possible, that the robbery would be committed either by Runeau and Haywel, or by John Hornbott, or by some other person.",0.47470305299975735,0.8519068829991738,0.3685041860007914,1.6951141219997226,0.027946723949120296,0.05015347244784963,0.021694582950711843,0.09979477934768177,1
363,mic_fileid_363_doa95_3spk.wav,SepFormer-sepformer-libri3mix,1,16.91775,336,1,speechbrain/sepformer-libri3mix,2,2.099933032047356,,text_fileid_363_doa336_spk1.txt,0.68,17,25,1.8298635482788086,4.063729286193848,2.233865737915039,1.799411654472351,2.1197030544281006,0.3202913999557495,1.184772253036499,1.247148036956787,0.062375783920288086,CHARLES GAVE THEM A GRACIOUS AND A COMPLIANT ANSWER TO ALL THEIR REMONSTRANCES HE WAS HOWEVER IN HIS HEART EXTREMELY AVERSE TO THESE FURIOUS MEASURES,Charles G. Wright's unaccompliant answer to all the women he loves from the dark in his heart is extremely adverse to these serious matters.,0.4526525720011705,0.3244359450000047,0.27494810499956657,1.0520366220007418,0.026756074064291674,0.019177251407545608,0.016252049179090986,0.062185374650928264,1
364,mic_fileid_364_doa50_3spk.wav,SepFormer-sepformer-libri3mix,1,16.970625,345,1,speechbrain/sepformer-libri3mix,1,5.554271672370677,,text_fileid_364_doa345_spk1.txt,0.1875,6,32,3.3935558795928955,6.033640384674072,2.6400845050811768,3.3758883476257324,5.568347930908203,2.1924595832824707,1.3257536888122559,1.5229434967041016,0.1971898078918457,DEAR ME IT IS A SAD PITY YOU CANNOT FLY YOURSELF BUT I HAVE NO TIME TO LOOK FOR ANOTHER NURSE NOW SO YOU WILL DO YOUR BEST I HOPE DEAR DEAR,"Dear, you're a sad pity you can't rely on yourself. But I have no time to look for another nurse now. So you will do your best, I hope. Dear, dear.",0.4563526500005537,0.5242870849997416,0.27650331599943456,1.25714305099973,0.026890739144878502,0.030893799432828297,0.016293054380698092,0.0740775929584049,1
365,mic_fileid_365_doa174_3spk.wav,SepFormer-sepformer-libri3mix,1,17.051875,212,1,speechbrain/sepformer-libri3mix,0,12.34466591220307,,text_fileid_365_doa212_spk1.txt,0.34146341463414637,14,41,6.055678367614746,13.293336868286133,7.237658500671387,6.0477166175842285,12.333911895751953,6.286195278167725,1.2826874256134033,1.8251317739486694,0.5424443483352661,THIS THIRD BOOK THE STORY OF ANCIENT IRISH CIVILISATION GIVES IN SIMPLE PLAIN LANGUAGE AN ACCOUNT OF THE CONDITION OF THE COUNTRY IN THE OLDEN TIME BUT AS IT IS HERE TO SPEAK FOR ITSELF I NEED NOT DESCRIBE IT FURTHER,"This third book, the story is ancient Irish civilization, used in the Mines language and accounted for the condition of the country in the early time. But as we see it speak for itself, I need not to describe it further.",0.449434394000491,0.6283148470010929,0.39438122199862846,1.4721304630002123,0.026356890019454814,0.036847258556674437,0.023128320023377398,0.08633246859950665,1
366,mic_fileid_366_doa75_3spk.wav,SepFormer-sepformer-libri3mix,1,15.865125,180,1,speechbrain/sepformer-libri3mix,1,2.7698649104614996,,text_fileid_366_doa180_spk1.txt,0.8421052631578947,32,38,3.967160940170288,3.466851234436035,-0.5003097057342529,3.9495599269866943,2.7640130519866943,-1.185546875,1.278933048248291,1.324547529220581,0.04561448097229004,UP STEPPED THE SERVANT'S COMRADE AND KNOCKED UPON THE DOOR RAP TAP TAP BY AND BY IT WAS OPENED A CRACK AND THERE STOOD AN UGLY OLD WOMAN BLEAR EYED AND CROOKED AND GNARLED AS A WINTER TWIG,"Up to 30 sovereigns and up upon the door, the rent has happened. The heighten by the open to craft, the new way of open overwhelming. Blur-eyed and cooking and gnarled at the end of the plate.",0.38150782199954847,0.5076900539988856,0.3021707530006097,1.1913686289990437,0.02404694712456085,0.032000381591628525,0.01904622579403627,0.07509355451022565,1
367,mic_fileid_367_doa110_3spk.wav,SepFormer-sepformer-libri3mix,1,16.839375,261,1,speechbrain/sepformer-libri3mix,2,3.0250621401342404,,text_fileid_367_doa261_spk1.txt,0.3076923076923077,12,39,6.837724685668945,4.960748672485352,-1.8769760131835938,6.8249921798706055,3.0125019550323486,-3.812490224838257,1.3233562707901,1.5710673332214355,0.24771106243133545,IT WAS HER OWN HEART SINKING WITH ALARM AND TERROR AND OVERFLOWING WITH LOVE SHE OPENED THE DOOR AND STEPPED ACROSS THE THRESHOLD AND ONTO THE COLD DAMP EARTHEN FLOOR OF THE PASSAGE THE COLD SHE FELT REFRESHED HER,"It was her own heart, sinking with alarm and terror, and it was lying with the rest. She opened the door, set across the threshold, and onto the cold, damp curtain floor, and as it was, the cold she felt refreshed her.",0.4973879049994139,0.4535793619998003,0.35646567000003415,1.3074329369992483,0.02953719511557964,0.02693564113868836,0.021168580781652176,0.07764141703592017,1
368,mic_fileid_368_doa76_3spk.wav,SepFormer-sepformer-libri3mix,1,15.353375,76,1,speechbrain/sepformer-libri3mix,2,8.932771917600897,,text_fileid_368_doa76_spk1.txt,0.15625,5,32,4.634154319763184,9.428460121154785,4.794305801391602,4.613039970397949,8.930448532104492,4.317408561706543,1.3567345142364502,1.7890782356262207,0.4323437213897705,BUT WITH THE PROSPECT BEFORE HIM OF APPROACHING AN INEVITABLE ANNIHILATION HIS AVARICE WOULD BE LIKELY TO GET THE VICTORY OVER HIS CAUTION HIS VANITY OR HIS AMBITION AN AMBITIOUS MAN TOO,"But with the prospect beforehand of approaching an inevitable annihilation, his avarice group is likely to get the victory over his caution, his vanity, or his ambitions. An ambitious man too.",0.45024621799893794,0.48350192600082664,0.2478867049994733,1.1816348489992379,0.029325553371746468,0.031491572764999656,0.016145421120729045,0.07696254725747517,1
369,mic_fileid_369_doa27_3spk.wav,SepFormer-sepformer-libri3mix,1,15.974,75,1,speechbrain/sepformer-libri3mix,0,8.521900516191472,,text_fileid_369_doa75_spk1.txt,1.0,28,28,6.107448577880859,8.66519546508789,2.5577468872070312,6.094371795654297,8.492795944213867,2.3984241485595703,1.2303584814071655,1.5789390802383423,0.34858059883117676,WHEN SHE PAUSED IN HER LAMENTATIONS ADORABLE PRINCESS SAID HE WHY DO YOU MOURN YOUR TROUBLES ARE NOT WITHOUT REMEDY WHO SPEAKS TO ME SO GENTLY ASKED SHE,"This is held at Duryan Association, Developable oh also known as Wry,",0.5001143339995906,5.395483152000452,0.2678637429999071,6.1634612289999495,0.03130802140976528,0.337766567672496,0.016768733128828543,0.38584332221108986,1
370,mic_fileid_370_doa148_3spk.wav,SepFormer-sepformer-libri3mix,1,16.74225,297,1,speechbrain/sepformer-libri3mix,0,0.6190312455148475,,text_fileid_370_doa297_spk1.txt,0.5,22,44,0.8091402053833008,1.158798336982727,0.34965813159942627,0.7965692281723022,0.6505557298660278,-0.14601349830627441,1.1864521503448486,1.214300274848938,0.027848124504089355,BY THE TIME THE WAR VESSEL HAD ARRIVED AT DE LOS CAYOS L'OLONNOIS HAD MADE HIS PREPARATION TO ATTACK THE PLACE HE HAD PROCURED TWO LARGE CANOES AND IN THESE HE HAD INTENDED TO ROW UP TO THE TOWN AND LAND WITH HIS MEN,"By the time he wore the bow and bowed the little sky, the little boy had made him a great suit of tally. He had procured two large canoe-pies, and he had intended to row out to the tower and land with his men.",0.5248009619990626,0.7030930219989386,0.3596339949999674,1.5875279789979686,0.03134590404509923,0.041995133390012616,0.02148062506532679,0.09482166250043864,1
371,mic_fileid_371_doa68_3spk.wav,SepFormer-sepformer-libri3mix,1,16.5555,306,1,speechbrain/sepformer-libri3mix,1,6.778585554153231,,text_fileid_371_doa306_spk1.txt,0.30357142857142855,17,56,4.988397598266602,8.856579780578613,3.8681821823120117,4.971598148345947,6.73114013671875,1.7595419883728027,1.3585110902786255,1.6293902397155762,0.2708791494369507,AND WHO BEGAN TO RUB A CROW BAR ON A STONE IN ORDER TO REDUCE IT TO THE PROPER SIZE BARTHOLEMY CAREFULLY KNOCKED ALL THE NAILS OUT OF THE BOARD AND THEN FINDING A LARGE FLAT STONE HE RUBBED DOWN ONE OF THEM UNTIL HE HAD FORMED IT INTO THE SHAPE OF A RUDE KNIFE BLADE,"and here again to the crowbar on stone to reduce it to the proper size. Bartholomew carefully knocked off the nails out of the board and then finding a large glass stone, he broke down one thing until he formed it into the shape of a huge knife blade.",0.5724164929997642,0.7898547480017442,0.41709862500101735,1.7793698660025257,0.034575608891290764,0.04770950729375399,0.025193961221407834,0.10747907740645259,1
372,mic_fileid_372_doa161_3spk.wav,SepFormer-sepformer-libri3mix,1,16.864125,161,1,speechbrain/sepformer-libri3mix,2,8.738208176669755,,text_fileid_372_doa161_spk1.txt,0.15151515151515152,5,33,5.0933308601379395,8.882572174072266,3.789241313934326,5.079469680786133,8.738450050354004,3.658980369567871,1.6021318435668945,1.941282033920288,0.33915019035339355,AND PERHAPS LOST FOREVER TO THE COUNTRY AT LENGTH CONGRESS HAVING SANCTIONED THE ENLARGEMENT OF THEIR OWN LIBRARY THEIR LIBRARIAN MISTER SPOFFORD INDUCED THEM TO PURCHASE THE WHOLE MASS JUST AS IT STOOD,"and perhaps lost forever to the country. At length, Congress, having sanctioned the enlargement of the whole library, their librarian, Mr. Spockard, reduced them to purchase the whole mass just as it stood.",0.5754262699992978,0.5990626249986235,0.26034263700057636,1.4348315319984977,0.034121323816047246,0.035522899942844556,0.01543766053682455,0.08508188429571635,1
373,mic_fileid_373_doa55_3spk.wav,SepFormer-sepformer-libri3mix,1,18.24525,176,1,speechbrain/sepformer-libri3mix,2,7.522116299634575,,text_fileid_373_doa176_spk1.txt,0.30303030303030304,10,33,5.137332439422607,7.683432102203369,2.5460996627807617,5.124997138977051,7.518390655517578,2.3933935165405273,1.2026896476745605,1.3937273025512695,0.19103765487670898,A FEW REMAINED FOR THE SUMMER HERE MEN BUILT BOATS AND ROWED AWAY TO KEECHAWIK AND NEUKLUK CARRYING SUPPLIES FOR HUNTING OR PROSPECTING THE CAPTAIN'S VEGETABLE GARDEN IN THE SAND WAS GROWING RAPIDLY,A few remains for the summer. Here men built boats and rode away into a palace and new clubs. Here some supplies for hunting or carpentry. The captain's vegetable garden in the sand was growing rapidly.,0.5561163689999375,0.49689683799988416,0.35488634899957106,1.4078995559993928,0.03048006297529152,0.027234312382668595,0.01945088990282792,0.07716526526078803,1
374,mic_fileid_374_doa92_3spk.wav,SepFormer-sepformer-libri3mix,1,16.93675,253,1,speechbrain/sepformer-libri3mix,1,2.499817227562301,,text_fileid_374_doa253_spk1.txt,0.42424242424242425,14,33,4.229867935180664,4.097349643707275,-0.13251829147338867,4.222665786743164,2.4978528022766113,-1.7248129844665527,1.2867567539215088,1.3248871564865112,0.03813040256500244,CORONEL SHOOK HIM SOLEMNLY BY THE HAND I CONGRATULATE YOUR ROYAL HIGHNESS I WILL ANNOUNCE YOUR DECISION TO THE PRINCESS SHE WILL BE MUCH AMU MUCH DELIGHTED AND HE TURNED INTO THE PALACE,"Cornell should be now all ready by the hand. I congratulate you, and I will announce your decision to the princess. She will be much delighted as she turns into the palace.",0.5533445559995016,0.467334013999789,0.2900689180005429,1.3107474879998335,0.03267123598089962,0.027592897929047133,0.017126598550521375,0.07739073246046813,1
375,mic_fileid_375_doa192_3spk.wav,SepFormer-sepformer-libri3mix,1,16.489375,336,1,speechbrain/sepformer-libri3mix,2,9.319910489942373,,text_fileid_375_doa336_spk1.txt,0.16666666666666666,6,36,4.446392059326172,9.888326644897461,5.441934585571289,4.430445194244385,9.328492164611816,4.898046970367432,1.2894526720046997,1.788273572921753,0.4988209009170532,AFTER TWENTY FOUR EVENTFUL HOURS OUR TWO STUDENTS OF HUMAN MOTIVES FOUND THEMSELVES TOGETHER AGAIN BY THE FIREPLACE IN THE OLD GEORGE SMOKING ROOM THEY HAD RESUMED THEIR OVERNIGHT CONVERSATION IN A STATE OF CONSIDERABLE TENSION,"After 24 eventful hours, our two students of human modems found themselves together again by the fireplace in the old George's small barber. They had resumed their overnight conversation in a state of considerable tension.",0.5346659730003012,0.4300599069993041,0.32182914199984225,1.2865550219994475,0.03242487801995535,0.026081031391384093,0.019517364484696494,0.07802327389603593,1
376,mic_fileid_376_doa40_3spk.wav,SepFormer-sepformer-libri3mix,1,16.916,104,1,speechbrain/sepformer-libri3mix,2,1.5144923158201715,,text_fileid_376_doa104_spk1.txt,0.02564102564102564,1,39,2.8837502002716064,3.2438294887542725,0.360079288482666,2.871919870376587,1.5475409030914307,-1.3243789672851562,1.1880576610565186,1.3138175010681152,0.12575984001159668,I VISUALIZED THEM JUST AS I COULD CLOSE MY EYES AND VISUALIZE FOR EXAMPLE THE FIREPLACE IN THE LIVING ROOM OF MY OWN HOME I LOOKED DOWN AT THE GIRL SHE WAS FROWNING AND HER EYES WERE VERY WIDE,"I visualized them as I could close my eyes and visualize, for example, the fireplace in the living room of my own home. I looked down at the girl, she was frowning, and her eyes were very wide.",0.571356538001055,0.5129406189989822,0.35259635799957323,1.4368935149996105,0.03377610179717752,0.030322807933257402,0.02084395589971466,0.08494286563014959,1
377,mic_fileid_377_doa285_3spk.wav,SepFormer-sepformer-libri3mix,1,15.4635,285,1,speechbrain/sepformer-libri3mix,2,6.905306675459353,,text_fileid_377_doa285_spk1.txt,0.40625,13,32,5.192290306091309,7.46431827545166,2.2720279693603516,5.169926166534424,6.905819892883301,1.735893726348877,1.397691249847412,1.5766186714172363,0.17892742156982422,IN A LOW TONE AS IF NOT INTENDED FOR THE EAR OF THE VICTIM DIABOLUS FETCH ME THE RED HOT IRON THE EXPEDITION WITH WHICH THAT TONGUE WOULD DISAPPEAR WAS SIMPLY RIDICULOUS,in a lower tone as had not intended for the ear of the victim. The out of the square of the head high high. The expedition with which that tone would disappear was all simply ridiculous.,0.48635945999922114,0.46743209999840474,0.2546670060000906,1.2084585659977165,0.03145209428649537,0.030228091958379718,0.016468911048604172,0.07814909729347926,1
378,mic_fileid_378_doa15_3spk.wav,SepFormer-sepformer-libri3mix,1,17.431375,85,1,speechbrain/sepformer-libri3mix,0,10.201047308005922,,text_fileid_378_doa85_spk1.txt,0.0967741935483871,3,31,4.980664253234863,11.020734786987305,6.040070533752441,4.974591255187988,10.198368072509766,5.223776817321777,1.2461479902267456,1.7424284219741821,0.4962804317474365,THE HORRIBLE GLOWING TOOL DISAPPEARED INTO THE NIGHT WHIRLING AS IT FLEW AND FELL FAR AWAY ON THE SNOW THE PRISONER RESUMED DO WHAT YOU PLEASE WITH ME HE WAS DISARMED,"The horrible flowing pool disappeared into the night, whirling as it slid and fell far away on the snow. The prisoner resumed. Do what you please with me. He was disarmed.",0.5735504570002377,0.42832118200021796,0.37953172699963034,1.381403366000086,0.03290333992586573,0.024571852880235667,0.021772908161268423,0.07924810096736981,1
379,mic_fileid_379_doa53_3spk.wav,SepFormer-sepformer-libri3mix,1,16.999125,248,1,speechbrain/sepformer-libri3mix,1,5.470554711144638,,text_fileid_379_doa248_spk1.txt,0.37142857142857144,13,35,3.736725091934204,5.94215202331543,2.2054269313812256,3.7242398262023926,5.469203948974609,1.7449641227722168,1.6076076030731201,1.7005505561828613,0.09294295310974121,HER ENMITY DID NOT STOP AT THIS ABOMINABLE ACTION BUT SHE LIKEWISE CHANGED THE SLAVE INTO A COW AND GAVE HER ALSO TO MY FARMER AT MY RETURN I ENQUIRED FOR THE MOTHER AND CHILD,"Her enmity did not stop at this appointment of the actual month, but she likewise changed the slave of my work out and gave her also to me. At my return I inquired to the mother and child.",0.5523316449998674,0.482443154000066,0.2898226670004078,1.3245974660003412,0.032491769135168276,0.028380469818303354,0.017049269712435658,0.07792150866590729,1
380,mic_fileid_380_doa120_3spk.wav,SepFormer-sepformer-libri3mix,1,16.50125,216,1,speechbrain/sepformer-libri3mix,1,5.755404366781953,,text_fileid_380_doa216_spk1.txt,0.07894736842105263,3,38,3.344759941101074,8.33011245727539,4.985352516174316,3.322533369064331,5.756566524505615,2.434033155441284,1.3411375284194946,1.668149709701538,0.32701218128204346,EVEN THE FROGS WHO ARE AFRAID OF CRANES CREPT QUIETLY NEAR TO LOOK ON IT WAS NOT LONG BEFORE ANOTHER YOUNG CRANE BEGAN TO SKIP AND HOP AND CIRCLE AROUND DROOPING HIS WINGS AND WHOOPING AS HE WENT,"One of the frogs, who were afraid of cranes, crept quietly near to look on. It was not long before another young crane began to skip and hop and circle around, drooping his wings and whooping as he went.",0.5420894090002548,0.5155970340001659,0.2876936699994985,1.3453801129999192,0.032851414832225125,0.031245937974405932,0.01743465919245503,0.0815320119990861,1
381,mic_fileid_381_doa212_3spk.wav,SepFormer-sepformer-libri3mix,1,17.232125,246,1,speechbrain/sepformer-libri3mix,2,0.9087802554070551,,text_fileid_381_doa246_spk1.txt,0.2222222222222222,10,45,7.018518924713135,6.038536071777344,-0.979982852935791,7.0083513259887695,0.9086049795150757,-6.099746346473694,1.3281192779541016,1.3431298732757568,0.015010595321655273,AND ON THE SUCCEEDING DAY FAVOURED TO AN UNCOMMON DEGREE BY A FINE EASTERLY BREEZE WE CLOSED IN WITH THE BARNEVELTS AND RUNNING PAST CAPE DECEIT WITH ITS STONY PEAKS ABOUT THREE O'CLOCK DOUBLED THE WEATHER BEATEN CAPE HORN THE EVENING WAS CALM AND BRIGHT,"And on the 16th day, favored to a uncommon degree, I assigned Easterly Breeze, we closed in with the barnabones and run past Cape Deceit with its stony peaks about three o'clock, doubled the weatherbeat in Cape Horn. The evening was calm and bright.",0.5673101789998327,0.693008069998541,0.41737258300054236,1.677690831998916,0.03292166108357691,0.040216054026914326,0.024220610226570568,0.0973583253370618,1
382,mic_fileid_382_doa34_3spk.wav,SepFormer-sepformer-libri3mix,1,17.508625,193,1,speechbrain/sepformer-libri3mix,1,-10.700941826654034,,text_fileid_382_doa193_spk1.txt,2.185185185185185,59,27,-7.309762954711914,-6.148375511169434,1.1613874435424805,-7.4100751876831055,-6.528116226196289,0.8819589614868164,1.067798376083374,1.1155716180801392,0.04777324199676514,THE SUMMER'S FLOWER IS TO THE SUMMER SWEET THOUGH TO ITSELF IT ONLY LIVE AND DIE BUT IF THAT FLOWER WITH BASE INFECTION MEET THE BASEST WEED,"Nikki was the first. But we had all made up our minds that Sylvia wouldn't be here, Nikki. She was so handsome, we didn't see how she could help it. I tell you, they needed Dandy looking to couple when they went to get her. Well, as I said before, I toggled to the window to have a look at the fair Sylvia.",0.5631898430001456,0.9339539089996833,1.1643012650001765,2.6614450170000055,0.032166423291386144,0.053342504565588866,0.066498726484814,0.152007654341789,1
383,mic_fileid_383_doa0_3spk.wav,SepFormer-sepformer-libri3mix,1,16.2795,166,1,speechbrain/sepformer-libri3mix,2,6.793822437305153,,text_fileid_383_doa166_spk1.txt,0.5952380952380952,25,42,2.5065112113952637,7.270897388458252,4.764386177062988,2.489145040512085,6.790862560272217,4.301717519760132,1.2155160903930664,1.3872860670089722,0.17176997661590576,HE WOULD NOT ADVERTISE IN PAPERS WHICH HE THOUGHT MIGHT BY THEIR PUBLICATION OF OPINION ULTIMATELY HURT CAPITALISM AS A WHOLE STILL LESS IN THOSE WHOSE OPINIONS MIGHT AFFECT HIS OWN PRIVATE FORTUNE ADVERSELY STUPID LIKE ALL PEOPLE GIVEN UP TO GAIN,"He would not have taken the title of the paper which he thought might squander publication of it and ultimately hurt capital of mental health. Still less, in those whose opinions might affect his own right to fortune and verse, stupid, like all people who have given up the game, is swept.",0.5115217519996804,0.8607597000009264,0.34223413099971367,1.7145155830003205,0.03142122006202159,0.05287384133425022,0.021022398169459364,0.10531745956573117,1
384,mic_fileid_384_doa36_3spk.wav,SepFormer-sepformer-libri3mix,1,16.063875,36,1,speechbrain/sepformer-libri3mix,1,4.892571578664021,,text_fileid_384_doa36_spk1.txt,0.5263157894736842,20,38,4.9122138023376465,5.136831283569336,0.22461748123168945,4.897977352142334,4.891160011291504,-0.006817340850830078,1.4265990257263184,1.607485294342041,0.18088626861572266,AND BEHOLD PRESENTLY CAME THE KHORASANI SO I CARRIED HIM INTO THE HOUSE AND BROUGHT OUT TO HIM ONE MYRIAD OF DIRHAMS SAYING HERE IS THY MONEY QUOTH HE IT IS NOT MY VERY MONEY HOW COMETH THIS,"And before, President Lee came to quote Osama, so I carried him into the house and brought him out to him. When my reality was being seen, here is my life. It is not my very mind. I'll comment this.",0.5208445110001776,0.6905277759997261,0.2611207200006902,1.472493007000594,0.032423341877360075,0.04298637632574495,0.016255151387861908,0.09166486959096694,1
385,mic_fileid_385_doa92_3spk.wav,SepFormer-sepformer-libri3mix,1,16.99975,92,1,speechbrain/sepformer-libri3mix,1,5.444892836110783,,text_fileid_385_doa92_spk1.txt,0.9545454545454546,42,44,3.7628257274627686,6.559760093688965,2.7969343662261963,3.749255895614624,5.438975811004639,1.6897199153900146,1.1280317306518555,1.4922447204589844,0.3642129898071289,VERY CROSS AND I DON'T WONDER I'M A GREAT TRIAL TO HER SHE WAS TERRIBLY MORTIFIED ABOUT THE PUDDING SAUCE LAST WEEK WE HAD A PLUM PUDDING FOR DINNER ON TUESDAY AND THERE WAS HALF THE PUDDING AND A PITCHERFUL OF SAUCE LEFT OVER,"There is a wonderful village on the Great Valley. And it's a beautiful work, I mean, it's a pretty dog house. It's a lot of fun to live in here. And we're trying to get rid of any scissors or frost on the over.",0.5487490000014077,0.6286469469996518,0.2905020649996004,1.46789801200066,0.03227982764460699,0.03697977599668536,0.0170886080677422,0.08634821170903455,1
386,mic_fileid_386_doa35_3spk.wav,SepFormer-sepformer-libri3mix,1,17.709,142,1,speechbrain/sepformer-libri3mix,1,6.814910628584071,,text_fileid_386_doa142_spk1.txt,0.4090909090909091,18,44,4.651608467102051,7.32089900970459,2.669290542602539,4.640249252319336,6.813822269439697,2.1735730171203613,1.282795786857605,1.5241913795471191,0.24139559268951416,INSTEAD OF MAKING A FUSS ABOUT THIS HE USED TO CALL FOR PENCIL AND PAPER AND PRACTISE DRAWING FEET UNTIL HE COULD MAKE VERY PERFECT ONES MAJOR WHISTLER SENT HIM TO THE ART ACADEMY IN SAINT PETERSBURG WHERE HE WAS PRAISED BY HIS TEACHERS,"Instead of making fusses of rice, he used to cook for a pencil and paper and practice drawing things and he could make very perfect coins. Major Liz was sent into the Art Academy in St. Peter's Coast, where she was praised by his teachers.",0.5422386800000822,0.7128704419992573,0.4267358150009386,1.6818449370002782,0.03061938449376488,0.04025469772427903,0.024097115308653147,0.09497119752669705,1
387,mic_fileid_387_doa54_3spk.wav,SepFormer-sepformer-libri3mix,1,16.72775,88,1,speechbrain/sepformer-libri3mix,2,8.97750701664114,,text_fileid_387_doa88_spk1.txt,0.2631578947368421,15,57,6.442269802093506,9.466793060302734,3.0245232582092285,6.431567192077637,8.972574234008789,2.5410070419311523,1.6782053709030151,2.3361687660217285,0.6579633951187134,IT WAS NOT UNTIL SOME DAYS LATER THAT THE CASE CAME INTO MY HANDS AND IN THE INTERVAL THE LOCAL AUTHORITIES HAD NOT BEEN IDLE IT WAS NOTED THAT THE MAN WAS POORLY DRESSED THAT HIS HANDS PROVED HE WAS USED TO MANUAL LABOR BUT THERE WAS NO MARK EITHER ON HIS BODY OR ON HIS CLOTHING,"It was not until some days later that the case came into my hand, and then the interval to work with the reason had not been ironed. It was noted that the man was poorly dressed, that his hand was proved he was used to a bed of labor, that there was no marik either on his body or on his clothing.",0.5282348509990697,0.9331227420007053,0.394628123000075,1.85598571599985,0.031578356383797565,0.055782920117810546,0.02359122553840624,0.11095250204001435,1
388,mic_fileid_388_doa22_3spk.wav,SepFormer-sepformer-libri3mix,1,17.815875,22,1,speechbrain/sepformer-libri3mix,0,5.778292610950215,,text_fileid_388_doa22_spk1.txt,0.2,7,35,5.173496246337891,6.279415130615234,1.1059188842773438,5.158719539642334,5.748952865600586,0.590233325958252,1.3581111431121826,1.509743332862854,0.1516321897506714,REALLY ATTESTED HIS FAILURE BUT THE DISCOVERY OF AMERICA WAS A GREATER SUCCESS THAN WAS ANY FINDING OF A BACK DOOR TO INDIA WHEN DAVID LIVINGSTONE HAD SUPPLEMENTED HIS THEOLOGICAL EDUCATION BY A MEDICAL COURSE,"Really accepted and failure, but the discovery of America was a greater success than what he was finding at the back door to India. When David Livingstone had supplemented his theological education by a medical course.",0.5593225009997695,0.5930591340002138,0.40549842399923364,1.557880058999217,0.03139461300664546,0.033288240628103524,0.022760511285537965,0.08744336492028694,1
389,mic_fileid_389_doa78_3spk.wav,SepFormer-sepformer-libri3mix,1,4.962375,78,1,speechbrain/sepformer-libri3mix,2,7.351504777051127,,text_fileid_389_doa78_spk1.txt,0.5,4,8,8.601922035217285,9.168627738952637,0.5667057037353516,8.559205055236816,7.3511433601379395,-1.208061695098877,1.5310333967208862,1.8591679334640503,0.32813453674316406,CONSEIL I CALLED A THIRD TIME CONSEIL APPEARED,"On confé, I called him third time. Confé appeared.",0.1619864910007891,0.25084215000060794,0.1479638929995417,0.5607925340009388,0.032642936295783596,0.050548809793820086,0.02981715267377853,0.11300889876338222,1
390,mic_fileid_390_doa110_3spk.wav,SepFormer-sepformer-libri3mix,1,15.794625,110,1,speechbrain/sepformer-libri3mix,1,4.851428412425812,,text_fileid_390_doa110_spk1.txt,0.16666666666666666,7,42,2.6948599815368652,5.97526216506958,3.280402183532715,2.679602861404419,4.853361129760742,2.1737582683563232,1.1431479454040527,1.349387526512146,0.20623958110809326,HAD AT LEAST THE ELEMENT OF HUMILITY THAT IT ALWAYS NEEDED TO BE SUPPORTED BY PROOF LORD WARBURTON NOT ONLY SPENT THE NIGHT AT GARDENCOURT BUT HE WAS PERSUADED TO REMAIN OVER THE SECOND DAY AND WHEN THE SECOND DAY WAS ENDED,"had at least the element of humility that it always needed to be the truth. And so, Lord Horvath not only spent the night at the garden, but he was persuaded to remain over the second day, and when the second day was ended.",0.472663382999599,0.5779076960006932,0.33257153399972594,1.3831426130000182,0.029925584368074517,0.03658888362342843,0.021055994301841668,0.08757046229334461,1
391,mic_fileid_391_doa145_3spk.wav,SepFormer-sepformer-libri3mix,1,15.792625,208,1,speechbrain/sepformer-libri3mix,2,8.506695278023336,,text_fileid_391_doa208_spk1.txt,0.45454545454545453,15,33,4.172702312469482,8.868484497070312,4.69578218460083,4.152534008026123,8.50664234161377,4.3541083335876465,1.2697687149047852,1.7964112758636475,0.5266425609588623,WAS ULTIMATELY CONDUCTED INTO THE MASTER'S PRIVATE ROOM WHERE HE WAS RECEIVED LIKE A PETITIONER HAVE YOU BROUGHT THE BILL OF EXCHANGE WITH YOU ASKED FALK I THINK SO REPLIED THE CRESTFALLEN LEVIN,"was ultimately conducted into the match in a private room, where he may be seen like a petitioner. Have you brought the bill of exchange with you? Ask Fogg. I think so, and he's lying to press follow 11.",0.4725306199998158,0.5678179570004431,0.27211198399891146,1.3124605609991704,0.02992096754021677,0.035954627998856625,0.017230320101877392,0.0831059156409508,1
392,mic_fileid_392_doa16_3spk.wav,SepFormer-sepformer-libri3mix,1,16.223,209,1,speechbrain/sepformer-libri3mix,1,5.959749045634157,,text_fileid_392_doa209_spk1.txt,0.3170731707317073,13,41,6.269815444946289,8.57858943939209,2.308773994445801,6.261033058166504,5.959239482879639,-0.30179357528686523,1.69171142578125,1.8652222156524658,0.17351078987121582,THAT IS WHY I HAVE TO FLY AWAY SOUTH AS SOON AS THE GROUND FREEZES AT ALL IT'S WONDERFUL SIGHED PETER I DON'T SUPPOSE ANY ONE ELSE CAN FIND HIDDEN WORMS THAT WAY MY COUSIN JACK SNIPE CAN REPLIED LONGBILL PROMPTLY,"That is why I'm having to fly away south as soon as the ground freezes at all. It's wonderful, side Peter. I don't suppose anything else to find it works that way. Why cause of Jack's nightcap? replied Longbill promptly.",0.5153845610002463,0.6524571599984483,0.26795970300008776,1.4358014239987824,0.031768757997919395,0.040218033655824964,0.016517271959568994,0.08850406361331335,1
393,mic_fileid_393_doa13_3spk.wav,SepFormer-sepformer-libri3mix,1,11.4945,293,1,speechbrain/sepformer-libri3mix,1,5.817475078414416,,text_fileid_393_doa293_spk1.txt,0.4666666666666667,7,15,5.090887069702148,7.24495267868042,2.1540656089782715,5.058625221252441,5.852817535400391,0.7941923141479492,1.2720805406570435,1.6248838901519775,0.3528033494949341,BUT HOW WILL YOU PASS THROUGH THE BARRIER WITHOUT EXCITING SUSPICION IT SEEMS TO ME,How long have you passed the barrier without a touching suspicion? It seems to me.,0.3368173819999356,0.234146144000988,0.14974332399833656,0.7207068499992602,0.02930248223062644,0.020370276567139762,0.013027389098989652,0.06270014789675585,1
394,mic_fileid_394_doa77_3spk.wav,SepFormer-sepformer-libri3mix,1,16.922625,332,1,speechbrain/sepformer-libri3mix,0,5.658194435131589,,text_fileid_394_doa332_spk1.txt,0.09090909090909091,4,44,3.1717193126678467,5.876391887664795,2.7046725749969482,3.144843578338623,5.65145206451416,2.506608486175537,1.325384259223938,1.52169668674469,0.19631242752075195,MARGUERITE GOT ACCUSTOMED TO THIS NEW EXISTENCE WHOSE SALUTARY EFFECTS SHE ALREADY REALIZED SHE BEGAN TO SPEND SOME OF HER EVENINGS AT HOME OR IF THE WEATHER WAS FINE SHE WRAPPED HERSELF IN A SHAWL PUT ON A VEIL AND WE WENT ON FOOT,"Mark Reed got accustomed to this new existence. She was salutary effects she already realized. She began to spend some of her evenings at home. Or, if the weather was fine, she wrapped herself in a shawl, put on a veil, and we went on foot.",0.5343816049989982,0.7925703649998468,0.37259895100032736,1.6995509209991724,0.03157793811533366,0.04683495409251501,0.022017798716235062,0.10043069092408373,1
395,mic_fileid_395_doa31_3spk.wav,SepFormer-sepformer-libri3mix,1,15.923125,308,1,speechbrain/sepformer-libri3mix,1,5.798240208290267,,text_fileid_395_doa308_spk1.txt,0.2647058823529412,9,34,2.8532724380493164,8.826383590698242,5.973111152648926,2.8388044834136963,6.1497955322265625,3.310991048812866,1.1420083045959473,1.4164118766784668,0.27440357208251953,THE ONLY EXPENSE EXCEPT THAT OF BOOKS TO WHICH A HOUSE BOARDER WAS THEN SUBJECT WAS THE FEE TO A TUTOR AMOUNTING I THINK TO TEN GUINEAS MY TUTOR TOOK ME WITHOUT THE FEE,"The only extent except that of books to which House Border was then subject to is the fee to a boner, a mounting I think to ten years. My tutor took me without the fee.",0.5033146250007121,0.42904093299875967,0.27141361800022423,1.203769175999696,0.03160903560078264,0.026944518302705008,0.017045248216052078,0.07559880211953972,1
396,mic_fileid_396_doa107_3spk.wav,SepFormer-sepformer-libri3mix,1,14.402875,212,1,speechbrain/sepformer-libri3mix,2,8.083951350699031,,text_fileid_396_doa212_spk1.txt,0.4117647058823529,14,34,5.395781993865967,8.771418571472168,3.375636577606201,5.379300117492676,8.069258689880371,2.6899585723876953,1.303015947341919,1.6208562850952148,0.3178403377532959,STUCK WITH A GALLANT AND FIERY AIR OVER HIS LEFT EYE SUCH WAS THE CHIVALRIC PORT OF PETER THE HEADSTRONG AND WHEN HE MADE A SUDDEN HALT PLANTED HIMSELF FIRMLY ON HIS SOLID SUPPORTER,"He was just in the shower with fiery air over his left eye, especially the silver record of his existence. And when he made a sudden halt, planted himself firmly on his solid supporter.",0.4380316850001691,0.39905205000104615,0.26320211500024016,1.1002858500014554,0.03041279501489592,0.027706416253771984,0.018274276142800666,0.07639348741146858,1
397,mic_fileid_397_doa73_3spk.wav,SepFormer-sepformer-libri3mix,1,17.983875,199,1,speechbrain/sepformer-libri3mix,0,7.6018180755117,,text_fileid_397_doa199_spk1.txt,0.3488372093023256,15,43,3.9411113262176514,8.242939949035645,4.301828622817993,3.9206862449645996,7.807290077209473,3.886603832244873,1.2645198106765747,1.7676045894622803,0.5030847787857056,JEFF LAID DOWN WHAT HE WAS READING AND STARTED TO TALK ABOUT CARNEGIE THIS CARNEGIE I BET YOU WOULD BE WORTH SAID JEFF CLOSING UP HIS EYES IN CALCULATION AS MUCH AS PERHAPS TWO MILLION DOLLARS IF YOU WAS TO SELL HIM UP,"Jent laid down what he was reading and started to talk about Carnegie. This Carnegie, I bet you, would be worth, said Jeff, closing up his eyes in the calculation, as much as perhaps a million dollars of you with the salamones. A future of this, of the purely expeditious...",0.584301968001455,0.6428090849985892,0.2503494979991956,1.4774605509992398,0.032490326361891135,0.03574363617399416,0.013920776139691561,0.08215473867557685,1
398,mic_fileid_398_doa14_3spk.wav,SepFormer-sepformer-libri3mix,1,17.575875,14,1,speechbrain/sepformer-libri3mix,2,5.121488951266383,,text_fileid_398_doa14_spk1.txt,0.52,26,50,3.7783398628234863,5.519381046295166,1.7410411834716797,3.770474910736084,5.11915922164917,1.348684310913086,1.3206415176391602,1.5764912366867065,0.2558497190475464,AFTER ONE OF THE GREATEST HURRICANES IN THE HISTORY OF IRELAND SOME FISH WERE FOUND AS FAR AS FIFTEEN YARDS FROM THE EDGE OF A LAKE HAVE ANOTHER THIS IS A GOOD ONE FOR THE EXCLUSIONISTS FALL OF FISH IN PARIS SAID THAT A NEIGHBORING POND HAD BEEN BLOWN DRY,"Have you heard of the Great Churching and the Church of Ireland? Some fish for some of them, as far as 15 yards from the edge of the lake. Have you not? This is a good thing to be exclusive to. But they did follow fish and arrows. Said that a neighboring pond had been blown dry.",0.5774816689990985,0.7416207919995941,0.38223627700062934,1.701338737999322,0.032856496134565046,0.042195383842886576,0.021747780807534724,0.09679966078498635,1
399,mic_fileid_399_doa240_3spk.wav,SepFormer-sepformer-libri3mix,1,16.995875,281,1,speechbrain/sepformer-libri3mix,2,9.393739483071286,,text_fileid_399_doa281_spk1.txt,0.28,7,25,3.398922920227051,10.008551597595215,6.609628677368164,3.389115810394287,9.421456336975098,6.0323405265808105,1.2753500938415527,1.7528133392333984,0.4774632453918457,AND BLOOD CURDLING EDITORIALS INCREASED PUBLIC SENTIMENT AGAINST KESEBERG STAMPING HIM WITH THE MARK OF CAIN AND CLOSING THE DOOR OF EVERY HOME AGAINST HIM,"and blood-surgling editorials in freed public sentiment against Catherber, damping him with the mark of cane, and closing the door of every home against him.",0.5581692940013454,0.39880216600067797,0.28919783599849325,1.2461692960005166,0.032841456765323664,0.023464644568207165,0.017015766237307182,0.07332186757083801,1
