fileid,speaker_id,gt_doa,clean_file,selected_mic_file,selection_strategy,mic_channel,sample_rate,pesq_mode,mic_pesq,pesq_error
0,1,73,/mnt/d/邵鹏远/UCL/博1/code/audition_pipeline/data/dataset_4mic_3spk/Eval/clean/clean_fileid_0_doa73_spk1.wav,/mnt/d/邵鹏远/UCL/博1/code/audition_pipeline/data/dataset_4mic_3spk/Eval/mic/mic_fileid_0_doa73_3spk.wav,match_clean_doa,0,16000,wb,1.3355612754821777,
1,1,187,/mnt/d/邵鹏远/UCL/博1/code/audition_pipeline/data/dataset_4mic_3spk/Eval/clean/clean_fileid_1_doa187_spk1.wav,/mnt/d/邵鹏远/UCL/博1/code/audition_pipeline/data/dataset_4mic_3spk/Eval/mic/mic_fileid_1_doa187_3spk.wav,match_clean_doa,0,16000,wb,1.2753520011901855,
2,1,36,/mnt/d/邵鹏远/UCL/博1/code/audition_pipeline/data/dataset_4mic_3spk/Eval/clean/clean_fileid_2_doa36_spk1.wav,/mnt/d/邵鹏远/UCL/博1/code/audition_pipeline/data/dataset_4mic_3spk/Eval/mic/mic_fileid_2_doa36_3spk.wav,match_clean_doa,0,16000,wb,1.2396373748779297,
3,1,39,/mnt/d/邵鹏远/UCL/博1/code/audition_pipeline/data/dataset_4mic_3spk/Eval/clean/clean_fileid_3_doa39_spk1.wav,/mnt/d/邵鹏远/UCL/博1/code/audition_pipeline/data/dataset_4mic_3spk/Eval/mic/mic_fileid_3_doa39_3spk.wav,match_clean_doa,0,16000,wb,1.2316536903381348,
4,1,26,/mnt/d/邵鹏远/UCL/博1/code/audition_pipeline/data/dataset_4mic_3spk/Eval/clean/clean_fileid_4_doa26_spk1.wav,/mnt/d/邵鹏远/UCL/博1/code/audition_pipeline/data/dataset_4mic_3spk/Eval/mic/mic_fileid_4_doa26_3spk.wav,match_clean_doa,0,16000,wb,1.250014066696167,
5,1,338,/mnt/d/邵鹏远/UCL/博1/code/audition_pipeline/data/dataset_4mic_3spk/Eval/clean/clean_fileid_5_doa338_spk1.wav,/mnt/d/邵鹏远/UCL/博1/code/audition_pipeline/data/dataset_4mic_3spk/Eval/mic/mic_fileid_5_doa338_3spk.wav,match_clean_doa,0,16000,wb,1.1749225854873657,
6,1,140,/mnt/d/邵鹏远/UCL/博1/code/audition_pipeline/data/dataset_4mic_3spk/Eval/clean/clean_fileid_6_doa140_spk1.wav,/mnt/d/邵鹏远/UCL/博1/code/audition_pipeline/data/dataset_4mic_3spk/Eval/mic/mic_fileid_6_doa140_3spk.wav,match_clean_doa,0,16000,wb,1.213527798652649,
7,1,57,/mnt/d/邵鹏远/UCL/博1/code/audition_pipeline/data/dataset_4mic_3spk/Eval/clean/clean_fileid_7_doa57_spk1.wav,/mnt/d/邵鹏远/UCL/博1/code/audition_pipeline/data/dataset_4mic_3spk/Eval/mic/mic_fileid_7_doa57_3spk.wav,match_clean_doa,0,16000,wb,1.1526575088500977,
8,1,333,/mnt/d/邵鹏远/UCL/博1/code/audition_pipeline/data/dataset_4mic_3spk/Eval/clean/clean_fileid_8_doa333_spk1.wav,/mnt/d/邵鹏远/UCL/博1/code/audition_pipeline/data/dataset_4mic_3spk/Eval/mic/mic_fileid_8_doa333_3spk.wav,match_clean_doa,0,16000,wb,1.2348089218139648,
9,1,314,/mnt/d/邵鹏远/UCL/博1/code/audition_pipeline/data/dataset_4mic_3spk/Eval/clean/clean_fileid_9_doa314_spk1.wav,/mnt/d/邵鹏远/UCL/博1/code/audition_pipeline/data/dataset_4mic_3spk/Eval/mic/mic_fileid_9_doa314_3spk.wav,match_clean_doa,0,16000,wb,1.1800642013549805,
10,1,3,/mnt/d/邵鹏远/UCL/博1/code/audition_pipeline/data/dataset_4mic_3spk/Eval/clean/clean_fileid_10_doa3_spk1.wav,/mnt/d/邵鹏远/UCL/博1/code/audition_pipeline/data/dataset_4mic_3spk/Eval/mic/mic_fileid_10_doa3_3spk.wav,match_clean_doa,0,16000,wb,1.1794668436050415,
11,1,264,/mnt/d/邵鹏远/UCL/博1/code/audition_pipeline/data/dataset_4mic_3spk/Eval/clean/clean_fileid_11_doa264_spk1.wav,/mnt/d/邵鹏远/UCL/博1/code/audition_pipeline/data/dataset_4mic_3spk/Eval/mic/mic_fileid_11_doa264_3spk.wav,match_clean_doa,0,16000,wb,1.2188899517059326,
12,1,38,/mnt/d/邵鹏远/UCL/博1/code/audition_pipeline/data/dataset_4mic_3spk/Eval/clean/clean_fileid_12_doa38_spk1.wav,/mnt/d/邵鹏远/UCL/博1/code/audition_pipeline/data/dataset_4mic_3spk/Eval/mic/mic_fileid_12_doa38_3spk.wav,match_clean_doa,0,16000,wb,1.4103443622589111,
13,1,5,/mnt/d/邵鹏远/UCL/博1/code/audition_pipeline/data/dataset_4mic_3spk/Eval/clean/clean_fileid_13_doa5_spk1.wav,/mnt/d/邵鹏远/UCL/博1/code/audition_pipeline/data/dataset_4mic_3spk/Eval/mic/mic_fileid_13_doa5_3spk.wav,match_clean_doa,0,16000,wb,1.3005075454711914,
14,1,181,/mnt/d/邵鹏远/UCL/博1/code/audition_pipeline/data/dataset_4mic_3spk/Eval/clean/clean_fileid_14_doa181_spk1.wav,/mnt/d/邵鹏远/UCL/博1/code/audition_pipeline/data/dataset_4mic_3spk/Eval/mic/mic_fileid_14_doa181_3spk.wav,match_clean_doa,0,16000,wb,1.3085827827453613,
15,1,266,/mnt/d/邵鹏远/UCL/博1/code/audition_pipeline/data/dataset_4mic_3spk/Eval/clean/clean_fileid_15_doa266_spk1.wav,/mnt/d/邵鹏远/UCL/博1/code/audition_pipeline/data/dataset_4mic_3spk/Eval/mic/mic_fileid_15_doa266_3spk.wav,match_clean_doa,0,16000,wb,1.276834487915039,
16,1,36,/mnt/d/邵鹏远/UCL/博1/code/audition_pipeline/data/dataset_4mic_3spk/Eval/clean/clean_fileid_16_doa36_spk1.wav,/mnt/d/邵鹏远/UCL/博1/code/audition_pipeline/data/dataset_4mic_3spk/Eval/mic/mic_fileid_16_doa36_3spk.wav,match_clean_doa,0,16000,wb,1.2247428894042969,
17,1,99,/mnt/d/邵鹏远/UCL/博1/code/audition_pipeline/data/dataset_4mic_3spk/Eval/clean/clean_fileid_17_doa99_spk1.wav,/mnt/d/邵鹏远/UCL/博1/code/audition_pipeline/data/dataset_4mic_3spk/Eval/mic/mic_fileid_17_doa99_3spk.wav,match_clean_doa,0,16000,wb,1.4027400016784668,
18,1,181,/mnt/d/邵鹏远/UCL/博1/code/audition_pipeline/data/dataset_4mic_3spk/Eval/clean/clean_fileid_18_doa181_spk1.wav,/mnt/d/邵鹏远/UCL/博1/code/audition_pipeline/data/dataset_4mic_3spk/Eval/mic/mic_fileid_18_doa181_3spk.wav,match_clean_doa,0,16000,wb,1.3465945720672607,
19,1,340,/mnt/d/邵鹏远/UCL/博1/code/audition_pipeline/data/dataset_4mic_3spk/Eval/clean/clean_fileid_19_doa340_spk1.wav,/mnt/d/邵鹏远/UCL/博1/code/audition_pipeline/data/dataset_4mic_3spk/Eval/mic/mic_fileid_19_doa340_3spk.wav,match_clean_doa,0,16000,wb,1.340700626373291,
20,1,68,/mnt/d/邵鹏远/UCL/博1/code/audition_pipeline/data/dataset_4mic_3spk/Eval/clean/clean_fileid_20_doa68_spk1.wav,/mnt/d/邵鹏远/UCL/博1/code/audition_pipeline/data/dataset_4mic_3spk/Eval/mic/mic_fileid_20_doa68_3spk.wav,match_clean_doa,0,16000,wb,1.3482533693313599,
21,1,34,/mnt/d/邵鹏远/UCL/博1/code/audition_pipeline/data/dataset_4mic_3spk/Eval/clean/clean_fileid_21_doa34_spk1.wav,/mnt/d/邵鹏远/UCL/博1/code/audition_pipeline/data/dataset_4mic_3spk/Eval/mic/mic_fileid_21_doa34_3spk.wav,match_clean_doa,0,16000,wb,1.4030921459197998,
22,1,345,/mnt/d/邵鹏远/UCL/博1/code/audition_pipeline/data/dataset_4mic_3spk/Eval/clean/clean_fileid_22_doa345_spk1.wav,/mnt/d/邵鹏远/UCL/博1/code/audition_pipeline/data/dataset_4mic_3spk/Eval/mic/mic_fileid_22_doa345_3spk.wav,match_clean_doa,0,16000,wb,1.1457661390304565,
23,1,212,/mnt/d/邵鹏远/UCL/博1/code/audition_pipeline/data/dataset_4mic_3spk/Eval/clean/clean_fileid_23_doa212_spk1.wav,/mnt/d/邵鹏远/UCL/博1/code/audition_pipeline/data/dataset_4mic_3spk/Eval/mic/mic_fileid_23_doa212_3spk.wav,match_clean_doa,0,16000,wb,1.343172311782837,
24,1,289,/mnt/d/邵鹏远/UCL/博1/code/audition_pipeline/data/dataset_4mic_3spk/Eval/clean/clean_fileid_24_doa289_spk1.wav,/mnt/d/邵鹏远/UCL/博1/code/audition_pipeline/data/dataset_4mic_3spk/Eval/mic/mic_fileid_24_doa289_3spk.wav,match_clean_doa,0,16000,wb,1.2749168872833252,
25,1,112,/mnt/d/邵鹏远/UCL/博1/code/audition_pipeline/data/dataset_4mic_3spk/Eval/clean/clean_fileid_25_doa112_spk1.wav,/mnt/d/邵鹏远/UCL/博1/code/audition_pipeline/data/dataset_4mic_3spk/Eval/mic/mic_fileid_25_doa112_3spk.wav,match_clean_doa,0,16000,wb,1.189566969871521,
26,1,34,/mnt/d/邵鹏远/UCL/博1/code/audition_pipeline/data/dataset_4mic_3spk/Eval/clean/clean_fileid_26_doa34_spk1.wav,/mnt/d/邵鹏远/UCL/博1/code/audition_pipeline/data/dataset_4mic_3spk/Eval/mic/mic_fileid_26_doa34_3spk.wav,match_clean_doa,0,16000,wb,1.078001856803894,
27,1,173,/mnt/d/邵鹏远/UCL/博1/code/audition_pipeline/data/dataset_4mic_3spk/Eval/clean/clean_fileid_27_doa173_spk1.wav,/mnt/d/邵鹏远/UCL/博1/code/audition_pipeline/data/dataset_4mic_3spk/Eval/mic/mic_fileid_27_doa173_3spk.wav,match_clean_doa,0,16000,wb,1.3772306442260742,
28,1,217,/mnt/d/邵鹏远/UCL/博1/code/audition_pipeline/data/dataset_4mic_3spk/Eval/clean/clean_fileid_28_doa217_spk1.wav,/mnt/d/邵鹏远/UCL/博1/code/audition_pipeline/data/dataset_4mic_3spk/Eval/mic/mic_fileid_28_doa217_3spk.wav,match_clean_doa,0,16000,wb,1.5074307918548584,
29,1,111,/mnt/d/邵鹏远/UCL/博1/code/audition_pipeline/data/dataset_4mic_3spk/Eval/clean/clean_fileid_29_doa111_spk1.wav,/mnt/d/邵鹏远/UCL/博1/code/audition_pipeline/data/dataset_4mic_3spk/Eval/mic/mic_fileid_29_doa111_3spk.wav,match_clean_doa,0,16000,wb,1.1543498039245605,
30,1,12,/mnt/d/邵鹏远/UCL/博1/code/audition_pipeline/data/dataset_4mic_3spk/Eval/clean/clean_fileid_30_doa12_spk1.wav,/mnt/d/邵鹏远/UCL/博1/code/audition_pipeline/data/dataset_4mic_3spk/Eval/mic/mic_fileid_30_doa12_3spk.wav,match_clean_doa,0,16000,wb,1.294529676437378,
31,1,53,/mnt/d/邵鹏远/UCL/博1/code/audition_pipeline/data/dataset_4mic_3spk/Eval/clean/clean_fileid_31_doa53_spk1.wav,/mnt/d/邵鹏远/UCL/博1/code/audition_pipeline/data/dataset_4mic_3spk/Eval/mic/mic_fileid_31_doa53_3spk.wav,match_clean_doa,0,16000,wb,1.3945608139038086,
32,1,102,/mnt/d/邵鹏远/UCL/博1/code/audition_pipeline/data/dataset_4mic_3spk/Eval/clean/clean_fileid_32_doa102_spk1.wav,/mnt/d/邵鹏远/UCL/博1/code/audition_pipeline/data/dataset_4mic_3spk/Eval/mic/mic_fileid_32_doa102_3spk.wav,match_clean_doa,0,16000,wb,1.1066231727600098,
33,1,345,/mnt/d/邵鹏远/UCL/博1/code/audition_pipeline/data/dataset_4mic_3spk/Eval/clean/clean_fileid_33_doa345_spk1.wav,/mnt/d/邵鹏远/UCL/博1/code/audition_pipeline/data/dataset_4mic_3spk/Eval/mic/mic_fileid_33_doa345_3spk.wav,match_clean_doa,0,16000,wb,1.224318027496338,
34,1,157,/mnt/d/邵鹏远/UCL/博1/code/audition_pipeline/data/dataset_4mic_3spk/Eval/clean/clean_fileid_34_doa157_spk1.wav,/mnt/d/邵鹏远/UCL/博1/code/audition_pipeline/data/dataset_4mic_3spk/Eval/mic/mic_fileid_34_doa157_3spk.wav,match_clean_doa,0,16000,wb,1.3603432178497314,
35,1,24,/mnt/d/邵鹏远/UCL/博1/code/audition_pipeline/data/dataset_4mic_3spk/Eval/clean/clean_fileid_35_doa24_spk1.wav,/mnt/d/邵鹏远/UCL/博1/code/audition_pipeline/data/dataset_4mic_3spk/Eval/mic/mic_fileid_35_doa24_3spk.wav,match_clean_doa,0,16000,wb,2.0102014541625977,
36,1,269,/mnt/d/邵鹏远/UCL/博1/code/audition_pipeline/data/dataset_4mic_3spk/Eval/clean/clean_fileid_36_doa269_spk1.wav,/mnt/d/邵鹏远/UCL/博1/code/audition_pipeline/data/dataset_4mic_3spk/Eval/mic/mic_fileid_36_doa269_3spk.wav,match_clean_doa,0,16000,wb,1.1756420135498047,
37,1,104,/mnt/d/邵鹏远/UCL/博1/code/audition_pipeline/data/dataset_4mic_3spk/Eval/clean/clean_fileid_37_doa104_spk1.wav,/mnt/d/邵鹏远/UCL/博1/code/audition_pipeline/data/dataset_4mic_3spk/Eval/mic/mic_fileid_37_doa104_3spk.wav,match_clean_doa,0,16000,wb,1.2512414455413818,
38,1,1,/mnt/d/邵鹏远/UCL/博1/code/audition_pipeline/data/dataset_4mic_3spk/Eval/clean/clean_fileid_38_doa1_spk1.wav,/mnt/d/邵鹏远/UCL/博1/code/audition_pipeline/data/dataset_4mic_3spk/Eval/mic/mic_fileid_38_doa1_3spk.wav,match_clean_doa,0,16000,wb,1.332245111465454,
39,1,250,/mnt/d/邵鹏远/UCL/博1/code/audition_pipeline/data/dataset_4mic_3spk/Eval/clean/clean_fileid_39_doa250_spk1.wav,/mnt/d/邵鹏远/UCL/博1/code/audition_pipeline/data/dataset_4mic_3spk/Eval/mic/mic_fileid_39_doa250_3spk.wav,match_clean_doa,0,16000,wb,1.2933685779571533,
40,1,14,/mnt/d/邵鹏远/UCL/博1/code/audition_pipeline/data/dataset_4mic_3spk/Eval/clean/clean_fileid_40_doa14_spk1.wav,/mnt/d/邵鹏远/UCL/博1/code/audition_pipeline/data/dataset_4mic_3spk/Eval/mic/mic_fileid_40_doa14_3spk.wav,match_clean_doa,0,16000,wb,1.2670615911483765,
41,1,116,/mnt/d/邵鹏远/UCL/博1/code/audition_pipeline/data/dataset_4mic_3spk/Eval/clean/clean_fileid_41_doa116_spk1.wav,/mnt/d/邵鹏远/UCL/博1/code/audition_pipeline/data/dataset_4mic_3spk/Eval/mic/mic_fileid_41_doa116_3spk.wav,match_clean_doa,0,16000,wb,1.4231003522872925,
42,1,76,/mnt/d/邵鹏远/UCL/博1/code/audition_pipeline/data/dataset_4mic_3spk/Eval/clean/clean_fileid_42_doa76_spk1.wav,/mnt/d/邵鹏远/UCL/博1/code/audition_pipeline/data/dataset_4mic_3spk/Eval/mic/mic_fileid_42_doa76_3spk.wav,match_clean_doa,0,16000,wb,1.4226601123809814,
43,1,273,/mnt/d/邵鹏远/UCL/博1/code/audition_pipeline/data/dataset_4mic_3spk/Eval/clean/clean_fileid_43_doa273_spk1.wav,/mnt/d/邵鹏远/UCL/博1/code/audition_pipeline/data/dataset_4mic_3spk/Eval/mic/mic_fileid_43_doa273_3spk.wav,match_clean_doa,0,16000,wb,1.5391054153442383,
44,1,215,/mnt/d/邵鹏远/UCL/博1/code/audition_pipeline/data/dataset_4mic_3spk/Eval/clean/clean_fileid_44_doa215_spk1.wav,/mnt/d/邵鹏远/UCL/博1/code/audition_pipeline/data/dataset_4mic_3spk/Eval/mic/mic_fileid_44_doa215_3spk.wav,match_clean_doa,0,16000,wb,1.17716383934021,
45,1,278,/mnt/d/邵鹏远/UCL/博1/code/audition_pipeline/data/dataset_4mic_3spk/Eval/clean/clean_fileid_45_doa278_spk1.wav,/mnt/d/邵鹏远/UCL/博1/code/audition_pipeline/data/dataset_4mic_3spk/Eval/mic/mic_fileid_45_doa278_3spk.wav,match_clean_doa,0,16000,wb,1.187213659286499,
46,1,189,/mnt/d/邵鹏远/UCL/博1/code/audition_pipeline/data/dataset_4mic_3spk/Eval/clean/clean_fileid_46_doa189_spk1.wav,/mnt/d/邵鹏远/UCL/博1/code/audition_pipeline/data/dataset_4mic_3spk/Eval/mic/mic_fileid_46_doa189_3spk.wav,match_clean_doa,0,16000,wb,1.210951566696167,
47,1,104,/mnt/d/邵鹏远/UCL/博1/code/audition_pipeline/data/dataset_4mic_3spk/Eval/clean/clean_fileid_47_doa104_spk1.wav,/mnt/d/邵鹏远/UCL/博1/code/audition_pipeline/data/dataset_4mic_3spk/Eval/mic/mic_fileid_47_doa104_3spk.wav,match_clean_doa,0,16000,wb,1.1940131187438965,
48,1,227,/mnt/d/邵鹏远/UCL/博1/code/audition_pipeline/data/dataset_4mic_3spk/Eval/clean/clean_fileid_48_doa227_spk1.wav,/mnt/d/邵鹏远/UCL/博1/code/audition_pipeline/data/dataset_4mic_3spk/Eval/mic/mic_fileid_48_doa227_3spk.wav,match_clean_doa,0,16000,wb,1.266977310180664,
49,1,63,/mnt/d/邵鹏远/UCL/博1/code/audition_pipeline/data/dataset_4mic_3spk/Eval/clean/clean_fileid_49_doa63_spk1.wav,/mnt/d/邵鹏远/UCL/博1/code/audition_pipeline/data/dataset_4mic_3spk/Eval/mic/mic_fileid_49_doa63_3spk.wav,match_clean_doa,0,16000,wb,1.333756446838379,
50,1,58,/mnt/d/邵鹏远/UCL/博1/code/audition_pipeline/data/dataset_4mic_3spk/Eval/clean/clean_fileid_50_doa58_spk1.wav,/mnt/d/邵鹏远/UCL/博1/code/audition_pipeline/data/dataset_4mic_3spk/Eval/mic/mic_fileid_50_doa58_3spk.wav,match_clean_doa,0,16000,wb,1.1820297241210938,
51,1,46,/mnt/d/邵鹏远/UCL/博1/code/audition_pipeline/data/dataset_4mic_3spk/Eval/clean/clean_fileid_51_doa46_spk1.wav,/mnt/d/邵鹏远/UCL/博1/code/audition_pipeline/data/dataset_4mic_3spk/Eval/mic/mic_fileid_51_doa46_3spk.wav,match_clean_doa,0,16000,wb,1.3529589176177979,
52,1,310,/mnt/d/邵鹏远/UCL/博1/code/audition_pipeline/data/dataset_4mic_3spk/Eval/clean/clean_fileid_52_doa310_spk1.wav,/mnt/d/邵鹏远/UCL/博1/code/audition_pipeline/data/dataset_4mic_3spk/Eval/mic/mic_fileid_52_doa310_3spk.wav,match_clean_doa,0,16000,wb,1.2146230936050415,
53,1,106,/mnt/d/邵鹏远/UCL/博1/code/audition_pipeline/data/dataset_4mic_3spk/Eval/clean/clean_fileid_53_doa106_spk1.wav,/mnt/d/邵鹏远/UCL/博1/code/audition_pipeline/data/dataset_4mic_3spk/Eval/mic/mic_fileid_53_doa106_3spk.wav,match_clean_doa,0,16000,wb,1.0864331722259521,
54,1,327,/mnt/d/邵鹏远/UCL/博1/code/audition_pipeline/data/dataset_4mic_3spk/Eval/clean/clean_fileid_54_doa327_spk1.wav,/mnt/d/邵鹏远/UCL/博1/code/audition_pipeline/data/dataset_4mic_3spk/Eval/mic/mic_fileid_54_doa327_3spk.wav,match_clean_doa,0,16000,wb,1.1045811176300049,
55,1,144,/mnt/d/邵鹏远/UCL/博1/code/audition_pipeline/data/dataset_4mic_3spk/Eval/clean/clean_fileid_55_doa144_spk1.wav,/mnt/d/邵鹏远/UCL/博1/code/audition_pipeline/data/dataset_4mic_3spk/Eval/mic/mic_fileid_55_doa144_3spk.wav,match_clean_doa,0,16000,wb,1.0452173948287964,
56,1,64,/mnt/d/邵鹏远/UCL/博1/code/audition_pipeline/data/dataset_4mic_3spk/Eval/clean/clean_fileid_56_doa64_spk1.wav,/mnt/d/邵鹏远/UCL/博1/code/audition_pipeline/data/dataset_4mic_3spk/Eval/mic/mic_fileid_56_doa64_3spk.wav,match_clean_doa,0,16000,wb,1.2097444534301758,
57,1,173,/mnt/d/邵鹏远/UCL/博1/code/audition_pipeline/data/dataset_4mic_3spk/Eval/clean/clean_fileid_57_doa173_spk1.wav,/mnt/d/邵鹏远/UCL/博1/code/audition_pipeline/data/dataset_4mic_3spk/Eval/mic/mic_fileid_57_doa173_3spk.wav,match_clean_doa,0,16000,wb,1.3396108150482178,
58,1,128,/mnt/d/邵鹏远/UCL/博1/code/audition_pipeline/data/dataset_4mic_3spk/Eval/clean/clean_fileid_58_doa128_spk1.wav,/mnt/d/邵鹏远/UCL/博1/code/audition_pipeline/data/dataset_4mic_3spk/Eval/mic/mic_fileid_58_doa128_3spk.wav,match_clean_doa,0,16000,wb,1.351789951324463,
59,1,257,/mnt/d/邵鹏远/UCL/博1/code/audition_pipeline/data/dataset_4mic_3spk/Eval/clean/clean_fileid_59_doa257_spk1.wav,/mnt/d/邵鹏远/UCL/博1/code/audition_pipeline/data/dataset_4mic_3spk/Eval/mic/mic_fileid_59_doa257_3spk.wav,match_clean_doa,0,16000,wb,1.4081659317016602,
60,1,144,/mnt/d/邵鹏远/UCL/博1/code/audition_pipeline/data/dataset_4mic_3spk/Eval/clean/clean_fileid_60_doa144_spk1.wav,/mnt/d/邵鹏远/UCL/博1/code/audition_pipeline/data/dataset_4mic_3spk/Eval/mic/mic_fileid_60_doa144_3spk.wav,match_clean_doa,0,16000,wb,1.4090924263000488,
61,1,149,/mnt/d/邵鹏远/UCL/博1/code/audition_pipeline/data/dataset_4mic_3spk/Eval/clean/clean_fileid_61_doa149_spk1.wav,/mnt/d/邵鹏远/UCL/博1/code/audition_pipeline/data/dataset_4mic_3spk/Eval/mic/mic_fileid_61_doa149_3spk.wav,match_clean_doa,0,16000,wb,1.075989007949829,
62,1,308,/mnt/d/邵鹏远/UCL/博1/code/audition_pipeline/data/dataset_4mic_3spk/Eval/clean/clean_fileid_62_doa308_spk1.wav,/mnt/d/邵鹏远/UCL/博1/code/audition_pipeline/data/dataset_4mic_3spk/Eval/mic/mic_fileid_62_doa308_3spk.wav,match_clean_doa,0,16000,wb,1.1861997842788696,
63,1,312,/mnt/d/邵鹏远/UCL/博1/code/audition_pipeline/data/dataset_4mic_3spk/Eval/clean/clean_fileid_63_doa312_spk1.wav,/mnt/d/邵鹏远/UCL/博1/code/audition_pipeline/data/dataset_4mic_3spk/Eval/mic/mic_fileid_63_doa312_3spk.wav,match_clean_doa,0,16000,wb,1.0464472770690918,
64,1,327,/mnt/d/邵鹏远/UCL/博1/code/audition_pipeline/data/dataset_4mic_3spk/Eval/clean/clean_fileid_64_doa327_spk1.wav,/mnt/d/邵鹏远/UCL/博1/code/audition_pipeline/data/dataset_4mic_3spk/Eval/mic/mic_fileid_64_doa327_3spk.wav,match_clean_doa,0,16000,wb,1.3453004360198975,
65,1,218,/mnt/d/邵鹏远/UCL/博1/code/audition_pipeline/data/dataset_4mic_3spk/Eval/clean/clean_fileid_65_doa218_spk1.wav,/mnt/d/邵鹏远/UCL/博1/code/audition_pipeline/data/dataset_4mic_3spk/Eval/mic/mic_fileid_65_doa218_3spk.wav,match_clean_doa,0,16000,wb,1.0997039079666138,
66,1,242,/mnt/d/邵鹏远/UCL/博1/code/audition_pipeline/data/dataset_4mic_3spk/Eval/clean/clean_fileid_66_doa242_spk1.wav,/mnt/d/邵鹏远/UCL/博1/code/audition_pipeline/data/dataset_4mic_3spk/Eval/mic/mic_fileid_66_doa242_3spk.wav,match_clean_doa,0,16000,wb,1.4106262922286987,
67,1,77,/mnt/d/邵鹏远/UCL/博1/code/audition_pipeline/data/dataset_4mic_3spk/Eval/clean/clean_fileid_67_doa77_spk1.wav,/mnt/d/邵鹏远/UCL/博1/code/audition_pipeline/data/dataset_4mic_3spk/Eval/mic/mic_fileid_67_doa77_3spk.wav,match_clean_doa,0,16000,wb,1.2078115940093994,
68,1,357,/mnt/d/邵鹏远/UCL/博1/code/audition_pipeline/data/dataset_4mic_3spk/Eval/clean/clean_fileid_68_doa357_spk1.wav,/mnt/d/邵鹏远/UCL/博1/code/audition_pipeline/data/dataset_4mic_3spk/Eval/mic/mic_fileid_68_doa357_3spk.wav,match_clean_doa,0,16000,wb,1.2678897380828857,
69,1,304,/mnt/d/邵鹏远/UCL/博1/code/audition_pipeline/data/dataset_4mic_3spk/Eval/clean/clean_fileid_69_doa304_spk1.wav,/mnt/d/邵鹏远/UCL/博1/code/audition_pipeline/data/dataset_4mic_3spk/Eval/mic/mic_fileid_69_doa304_3spk.wav,match_clean_doa,0,16000,wb,1.3119797706604004,
70,1,288,/mnt/d/邵鹏远/UCL/博1/code/audition_pipeline/data/dataset_4mic_3spk/Eval/clean/clean_fileid_70_doa288_spk1.wav,/mnt/d/邵鹏远/UCL/博1/code/audition_pipeline/data/dataset_4mic_3spk/Eval/mic/mic_fileid_70_doa288_3spk.wav,match_clean_doa,0,16000,wb,1.1337860822677612,
71,1,92,/mnt/d/邵鹏远/UCL/博1/code/audition_pipeline/data/dataset_4mic_3spk/Eval/clean/clean_fileid_71_doa92_spk1.wav,/mnt/d/邵鹏远/UCL/博1/code/audition_pipeline/data/dataset_4mic_3spk/Eval/mic/mic_fileid_71_doa92_3spk.wav,match_clean_doa,0,16000,wb,1.4512699842453003,
72,1,57,/mnt/d/邵鹏远/UCL/博1/code/audition_pipeline/data/dataset_4mic_3spk/Eval/clean/clean_fileid_72_doa57_spk1.wav,/mnt/d/邵鹏远/UCL/博1/code/audition_pipeline/data/dataset_4mic_3spk/Eval/mic/mic_fileid_72_doa57_3spk.wav,match_clean_doa,0,16000,wb,1.2433006763458252,
73,1,97,/mnt/d/邵鹏远/UCL/博1/code/audition_pipeline/data/dataset_4mic_3spk/Eval/clean/clean_fileid_73_doa97_spk1.wav,/mnt/d/邵鹏远/UCL/博1/code/audition_pipeline/data/dataset_4mic_3spk/Eval/mic/mic_fileid_73_doa97_3spk.wav,match_clean_doa,0,16000,wb,1.391947627067566,
74,1,116,/mnt/d/邵鹏远/UCL/博1/code/audition_pipeline/data/dataset_4mic_3spk/Eval/clean/clean_fileid_74_doa116_spk1.wav,/mnt/d/邵鹏远/UCL/博1/code/audition_pipeline/data/dataset_4mic_3spk/Eval/mic/mic_fileid_74_doa116_3spk.wav,match_clean_doa,0,16000,wb,1.4261443614959717,
75,1,204,/mnt/d/邵鹏远/UCL/博1/code/audition_pipeline/data/dataset_4mic_3spk/Eval/clean/clean_fileid_75_doa204_spk1.wav,/mnt/d/邵鹏远/UCL/博1/code/audition_pipeline/data/dataset_4mic_3spk/Eval/mic/mic_fileid_75_doa204_3spk.wav,match_clean_doa,0,16000,wb,1.170198678970337,
76,1,66,/mnt/d/邵鹏远/UCL/博1/code/audition_pipeline/data/dataset_4mic_3spk/Eval/clean/clean_fileid_76_doa66_spk1.wav,/mnt/d/邵鹏远/UCL/博1/code/audition_pipeline/data/dataset_4mic_3spk/Eval/mic/mic_fileid_76_doa66_3spk.wav,match_clean_doa,0,16000,wb,1.2463105916976929,
77,1,267,/mnt/d/邵鹏远/UCL/博1/code/audition_pipeline/data/dataset_4mic_3spk/Eval/clean/clean_fileid_77_doa267_spk1.wav,/mnt/d/邵鹏远/UCL/博1/code/audition_pipeline/data/dataset_4mic_3spk/Eval/mic/mic_fileid_77_doa267_3spk.wav,match_clean_doa,0,16000,wb,1.174440622329712,
78,1,78,/mnt/d/邵鹏远/UCL/博1/code/audition_pipeline/data/dataset_4mic_3spk/Eval/clean/clean_fileid_78_doa78_spk1.wav,/mnt/d/邵鹏远/UCL/博1/code/audition_pipeline/data/dataset_4mic_3spk/Eval/mic/mic_fileid_78_doa78_3spk.wav,match_clean_doa,0,16000,wb,1.2238025665283203,
79,1,98,/mnt/d/邵鹏远/UCL/博1/code/audition_pipeline/data/dataset_4mic_3spk/Eval/clean/clean_fileid_79_doa98_spk1.wav,/mnt/d/邵鹏远/UCL/博1/code/audition_pipeline/data/dataset_4mic_3spk/Eval/mic/mic_fileid_79_doa98_3spk.wav,match_clean_doa,0,16000,wb,1.293771743774414,
80,1,315,/mnt/d/邵鹏远/UCL/博1/code/audition_pipeline/data/dataset_4mic_3spk/Eval/clean/clean_fileid_80_doa315_spk1.wav,/mnt/d/邵鹏远/UCL/博1/code/audition_pipeline/data/dataset_4mic_3spk/Eval/mic/mic_fileid_80_doa315_3spk.wav,match_clean_doa,0,16000,wb,1.4250080585479736,
81,1,289,/mnt/d/邵鹏远/UCL/博1/code/audition_pipeline/data/dataset_4mic_3spk/Eval/clean/clean_fileid_81_doa289_spk1.wav,/mnt/d/邵鹏远/UCL/博1/code/audition_pipeline/data/dataset_4mic_3spk/Eval/mic/mic_fileid_81_doa289_3spk.wav,match_clean_doa,0,16000,wb,1.2298779487609863,
82,1,243,/mnt/d/邵鹏远/UCL/博1/code/audition_pipeline/data/dataset_4mic_3spk/Eval/clean/clean_fileid_82_doa243_spk1.wav,/mnt/d/邵鹏远/UCL/博1/code/audition_pipeline/data/dataset_4mic_3spk/Eval/mic/mic_fileid_82_doa243_3spk.wav,match_clean_doa,0,16000,wb,1.1868855953216553,
83,1,43,/mnt/d/邵鹏远/UCL/博1/code/audition_pipeline/data/dataset_4mic_3spk/Eval/clean/clean_fileid_83_doa43_spk1.wav,/mnt/d/邵鹏远/UCL/博1/code/audition_pipeline/data/dataset_4mic_3spk/Eval/mic/mic_fileid_83_doa43_3spk.wav,match_clean_doa,0,16000,wb,1.3019825220108032,
84,1,41,/mnt/d/邵鹏远/UCL/博1/code/audition_pipeline/data/dataset_4mic_3spk/Eval/clean/clean_fileid_84_doa41_spk1.wav,/mnt/d/邵鹏远/UCL/博1/code/audition_pipeline/data/dataset_4mic_3spk/Eval/mic/mic_fileid_84_doa41_3spk.wav,match_clean_doa,0,16000,wb,1.1321969032287598,
85,1,173,/mnt/d/邵鹏远/UCL/博1/code/audition_pipeline/data/dataset_4mic_3spk/Eval/clean/clean_fileid_85_doa173_spk1.wav,/mnt/d/邵鹏远/UCL/博1/code/audition_pipeline/data/dataset_4mic_3spk/Eval/mic/mic_fileid_85_doa173_3spk.wav,match_clean_doa,0,16000,wb,1.271450400352478,
86,1,290,/mnt/d/邵鹏远/UCL/博1/code/audition_pipeline/data/dataset_4mic_3spk/Eval/clean/clean_fileid_86_doa290_spk1.wav,/mnt/d/邵鹏远/UCL/博1/code/audition_pipeline/data/dataset_4mic_3spk/Eval/mic/mic_fileid_86_doa290_3spk.wav,match_clean_doa,0,16000,wb,1.276016354560852,
87,1,124,/mnt/d/邵鹏远/UCL/博1/code/audition_pipeline/data/dataset_4mic_3spk/Eval/clean/clean_fileid_87_doa124_spk1.wav,/mnt/d/邵鹏远/UCL/博1/code/audition_pipeline/data/dataset_4mic_3spk/Eval/mic/mic_fileid_87_doa124_3spk.wav,match_clean_doa,0,16000,wb,1.138352632522583,
88,1,122,/mnt/d/邵鹏远/UCL/博1/code/audition_pipeline/data/dataset_4mic_3spk/Eval/clean/clean_fileid_88_doa122_spk1.wav,/mnt/d/邵鹏远/UCL/博1/code/audition_pipeline/data/dataset_4mic_3spk/Eval/mic/mic_fileid_88_doa122_3spk.wav,match_clean_doa,0,16000,wb,1.286777138710022,
89,1,226,/mnt/d/邵鹏远/UCL/博1/code/audition_pipeline/data/dataset_4mic_3spk/Eval/clean/clean_fileid_89_doa226_spk1.wav,/mnt/d/邵鹏远/UCL/博1/code/audition_pipeline/data/dataset_4mic_3spk/Eval/mic/mic_fileid_89_doa226_3spk.wav,match_clean_doa,0,16000,wb,1.1799339056015015,
90,1,290,/mnt/d/邵鹏远/UCL/博1/code/audition_pipeline/data/dataset_4mic_3spk/Eval/clean/clean_fileid_90_doa290_spk1.wav,/mnt/d/邵鹏远/UCL/博1/code/audition_pipeline/data/dataset_4mic_3spk/Eval/mic/mic_fileid_90_doa290_3spk.wav,match_clean_doa,0,16000,wb,1.3078420162200928,
91,1,144,/mnt/d/邵鹏远/UCL/博1/code/audition_pipeline/data/dataset_4mic_3spk/Eval/clean/clean_fileid_91_doa144_spk1.wav,/mnt/d/邵鹏远/UCL/博1/code/audition_pipeline/data/dataset_4mic_3spk/Eval/mic/mic_fileid_91_doa144_3spk.wav,match_clean_doa,0,16000,wb,1.2341283559799194,
92,1,256,/mnt/d/邵鹏远/UCL/博1/code/audition_pipeline/data/dataset_4mic_3spk/Eval/clean/clean_fileid_92_doa256_spk1.wav,/mnt/d/邵鹏远/UCL/博1/code/audition_pipeline/data/dataset_4mic_3spk/Eval/mic/mic_fileid_92_doa256_3spk.wav,match_clean_doa,0,16000,wb,1.0995041131973267,
93,1,3,/mnt/d/邵鹏远/UCL/博1/code/audition_pipeline/data/dataset_4mic_3spk/Eval/clean/clean_fileid_93_doa3_spk1.wav,/mnt/d/邵鹏远/UCL/博1/code/audition_pipeline/data/dataset_4mic_3spk/Eval/mic/mic_fileid_93_doa3_3spk.wav,match_clean_doa,0,16000,wb,1.1682813167572021,
94,1,101,/mnt/d/邵鹏远/UCL/博1/code/audition_pipeline/data/dataset_4mic_3spk/Eval/clean/clean_fileid_94_doa101_spk1.wav,/mnt/d/邵鹏远/UCL/博1/code/audition_pipeline/data/dataset_4mic_3spk/Eval/mic/mic_fileid_94_doa101_3spk.wav,match_clean_doa,0,16000,wb,1.2338738441467285,
95,1,125,/mnt/d/邵鹏远/UCL/博1/code/audition_pipeline/data/dataset_4mic_3spk/Eval/clean/clean_fileid_95_doa125_spk1.wav,/mnt/d/邵鹏远/UCL/博1/code/audition_pipeline/data/dataset_4mic_3spk/Eval/mic/mic_fileid_95_doa125_3spk.wav,match_clean_doa,0,16000,wb,1.1081455945968628,
96,1,160,/mnt/d/邵鹏远/UCL/博1/code/audition_pipeline/data/dataset_4mic_3spk/Eval/clean/clean_fileid_96_doa160_spk1.wav,/mnt/d/邵鹏远/UCL/博1/code/audition_pipeline/data/dataset_4mic_3spk/Eval/mic/mic_fileid_96_doa160_3spk.wav,match_clean_doa,0,16000,wb,1.249191403388977,
97,1,251,/mnt/d/邵鹏远/UCL/博1/code/audition_pipeline/data/dataset_4mic_3spk/Eval/clean/clean_fileid_97_doa251_spk1.wav,/mnt/d/邵鹏远/UCL/博1/code/audition_pipeline/data/dataset_4mic_3spk/Eval/mic/mic_fileid_97_doa251_3spk.wav,match_clean_doa,0,16000,wb,1.238439679145813,
98,1,128,/mnt/d/邵鹏远/UCL/博1/code/audition_pipeline/data/dataset_4mic_3spk/Eval/clean/clean_fileid_98_doa128_spk1.wav,/mnt/d/邵鹏远/UCL/博1/code/audition_pipeline/data/dataset_4mic_3spk/Eval/mic/mic_fileid_98_doa128_3spk.wav,match_clean_doa,0,16000,wb,1.1589837074279785,
99,1,247,/mnt/d/邵鹏远/UCL/博1/code/audition_pipeline/data/dataset_4mic_3spk/Eval/clean/clean_fileid_99_doa247_spk1.wav,/mnt/d/邵鹏远/UCL/博1/code/audition_pipeline/data/dataset_4mic_3spk/Eval/mic/mic_fileid_99_doa247_3spk.wav,match_clean_doa,0,16000,wb,1.4689650535583496,
100,1,258,/mnt/d/邵鹏远/UCL/博1/code/audition_pipeline/data/dataset_4mic_3spk/Eval/clean/clean_fileid_100_doa258_spk1.wav,/mnt/d/邵鹏远/UCL/博1/code/audition_pipeline/data/dataset_4mic_3spk/Eval/mic/mic_fileid_100_doa258_3spk.wav,match_clean_doa,0,16000,wb,1.1294280290603638,
101,1,272,/mnt/d/邵鹏远/UCL/博1/code/audition_pipeline/data/dataset_4mic_3spk/Eval/clean/clean_fileid_101_doa272_spk1.wav,/mnt/d/邵鹏远/UCL/博1/code/audition_pipeline/data/dataset_4mic_3spk/Eval/mic/mic_fileid_101_doa272_3spk.wav,match_clean_doa,0,16000,wb,1.2489171028137207,
102,1,324,/mnt/d/邵鹏远/UCL/博1/code/audition_pipeline/data/dataset_4mic_3spk/Eval/clean/clean_fileid_102_doa324_spk1.wav,/mnt/d/邵鹏远/UCL/博1/code/audition_pipeline/data/dataset_4mic_3spk/Eval/mic/mic_fileid_102_doa324_3spk.wav,match_clean_doa,0,16000,wb,1.208803415298462,
103,1,59,/mnt/d/邵鹏远/UCL/博1/code/audition_pipeline/data/dataset_4mic_3spk/Eval/clean/clean_fileid_103_doa59_spk1.wav,/mnt/d/邵鹏远/UCL/博1/code/audition_pipeline/data/dataset_4mic_3spk/Eval/mic/mic_fileid_103_doa59_3spk.wav,match_clean_doa,0,16000,wb,1.5206270217895508,
104,1,301,/mnt/d/邵鹏远/UCL/博1/code/audition_pipeline/data/dataset_4mic_3spk/Eval/clean/clean_fileid_104_doa301_spk1.wav,/mnt/d/邵鹏远/UCL/博1/code/audition_pipeline/data/dataset_4mic_3spk/Eval/mic/mic_fileid_104_doa301_3spk.wav,match_clean_doa,0,16000,wb,1.2184832096099854,
105,1,134,/mnt/d/邵鹏远/UCL/博1/code/audition_pipeline/data/dataset_4mic_3spk/Eval/clean/clean_fileid_105_doa134_spk1.wav,/mnt/d/邵鹏远/UCL/博1/code/audition_pipeline/data/dataset_4mic_3spk/Eval/mic/mic_fileid_105_doa134_3spk.wav,match_clean_doa,0,16000,wb,1.309891939163208,
106,1,130,/mnt/d/邵鹏远/UCL/博1/code/audition_pipeline/data/dataset_4mic_3spk/Eval/clean/clean_fileid_106_doa130_spk1.wav,/mnt/d/邵鹏远/UCL/博1/code/audition_pipeline/data/dataset_4mic_3spk/Eval/mic/mic_fileid_106_doa130_3spk.wav,match_clean_doa,0,16000,wb,1.2320476770401,
107,1,58,/mnt/d/邵鹏远/UCL/博1/code/audition_pipeline/data/dataset_4mic_3spk/Eval/clean/clean_fileid_107_doa58_spk1.wav,/mnt/d/邵鹏远/UCL/博1/code/audition_pipeline/data/dataset_4mic_3spk/Eval/mic/mic_fileid_107_doa58_3spk.wav,match_clean_doa,0,16000,wb,1.1411728858947754,
108,1,63,/mnt/d/邵鹏远/UCL/博1/code/audition_pipeline/data/dataset_4mic_3spk/Eval/clean/clean_fileid_108_doa63_spk1.wav,/mnt/d/邵鹏远/UCL/博1/code/audition_pipeline/data/dataset_4mic_3spk/Eval/mic/mic_fileid_108_doa63_3spk.wav,match_clean_doa,0,16000,wb,1.1772655248641968,
109,1,236,/mnt/d/邵鹏远/UCL/博1/code/audition_pipeline/data/dataset_4mic_3spk/Eval/clean/clean_fileid_109_doa236_spk1.wav,/mnt/d/邵鹏远/UCL/博1/code/audition_pipeline/data/dataset_4mic_3spk/Eval/mic/mic_fileid_109_doa236_3spk.wav,match_clean_doa,0,16000,wb,1.2175250053405762,
110,1,265,/mnt/d/邵鹏远/UCL/博1/code/audition_pipeline/data/dataset_4mic_3spk/Eval/clean/clean_fileid_110_doa265_spk1.wav,/mnt/d/邵鹏远/UCL/博1/code/audition_pipeline/data/dataset_4mic_3spk/Eval/mic/mic_fileid_110_doa265_3spk.wav,match_clean_doa,0,16000,wb,1.2235941886901855,
111,1,186,/mnt/d/邵鹏远/UCL/博1/code/audition_pipeline/data/dataset_4mic_3spk/Eval/clean/clean_fileid_111_doa186_spk1.wav,/mnt/d/邵鹏远/UCL/博1/code/audition_pipeline/data/dataset_4mic_3spk/Eval/mic/mic_fileid_111_doa186_3spk.wav,match_clean_doa,0,16000,wb,1.2428102493286133,
112,1,172,/mnt/d/邵鹏远/UCL/博1/code/audition_pipeline/data/dataset_4mic_3spk/Eval/clean/clean_fileid_112_doa172_spk1.wav,/mnt/d/邵鹏远/UCL/博1/code/audition_pipeline/data/dataset_4mic_3spk/Eval/mic/mic_fileid_112_doa172_3spk.wav,match_clean_doa,0,16000,wb,1.1430253982543945,
113,1,64,/mnt/d/邵鹏远/UCL/博1/code/audition_pipeline/data/dataset_4mic_3spk/Eval/clean/clean_fileid_113_doa64_spk1.wav,/mnt/d/邵鹏远/UCL/博1/code/audition_pipeline/data/dataset_4mic_3spk/Eval/mic/mic_fileid_113_doa64_3spk.wav,match_clean_doa,0,16000,wb,1.2988532781600952,
114,1,273,/mnt/d/邵鹏远/UCL/博1/code/audition_pipeline/data/dataset_4mic_3spk/Eval/clean/clean_fileid_114_doa273_spk1.wav,/mnt/d/邵鹏远/UCL/博1/code/audition_pipeline/data/dataset_4mic_3spk/Eval/mic/mic_fileid_114_doa273_3spk.wav,match_clean_doa,0,16000,wb,1.6400835514068604,
115,1,201,/mnt/d/邵鹏远/UCL/博1/code/audition_pipeline/data/dataset_4mic_3spk/Eval/clean/clean_fileid_115_doa201_spk1.wav,/mnt/d/邵鹏远/UCL/博1/code/audition_pipeline/data/dataset_4mic_3spk/Eval/mic/mic_fileid_115_doa201_3spk.wav,match_clean_doa,0,16000,wb,1.3293116092681885,
116,1,41,/mnt/d/邵鹏远/UCL/博1/code/audition_pipeline/data/dataset_4mic_3spk/Eval/clean/clean_fileid_116_doa41_spk1.wav,/mnt/d/邵鹏远/UCL/博1/code/audition_pipeline/data/dataset_4mic_3spk/Eval/mic/mic_fileid_116_doa41_3spk.wav,match_clean_doa,0,16000,wb,1.2522642612457275,
117,1,326,/mnt/d/邵鹏远/UCL/博1/code/audition_pipeline/data/dataset_4mic_3spk/Eval/clean/clean_fileid_117_doa326_spk1.wav,/mnt/d/邵鹏远/UCL/博1/code/audition_pipeline/data/dataset_4mic_3spk/Eval/mic/mic_fileid_117_doa326_3spk.wav,match_clean_doa,0,16000,wb,1.1673139333724976,
118,1,209,/mnt/d/邵鹏远/UCL/博1/code/audition_pipeline/data/dataset_4mic_3spk/Eval/clean/clean_fileid_118_doa209_spk1.wav,/mnt/d/邵鹏远/UCL/博1/code/audition_pipeline/data/dataset_4mic_3spk/Eval/mic/mic_fileid_118_doa209_3spk.wav,match_clean_doa,0,16000,wb,1.2226347923278809,
119,1,313,/mnt/d/邵鹏远/UCL/博1/code/audition_pipeline/data/dataset_4mic_3spk/Eval/clean/clean_fileid_119_doa313_spk1.wav,/mnt/d/邵鹏远/UCL/博1/code/audition_pipeline/data/dataset_4mic_3spk/Eval/mic/mic_fileid_119_doa313_3spk.wav,match_clean_doa,0,16000,wb,1.3320400714874268,
120,1,257,/mnt/d/邵鹏远/UCL/博1/code/audition_pipeline/data/dataset_4mic_3spk/Eval/clean/clean_fileid_120_doa257_spk1.wav,/mnt/d/邵鹏远/UCL/博1/code/audition_pipeline/data/dataset_4mic_3spk/Eval/mic/mic_fileid_120_doa257_3spk.wav,match_clean_doa,0,16000,wb,1.2153161764144897,
121,1,6,/mnt/d/邵鹏远/UCL/博1/code/audition_pipeline/data/dataset_4mic_3spk/Eval/clean/clean_fileid_121_doa6_spk1.wav,/mnt/d/邵鹏远/UCL/博1/code/audition_pipeline/data/dataset_4mic_3spk/Eval/mic/mic_fileid_121_doa6_3spk.wav,match_clean_doa,0,16000,wb,1.3274550437927246,
122,1,302,/mnt/d/邵鹏远/UCL/博1/code/audition_pipeline/data/dataset_4mic_3spk/Eval/clean/clean_fileid_122_doa302_spk1.wav,/mnt/d/邵鹏远/UCL/博1/code/audition_pipeline/data/dataset_4mic_3spk/Eval/mic/mic_fileid_122_doa302_3spk.wav,match_clean_doa,0,16000,wb,1.3029499053955078,
123,1,323,/mnt/d/邵鹏远/UCL/博1/code/audition_pipeline/data/dataset_4mic_3spk/Eval/clean/clean_fileid_123_doa323_spk1.wav,/mnt/d/邵鹏远/UCL/博1/code/audition_pipeline/data/dataset_4mic_3spk/Eval/mic/mic_fileid_123_doa323_3spk.wav,match_clean_doa,0,16000,wb,1.2339489459991455,
124,1,251,/mnt/d/邵鹏远/UCL/博1/code/audition_pipeline/data/dataset_4mic_3spk/Eval/clean/clean_fileid_124_doa251_spk1.wav,/mnt/d/邵鹏远/UCL/博1/code/audition_pipeline/data/dataset_4mic_3spk/Eval/mic/mic_fileid_124_doa251_3spk.wav,match_clean_doa,0,16000,wb,1.1971819400787354,
125,1,303,/mnt/d/邵鹏远/UCL/博1/code/audition_pipeline/data/dataset_4mic_3spk/Eval/clean/clean_fileid_125_doa303_spk1.wav,/mnt/d/邵鹏远/UCL/博1/code/audition_pipeline/data/dataset_4mic_3spk/Eval/mic/mic_fileid_125_doa303_3spk.wav,match_clean_doa,0,16000,wb,1.2293331623077393,
126,1,119,/mnt/d/邵鹏远/UCL/博1/code/audition_pipeline/data/dataset_4mic_3spk/Eval/clean/clean_fileid_126_doa119_spk1.wav,/mnt/d/邵鹏远/UCL/博1/code/audition_pipeline/data/dataset_4mic_3spk/Eval/mic/mic_fileid_126_doa119_3spk.wav,match_clean_doa,0,16000,wb,1.2635754346847534,
127,1,231,/mnt/d/邵鹏远/UCL/博1/code/audition_pipeline/data/dataset_4mic_3spk/Eval/clean/clean_fileid_127_doa231_spk1.wav,/mnt/d/邵鹏远/UCL/博1/code/audition_pipeline/data/dataset_4mic_3spk/Eval/mic/mic_fileid_127_doa231_3spk.wav,match_clean_doa,0,16000,wb,1.2173898220062256,
128,1,300,/mnt/d/邵鹏远/UCL/博1/code/audition_pipeline/data/dataset_4mic_3spk/Eval/clean/clean_fileid_128_doa300_spk1.wav,/mnt/d/邵鹏远/UCL/博1/code/audition_pipeline/data/dataset_4mic_3spk/Eval/mic/mic_fileid_128_doa300_3spk.wav,match_clean_doa,0,16000,wb,1.5022900104522705,
129,1,141,/mnt/d/邵鹏远/UCL/博1/code/audition_pipeline/data/dataset_4mic_3spk/Eval/clean/clean_fileid_129_doa141_spk1.wav,/mnt/d/邵鹏远/UCL/博1/code/audition_pipeline/data/dataset_4mic_3spk/Eval/mic/mic_fileid_129_doa141_3spk.wav,match_clean_doa,0,16000,wb,1.4383032321929932,
130,1,67,/mnt/d/邵鹏远/UCL/博1/code/audition_pipeline/data/dataset_4mic_3spk/Eval/clean/clean_fileid_130_doa67_spk1.wav,/mnt/d/邵鹏远/UCL/博1/code/audition_pipeline/data/dataset_4mic_3spk/Eval/mic/mic_fileid_130_doa67_3spk.wav,match_clean_doa,0,16000,wb,1.3726017475128174,
131,1,204,/mnt/d/邵鹏远/UCL/博1/code/audition_pipeline/data/dataset_4mic_3spk/Eval/clean/clean_fileid_131_doa204_spk1.wav,/mnt/d/邵鹏远/UCL/博1/code/audition_pipeline/data/dataset_4mic_3spk/Eval/mic/mic_fileid_131_doa204_3spk.wav,match_clean_doa,0,16000,wb,1.307115077972412,
132,1,77,/mnt/d/邵鹏远/UCL/博1/code/audition_pipeline/data/dataset_4mic_3spk/Eval/clean/clean_fileid_132_doa77_spk1.wav,/mnt/d/邵鹏远/UCL/博1/code/audition_pipeline/data/dataset_4mic_3spk/Eval/mic/mic_fileid_132_doa77_3spk.wav,match_clean_doa,0,16000,wb,1.4398252964019775,
133,1,336,/mnt/d/邵鹏远/UCL/博1/code/audition_pipeline/data/dataset_4mic_3spk/Eval/clean/clean_fileid_133_doa336_spk1.wav,/mnt/d/邵鹏远/UCL/博1/code/audition_pipeline/data/dataset_4mic_3spk/Eval/mic/mic_fileid_133_doa336_3spk.wav,match_clean_doa,0,16000,wb,1.2799608707427979,
134,1,125,/mnt/d/邵鹏远/UCL/博1/code/audition_pipeline/data/dataset_4mic_3spk/Eval/clean/clean_fileid_134_doa125_spk1.wav,/mnt/d/邵鹏远/UCL/博1/code/audition_pipeline/data/dataset_4mic_3spk/Eval/mic/mic_fileid_134_doa125_3spk.wav,match_clean_doa,0,16000,wb,1.4539159536361694,
135,1,258,/mnt/d/邵鹏远/UCL/博1/code/audition_pipeline/data/dataset_4mic_3spk/Eval/clean/clean_fileid_135_doa258_spk1.wav,/mnt/d/邵鹏远/UCL/博1/code/audition_pipeline/data/dataset_4mic_3spk/Eval/mic/mic_fileid_135_doa258_3spk.wav,match_clean_doa,0,16000,wb,1.2801015377044678,
136,1,253,/mnt/d/邵鹏远/UCL/博1/code/audition_pipeline/data/dataset_4mic_3spk/Eval/clean/clean_fileid_136_doa253_spk1.wav,/mnt/d/邵鹏远/UCL/博1/code/audition_pipeline/data/dataset_4mic_3spk/Eval/mic/mic_fileid_136_doa253_3spk.wav,match_clean_doa,0,16000,wb,1.1229506731033325,
137,1,173,/mnt/d/邵鹏远/UCL/博1/code/audition_pipeline/data/dataset_4mic_3spk/Eval/clean/clean_fileid_137_doa173_spk1.wav,/mnt/d/邵鹏远/UCL/博1/code/audition_pipeline/data/dataset_4mic_3spk/Eval/mic/mic_fileid_137_doa173_3spk.wav,match_clean_doa,0,16000,wb,1.1312893629074097,
138,1,68,/mnt/d/邵鹏远/UCL/博1/code/audition_pipeline/data/dataset_4mic_3spk/Eval/clean/clean_fileid_138_doa68_spk1.wav,/mnt/d/邵鹏远/UCL/博1/code/audition_pipeline/data/dataset_4mic_3spk/Eval/mic/mic_fileid_138_doa68_3spk.wav,match_clean_doa,0,16000,wb,1.4208457469940186,
139,1,109,/mnt/d/邵鹏远/UCL/博1/code/audition_pipeline/data/dataset_4mic_3spk/Eval/clean/clean_fileid_139_doa109_spk1.wav,/mnt/d/邵鹏远/UCL/博1/code/audition_pipeline/data/dataset_4mic_3spk/Eval/mic/mic_fileid_139_doa109_3spk.wav,match_clean_doa,0,16000,wb,1.3077635765075684,
140,1,338,/mnt/d/邵鹏远/UCL/博1/code/audition_pipeline/data/dataset_4mic_3spk/Eval/clean/clean_fileid_140_doa338_spk1.wav,/mnt/d/邵鹏远/UCL/博1/code/audition_pipeline/data/dataset_4mic_3spk/Eval/mic/mic_fileid_140_doa338_3spk.wav,match_clean_doa,0,16000,wb,1.2291017770767212,
141,1,54,/mnt/d/邵鹏远/UCL/博1/code/audition_pipeline/data/dataset_4mic_3spk/Eval/clean/clean_fileid_141_doa54_spk1.wav,/mnt/d/邵鹏远/UCL/博1/code/audition_pipeline/data/dataset_4mic_3spk/Eval/mic/mic_fileid_141_doa54_3spk.wav,match_clean_doa,0,16000,wb,1.151863694190979,
142,1,193,/mnt/d/邵鹏远/UCL/博1/code/audition_pipeline/data/dataset_4mic_3spk/Eval/clean/clean_fileid_142_doa193_spk1.wav,/mnt/d/邵鹏远/UCL/博1/code/audition_pipeline/data/dataset_4mic_3spk/Eval/mic/mic_fileid_142_doa193_3spk.wav,match_clean_doa,0,16000,wb,1.1833505630493164,
143,1,351,/mnt/d/邵鹏远/UCL/博1/code/audition_pipeline/data/dataset_4mic_3spk/Eval/clean/clean_fileid_143_doa351_spk1.wav,/mnt/d/邵鹏远/UCL/博1/code/audition_pipeline/data/dataset_4mic_3spk/Eval/mic/mic_fileid_143_doa351_3spk.wav,match_clean_doa,0,16000,wb,1.2288053035736084,
144,1,250,/mnt/d/邵鹏远/UCL/博1/code/audition_pipeline/data/dataset_4mic_3spk/Eval/clean/clean_fileid_144_doa250_spk1.wav,/mnt/d/邵鹏远/UCL/博1/code/audition_pipeline/data/dataset_4mic_3spk/Eval/mic/mic_fileid_144_doa250_3spk.wav,match_clean_doa,0,16000,wb,1.525169849395752,
145,1,40,/mnt/d/邵鹏远/UCL/博1/code/audition_pipeline/data/dataset_4mic_3spk/Eval/clean/clean_fileid_145_doa40_spk1.wav,/mnt/d/邵鹏远/UCL/博1/code/audition_pipeline/data/dataset_4mic_3spk/Eval/mic/mic_fileid_145_doa40_3spk.wav,match_clean_doa,0,16000,wb,1.165673017501831,
146,1,170,/mnt/d/邵鹏远/UCL/博1/code/audition_pipeline/data/dataset_4mic_3spk/Eval/clean/clean_fileid_146_doa170_spk1.wav,/mnt/d/邵鹏远/UCL/博1/code/audition_pipeline/data/dataset_4mic_3spk/Eval/mic/mic_fileid_146_doa170_3spk.wav,match_clean_doa,0,16000,wb,1.477184772491455,
147,1,323,/mnt/d/邵鹏远/UCL/博1/code/audition_pipeline/data/dataset_4mic_3spk/Eval/clean/clean_fileid_147_doa323_spk1.wav,/mnt/d/邵鹏远/UCL/博1/code/audition_pipeline/data/dataset_4mic_3spk/Eval/mic/mic_fileid_147_doa323_3spk.wav,match_clean_doa,0,16000,wb,1.2285008430480957,
148,1,52,/mnt/d/邵鹏远/UCL/博1/code/audition_pipeline/data/dataset_4mic_3spk/Eval/clean/clean_fileid_148_doa52_spk1.wav,/mnt/d/邵鹏远/UCL/博1/code/audition_pipeline/data/dataset_4mic_3spk/Eval/mic/mic_fileid_148_doa52_3spk.wav,match_clean_doa,0,16000,wb,1.166214108467102,
149,1,92,/mnt/d/邵鹏远/UCL/博1/code/audition_pipeline/data/dataset_4mic_3spk/Eval/clean/clean_fileid_149_doa92_spk1.wav,/mnt/d/邵鹏远/UCL/博1/code/audition_pipeline/data/dataset_4mic_3spk/Eval/mic/mic_fileid_149_doa92_3spk.wav,match_clean_doa,0,16000,wb,1.3804357051849365,
150,1,223,/mnt/d/邵鹏远/UCL/博1/code/audition_pipeline/data/dataset_4mic_3spk/Eval/clean/clean_fileid_150_doa223_spk1.wav,/mnt/d/邵鹏远/UCL/博1/code/audition_pipeline/data/dataset_4mic_3spk/Eval/mic/mic_fileid_150_doa223_3spk.wav,match_clean_doa,0,16000,wb,1.2439202070236206,
151,1,298,/mnt/d/邵鹏远/UCL/博1/code/audition_pipeline/data/dataset_4mic_3spk/Eval/clean/clean_fileid_151_doa298_spk1.wav,/mnt/d/邵鹏远/UCL/博1/code/audition_pipeline/data/dataset_4mic_3spk/Eval/mic/mic_fileid_151_doa298_3spk.wav,match_clean_doa,0,16000,wb,1.1313751935958862,
152,1,81,/mnt/d/邵鹏远/UCL/博1/code/audition_pipeline/data/dataset_4mic_3spk/Eval/clean/clean_fileid_152_doa81_spk1.wav,/mnt/d/邵鹏远/UCL/博1/code/audition_pipeline/data/dataset_4mic_3spk/Eval/mic/mic_fileid_152_doa81_3spk.wav,match_clean_doa,0,16000,wb,1.197941541671753,
153,1,102,/mnt/d/邵鹏远/UCL/博1/code/audition_pipeline/data/dataset_4mic_3spk/Eval/clean/clean_fileid_153_doa102_spk1.wav,/mnt/d/邵鹏远/UCL/博1/code/audition_pipeline/data/dataset_4mic_3spk/Eval/mic/mic_fileid_153_doa102_3spk.wav,match_clean_doa,0,16000,wb,1.4438577890396118,
154,1,109,/mnt/d/邵鹏远/UCL/博1/code/audition_pipeline/data/dataset_4mic_3spk/Eval/clean/clean_fileid_154_doa109_spk1.wav,/mnt/d/邵鹏远/UCL/博1/code/audition_pipeline/data/dataset_4mic_3spk/Eval/mic/mic_fileid_154_doa109_3spk.wav,match_clean_doa,0,16000,wb,1.3157422542572021,
155,1,4,/mnt/d/邵鹏远/UCL/博1/code/audition_pipeline/data/dataset_4mic_3spk/Eval/clean/clean_fileid_155_doa4_spk1.wav,/mnt/d/邵鹏远/UCL/博1/code/audition_pipeline/data/dataset_4mic_3spk/Eval/mic/mic_fileid_155_doa4_3spk.wav,match_clean_doa,0,16000,wb,1.149033546447754,
156,1,169,/mnt/d/邵鹏远/UCL/博1/code/audition_pipeline/data/dataset_4mic_3spk/Eval/clean/clean_fileid_156_doa169_spk1.wav,/mnt/d/邵鹏远/UCL/博1/code/audition_pipeline/data/dataset_4mic_3spk/Eval/mic/mic_fileid_156_doa169_3spk.wav,match_clean_doa,0,16000,wb,1.42355215549469,
157,1,155,/mnt/d/邵鹏远/UCL/博1/code/audition_pipeline/data/dataset_4mic_3spk/Eval/clean/clean_fileid_157_doa155_spk1.wav,/mnt/d/邵鹏远/UCL/博1/code/audition_pipeline/data/dataset_4mic_3spk/Eval/mic/mic_fileid_157_doa155_3spk.wav,match_clean_doa,0,16000,wb,1.254493236541748,
158,1,251,/mnt/d/邵鹏远/UCL/博1/code/audition_pipeline/data/dataset_4mic_3spk/Eval/clean/clean_fileid_158_doa251_spk1.wav,/mnt/d/邵鹏远/UCL/博1/code/audition_pipeline/data/dataset_4mic_3spk/Eval/mic/mic_fileid_158_doa251_3spk.wav,match_clean_doa,0,16000,wb,1.3433760404586792,
159,1,31,/mnt/d/邵鹏远/UCL/博1/code/audition_pipeline/data/dataset_4mic_3spk/Eval/clean/clean_fileid_159_doa31_spk1.wav,/mnt/d/邵鹏远/UCL/博1/code/audition_pipeline/data/dataset_4mic_3spk/Eval/mic/mic_fileid_159_doa31_3spk.wav,match_clean_doa,0,16000,wb,1.2085096836090088,
160,1,141,/mnt/d/邵鹏远/UCL/博1/code/audition_pipeline/data/dataset_4mic_3spk/Eval/clean/clean_fileid_160_doa141_spk1.wav,/mnt/d/邵鹏远/UCL/博1/code/audition_pipeline/data/dataset_4mic_3spk/Eval/mic/mic_fileid_160_doa141_3spk.wav,match_clean_doa,0,16000,wb,1.0836445093154907,
161,1,59,/mnt/d/邵鹏远/UCL/博1/code/audition_pipeline/data/dataset_4mic_3spk/Eval/clean/clean_fileid_161_doa59_spk1.wav,/mnt/d/邵鹏远/UCL/博1/code/audition_pipeline/data/dataset_4mic_3spk/Eval/mic/mic_fileid_161_doa59_3spk.wav,match_clean_doa,0,16000,wb,1.2224398851394653,
162,1,100,/mnt/d/邵鹏远/UCL/博1/code/audition_pipeline/data/dataset_4mic_3spk/Eval/clean/clean_fileid_162_doa100_spk1.wav,/mnt/d/邵鹏远/UCL/博1/code/audition_pipeline/data/dataset_4mic_3spk/Eval/mic/mic_fileid_162_doa100_3spk.wav,match_clean_doa,0,16000,wb,1.1724342107772827,
163,1,302,/mnt/d/邵鹏远/UCL/博1/code/audition_pipeline/data/dataset_4mic_3spk/Eval/clean/clean_fileid_163_doa302_spk1.wav,/mnt/d/邵鹏远/UCL/博1/code/audition_pipeline/data/dataset_4mic_3spk/Eval/mic/mic_fileid_163_doa302_3spk.wav,match_clean_doa,0,16000,wb,1.423728108406067,
164,1,84,/mnt/d/邵鹏远/UCL/博1/code/audition_pipeline/data/dataset_4mic_3spk/Eval/clean/clean_fileid_164_doa84_spk1.wav,/mnt/d/邵鹏远/UCL/博1/code/audition_pipeline/data/dataset_4mic_3spk/Eval/mic/mic_fileid_164_doa84_3spk.wav,match_clean_doa,0,16000,wb,1.225691795349121,
165,1,89,/mnt/d/邵鹏远/UCL/博1/code/audition_pipeline/data/dataset_4mic_3spk/Eval/clean/clean_fileid_165_doa89_spk1.wav,/mnt/d/邵鹏远/UCL/博1/code/audition_pipeline/data/dataset_4mic_3spk/Eval/mic/mic_fileid_165_doa89_3spk.wav,match_clean_doa,0,16000,wb,1.399488091468811,
166,1,109,/mnt/d/邵鹏远/UCL/博1/code/audition_pipeline/data/dataset_4mic_3spk/Eval/clean/clean_fileid_166_doa109_spk1.wav,/mnt/d/邵鹏远/UCL/博1/code/audition_pipeline/data/dataset_4mic_3spk/Eval/mic/mic_fileid_166_doa109_3spk.wav,match_clean_doa,0,16000,wb,1.4677940607070923,
167,1,27,/mnt/d/邵鹏远/UCL/博1/code/audition_pipeline/data/dataset_4mic_3spk/Eval/clean/clean_fileid_167_doa27_spk1.wav,/mnt/d/邵鹏远/UCL/博1/code/audition_pipeline/data/dataset_4mic_3spk/Eval/mic/mic_fileid_167_doa27_3spk.wav,match_clean_doa,0,16000,wb,1.1502008438110352,
168,1,343,/mnt/d/邵鹏远/UCL/博1/code/audition_pipeline/data/dataset_4mic_3spk/Eval/clean/clean_fileid_168_doa343_spk1.wav,/mnt/d/邵鹏远/UCL/博1/code/audition_pipeline/data/dataset_4mic_3spk/Eval/mic/mic_fileid_168_doa343_3spk.wav,match_clean_doa,0,16000,wb,1.4690086841583252,
169,1,264,/mnt/d/邵鹏远/UCL/博1/code/audition_pipeline/data/dataset_4mic_3spk/Eval/clean/clean_fileid_169_doa264_spk1.wav,/mnt/d/邵鹏远/UCL/博1/code/audition_pipeline/data/dataset_4mic_3spk/Eval/mic/mic_fileid_169_doa264_3spk.wav,match_clean_doa,0,16000,wb,1.2053990364074707,
170,1,133,/mnt/d/邵鹏远/UCL/博1/code/audition_pipeline/data/dataset_4mic_3spk/Eval/clean/clean_fileid_170_doa133_spk1.wav,/mnt/d/邵鹏远/UCL/博1/code/audition_pipeline/data/dataset_4mic_3spk/Eval/mic/mic_fileid_170_doa133_3spk.wav,match_clean_doa,0,16000,wb,1.2394912242889404,
171,1,238,/mnt/d/邵鹏远/UCL/博1/code/audition_pipeline/data/dataset_4mic_3spk/Eval/clean/clean_fileid_171_doa238_spk1.wav,/mnt/d/邵鹏远/UCL/博1/code/audition_pipeline/data/dataset_4mic_3spk/Eval/mic/mic_fileid_171_doa238_3spk.wav,match_clean_doa,0,16000,wb,1.1221245527267456,
172,1,236,/mnt/d/邵鹏远/UCL/博1/code/audition_pipeline/data/dataset_4mic_3spk/Eval/clean/clean_fileid_172_doa236_spk1.wav,/mnt/d/邵鹏远/UCL/博1/code/audition_pipeline/data/dataset_4mic_3spk/Eval/mic/mic_fileid_172_doa236_3spk.wav,match_clean_doa,0,16000,wb,1.147566795349121,
173,1,146,/mnt/d/邵鹏远/UCL/博1/code/audition_pipeline/data/dataset_4mic_3spk/Eval/clean/clean_fileid_173_doa146_spk1.wav,/mnt/d/邵鹏远/UCL/博1/code/audition_pipeline/data/dataset_4mic_3spk/Eval/mic/mic_fileid_173_doa146_3spk.wav,match_clean_doa,0,16000,wb,1.187874436378479,
174,1,166,/mnt/d/邵鹏远/UCL/博1/code/audition_pipeline/data/dataset_4mic_3spk/Eval/clean/clean_fileid_174_doa166_spk1.wav,/mnt/d/邵鹏远/UCL/博1/code/audition_pipeline/data/dataset_4mic_3spk/Eval/mic/mic_fileid_174_doa166_3spk.wav,match_clean_doa,0,16000,wb,1.3715684413909912,
175,1,144,/mnt/d/邵鹏远/UCL/博1/code/audition_pipeline/data/dataset_4mic_3spk/Eval/clean/clean_fileid_175_doa144_spk1.wav,/mnt/d/邵鹏远/UCL/博1/code/audition_pipeline/data/dataset_4mic_3spk/Eval/mic/mic_fileid_175_doa144_3spk.wav,match_clean_doa,0,16000,wb,1.2614853382110596,
176,1,208,/mnt/d/邵鹏远/UCL/博1/code/audition_pipeline/data/dataset_4mic_3spk/Eval/clean/clean_fileid_176_doa208_spk1.wav,/mnt/d/邵鹏远/UCL/博1/code/audition_pipeline/data/dataset_4mic_3spk/Eval/mic/mic_fileid_176_doa208_3spk.wav,match_clean_doa,0,16000,wb,1.1126065254211426,
177,1,288,/mnt/d/邵鹏远/UCL/博1/code/audition_pipeline/data/dataset_4mic_3spk/Eval/clean/clean_fileid_177_doa288_spk1.wav,/mnt/d/邵鹏远/UCL/博1/code/audition_pipeline/data/dataset_4mic_3spk/Eval/mic/mic_fileid_177_doa288_3spk.wav,match_clean_doa,0,16000,wb,1.5252528190612793,
178,1,331,/mnt/d/邵鹏远/UCL/博1/code/audition_pipeline/data/dataset_4mic_3spk/Eval/clean/clean_fileid_178_doa331_spk1.wav,/mnt/d/邵鹏远/UCL/博1/code/audition_pipeline/data/dataset_4mic_3spk/Eval/mic/mic_fileid_178_doa331_3spk.wav,match_clean_doa,0,16000,wb,1.241363286972046,
179,1,359,/mnt/d/邵鹏远/UCL/博1/code/audition_pipeline/data/dataset_4mic_3spk/Eval/clean/clean_fileid_179_doa359_spk1.wav,/mnt/d/邵鹏远/UCL/博1/code/audition_pipeline/data/dataset_4mic_3spk/Eval/mic/mic_fileid_179_doa359_3spk.wav,match_clean_doa,0,16000,wb,1.1149756908416748,
180,1,273,/mnt/d/邵鹏远/UCL/博1/code/audition_pipeline/data/dataset_4mic_3spk/Eval/clean/clean_fileid_180_doa273_spk1.wav,/mnt/d/邵鹏远/UCL/博1/code/audition_pipeline/data/dataset_4mic_3spk/Eval/mic/mic_fileid_180_doa273_3spk.wav,match_clean_doa,0,16000,wb,1.3166329860687256,
181,1,175,/mnt/d/邵鹏远/UCL/博1/code/audition_pipeline/data/dataset_4mic_3spk/Eval/clean/clean_fileid_181_doa175_spk1.wav,/mnt/d/邵鹏远/UCL/博1/code/audition_pipeline/data/dataset_4mic_3spk/Eval/mic/mic_fileid_181_doa175_3spk.wav,match_clean_doa,0,16000,wb,1.2606687545776367,
182,1,130,/mnt/d/邵鹏远/UCL/博1/code/audition_pipeline/data/dataset_4mic_3spk/Eval/clean/clean_fileid_182_doa130_spk1.wav,/mnt/d/邵鹏远/UCL/博1/code/audition_pipeline/data/dataset_4mic_3spk/Eval/mic/mic_fileid_182_doa130_3spk.wav,match_clean_doa,0,16000,wb,1.113201379776001,
183,1,59,/mnt/d/邵鹏远/UCL/博1/code/audition_pipeline/data/dataset_4mic_3spk/Eval/clean/clean_fileid_183_doa59_spk1.wav,/mnt/d/邵鹏远/UCL/博1/code/audition_pipeline/data/dataset_4mic_3spk/Eval/mic/mic_fileid_183_doa59_3spk.wav,match_clean_doa,0,16000,wb,1.236790418624878,
184,1,260,/mnt/d/邵鹏远/UCL/博1/code/audition_pipeline/data/dataset_4mic_3spk/Eval/clean/clean_fileid_184_doa260_spk1.wav,/mnt/d/邵鹏远/UCL/博1/code/audition_pipeline/data/dataset_4mic_3spk/Eval/mic/mic_fileid_184_doa260_3spk.wav,match_clean_doa,0,16000,wb,1.1642065048217773,
185,1,135,/mnt/d/邵鹏远/UCL/博1/code/audition_pipeline/data/dataset_4mic_3spk/Eval/clean/clean_fileid_185_doa135_spk1.wav,/mnt/d/邵鹏远/UCL/博1/code/audition_pipeline/data/dataset_4mic_3spk/Eval/mic/mic_fileid_185_doa135_3spk.wav,match_clean_doa,0,16000,wb,1.260607361793518,
186,1,169,/mnt/d/邵鹏远/UCL/博1/code/audition_pipeline/data/dataset_4mic_3spk/Eval/clean/clean_fileid_186_doa169_spk1.wav,/mnt/d/邵鹏远/UCL/博1/code/audition_pipeline/data/dataset_4mic_3spk/Eval/mic/mic_fileid_186_doa169_3spk.wav,match_clean_doa,0,16000,wb,1.146731972694397,
187,1,136,/mnt/d/邵鹏远/UCL/博1/code/audition_pipeline/data/dataset_4mic_3spk/Eval/clean/clean_fileid_187_doa136_spk1.wav,/mnt/d/邵鹏远/UCL/博1/code/audition_pipeline/data/dataset_4mic_3spk/Eval/mic/mic_fileid_187_doa136_3spk.wav,match_clean_doa,0,16000,wb,1.2127916812896729,
188,1,247,/mnt/d/邵鹏远/UCL/博1/code/audition_pipeline/data/dataset_4mic_3spk/Eval/clean/clean_fileid_188_doa247_spk1.wav,/mnt/d/邵鹏远/UCL/博1/code/audition_pipeline/data/dataset_4mic_3spk/Eval/mic/mic_fileid_188_doa247_3spk.wav,match_clean_doa,0,16000,wb,1.6810818910598755,
189,1,308,/mnt/d/邵鹏远/UCL/博1/code/audition_pipeline/data/dataset_4mic_3spk/Eval/clean/clean_fileid_189_doa308_spk1.wav,/mnt/d/邵鹏远/UCL/博1/code/audition_pipeline/data/dataset_4mic_3spk/Eval/mic/mic_fileid_189_doa308_3spk.wav,match_clean_doa,0,16000,wb,1.2124260663986206,
190,1,96,/mnt/d/邵鹏远/UCL/博1/code/audition_pipeline/data/dataset_4mic_3spk/Eval/clean/clean_fileid_190_doa96_spk1.wav,/mnt/d/邵鹏远/UCL/博1/code/audition_pipeline/data/dataset_4mic_3spk/Eval/mic/mic_fileid_190_doa96_3spk.wav,match_clean_doa,0,16000,wb,1.1790074110031128,
191,1,313,/mnt/d/邵鹏远/UCL/博1/code/audition_pipeline/data/dataset_4mic_3spk/Eval/clean/clean_fileid_191_doa313_spk1.wav,/mnt/d/邵鹏远/UCL/博1/code/audition_pipeline/data/dataset_4mic_3spk/Eval/mic/mic_fileid_191_doa313_3spk.wav,match_clean_doa,0,16000,wb,1.5958850383758545,
192,1,344,/mnt/d/邵鹏远/UCL/博1/code/audition_pipeline/data/dataset_4mic_3spk/Eval/clean/clean_fileid_192_doa344_spk1.wav,/mnt/d/邵鹏远/UCL/博1/code/audition_pipeline/data/dataset_4mic_3spk/Eval/mic/mic_fileid_192_doa344_3spk.wav,match_clean_doa,0,16000,wb,1.193741798400879,
193,1,110,/mnt/d/邵鹏远/UCL/博1/code/audition_pipeline/data/dataset_4mic_3spk/Eval/clean/clean_fileid_193_doa110_spk1.wav,/mnt/d/邵鹏远/UCL/博1/code/audition_pipeline/data/dataset_4mic_3spk/Eval/mic/mic_fileid_193_doa110_3spk.wav,match_clean_doa,0,16000,wb,1.305565357208252,
194,1,285,/mnt/d/邵鹏远/UCL/博1/code/audition_pipeline/data/dataset_4mic_3spk/Eval/clean/clean_fileid_194_doa285_spk1.wav,/mnt/d/邵鹏远/UCL/博1/code/audition_pipeline/data/dataset_4mic_3spk/Eval/mic/mic_fileid_194_doa285_3spk.wav,match_clean_doa,0,16000,wb,1.1886365413665771,
195,1,177,/mnt/d/邵鹏远/UCL/博1/code/audition_pipeline/data/dataset_4mic_3spk/Eval/clean/clean_fileid_195_doa177_spk1.wav,/mnt/d/邵鹏远/UCL/博1/code/audition_pipeline/data/dataset_4mic_3spk/Eval/mic/mic_fileid_195_doa177_3spk.wav,match_clean_doa,0,16000,wb,1.5663405656814575,
196,1,357,/mnt/d/邵鹏远/UCL/博1/code/audition_pipeline/data/dataset_4mic_3spk/Eval/clean/clean_fileid_196_doa357_spk1.wav,/mnt/d/邵鹏远/UCL/博1/code/audition_pipeline/data/dataset_4mic_3spk/Eval/mic/mic_fileid_196_doa357_3spk.wav,match_clean_doa,0,16000,wb,1.2211028337478638,
197,1,318,/mnt/d/邵鹏远/UCL/博1/code/audition_pipeline/data/dataset_4mic_3spk/Eval/clean/clean_fileid_197_doa318_spk1.wav,/mnt/d/邵鹏远/UCL/博1/code/audition_pipeline/data/dataset_4mic_3spk/Eval/mic/mic_fileid_197_doa318_3spk.wav,match_clean_doa,0,16000,wb,1.2471232414245605,
198,1,109,/mnt/d/邵鹏远/UCL/博1/code/audition_pipeline/data/dataset_4mic_3spk/Eval/clean/clean_fileid_198_doa109_spk1.wav,/mnt/d/邵鹏远/UCL/博1/code/audition_pipeline/data/dataset_4mic_3spk/Eval/mic/mic_fileid_198_doa109_3spk.wav,match_clean_doa,0,16000,wb,1.1493959426879883,
199,1,56,/mnt/d/邵鹏远/UCL/博1/code/audition_pipeline/data/dataset_4mic_3spk/Eval/clean/clean_fileid_199_doa56_spk1.wav,/mnt/d/邵鹏远/UCL/博1/code/audition_pipeline/data/dataset_4mic_3spk/Eval/mic/mic_fileid_199_doa56_3spk.wav,match_clean_doa,0,16000,wb,1.238616704940796,
200,1,228,/mnt/d/邵鹏远/UCL/博1/code/audition_pipeline/data/dataset_4mic_3spk/Eval/clean/clean_fileid_200_doa228_spk1.wav,/mnt/d/邵鹏远/UCL/博1/code/audition_pipeline/data/dataset_4mic_3spk/Eval/mic/mic_fileid_200_doa228_3spk.wav,match_clean_doa,0,16000,wb,1.431366205215454,
201,1,27,/mnt/d/邵鹏远/UCL/博1/code/audition_pipeline/data/dataset_4mic_3spk/Eval/clean/clean_fileid_201_doa27_spk1.wav,/mnt/d/邵鹏远/UCL/博1/code/audition_pipeline/data/dataset_4mic_3spk/Eval/mic/mic_fileid_201_doa27_3spk.wav,match_clean_doa,0,16000,wb,1.2257747650146484,
202,1,293,/mnt/d/邵鹏远/UCL/博1/code/audition_pipeline/data/dataset_4mic_3spk/Eval/clean/clean_fileid_202_doa293_spk1.wav,/mnt/d/邵鹏远/UCL/博1/code/audition_pipeline/data/dataset_4mic_3spk/Eval/mic/mic_fileid_202_doa293_3spk.wav,match_clean_doa,0,16000,wb,1.3669347763061523,
203,1,88,/mnt/d/邵鹏远/UCL/博1/code/audition_pipeline/data/dataset_4mic_3spk/Eval/clean/clean_fileid_203_doa88_spk1.wav,/mnt/d/邵鹏远/UCL/博1/code/audition_pipeline/data/dataset_4mic_3spk/Eval/mic/mic_fileid_203_doa88_3spk.wav,match_clean_doa,0,16000,wb,1.519679069519043,
204,1,190,/mnt/d/邵鹏远/UCL/博1/code/audition_pipeline/data/dataset_4mic_3spk/Eval/clean/clean_fileid_204_doa190_spk1.wav,/mnt/d/邵鹏远/UCL/博1/code/audition_pipeline/data/dataset_4mic_3spk/Eval/mic/mic_fileid_204_doa190_3spk.wav,match_clean_doa,0,16000,wb,1.216779112815857,
205,1,262,/mnt/d/邵鹏远/UCL/博1/code/audition_pipeline/data/dataset_4mic_3spk/Eval/clean/clean_fileid_205_doa262_spk1.wav,/mnt/d/邵鹏远/UCL/博1/code/audition_pipeline/data/dataset_4mic_3spk/Eval/mic/mic_fileid_205_doa262_3spk.wav,match_clean_doa,0,16000,wb,1.1462063789367676,
206,1,56,/mnt/d/邵鹏远/UCL/博1/code/audition_pipeline/data/dataset_4mic_3spk/Eval/clean/clean_fileid_206_doa56_spk1.wav,/mnt/d/邵鹏远/UCL/博1/code/audition_pipeline/data/dataset_4mic_3spk/Eval/mic/mic_fileid_206_doa56_3spk.wav,match_clean_doa,0,16000,wb,1.2804919481277466,
207,1,204,/mnt/d/邵鹏远/UCL/博1/code/audition_pipeline/data/dataset_4mic_3spk/Eval/clean/clean_fileid_207_doa204_spk1.wav,/mnt/d/邵鹏远/UCL/博1/code/audition_pipeline/data/dataset_4mic_3spk/Eval/mic/mic_fileid_207_doa204_3spk.wav,match_clean_doa,0,16000,wb,1.18806791305542,
208,1,276,/mnt/d/邵鹏远/UCL/博1/code/audition_pipeline/data/dataset_4mic_3spk/Eval/clean/clean_fileid_208_doa276_spk1.wav,/mnt/d/邵鹏远/UCL/博1/code/audition_pipeline/data/dataset_4mic_3spk/Eval/mic/mic_fileid_208_doa276_3spk.wav,match_clean_doa,0,16000,wb,1.252082109451294,
209,1,82,/mnt/d/邵鹏远/UCL/博1/code/audition_pipeline/data/dataset_4mic_3spk/Eval/clean/clean_fileid_209_doa82_spk1.wav,/mnt/d/邵鹏远/UCL/博1/code/audition_pipeline/data/dataset_4mic_3spk/Eval/mic/mic_fileid_209_doa82_3spk.wav,match_clean_doa,0,16000,wb,1.3272008895874023,
210,1,312,/mnt/d/邵鹏远/UCL/博1/code/audition_pipeline/data/dataset_4mic_3spk/Eval/clean/clean_fileid_210_doa312_spk1.wav,/mnt/d/邵鹏远/UCL/博1/code/audition_pipeline/data/dataset_4mic_3spk/Eval/mic/mic_fileid_210_doa312_3spk.wav,match_clean_doa,0,16000,wb,1.301007866859436,
211,1,55,/mnt/d/邵鹏远/UCL/博1/code/audition_pipeline/data/dataset_4mic_3spk/Eval/clean/clean_fileid_211_doa55_spk1.wav,/mnt/d/邵鹏远/UCL/博1/code/audition_pipeline/data/dataset_4mic_3spk/Eval/mic/mic_fileid_211_doa55_3spk.wav,match_clean_doa,0,16000,wb,1.1836555004119873,
212,1,293,/mnt/d/邵鹏远/UCL/博1/code/audition_pipeline/data/dataset_4mic_3spk/Eval/clean/clean_fileid_212_doa293_spk1.wav,/mnt/d/邵鹏远/UCL/博1/code/audition_pipeline/data/dataset_4mic_3spk/Eval/mic/mic_fileid_212_doa293_3spk.wav,match_clean_doa,0,16000,wb,1.3957293033599854,
213,1,181,/mnt/d/邵鹏远/UCL/博1/code/audition_pipeline/data/dataset_4mic_3spk/Eval/clean/clean_fileid_213_doa181_spk1.wav,/mnt/d/邵鹏远/UCL/博1/code/audition_pipeline/data/dataset_4mic_3spk/Eval/mic/mic_fileid_213_doa181_3spk.wav,match_clean_doa,0,16000,wb,1.1721863746643066,
214,1,74,/mnt/d/邵鹏远/UCL/博1/code/audition_pipeline/data/dataset_4mic_3spk/Eval/clean/clean_fileid_214_doa74_spk1.wav,/mnt/d/邵鹏远/UCL/博1/code/audition_pipeline/data/dataset_4mic_3spk/Eval/mic/mic_fileid_214_doa74_3spk.wav,match_clean_doa,0,16000,wb,1.2412300109863281,
215,1,169,/mnt/d/邵鹏远/UCL/博1/code/audition_pipeline/data/dataset_4mic_3spk/Eval/clean/clean_fileid_215_doa169_spk1.wav,/mnt/d/邵鹏远/UCL/博1/code/audition_pipeline/data/dataset_4mic_3spk/Eval/mic/mic_fileid_215_doa169_3spk.wav,match_clean_doa,0,16000,wb,1.2865018844604492,
216,1,334,/mnt/d/邵鹏远/UCL/博1/code/audition_pipeline/data/dataset_4mic_3spk/Eval/clean/clean_fileid_216_doa334_spk1.wav,/mnt/d/邵鹏远/UCL/博1/code/audition_pipeline/data/dataset_4mic_3spk/Eval/mic/mic_fileid_216_doa334_3spk.wav,match_clean_doa,0,16000,wb,1.165594458580017,
217,1,285,/mnt/d/邵鹏远/UCL/博1/code/audition_pipeline/data/dataset_4mic_3spk/Eval/clean/clean_fileid_217_doa285_spk1.wav,/mnt/d/邵鹏远/UCL/博1/code/audition_pipeline/data/dataset_4mic_3spk/Eval/mic/mic_fileid_217_doa285_3spk.wav,match_clean_doa,0,16000,wb,1.2126604318618774,
218,1,157,/mnt/d/邵鹏远/UCL/博1/code/audition_pipeline/data/dataset_4mic_3spk/Eval/clean/clean_fileid_218_doa157_spk1.wav,/mnt/d/邵鹏远/UCL/博1/code/audition_pipeline/data/dataset_4mic_3spk/Eval/mic/mic_fileid_218_doa157_3spk.wav,match_clean_doa,0,16000,wb,1.4520350694656372,
219,1,56,/mnt/d/邵鹏远/UCL/博1/code/audition_pipeline/data/dataset_4mic_3spk/Eval/clean/clean_fileid_219_doa56_spk1.wav,/mnt/d/邵鹏远/UCL/博1/code/audition_pipeline/data/dataset_4mic_3spk/Eval/mic/mic_fileid_219_doa56_3spk.wav,match_clean_doa,0,16000,wb,1.1648845672607422,
220,1,237,/mnt/d/邵鹏远/UCL/博1/code/audition_pipeline/data/dataset_4mic_3spk/Eval/clean/clean_fileid_220_doa237_spk1.wav,/mnt/d/邵鹏远/UCL/博1/code/audition_pipeline/data/dataset_4mic_3spk/Eval/mic/mic_fileid_220_doa237_3spk.wav,match_clean_doa,0,16000,wb,1.737616777420044,
221,1,220,/mnt/d/邵鹏远/UCL/博1/code/audition_pipeline/data/dataset_4mic_3spk/Eval/clean/clean_fileid_221_doa220_spk1.wav,/mnt/d/邵鹏远/UCL/博1/code/audition_pipeline/data/dataset_4mic_3spk/Eval/mic/mic_fileid_221_doa220_3spk.wav,match_clean_doa,0,16000,wb,1.3892664909362793,
222,1,144,/mnt/d/邵鹏远/UCL/博1/code/audition_pipeline/data/dataset_4mic_3spk/Eval/clean/clean_fileid_222_doa144_spk1.wav,/mnt/d/邵鹏远/UCL/博1/code/audition_pipeline/data/dataset_4mic_3spk/Eval/mic/mic_fileid_222_doa144_3spk.wav,match_clean_doa,0,16000,wb,1.1947392225265503,
223,1,137,/mnt/d/邵鹏远/UCL/博1/code/audition_pipeline/data/dataset_4mic_3spk/Eval/clean/clean_fileid_223_doa137_spk1.wav,/mnt/d/邵鹏远/UCL/博1/code/audition_pipeline/data/dataset_4mic_3spk/Eval/mic/mic_fileid_223_doa137_3spk.wav,match_clean_doa,0,16000,wb,1.276724100112915,
224,1,124,/mnt/d/邵鹏远/UCL/博1/code/audition_pipeline/data/dataset_4mic_3spk/Eval/clean/clean_fileid_224_doa124_spk1.wav,/mnt/d/邵鹏远/UCL/博1/code/audition_pipeline/data/dataset_4mic_3spk/Eval/mic/mic_fileid_224_doa124_3spk.wav,match_clean_doa,0,16000,wb,1.4679300785064697,
225,1,129,/mnt/d/邵鹏远/UCL/博1/code/audition_pipeline/data/dataset_4mic_3spk/Eval/clean/clean_fileid_225_doa129_spk1.wav,/mnt/d/邵鹏远/UCL/博1/code/audition_pipeline/data/dataset_4mic_3spk/Eval/mic/mic_fileid_225_doa129_3spk.wav,match_clean_doa,0,16000,wb,1.0946035385131836,
226,1,292,/mnt/d/邵鹏远/UCL/博1/code/audition_pipeline/data/dataset_4mic_3spk/Eval/clean/clean_fileid_226_doa292_spk1.wav,/mnt/d/邵鹏远/UCL/博1/code/audition_pipeline/data/dataset_4mic_3spk/Eval/mic/mic_fileid_226_doa292_3spk.wav,match_clean_doa,0,16000,wb,1.4404159784317017,
227,1,143,/mnt/d/邵鹏远/UCL/博1/code/audition_pipeline/data/dataset_4mic_3spk/Eval/clean/clean_fileid_227_doa143_spk1.wav,/mnt/d/邵鹏远/UCL/博1/code/audition_pipeline/data/dataset_4mic_3spk/Eval/mic/mic_fileid_227_doa143_3spk.wav,match_clean_doa,0,16000,wb,1.4469304084777832,
228,1,300,/mnt/d/邵鹏远/UCL/博1/code/audition_pipeline/data/dataset_4mic_3spk/Eval/clean/clean_fileid_228_doa300_spk1.wav,/mnt/d/邵鹏远/UCL/博1/code/audition_pipeline/data/dataset_4mic_3spk/Eval/mic/mic_fileid_228_doa300_3spk.wav,match_clean_doa,0,16000,wb,1.5621154308319092,
229,1,100,/mnt/d/邵鹏远/UCL/博1/code/audition_pipeline/data/dataset_4mic_3spk/Eval/clean/clean_fileid_229_doa100_spk1.wav,/mnt/d/邵鹏远/UCL/博1/code/audition_pipeline/data/dataset_4mic_3spk/Eval/mic/mic_fileid_229_doa100_3spk.wav,match_clean_doa,0,16000,wb,1.1417193412780762,
230,1,73,/mnt/d/邵鹏远/UCL/博1/code/audition_pipeline/data/dataset_4mic_3spk/Eval/clean/clean_fileid_230_doa73_spk1.wav,/mnt/d/邵鹏远/UCL/博1/code/audition_pipeline/data/dataset_4mic_3spk/Eval/mic/mic_fileid_230_doa73_3spk.wav,match_clean_doa,0,16000,wb,1.38076651096344,
231,1,328,/mnt/d/邵鹏远/UCL/博1/code/audition_pipeline/data/dataset_4mic_3spk/Eval/clean/clean_fileid_231_doa328_spk1.wav,/mnt/d/邵鹏远/UCL/博1/code/audition_pipeline/data/dataset_4mic_3spk/Eval/mic/mic_fileid_231_doa328_3spk.wav,match_clean_doa,0,16000,wb,1.2429429292678833,
232,1,339,/mnt/d/邵鹏远/UCL/博1/code/audition_pipeline/data/dataset_4mic_3spk/Eval/clean/clean_fileid_232_doa339_spk1.wav,/mnt/d/邵鹏远/UCL/博1/code/audition_pipeline/data/dataset_4mic_3spk/Eval/mic/mic_fileid_232_doa339_3spk.wav,match_clean_doa,0,16000,wb,1.3062437772750854,
233,1,203,/mnt/d/邵鹏远/UCL/博1/code/audition_pipeline/data/dataset_4mic_3spk/Eval/clean/clean_fileid_233_doa203_spk1.wav,/mnt/d/邵鹏远/UCL/博1/code/audition_pipeline/data/dataset_4mic_3spk/Eval/mic/mic_fileid_233_doa203_3spk.wav,match_clean_doa,0,16000,wb,1.121495246887207,
234,1,89,/mnt/d/邵鹏远/UCL/博1/code/audition_pipeline/data/dataset_4mic_3spk/Eval/clean/clean_fileid_234_doa89_spk1.wav,/mnt/d/邵鹏远/UCL/博1/code/audition_pipeline/data/dataset_4mic_3spk/Eval/mic/mic_fileid_234_doa89_3spk.wav,match_clean_doa,0,16000,wb,1.3543235063552856,
235,1,209,/mnt/d/邵鹏远/UCL/博1/code/audition_pipeline/data/dataset_4mic_3spk/Eval/clean/clean_fileid_235_doa209_spk1.wav,/mnt/d/邵鹏远/UCL/博1/code/audition_pipeline/data/dataset_4mic_3spk/Eval/mic/mic_fileid_235_doa209_3spk.wav,match_clean_doa,0,16000,wb,1.4392125606536865,
236,1,189,/mnt/d/邵鹏远/UCL/博1/code/audition_pipeline/data/dataset_4mic_3spk/Eval/clean/clean_fileid_236_doa189_spk1.wav,/mnt/d/邵鹏远/UCL/博1/code/audition_pipeline/data/dataset_4mic_3spk/Eval/mic/mic_fileid_236_doa189_3spk.wav,match_clean_doa,0,16000,wb,1.2269641160964966,
237,1,41,/mnt/d/邵鹏远/UCL/博1/code/audition_pipeline/data/dataset_4mic_3spk/Eval/clean/clean_fileid_237_doa41_spk1.wav,/mnt/d/邵鹏远/UCL/博1/code/audition_pipeline/data/dataset_4mic_3spk/Eval/mic/mic_fileid_237_doa41_3spk.wav,match_clean_doa,0,16000,wb,1.5971570014953613,
238,1,155,/mnt/d/邵鹏远/UCL/博1/code/audition_pipeline/data/dataset_4mic_3spk/Eval/clean/clean_fileid_238_doa155_spk1.wav,/mnt/d/邵鹏远/UCL/博1/code/audition_pipeline/data/dataset_4mic_3spk/Eval/mic/mic_fileid_238_doa155_3spk.wav,match_clean_doa,0,16000,wb,1.1640615463256836,
239,1,94,/mnt/d/邵鹏远/UCL/博1/code/audition_pipeline/data/dataset_4mic_3spk/Eval/clean/clean_fileid_239_doa94_spk1.wav,/mnt/d/邵鹏远/UCL/博1/code/audition_pipeline/data/dataset_4mic_3spk/Eval/mic/mic_fileid_239_doa94_3spk.wav,match_clean_doa,0,16000,wb,1.2603992223739624,
240,1,116,/mnt/d/邵鹏远/UCL/博1/code/audition_pipeline/data/dataset_4mic_3spk/Eval/clean/clean_fileid_240_doa116_spk1.wav,/mnt/d/邵鹏远/UCL/博1/code/audition_pipeline/data/dataset_4mic_3spk/Eval/mic/mic_fileid_240_doa116_3spk.wav,match_clean_doa,0,16000,wb,1.3581527471542358,
241,1,314,/mnt/d/邵鹏远/UCL/博1/code/audition_pipeline/data/dataset_4mic_3spk/Eval/clean/clean_fileid_241_doa314_spk1.wav,/mnt/d/邵鹏远/UCL/博1/code/audition_pipeline/data/dataset_4mic_3spk/Eval/mic/mic_fileid_241_doa314_3spk.wav,match_clean_doa,0,16000,wb,1.358511209487915,
242,1,182,/mnt/d/邵鹏远/UCL/博1/code/audition_pipeline/data/dataset_4mic_3spk/Eval/clean/clean_fileid_242_doa182_spk1.wav,/mnt/d/邵鹏远/UCL/博1/code/audition_pipeline/data/dataset_4mic_3spk/Eval/mic/mic_fileid_242_doa182_3spk.wav,match_clean_doa,0,16000,wb,1.2881547212600708,
243,1,169,/mnt/d/邵鹏远/UCL/博1/code/audition_pipeline/data/dataset_4mic_3spk/Eval/clean/clean_fileid_243_doa169_spk1.wav,/mnt/d/邵鹏远/UCL/博1/code/audition_pipeline/data/dataset_4mic_3spk/Eval/mic/mic_fileid_243_doa169_3spk.wav,match_clean_doa,0,16000,wb,1.3337488174438477,
244,1,301,/mnt/d/邵鹏远/UCL/博1/code/audition_pipeline/data/dataset_4mic_3spk/Eval/clean/clean_fileid_244_doa301_spk1.wav,/mnt/d/邵鹏远/UCL/博1/code/audition_pipeline/data/dataset_4mic_3spk/Eval/mic/mic_fileid_244_doa301_3spk.wav,match_clean_doa,0,16000,wb,1.6214150190353394,
245,1,25,/mnt/d/邵鹏远/UCL/博1/code/audition_pipeline/data/dataset_4mic_3spk/Eval/clean/clean_fileid_245_doa25_spk1.wav,/mnt/d/邵鹏远/UCL/博1/code/audition_pipeline/data/dataset_4mic_3spk/Eval/mic/mic_fileid_245_doa25_3spk.wav,match_clean_doa,0,16000,wb,1.4415980577468872,
246,1,28,/mnt/d/邵鹏远/UCL/博1/code/audition_pipeline/data/dataset_4mic_3spk/Eval/clean/clean_fileid_246_doa28_spk1.wav,/mnt/d/邵鹏远/UCL/博1/code/audition_pipeline/data/dataset_4mic_3spk/Eval/mic/mic_fileid_246_doa28_3spk.wav,match_clean_doa,0,16000,wb,1.405700922012329,
247,1,22,/mnt/d/邵鹏远/UCL/博1/code/audition_pipeline/data/dataset_4mic_3spk/Eval/clean/clean_fileid_247_doa22_spk1.wav,/mnt/d/邵鹏远/UCL/博1/code/audition_pipeline/data/dataset_4mic_3spk/Eval/mic/mic_fileid_247_doa22_3spk.wav,match_clean_doa,0,16000,wb,1.317690372467041,
248,1,288,/mnt/d/邵鹏远/UCL/博1/code/audition_pipeline/data/dataset_4mic_3spk/Eval/clean/clean_fileid_248_doa288_spk1.wav,/mnt/d/邵鹏远/UCL/博1/code/audition_pipeline/data/dataset_4mic_3spk/Eval/mic/mic_fileid_248_doa288_3spk.wav,match_clean_doa,0,16000,wb,1.1983088254928589,
249,1,85,/mnt/d/邵鹏远/UCL/博1/code/audition_pipeline/data/dataset_4mic_3spk/Eval/clean/clean_fileid_249_doa85_spk1.wav,/mnt/d/邵鹏远/UCL/博1/code/audition_pipeline/data/dataset_4mic_3spk/Eval/mic/mic_fileid_249_doa85_3spk.wav,match_clean_doa,0,16000,wb,1.4606332778930664,
250,1,95,/mnt/d/邵鹏远/UCL/博1/code/audition_pipeline/data/dataset_4mic_3spk/Eval/clean/clean_fileid_250_doa95_spk1.wav,/mnt/d/邵鹏远/UCL/博1/code/audition_pipeline/data/dataset_4mic_3spk/Eval/mic/mic_fileid_250_doa95_3spk.wav,match_clean_doa,0,16000,wb,1.3875644207000732,
251,1,23,/mnt/d/邵鹏远/UCL/博1/code/audition_pipeline/data/dataset_4mic_3spk/Eval/clean/clean_fileid_251_doa23_spk1.wav,/mnt/d/邵鹏远/UCL/博1/code/audition_pipeline/data/dataset_4mic_3spk/Eval/mic/mic_fileid_251_doa23_3spk.wav,match_clean_doa,0,16000,wb,1.186819314956665,
252,1,54,/mnt/d/邵鹏远/UCL/博1/code/audition_pipeline/data/dataset_4mic_3spk/Eval/clean/clean_fileid_252_doa54_spk1.wav,/mnt/d/邵鹏远/UCL/博1/code/audition_pipeline/data/dataset_4mic_3spk/Eval/mic/mic_fileid_252_doa54_3spk.wav,match_clean_doa,0,16000,wb,1.276543140411377,
253,1,340,/mnt/d/邵鹏远/UCL/博1/code/audition_pipeline/data/dataset_4mic_3spk/Eval/clean/clean_fileid_253_doa340_spk1.wav,/mnt/d/邵鹏远/UCL/博1/code/audition_pipeline/data/dataset_4mic_3spk/Eval/mic/mic_fileid_253_doa340_3spk.wav,match_clean_doa,0,16000,wb,1.6176543235778809,
254,1,304,/mnt/d/邵鹏远/UCL/博1/code/audition_pipeline/data/dataset_4mic_3spk/Eval/clean/clean_fileid_254_doa304_spk1.wav,/mnt/d/邵鹏远/UCL/博1/code/audition_pipeline/data/dataset_4mic_3spk/Eval/mic/mic_fileid_254_doa304_3spk.wav,match_clean_doa,0,16000,wb,1.0810368061065674,
255,1,122,/mnt/d/邵鹏远/UCL/博1/code/audition_pipeline/data/dataset_4mic_3spk/Eval/clean/clean_fileid_255_doa122_spk1.wav,/mnt/d/邵鹏远/UCL/博1/code/audition_pipeline/data/dataset_4mic_3spk/Eval/mic/mic_fileid_255_doa122_3spk.wav,match_clean_doa,0,16000,wb,1.223117470741272,
256,1,87,/mnt/d/邵鹏远/UCL/博1/code/audition_pipeline/data/dataset_4mic_3spk/Eval/clean/clean_fileid_256_doa87_spk1.wav,/mnt/d/邵鹏远/UCL/博1/code/audition_pipeline/data/dataset_4mic_3spk/Eval/mic/mic_fileid_256_doa87_3spk.wav,match_clean_doa,0,16000,wb,1.3705028295516968,
257,1,323,/mnt/d/邵鹏远/UCL/博1/code/audition_pipeline/data/dataset_4mic_3spk/Eval/clean/clean_fileid_257_doa323_spk1.wav,/mnt/d/邵鹏远/UCL/博1/code/audition_pipeline/data/dataset_4mic_3spk/Eval/mic/mic_fileid_257_doa323_3spk.wav,match_clean_doa,0,16000,wb,1.3120567798614502,
258,1,233,/mnt/d/邵鹏远/UCL/博1/code/audition_pipeline/data/dataset_4mic_3spk/Eval/clean/clean_fileid_258_doa233_spk1.wav,/mnt/d/邵鹏远/UCL/博1/code/audition_pipeline/data/dataset_4mic_3spk/Eval/mic/mic_fileid_258_doa233_3spk.wav,match_clean_doa,0,16000,wb,1.4043940305709839,
259,1,171,/mnt/d/邵鹏远/UCL/博1/code/audition_pipeline/data/dataset_4mic_3spk/Eval/clean/clean_fileid_259_doa171_spk1.wav,/mnt/d/邵鹏远/UCL/博1/code/audition_pipeline/data/dataset_4mic_3spk/Eval/mic/mic_fileid_259_doa171_3spk.wav,match_clean_doa,0,16000,wb,1.4337892532348633,
260,1,250,/mnt/d/邵鹏远/UCL/博1/code/audition_pipeline/data/dataset_4mic_3spk/Eval/clean/clean_fileid_260_doa250_spk1.wav,/mnt/d/邵鹏远/UCL/博1/code/audition_pipeline/data/dataset_4mic_3spk/Eval/mic/mic_fileid_260_doa250_3spk.wav,match_clean_doa,0,16000,wb,1.1996510028839111,
261,1,176,/mnt/d/邵鹏远/UCL/博1/code/audition_pipeline/data/dataset_4mic_3spk/Eval/clean/clean_fileid_261_doa176_spk1.wav,/mnt/d/邵鹏远/UCL/博1/code/audition_pipeline/data/dataset_4mic_3spk/Eval/mic/mic_fileid_261_doa176_3spk.wav,match_clean_doa,0,16000,wb,1.311276912689209,
262,1,226,/mnt/d/邵鹏远/UCL/博1/code/audition_pipeline/data/dataset_4mic_3spk/Eval/clean/clean_fileid_262_doa226_spk1.wav,/mnt/d/邵鹏远/UCL/博1/code/audition_pipeline/data/dataset_4mic_3spk/Eval/mic/mic_fileid_262_doa226_3spk.wav,match_clean_doa,0,16000,wb,1.2560361623764038,
263,1,62,/mnt/d/邵鹏远/UCL/博1/code/audition_pipeline/data/dataset_4mic_3spk/Eval/clean/clean_fileid_263_doa62_spk1.wav,/mnt/d/邵鹏远/UCL/博1/code/audition_pipeline/data/dataset_4mic_3spk/Eval/mic/mic_fileid_263_doa62_3spk.wav,match_clean_doa,0,16000,wb,1.2570456266403198,
264,1,124,/mnt/d/邵鹏远/UCL/博1/code/audition_pipeline/data/dataset_4mic_3spk/Eval/clean/clean_fileid_264_doa124_spk1.wav,/mnt/d/邵鹏远/UCL/博1/code/audition_pipeline/data/dataset_4mic_3spk/Eval/mic/mic_fileid_264_doa124_3spk.wav,match_clean_doa,0,16000,wb,1.1509668827056885,
265,1,292,/mnt/d/邵鹏远/UCL/博1/code/audition_pipeline/data/dataset_4mic_3spk/Eval/clean/clean_fileid_265_doa292_spk1.wav,/mnt/d/邵鹏远/UCL/博1/code/audition_pipeline/data/dataset_4mic_3spk/Eval/mic/mic_fileid_265_doa292_3spk.wav,match_clean_doa,0,16000,wb,1.1258411407470703,
266,1,359,/mnt/d/邵鹏远/UCL/博1/code/audition_pipeline/data/dataset_4mic_3spk/Eval/clean/clean_fileid_266_doa359_spk1.wav,/mnt/d/邵鹏远/UCL/博1/code/audition_pipeline/data/dataset_4mic_3spk/Eval/mic/mic_fileid_266_doa359_3spk.wav,match_clean_doa,0,16000,wb,1.3148263692855835,
267,1,311,/mnt/d/邵鹏远/UCL/博1/code/audition_pipeline/data/dataset_4mic_3spk/Eval/clean/clean_fileid_267_doa311_spk1.wav,/mnt/d/邵鹏远/UCL/博1/code/audition_pipeline/data/dataset_4mic_3spk/Eval/mic/mic_fileid_267_doa311_3spk.wav,match_clean_doa,0,16000,wb,1.3315215110778809,
268,1,354,/mnt/d/邵鹏远/UCL/博1/code/audition_pipeline/data/dataset_4mic_3spk/Eval/clean/clean_fileid_268_doa354_spk1.wav,/mnt/d/邵鹏远/UCL/博1/code/audition_pipeline/data/dataset_4mic_3spk/Eval/mic/mic_fileid_268_doa354_3spk.wav,match_clean_doa,0,16000,wb,1.2224397659301758,
269,1,163,/mnt/d/邵鹏远/UCL/博1/code/audition_pipeline/data/dataset_4mic_3spk/Eval/clean/clean_fileid_269_doa163_spk1.wav,/mnt/d/邵鹏远/UCL/博1/code/audition_pipeline/data/dataset_4mic_3spk/Eval/mic/mic_fileid_269_doa163_3spk.wav,match_clean_doa,0,16000,wb,1.1765623092651367,
270,1,4,/mnt/d/邵鹏远/UCL/博1/code/audition_pipeline/data/dataset_4mic_3spk/Eval/clean/clean_fileid_270_doa4_spk1.wav,/mnt/d/邵鹏远/UCL/博1/code/audition_pipeline/data/dataset_4mic_3spk/Eval/mic/mic_fileid_270_doa4_3spk.wav,match_clean_doa,0,16000,wb,1.1462150812149048,
271,1,191,/mnt/d/邵鹏远/UCL/博1/code/audition_pipeline/data/dataset_4mic_3spk/Eval/clean/clean_fileid_271_doa191_spk1.wav,/mnt/d/邵鹏远/UCL/博1/code/audition_pipeline/data/dataset_4mic_3spk/Eval/mic/mic_fileid_271_doa191_3spk.wav,match_clean_doa,0,16000,wb,1.1631312370300293,
272,1,354,/mnt/d/邵鹏远/UCL/博1/code/audition_pipeline/data/dataset_4mic_3spk/Eval/clean/clean_fileid_272_doa354_spk1.wav,/mnt/d/邵鹏远/UCL/博1/code/audition_pipeline/data/dataset_4mic_3spk/Eval/mic/mic_fileid_272_doa354_3spk.wav,match_clean_doa,0,16000,wb,1.1499907970428467,
273,1,24,/mnt/d/邵鹏远/UCL/博1/code/audition_pipeline/data/dataset_4mic_3spk/Eval/clean/clean_fileid_273_doa24_spk1.wav,/mnt/d/邵鹏远/UCL/博1/code/audition_pipeline/data/dataset_4mic_3spk/Eval/mic/mic_fileid_273_doa24_3spk.wav,match_clean_doa,0,16000,wb,1.230610728263855,
274,1,111,/mnt/d/邵鹏远/UCL/博1/code/audition_pipeline/data/dataset_4mic_3spk/Eval/clean/clean_fileid_274_doa111_spk1.wav,/mnt/d/邵鹏远/UCL/博1/code/audition_pipeline/data/dataset_4mic_3spk/Eval/mic/mic_fileid_274_doa111_3spk.wav,match_clean_doa,0,16000,wb,1.3642321825027466,
275,1,2,/mnt/d/邵鹏远/UCL/博1/code/audition_pipeline/data/dataset_4mic_3spk/Eval/clean/clean_fileid_275_doa2_spk1.wav,/mnt/d/邵鹏远/UCL/博1/code/audition_pipeline/data/dataset_4mic_3spk/Eval/mic/mic_fileid_275_doa2_3spk.wav,match_clean_doa,0,16000,wb,1.1914504766464233,
276,1,127,/mnt/d/邵鹏远/UCL/博1/code/audition_pipeline/data/dataset_4mic_3spk/Eval/clean/clean_fileid_276_doa127_spk1.wav,/mnt/d/邵鹏远/UCL/博1/code/audition_pipeline/data/dataset_4mic_3spk/Eval/mic/mic_fileid_276_doa127_3spk.wav,match_clean_doa,0,16000,wb,1.2090544700622559,
277,1,303,/mnt/d/邵鹏远/UCL/博1/code/audition_pipeline/data/dataset_4mic_3spk/Eval/clean/clean_fileid_277_doa303_spk1.wav,/mnt/d/邵鹏远/UCL/博1/code/audition_pipeline/data/dataset_4mic_3spk/Eval/mic/mic_fileid_277_doa303_3spk.wav,match_clean_doa,0,16000,wb,1.5953960418701172,
278,1,102,/mnt/d/邵鹏远/UCL/博1/code/audition_pipeline/data/dataset_4mic_3spk/Eval/clean/clean_fileid_278_doa102_spk1.wav,/mnt/d/邵鹏远/UCL/博1/code/audition_pipeline/data/dataset_4mic_3spk/Eval/mic/mic_fileid_278_doa102_3spk.wav,match_clean_doa,0,16000,wb,1.3014240264892578,
279,1,220,/mnt/d/邵鹏远/UCL/博1/code/audition_pipeline/data/dataset_4mic_3spk/Eval/clean/clean_fileid_279_doa220_spk1.wav,/mnt/d/邵鹏远/UCL/博1/code/audition_pipeline/data/dataset_4mic_3spk/Eval/mic/mic_fileid_279_doa220_3spk.wav,match_clean_doa,0,16000,wb,1.2243380546569824,
280,1,27,/mnt/d/邵鹏远/UCL/博1/code/audition_pipeline/data/dataset_4mic_3spk/Eval/clean/clean_fileid_280_doa27_spk1.wav,/mnt/d/邵鹏远/UCL/博1/code/audition_pipeline/data/dataset_4mic_3spk/Eval/mic/mic_fileid_280_doa27_3spk.wav,match_clean_doa,0,16000,wb,1.455550193786621,
281,1,355,/mnt/d/邵鹏远/UCL/博1/code/audition_pipeline/data/dataset_4mic_3spk/Eval/clean/clean_fileid_281_doa355_spk1.wav,/mnt/d/邵鹏远/UCL/博1/code/audition_pipeline/data/dataset_4mic_3spk/Eval/mic/mic_fileid_281_doa355_3spk.wav,match_clean_doa,0,16000,wb,1.202916145324707,
282,1,276,/mnt/d/邵鹏远/UCL/博1/code/audition_pipeline/data/dataset_4mic_3spk/Eval/clean/clean_fileid_282_doa276_spk1.wav,/mnt/d/邵鹏远/UCL/博1/code/audition_pipeline/data/dataset_4mic_3spk/Eval/mic/mic_fileid_282_doa276_3spk.wav,match_clean_doa,0,16000,wb,1.3874709606170654,
283,1,302,/mnt/d/邵鹏远/UCL/博1/code/audition_pipeline/data/dataset_4mic_3spk/Eval/clean/clean_fileid_283_doa302_spk1.wav,/mnt/d/邵鹏远/UCL/博1/code/audition_pipeline/data/dataset_4mic_3spk/Eval/mic/mic_fileid_283_doa302_3spk.wav,match_clean_doa,0,16000,wb,1.1685724258422852,
284,1,256,/mnt/d/邵鹏远/UCL/博1/code/audition_pipeline/data/dataset_4mic_3spk/Eval/clean/clean_fileid_284_doa256_spk1.wav,/mnt/d/邵鹏远/UCL/博1/code/audition_pipeline/data/dataset_4mic_3spk/Eval/mic/mic_fileid_284_doa256_3spk.wav,match_clean_doa,0,16000,wb,1.235158085823059,
285,1,274,/mnt/d/邵鹏远/UCL/博1/code/audition_pipeline/data/dataset_4mic_3spk/Eval/clean/clean_fileid_285_doa274_spk1.wav,/mnt/d/邵鹏远/UCL/博1/code/audition_pipeline/data/dataset_4mic_3spk/Eval/mic/mic_fileid_285_doa274_3spk.wav,match_clean_doa,0,16000,wb,1.1733132600784302,
286,1,62,/mnt/d/邵鹏远/UCL/博1/code/audition_pipeline/data/dataset_4mic_3spk/Eval/clean/clean_fileid_286_doa62_spk1.wav,/mnt/d/邵鹏远/UCL/博1/code/audition_pipeline/data/dataset_4mic_3spk/Eval/mic/mic_fileid_286_doa62_3spk.wav,match_clean_doa,0,16000,wb,1.3213897943496704,
287,1,147,/mnt/d/邵鹏远/UCL/博1/code/audition_pipeline/data/dataset_4mic_3spk/Eval/clean/clean_fileid_287_doa147_spk1.wav,/mnt/d/邵鹏远/UCL/博1/code/audition_pipeline/data/dataset_4mic_3spk/Eval/mic/mic_fileid_287_doa147_3spk.wav,match_clean_doa,0,16000,wb,1.1070669889450073,
288,1,139,/mnt/d/邵鹏远/UCL/博1/code/audition_pipeline/data/dataset_4mic_3spk/Eval/clean/clean_fileid_288_doa139_spk1.wav,/mnt/d/邵鹏远/UCL/博1/code/audition_pipeline/data/dataset_4mic_3spk/Eval/mic/mic_fileid_288_doa139_3spk.wav,match_clean_doa,0,16000,wb,1.1931337118148804,
289,1,232,/mnt/d/邵鹏远/UCL/博1/code/audition_pipeline/data/dataset_4mic_3spk/Eval/clean/clean_fileid_289_doa232_spk1.wav,/mnt/d/邵鹏远/UCL/博1/code/audition_pipeline/data/dataset_4mic_3spk/Eval/mic/mic_fileid_289_doa232_3spk.wav,match_clean_doa,0,16000,wb,1.1543972492218018,
290,1,137,/mnt/d/邵鹏远/UCL/博1/code/audition_pipeline/data/dataset_4mic_3spk/Eval/clean/clean_fileid_290_doa137_spk1.wav,/mnt/d/邵鹏远/UCL/博1/code/audition_pipeline/data/dataset_4mic_3spk/Eval/mic/mic_fileid_290_doa137_3spk.wav,match_clean_doa,0,16000,wb,1.2218108177185059,
291,1,263,/mnt/d/邵鹏远/UCL/博1/code/audition_pipeline/data/dataset_4mic_3spk/Eval/clean/clean_fileid_291_doa263_spk1.wav,/mnt/d/邵鹏远/UCL/博1/code/audition_pipeline/data/dataset_4mic_3spk/Eval/mic/mic_fileid_291_doa263_3spk.wav,match_clean_doa,0,16000,wb,1.2600212097167969,
292,1,338,/mnt/d/邵鹏远/UCL/博1/code/audition_pipeline/data/dataset_4mic_3spk/Eval/clean/clean_fileid_292_doa338_spk1.wav,/mnt/d/邵鹏远/UCL/博1/code/audition_pipeline/data/dataset_4mic_3spk/Eval/mic/mic_fileid_292_doa338_3spk.wav,match_clean_doa,0,16000,wb,1.161110758781433,
293,1,340,/mnt/d/邵鹏远/UCL/博1/code/audition_pipeline/data/dataset_4mic_3spk/Eval/clean/clean_fileid_293_doa340_spk1.wav,/mnt/d/邵鹏远/UCL/博1/code/audition_pipeline/data/dataset_4mic_3spk/Eval/mic/mic_fileid_293_doa340_3spk.wav,match_clean_doa,0,16000,wb,1.2407429218292236,
294,1,296,/mnt/d/邵鹏远/UCL/博1/code/audition_pipeline/data/dataset_4mic_3spk/Eval/clean/clean_fileid_294_doa296_spk1.wav,/mnt/d/邵鹏远/UCL/博1/code/audition_pipeline/data/dataset_4mic_3spk/Eval/mic/mic_fileid_294_doa296_3spk.wav,match_clean_doa,0,16000,wb,1.134942889213562,
295,1,80,/mnt/d/邵鹏远/UCL/博1/code/audition_pipeline/data/dataset_4mic_3spk/Eval/clean/clean_fileid_295_doa80_spk1.wav,/mnt/d/邵鹏远/UCL/博1/code/audition_pipeline/data/dataset_4mic_3spk/Eval/mic/mic_fileid_295_doa80_3spk.wav,match_clean_doa,0,16000,wb,1.394955039024353,
296,1,203,/mnt/d/邵鹏远/UCL/博1/code/audition_pipeline/data/dataset_4mic_3spk/Eval/clean/clean_fileid_296_doa203_spk1.wav,/mnt/d/邵鹏远/UCL/博1/code/audition_pipeline/data/dataset_4mic_3spk/Eval/mic/mic_fileid_296_doa203_3spk.wav,match_clean_doa,0,16000,wb,1.1699252128601074,
297,1,40,/mnt/d/邵鹏远/UCL/博1/code/audition_pipeline/data/dataset_4mic_3spk/Eval/clean/clean_fileid_297_doa40_spk1.wav,/mnt/d/邵鹏远/UCL/博1/code/audition_pipeline/data/dataset_4mic_3spk/Eval/mic/mic_fileid_297_doa40_3spk.wav,match_clean_doa,0,16000,wb,1.1634401082992554,
298,1,113,/mnt/d/邵鹏远/UCL/博1/code/audition_pipeline/data/dataset_4mic_3spk/Eval/clean/clean_fileid_298_doa113_spk1.wav,/mnt/d/邵鹏远/UCL/博1/code/audition_pipeline/data/dataset_4mic_3spk/Eval/mic/mic_fileid_298_doa113_3spk.wav,match_clean_doa,0,16000,wb,1.3898980617523193,
299,1,134,/mnt/d/邵鹏远/UCL/博1/code/audition_pipeline/data/dataset_4mic_3spk/Eval/clean/clean_fileid_299_doa134_spk1.wav,/mnt/d/邵鹏远/UCL/博1/code/audition_pipeline/data/dataset_4mic_3spk/Eval/mic/mic_fileid_299_doa134_3spk.wav,match_clean_doa,0,16000,wb,1.175764560699463,
300,1,219,/mnt/d/邵鹏远/UCL/博1/code/audition_pipeline/data/dataset_4mic_3spk/Eval/clean/clean_fileid_300_doa219_spk1.wav,/mnt/d/邵鹏远/UCL/博1/code/audition_pipeline/data/dataset_4mic_3spk/Eval/mic/mic_fileid_300_doa219_3spk.wav,match_clean_doa,0,16000,wb,1.1209428310394287,
301,1,230,/mnt/d/邵鹏远/UCL/博1/code/audition_pipeline/data/dataset_4mic_3spk/Eval/clean/clean_fileid_301_doa230_spk1.wav,/mnt/d/邵鹏远/UCL/博1/code/audition_pipeline/data/dataset_4mic_3spk/Eval/mic/mic_fileid_301_doa230_3spk.wav,match_clean_doa,0,16000,wb,1.3547295331954956,
302,1,36,/mnt/d/邵鹏远/UCL/博1/code/audition_pipeline/data/dataset_4mic_3spk/Eval/clean/clean_fileid_302_doa36_spk1.wav,/mnt/d/邵鹏远/UCL/博1/code/audition_pipeline/data/dataset_4mic_3spk/Eval/mic/mic_fileid_302_doa36_3spk.wav,match_clean_doa,0,16000,wb,1.1985551118850708,
303,1,40,/mnt/d/邵鹏远/UCL/博1/code/audition_pipeline/data/dataset_4mic_3spk/Eval/clean/clean_fileid_303_doa40_spk1.wav,/mnt/d/邵鹏远/UCL/博1/code/audition_pipeline/data/dataset_4mic_3spk/Eval/mic/mic_fileid_303_doa40_3spk.wav,match_clean_doa,0,16000,wb,1.28269362449646,
304,1,343,/mnt/d/邵鹏远/UCL/博1/code/audition_pipeline/data/dataset_4mic_3spk/Eval/clean/clean_fileid_304_doa343_spk1.wav,/mnt/d/邵鹏远/UCL/博1/code/audition_pipeline/data/dataset_4mic_3spk/Eval/mic/mic_fileid_304_doa343_3spk.wav,match_clean_doa,0,16000,wb,1.1966493129730225,
305,1,276,/mnt/d/邵鹏远/UCL/博1/code/audition_pipeline/data/dataset_4mic_3spk/Eval/clean/clean_fileid_305_doa276_spk1.wav,/mnt/d/邵鹏远/UCL/博1/code/audition_pipeline/data/dataset_4mic_3spk/Eval/mic/mic_fileid_305_doa276_3spk.wav,match_clean_doa,0,16000,wb,1.2464754581451416,
306,1,57,/mnt/d/邵鹏远/UCL/博1/code/audition_pipeline/data/dataset_4mic_3spk/Eval/clean/clean_fileid_306_doa57_spk1.wav,/mnt/d/邵鹏远/UCL/博1/code/audition_pipeline/data/dataset_4mic_3spk/Eval/mic/mic_fileid_306_doa57_3spk.wav,match_clean_doa,0,16000,wb,1.356429934501648,
307,1,86,/mnt/d/邵鹏远/UCL/博1/code/audition_pipeline/data/dataset_4mic_3spk/Eval/clean/clean_fileid_307_doa86_spk1.wav,/mnt/d/邵鹏远/UCL/博1/code/audition_pipeline/data/dataset_4mic_3spk/Eval/mic/mic_fileid_307_doa86_3spk.wav,match_clean_doa,0,16000,wb,1.1714179515838623,
308,1,107,/mnt/d/邵鹏远/UCL/博1/code/audition_pipeline/data/dataset_4mic_3spk/Eval/clean/clean_fileid_308_doa107_spk1.wav,/mnt/d/邵鹏远/UCL/博1/code/audition_pipeline/data/dataset_4mic_3spk/Eval/mic/mic_fileid_308_doa107_3spk.wav,match_clean_doa,0,16000,wb,1.0951051712036133,
309,1,45,/mnt/d/邵鹏远/UCL/博1/code/audition_pipeline/data/dataset_4mic_3spk/Eval/clean/clean_fileid_309_doa45_spk1.wav,/mnt/d/邵鹏远/UCL/博1/code/audition_pipeline/data/dataset_4mic_3spk/Eval/mic/mic_fileid_309_doa45_3spk.wav,match_clean_doa,0,16000,wb,1.4490478038787842,
310,1,57,/mnt/d/邵鹏远/UCL/博1/code/audition_pipeline/data/dataset_4mic_3spk/Eval/clean/clean_fileid_310_doa57_spk1.wav,/mnt/d/邵鹏远/UCL/博1/code/audition_pipeline/data/dataset_4mic_3spk/Eval/mic/mic_fileid_310_doa57_3spk.wav,match_clean_doa,0,16000,wb,1.4054713249206543,
311,1,102,/mnt/d/邵鹏远/UCL/博1/code/audition_pipeline/data/dataset_4mic_3spk/Eval/clean/clean_fileid_311_doa102_spk1.wav,/mnt/d/邵鹏远/UCL/博1/code/audition_pipeline/data/dataset_4mic_3spk/Eval/mic/mic_fileid_311_doa102_3spk.wav,match_clean_doa,0,16000,wb,1.1227879524230957,
312,1,181,/mnt/d/邵鹏远/UCL/博1/code/audition_pipeline/data/dataset_4mic_3spk/Eval/clean/clean_fileid_312_doa181_spk1.wav,/mnt/d/邵鹏远/UCL/博1/code/audition_pipeline/data/dataset_4mic_3spk/Eval/mic/mic_fileid_312_doa181_3spk.wav,match_clean_doa,0,16000,wb,1.1587151288986206,
313,1,113,/mnt/d/邵鹏远/UCL/博1/code/audition_pipeline/data/dataset_4mic_3spk/Eval/clean/clean_fileid_313_doa113_spk1.wav,/mnt/d/邵鹏远/UCL/博1/code/audition_pipeline/data/dataset_4mic_3spk/Eval/mic/mic_fileid_313_doa113_3spk.wav,match_clean_doa,0,16000,wb,1.3097434043884277,
314,1,25,/mnt/d/邵鹏远/UCL/博1/code/audition_pipeline/data/dataset_4mic_3spk/Eval/clean/clean_fileid_314_doa25_spk1.wav,/mnt/d/邵鹏远/UCL/博1/code/audition_pipeline/data/dataset_4mic_3spk/Eval/mic/mic_fileid_314_doa25_3spk.wav,match_clean_doa,0,16000,wb,1.2268437147140503,
315,1,207,/mnt/d/邵鹏远/UCL/博1/code/audition_pipeline/data/dataset_4mic_3spk/Eval/clean/clean_fileid_315_doa207_spk1.wav,/mnt/d/邵鹏远/UCL/博1/code/audition_pipeline/data/dataset_4mic_3spk/Eval/mic/mic_fileid_315_doa207_3spk.wav,match_clean_doa,0,16000,wb,1.4432634115219116,
316,1,105,/mnt/d/邵鹏远/UCL/博1/code/audition_pipeline/data/dataset_4mic_3spk/Eval/clean/clean_fileid_316_doa105_spk1.wav,/mnt/d/邵鹏远/UCL/博1/code/audition_pipeline/data/dataset_4mic_3spk/Eval/mic/mic_fileid_316_doa105_3spk.wav,match_clean_doa,0,16000,wb,1.1849488019943237,
317,1,180,/mnt/d/邵鹏远/UCL/博1/code/audition_pipeline/data/dataset_4mic_3spk/Eval/clean/clean_fileid_317_doa180_spk1.wav,/mnt/d/邵鹏远/UCL/博1/code/audition_pipeline/data/dataset_4mic_3spk/Eval/mic/mic_fileid_317_doa180_3spk.wav,match_clean_doa,0,16000,wb,1.1786175966262817,
318,1,38,/mnt/d/邵鹏远/UCL/博1/code/audition_pipeline/data/dataset_4mic_3spk/Eval/clean/clean_fileid_318_doa38_spk1.wav,/mnt/d/邵鹏远/UCL/博1/code/audition_pipeline/data/dataset_4mic_3spk/Eval/mic/mic_fileid_318_doa38_3spk.wav,match_clean_doa,0,16000,wb,1.8078627586364746,
319,1,198,/mnt/d/邵鹏远/UCL/博1/code/audition_pipeline/data/dataset_4mic_3spk/Eval/clean/clean_fileid_319_doa198_spk1.wav,/mnt/d/邵鹏远/UCL/博1/code/audition_pipeline/data/dataset_4mic_3spk/Eval/mic/mic_fileid_319_doa198_3spk.wav,match_clean_doa,0,16000,wb,1.217628002166748,
320,1,73,/mnt/d/邵鹏远/UCL/博1/code/audition_pipeline/data/dataset_4mic_3spk/Eval/clean/clean_fileid_320_doa73_spk1.wav,/mnt/d/邵鹏远/UCL/博1/code/audition_pipeline/data/dataset_4mic_3spk/Eval/mic/mic_fileid_320_doa73_3spk.wav,match_clean_doa,0,16000,wb,1.458063006401062,
321,1,301,/mnt/d/邵鹏远/UCL/博1/code/audition_pipeline/data/dataset_4mic_3spk/Eval/clean/clean_fileid_321_doa301_spk1.wav,/mnt/d/邵鹏远/UCL/博1/code/audition_pipeline/data/dataset_4mic_3spk/Eval/mic/mic_fileid_321_doa301_3spk.wav,match_clean_doa,0,16000,wb,1.1266422271728516,
322,1,9,/mnt/d/邵鹏远/UCL/博1/code/audition_pipeline/data/dataset_4mic_3spk/Eval/clean/clean_fileid_322_doa9_spk1.wav,/mnt/d/邵鹏远/UCL/博1/code/audition_pipeline/data/dataset_4mic_3spk/Eval/mic/mic_fileid_322_doa9_3spk.wav,match_clean_doa,0,16000,wb,1.1962350606918335,
323,1,189,/mnt/d/邵鹏远/UCL/博1/code/audition_pipeline/data/dataset_4mic_3spk/Eval/clean/clean_fileid_323_doa189_spk1.wav,/mnt/d/邵鹏远/UCL/博1/code/audition_pipeline/data/dataset_4mic_3spk/Eval/mic/mic_fileid_323_doa189_3spk.wav,match_clean_doa,0,16000,wb,1.2285891771316528,
324,1,14,/mnt/d/邵鹏远/UCL/博1/code/audition_pipeline/data/dataset_4mic_3spk/Eval/clean/clean_fileid_324_doa14_spk1.wav,/mnt/d/邵鹏远/UCL/博1/code/audition_pipeline/data/dataset_4mic_3spk/Eval/mic/mic_fileid_324_doa14_3spk.wav,match_clean_doa,0,16000,wb,1.0955986976623535,
325,1,340,/mnt/d/邵鹏远/UCL/博1/code/audition_pipeline/data/dataset_4mic_3spk/Eval/clean/clean_fileid_325_doa340_spk1.wav,/mnt/d/邵鹏远/UCL/博1/code/audition_pipeline/data/dataset_4mic_3spk/Eval/mic/mic_fileid_325_doa340_3spk.wav,match_clean_doa,0,16000,wb,1.1098443269729614,
326,1,143,/mnt/d/邵鹏远/UCL/博1/code/audition_pipeline/data/dataset_4mic_3spk/Eval/clean/clean_fileid_326_doa143_spk1.wav,/mnt/d/邵鹏远/UCL/博1/code/audition_pipeline/data/dataset_4mic_3spk/Eval/mic/mic_fileid_326_doa143_3spk.wav,match_clean_doa,0,16000,wb,1.2575972080230713,
327,1,303,/mnt/d/邵鹏远/UCL/博1/code/audition_pipeline/data/dataset_4mic_3spk/Eval/clean/clean_fileid_327_doa303_spk1.wav,/mnt/d/邵鹏远/UCL/博1/code/audition_pipeline/data/dataset_4mic_3spk/Eval/mic/mic_fileid_327_doa303_3spk.wav,match_clean_doa,0,16000,wb,1.1592965126037598,
328,1,119,/mnt/d/邵鹏远/UCL/博1/code/audition_pipeline/data/dataset_4mic_3spk/Eval/clean/clean_fileid_328_doa119_spk1.wav,/mnt/d/邵鹏远/UCL/博1/code/audition_pipeline/data/dataset_4mic_3spk/Eval/mic/mic_fileid_328_doa119_3spk.wav,match_clean_doa,0,16000,wb,1.200866937637329,
329,1,196,/mnt/d/邵鹏远/UCL/博1/code/audition_pipeline/data/dataset_4mic_3spk/Eval/clean/clean_fileid_329_doa196_spk1.wav,/mnt/d/邵鹏远/UCL/博1/code/audition_pipeline/data/dataset_4mic_3spk/Eval/mic/mic_fileid_329_doa196_3spk.wav,match_clean_doa,0,16000,wb,1.203633427619934,
330,1,67,/mnt/d/邵鹏远/UCL/博1/code/audition_pipeline/data/dataset_4mic_3spk/Eval/clean/clean_fileid_330_doa67_spk1.wav,/mnt/d/邵鹏远/UCL/博1/code/audition_pipeline/data/dataset_4mic_3spk/Eval/mic/mic_fileid_330_doa67_3spk.wav,match_clean_doa,0,16000,wb,1.0971252918243408,
331,1,39,/mnt/d/邵鹏远/UCL/博1/code/audition_pipeline/data/dataset_4mic_3spk/Eval/clean/clean_fileid_331_doa39_spk1.wav,/mnt/d/邵鹏远/UCL/博1/code/audition_pipeline/data/dataset_4mic_3spk/Eval/mic/mic_fileid_331_doa39_3spk.wav,match_clean_doa,0,16000,wb,1.4634884595870972,
332,1,152,/mnt/d/邵鹏远/UCL/博1/code/audition_pipeline/data/dataset_4mic_3spk/Eval/clean/clean_fileid_332_doa152_spk1.wav,/mnt/d/邵鹏远/UCL/博1/code/audition_pipeline/data/dataset_4mic_3spk/Eval/mic/mic_fileid_332_doa152_3spk.wav,match_clean_doa,0,16000,wb,1.3154312372207642,
333,1,167,/mnt/d/邵鹏远/UCL/博1/code/audition_pipeline/data/dataset_4mic_3spk/Eval/clean/clean_fileid_333_doa167_spk1.wav,/mnt/d/邵鹏远/UCL/博1/code/audition_pipeline/data/dataset_4mic_3spk/Eval/mic/mic_fileid_333_doa167_3spk.wav,match_clean_doa,0,16000,wb,1.3141205310821533,
334,1,245,/mnt/d/邵鹏远/UCL/博1/code/audition_pipeline/data/dataset_4mic_3spk/Eval/clean/clean_fileid_334_doa245_spk1.wav,/mnt/d/邵鹏远/UCL/博1/code/audition_pipeline/data/dataset_4mic_3spk/Eval/mic/mic_fileid_334_doa245_3spk.wav,match_clean_doa,0,16000,wb,1.2476003170013428,
335,1,104,/mnt/d/邵鹏远/UCL/博1/code/audition_pipeline/data/dataset_4mic_3spk/Eval/clean/clean_fileid_335_doa104_spk1.wav,/mnt/d/邵鹏远/UCL/博1/code/audition_pipeline/data/dataset_4mic_3spk/Eval/mic/mic_fileid_335_doa104_3spk.wav,match_clean_doa,0,16000,wb,1.113354206085205,
336,1,91,/mnt/d/邵鹏远/UCL/博1/code/audition_pipeline/data/dataset_4mic_3spk/Eval/clean/clean_fileid_336_doa91_spk1.wav,/mnt/d/邵鹏远/UCL/博1/code/audition_pipeline/data/dataset_4mic_3spk/Eval/mic/mic_fileid_336_doa91_3spk.wav,match_clean_doa,0,16000,wb,1.1668239831924438,
337,1,302,/mnt/d/邵鹏远/UCL/博1/code/audition_pipeline/data/dataset_4mic_3spk/Eval/clean/clean_fileid_337_doa302_spk1.wav,/mnt/d/邵鹏远/UCL/博1/code/audition_pipeline/data/dataset_4mic_3spk/Eval/mic/mic_fileid_337_doa302_3spk.wav,match_clean_doa,0,16000,wb,1.3528940677642822,
338,1,175,/mnt/d/邵鹏远/UCL/博1/code/audition_pipeline/data/dataset_4mic_3spk/Eval/clean/clean_fileid_338_doa175_spk1.wav,/mnt/d/邵鹏远/UCL/博1/code/audition_pipeline/data/dataset_4mic_3spk/Eval/mic/mic_fileid_338_doa175_3spk.wav,match_clean_doa,0,16000,wb,1.1239606142044067,
339,1,48,/mnt/d/邵鹏远/UCL/博1/code/audition_pipeline/data/dataset_4mic_3spk/Eval/clean/clean_fileid_339_doa48_spk1.wav,/mnt/d/邵鹏远/UCL/博1/code/audition_pipeline/data/dataset_4mic_3spk/Eval/mic/mic_fileid_339_doa48_3spk.wav,match_clean_doa,0,16000,wb,1.389145851135254,
340,1,68,/mnt/d/邵鹏远/UCL/博1/code/audition_pipeline/data/dataset_4mic_3spk/Eval/clean/clean_fileid_340_doa68_spk1.wav,/mnt/d/邵鹏远/UCL/博1/code/audition_pipeline/data/dataset_4mic_3spk/Eval/mic/mic_fileid_340_doa68_3spk.wav,match_clean_doa,0,16000,wb,1.3819793462753296,
341,1,196,/mnt/d/邵鹏远/UCL/博1/code/audition_pipeline/data/dataset_4mic_3spk/Eval/clean/clean_fileid_341_doa196_spk1.wav,/mnt/d/邵鹏远/UCL/博1/code/audition_pipeline/data/dataset_4mic_3spk/Eval/mic/mic_fileid_341_doa196_3spk.wav,match_clean_doa,0,16000,wb,1.1413739919662476,
342,1,60,/mnt/d/邵鹏远/UCL/博1/code/audition_pipeline/data/dataset_4mic_3spk/Eval/clean/clean_fileid_342_doa60_spk1.wav,/mnt/d/邵鹏远/UCL/博1/code/audition_pipeline/data/dataset_4mic_3spk/Eval/mic/mic_fileid_342_doa60_3spk.wav,match_clean_doa,0,16000,wb,1.6134486198425293,
343,1,53,/mnt/d/邵鹏远/UCL/博1/code/audition_pipeline/data/dataset_4mic_3spk/Eval/clean/clean_fileid_343_doa53_spk1.wav,/mnt/d/邵鹏远/UCL/博1/code/audition_pipeline/data/dataset_4mic_3spk/Eval/mic/mic_fileid_343_doa53_3spk.wav,match_clean_doa,0,16000,wb,1.177721381187439,
344,1,314,/mnt/d/邵鹏远/UCL/博1/code/audition_pipeline/data/dataset_4mic_3spk/Eval/clean/clean_fileid_344_doa314_spk1.wav,/mnt/d/邵鹏远/UCL/博1/code/audition_pipeline/data/dataset_4mic_3spk/Eval/mic/mic_fileid_344_doa314_3spk.wav,match_clean_doa,0,16000,wb,1.3274869918823242,
345,1,61,/mnt/d/邵鹏远/UCL/博1/code/audition_pipeline/data/dataset_4mic_3spk/Eval/clean/clean_fileid_345_doa61_spk1.wav,/mnt/d/邵鹏远/UCL/博1/code/audition_pipeline/data/dataset_4mic_3spk/Eval/mic/mic_fileid_345_doa61_3spk.wav,match_clean_doa,0,16000,wb,1.296114444732666,
346,1,292,/mnt/d/邵鹏远/UCL/博1/code/audition_pipeline/data/dataset_4mic_3spk/Eval/clean/clean_fileid_346_doa292_spk1.wav,/mnt/d/邵鹏远/UCL/博1/code/audition_pipeline/data/dataset_4mic_3spk/Eval/mic/mic_fileid_346_doa292_3spk.wav,match_clean_doa,0,16000,wb,1.2234156131744385,
347,1,18,/mnt/d/邵鹏远/UCL/博1/code/audition_pipeline/data/dataset_4mic_3spk/Eval/clean/clean_fileid_347_doa18_spk1.wav,/mnt/d/邵鹏远/UCL/博1/code/audition_pipeline/data/dataset_4mic_3spk/Eval/mic/mic_fileid_347_doa18_3spk.wav,match_clean_doa,0,16000,wb,1.236470103263855,
348,1,173,/mnt/d/邵鹏远/UCL/博1/code/audition_pipeline/data/dataset_4mic_3spk/Eval/clean/clean_fileid_348_doa173_spk1.wav,/mnt/d/邵鹏远/UCL/博1/code/audition_pipeline/data/dataset_4mic_3spk/Eval/mic/mic_fileid_348_doa173_3spk.wav,match_clean_doa,0,16000,wb,1.451119303703308,
349,1,166,/mnt/d/邵鹏远/UCL/博1/code/audition_pipeline/data/dataset_4mic_3spk/Eval/clean/clean_fileid_349_doa166_spk1.wav,/mnt/d/邵鹏远/UCL/博1/code/audition_pipeline/data/dataset_4mic_3spk/Eval/mic/mic_fileid_349_doa166_3spk.wav,match_clean_doa,0,16000,wb,1.1072484254837036,
350,1,216,/mnt/d/邵鹏远/UCL/博1/code/audition_pipeline/data/dataset_4mic_3spk/Eval/clean/clean_fileid_350_doa216_spk1.wav,/mnt/d/邵鹏远/UCL/博1/code/audition_pipeline/data/dataset_4mic_3spk/Eval/mic/mic_fileid_350_doa216_3spk.wav,match_clean_doa,0,16000,wb,1.2204251289367676,
351,1,35,/mnt/d/邵鹏远/UCL/博1/code/audition_pipeline/data/dataset_4mic_3spk/Eval/clean/clean_fileid_351_doa35_spk1.wav,/mnt/d/邵鹏远/UCL/博1/code/audition_pipeline/data/dataset_4mic_3spk/Eval/mic/mic_fileid_351_doa35_3spk.wav,match_clean_doa,0,16000,wb,1.3834114074707031,
352,1,234,/mnt/d/邵鹏远/UCL/博1/code/audition_pipeline/data/dataset_4mic_3spk/Eval/clean/clean_fileid_352_doa234_spk1.wav,/mnt/d/邵鹏远/UCL/博1/code/audition_pipeline/data/dataset_4mic_3spk/Eval/mic/mic_fileid_352_doa234_3spk.wav,match_clean_doa,0,16000,wb,1.2783585786819458,
353,1,354,/mnt/d/邵鹏远/UCL/博1/code/audition_pipeline/data/dataset_4mic_3spk/Eval/clean/clean_fileid_353_doa354_spk1.wav,/mnt/d/邵鹏远/UCL/博1/code/audition_pipeline/data/dataset_4mic_3spk/Eval/mic/mic_fileid_353_doa354_3spk.wav,match_clean_doa,0,16000,wb,1.1983577013015747,
354,1,331,/mnt/d/邵鹏远/UCL/博1/code/audition_pipeline/data/dataset_4mic_3spk/Eval/clean/clean_fileid_354_doa331_spk1.wav,/mnt/d/邵鹏远/UCL/博1/code/audition_pipeline/data/dataset_4mic_3spk/Eval/mic/mic_fileid_354_doa331_3spk.wav,match_clean_doa,0,16000,wb,1.305077314376831,
355,1,285,/mnt/d/邵鹏远/UCL/博1/code/audition_pipeline/data/dataset_4mic_3spk/Eval/clean/clean_fileid_355_doa285_spk1.wav,/mnt/d/邵鹏远/UCL/博1/code/audition_pipeline/data/dataset_4mic_3spk/Eval/mic/mic_fileid_355_doa285_3spk.wav,match_clean_doa,0,16000,wb,1.1818069219589233,
356,1,181,/mnt/d/邵鹏远/UCL/博1/code/audition_pipeline/data/dataset_4mic_3spk/Eval/clean/clean_fileid_356_doa181_spk1.wav,/mnt/d/邵鹏远/UCL/博1/code/audition_pipeline/data/dataset_4mic_3spk/Eval/mic/mic_fileid_356_doa181_3spk.wav,match_clean_doa,0,16000,wb,1.2369850873947144,
357,1,234,/mnt/d/邵鹏远/UCL/博1/code/audition_pipeline/data/dataset_4mic_3spk/Eval/clean/clean_fileid_357_doa234_spk1.wav,/mnt/d/邵鹏远/UCL/博1/code/audition_pipeline/data/dataset_4mic_3spk/Eval/mic/mic_fileid_357_doa234_3spk.wav,match_clean_doa,0,16000,wb,1.2404757738113403,
358,1,326,/mnt/d/邵鹏远/UCL/博1/code/audition_pipeline/data/dataset_4mic_3spk/Eval/clean/clean_fileid_358_doa326_spk1.wav,/mnt/d/邵鹏远/UCL/博1/code/audition_pipeline/data/dataset_4mic_3spk/Eval/mic/mic_fileid_358_doa326_3spk.wav,match_clean_doa,0,16000,wb,1.124954342842102,
359,1,291,/mnt/d/邵鹏远/UCL/博1/code/audition_pipeline/data/dataset_4mic_3spk/Eval/clean/clean_fileid_359_doa291_spk1.wav,/mnt/d/邵鹏远/UCL/博1/code/audition_pipeline/data/dataset_4mic_3spk/Eval/mic/mic_fileid_359_doa291_3spk.wav,match_clean_doa,0,16000,wb,1.3172215223312378,
360,1,104,/mnt/d/邵鹏远/UCL/博1/code/audition_pipeline/data/dataset_4mic_3spk/Eval/clean/clean_fileid_360_doa104_spk1.wav,/mnt/d/邵鹏远/UCL/博1/code/audition_pipeline/data/dataset_4mic_3spk/Eval/mic/mic_fileid_360_doa104_3spk.wav,match_clean_doa,0,16000,wb,1.3852643966674805,
361,1,230,/mnt/d/邵鹏远/UCL/博1/code/audition_pipeline/data/dataset_4mic_3spk/Eval/clean/clean_fileid_361_doa230_spk1.wav,/mnt/d/邵鹏远/UCL/博1/code/audition_pipeline/data/dataset_4mic_3spk/Eval/mic/mic_fileid_361_doa230_3spk.wav,match_clean_doa,0,16000,wb,1.213366985321045,
362,1,265,/mnt/d/邵鹏远/UCL/博1/code/audition_pipeline/data/dataset_4mic_3spk/Eval/clean/clean_fileid_362_doa265_spk1.wav,/mnt/d/邵鹏远/UCL/博1/code/audition_pipeline/data/dataset_4mic_3spk/Eval/mic/mic_fileid_362_doa265_3spk.wav,match_clean_doa,0,16000,wb,1.3284977674484253,
363,1,336,/mnt/d/邵鹏远/UCL/博1/code/audition_pipeline/data/dataset_4mic_3spk/Eval/clean/clean_fileid_363_doa336_spk1.wav,/mnt/d/邵鹏远/UCL/博1/code/audition_pipeline/data/dataset_4mic_3spk/Eval/mic/mic_fileid_363_doa336_3spk.wav,match_clean_doa,0,16000,wb,1.184772253036499,
364,1,345,/mnt/d/邵鹏远/UCL/博1/code/audition_pipeline/data/dataset_4mic_3spk/Eval/clean/clean_fileid_364_doa345_spk1.wav,/mnt/d/邵鹏远/UCL/博1/code/audition_pipeline/data/dataset_4mic_3spk/Eval/mic/mic_fileid_364_doa345_3spk.wav,match_clean_doa,0,16000,wb,1.3257536888122559,
365,1,212,/mnt/d/邵鹏远/UCL/博1/code/audition_pipeline/data/dataset_4mic_3spk/Eval/clean/clean_fileid_365_doa212_spk1.wav,/mnt/d/邵鹏远/UCL/博1/code/audition_pipeline/data/dataset_4mic_3spk/Eval/mic/mic_fileid_365_doa212_3spk.wav,match_clean_doa,0,16000,wb,1.2826874256134033,
366,1,180,/mnt/d/邵鹏远/UCL/博1/code/audition_pipeline/data/dataset_4mic_3spk/Eval/clean/clean_fileid_366_doa180_spk1.wav,/mnt/d/邵鹏远/UCL/博1/code/audition_pipeline/data/dataset_4mic_3spk/Eval/mic/mic_fileid_366_doa180_3spk.wav,match_clean_doa,0,16000,wb,1.278933048248291,
367,1,261,/mnt/d/邵鹏远/UCL/博1/code/audition_pipeline/data/dataset_4mic_3spk/Eval/clean/clean_fileid_367_doa261_spk1.wav,/mnt/d/邵鹏远/UCL/博1/code/audition_pipeline/data/dataset_4mic_3spk/Eval/mic/mic_fileid_367_doa261_3spk.wav,match_clean_doa,0,16000,wb,1.3233562707901,
368,1,76,/mnt/d/邵鹏远/UCL/博1/code/audition_pipeline/data/dataset_4mic_3spk/Eval/clean/clean_fileid_368_doa76_spk1.wav,/mnt/d/邵鹏远/UCL/博1/code/audition_pipeline/data/dataset_4mic_3spk/Eval/mic/mic_fileid_368_doa76_3spk.wav,match_clean_doa,0,16000,wb,1.3567345142364502,
369,1,75,/mnt/d/邵鹏远/UCL/博1/code/audition_pipeline/data/dataset_4mic_3spk/Eval/clean/clean_fileid_369_doa75_spk1.wav,/mnt/d/邵鹏远/UCL/博1/code/audition_pipeline/data/dataset_4mic_3spk/Eval/mic/mic_fileid_369_doa75_3spk.wav,match_clean_doa,0,16000,wb,1.2303584814071655,
370,1,297,/mnt/d/邵鹏远/UCL/博1/code/audition_pipeline/data/dataset_4mic_3spk/Eval/clean/clean_fileid_370_doa297_spk1.wav,/mnt/d/邵鹏远/UCL/博1/code/audition_pipeline/data/dataset_4mic_3spk/Eval/mic/mic_fileid_370_doa297_3spk.wav,match_clean_doa,0,16000,wb,1.1864521503448486,
371,1,306,/mnt/d/邵鹏远/UCL/博1/code/audition_pipeline/data/dataset_4mic_3spk/Eval/clean/clean_fileid_371_doa306_spk1.wav,/mnt/d/邵鹏远/UCL/博1/code/audition_pipeline/data/dataset_4mic_3spk/Eval/mic/mic_fileid_371_doa306_3spk.wav,match_clean_doa,0,16000,wb,1.3585110902786255,
372,1,161,/mnt/d/邵鹏远/UCL/博1/code/audition_pipeline/data/dataset_4mic_3spk/Eval/clean/clean_fileid_372_doa161_spk1.wav,/mnt/d/邵鹏远/UCL/博1/code/audition_pipeline/data/dataset_4mic_3spk/Eval/mic/mic_fileid_372_doa161_3spk.wav,match_clean_doa,0,16000,wb,1.6021318435668945,
373,1,176,/mnt/d/邵鹏远/UCL/博1/code/audition_pipeline/data/dataset_4mic_3spk/Eval/clean/clean_fileid_373_doa176_spk1.wav,/mnt/d/邵鹏远/UCL/博1/code/audition_pipeline/data/dataset_4mic_3spk/Eval/mic/mic_fileid_373_doa176_3spk.wav,match_clean_doa,0,16000,wb,1.2026896476745605,
374,1,253,/mnt/d/邵鹏远/UCL/博1/code/audition_pipeline/data/dataset_4mic_3spk/Eval/clean/clean_fileid_374_doa253_spk1.wav,/mnt/d/邵鹏远/UCL/博1/code/audition_pipeline/data/dataset_4mic_3spk/Eval/mic/mic_fileid_374_doa253_3spk.wav,match_clean_doa,0,16000,wb,1.2867567539215088,
375,1,336,/mnt/d/邵鹏远/UCL/博1/code/audition_pipeline/data/dataset_4mic_3spk/Eval/clean/clean_fileid_375_doa336_spk1.wav,/mnt/d/邵鹏远/UCL/博1/code/audition_pipeline/data/dataset_4mic_3spk/Eval/mic/mic_fileid_375_doa336_3spk.wav,match_clean_doa,0,16000,wb,1.2894526720046997,
376,1,104,/mnt/d/邵鹏远/UCL/博1/code/audition_pipeline/data/dataset_4mic_3spk/Eval/clean/clean_fileid_376_doa104_spk1.wav,/mnt/d/邵鹏远/UCL/博1/code/audition_pipeline/data/dataset_4mic_3spk/Eval/mic/mic_fileid_376_doa104_3spk.wav,match_clean_doa,0,16000,wb,1.1880576610565186,
377,1,285,/mnt/d/邵鹏远/UCL/博1/code/audition_pipeline/data/dataset_4mic_3spk/Eval/clean/clean_fileid_377_doa285_spk1.wav,/mnt/d/邵鹏远/UCL/博1/code/audition_pipeline/data/dataset_4mic_3spk/Eval/mic/mic_fileid_377_doa285_3spk.wav,match_clean_doa,0,16000,wb,1.397691249847412,
378,1,85,/mnt/d/邵鹏远/UCL/博1/code/audition_pipeline/data/dataset_4mic_3spk/Eval/clean/clean_fileid_378_doa85_spk1.wav,/mnt/d/邵鹏远/UCL/博1/code/audition_pipeline/data/dataset_4mic_3spk/Eval/mic/mic_fileid_378_doa85_3spk.wav,match_clean_doa,0,16000,wb,1.2461479902267456,
379,1,248,/mnt/d/邵鹏远/UCL/博1/code/audition_pipeline/data/dataset_4mic_3spk/Eval/clean/clean_fileid_379_doa248_spk1.wav,/mnt/d/邵鹏远/UCL/博1/code/audition_pipeline/data/dataset_4mic_3spk/Eval/mic/mic_fileid_379_doa248_3spk.wav,match_clean_doa,0,16000,wb,1.6076076030731201,
380,1,216,/mnt/d/邵鹏远/UCL/博1/code/audition_pipeline/data/dataset_4mic_3spk/Eval/clean/clean_fileid_380_doa216_spk1.wav,/mnt/d/邵鹏远/UCL/博1/code/audition_pipeline/data/dataset_4mic_3spk/Eval/mic/mic_fileid_380_doa216_3spk.wav,match_clean_doa,0,16000,wb,1.3411375284194946,
381,1,246,/mnt/d/邵鹏远/UCL/博1/code/audition_pipeline/data/dataset_4mic_3spk/Eval/clean/clean_fileid_381_doa246_spk1.wav,/mnt/d/邵鹏远/UCL/博1/code/audition_pipeline/data/dataset_4mic_3spk/Eval/mic/mic_fileid_381_doa246_3spk.wav,match_clean_doa,0,16000,wb,1.3281192779541016,
382,1,193,/mnt/d/邵鹏远/UCL/博1/code/audition_pipeline/data/dataset_4mic_3spk/Eval/clean/clean_fileid_382_doa193_spk1.wav,/mnt/d/邵鹏远/UCL/博1/code/audition_pipeline/data/dataset_4mic_3spk/Eval/mic/mic_fileid_382_doa193_3spk.wav,match_clean_doa,0,16000,wb,1.067798376083374,
383,1,166,/mnt/d/邵鹏远/UCL/博1/code/audition_pipeline/data/dataset_4mic_3spk/Eval/clean/clean_fileid_383_doa166_spk1.wav,/mnt/d/邵鹏远/UCL/博1/code/audition_pipeline/data/dataset_4mic_3spk/Eval/mic/mic_fileid_383_doa166_3spk.wav,match_clean_doa,0,16000,wb,1.2155160903930664,
384,1,36,/mnt/d/邵鹏远/UCL/博1/code/audition_pipeline/data/dataset_4mic_3spk/Eval/clean/clean_fileid_384_doa36_spk1.wav,/mnt/d/邵鹏远/UCL/博1/code/audition_pipeline/data/dataset_4mic_3spk/Eval/mic/mic_fileid_384_doa36_3spk.wav,match_clean_doa,0,16000,wb,1.4265990257263184,
385,1,92,/mnt/d/邵鹏远/UCL/博1/code/audition_pipeline/data/dataset_4mic_3spk/Eval/clean/clean_fileid_385_doa92_spk1.wav,/mnt/d/邵鹏远/UCL/博1/code/audition_pipeline/data/dataset_4mic_3spk/Eval/mic/mic_fileid_385_doa92_3spk.wav,match_clean_doa,0,16000,wb,1.1280317306518555,
386,1,142,/mnt/d/邵鹏远/UCL/博1/code/audition_pipeline/data/dataset_4mic_3spk/Eval/clean/clean_fileid_386_doa142_spk1.wav,/mnt/d/邵鹏远/UCL/博1/code/audition_pipeline/data/dataset_4mic_3spk/Eval/mic/mic_fileid_386_doa142_3spk.wav,match_clean_doa,0,16000,wb,1.282795786857605,
387,1,88,/mnt/d/邵鹏远/UCL/博1/code/audition_pipeline/data/dataset_4mic_3spk/Eval/clean/clean_fileid_387_doa88_spk1.wav,/mnt/d/邵鹏远/UCL/博1/code/audition_pipeline/data/dataset_4mic_3spk/Eval/mic/mic_fileid_387_doa88_3spk.wav,match_clean_doa,0,16000,wb,1.6782053709030151,
388,1,22,/mnt/d/邵鹏远/UCL/博1/code/audition_pipeline/data/dataset_4mic_3spk/Eval/clean/clean_fileid_388_doa22_spk1.wav,/mnt/d/邵鹏远/UCL/博1/code/audition_pipeline/data/dataset_4mic_3spk/Eval/mic/mic_fileid_388_doa22_3spk.wav,match_clean_doa,0,16000,wb,1.3581111431121826,
389,1,78,/mnt/d/邵鹏远/UCL/博1/code/audition_pipeline/data/dataset_4mic_3spk/Eval/clean/clean_fileid_389_doa78_spk1.wav,/mnt/d/邵鹏远/UCL/博1/code/audition_pipeline/data/dataset_4mic_3spk/Eval/mic/mic_fileid_389_doa78_3spk.wav,match_clean_doa,0,16000,wb,1.5310333967208862,
390,1,110,/mnt/d/邵鹏远/UCL/博1/code/audition_pipeline/data/dataset_4mic_3spk/Eval/clean/clean_fileid_390_doa110_spk1.wav,/mnt/d/邵鹏远/UCL/博1/code/audition_pipeline/data/dataset_4mic_3spk/Eval/mic/mic_fileid_390_doa110_3spk.wav,match_clean_doa,0,16000,wb,1.1431479454040527,
391,1,208,/mnt/d/邵鹏远/UCL/博1/code/audition_pipeline/data/dataset_4mic_3spk/Eval/clean/clean_fileid_391_doa208_spk1.wav,/mnt/d/邵鹏远/UCL/博1/code/audition_pipeline/data/dataset_4mic_3spk/Eval/mic/mic_fileid_391_doa208_3spk.wav,match_clean_doa,0,16000,wb,1.2697687149047852,
392,1,209,/mnt/d/邵鹏远/UCL/博1/code/audition_pipeline/data/dataset_4mic_3spk/Eval/clean/clean_fileid_392_doa209_spk1.wav,/mnt/d/邵鹏远/UCL/博1/code/audition_pipeline/data/dataset_4mic_3spk/Eval/mic/mic_fileid_392_doa209_3spk.wav,match_clean_doa,0,16000,wb,1.69171142578125,
393,1,293,/mnt/d/邵鹏远/UCL/博1/code/audition_pipeline/data/dataset_4mic_3spk/Eval/clean/clean_fileid_393_doa293_spk1.wav,/mnt/d/邵鹏远/UCL/博1/code/audition_pipeline/data/dataset_4mic_3spk/Eval/mic/mic_fileid_393_doa293_3spk.wav,match_clean_doa,0,16000,wb,1.2720805406570435,
394,1,332,/mnt/d/邵鹏远/UCL/博1/code/audition_pipeline/data/dataset_4mic_3spk/Eval/clean/clean_fileid_394_doa332_spk1.wav,/mnt/d/邵鹏远/UCL/博1/code/audition_pipeline/data/dataset_4mic_3spk/Eval/mic/mic_fileid_394_doa332_3spk.wav,match_clean_doa,0,16000,wb,1.325384259223938,
395,1,308,/mnt/d/邵鹏远/UCL/博1/code/audition_pipeline/data/dataset_4mic_3spk/Eval/clean/clean_fileid_395_doa308_spk1.wav,/mnt/d/邵鹏远/UCL/博1/code/audition_pipeline/data/dataset_4mic_3spk/Eval/mic/mic_fileid_395_doa308_3spk.wav,match_clean_doa,0,16000,wb,1.1420083045959473,
396,1,212,/mnt/d/邵鹏远/UCL/博1/code/audition_pipeline/data/dataset_4mic_3spk/Eval/clean/clean_fileid_396_doa212_spk1.wav,/mnt/d/邵鹏远/UCL/博1/code/audition_pipeline/data/dataset_4mic_3spk/Eval/mic/mic_fileid_396_doa212_3spk.wav,match_clean_doa,0,16000,wb,1.303015947341919,
397,1,199,/mnt/d/邵鹏远/UCL/博1/code/audition_pipeline/data/dataset_4mic_3spk/Eval/clean/clean_fileid_397_doa199_spk1.wav,/mnt/d/邵鹏远/UCL/博1/code/audition_pipeline/data/dataset_4mic_3spk/Eval/mic/mic_fileid_397_doa199_3spk.wav,match_clean_doa,0,16000,wb,1.2645198106765747,
398,1,14,/mnt/d/邵鹏远/UCL/博1/code/audition_pipeline/data/dataset_4mic_3spk/Eval/clean/clean_fileid_398_doa14_spk1.wav,/mnt/d/邵鹏远/UCL/博1/code/audition_pipeline/data/dataset_4mic_3spk/Eval/mic/mic_fileid_398_doa14_3spk.wav,match_clean_doa,0,16000,wb,1.3206415176391602,
399,1,281,/mnt/d/邵鹏远/UCL/博1/code/audition_pipeline/data/dataset_4mic_3spk/Eval/clean/clean_fileid_399_doa281_spk1.wav,/mnt/d/邵鹏远/UCL/博1/code/audition_pipeline/data/dataset_4mic_3spk/Eval/mic/mic_fileid_399_doa281_3spk.wav,match_clean_doa,0,16000,wb,1.2753500938415527,
