fileid,mic_file,predicted_doas,output_dir,output_prefix,command,returncode,elapsed_sec,stdout_log,stderr_log,separated_wav_count
0,/mnt/d/邵鹏远/UCL/博1/code/audition_pipeline/data/dataset_4mic_3spk/Eval/mic/mic_fileid_0_doa73_3spk.wav,"73,182,264",/mnt/d/邵鹏远/UCL/博1/code/audition_pipeline/ablation_study/baseline/results/HARK_n_sep+pf_IPD/official_hark_outputs/fileid_0,/mnt/d/邵鹏远/UCL/博1/code/audition_pipeline/ablation_study/baseline/results/HARK_n_sep+pf_IPD/official_hark_outputs/fileid_0/hark_raw_fileid_0,batchflow '/mnt/d/邵鹏远/UCL/博1/code/audition_pipeline/ablation_study/baseline/results/HARK_n_sep+pf_IPD/official_hark_outputs/fileid_0/runtime_fileid_0.n' '/mnt/d/邵鹏远/UCL/博1/code/audition_pipeline/data/dataset_4mic_3spk/Eval/mic/mic_fileid_0_doa73_3spk.wav' '/mnt/d/邵鹏远/UCL/博1/code/audition_pipeline/ablation_study/baseline/results/HARK_n_sep+pf_IPD/official_hark_outputs/fileid_0/hark_raw_fileid_0',0,4.732399915000315,/mnt/d/邵鹏远/UCL/博1/code/audition_pipeline/ablation_study/baseline/results/HARK_n_sep+pf_IPD/official_hark_logs/hark_fileid_0.stdout.log,/mnt/d/邵鹏远/UCL/博1/code/audition_pipeline/ablation_study/baseline/results/HARK_n_sep+pf_IPD/official_hark_logs/hark_fileid_0.stderr.log,3
1,/mnt/d/邵鹏远/UCL/博1/code/audition_pipeline/data/dataset_4mic_3spk/Eval/mic/mic_fileid_1_doa82_3spk.wav,"86,189,277",/mnt/d/邵鹏远/UCL/博1/code/audition_pipeline/ablation_study/baseline/results/HARK_n_sep+pf_IPD/official_hark_outputs/fileid_1,/mnt/d/邵鹏远/UCL/博1/code/audition_pipeline/ablation_study/baseline/results/HARK_n_sep+pf_IPD/official_hark_outputs/fileid_1/hark_raw_fileid_1,batchflow '/mnt/d/邵鹏远/UCL/博1/code/audition_pipeline/ablation_study/baseline/results/HARK_n_sep+pf_IPD/official_hark_outputs/fileid_1/runtime_fileid_1.n' '/mnt/d/邵鹏远/UCL/博1/code/audition_pipeline/data/dataset_4mic_3spk/Eval/mic/mic_fileid_1_doa82_3spk.wav' '/mnt/d/邵鹏远/UCL/博1/code/audition_pipeline/ablation_study/baseline/results/HARK_n_sep+pf_IPD/official_hark_outputs/fileid_1/hark_raw_fileid_1',0,4.443285000000287,/mnt/d/邵鹏远/UCL/博1/code/audition_pipeline/ablation_study/baseline/results/HARK_n_sep+pf_IPD/official_hark_logs/hark_fileid_1.stdout.log,/mnt/d/邵鹏远/UCL/博1/code/audition_pipeline/ablation_study/baseline/results/HARK_n_sep+pf_IPD/official_hark_logs/hark_fileid_1.stderr.log,3
2,/mnt/d/邵鹏远/UCL/博1/code/audition_pipeline/data/dataset_4mic_3spk/Eval/mic/mic_fileid_2_doa36_3spk.wav,"45,126,320",/mnt/d/邵鹏远/UCL/博1/code/audition_pipeline/ablation_study/baseline/results/HARK_n_sep+pf_IPD/official_hark_outputs/fileid_2,/mnt/d/邵鹏远/UCL/博1/code/audition_pipeline/ablation_study/baseline/results/HARK_n_sep+pf_IPD/official_hark_outputs/fileid_2/hark_raw_fileid_2,batchflow '/mnt/d/邵鹏远/UCL/博1/code/audition_pipeline/ablation_study/baseline/results/HARK_n_sep+pf_IPD/official_hark_outputs/fileid_2/runtime_fileid_2.n' '/mnt/d/邵鹏远/UCL/博1/code/audition_pipeline/data/dataset_4mic_3spk/Eval/mic/mic_fileid_2_doa36_3spk.wav' '/mnt/d/邵鹏远/UCL/博1/code/audition_pipeline/ablation_study/baseline/results/HARK_n_sep+pf_IPD/official_hark_outputs/fileid_2/hark_raw_fileid_2',0,4.593689935999464,/mnt/d/邵鹏远/UCL/博1/code/audition_pipeline/ablation_study/baseline/results/HARK_n_sep+pf_IPD/official_hark_logs/hark_fileid_2.stdout.log,/mnt/d/邵鹏远/UCL/博1/code/audition_pipeline/ablation_study/baseline/results/HARK_n_sep+pf_IPD/official_hark_logs/hark_fileid_2.stderr.log,3
3,/mnt/d/邵鹏远/UCL/博1/code/audition_pipeline/data/dataset_4mic_3spk/Eval/mic/mic_fileid_3_doa39_3spk.wav,"38,111,202",/mnt/d/邵鹏远/UCL/博1/code/audition_pipeline/ablation_study/baseline/results/HARK_n_sep+pf_IPD/official_hark_outputs/fileid_3,/mnt/d/邵鹏远/UCL/博1/code/audition_pipeline/ablation_study/baseline/results/HARK_n_sep+pf_IPD/official_hark_outputs/fileid_3/hark_raw_fileid_3,batchflow '/mnt/d/邵鹏远/UCL/博1/code/audition_pipeline/ablation_study/baseline/results/HARK_n_sep+pf_IPD/official_hark_outputs/fileid_3/runtime_fileid_3.n' '/mnt/d/邵鹏远/UCL/博1/code/audition_pipeline/data/dataset_4mic_3spk/Eval/mic/mic_fileid_3_doa39_3spk.wav' '/mnt/d/邵鹏远/UCL/博1/code/audition_pipeline/ablation_study/baseline/results/HARK_n_sep+pf_IPD/official_hark_outputs/fileid_3/hark_raw_fileid_3',0,3.949475430000348,/mnt/d/邵鹏远/UCL/博1/code/audition_pipeline/ablation_study/baseline/results/HARK_n_sep+pf_IPD/official_hark_logs/hark_fileid_3.stdout.log,/mnt/d/邵鹏远/UCL/博1/code/audition_pipeline/ablation_study/baseline/results/HARK_n_sep+pf_IPD/official_hark_logs/hark_fileid_3.stderr.log,3
4,/mnt/d/邵鹏远/UCL/博1/code/audition_pipeline/data/dataset_4mic_3spk/Eval/mic/mic_fileid_4_doa26_3spk.wav,"25,61,123",/mnt/d/邵鹏远/UCL/博1/code/audition_pipeline/ablation_study/baseline/results/HARK_n_sep+pf_IPD/official_hark_outputs/fileid_4,/mnt/d/邵鹏远/UCL/博1/code/audition_pipeline/ablation_study/baseline/results/HARK_n_sep+pf_IPD/official_hark_outputs/fileid_4/hark_raw_fileid_4,batchflow '/mnt/d/邵鹏远/UCL/博1/code/audition_pipeline/ablation_study/baseline/results/HARK_n_sep+pf_IPD/official_hark_outputs/fileid_4/runtime_fileid_4.n' '/mnt/d/邵鹏远/UCL/博1/code/audition_pipeline/data/dataset_4mic_3spk/Eval/mic/mic_fileid_4_doa26_3spk.wav' '/mnt/d/邵鹏远/UCL/博1/code/audition_pipeline/ablation_study/baseline/results/HARK_n_sep+pf_IPD/official_hark_outputs/fileid_4/hark_raw_fileid_4',0,4.180751636000423,/mnt/d/邵鹏远/UCL/博1/code/audition_pipeline/ablation_study/baseline/results/HARK_n_sep+pf_IPD/official_hark_logs/hark_fileid_4.stdout.log,/mnt/d/邵鹏远/UCL/博1/code/audition_pipeline/ablation_study/baseline/results/HARK_n_sep+pf_IPD/official_hark_logs/hark_fileid_4.stderr.log,3
5,/mnt/d/邵鹏远/UCL/博1/code/audition_pipeline/data/dataset_4mic_3spk/Eval/mic/mic_fileid_5_doa60_3spk.wav,"52,95,334",/mnt/d/邵鹏远/UCL/博1/code/audition_pipeline/ablation_study/baseline/results/HARK_n_sep+pf_IPD/official_hark_outputs/fileid_5,/mnt/d/邵鹏远/UCL/博1/code/audition_pipeline/ablation_study/baseline/results/HARK_n_sep+pf_IPD/official_hark_outputs/fileid_5/hark_raw_fileid_5,batchflow '/mnt/d/邵鹏远/UCL/博1/code/audition_pipeline/ablation_study/baseline/results/HARK_n_sep+pf_IPD/official_hark_outputs/fileid_5/runtime_fileid_5.n' '/mnt/d/邵鹏远/UCL/博1/code/audition_pipeline/data/dataset_4mic_3spk/Eval/mic/mic_fileid_5_doa60_3spk.wav' '/mnt/d/邵鹏远/UCL/博1/code/audition_pipeline/ablation_study/baseline/results/HARK_n_sep+pf_IPD/official_hark_outputs/fileid_5/hark_raw_fileid_5',0,4.070801840999593,/mnt/d/邵鹏远/UCL/博1/code/audition_pipeline/ablation_study/baseline/results/HARK_n_sep+pf_IPD/official_hark_logs/hark_fileid_5.stdout.log,/mnt/d/邵鹏远/UCL/博1/code/audition_pipeline/ablation_study/baseline/results/HARK_n_sep+pf_IPD/official_hark_logs/hark_fileid_5.stderr.log,3
6,/mnt/d/邵鹏远/UCL/博1/code/audition_pipeline/data/dataset_4mic_3spk/Eval/mic/mic_fileid_6_doa30_3spk.wav,"27,87,141",/mnt/d/邵鹏远/UCL/博1/code/audition_pipeline/ablation_study/baseline/results/HARK_n_sep+pf_IPD/official_hark_outputs/fileid_6,/mnt/d/邵鹏远/UCL/博1/code/audition_pipeline/ablation_study/baseline/results/HARK_n_sep+pf_IPD/official_hark_outputs/fileid_6/hark_raw_fileid_6,batchflow '/mnt/d/邵鹏远/UCL/博1/code/audition_pipeline/ablation_study/baseline/results/HARK_n_sep+pf_IPD/official_hark_outputs/fileid_6/runtime_fileid_6.n' '/mnt/d/邵鹏远/UCL/博1/code/audition_pipeline/data/dataset_4mic_3spk/Eval/mic/mic_fileid_6_doa30_3spk.wav' '/mnt/d/邵鹏远/UCL/博1/code/audition_pipeline/ablation_study/baseline/results/HARK_n_sep+pf_IPD/official_hark_outputs/fileid_6/hark_raw_fileid_6',0,4.017190996999489,/mnt/d/邵鹏远/UCL/博1/code/audition_pipeline/ablation_study/baseline/results/HARK_n_sep+pf_IPD/official_hark_logs/hark_fileid_6.stdout.log,/mnt/d/邵鹏远/UCL/博1/code/audition_pipeline/ablation_study/baseline/results/HARK_n_sep+pf_IPD/official_hark_logs/hark_fileid_6.stderr.log,3
7,/mnt/d/邵鹏远/UCL/博1/code/audition_pipeline/data/dataset_4mic_3spk/Eval/mic/mic_fileid_7_doa57_3spk.wav,"116,171,214",/mnt/d/邵鹏远/UCL/博1/code/audition_pipeline/ablation_study/baseline/results/HARK_n_sep+pf_IPD/official_hark_outputs/fileid_7,/mnt/d/邵鹏远/UCL/博1/code/audition_pipeline/ablation_study/baseline/results/HARK_n_sep+pf_IPD/official_hark_outputs/fileid_7/hark_raw_fileid_7,batchflow '/mnt/d/邵鹏远/UCL/博1/code/audition_pipeline/ablation_study/baseline/results/HARK_n_sep+pf_IPD/official_hark_outputs/fileid_7/runtime_fileid_7.n' '/mnt/d/邵鹏远/UCL/博1/code/audition_pipeline/data/dataset_4mic_3spk/Eval/mic/mic_fileid_7_doa57_3spk.wav' '/mnt/d/邵鹏远/UCL/博1/code/audition_pipeline/ablation_study/baseline/results/HARK_n_sep+pf_IPD/official_hark_outputs/fileid_7/hark_raw_fileid_7',0,3.8034967989997313,/mnt/d/邵鹏远/UCL/博1/code/audition_pipeline/ablation_study/baseline/results/HARK_n_sep+pf_IPD/official_hark_logs/hark_fileid_7.stdout.log,/mnt/d/邵鹏远/UCL/博1/code/audition_pipeline/ablation_study/baseline/results/HARK_n_sep+pf_IPD/official_hark_logs/hark_fileid_7.stderr.log,3
8,/mnt/d/邵鹏远/UCL/博1/code/audition_pipeline/data/dataset_4mic_3spk/Eval/mic/mic_fileid_8_doa80_3spk.wav,"84,249,333",/mnt/d/邵鹏远/UCL/博1/code/audition_pipeline/ablation_study/baseline/results/HARK_n_sep+pf_IPD/official_hark_outputs/fileid_8,/mnt/d/邵鹏远/UCL/博1/code/audition_pipeline/ablation_study/baseline/results/HARK_n_sep+pf_IPD/official_hark_outputs/fileid_8/hark_raw_fileid_8,batchflow '/mnt/d/邵鹏远/UCL/博1/code/audition_pipeline/ablation_study/baseline/results/HARK_n_sep+pf_IPD/official_hark_outputs/fileid_8/runtime_fileid_8.n' '/mnt/d/邵鹏远/UCL/博1/code/audition_pipeline/data/dataset_4mic_3spk/Eval/mic/mic_fileid_8_doa80_3spk.wav' '/mnt/d/邵鹏远/UCL/博1/code/audition_pipeline/ablation_study/baseline/results/HARK_n_sep+pf_IPD/official_hark_outputs/fileid_8/hark_raw_fileid_8',0,4.484493912000289,/mnt/d/邵鹏远/UCL/博1/code/audition_pipeline/ablation_study/baseline/results/HARK_n_sep+pf_IPD/official_hark_logs/hark_fileid_8.stdout.log,/mnt/d/邵鹏远/UCL/博1/code/audition_pipeline/ablation_study/baseline/results/HARK_n_sep+pf_IPD/official_hark_logs/hark_fileid_8.stderr.log,3
9,/mnt/d/邵鹏远/UCL/博1/code/audition_pipeline/data/dataset_4mic_3spk/Eval/mic/mic_fileid_9_doa85_3spk.wav,"86,252,314",/mnt/d/邵鹏远/UCL/博1/code/audition_pipeline/ablation_study/baseline/results/HARK_n_sep+pf_IPD/official_hark_outputs/fileid_9,/mnt/d/邵鹏远/UCL/博1/code/audition_pipeline/ablation_study/baseline/results/HARK_n_sep+pf_IPD/official_hark_outputs/fileid_9/hark_raw_fileid_9,batchflow '/mnt/d/邵鹏远/UCL/博1/code/audition_pipeline/ablation_study/baseline/results/HARK_n_sep+pf_IPD/official_hark_outputs/fileid_9/runtime_fileid_9.n' '/mnt/d/邵鹏远/UCL/博1/code/audition_pipeline/data/dataset_4mic_3spk/Eval/mic/mic_fileid_9_doa85_3spk.wav' '/mnt/d/邵鹏远/UCL/博1/code/audition_pipeline/ablation_study/baseline/results/HARK_n_sep+pf_IPD/official_hark_outputs/fileid_9/hark_raw_fileid_9',0,4.440609274000053,/mnt/d/邵鹏远/UCL/博1/code/audition_pipeline/ablation_study/baseline/results/HARK_n_sep+pf_IPD/official_hark_logs/hark_fileid_9.stdout.log,/mnt/d/邵鹏远/UCL/博1/code/audition_pipeline/ablation_study/baseline/results/HARK_n_sep+pf_IPD/official_hark_logs/hark_fileid_9.stderr.log,3
10,/mnt/d/邵鹏远/UCL/博1/code/audition_pipeline/data/dataset_4mic_3spk/Eval/mic/mic_fileid_10_doa3_3spk.wav,"6,117,151",/mnt/d/邵鹏远/UCL/博1/code/audition_pipeline/ablation_study/baseline/results/HARK_n_sep+pf_IPD/official_hark_outputs/fileid_10,/mnt/d/邵鹏远/UCL/博1/code/audition_pipeline/ablation_study/baseline/results/HARK_n_sep+pf_IPD/official_hark_outputs/fileid_10/hark_raw_fileid_10,batchflow '/mnt/d/邵鹏远/UCL/博1/code/audition_pipeline/ablation_study/baseline/results/HARK_n_sep+pf_IPD/official_hark_outputs/fileid_10/runtime_fileid_10.n' '/mnt/d/邵鹏远/UCL/博1/code/audition_pipeline/data/dataset_4mic_3spk/Eval/mic/mic_fileid_10_doa3_3spk.wav' '/mnt/d/邵鹏远/UCL/博1/code/audition_pipeline/ablation_study/baseline/results/HARK_n_sep+pf_IPD/official_hark_outputs/fileid_10/hark_raw_fileid_10',0,4.078407736999907,/mnt/d/邵鹏远/UCL/博1/code/audition_pipeline/ablation_study/baseline/results/HARK_n_sep+pf_IPD/official_hark_logs/hark_fileid_10.stdout.log,/mnt/d/邵鹏远/UCL/博1/code/audition_pipeline/ablation_study/baseline/results/HARK_n_sep+pf_IPD/official_hark_logs/hark_fileid_10.stderr.log,3
11,/mnt/d/邵鹏远/UCL/博1/code/audition_pipeline/data/dataset_4mic_3spk/Eval/mic/mic_fileid_11_doa93_3spk.wav,"95,203,260",/mnt/d/邵鹏远/UCL/博1/code/audition_pipeline/ablation_study/baseline/results/HARK_n_sep+pf_IPD/official_hark_outputs/fileid_11,/mnt/d/邵鹏远/UCL/博1/code/audition_pipeline/ablation_study/baseline/results/HARK_n_sep+pf_IPD/official_hark_outputs/fileid_11/hark_raw_fileid_11,batchflow '/mnt/d/邵鹏远/UCL/博1/code/audition_pipeline/ablation_study/baseline/results/HARK_n_sep+pf_IPD/official_hark_outputs/fileid_11/runtime_fileid_11.n' '/mnt/d/邵鹏远/UCL/博1/code/audition_pipeline/data/dataset_4mic_3spk/Eval/mic/mic_fileid_11_doa93_3spk.wav' '/mnt/d/邵鹏远/UCL/博1/code/audition_pipeline/ablation_study/baseline/results/HARK_n_sep+pf_IPD/official_hark_outputs/fileid_11/hark_raw_fileid_11',0,4.1725197719997595,/mnt/d/邵鹏远/UCL/博1/code/audition_pipeline/ablation_study/baseline/results/HARK_n_sep+pf_IPD/official_hark_logs/hark_fileid_11.stdout.log,/mnt/d/邵鹏远/UCL/博1/code/audition_pipeline/ablation_study/baseline/results/HARK_n_sep+pf_IPD/official_hark_logs/hark_fileid_11.stderr.log,3
12,/mnt/d/邵鹏远/UCL/博1/code/audition_pipeline/data/dataset_4mic_3spk/Eval/mic/mic_fileid_12_doa38_3spk.wav,"40,106,225",/mnt/d/邵鹏远/UCL/博1/code/audition_pipeline/ablation_study/baseline/results/HARK_n_sep+pf_IPD/official_hark_outputs/fileid_12,/mnt/d/邵鹏远/UCL/博1/code/audition_pipeline/ablation_study/baseline/results/HARK_n_sep+pf_IPD/official_hark_outputs/fileid_12/hark_raw_fileid_12,batchflow '/mnt/d/邵鹏远/UCL/博1/code/audition_pipeline/ablation_study/baseline/results/HARK_n_sep+pf_IPD/official_hark_outputs/fileid_12/runtime_fileid_12.n' '/mnt/d/邵鹏远/UCL/博1/code/audition_pipeline/data/dataset_4mic_3spk/Eval/mic/mic_fileid_12_doa38_3spk.wav' '/mnt/d/邵鹏远/UCL/博1/code/audition_pipeline/ablation_study/baseline/results/HARK_n_sep+pf_IPD/official_hark_outputs/fileid_12/hark_raw_fileid_12',0,4.670930917000078,/mnt/d/邵鹏远/UCL/博1/code/audition_pipeline/ablation_study/baseline/results/HARK_n_sep+pf_IPD/official_hark_logs/hark_fileid_12.stdout.log,/mnt/d/邵鹏远/UCL/博1/code/audition_pipeline/ablation_study/baseline/results/HARK_n_sep+pf_IPD/official_hark_logs/hark_fileid_12.stderr.log,3
13,/mnt/d/邵鹏远/UCL/博1/code/audition_pipeline/data/dataset_4mic_3spk/Eval/mic/mic_fileid_13_doa5_3spk.wav,"50,222,344",/mnt/d/邵鹏远/UCL/博1/code/audition_pipeline/ablation_study/baseline/results/HARK_n_sep+pf_IPD/official_hark_outputs/fileid_13,/mnt/d/邵鹏远/UCL/博1/code/audition_pipeline/ablation_study/baseline/results/HARK_n_sep+pf_IPD/official_hark_outputs/fileid_13/hark_raw_fileid_13,batchflow '/mnt/d/邵鹏远/UCL/博1/code/audition_pipeline/ablation_study/baseline/results/HARK_n_sep+pf_IPD/official_hark_outputs/fileid_13/runtime_fileid_13.n' '/mnt/d/邵鹏远/UCL/博1/code/audition_pipeline/data/dataset_4mic_3spk/Eval/mic/mic_fileid_13_doa5_3spk.wav' '/mnt/d/邵鹏远/UCL/博1/code/audition_pipeline/ablation_study/baseline/results/HARK_n_sep+pf_IPD/official_hark_outputs/fileid_13/hark_raw_fileid_13',0,4.576760527999795,/mnt/d/邵鹏远/UCL/博1/code/audition_pipeline/ablation_study/baseline/results/HARK_n_sep+pf_IPD/official_hark_logs/hark_fileid_13.stdout.log,/mnt/d/邵鹏远/UCL/博1/code/audition_pipeline/ablation_study/baseline/results/HARK_n_sep+pf_IPD/official_hark_logs/hark_fileid_13.stderr.log,3
14,/mnt/d/邵鹏远/UCL/博1/code/audition_pipeline/data/dataset_4mic_3spk/Eval/mic/mic_fileid_14_doa181_3spk.wav,"181,223,338",/mnt/d/邵鹏远/UCL/博1/code/audition_pipeline/ablation_study/baseline/results/HARK_n_sep+pf_IPD/official_hark_outputs/fileid_14,/mnt/d/邵鹏远/UCL/博1/code/audition_pipeline/ablation_study/baseline/results/HARK_n_sep+pf_IPD/official_hark_outputs/fileid_14/hark_raw_fileid_14,batchflow '/mnt/d/邵鹏远/UCL/博1/code/audition_pipeline/ablation_study/baseline/results/HARK_n_sep+pf_IPD/official_hark_outputs/fileid_14/runtime_fileid_14.n' '/mnt/d/邵鹏远/UCL/博1/code/audition_pipeline/data/dataset_4mic_3spk/Eval/mic/mic_fileid_14_doa181_3spk.wav' '/mnt/d/邵鹏远/UCL/博1/code/audition_pipeline/ablation_study/baseline/results/HARK_n_sep+pf_IPD/official_hark_outputs/fileid_14/hark_raw_fileid_14',0,4.653257269999813,/mnt/d/邵鹏远/UCL/博1/code/audition_pipeline/ablation_study/baseline/results/HARK_n_sep+pf_IPD/official_hark_logs/hark_fileid_14.stdout.log,/mnt/d/邵鹏远/UCL/博1/code/audition_pipeline/ablation_study/baseline/results/HARK_n_sep+pf_IPD/official_hark_logs/hark_fileid_14.stderr.log,3
15,/mnt/d/邵鹏远/UCL/博1/code/audition_pipeline/data/dataset_4mic_3spk/Eval/mic/mic_fileid_15_doa78_3spk.wav,"78,263,299",/mnt/d/邵鹏远/UCL/博1/code/audition_pipeline/ablation_study/baseline/results/HARK_n_sep+pf_IPD/official_hark_outputs/fileid_15,/mnt/d/邵鹏远/UCL/博1/code/audition_pipeline/ablation_study/baseline/results/HARK_n_sep+pf_IPD/official_hark_outputs/fileid_15/hark_raw_fileid_15,batchflow '/mnt/d/邵鹏远/UCL/博1/code/audition_pipeline/ablation_study/baseline/results/HARK_n_sep+pf_IPD/official_hark_outputs/fileid_15/runtime_fileid_15.n' '/mnt/d/邵鹏远/UCL/博1/code/audition_pipeline/data/dataset_4mic_3spk/Eval/mic/mic_fileid_15_doa78_3spk.wav' '/mnt/d/邵鹏远/UCL/博1/code/audition_pipeline/ablation_study/baseline/results/HARK_n_sep+pf_IPD/official_hark_outputs/fileid_15/hark_raw_fileid_15',0,4.10061871400012,/mnt/d/邵鹏远/UCL/博1/code/audition_pipeline/ablation_study/baseline/results/HARK_n_sep+pf_IPD/official_hark_logs/hark_fileid_15.stdout.log,/mnt/d/邵鹏远/UCL/博1/code/audition_pipeline/ablation_study/baseline/results/HARK_n_sep+pf_IPD/official_hark_logs/hark_fileid_15.stderr.log,3
16,/mnt/d/邵鹏远/UCL/博1/code/audition_pipeline/data/dataset_4mic_3spk/Eval/mic/mic_fileid_16_doa36_3spk.wav,"35,147,316",/mnt/d/邵鹏远/UCL/博1/code/audition_pipeline/ablation_study/baseline/results/HARK_n_sep+pf_IPD/official_hark_outputs/fileid_16,/mnt/d/邵鹏远/UCL/博1/code/audition_pipeline/ablation_study/baseline/results/HARK_n_sep+pf_IPD/official_hark_outputs/fileid_16/hark_raw_fileid_16,batchflow '/mnt/d/邵鹏远/UCL/博1/code/audition_pipeline/ablation_study/baseline/results/HARK_n_sep+pf_IPD/official_hark_outputs/fileid_16/runtime_fileid_16.n' '/mnt/d/邵鹏远/UCL/博1/code/audition_pipeline/data/dataset_4mic_3spk/Eval/mic/mic_fileid_16_doa36_3spk.wav' '/mnt/d/邵鹏远/UCL/博1/code/audition_pipeline/ablation_study/baseline/results/HARK_n_sep+pf_IPD/official_hark_outputs/fileid_16/hark_raw_fileid_16',0,4.068056639000133,/mnt/d/邵鹏远/UCL/博1/code/audition_pipeline/ablation_study/baseline/results/HARK_n_sep+pf_IPD/official_hark_logs/hark_fileid_16.stdout.log,/mnt/d/邵鹏远/UCL/博1/code/audition_pipeline/ablation_study/baseline/results/HARK_n_sep+pf_IPD/official_hark_logs/hark_fileid_16.stderr.log,3
17,/mnt/d/邵鹏远/UCL/博1/code/audition_pipeline/data/dataset_4mic_3spk/Eval/mic/mic_fileid_17_doa99_3spk.wav,"98,159",/mnt/d/邵鹏远/UCL/博1/code/audition_pipeline/ablation_study/baseline/results/HARK_n_sep+pf_IPD/official_hark_outputs/fileid_17,/mnt/d/邵鹏远/UCL/博1/code/audition_pipeline/ablation_study/baseline/results/HARK_n_sep+pf_IPD/official_hark_outputs/fileid_17/hark_raw_fileid_17,batchflow '/mnt/d/邵鹏远/UCL/博1/code/audition_pipeline/ablation_study/baseline/results/HARK_n_sep+pf_IPD/official_hark_outputs/fileid_17/runtime_fileid_17.n' '/mnt/d/邵鹏远/UCL/博1/code/audition_pipeline/data/dataset_4mic_3spk/Eval/mic/mic_fileid_17_doa99_3spk.wav' '/mnt/d/邵鹏远/UCL/博1/code/audition_pipeline/ablation_study/baseline/results/HARK_n_sep+pf_IPD/official_hark_outputs/fileid_17/hark_raw_fileid_17',0,3.1738334519995988,/mnt/d/邵鹏远/UCL/博1/code/audition_pipeline/ablation_study/baseline/results/HARK_n_sep+pf_IPD/official_hark_logs/hark_fileid_17.stdout.log,/mnt/d/邵鹏远/UCL/博1/code/audition_pipeline/ablation_study/baseline/results/HARK_n_sep+pf_IPD/official_hark_logs/hark_fileid_17.stderr.log,2
18,/mnt/d/邵鹏远/UCL/博1/code/audition_pipeline/data/dataset_4mic_3spk/Eval/mic/mic_fileid_18_doa181_3spk.wav,"182,228,263",/mnt/d/邵鹏远/UCL/博1/code/audition_pipeline/ablation_study/baseline/results/HARK_n_sep+pf_IPD/official_hark_outputs/fileid_18,/mnt/d/邵鹏远/UCL/博1/code/audition_pipeline/ablation_study/baseline/results/HARK_n_sep+pf_IPD/official_hark_outputs/fileid_18/hark_raw_fileid_18,batchflow '/mnt/d/邵鹏远/UCL/博1/code/audition_pipeline/ablation_study/baseline/results/HARK_n_sep+pf_IPD/official_hark_outputs/fileid_18/runtime_fileid_18.n' '/mnt/d/邵鹏远/UCL/博1/code/audition_pipeline/data/dataset_4mic_3spk/Eval/mic/mic_fileid_18_doa181_3spk.wav' '/mnt/d/邵鹏远/UCL/博1/code/audition_pipeline/ablation_study/baseline/results/HARK_n_sep+pf_IPD/official_hark_outputs/fileid_18/hark_raw_fileid_18',0,4.2099879659999715,/mnt/d/邵鹏远/UCL/博1/code/audition_pipeline/ablation_study/baseline/results/HARK_n_sep+pf_IPD/official_hark_logs/hark_fileid_18.stdout.log,/mnt/d/邵鹏远/UCL/博1/code/audition_pipeline/ablation_study/baseline/results/HARK_n_sep+pf_IPD/official_hark_logs/hark_fileid_18.stderr.log,3
19,/mnt/d/邵鹏远/UCL/博1/code/audition_pipeline/data/dataset_4mic_3spk/Eval/mic/mic_fileid_19_doa121_3spk.wav,"120,260,337",/mnt/d/邵鹏远/UCL/博1/code/audition_pipeline/ablation_study/baseline/results/HARK_n_sep+pf_IPD/official_hark_outputs/fileid_19,/mnt/d/邵鹏远/UCL/博1/code/audition_pipeline/ablation_study/baseline/results/HARK_n_sep+pf_IPD/official_hark_outputs/fileid_19/hark_raw_fileid_19,batchflow '/mnt/d/邵鹏远/UCL/博1/code/audition_pipeline/ablation_study/baseline/results/HARK_n_sep+pf_IPD/official_hark_outputs/fileid_19/runtime_fileid_19.n' '/mnt/d/邵鹏远/UCL/博1/code/audition_pipeline/data/dataset_4mic_3spk/Eval/mic/mic_fileid_19_doa121_3spk.wav' '/mnt/d/邵鹏远/UCL/博1/code/audition_pipeline/ablation_study/baseline/results/HARK_n_sep+pf_IPD/official_hark_outputs/fileid_19/hark_raw_fileid_19',0,4.487939136000023,/mnt/d/邵鹏远/UCL/博1/code/audition_pipeline/ablation_study/baseline/results/HARK_n_sep+pf_IPD/official_hark_logs/hark_fileid_19.stdout.log,/mnt/d/邵鹏远/UCL/博1/code/audition_pipeline/ablation_study/baseline/results/HARK_n_sep+pf_IPD/official_hark_logs/hark_fileid_19.stderr.log,3
20,/mnt/d/邵鹏远/UCL/博1/code/audition_pipeline/data/dataset_4mic_3spk/Eval/mic/mic_fileid_20_doa68_3spk.wav,"150,186,249",/mnt/d/邵鹏远/UCL/博1/code/audition_pipeline/ablation_study/baseline/results/HARK_n_sep+pf_IPD/official_hark_outputs/fileid_20,/mnt/d/邵鹏远/UCL/博1/code/audition_pipeline/ablation_study/baseline/results/HARK_n_sep+pf_IPD/official_hark_outputs/fileid_20/hark_raw_fileid_20,batchflow '/mnt/d/邵鹏远/UCL/博1/code/audition_pipeline/ablation_study/baseline/results/HARK_n_sep+pf_IPD/official_hark_outputs/fileid_20/runtime_fileid_20.n' '/mnt/d/邵鹏远/UCL/博1/code/audition_pipeline/data/dataset_4mic_3spk/Eval/mic/mic_fileid_20_doa68_3spk.wav' '/mnt/d/邵鹏远/UCL/博1/code/audition_pipeline/ablation_study/baseline/results/HARK_n_sep+pf_IPD/official_hark_outputs/fileid_20/hark_raw_fileid_20',0,4.3493620389999705,/mnt/d/邵鹏远/UCL/博1/code/audition_pipeline/ablation_study/baseline/results/HARK_n_sep+pf_IPD/official_hark_logs/hark_fileid_20.stdout.log,/mnt/d/邵鹏远/UCL/博1/code/audition_pipeline/ablation_study/baseline/results/HARK_n_sep+pf_IPD/official_hark_logs/hark_fileid_20.stderr.log,3
21,/mnt/d/邵鹏远/UCL/博1/code/audition_pipeline/data/dataset_4mic_3spk/Eval/mic/mic_fileid_21_doa34_3spk.wav,"32,345",/mnt/d/邵鹏远/UCL/博1/code/audition_pipeline/ablation_study/baseline/results/HARK_n_sep+pf_IPD/official_hark_outputs/fileid_21,/mnt/d/邵鹏远/UCL/博1/code/audition_pipeline/ablation_study/baseline/results/HARK_n_sep+pf_IPD/official_hark_outputs/fileid_21/hark_raw_fileid_21,batchflow '/mnt/d/邵鹏远/UCL/博1/code/audition_pipeline/ablation_study/baseline/results/HARK_n_sep+pf_IPD/official_hark_outputs/fileid_21/runtime_fileid_21.n' '/mnt/d/邵鹏远/UCL/博1/code/audition_pipeline/data/dataset_4mic_3spk/Eval/mic/mic_fileid_21_doa34_3spk.wav' '/mnt/d/邵鹏远/UCL/博1/code/audition_pipeline/ablation_study/baseline/results/HARK_n_sep+pf_IPD/official_hark_outputs/fileid_21/hark_raw_fileid_21',0,3.3096684109996204,/mnt/d/邵鹏远/UCL/博1/code/audition_pipeline/ablation_study/baseline/results/HARK_n_sep+pf_IPD/official_hark_logs/hark_fileid_21.stdout.log,/mnt/d/邵鹏远/UCL/博1/code/audition_pipeline/ablation_study/baseline/results/HARK_n_sep+pf_IPD/official_hark_logs/hark_fileid_21.stderr.log,2
22,/mnt/d/邵鹏远/UCL/博1/code/audition_pipeline/data/dataset_4mic_3spk/Eval/mic/mic_fileid_22_doa22_3spk.wav,"22,124,328",/mnt/d/邵鹏远/UCL/博1/code/audition_pipeline/ablation_study/baseline/results/HARK_n_sep+pf_IPD/official_hark_outputs/fileid_22,/mnt/d/邵鹏远/UCL/博1/code/audition_pipeline/ablation_study/baseline/results/HARK_n_sep+pf_IPD/official_hark_outputs/fileid_22/hark_raw_fileid_22,batchflow '/mnt/d/邵鹏远/UCL/博1/code/audition_pipeline/ablation_study/baseline/results/HARK_n_sep+pf_IPD/official_hark_outputs/fileid_22/runtime_fileid_22.n' '/mnt/d/邵鹏远/UCL/博1/code/audition_pipeline/data/dataset_4mic_3spk/Eval/mic/mic_fileid_22_doa22_3spk.wav' '/mnt/d/邵鹏远/UCL/博1/code/audition_pipeline/ablation_study/baseline/results/HARK_n_sep+pf_IPD/official_hark_outputs/fileid_22/hark_raw_fileid_22',0,4.433752712999194,/mnt/d/邵鹏远/UCL/博1/code/audition_pipeline/ablation_study/baseline/results/HARK_n_sep+pf_IPD/official_hark_logs/hark_fileid_22.stdout.log,/mnt/d/邵鹏远/UCL/博1/code/audition_pipeline/ablation_study/baseline/results/HARK_n_sep+pf_IPD/official_hark_logs/hark_fileid_22.stderr.log,3
23,/mnt/d/邵鹏远/UCL/博1/code/audition_pipeline/data/dataset_4mic_3spk/Eval/mic/mic_fileid_23_doa6_3spk.wav,"15,94,187",/mnt/d/邵鹏远/UCL/博1/code/audition_pipeline/ablation_study/baseline/results/HARK_n_sep+pf_IPD/official_hark_outputs/fileid_23,/mnt/d/邵鹏远/UCL/博1/code/audition_pipeline/ablation_study/baseline/results/HARK_n_sep+pf_IPD/official_hark_outputs/fileid_23/hark_raw_fileid_23,batchflow '/mnt/d/邵鹏远/UCL/博1/code/audition_pipeline/ablation_study/baseline/results/HARK_n_sep+pf_IPD/official_hark_outputs/fileid_23/runtime_fileid_23.n' '/mnt/d/邵鹏远/UCL/博1/code/audition_pipeline/data/dataset_4mic_3spk/Eval/mic/mic_fileid_23_doa6_3spk.wav' '/mnt/d/邵鹏远/UCL/博1/code/audition_pipeline/ablation_study/baseline/results/HARK_n_sep+pf_IPD/official_hark_outputs/fileid_23/hark_raw_fileid_23',0,4.259134205999544,/mnt/d/邵鹏远/UCL/博1/code/audition_pipeline/ablation_study/baseline/results/HARK_n_sep+pf_IPD/official_hark_logs/hark_fileid_23.stdout.log,/mnt/d/邵鹏远/UCL/博1/code/audition_pipeline/ablation_study/baseline/results/HARK_n_sep+pf_IPD/official_hark_logs/hark_fileid_23.stderr.log,3
24,/mnt/d/邵鹏远/UCL/博1/code/audition_pipeline/data/dataset_4mic_3spk/Eval/mic/mic_fileid_24_doa57_3spk.wav,"55,111,289",/mnt/d/邵鹏远/UCL/博1/code/audition_pipeline/ablation_study/baseline/results/HARK_n_sep+pf_IPD/official_hark_outputs/fileid_24,/mnt/d/邵鹏远/UCL/博1/code/audition_pipeline/ablation_study/baseline/results/HARK_n_sep+pf_IPD/official_hark_outputs/fileid_24/hark_raw_fileid_24,batchflow '/mnt/d/邵鹏远/UCL/博1/code/audition_pipeline/ablation_study/baseline/results/HARK_n_sep+pf_IPD/official_hark_outputs/fileid_24/runtime_fileid_24.n' '/mnt/d/邵鹏远/UCL/博1/code/audition_pipeline/data/dataset_4mic_3spk/Eval/mic/mic_fileid_24_doa57_3spk.wav' '/mnt/d/邵鹏远/UCL/博1/code/audition_pipeline/ablation_study/baseline/results/HARK_n_sep+pf_IPD/official_hark_outputs/fileid_24/hark_raw_fileid_24',0,4.330970582999726,/mnt/d/邵鹏远/UCL/博1/code/audition_pipeline/ablation_study/baseline/results/HARK_n_sep+pf_IPD/official_hark_logs/hark_fileid_24.stdout.log,/mnt/d/邵鹏远/UCL/博1/code/audition_pipeline/ablation_study/baseline/results/HARK_n_sep+pf_IPD/official_hark_logs/hark_fileid_24.stderr.log,3
25,/mnt/d/邵鹏远/UCL/博1/code/audition_pipeline/data/dataset_4mic_3spk/Eval/mic/mic_fileid_25_doa112_3spk.wav,"114,155,196",/mnt/d/邵鹏远/UCL/博1/code/audition_pipeline/ablation_study/baseline/results/HARK_n_sep+pf_IPD/official_hark_outputs/fileid_25,/mnt/d/邵鹏远/UCL/博1/code/audition_pipeline/ablation_study/baseline/results/HARK_n_sep+pf_IPD/official_hark_outputs/fileid_25/hark_raw_fileid_25,batchflow '/mnt/d/邵鹏远/UCL/博1/code/audition_pipeline/ablation_study/baseline/results/HARK_n_sep+pf_IPD/official_hark_outputs/fileid_25/runtime_fileid_25.n' '/mnt/d/邵鹏远/UCL/博1/code/audition_pipeline/data/dataset_4mic_3spk/Eval/mic/mic_fileid_25_doa112_3spk.wav' '/mnt/d/邵鹏远/UCL/博1/code/audition_pipeline/ablation_study/baseline/results/HARK_n_sep+pf_IPD/official_hark_outputs/fileid_25/hark_raw_fileid_25',0,4.022212618000594,/mnt/d/邵鹏远/UCL/博1/code/audition_pipeline/ablation_study/baseline/results/HARK_n_sep+pf_IPD/official_hark_logs/hark_fileid_25.stdout.log,/mnt/d/邵鹏远/UCL/博1/code/audition_pipeline/ablation_study/baseline/results/HARK_n_sep+pf_IPD/official_hark_logs/hark_fileid_25.stderr.log,3
26,/mnt/d/邵鹏远/UCL/博1/code/audition_pipeline/data/dataset_4mic_3spk/Eval/mic/mic_fileid_26_doa34_3spk.wav,"34,80,338",/mnt/d/邵鹏远/UCL/博1/code/audition_pipeline/ablation_study/baseline/results/HARK_n_sep+pf_IPD/official_hark_outputs/fileid_26,/mnt/d/邵鹏远/UCL/博1/code/audition_pipeline/ablation_study/baseline/results/HARK_n_sep+pf_IPD/official_hark_outputs/fileid_26/hark_raw_fileid_26,batchflow '/mnt/d/邵鹏远/UCL/博1/code/audition_pipeline/ablation_study/baseline/results/HARK_n_sep+pf_IPD/official_hark_outputs/fileid_26/runtime_fileid_26.n' '/mnt/d/邵鹏远/UCL/博1/code/audition_pipeline/data/dataset_4mic_3spk/Eval/mic/mic_fileid_26_doa34_3spk.wav' '/mnt/d/邵鹏远/UCL/博1/code/audition_pipeline/ablation_study/baseline/results/HARK_n_sep+pf_IPD/official_hark_outputs/fileid_26/hark_raw_fileid_26',0,4.020285945999603,/mnt/d/邵鹏远/UCL/博1/code/audition_pipeline/ablation_study/baseline/results/HARK_n_sep+pf_IPD/official_hark_logs/hark_fileid_26.stdout.log,/mnt/d/邵鹏远/UCL/博1/code/audition_pipeline/ablation_study/baseline/results/HARK_n_sep+pf_IPD/official_hark_logs/hark_fileid_26.stderr.log,3
27,/mnt/d/邵鹏远/UCL/博1/code/audition_pipeline/data/dataset_4mic_3spk/Eval/mic/mic_fileid_27_doa31_3spk.wav,"33,79,161",/mnt/d/邵鹏远/UCL/博1/code/audition_pipeline/ablation_study/baseline/results/HARK_n_sep+pf_IPD/official_hark_outputs/fileid_27,/mnt/d/邵鹏远/UCL/博1/code/audition_pipeline/ablation_study/baseline/results/HARK_n_sep+pf_IPD/official_hark_outputs/fileid_27/hark_raw_fileid_27,batchflow '/mnt/d/邵鹏远/UCL/博1/code/audition_pipeline/ablation_study/baseline/results/HARK_n_sep+pf_IPD/official_hark_outputs/fileid_27/runtime_fileid_27.n' '/mnt/d/邵鹏远/UCL/博1/code/audition_pipeline/data/dataset_4mic_3spk/Eval/mic/mic_fileid_27_doa31_3spk.wav' '/mnt/d/邵鹏远/UCL/博1/code/audition_pipeline/ablation_study/baseline/results/HARK_n_sep+pf_IPD/official_hark_outputs/fileid_27/hark_raw_fileid_27',0,4.516565353999795,/mnt/d/邵鹏远/UCL/博1/code/audition_pipeline/ablation_study/baseline/results/HARK_n_sep+pf_IPD/official_hark_logs/hark_fileid_27.stdout.log,/mnt/d/邵鹏远/UCL/博1/code/audition_pipeline/ablation_study/baseline/results/HARK_n_sep+pf_IPD/official_hark_logs/hark_fileid_27.stderr.log,3
28,/mnt/d/邵鹏远/UCL/博1/code/audition_pipeline/data/dataset_4mic_3spk/Eval/mic/mic_fileid_28_doa124_3spk.wav,"129,216,315",/mnt/d/邵鹏远/UCL/博1/code/audition_pipeline/ablation_study/baseline/results/HARK_n_sep+pf_IPD/official_hark_outputs/fileid_28,/mnt/d/邵鹏远/UCL/博1/code/audition_pipeline/ablation_study/baseline/results/HARK_n_sep+pf_IPD/official_hark_outputs/fileid_28/hark_raw_fileid_28,batchflow '/mnt/d/邵鹏远/UCL/博1/code/audition_pipeline/ablation_study/baseline/results/HARK_n_sep+pf_IPD/official_hark_outputs/fileid_28/runtime_fileid_28.n' '/mnt/d/邵鹏远/UCL/博1/code/audition_pipeline/data/dataset_4mic_3spk/Eval/mic/mic_fileid_28_doa124_3spk.wav' '/mnt/d/邵鹏远/UCL/博1/code/audition_pipeline/ablation_study/baseline/results/HARK_n_sep+pf_IPD/official_hark_outputs/fileid_28/hark_raw_fileid_28',0,4.449261251999815,/mnt/d/邵鹏远/UCL/博1/code/audition_pipeline/ablation_study/baseline/results/HARK_n_sep+pf_IPD/official_hark_logs/hark_fileid_28.stdout.log,/mnt/d/邵鹏远/UCL/博1/code/audition_pipeline/ablation_study/baseline/results/HARK_n_sep+pf_IPD/official_hark_logs/hark_fileid_28.stderr.log,3
29,/mnt/d/邵鹏远/UCL/博1/code/audition_pipeline/data/dataset_4mic_3spk/Eval/mic/mic_fileid_29_doa111_3spk.wav,"111,150,303",/mnt/d/邵鹏远/UCL/博1/code/audition_pipeline/ablation_study/baseline/results/HARK_n_sep+pf_IPD/official_hark_outputs/fileid_29,/mnt/d/邵鹏远/UCL/博1/code/audition_pipeline/ablation_study/baseline/results/HARK_n_sep+pf_IPD/official_hark_outputs/fileid_29/hark_raw_fileid_29,batchflow '/mnt/d/邵鹏远/UCL/博1/code/audition_pipeline/ablation_study/baseline/results/HARK_n_sep+pf_IPD/official_hark_outputs/fileid_29/runtime_fileid_29.n' '/mnt/d/邵鹏远/UCL/博1/code/audition_pipeline/data/dataset_4mic_3spk/Eval/mic/mic_fileid_29_doa111_3spk.wav' '/mnt/d/邵鹏远/UCL/博1/code/audition_pipeline/ablation_study/baseline/results/HARK_n_sep+pf_IPD/official_hark_outputs/fileid_29/hark_raw_fileid_29',0,4.249433449999742,/mnt/d/邵鹏远/UCL/博1/code/audition_pipeline/ablation_study/baseline/results/HARK_n_sep+pf_IPD/official_hark_logs/hark_fileid_29.stdout.log,/mnt/d/邵鹏远/UCL/博1/code/audition_pipeline/ablation_study/baseline/results/HARK_n_sep+pf_IPD/official_hark_logs/hark_fileid_29.stderr.log,3
30,/mnt/d/邵鹏远/UCL/博1/code/audition_pipeline/data/dataset_4mic_3spk/Eval/mic/mic_fileid_30_doa12_3spk.wav,"13,54,279",/mnt/d/邵鹏远/UCL/博1/code/audition_pipeline/ablation_study/baseline/results/HARK_n_sep+pf_IPD/official_hark_outputs/fileid_30,/mnt/d/邵鹏远/UCL/博1/code/audition_pipeline/ablation_study/baseline/results/HARK_n_sep+pf_IPD/official_hark_outputs/fileid_30/hark_raw_fileid_30,batchflow '/mnt/d/邵鹏远/UCL/博1/code/audition_pipeline/ablation_study/baseline/results/HARK_n_sep+pf_IPD/official_hark_outputs/fileid_30/runtime_fileid_30.n' '/mnt/d/邵鹏远/UCL/博1/code/audition_pipeline/data/dataset_4mic_3spk/Eval/mic/mic_fileid_30_doa12_3spk.wav' '/mnt/d/邵鹏远/UCL/博1/code/audition_pipeline/ablation_study/baseline/results/HARK_n_sep+pf_IPD/official_hark_outputs/fileid_30/hark_raw_fileid_30',0,4.498762598999747,/mnt/d/邵鹏远/UCL/博1/code/audition_pipeline/ablation_study/baseline/results/HARK_n_sep+pf_IPD/official_hark_logs/hark_fileid_30.stdout.log,/mnt/d/邵鹏远/UCL/博1/code/audition_pipeline/ablation_study/baseline/results/HARK_n_sep+pf_IPD/official_hark_logs/hark_fileid_30.stderr.log,3
31,/mnt/d/邵鹏远/UCL/博1/code/audition_pipeline/data/dataset_4mic_3spk/Eval/mic/mic_fileid_31_doa53_3spk.wav,"51,159,222",/mnt/d/邵鹏远/UCL/博1/code/audition_pipeline/ablation_study/baseline/results/HARK_n_sep+pf_IPD/official_hark_outputs/fileid_31,/mnt/d/邵鹏远/UCL/博1/code/audition_pipeline/ablation_study/baseline/results/HARK_n_sep+pf_IPD/official_hark_outputs/fileid_31/hark_raw_fileid_31,batchflow '/mnt/d/邵鹏远/UCL/博1/code/audition_pipeline/ablation_study/baseline/results/HARK_n_sep+pf_IPD/official_hark_outputs/fileid_31/runtime_fileid_31.n' '/mnt/d/邵鹏远/UCL/博1/code/audition_pipeline/data/dataset_4mic_3spk/Eval/mic/mic_fileid_31_doa53_3spk.wav' '/mnt/d/邵鹏远/UCL/博1/code/audition_pipeline/ablation_study/baseline/results/HARK_n_sep+pf_IPD/official_hark_outputs/fileid_31/hark_raw_fileid_31',0,4.740766235000592,/mnt/d/邵鹏远/UCL/博1/code/audition_pipeline/ablation_study/baseline/results/HARK_n_sep+pf_IPD/official_hark_logs/hark_fileid_31.stdout.log,/mnt/d/邵鹏远/UCL/博1/code/audition_pipeline/ablation_study/baseline/results/HARK_n_sep+pf_IPD/official_hark_logs/hark_fileid_31.stderr.log,3
32,/mnt/d/邵鹏远/UCL/博1/code/audition_pipeline/data/dataset_4mic_3spk/Eval/mic/mic_fileid_32_doa102_3spk.wav,"123,228,285",/mnt/d/邵鹏远/UCL/博1/code/audition_pipeline/ablation_study/baseline/results/HARK_n_sep+pf_IPD/official_hark_outputs/fileid_32,/mnt/d/邵鹏远/UCL/博1/code/audition_pipeline/ablation_study/baseline/results/HARK_n_sep+pf_IPD/official_hark_outputs/fileid_32/hark_raw_fileid_32,batchflow '/mnt/d/邵鹏远/UCL/博1/code/audition_pipeline/ablation_study/baseline/results/HARK_n_sep+pf_IPD/official_hark_outputs/fileid_32/runtime_fileid_32.n' '/mnt/d/邵鹏远/UCL/博1/code/audition_pipeline/data/dataset_4mic_3spk/Eval/mic/mic_fileid_32_doa102_3spk.wav' '/mnt/d/邵鹏远/UCL/博1/code/audition_pipeline/ablation_study/baseline/results/HARK_n_sep+pf_IPD/official_hark_outputs/fileid_32/hark_raw_fileid_32',0,4.3053062999997564,/mnt/d/邵鹏远/UCL/博1/code/audition_pipeline/ablation_study/baseline/results/HARK_n_sep+pf_IPD/official_hark_logs/hark_fileid_32.stdout.log,/mnt/d/邵鹏远/UCL/博1/code/audition_pipeline/ablation_study/baseline/results/HARK_n_sep+pf_IPD/official_hark_logs/hark_fileid_32.stderr.log,3
33,/mnt/d/邵鹏远/UCL/博1/code/audition_pipeline/data/dataset_4mic_3spk/Eval/mic/mic_fileid_33_doa34_3spk.wav,"31,131,333",/mnt/d/邵鹏远/UCL/博1/code/audition_pipeline/ablation_study/baseline/results/HARK_n_sep+pf_IPD/official_hark_outputs/fileid_33,/mnt/d/邵鹏远/UCL/博1/code/audition_pipeline/ablation_study/baseline/results/HARK_n_sep+pf_IPD/official_hark_outputs/fileid_33/hark_raw_fileid_33,batchflow '/mnt/d/邵鹏远/UCL/博1/code/audition_pipeline/ablation_study/baseline/results/HARK_n_sep+pf_IPD/official_hark_outputs/fileid_33/runtime_fileid_33.n' '/mnt/d/邵鹏远/UCL/博1/code/audition_pipeline/data/dataset_4mic_3spk/Eval/mic/mic_fileid_33_doa34_3spk.wav' '/mnt/d/邵鹏远/UCL/博1/code/audition_pipeline/ablation_study/baseline/results/HARK_n_sep+pf_IPD/official_hark_outputs/fileid_33/hark_raw_fileid_33',0,4.529737940999439,/mnt/d/邵鹏远/UCL/博1/code/audition_pipeline/ablation_study/baseline/results/HARK_n_sep+pf_IPD/official_hark_logs/hark_fileid_33.stdout.log,/mnt/d/邵鹏远/UCL/博1/code/audition_pipeline/ablation_study/baseline/results/HARK_n_sep+pf_IPD/official_hark_logs/hark_fileid_33.stderr.log,3
34,/mnt/d/邵鹏远/UCL/博1/code/audition_pipeline/data/dataset_4mic_3spk/Eval/mic/mic_fileid_34_doa125_3spk.wav,"124,156,262",/mnt/d/邵鹏远/UCL/博1/code/audition_pipeline/ablation_study/baseline/results/HARK_n_sep+pf_IPD/official_hark_outputs/fileid_34,/mnt/d/邵鹏远/UCL/博1/code/audition_pipeline/ablation_study/baseline/results/HARK_n_sep+pf_IPD/official_hark_outputs/fileid_34/hark_raw_fileid_34,batchflow '/mnt/d/邵鹏远/UCL/博1/code/audition_pipeline/ablation_study/baseline/results/HARK_n_sep+pf_IPD/official_hark_outputs/fileid_34/runtime_fileid_34.n' '/mnt/d/邵鹏远/UCL/博1/code/audition_pipeline/data/dataset_4mic_3spk/Eval/mic/mic_fileid_34_doa125_3spk.wav' '/mnt/d/邵鹏远/UCL/博1/code/audition_pipeline/ablation_study/baseline/results/HARK_n_sep+pf_IPD/official_hark_outputs/fileid_34/hark_raw_fileid_34',0,4.290513723999538,/mnt/d/邵鹏远/UCL/博1/code/audition_pipeline/ablation_study/baseline/results/HARK_n_sep+pf_IPD/official_hark_logs/hark_fileid_34.stdout.log,/mnt/d/邵鹏远/UCL/博1/code/audition_pipeline/ablation_study/baseline/results/HARK_n_sep+pf_IPD/official_hark_logs/hark_fileid_34.stderr.log,3
35,/mnt/d/邵鹏远/UCL/博1/code/audition_pipeline/data/dataset_4mic_3spk/Eval/mic/mic_fileid_35_doa24_3spk.wav,"34,125,209",/mnt/d/邵鹏远/UCL/博1/code/audition_pipeline/ablation_study/baseline/results/HARK_n_sep+pf_IPD/official_hark_outputs/fileid_35,/mnt/d/邵鹏远/UCL/博1/code/audition_pipeline/ablation_study/baseline/results/HARK_n_sep+pf_IPD/official_hark_outputs/fileid_35/hark_raw_fileid_35,batchflow '/mnt/d/邵鹏远/UCL/博1/code/audition_pipeline/ablation_study/baseline/results/HARK_n_sep+pf_IPD/official_hark_outputs/fileid_35/runtime_fileid_35.n' '/mnt/d/邵鹏远/UCL/博1/code/audition_pipeline/data/dataset_4mic_3spk/Eval/mic/mic_fileid_35_doa24_3spk.wav' '/mnt/d/邵鹏远/UCL/博1/code/audition_pipeline/ablation_study/baseline/results/HARK_n_sep+pf_IPD/official_hark_outputs/fileid_35/hark_raw_fileid_35',0,4.8664996229999815,/mnt/d/邵鹏远/UCL/博1/code/audition_pipeline/ablation_study/baseline/results/HARK_n_sep+pf_IPD/official_hark_logs/hark_fileid_35.stdout.log,/mnt/d/邵鹏远/UCL/博1/code/audition_pipeline/ablation_study/baseline/results/HARK_n_sep+pf_IPD/official_hark_logs/hark_fileid_35.stderr.log,3
36,/mnt/d/邵鹏远/UCL/博1/code/audition_pipeline/data/dataset_4mic_3spk/Eval/mic/mic_fileid_36_doa24_3spk.wav,"24,204,290",/mnt/d/邵鹏远/UCL/博1/code/audition_pipeline/ablation_study/baseline/results/HARK_n_sep+pf_IPD/official_hark_outputs/fileid_36,/mnt/d/邵鹏远/UCL/博1/code/audition_pipeline/ablation_study/baseline/results/HARK_n_sep+pf_IPD/official_hark_outputs/fileid_36/hark_raw_fileid_36,batchflow '/mnt/d/邵鹏远/UCL/博1/code/audition_pipeline/ablation_study/baseline/results/HARK_n_sep+pf_IPD/official_hark_outputs/fileid_36/runtime_fileid_36.n' '/mnt/d/邵鹏远/UCL/博1/code/audition_pipeline/data/dataset_4mic_3spk/Eval/mic/mic_fileid_36_doa24_3spk.wav' '/mnt/d/邵鹏远/UCL/博1/code/audition_pipeline/ablation_study/baseline/results/HARK_n_sep+pf_IPD/official_hark_outputs/fileid_36/hark_raw_fileid_36',0,4.596791826999834,/mnt/d/邵鹏远/UCL/博1/code/audition_pipeline/ablation_study/baseline/results/HARK_n_sep+pf_IPD/official_hark_logs/hark_fileid_36.stdout.log,/mnt/d/邵鹏远/UCL/博1/code/audition_pipeline/ablation_study/baseline/results/HARK_n_sep+pf_IPD/official_hark_logs/hark_fileid_36.stderr.log,3
37,/mnt/d/邵鹏远/UCL/博1/code/audition_pipeline/data/dataset_4mic_3spk/Eval/mic/mic_fileid_37_doa51_3spk.wav,"51,75,104",/mnt/d/邵鹏远/UCL/博1/code/audition_pipeline/ablation_study/baseline/results/HARK_n_sep+pf_IPD/official_hark_outputs/fileid_37,/mnt/d/邵鹏远/UCL/博1/code/audition_pipeline/ablation_study/baseline/results/HARK_n_sep+pf_IPD/official_hark_outputs/fileid_37/hark_raw_fileid_37,batchflow '/mnt/d/邵鹏远/UCL/博1/code/audition_pipeline/ablation_study/baseline/results/HARK_n_sep+pf_IPD/official_hark_outputs/fileid_37/runtime_fileid_37.n' '/mnt/d/邵鹏远/UCL/博1/code/audition_pipeline/data/dataset_4mic_3spk/Eval/mic/mic_fileid_37_doa51_3spk.wav' '/mnt/d/邵鹏远/UCL/博1/code/audition_pipeline/ablation_study/baseline/results/HARK_n_sep+pf_IPD/official_hark_outputs/fileid_37/hark_raw_fileid_37',0,3.781503781000538,/mnt/d/邵鹏远/UCL/博1/code/audition_pipeline/ablation_study/baseline/results/HARK_n_sep+pf_IPD/official_hark_logs/hark_fileid_37.stdout.log,/mnt/d/邵鹏远/UCL/博1/code/audition_pipeline/ablation_study/baseline/results/HARK_n_sep+pf_IPD/official_hark_logs/hark_fileid_37.stderr.log,3
38,/mnt/d/邵鹏远/UCL/博1/code/audition_pipeline/data/dataset_4mic_3spk/Eval/mic/mic_fileid_38_doa1_3spk.wav,"3,57,80",/mnt/d/邵鹏远/UCL/博1/code/audition_pipeline/ablation_study/baseline/results/HARK_n_sep+pf_IPD/official_hark_outputs/fileid_38,/mnt/d/邵鹏远/UCL/博1/code/audition_pipeline/ablation_study/baseline/results/HARK_n_sep+pf_IPD/official_hark_outputs/fileid_38/hark_raw_fileid_38,batchflow '/mnt/d/邵鹏远/UCL/博1/code/audition_pipeline/ablation_study/baseline/results/HARK_n_sep+pf_IPD/official_hark_outputs/fileid_38/runtime_fileid_38.n' '/mnt/d/邵鹏远/UCL/博1/code/audition_pipeline/data/dataset_4mic_3spk/Eval/mic/mic_fileid_38_doa1_3spk.wav' '/mnt/d/邵鹏远/UCL/博1/code/audition_pipeline/ablation_study/baseline/results/HARK_n_sep+pf_IPD/official_hark_outputs/fileid_38/hark_raw_fileid_38',0,4.734956958000112,/mnt/d/邵鹏远/UCL/博1/code/audition_pipeline/ablation_study/baseline/results/HARK_n_sep+pf_IPD/official_hark_logs/hark_fileid_38.stdout.log,/mnt/d/邵鹏远/UCL/博1/code/audition_pipeline/ablation_study/baseline/results/HARK_n_sep+pf_IPD/official_hark_logs/hark_fileid_38.stderr.log,3
39,/mnt/d/邵鹏远/UCL/博1/code/audition_pipeline/data/dataset_4mic_3spk/Eval/mic/mic_fileid_39_doa156_3spk.wav,"152,249,302",/mnt/d/邵鹏远/UCL/博1/code/audition_pipeline/ablation_study/baseline/results/HARK_n_sep+pf_IPD/official_hark_outputs/fileid_39,/mnt/d/邵鹏远/UCL/博1/code/audition_pipeline/ablation_study/baseline/results/HARK_n_sep+pf_IPD/official_hark_outputs/fileid_39/hark_raw_fileid_39,batchflow '/mnt/d/邵鹏远/UCL/博1/code/audition_pipeline/ablation_study/baseline/results/HARK_n_sep+pf_IPD/official_hark_outputs/fileid_39/runtime_fileid_39.n' '/mnt/d/邵鹏远/UCL/博1/code/audition_pipeline/data/dataset_4mic_3spk/Eval/mic/mic_fileid_39_doa156_3spk.wav' '/mnt/d/邵鹏远/UCL/博1/code/audition_pipeline/ablation_study/baseline/results/HARK_n_sep+pf_IPD/official_hark_outputs/fileid_39/hark_raw_fileid_39',0,4.370450766999966,/mnt/d/邵鹏远/UCL/博1/code/audition_pipeline/ablation_study/baseline/results/HARK_n_sep+pf_IPD/official_hark_logs/hark_fileid_39.stdout.log,/mnt/d/邵鹏远/UCL/博1/code/audition_pipeline/ablation_study/baseline/results/HARK_n_sep+pf_IPD/official_hark_logs/hark_fileid_39.stderr.log,3
40,/mnt/d/邵鹏远/UCL/博1/code/audition_pipeline/data/dataset_4mic_3spk/Eval/mic/mic_fileid_40_doa14_3spk.wav,"9,91,212",/mnt/d/邵鹏远/UCL/博1/code/audition_pipeline/ablation_study/baseline/results/HARK_n_sep+pf_IPD/official_hark_outputs/fileid_40,/mnt/d/邵鹏远/UCL/博1/code/audition_pipeline/ablation_study/baseline/results/HARK_n_sep+pf_IPD/official_hark_outputs/fileid_40/hark_raw_fileid_40,batchflow '/mnt/d/邵鹏远/UCL/博1/code/audition_pipeline/ablation_study/baseline/results/HARK_n_sep+pf_IPD/official_hark_outputs/fileid_40/runtime_fileid_40.n' '/mnt/d/邵鹏远/UCL/博1/code/audition_pipeline/data/dataset_4mic_3spk/Eval/mic/mic_fileid_40_doa14_3spk.wav' '/mnt/d/邵鹏远/UCL/博1/code/audition_pipeline/ablation_study/baseline/results/HARK_n_sep+pf_IPD/official_hark_outputs/fileid_40/hark_raw_fileid_40',0,3.7373551279997628,/mnt/d/邵鹏远/UCL/博1/code/audition_pipeline/ablation_study/baseline/results/HARK_n_sep+pf_IPD/official_hark_logs/hark_fileid_40.stdout.log,/mnt/d/邵鹏远/UCL/博1/code/audition_pipeline/ablation_study/baseline/results/HARK_n_sep+pf_IPD/official_hark_logs/hark_fileid_40.stderr.log,3
41,/mnt/d/邵鹏远/UCL/博1/code/audition_pipeline/data/dataset_4mic_3spk/Eval/mic/mic_fileid_41_doa86_3spk.wav,"113,235,265",/mnt/d/邵鹏远/UCL/博1/code/audition_pipeline/ablation_study/baseline/results/HARK_n_sep+pf_IPD/official_hark_outputs/fileid_41,/mnt/d/邵鹏远/UCL/博1/code/audition_pipeline/ablation_study/baseline/results/HARK_n_sep+pf_IPD/official_hark_outputs/fileid_41/hark_raw_fileid_41,batchflow '/mnt/d/邵鹏远/UCL/博1/code/audition_pipeline/ablation_study/baseline/results/HARK_n_sep+pf_IPD/official_hark_outputs/fileid_41/runtime_fileid_41.n' '/mnt/d/邵鹏远/UCL/博1/code/audition_pipeline/data/dataset_4mic_3spk/Eval/mic/mic_fileid_41_doa86_3spk.wav' '/mnt/d/邵鹏远/UCL/博1/code/audition_pipeline/ablation_study/baseline/results/HARK_n_sep+pf_IPD/official_hark_outputs/fileid_41/hark_raw_fileid_41',0,4.4038484040002,/mnt/d/邵鹏远/UCL/博1/code/audition_pipeline/ablation_study/baseline/results/HARK_n_sep+pf_IPD/official_hark_logs/hark_fileid_41.stdout.log,/mnt/d/邵鹏远/UCL/博1/code/audition_pipeline/ablation_study/baseline/results/HARK_n_sep+pf_IPD/official_hark_logs/hark_fileid_41.stderr.log,3
42,/mnt/d/邵鹏远/UCL/博1/code/audition_pipeline/data/dataset_4mic_3spk/Eval/mic/mic_fileid_42_doa76_3spk.wav,"76,224,323",/mnt/d/邵鹏远/UCL/博1/code/audition_pipeline/ablation_study/baseline/results/HARK_n_sep+pf_IPD/official_hark_outputs/fileid_42,/mnt/d/邵鹏远/UCL/博1/code/audition_pipeline/ablation_study/baseline/results/HARK_n_sep+pf_IPD/official_hark_outputs/fileid_42/hark_raw_fileid_42,batchflow '/mnt/d/邵鹏远/UCL/博1/code/audition_pipeline/ablation_study/baseline/results/HARK_n_sep+pf_IPD/official_hark_outputs/fileid_42/runtime_fileid_42.n' '/mnt/d/邵鹏远/UCL/博1/code/audition_pipeline/data/dataset_4mic_3spk/Eval/mic/mic_fileid_42_doa76_3spk.wav' '/mnt/d/邵鹏远/UCL/博1/code/audition_pipeline/ablation_study/baseline/results/HARK_n_sep+pf_IPD/official_hark_outputs/fileid_42/hark_raw_fileid_42',0,4.606241168999986,/mnt/d/邵鹏远/UCL/博1/code/audition_pipeline/ablation_study/baseline/results/HARK_n_sep+pf_IPD/official_hark_logs/hark_fileid_42.stdout.log,/mnt/d/邵鹏远/UCL/博1/code/audition_pipeline/ablation_study/baseline/results/HARK_n_sep+pf_IPD/official_hark_logs/hark_fileid_42.stderr.log,3
43,/mnt/d/邵鹏远/UCL/博1/code/audition_pipeline/data/dataset_4mic_3spk/Eval/mic/mic_fileid_43_doa44_3spk.wav,"44,104,273",/mnt/d/邵鹏远/UCL/博1/code/audition_pipeline/ablation_study/baseline/results/HARK_n_sep+pf_IPD/official_hark_outputs/fileid_43,/mnt/d/邵鹏远/UCL/博1/code/audition_pipeline/ablation_study/baseline/results/HARK_n_sep+pf_IPD/official_hark_outputs/fileid_43/hark_raw_fileid_43,batchflow '/mnt/d/邵鹏远/UCL/博1/code/audition_pipeline/ablation_study/baseline/results/HARK_n_sep+pf_IPD/official_hark_outputs/fileid_43/runtime_fileid_43.n' '/mnt/d/邵鹏远/UCL/博1/code/audition_pipeline/data/dataset_4mic_3spk/Eval/mic/mic_fileid_43_doa44_3spk.wav' '/mnt/d/邵鹏远/UCL/博1/code/audition_pipeline/ablation_study/baseline/results/HARK_n_sep+pf_IPD/official_hark_outputs/fileid_43/hark_raw_fileid_43',0,4.120415585000046,/mnt/d/邵鹏远/UCL/博1/code/audition_pipeline/ablation_study/baseline/results/HARK_n_sep+pf_IPD/official_hark_logs/hark_fileid_43.stdout.log,/mnt/d/邵鹏远/UCL/博1/code/audition_pipeline/ablation_study/baseline/results/HARK_n_sep+pf_IPD/official_hark_logs/hark_fileid_43.stderr.log,3
44,/mnt/d/邵鹏远/UCL/博1/code/audition_pipeline/data/dataset_4mic_3spk/Eval/mic/mic_fileid_44_doa184_3spk.wav,"185,214,259",/mnt/d/邵鹏远/UCL/博1/code/audition_pipeline/ablation_study/baseline/results/HARK_n_sep+pf_IPD/official_hark_outputs/fileid_44,/mnt/d/邵鹏远/UCL/博1/code/audition_pipeline/ablation_study/baseline/results/HARK_n_sep+pf_IPD/official_hark_outputs/fileid_44/hark_raw_fileid_44,batchflow '/mnt/d/邵鹏远/UCL/博1/code/audition_pipeline/ablation_study/baseline/results/HARK_n_sep+pf_IPD/official_hark_outputs/fileid_44/runtime_fileid_44.n' '/mnt/d/邵鹏远/UCL/博1/code/audition_pipeline/data/dataset_4mic_3spk/Eval/mic/mic_fileid_44_doa184_3spk.wav' '/mnt/d/邵鹏远/UCL/博1/code/audition_pipeline/ablation_study/baseline/results/HARK_n_sep+pf_IPD/official_hark_outputs/fileid_44/hark_raw_fileid_44',0,4.51228212299975,/mnt/d/邵鹏远/UCL/博1/code/audition_pipeline/ablation_study/baseline/results/HARK_n_sep+pf_IPD/official_hark_logs/hark_fileid_44.stdout.log,/mnt/d/邵鹏远/UCL/博1/code/audition_pipeline/ablation_study/baseline/results/HARK_n_sep+pf_IPD/official_hark_logs/hark_fileid_44.stderr.log,3
45,/mnt/d/邵鹏远/UCL/博1/code/audition_pipeline/data/dataset_4mic_3spk/Eval/mic/mic_fileid_45_doa62_3spk.wav,"201,244,286",/mnt/d/邵鹏远/UCL/博1/code/audition_pipeline/ablation_study/baseline/results/HARK_n_sep+pf_IPD/official_hark_outputs/fileid_45,/mnt/d/邵鹏远/UCL/博1/code/audition_pipeline/ablation_study/baseline/results/HARK_n_sep+pf_IPD/official_hark_outputs/fileid_45/hark_raw_fileid_45,batchflow '/mnt/d/邵鹏远/UCL/博1/code/audition_pipeline/ablation_study/baseline/results/HARK_n_sep+pf_IPD/official_hark_outputs/fileid_45/runtime_fileid_45.n' '/mnt/d/邵鹏远/UCL/博1/code/audition_pipeline/data/dataset_4mic_3spk/Eval/mic/mic_fileid_45_doa62_3spk.wav' '/mnt/d/邵鹏远/UCL/博1/code/audition_pipeline/ablation_study/baseline/results/HARK_n_sep+pf_IPD/official_hark_outputs/fileid_45/hark_raw_fileid_45',0,4.5782073919999675,/mnt/d/邵鹏远/UCL/博1/code/audition_pipeline/ablation_study/baseline/results/HARK_n_sep+pf_IPD/official_hark_logs/hark_fileid_45.stdout.log,/mnt/d/邵鹏远/UCL/博1/code/audition_pipeline/ablation_study/baseline/results/HARK_n_sep+pf_IPD/official_hark_logs/hark_fileid_45.stderr.log,3
46,/mnt/d/邵鹏远/UCL/博1/code/audition_pipeline/data/dataset_4mic_3spk/Eval/mic/mic_fileid_46_doa151_3spk.wav,"148,188,332",/mnt/d/邵鹏远/UCL/博1/code/audition_pipeline/ablation_study/baseline/results/HARK_n_sep+pf_IPD/official_hark_outputs/fileid_46,/mnt/d/邵鹏远/UCL/博1/code/audition_pipeline/ablation_study/baseline/results/HARK_n_sep+pf_IPD/official_hark_outputs/fileid_46/hark_raw_fileid_46,batchflow '/mnt/d/邵鹏远/UCL/博1/code/audition_pipeline/ablation_study/baseline/results/HARK_n_sep+pf_IPD/official_hark_outputs/fileid_46/runtime_fileid_46.n' '/mnt/d/邵鹏远/UCL/博1/code/audition_pipeline/data/dataset_4mic_3spk/Eval/mic/mic_fileid_46_doa151_3spk.wav' '/mnt/d/邵鹏远/UCL/博1/code/audition_pipeline/ablation_study/baseline/results/HARK_n_sep+pf_IPD/official_hark_outputs/fileid_46/hark_raw_fileid_46',0,4.196890302000611,/mnt/d/邵鹏远/UCL/博1/code/audition_pipeline/ablation_study/baseline/results/HARK_n_sep+pf_IPD/official_hark_logs/hark_fileid_46.stdout.log,/mnt/d/邵鹏远/UCL/博1/code/audition_pipeline/ablation_study/baseline/results/HARK_n_sep+pf_IPD/official_hark_logs/hark_fileid_46.stderr.log,3
47,/mnt/d/邵鹏远/UCL/博1/code/audition_pipeline/data/dataset_4mic_3spk/Eval/mic/mic_fileid_47_doa63_3spk.wav,"107,188,242",/mnt/d/邵鹏远/UCL/博1/code/audition_pipeline/ablation_study/baseline/results/HARK_n_sep+pf_IPD/official_hark_outputs/fileid_47,/mnt/d/邵鹏远/UCL/博1/code/audition_pipeline/ablation_study/baseline/results/HARK_n_sep+pf_IPD/official_hark_outputs/fileid_47/hark_raw_fileid_47,batchflow '/mnt/d/邵鹏远/UCL/博1/code/audition_pipeline/ablation_study/baseline/results/HARK_n_sep+pf_IPD/official_hark_outputs/fileid_47/runtime_fileid_47.n' '/mnt/d/邵鹏远/UCL/博1/code/audition_pipeline/data/dataset_4mic_3spk/Eval/mic/mic_fileid_47_doa63_3spk.wav' '/mnt/d/邵鹏远/UCL/博1/code/audition_pipeline/ablation_study/baseline/results/HARK_n_sep+pf_IPD/official_hark_outputs/fileid_47/hark_raw_fileid_47',0,4.403815609000048,/mnt/d/邵鹏远/UCL/博1/code/audition_pipeline/ablation_study/baseline/results/HARK_n_sep+pf_IPD/official_hark_logs/hark_fileid_47.stdout.log,/mnt/d/邵鹏远/UCL/博1/code/audition_pipeline/ablation_study/baseline/results/HARK_n_sep+pf_IPD/official_hark_logs/hark_fileid_47.stderr.log,3
48,/mnt/d/邵鹏远/UCL/博1/code/audition_pipeline/data/dataset_4mic_3spk/Eval/mic/mic_fileid_48_doa191_3spk.wav,"192,227,295",/mnt/d/邵鹏远/UCL/博1/code/audition_pipeline/ablation_study/baseline/results/HARK_n_sep+pf_IPD/official_hark_outputs/fileid_48,/mnt/d/邵鹏远/UCL/博1/code/audition_pipeline/ablation_study/baseline/results/HARK_n_sep+pf_IPD/official_hark_outputs/fileid_48/hark_raw_fileid_48,batchflow '/mnt/d/邵鹏远/UCL/博1/code/audition_pipeline/ablation_study/baseline/results/HARK_n_sep+pf_IPD/official_hark_outputs/fileid_48/runtime_fileid_48.n' '/mnt/d/邵鹏远/UCL/博1/code/audition_pipeline/data/dataset_4mic_3spk/Eval/mic/mic_fileid_48_doa191_3spk.wav' '/mnt/d/邵鹏远/UCL/博1/code/audition_pipeline/ablation_study/baseline/results/HARK_n_sep+pf_IPD/official_hark_outputs/fileid_48/hark_raw_fileid_48',0,4.479053834000297,/mnt/d/邵鹏远/UCL/博1/code/audition_pipeline/ablation_study/baseline/results/HARK_n_sep+pf_IPD/official_hark_logs/hark_fileid_48.stdout.log,/mnt/d/邵鹏远/UCL/博1/code/audition_pipeline/ablation_study/baseline/results/HARK_n_sep+pf_IPD/official_hark_logs/hark_fileid_48.stderr.log,3
49,/mnt/d/邵鹏远/UCL/博1/code/audition_pipeline/data/dataset_4mic_3spk/Eval/mic/mic_fileid_49_doa63_3spk.wav,"206,240,337",/mnt/d/邵鹏远/UCL/博1/code/audition_pipeline/ablation_study/baseline/results/HARK_n_sep+pf_IPD/official_hark_outputs/fileid_49,/mnt/d/邵鹏远/UCL/博1/code/audition_pipeline/ablation_study/baseline/results/HARK_n_sep+pf_IPD/official_hark_outputs/fileid_49/hark_raw_fileid_49,batchflow '/mnt/d/邵鹏远/UCL/博1/code/audition_pipeline/ablation_study/baseline/results/HARK_n_sep+pf_IPD/official_hark_outputs/fileid_49/runtime_fileid_49.n' '/mnt/d/邵鹏远/UCL/博1/code/audition_pipeline/data/dataset_4mic_3spk/Eval/mic/mic_fileid_49_doa63_3spk.wav' '/mnt/d/邵鹏远/UCL/博1/code/audition_pipeline/ablation_study/baseline/results/HARK_n_sep+pf_IPD/official_hark_outputs/fileid_49/hark_raw_fileid_49',0,4.326006982999388,/mnt/d/邵鹏远/UCL/博1/code/audition_pipeline/ablation_study/baseline/results/HARK_n_sep+pf_IPD/official_hark_logs/hark_fileid_49.stdout.log,/mnt/d/邵鹏远/UCL/博1/code/audition_pipeline/ablation_study/baseline/results/HARK_n_sep+pf_IPD/official_hark_logs/hark_fileid_49.stderr.log,3
50,/mnt/d/邵鹏远/UCL/博1/code/audition_pipeline/data/dataset_4mic_3spk/Eval/mic/mic_fileid_50_doa7_3spk.wav,"7,70,268",/mnt/d/邵鹏远/UCL/博1/code/audition_pipeline/ablation_study/baseline/results/HARK_n_sep+pf_IPD/official_hark_outputs/fileid_50,/mnt/d/邵鹏远/UCL/博1/code/audition_pipeline/ablation_study/baseline/results/HARK_n_sep+pf_IPD/official_hark_outputs/fileid_50/hark_raw_fileid_50,batchflow '/mnt/d/邵鹏远/UCL/博1/code/audition_pipeline/ablation_study/baseline/results/HARK_n_sep+pf_IPD/official_hark_outputs/fileid_50/runtime_fileid_50.n' '/mnt/d/邵鹏远/UCL/博1/code/audition_pipeline/data/dataset_4mic_3spk/Eval/mic/mic_fileid_50_doa7_3spk.wav' '/mnt/d/邵鹏远/UCL/博1/code/audition_pipeline/ablation_study/baseline/results/HARK_n_sep+pf_IPD/official_hark_outputs/fileid_50/hark_raw_fileid_50',0,4.408506178999232,/mnt/d/邵鹏远/UCL/博1/code/audition_pipeline/ablation_study/baseline/results/HARK_n_sep+pf_IPD/official_hark_logs/hark_fileid_50.stdout.log,/mnt/d/邵鹏远/UCL/博1/code/audition_pipeline/ablation_study/baseline/results/HARK_n_sep+pf_IPD/official_hark_logs/hark_fileid_50.stderr.log,3
51,/mnt/d/邵鹏远/UCL/博1/code/audition_pipeline/data/dataset_4mic_3spk/Eval/mic/mic_fileid_51_doa46_3spk.wav,"46,91,173",/mnt/d/邵鹏远/UCL/博1/code/audition_pipeline/ablation_study/baseline/results/HARK_n_sep+pf_IPD/official_hark_outputs/fileid_51,/mnt/d/邵鹏远/UCL/博1/code/audition_pipeline/ablation_study/baseline/results/HARK_n_sep+pf_IPD/official_hark_outputs/fileid_51/hark_raw_fileid_51,batchflow '/mnt/d/邵鹏远/UCL/博1/code/audition_pipeline/ablation_study/baseline/results/HARK_n_sep+pf_IPD/official_hark_outputs/fileid_51/runtime_fileid_51.n' '/mnt/d/邵鹏远/UCL/博1/code/audition_pipeline/data/dataset_4mic_3spk/Eval/mic/mic_fileid_51_doa46_3spk.wav' '/mnt/d/邵鹏远/UCL/博1/code/audition_pipeline/ablation_study/baseline/results/HARK_n_sep+pf_IPD/official_hark_outputs/fileid_51/hark_raw_fileid_51',0,4.213794111000425,/mnt/d/邵鹏远/UCL/博1/code/audition_pipeline/ablation_study/baseline/results/HARK_n_sep+pf_IPD/official_hark_logs/hark_fileid_51.stdout.log,/mnt/d/邵鹏远/UCL/博1/code/audition_pipeline/ablation_study/baseline/results/HARK_n_sep+pf_IPD/official_hark_logs/hark_fileid_51.stderr.log,3
52,/mnt/d/邵鹏远/UCL/博1/code/audition_pipeline/data/dataset_4mic_3spk/Eval/mic/mic_fileid_52_doa46_3spk.wav,"66,248,311",/mnt/d/邵鹏远/UCL/博1/code/audition_pipeline/ablation_study/baseline/results/HARK_n_sep+pf_IPD/official_hark_outputs/fileid_52,/mnt/d/邵鹏远/UCL/博1/code/audition_pipeline/ablation_study/baseline/results/HARK_n_sep+pf_IPD/official_hark_outputs/fileid_52/hark_raw_fileid_52,batchflow '/mnt/d/邵鹏远/UCL/博1/code/audition_pipeline/ablation_study/baseline/results/HARK_n_sep+pf_IPD/official_hark_outputs/fileid_52/runtime_fileid_52.n' '/mnt/d/邵鹏远/UCL/博1/code/audition_pipeline/data/dataset_4mic_3spk/Eval/mic/mic_fileid_52_doa46_3spk.wav' '/mnt/d/邵鹏远/UCL/博1/code/audition_pipeline/ablation_study/baseline/results/HARK_n_sep+pf_IPD/official_hark_outputs/fileid_52/hark_raw_fileid_52',0,4.431730229000095,/mnt/d/邵鹏远/UCL/博1/code/audition_pipeline/ablation_study/baseline/results/HARK_n_sep+pf_IPD/official_hark_logs/hark_fileid_52.stdout.log,/mnt/d/邵鹏远/UCL/博1/code/audition_pipeline/ablation_study/baseline/results/HARK_n_sep+pf_IPD/official_hark_logs/hark_fileid_52.stderr.log,3
53,/mnt/d/邵鹏远/UCL/博1/code/audition_pipeline/data/dataset_4mic_3spk/Eval/mic/mic_fileid_53_doa65_3spk.wav,"99,219,253",/mnt/d/邵鹏远/UCL/博1/code/audition_pipeline/ablation_study/baseline/results/HARK_n_sep+pf_IPD/official_hark_outputs/fileid_53,/mnt/d/邵鹏远/UCL/博1/code/audition_pipeline/ablation_study/baseline/results/HARK_n_sep+pf_IPD/official_hark_outputs/fileid_53/hark_raw_fileid_53,batchflow '/mnt/d/邵鹏远/UCL/博1/code/audition_pipeline/ablation_study/baseline/results/HARK_n_sep+pf_IPD/official_hark_outputs/fileid_53/runtime_fileid_53.n' '/mnt/d/邵鹏远/UCL/博1/code/audition_pipeline/data/dataset_4mic_3spk/Eval/mic/mic_fileid_53_doa65_3spk.wav' '/mnt/d/邵鹏远/UCL/博1/code/audition_pipeline/ablation_study/baseline/results/HARK_n_sep+pf_IPD/official_hark_outputs/fileid_53/hark_raw_fileid_53',0,4.466547705000266,/mnt/d/邵鹏远/UCL/博1/code/audition_pipeline/ablation_study/baseline/results/HARK_n_sep+pf_IPD/official_hark_logs/hark_fileid_53.stdout.log,/mnt/d/邵鹏远/UCL/博1/code/audition_pipeline/ablation_study/baseline/results/HARK_n_sep+pf_IPD/official_hark_logs/hark_fileid_53.stderr.log,3
54,/mnt/d/邵鹏远/UCL/博1/code/audition_pipeline/data/dataset_4mic_3spk/Eval/mic/mic_fileid_54_doa45_3spk.wav,"44,78,328",/mnt/d/邵鹏远/UCL/博1/code/audition_pipeline/ablation_study/baseline/results/HARK_n_sep+pf_IPD/official_hark_outputs/fileid_54,/mnt/d/邵鹏远/UCL/博1/code/audition_pipeline/ablation_study/baseline/results/HARK_n_sep+pf_IPD/official_hark_outputs/fileid_54/hark_raw_fileid_54,batchflow '/mnt/d/邵鹏远/UCL/博1/code/audition_pipeline/ablation_study/baseline/results/HARK_n_sep+pf_IPD/official_hark_outputs/fileid_54/runtime_fileid_54.n' '/mnt/d/邵鹏远/UCL/博1/code/audition_pipeline/data/dataset_4mic_3spk/Eval/mic/mic_fileid_54_doa45_3spk.wav' '/mnt/d/邵鹏远/UCL/博1/code/audition_pipeline/ablation_study/baseline/results/HARK_n_sep+pf_IPD/official_hark_outputs/fileid_54/hark_raw_fileid_54',0,3.900797356000112,/mnt/d/邵鹏远/UCL/博1/code/audition_pipeline/ablation_study/baseline/results/HARK_n_sep+pf_IPD/official_hark_logs/hark_fileid_54.stdout.log,/mnt/d/邵鹏远/UCL/博1/code/audition_pipeline/ablation_study/baseline/results/HARK_n_sep+pf_IPD/official_hark_logs/hark_fileid_54.stderr.log,3
55,/mnt/d/邵鹏远/UCL/博1/code/audition_pipeline/data/dataset_4mic_3spk/Eval/mic/mic_fileid_55_doa55_3spk.wav,"135,186,234",/mnt/d/邵鹏远/UCL/博1/code/audition_pipeline/ablation_study/baseline/results/HARK_n_sep+pf_IPD/official_hark_outputs/fileid_55,/mnt/d/邵鹏远/UCL/博1/code/audition_pipeline/ablation_study/baseline/results/HARK_n_sep+pf_IPD/official_hark_outputs/fileid_55/hark_raw_fileid_55,batchflow '/mnt/d/邵鹏远/UCL/博1/code/audition_pipeline/ablation_study/baseline/results/HARK_n_sep+pf_IPD/official_hark_outputs/fileid_55/runtime_fileid_55.n' '/mnt/d/邵鹏远/UCL/博1/code/audition_pipeline/data/dataset_4mic_3spk/Eval/mic/mic_fileid_55_doa55_3spk.wav' '/mnt/d/邵鹏远/UCL/博1/code/audition_pipeline/ablation_study/baseline/results/HARK_n_sep+pf_IPD/official_hark_outputs/fileid_55/hark_raw_fileid_55',0,4.204227843000808,/mnt/d/邵鹏远/UCL/博1/code/audition_pipeline/ablation_study/baseline/results/HARK_n_sep+pf_IPD/official_hark_logs/hark_fileid_55.stdout.log,/mnt/d/邵鹏远/UCL/博1/code/audition_pipeline/ablation_study/baseline/results/HARK_n_sep+pf_IPD/official_hark_logs/hark_fileid_55.stderr.log,3
56,/mnt/d/邵鹏远/UCL/博1/code/audition_pipeline/data/dataset_4mic_3spk/Eval/mic/mic_fileid_56_doa11_3spk.wav,"11,65,113",/mnt/d/邵鹏远/UCL/博1/code/audition_pipeline/ablation_study/baseline/results/HARK_n_sep+pf_IPD/official_hark_outputs/fileid_56,/mnt/d/邵鹏远/UCL/博1/code/audition_pipeline/ablation_study/baseline/results/HARK_n_sep+pf_IPD/official_hark_outputs/fileid_56/hark_raw_fileid_56,batchflow '/mnt/d/邵鹏远/UCL/博1/code/audition_pipeline/ablation_study/baseline/results/HARK_n_sep+pf_IPD/official_hark_outputs/fileid_56/runtime_fileid_56.n' '/mnt/d/邵鹏远/UCL/博1/code/audition_pipeline/data/dataset_4mic_3spk/Eval/mic/mic_fileid_56_doa11_3spk.wav' '/mnt/d/邵鹏远/UCL/博1/code/audition_pipeline/ablation_study/baseline/results/HARK_n_sep+pf_IPD/official_hark_outputs/fileid_56/hark_raw_fileid_56',0,4.508041021000281,/mnt/d/邵鹏远/UCL/博1/code/audition_pipeline/ablation_study/baseline/results/HARK_n_sep+pf_IPD/official_hark_logs/hark_fileid_56.stdout.log,/mnt/d/邵鹏远/UCL/博1/code/audition_pipeline/ablation_study/baseline/results/HARK_n_sep+pf_IPD/official_hark_logs/hark_fileid_56.stderr.log,3
57,/mnt/d/邵鹏远/UCL/博1/code/audition_pipeline/data/dataset_4mic_3spk/Eval/mic/mic_fileid_57_doa15_3spk.wav,"29,173,225",/mnt/d/邵鹏远/UCL/博1/code/audition_pipeline/ablation_study/baseline/results/HARK_n_sep+pf_IPD/official_hark_outputs/fileid_57,/mnt/d/邵鹏远/UCL/博1/code/audition_pipeline/ablation_study/baseline/results/HARK_n_sep+pf_IPD/official_hark_outputs/fileid_57/hark_raw_fileid_57,batchflow '/mnt/d/邵鹏远/UCL/博1/code/audition_pipeline/ablation_study/baseline/results/HARK_n_sep+pf_IPD/official_hark_outputs/fileid_57/runtime_fileid_57.n' '/mnt/d/邵鹏远/UCL/博1/code/audition_pipeline/data/dataset_4mic_3spk/Eval/mic/mic_fileid_57_doa15_3spk.wav' '/mnt/d/邵鹏远/UCL/博1/code/audition_pipeline/ablation_study/baseline/results/HARK_n_sep+pf_IPD/official_hark_outputs/fileid_57/hark_raw_fileid_57',0,4.458997181000086,/mnt/d/邵鹏远/UCL/博1/code/audition_pipeline/ablation_study/baseline/results/HARK_n_sep+pf_IPD/official_hark_logs/hark_fileid_57.stdout.log,/mnt/d/邵鹏远/UCL/博1/code/audition_pipeline/ablation_study/baseline/results/HARK_n_sep+pf_IPD/official_hark_logs/hark_fileid_57.stderr.log,3
58,/mnt/d/邵鹏远/UCL/博1/code/audition_pipeline/data/dataset_4mic_3spk/Eval/mic/mic_fileid_58_doa91_3spk.wav,"91,135,312",/mnt/d/邵鹏远/UCL/博1/code/audition_pipeline/ablation_study/baseline/results/HARK_n_sep+pf_IPD/official_hark_outputs/fileid_58,/mnt/d/邵鹏远/UCL/博1/code/audition_pipeline/ablation_study/baseline/results/HARK_n_sep+pf_IPD/official_hark_outputs/fileid_58/hark_raw_fileid_58,batchflow '/mnt/d/邵鹏远/UCL/博1/code/audition_pipeline/ablation_study/baseline/results/HARK_n_sep+pf_IPD/official_hark_outputs/fileid_58/runtime_fileid_58.n' '/mnt/d/邵鹏远/UCL/博1/code/audition_pipeline/data/dataset_4mic_3spk/Eval/mic/mic_fileid_58_doa91_3spk.wav' '/mnt/d/邵鹏远/UCL/博1/code/audition_pipeline/ablation_study/baseline/results/HARK_n_sep+pf_IPD/official_hark_outputs/fileid_58/hark_raw_fileid_58',0,4.536483439999756,/mnt/d/邵鹏远/UCL/博1/code/audition_pipeline/ablation_study/baseline/results/HARK_n_sep+pf_IPD/official_hark_logs/hark_fileid_58.stdout.log,/mnt/d/邵鹏远/UCL/博1/code/audition_pipeline/ablation_study/baseline/results/HARK_n_sep+pf_IPD/official_hark_logs/hark_fileid_58.stderr.log,3
59,/mnt/d/邵鹏远/UCL/博1/code/audition_pipeline/data/dataset_4mic_3spk/Eval/mic/mic_fileid_59_doa11_3spk.wav,"195,259,359",/mnt/d/邵鹏远/UCL/博1/code/audition_pipeline/ablation_study/baseline/results/HARK_n_sep+pf_IPD/official_hark_outputs/fileid_59,/mnt/d/邵鹏远/UCL/博1/code/audition_pipeline/ablation_study/baseline/results/HARK_n_sep+pf_IPD/official_hark_outputs/fileid_59/hark_raw_fileid_59,batchflow '/mnt/d/邵鹏远/UCL/博1/code/audition_pipeline/ablation_study/baseline/results/HARK_n_sep+pf_IPD/official_hark_outputs/fileid_59/runtime_fileid_59.n' '/mnt/d/邵鹏远/UCL/博1/code/audition_pipeline/data/dataset_4mic_3spk/Eval/mic/mic_fileid_59_doa11_3spk.wav' '/mnt/d/邵鹏远/UCL/博1/code/audition_pipeline/ablation_study/baseline/results/HARK_n_sep+pf_IPD/official_hark_outputs/fileid_59/hark_raw_fileid_59',0,4.300219317000483,/mnt/d/邵鹏远/UCL/博1/code/audition_pipeline/ablation_study/baseline/results/HARK_n_sep+pf_IPD/official_hark_logs/hark_fileid_59.stdout.log,/mnt/d/邵鹏远/UCL/博1/code/audition_pipeline/ablation_study/baseline/results/HARK_n_sep+pf_IPD/official_hark_logs/hark_fileid_59.stderr.log,3
60,/mnt/d/邵鹏远/UCL/博1/code/audition_pipeline/data/dataset_4mic_3spk/Eval/mic/mic_fileid_60_doa144_3spk.wav,"143,185,325",/mnt/d/邵鹏远/UCL/博1/code/audition_pipeline/ablation_study/baseline/results/HARK_n_sep+pf_IPD/official_hark_outputs/fileid_60,/mnt/d/邵鹏远/UCL/博1/code/audition_pipeline/ablation_study/baseline/results/HARK_n_sep+pf_IPD/official_hark_outputs/fileid_60/hark_raw_fileid_60,batchflow '/mnt/d/邵鹏远/UCL/博1/code/audition_pipeline/ablation_study/baseline/results/HARK_n_sep+pf_IPD/official_hark_outputs/fileid_60/runtime_fileid_60.n' '/mnt/d/邵鹏远/UCL/博1/code/audition_pipeline/data/dataset_4mic_3spk/Eval/mic/mic_fileid_60_doa144_3spk.wav' '/mnt/d/邵鹏远/UCL/博1/code/audition_pipeline/ablation_study/baseline/results/HARK_n_sep+pf_IPD/official_hark_outputs/fileid_60/hark_raw_fileid_60',0,4.413063695000346,/mnt/d/邵鹏远/UCL/博1/code/audition_pipeline/ablation_study/baseline/results/HARK_n_sep+pf_IPD/official_hark_logs/hark_fileid_60.stdout.log,/mnt/d/邵鹏远/UCL/博1/code/audition_pipeline/ablation_study/baseline/results/HARK_n_sep+pf_IPD/official_hark_logs/hark_fileid_60.stderr.log,3
61,/mnt/d/邵鹏远/UCL/博1/code/audition_pipeline/data/dataset_4mic_3spk/Eval/mic/mic_fileid_61_doa93_3spk.wav,"93,146,296",/mnt/d/邵鹏远/UCL/博1/code/audition_pipeline/ablation_study/baseline/results/HARK_n_sep+pf_IPD/official_hark_outputs/fileid_61,/mnt/d/邵鹏远/UCL/博1/code/audition_pipeline/ablation_study/baseline/results/HARK_n_sep+pf_IPD/official_hark_outputs/fileid_61/hark_raw_fileid_61,batchflow '/mnt/d/邵鹏远/UCL/博1/code/audition_pipeline/ablation_study/baseline/results/HARK_n_sep+pf_IPD/official_hark_outputs/fileid_61/runtime_fileid_61.n' '/mnt/d/邵鹏远/UCL/博1/code/audition_pipeline/data/dataset_4mic_3spk/Eval/mic/mic_fileid_61_doa93_3spk.wav' '/mnt/d/邵鹏远/UCL/博1/code/audition_pipeline/ablation_study/baseline/results/HARK_n_sep+pf_IPD/official_hark_outputs/fileid_61/hark_raw_fileid_61',0,4.295403627000269,/mnt/d/邵鹏远/UCL/博1/code/audition_pipeline/ablation_study/baseline/results/HARK_n_sep+pf_IPD/official_hark_logs/hark_fileid_61.stdout.log,/mnt/d/邵鹏远/UCL/博1/code/audition_pipeline/ablation_study/baseline/results/HARK_n_sep+pf_IPD/official_hark_logs/hark_fileid_61.stderr.log,3
62,/mnt/d/邵鹏远/UCL/博1/code/audition_pipeline/data/dataset_4mic_3spk/Eval/mic/mic_fileid_62_doa56_3spk.wav,"41,164,307",/mnt/d/邵鹏远/UCL/博1/code/audition_pipeline/ablation_study/baseline/results/HARK_n_sep+pf_IPD/official_hark_outputs/fileid_62,/mnt/d/邵鹏远/UCL/博1/code/audition_pipeline/ablation_study/baseline/results/HARK_n_sep+pf_IPD/official_hark_outputs/fileid_62/hark_raw_fileid_62,batchflow '/mnt/d/邵鹏远/UCL/博1/code/audition_pipeline/ablation_study/baseline/results/HARK_n_sep+pf_IPD/official_hark_outputs/fileid_62/runtime_fileid_62.n' '/mnt/d/邵鹏远/UCL/博1/code/audition_pipeline/data/dataset_4mic_3spk/Eval/mic/mic_fileid_62_doa56_3spk.wav' '/mnt/d/邵鹏远/UCL/博1/code/audition_pipeline/ablation_study/baseline/results/HARK_n_sep+pf_IPD/official_hark_outputs/fileid_62/hark_raw_fileid_62',0,4.5214464319997205,/mnt/d/邵鹏远/UCL/博1/code/audition_pipeline/ablation_study/baseline/results/HARK_n_sep+pf_IPD/official_hark_logs/hark_fileid_62.stdout.log,/mnt/d/邵鹏远/UCL/博1/code/audition_pipeline/ablation_study/baseline/results/HARK_n_sep+pf_IPD/official_hark_logs/hark_fileid_62.stderr.log,3
63,/mnt/d/邵鹏远/UCL/博1/code/audition_pipeline/data/dataset_4mic_3spk/Eval/mic/mic_fileid_63_doa174_3spk.wav,"163,252,316",/mnt/d/邵鹏远/UCL/博1/code/audition_pipeline/ablation_study/baseline/results/HARK_n_sep+pf_IPD/official_hark_outputs/fileid_63,/mnt/d/邵鹏远/UCL/博1/code/audition_pipeline/ablation_study/baseline/results/HARK_n_sep+pf_IPD/official_hark_outputs/fileid_63/hark_raw_fileid_63,batchflow '/mnt/d/邵鹏远/UCL/博1/code/audition_pipeline/ablation_study/baseline/results/HARK_n_sep+pf_IPD/official_hark_outputs/fileid_63/runtime_fileid_63.n' '/mnt/d/邵鹏远/UCL/博1/code/audition_pipeline/data/dataset_4mic_3spk/Eval/mic/mic_fileid_63_doa174_3spk.wav' '/mnt/d/邵鹏远/UCL/博1/code/audition_pipeline/ablation_study/baseline/results/HARK_n_sep+pf_IPD/official_hark_outputs/fileid_63/hark_raw_fileid_63',0,4.751208407999911,/mnt/d/邵鹏远/UCL/博1/code/audition_pipeline/ablation_study/baseline/results/HARK_n_sep+pf_IPD/official_hark_logs/hark_fileid_63.stdout.log,/mnt/d/邵鹏远/UCL/博1/code/audition_pipeline/ablation_study/baseline/results/HARK_n_sep+pf_IPD/official_hark_logs/hark_fileid_63.stderr.log,3
64,/mnt/d/邵鹏远/UCL/博1/code/audition_pipeline/data/dataset_4mic_3spk/Eval/mic/mic_fileid_64_doa6_3spk.wav,"9,147,326",/mnt/d/邵鹏远/UCL/博1/code/audition_pipeline/ablation_study/baseline/results/HARK_n_sep+pf_IPD/official_hark_outputs/fileid_64,/mnt/d/邵鹏远/UCL/博1/code/audition_pipeline/ablation_study/baseline/results/HARK_n_sep+pf_IPD/official_hark_outputs/fileid_64/hark_raw_fileid_64,batchflow '/mnt/d/邵鹏远/UCL/博1/code/audition_pipeline/ablation_study/baseline/results/HARK_n_sep+pf_IPD/official_hark_outputs/fileid_64/runtime_fileid_64.n' '/mnt/d/邵鹏远/UCL/博1/code/audition_pipeline/data/dataset_4mic_3spk/Eval/mic/mic_fileid_64_doa6_3spk.wav' '/mnt/d/邵鹏远/UCL/博1/code/audition_pipeline/ablation_study/baseline/results/HARK_n_sep+pf_IPD/official_hark_outputs/fileid_64/hark_raw_fileid_64',0,4.276954930000102,/mnt/d/邵鹏远/UCL/博1/code/audition_pipeline/ablation_study/baseline/results/HARK_n_sep+pf_IPD/official_hark_logs/hark_fileid_64.stdout.log,/mnt/d/邵鹏远/UCL/博1/code/audition_pipeline/ablation_study/baseline/results/HARK_n_sep+pf_IPD/official_hark_logs/hark_fileid_64.stderr.log,3
65,/mnt/d/邵鹏远/UCL/博1/code/audition_pipeline/data/dataset_4mic_3spk/Eval/mic/mic_fileid_65_doa48_3spk.wav,"44,207,294",/mnt/d/邵鹏远/UCL/博1/code/audition_pipeline/ablation_study/baseline/results/HARK_n_sep+pf_IPD/official_hark_outputs/fileid_65,/mnt/d/邵鹏远/UCL/博1/code/audition_pipeline/ablation_study/baseline/results/HARK_n_sep+pf_IPD/official_hark_outputs/fileid_65/hark_raw_fileid_65,batchflow '/mnt/d/邵鹏远/UCL/博1/code/audition_pipeline/ablation_study/baseline/results/HARK_n_sep+pf_IPD/official_hark_outputs/fileid_65/runtime_fileid_65.n' '/mnt/d/邵鹏远/UCL/博1/code/audition_pipeline/data/dataset_4mic_3spk/Eval/mic/mic_fileid_65_doa48_3spk.wav' '/mnt/d/邵鹏远/UCL/博1/code/audition_pipeline/ablation_study/baseline/results/HARK_n_sep+pf_IPD/official_hark_outputs/fileid_65/hark_raw_fileid_65',0,4.259172190999379,/mnt/d/邵鹏远/UCL/博1/code/audition_pipeline/ablation_study/baseline/results/HARK_n_sep+pf_IPD/official_hark_logs/hark_fileid_65.stdout.log,/mnt/d/邵鹏远/UCL/博1/code/audition_pipeline/ablation_study/baseline/results/HARK_n_sep+pf_IPD/official_hark_logs/hark_fileid_65.stderr.log,3
66,/mnt/d/邵鹏远/UCL/博1/code/audition_pipeline/data/dataset_4mic_3spk/Eval/mic/mic_fileid_66_doa58_3spk.wav,"92,190,248",/mnt/d/邵鹏远/UCL/博1/code/audition_pipeline/ablation_study/baseline/results/HARK_n_sep+pf_IPD/official_hark_outputs/fileid_66,/mnt/d/邵鹏远/UCL/博1/code/audition_pipeline/ablation_study/baseline/results/HARK_n_sep+pf_IPD/official_hark_outputs/fileid_66/hark_raw_fileid_66,batchflow '/mnt/d/邵鹏远/UCL/博1/code/audition_pipeline/ablation_study/baseline/results/HARK_n_sep+pf_IPD/official_hark_outputs/fileid_66/runtime_fileid_66.n' '/mnt/d/邵鹏远/UCL/博1/code/audition_pipeline/data/dataset_4mic_3spk/Eval/mic/mic_fileid_66_doa58_3spk.wav' '/mnt/d/邵鹏远/UCL/博1/code/audition_pipeline/ablation_study/baseline/results/HARK_n_sep+pf_IPD/official_hark_outputs/fileid_66/hark_raw_fileid_66',0,5.542605913999978,/mnt/d/邵鹏远/UCL/博1/code/audition_pipeline/ablation_study/baseline/results/HARK_n_sep+pf_IPD/official_hark_logs/hark_fileid_66.stdout.log,/mnt/d/邵鹏远/UCL/博1/code/audition_pipeline/ablation_study/baseline/results/HARK_n_sep+pf_IPD/official_hark_logs/hark_fileid_66.stderr.log,3
67,/mnt/d/邵鹏远/UCL/博1/code/audition_pipeline/data/dataset_4mic_3spk/Eval/mic/mic_fileid_67_doa77_3spk.wav,"80,270,333",/mnt/d/邵鹏远/UCL/博1/code/audition_pipeline/ablation_study/baseline/results/HARK_n_sep+pf_IPD/official_hark_outputs/fileid_67,/mnt/d/邵鹏远/UCL/博1/code/audition_pipeline/ablation_study/baseline/results/HARK_n_sep+pf_IPD/official_hark_outputs/fileid_67/hark_raw_fileid_67,batchflow '/mnt/d/邵鹏远/UCL/博1/code/audition_pipeline/ablation_study/baseline/results/HARK_n_sep+pf_IPD/official_hark_outputs/fileid_67/runtime_fileid_67.n' '/mnt/d/邵鹏远/UCL/博1/code/audition_pipeline/data/dataset_4mic_3spk/Eval/mic/mic_fileid_67_doa77_3spk.wav' '/mnt/d/邵鹏远/UCL/博1/code/audition_pipeline/ablation_study/baseline/results/HARK_n_sep+pf_IPD/official_hark_outputs/fileid_67/hark_raw_fileid_67',0,4.560027306999473,/mnt/d/邵鹏远/UCL/博1/code/audition_pipeline/ablation_study/baseline/results/HARK_n_sep+pf_IPD/official_hark_logs/hark_fileid_67.stdout.log,/mnt/d/邵鹏远/UCL/博1/code/audition_pipeline/ablation_study/baseline/results/HARK_n_sep+pf_IPD/official_hark_logs/hark_fileid_67.stderr.log,3
68,/mnt/d/邵鹏远/UCL/博1/code/audition_pipeline/data/dataset_4mic_3spk/Eval/mic/mic_fileid_68_doa31_3spk.wav,"35,274,355",/mnt/d/邵鹏远/UCL/博1/code/audition_pipeline/ablation_study/baseline/results/HARK_n_sep+pf_IPD/official_hark_outputs/fileid_68,/mnt/d/邵鹏远/UCL/博1/code/audition_pipeline/ablation_study/baseline/results/HARK_n_sep+pf_IPD/official_hark_outputs/fileid_68/hark_raw_fileid_68,batchflow '/mnt/d/邵鹏远/UCL/博1/code/audition_pipeline/ablation_study/baseline/results/HARK_n_sep+pf_IPD/official_hark_outputs/fileid_68/runtime_fileid_68.n' '/mnt/d/邵鹏远/UCL/博1/code/audition_pipeline/data/dataset_4mic_3spk/Eval/mic/mic_fileid_68_doa31_3spk.wav' '/mnt/d/邵鹏远/UCL/博1/code/audition_pipeline/ablation_study/baseline/results/HARK_n_sep+pf_IPD/official_hark_outputs/fileid_68/hark_raw_fileid_68',0,4.428465492000214,/mnt/d/邵鹏远/UCL/博1/code/audition_pipeline/ablation_study/baseline/results/HARK_n_sep+pf_IPD/official_hark_logs/hark_fileid_68.stdout.log,/mnt/d/邵鹏远/UCL/博1/code/audition_pipeline/ablation_study/baseline/results/HARK_n_sep+pf_IPD/official_hark_logs/hark_fileid_68.stderr.log,3
69,/mnt/d/邵鹏远/UCL/博1/code/audition_pipeline/data/dataset_4mic_3spk/Eval/mic/mic_fileid_69_doa229_3spk.wav,"227,304,334",/mnt/d/邵鹏远/UCL/博1/code/audition_pipeline/ablation_study/baseline/results/HARK_n_sep+pf_IPD/official_hark_outputs/fileid_69,/mnt/d/邵鹏远/UCL/博1/code/audition_pipeline/ablation_study/baseline/results/HARK_n_sep+pf_IPD/official_hark_outputs/fileid_69/hark_raw_fileid_69,batchflow '/mnt/d/邵鹏远/UCL/博1/code/audition_pipeline/ablation_study/baseline/results/HARK_n_sep+pf_IPD/official_hark_outputs/fileid_69/runtime_fileid_69.n' '/mnt/d/邵鹏远/UCL/博1/code/audition_pipeline/data/dataset_4mic_3spk/Eval/mic/mic_fileid_69_doa229_3spk.wav' '/mnt/d/邵鹏远/UCL/博1/code/audition_pipeline/ablation_study/baseline/results/HARK_n_sep+pf_IPD/official_hark_outputs/fileid_69/hark_raw_fileid_69',0,4.243883260000075,/mnt/d/邵鹏远/UCL/博1/code/audition_pipeline/ablation_study/baseline/results/HARK_n_sep+pf_IPD/official_hark_logs/hark_fileid_69.stdout.log,/mnt/d/邵鹏远/UCL/博1/code/audition_pipeline/ablation_study/baseline/results/HARK_n_sep+pf_IPD/official_hark_logs/hark_fileid_69.stderr.log,3
70,/mnt/d/邵鹏远/UCL/博1/code/audition_pipeline/data/dataset_4mic_3spk/Eval/mic/mic_fileid_70_doa238_3spk.wav,"238,287,345",/mnt/d/邵鹏远/UCL/博1/code/audition_pipeline/ablation_study/baseline/results/HARK_n_sep+pf_IPD/official_hark_outputs/fileid_70,/mnt/d/邵鹏远/UCL/博1/code/audition_pipeline/ablation_study/baseline/results/HARK_n_sep+pf_IPD/official_hark_outputs/fileid_70/hark_raw_fileid_70,batchflow '/mnt/d/邵鹏远/UCL/博1/code/audition_pipeline/ablation_study/baseline/results/HARK_n_sep+pf_IPD/official_hark_outputs/fileid_70/runtime_fileid_70.n' '/mnt/d/邵鹏远/UCL/博1/code/audition_pipeline/data/dataset_4mic_3spk/Eval/mic/mic_fileid_70_doa238_3spk.wav' '/mnt/d/邵鹏远/UCL/博1/code/audition_pipeline/ablation_study/baseline/results/HARK_n_sep+pf_IPD/official_hark_outputs/fileid_70/hark_raw_fileid_70',0,4.779408050999336,/mnt/d/邵鹏远/UCL/博1/code/audition_pipeline/ablation_study/baseline/results/HARK_n_sep+pf_IPD/official_hark_logs/hark_fileid_70.stdout.log,/mnt/d/邵鹏远/UCL/博1/code/audition_pipeline/ablation_study/baseline/results/HARK_n_sep+pf_IPD/official_hark_logs/hark_fileid_70.stderr.log,3
71,/mnt/d/邵鹏远/UCL/博1/code/audition_pipeline/data/dataset_4mic_3spk/Eval/mic/mic_fileid_71_doa92_3spk.wav,"111,265,354",/mnt/d/邵鹏远/UCL/博1/code/audition_pipeline/ablation_study/baseline/results/HARK_n_sep+pf_IPD/official_hark_outputs/fileid_71,/mnt/d/邵鹏远/UCL/博1/code/audition_pipeline/ablation_study/baseline/results/HARK_n_sep+pf_IPD/official_hark_outputs/fileid_71/hark_raw_fileid_71,batchflow '/mnt/d/邵鹏远/UCL/博1/code/audition_pipeline/ablation_study/baseline/results/HARK_n_sep+pf_IPD/official_hark_outputs/fileid_71/runtime_fileid_71.n' '/mnt/d/邵鹏远/UCL/博1/code/audition_pipeline/data/dataset_4mic_3spk/Eval/mic/mic_fileid_71_doa92_3spk.wav' '/mnt/d/邵鹏远/UCL/博1/code/audition_pipeline/ablation_study/baseline/results/HARK_n_sep+pf_IPD/official_hark_outputs/fileid_71/hark_raw_fileid_71',0,4.717184446000829,/mnt/d/邵鹏远/UCL/博1/code/audition_pipeline/ablation_study/baseline/results/HARK_n_sep+pf_IPD/official_hark_logs/hark_fileid_71.stdout.log,/mnt/d/邵鹏远/UCL/博1/code/audition_pipeline/ablation_study/baseline/results/HARK_n_sep+pf_IPD/official_hark_logs/hark_fileid_71.stderr.log,3
72,/mnt/d/邵鹏远/UCL/博1/code/audition_pipeline/data/dataset_4mic_3spk/Eval/mic/mic_fileid_72_doa57_3spk.wav,"37,121,225",/mnt/d/邵鹏远/UCL/博1/code/audition_pipeline/ablation_study/baseline/results/HARK_n_sep+pf_IPD/official_hark_outputs/fileid_72,/mnt/d/邵鹏远/UCL/博1/code/audition_pipeline/ablation_study/baseline/results/HARK_n_sep+pf_IPD/official_hark_outputs/fileid_72/hark_raw_fileid_72,batchflow '/mnt/d/邵鹏远/UCL/博1/code/audition_pipeline/ablation_study/baseline/results/HARK_n_sep+pf_IPD/official_hark_outputs/fileid_72/runtime_fileid_72.n' '/mnt/d/邵鹏远/UCL/博1/code/audition_pipeline/data/dataset_4mic_3spk/Eval/mic/mic_fileid_72_doa57_3spk.wav' '/mnt/d/邵鹏远/UCL/博1/code/audition_pipeline/ablation_study/baseline/results/HARK_n_sep+pf_IPD/official_hark_outputs/fileid_72/hark_raw_fileid_72',0,4.454797260000305,/mnt/d/邵鹏远/UCL/博1/code/audition_pipeline/ablation_study/baseline/results/HARK_n_sep+pf_IPD/official_hark_logs/hark_fileid_72.stdout.log,/mnt/d/邵鹏远/UCL/博1/code/audition_pipeline/ablation_study/baseline/results/HARK_n_sep+pf_IPD/official_hark_logs/hark_fileid_72.stderr.log,3
73,/mnt/d/邵鹏远/UCL/博1/code/audition_pipeline/data/dataset_4mic_3spk/Eval/mic/mic_fileid_73_doa97_3spk.wav,"98,125,235",/mnt/d/邵鹏远/UCL/博1/code/audition_pipeline/ablation_study/baseline/results/HARK_n_sep+pf_IPD/official_hark_outputs/fileid_73,/mnt/d/邵鹏远/UCL/博1/code/audition_pipeline/ablation_study/baseline/results/HARK_n_sep+pf_IPD/official_hark_outputs/fileid_73/hark_raw_fileid_73,batchflow '/mnt/d/邵鹏远/UCL/博1/code/audition_pipeline/ablation_study/baseline/results/HARK_n_sep+pf_IPD/official_hark_outputs/fileid_73/runtime_fileid_73.n' '/mnt/d/邵鹏远/UCL/博1/code/audition_pipeline/data/dataset_4mic_3spk/Eval/mic/mic_fileid_73_doa97_3spk.wav' '/mnt/d/邵鹏远/UCL/博1/code/audition_pipeline/ablation_study/baseline/results/HARK_n_sep+pf_IPD/official_hark_outputs/fileid_73/hark_raw_fileid_73',0,3.8558231349998096,/mnt/d/邵鹏远/UCL/博1/code/audition_pipeline/ablation_study/baseline/results/HARK_n_sep+pf_IPD/official_hark_logs/hark_fileid_73.stdout.log,/mnt/d/邵鹏远/UCL/博1/code/audition_pipeline/ablation_study/baseline/results/HARK_n_sep+pf_IPD/official_hark_logs/hark_fileid_73.stderr.log,3
74,/mnt/d/邵鹏远/UCL/博1/code/audition_pipeline/data/dataset_4mic_3spk/Eval/mic/mic_fileid_74_doa76_3spk.wav,"79,115,170",/mnt/d/邵鹏远/UCL/博1/code/audition_pipeline/ablation_study/baseline/results/HARK_n_sep+pf_IPD/official_hark_outputs/fileid_74,/mnt/d/邵鹏远/UCL/博1/code/audition_pipeline/ablation_study/baseline/results/HARK_n_sep+pf_IPD/official_hark_outputs/fileid_74/hark_raw_fileid_74,batchflow '/mnt/d/邵鹏远/UCL/博1/code/audition_pipeline/ablation_study/baseline/results/HARK_n_sep+pf_IPD/official_hark_outputs/fileid_74/runtime_fileid_74.n' '/mnt/d/邵鹏远/UCL/博1/code/audition_pipeline/data/dataset_4mic_3spk/Eval/mic/mic_fileid_74_doa76_3spk.wav' '/mnt/d/邵鹏远/UCL/博1/code/audition_pipeline/ablation_study/baseline/results/HARK_n_sep+pf_IPD/official_hark_outputs/fileid_74/hark_raw_fileid_74',0,4.522765259999687,/mnt/d/邵鹏远/UCL/博1/code/audition_pipeline/ablation_study/baseline/results/HARK_n_sep+pf_IPD/official_hark_logs/hark_fileid_74.stdout.log,/mnt/d/邵鹏远/UCL/博1/code/audition_pipeline/ablation_study/baseline/results/HARK_n_sep+pf_IPD/official_hark_logs/hark_fileid_74.stderr.log,3
75,/mnt/d/邵鹏远/UCL/博1/code/audition_pipeline/data/dataset_4mic_3spk/Eval/mic/mic_fileid_75_doa172_3spk.wav,"174,204,242",/mnt/d/邵鹏远/UCL/博1/code/audition_pipeline/ablation_study/baseline/results/HARK_n_sep+pf_IPD/official_hark_outputs/fileid_75,/mnt/d/邵鹏远/UCL/博1/code/audition_pipeline/ablation_study/baseline/results/HARK_n_sep+pf_IPD/official_hark_outputs/fileid_75/hark_raw_fileid_75,batchflow '/mnt/d/邵鹏远/UCL/博1/code/audition_pipeline/ablation_study/baseline/results/HARK_n_sep+pf_IPD/official_hark_outputs/fileid_75/runtime_fileid_75.n' '/mnt/d/邵鹏远/UCL/博1/code/audition_pipeline/data/dataset_4mic_3spk/Eval/mic/mic_fileid_75_doa172_3spk.wav' '/mnt/d/邵鹏远/UCL/博1/code/audition_pipeline/ablation_study/baseline/results/HARK_n_sep+pf_IPD/official_hark_outputs/fileid_75/hark_raw_fileid_75',0,4.534002844000497,/mnt/d/邵鹏远/UCL/博1/code/audition_pipeline/ablation_study/baseline/results/HARK_n_sep+pf_IPD/official_hark_logs/hark_fileid_75.stdout.log,/mnt/d/邵鹏远/UCL/博1/code/audition_pipeline/ablation_study/baseline/results/HARK_n_sep+pf_IPD/official_hark_logs/hark_fileid_75.stderr.log,3
76,/mnt/d/邵鹏远/UCL/博1/code/audition_pipeline/data/dataset_4mic_3spk/Eval/mic/mic_fileid_76_doa66_3spk.wav,"69,178,257",/mnt/d/邵鹏远/UCL/博1/code/audition_pipeline/ablation_study/baseline/results/HARK_n_sep+pf_IPD/official_hark_outputs/fileid_76,/mnt/d/邵鹏远/UCL/博1/code/audition_pipeline/ablation_study/baseline/results/HARK_n_sep+pf_IPD/official_hark_outputs/fileid_76/hark_raw_fileid_76,batchflow '/mnt/d/邵鹏远/UCL/博1/code/audition_pipeline/ablation_study/baseline/results/HARK_n_sep+pf_IPD/official_hark_outputs/fileid_76/runtime_fileid_76.n' '/mnt/d/邵鹏远/UCL/博1/code/audition_pipeline/data/dataset_4mic_3spk/Eval/mic/mic_fileid_76_doa66_3spk.wav' '/mnt/d/邵鹏远/UCL/博1/code/audition_pipeline/ablation_study/baseline/results/HARK_n_sep+pf_IPD/official_hark_outputs/fileid_76/hark_raw_fileid_76',0,4.364850668999679,/mnt/d/邵鹏远/UCL/博1/code/audition_pipeline/ablation_study/baseline/results/HARK_n_sep+pf_IPD/official_hark_logs/hark_fileid_76.stdout.log,/mnt/d/邵鹏远/UCL/博1/code/audition_pipeline/ablation_study/baseline/results/HARK_n_sep+pf_IPD/official_hark_logs/hark_fileid_76.stderr.log,3
77,/mnt/d/邵鹏远/UCL/博1/code/audition_pipeline/data/dataset_4mic_3spk/Eval/mic/mic_fileid_77_doa164_3spk.wav,"165,266,345",/mnt/d/邵鹏远/UCL/博1/code/audition_pipeline/ablation_study/baseline/results/HARK_n_sep+pf_IPD/official_hark_outputs/fileid_77,/mnt/d/邵鹏远/UCL/博1/code/audition_pipeline/ablation_study/baseline/results/HARK_n_sep+pf_IPD/official_hark_outputs/fileid_77/hark_raw_fileid_77,batchflow '/mnt/d/邵鹏远/UCL/博1/code/audition_pipeline/ablation_study/baseline/results/HARK_n_sep+pf_IPD/official_hark_outputs/fileid_77/runtime_fileid_77.n' '/mnt/d/邵鹏远/UCL/博1/code/audition_pipeline/data/dataset_4mic_3spk/Eval/mic/mic_fileid_77_doa164_3spk.wav' '/mnt/d/邵鹏远/UCL/博1/code/audition_pipeline/ablation_study/baseline/results/HARK_n_sep+pf_IPD/official_hark_outputs/fileid_77/hark_raw_fileid_77',0,4.050639074000173,/mnt/d/邵鹏远/UCL/博1/code/audition_pipeline/ablation_study/baseline/results/HARK_n_sep+pf_IPD/official_hark_logs/hark_fileid_77.stdout.log,/mnt/d/邵鹏远/UCL/博1/code/audition_pipeline/ablation_study/baseline/results/HARK_n_sep+pf_IPD/official_hark_logs/hark_fileid_77.stderr.log,3
78,/mnt/d/邵鹏远/UCL/博1/code/audition_pipeline/data/dataset_4mic_3spk/Eval/mic/mic_fileid_78_doa78_3spk.wav,"216,267,331",/mnt/d/邵鹏远/UCL/博1/code/audition_pipeline/ablation_study/baseline/results/HARK_n_sep+pf_IPD/official_hark_outputs/fileid_78,/mnt/d/邵鹏远/UCL/博1/code/audition_pipeline/ablation_study/baseline/results/HARK_n_sep+pf_IPD/official_hark_outputs/fileid_78/hark_raw_fileid_78,batchflow '/mnt/d/邵鹏远/UCL/博1/code/audition_pipeline/ablation_study/baseline/results/HARK_n_sep+pf_IPD/official_hark_outputs/fileid_78/runtime_fileid_78.n' '/mnt/d/邵鹏远/UCL/博1/code/audition_pipeline/data/dataset_4mic_3spk/Eval/mic/mic_fileid_78_doa78_3spk.wav' '/mnt/d/邵鹏远/UCL/博1/code/audition_pipeline/ablation_study/baseline/results/HARK_n_sep+pf_IPD/official_hark_outputs/fileid_78/hark_raw_fileid_78',0,4.364453578999928,/mnt/d/邵鹏远/UCL/博1/code/audition_pipeline/ablation_study/baseline/results/HARK_n_sep+pf_IPD/official_hark_logs/hark_fileid_78.stdout.log,/mnt/d/邵鹏远/UCL/博1/code/audition_pipeline/ablation_study/baseline/results/HARK_n_sep+pf_IPD/official_hark_logs/hark_fileid_78.stderr.log,3
79,/mnt/d/邵鹏远/UCL/博1/code/audition_pipeline/data/dataset_4mic_3spk/Eval/mic/mic_fileid_79_doa98_3spk.wav,"114,246,322",/mnt/d/邵鹏远/UCL/博1/code/audition_pipeline/ablation_study/baseline/results/HARK_n_sep+pf_IPD/official_hark_outputs/fileid_79,/mnt/d/邵鹏远/UCL/博1/code/audition_pipeline/ablation_study/baseline/results/HARK_n_sep+pf_IPD/official_hark_outputs/fileid_79/hark_raw_fileid_79,batchflow '/mnt/d/邵鹏远/UCL/博1/code/audition_pipeline/ablation_study/baseline/results/HARK_n_sep+pf_IPD/official_hark_outputs/fileid_79/runtime_fileid_79.n' '/mnt/d/邵鹏远/UCL/博1/code/audition_pipeline/data/dataset_4mic_3spk/Eval/mic/mic_fileid_79_doa98_3spk.wav' '/mnt/d/邵鹏远/UCL/博1/code/audition_pipeline/ablation_study/baseline/results/HARK_n_sep+pf_IPD/official_hark_outputs/fileid_79/hark_raw_fileid_79',0,4.16050105999966,/mnt/d/邵鹏远/UCL/博1/code/audition_pipeline/ablation_study/baseline/results/HARK_n_sep+pf_IPD/official_hark_logs/hark_fileid_79.stdout.log,/mnt/d/邵鹏远/UCL/博1/code/audition_pipeline/ablation_study/baseline/results/HARK_n_sep+pf_IPD/official_hark_logs/hark_fileid_79.stderr.log,3
80,/mnt/d/邵鹏远/UCL/博1/code/audition_pipeline/data/dataset_4mic_3spk/Eval/mic/mic_fileid_80_doa69_3spk.wav,"70,254,299",/mnt/d/邵鹏远/UCL/博1/code/audition_pipeline/ablation_study/baseline/results/HARK_n_sep+pf_IPD/official_hark_outputs/fileid_80,/mnt/d/邵鹏远/UCL/博1/code/audition_pipeline/ablation_study/baseline/results/HARK_n_sep+pf_IPD/official_hark_outputs/fileid_80/hark_raw_fileid_80,batchflow '/mnt/d/邵鹏远/UCL/博1/code/audition_pipeline/ablation_study/baseline/results/HARK_n_sep+pf_IPD/official_hark_outputs/fileid_80/runtime_fileid_80.n' '/mnt/d/邵鹏远/UCL/博1/code/audition_pipeline/data/dataset_4mic_3spk/Eval/mic/mic_fileid_80_doa69_3spk.wav' '/mnt/d/邵鹏远/UCL/博1/code/audition_pipeline/ablation_study/baseline/results/HARK_n_sep+pf_IPD/official_hark_outputs/fileid_80/hark_raw_fileid_80',0,4.548170630999266,/mnt/d/邵鹏远/UCL/博1/code/audition_pipeline/ablation_study/baseline/results/HARK_n_sep+pf_IPD/official_hark_logs/hark_fileid_80.stdout.log,/mnt/d/邵鹏远/UCL/博1/code/audition_pipeline/ablation_study/baseline/results/HARK_n_sep+pf_IPD/official_hark_logs/hark_fileid_80.stderr.log,3
81,/mnt/d/邵鹏远/UCL/博1/code/audition_pipeline/data/dataset_4mic_3spk/Eval/mic/mic_fileid_81_doa77_3spk.wav,"72,192,282",/mnt/d/邵鹏远/UCL/博1/code/audition_pipeline/ablation_study/baseline/results/HARK_n_sep+pf_IPD/official_hark_outputs/fileid_81,/mnt/d/邵鹏远/UCL/博1/code/audition_pipeline/ablation_study/baseline/results/HARK_n_sep+pf_IPD/official_hark_outputs/fileid_81/hark_raw_fileid_81,batchflow '/mnt/d/邵鹏远/UCL/博1/code/audition_pipeline/ablation_study/baseline/results/HARK_n_sep+pf_IPD/official_hark_outputs/fileid_81/runtime_fileid_81.n' '/mnt/d/邵鹏远/UCL/博1/code/audition_pipeline/data/dataset_4mic_3spk/Eval/mic/mic_fileid_81_doa77_3spk.wav' '/mnt/d/邵鹏远/UCL/博1/code/audition_pipeline/ablation_study/baseline/results/HARK_n_sep+pf_IPD/official_hark_outputs/fileid_81/hark_raw_fileid_81',0,3.9365452479996748,/mnt/d/邵鹏远/UCL/博1/code/audition_pipeline/ablation_study/baseline/results/HARK_n_sep+pf_IPD/official_hark_logs/hark_fileid_81.stdout.log,/mnt/d/邵鹏远/UCL/博1/code/audition_pipeline/ablation_study/baseline/results/HARK_n_sep+pf_IPD/official_hark_logs/hark_fileid_81.stderr.log,3
82,/mnt/d/邵鹏远/UCL/博1/code/audition_pipeline/data/dataset_4mic_3spk/Eval/mic/mic_fileid_82_doa185_3spk.wav,"188,244,352",/mnt/d/邵鹏远/UCL/博1/code/audition_pipeline/ablation_study/baseline/results/HARK_n_sep+pf_IPD/official_hark_outputs/fileid_82,/mnt/d/邵鹏远/UCL/博1/code/audition_pipeline/ablation_study/baseline/results/HARK_n_sep+pf_IPD/official_hark_outputs/fileid_82/hark_raw_fileid_82,batchflow '/mnt/d/邵鹏远/UCL/博1/code/audition_pipeline/ablation_study/baseline/results/HARK_n_sep+pf_IPD/official_hark_outputs/fileid_82/runtime_fileid_82.n' '/mnt/d/邵鹏远/UCL/博1/code/audition_pipeline/data/dataset_4mic_3spk/Eval/mic/mic_fileid_82_doa185_3spk.wav' '/mnt/d/邵鹏远/UCL/博1/code/audition_pipeline/ablation_study/baseline/results/HARK_n_sep+pf_IPD/official_hark_outputs/fileid_82/hark_raw_fileid_82',0,4.240572185000019,/mnt/d/邵鹏远/UCL/博1/code/audition_pipeline/ablation_study/baseline/results/HARK_n_sep+pf_IPD/official_hark_logs/hark_fileid_82.stdout.log,/mnt/d/邵鹏远/UCL/博1/code/audition_pipeline/ablation_study/baseline/results/HARK_n_sep+pf_IPD/official_hark_logs/hark_fileid_82.stderr.log,3
83,/mnt/d/邵鹏远/UCL/博1/code/audition_pipeline/data/dataset_4mic_3spk/Eval/mic/mic_fileid_83_doa43_3spk.wav,"43,97,208",/mnt/d/邵鹏远/UCL/博1/code/audition_pipeline/ablation_study/baseline/results/HARK_n_sep+pf_IPD/official_hark_outputs/fileid_83,/mnt/d/邵鹏远/UCL/博1/code/audition_pipeline/ablation_study/baseline/results/HARK_n_sep+pf_IPD/official_hark_outputs/fileid_83/hark_raw_fileid_83,batchflow '/mnt/d/邵鹏远/UCL/博1/code/audition_pipeline/ablation_study/baseline/results/HARK_n_sep+pf_IPD/official_hark_outputs/fileid_83/runtime_fileid_83.n' '/mnt/d/邵鹏远/UCL/博1/code/audition_pipeline/data/dataset_4mic_3spk/Eval/mic/mic_fileid_83_doa43_3spk.wav' '/mnt/d/邵鹏远/UCL/博1/code/audition_pipeline/ablation_study/baseline/results/HARK_n_sep+pf_IPD/official_hark_outputs/fileid_83/hark_raw_fileid_83',0,4.611804823000057,/mnt/d/邵鹏远/UCL/博1/code/audition_pipeline/ablation_study/baseline/results/HARK_n_sep+pf_IPD/official_hark_logs/hark_fileid_83.stdout.log,/mnt/d/邵鹏远/UCL/博1/code/audition_pipeline/ablation_study/baseline/results/HARK_n_sep+pf_IPD/official_hark_logs/hark_fileid_83.stderr.log,3
84,/mnt/d/邵鹏远/UCL/博1/code/audition_pipeline/data/dataset_4mic_3spk/Eval/mic/mic_fileid_84_doa2_3spk.wav,"8,42,123",/mnt/d/邵鹏远/UCL/博1/code/audition_pipeline/ablation_study/baseline/results/HARK_n_sep+pf_IPD/official_hark_outputs/fileid_84,/mnt/d/邵鹏远/UCL/博1/code/audition_pipeline/ablation_study/baseline/results/HARK_n_sep+pf_IPD/official_hark_outputs/fileid_84/hark_raw_fileid_84,batchflow '/mnt/d/邵鹏远/UCL/博1/code/audition_pipeline/ablation_study/baseline/results/HARK_n_sep+pf_IPD/official_hark_outputs/fileid_84/runtime_fileid_84.n' '/mnt/d/邵鹏远/UCL/博1/code/audition_pipeline/data/dataset_4mic_3spk/Eval/mic/mic_fileid_84_doa2_3spk.wav' '/mnt/d/邵鹏远/UCL/博1/code/audition_pipeline/ablation_study/baseline/results/HARK_n_sep+pf_IPD/official_hark_outputs/fileid_84/hark_raw_fileid_84',0,4.679571742000007,/mnt/d/邵鹏远/UCL/博1/code/audition_pipeline/ablation_study/baseline/results/HARK_n_sep+pf_IPD/official_hark_logs/hark_fileid_84.stdout.log,/mnt/d/邵鹏远/UCL/博1/code/audition_pipeline/ablation_study/baseline/results/HARK_n_sep+pf_IPD/official_hark_logs/hark_fileid_84.stderr.log,3
85,/mnt/d/邵鹏远/UCL/博1/code/audition_pipeline/data/dataset_4mic_3spk/Eval/mic/mic_fileid_85_doa23_3spk.wav,"23,140,173",/mnt/d/邵鹏远/UCL/博1/code/audition_pipeline/ablation_study/baseline/results/HARK_n_sep+pf_IPD/official_hark_outputs/fileid_85,/mnt/d/邵鹏远/UCL/博1/code/audition_pipeline/ablation_study/baseline/results/HARK_n_sep+pf_IPD/official_hark_outputs/fileid_85/hark_raw_fileid_85,batchflow '/mnt/d/邵鹏远/UCL/博1/code/audition_pipeline/ablation_study/baseline/results/HARK_n_sep+pf_IPD/official_hark_outputs/fileid_85/runtime_fileid_85.n' '/mnt/d/邵鹏远/UCL/博1/code/audition_pipeline/data/dataset_4mic_3spk/Eval/mic/mic_fileid_85_doa23_3spk.wav' '/mnt/d/邵鹏远/UCL/博1/code/audition_pipeline/ablation_study/baseline/results/HARK_n_sep+pf_IPD/official_hark_outputs/fileid_85/hark_raw_fileid_85',0,4.440144562000569,/mnt/d/邵鹏远/UCL/博1/code/audition_pipeline/ablation_study/baseline/results/HARK_n_sep+pf_IPD/official_hark_logs/hark_fileid_85.stdout.log,/mnt/d/邵鹏远/UCL/博1/code/audition_pipeline/ablation_study/baseline/results/HARK_n_sep+pf_IPD/official_hark_logs/hark_fileid_85.stderr.log,3
86,/mnt/d/邵鹏远/UCL/博1/code/audition_pipeline/data/dataset_4mic_3spk/Eval/mic/mic_fileid_86_doa84_3spk.wav,"193,268,290",/mnt/d/邵鹏远/UCL/博1/code/audition_pipeline/ablation_study/baseline/results/HARK_n_sep+pf_IPD/official_hark_outputs/fileid_86,/mnt/d/邵鹏远/UCL/博1/code/audition_pipeline/ablation_study/baseline/results/HARK_n_sep+pf_IPD/official_hark_outputs/fileid_86/hark_raw_fileid_86,batchflow '/mnt/d/邵鹏远/UCL/博1/code/audition_pipeline/ablation_study/baseline/results/HARK_n_sep+pf_IPD/official_hark_outputs/fileid_86/runtime_fileid_86.n' '/mnt/d/邵鹏远/UCL/博1/code/audition_pipeline/data/dataset_4mic_3spk/Eval/mic/mic_fileid_86_doa84_3spk.wav' '/mnt/d/邵鹏远/UCL/博1/code/audition_pipeline/ablation_study/baseline/results/HARK_n_sep+pf_IPD/official_hark_outputs/fileid_86/hark_raw_fileid_86',0,4.4014270799998485,/mnt/d/邵鹏远/UCL/博1/code/audition_pipeline/ablation_study/baseline/results/HARK_n_sep+pf_IPD/official_hark_logs/hark_fileid_86.stdout.log,/mnt/d/邵鹏远/UCL/博1/code/audition_pipeline/ablation_study/baseline/results/HARK_n_sep+pf_IPD/official_hark_logs/hark_fileid_86.stderr.log,3
87,/mnt/d/邵鹏远/UCL/博1/code/audition_pipeline/data/dataset_4mic_3spk/Eval/mic/mic_fileid_87_doa124_3spk.wav,"1,115,300",/mnt/d/邵鹏远/UCL/博1/code/audition_pipeline/ablation_study/baseline/results/HARK_n_sep+pf_IPD/official_hark_outputs/fileid_87,/mnt/d/邵鹏远/UCL/博1/code/audition_pipeline/ablation_study/baseline/results/HARK_n_sep+pf_IPD/official_hark_outputs/fileid_87/hark_raw_fileid_87,batchflow '/mnt/d/邵鹏远/UCL/博1/code/audition_pipeline/ablation_study/baseline/results/HARK_n_sep+pf_IPD/official_hark_outputs/fileid_87/runtime_fileid_87.n' '/mnt/d/邵鹏远/UCL/博1/code/audition_pipeline/data/dataset_4mic_3spk/Eval/mic/mic_fileid_87_doa124_3spk.wav' '/mnt/d/邵鹏远/UCL/博1/code/audition_pipeline/ablation_study/baseline/results/HARK_n_sep+pf_IPD/official_hark_outputs/fileid_87/hark_raw_fileid_87',0,4.681520791000366,/mnt/d/邵鹏远/UCL/博1/code/audition_pipeline/ablation_study/baseline/results/HARK_n_sep+pf_IPD/official_hark_logs/hark_fileid_87.stdout.log,/mnt/d/邵鹏远/UCL/博1/code/audition_pipeline/ablation_study/baseline/results/HARK_n_sep+pf_IPD/official_hark_logs/hark_fileid_87.stderr.log,3
88,/mnt/d/邵鹏远/UCL/博1/code/audition_pipeline/data/dataset_4mic_3spk/Eval/mic/mic_fileid_88_doa31_3spk.wav,"28,129,346",/mnt/d/邵鹏远/UCL/博1/code/audition_pipeline/ablation_study/baseline/results/HARK_n_sep+pf_IPD/official_hark_outputs/fileid_88,/mnt/d/邵鹏远/UCL/博1/code/audition_pipeline/ablation_study/baseline/results/HARK_n_sep+pf_IPD/official_hark_outputs/fileid_88/hark_raw_fileid_88,batchflow '/mnt/d/邵鹏远/UCL/博1/code/audition_pipeline/ablation_study/baseline/results/HARK_n_sep+pf_IPD/official_hark_outputs/fileid_88/runtime_fileid_88.n' '/mnt/d/邵鹏远/UCL/博1/code/audition_pipeline/data/dataset_4mic_3spk/Eval/mic/mic_fileid_88_doa31_3spk.wav' '/mnt/d/邵鹏远/UCL/博1/code/audition_pipeline/ablation_study/baseline/results/HARK_n_sep+pf_IPD/official_hark_outputs/fileid_88/hark_raw_fileid_88',0,4.341264714999852,/mnt/d/邵鹏远/UCL/博1/code/audition_pipeline/ablation_study/baseline/results/HARK_n_sep+pf_IPD/official_hark_logs/hark_fileid_88.stdout.log,/mnt/d/邵鹏远/UCL/博1/code/audition_pipeline/ablation_study/baseline/results/HARK_n_sep+pf_IPD/official_hark_logs/hark_fileid_88.stderr.log,3
89,/mnt/d/邵鹏远/UCL/博1/code/audition_pipeline/data/dataset_4mic_3spk/Eval/mic/mic_fileid_89_doa150_3spk.wav,"146,225,278",/mnt/d/邵鹏远/UCL/博1/code/audition_pipeline/ablation_study/baseline/results/HARK_n_sep+pf_IPD/official_hark_outputs/fileid_89,/mnt/d/邵鹏远/UCL/博1/code/audition_pipeline/ablation_study/baseline/results/HARK_n_sep+pf_IPD/official_hark_outputs/fileid_89/hark_raw_fileid_89,batchflow '/mnt/d/邵鹏远/UCL/博1/code/audition_pipeline/ablation_study/baseline/results/HARK_n_sep+pf_IPD/official_hark_outputs/fileid_89/runtime_fileid_89.n' '/mnt/d/邵鹏远/UCL/博1/code/audition_pipeline/data/dataset_4mic_3spk/Eval/mic/mic_fileid_89_doa150_3spk.wav' '/mnt/d/邵鹏远/UCL/博1/code/audition_pipeline/ablation_study/baseline/results/HARK_n_sep+pf_IPD/official_hark_outputs/fileid_89/hark_raw_fileid_89',0,4.498073787000067,/mnt/d/邵鹏远/UCL/博1/code/audition_pipeline/ablation_study/baseline/results/HARK_n_sep+pf_IPD/official_hark_logs/hark_fileid_89.stdout.log,/mnt/d/邵鹏远/UCL/博1/code/audition_pipeline/ablation_study/baseline/results/HARK_n_sep+pf_IPD/official_hark_logs/hark_fileid_89.stderr.log,3
90,/mnt/d/邵鹏远/UCL/博1/code/audition_pipeline/data/dataset_4mic_3spk/Eval/mic/mic_fileid_90_doa49_3spk.wav,"42,174,290",/mnt/d/邵鹏远/UCL/博1/code/audition_pipeline/ablation_study/baseline/results/HARK_n_sep+pf_IPD/official_hark_outputs/fileid_90,/mnt/d/邵鹏远/UCL/博1/code/audition_pipeline/ablation_study/baseline/results/HARK_n_sep+pf_IPD/official_hark_outputs/fileid_90/hark_raw_fileid_90,batchflow '/mnt/d/邵鹏远/UCL/博1/code/audition_pipeline/ablation_study/baseline/results/HARK_n_sep+pf_IPD/official_hark_outputs/fileid_90/runtime_fileid_90.n' '/mnt/d/邵鹏远/UCL/博1/code/audition_pipeline/data/dataset_4mic_3spk/Eval/mic/mic_fileid_90_doa49_3spk.wav' '/mnt/d/邵鹏远/UCL/博1/code/audition_pipeline/ablation_study/baseline/results/HARK_n_sep+pf_IPD/official_hark_outputs/fileid_90/hark_raw_fileid_90',0,4.286211517000083,/mnt/d/邵鹏远/UCL/博1/code/audition_pipeline/ablation_study/baseline/results/HARK_n_sep+pf_IPD/official_hark_logs/hark_fileid_90.stdout.log,/mnt/d/邵鹏远/UCL/博1/code/audition_pipeline/ablation_study/baseline/results/HARK_n_sep+pf_IPD/official_hark_logs/hark_fileid_90.stderr.log,3
91,/mnt/d/邵鹏远/UCL/博1/code/audition_pipeline/data/dataset_4mic_3spk/Eval/mic/mic_fileid_91_doa65_3spk.wav,"74,145,262",/mnt/d/邵鹏远/UCL/博1/code/audition_pipeline/ablation_study/baseline/results/HARK_n_sep+pf_IPD/official_hark_outputs/fileid_91,/mnt/d/邵鹏远/UCL/博1/code/audition_pipeline/ablation_study/baseline/results/HARK_n_sep+pf_IPD/official_hark_outputs/fileid_91/hark_raw_fileid_91,batchflow '/mnt/d/邵鹏远/UCL/博1/code/audition_pipeline/ablation_study/baseline/results/HARK_n_sep+pf_IPD/official_hark_outputs/fileid_91/runtime_fileid_91.n' '/mnt/d/邵鹏远/UCL/博1/code/audition_pipeline/data/dataset_4mic_3spk/Eval/mic/mic_fileid_91_doa65_3spk.wav' '/mnt/d/邵鹏远/UCL/博1/code/audition_pipeline/ablation_study/baseline/results/HARK_n_sep+pf_IPD/official_hark_outputs/fileid_91/hark_raw_fileid_91',0,3.4758785689991782,/mnt/d/邵鹏远/UCL/博1/code/audition_pipeline/ablation_study/baseline/results/HARK_n_sep+pf_IPD/official_hark_logs/hark_fileid_91.stdout.log,/mnt/d/邵鹏远/UCL/博1/code/audition_pipeline/ablation_study/baseline/results/HARK_n_sep+pf_IPD/official_hark_logs/hark_fileid_91.stderr.log,3
92,/mnt/d/邵鹏远/UCL/博1/code/audition_pipeline/data/dataset_4mic_3spk/Eval/mic/mic_fileid_92_doa79_3spk.wav,"225,255,261",/mnt/d/邵鹏远/UCL/博1/code/audition_pipeline/ablation_study/baseline/results/HARK_n_sep+pf_IPD/official_hark_outputs/fileid_92,/mnt/d/邵鹏远/UCL/博1/code/audition_pipeline/ablation_study/baseline/results/HARK_n_sep+pf_IPD/official_hark_outputs/fileid_92/hark_raw_fileid_92,batchflow '/mnt/d/邵鹏远/UCL/博1/code/audition_pipeline/ablation_study/baseline/results/HARK_n_sep+pf_IPD/official_hark_outputs/fileid_92/runtime_fileid_92.n' '/mnt/d/邵鹏远/UCL/博1/code/audition_pipeline/data/dataset_4mic_3spk/Eval/mic/mic_fileid_92_doa79_3spk.wav' '/mnt/d/邵鹏远/UCL/博1/code/audition_pipeline/ablation_study/baseline/results/HARK_n_sep+pf_IPD/official_hark_outputs/fileid_92/hark_raw_fileid_92',0,4.5047709000000395,/mnt/d/邵鹏远/UCL/博1/code/audition_pipeline/ablation_study/baseline/results/HARK_n_sep+pf_IPD/official_hark_logs/hark_fileid_92.stdout.log,/mnt/d/邵鹏远/UCL/博1/code/audition_pipeline/ablation_study/baseline/results/HARK_n_sep+pf_IPD/official_hark_logs/hark_fileid_92.stderr.log,3
93,/mnt/d/邵鹏远/UCL/博1/code/audition_pipeline/data/dataset_4mic_3spk/Eval/mic/mic_fileid_93_doa3_3spk.wav,"6,41,167",/mnt/d/邵鹏远/UCL/博1/code/audition_pipeline/ablation_study/baseline/results/HARK_n_sep+pf_IPD/official_hark_outputs/fileid_93,/mnt/d/邵鹏远/UCL/博1/code/audition_pipeline/ablation_study/baseline/results/HARK_n_sep+pf_IPD/official_hark_outputs/fileid_93/hark_raw_fileid_93,batchflow '/mnt/d/邵鹏远/UCL/博1/code/audition_pipeline/ablation_study/baseline/results/HARK_n_sep+pf_IPD/official_hark_outputs/fileid_93/runtime_fileid_93.n' '/mnt/d/邵鹏远/UCL/博1/code/audition_pipeline/data/dataset_4mic_3spk/Eval/mic/mic_fileid_93_doa3_3spk.wav' '/mnt/d/邵鹏远/UCL/博1/code/audition_pipeline/ablation_study/baseline/results/HARK_n_sep+pf_IPD/official_hark_outputs/fileid_93/hark_raw_fileid_93',0,4.413050235999435,/mnt/d/邵鹏远/UCL/博1/code/audition_pipeline/ablation_study/baseline/results/HARK_n_sep+pf_IPD/official_hark_logs/hark_fileid_93.stdout.log,/mnt/d/邵鹏远/UCL/博1/code/audition_pipeline/ablation_study/baseline/results/HARK_n_sep+pf_IPD/official_hark_logs/hark_fileid_93.stderr.log,3
94,/mnt/d/邵鹏远/UCL/博1/code/audition_pipeline/data/dataset_4mic_3spk/Eval/mic/mic_fileid_94_doa101_3spk.wav,"112,201,314",/mnt/d/邵鹏远/UCL/博1/code/audition_pipeline/ablation_study/baseline/results/HARK_n_sep+pf_IPD/official_hark_outputs/fileid_94,/mnt/d/邵鹏远/UCL/博1/code/audition_pipeline/ablation_study/baseline/results/HARK_n_sep+pf_IPD/official_hark_outputs/fileid_94/hark_raw_fileid_94,batchflow '/mnt/d/邵鹏远/UCL/博1/code/audition_pipeline/ablation_study/baseline/results/HARK_n_sep+pf_IPD/official_hark_outputs/fileid_94/runtime_fileid_94.n' '/mnt/d/邵鹏远/UCL/博1/code/audition_pipeline/data/dataset_4mic_3spk/Eval/mic/mic_fileid_94_doa101_3spk.wav' '/mnt/d/邵鹏远/UCL/博1/code/audition_pipeline/ablation_study/baseline/results/HARK_n_sep+pf_IPD/official_hark_outputs/fileid_94/hark_raw_fileid_94',0,3.8404024090004896,/mnt/d/邵鹏远/UCL/博1/code/audition_pipeline/ablation_study/baseline/results/HARK_n_sep+pf_IPD/official_hark_logs/hark_fileid_94.stdout.log,/mnt/d/邵鹏远/UCL/博1/code/audition_pipeline/ablation_study/baseline/results/HARK_n_sep+pf_IPD/official_hark_logs/hark_fileid_94.stderr.log,3
95,/mnt/d/邵鹏远/UCL/博1/code/audition_pipeline/data/dataset_4mic_3spk/Eval/mic/mic_fileid_95_doa59_3spk.wav,"123,217,236",/mnt/d/邵鹏远/UCL/博1/code/audition_pipeline/ablation_study/baseline/results/HARK_n_sep+pf_IPD/official_hark_outputs/fileid_95,/mnt/d/邵鹏远/UCL/博1/code/audition_pipeline/ablation_study/baseline/results/HARK_n_sep+pf_IPD/official_hark_outputs/fileid_95/hark_raw_fileid_95,batchflow '/mnt/d/邵鹏远/UCL/博1/code/audition_pipeline/ablation_study/baseline/results/HARK_n_sep+pf_IPD/official_hark_outputs/fileid_95/runtime_fileid_95.n' '/mnt/d/邵鹏远/UCL/博1/code/audition_pipeline/data/dataset_4mic_3spk/Eval/mic/mic_fileid_95_doa59_3spk.wav' '/mnt/d/邵鹏远/UCL/博1/code/audition_pipeline/ablation_study/baseline/results/HARK_n_sep+pf_IPD/official_hark_outputs/fileid_95/hark_raw_fileid_95',0,4.373444484000174,/mnt/d/邵鹏远/UCL/博1/code/audition_pipeline/ablation_study/baseline/results/HARK_n_sep+pf_IPD/official_hark_logs/hark_fileid_95.stdout.log,/mnt/d/邵鹏远/UCL/博1/code/audition_pipeline/ablation_study/baseline/results/HARK_n_sep+pf_IPD/official_hark_logs/hark_fileid_95.stderr.log,3
96,/mnt/d/邵鹏远/UCL/博1/code/audition_pipeline/data/dataset_4mic_3spk/Eval/mic/mic_fileid_96_doa99_3spk.wav,"99,172,351",/mnt/d/邵鹏远/UCL/博1/code/audition_pipeline/ablation_study/baseline/results/HARK_n_sep+pf_IPD/official_hark_outputs/fileid_96,/mnt/d/邵鹏远/UCL/博1/code/audition_pipeline/ablation_study/baseline/results/HARK_n_sep+pf_IPD/official_hark_outputs/fileid_96/hark_raw_fileid_96,batchflow '/mnt/d/邵鹏远/UCL/博1/code/audition_pipeline/ablation_study/baseline/results/HARK_n_sep+pf_IPD/official_hark_outputs/fileid_96/runtime_fileid_96.n' '/mnt/d/邵鹏远/UCL/博1/code/audition_pipeline/data/dataset_4mic_3spk/Eval/mic/mic_fileid_96_doa99_3spk.wav' '/mnt/d/邵鹏远/UCL/博1/code/audition_pipeline/ablation_study/baseline/results/HARK_n_sep+pf_IPD/official_hark_outputs/fileid_96/hark_raw_fileid_96',0,4.648089839999557,/mnt/d/邵鹏远/UCL/博1/code/audition_pipeline/ablation_study/baseline/results/HARK_n_sep+pf_IPD/official_hark_logs/hark_fileid_96.stdout.log,/mnt/d/邵鹏远/UCL/博1/code/audition_pipeline/ablation_study/baseline/results/HARK_n_sep+pf_IPD/official_hark_logs/hark_fileid_96.stderr.log,3
97,/mnt/d/邵鹏远/UCL/博1/code/audition_pipeline/data/dataset_4mic_3spk/Eval/mic/mic_fileid_97_doa115_3spk.wav,"121,253,321",/mnt/d/邵鹏远/UCL/博1/code/audition_pipeline/ablation_study/baseline/results/HARK_n_sep+pf_IPD/official_hark_outputs/fileid_97,/mnt/d/邵鹏远/UCL/博1/code/audition_pipeline/ablation_study/baseline/results/HARK_n_sep+pf_IPD/official_hark_outputs/fileid_97/hark_raw_fileid_97,batchflow '/mnt/d/邵鹏远/UCL/博1/code/audition_pipeline/ablation_study/baseline/results/HARK_n_sep+pf_IPD/official_hark_outputs/fileid_97/runtime_fileid_97.n' '/mnt/d/邵鹏远/UCL/博1/code/audition_pipeline/data/dataset_4mic_3spk/Eval/mic/mic_fileid_97_doa115_3spk.wav' '/mnt/d/邵鹏远/UCL/博1/code/audition_pipeline/ablation_study/baseline/results/HARK_n_sep+pf_IPD/official_hark_outputs/fileid_97/hark_raw_fileid_97',0,4.417152934000114,/mnt/d/邵鹏远/UCL/博1/code/audition_pipeline/ablation_study/baseline/results/HARK_n_sep+pf_IPD/official_hark_logs/hark_fileid_97.stdout.log,/mnt/d/邵鹏远/UCL/博1/code/audition_pipeline/ablation_study/baseline/results/HARK_n_sep+pf_IPD/official_hark_logs/hark_fileid_97.stderr.log,3
98,/mnt/d/邵鹏远/UCL/博1/code/audition_pipeline/data/dataset_4mic_3spk/Eval/mic/mic_fileid_98_doa46_3spk.wav,"40,114,274",/mnt/d/邵鹏远/UCL/博1/code/audition_pipeline/ablation_study/baseline/results/HARK_n_sep+pf_IPD/official_hark_outputs/fileid_98,/mnt/d/邵鹏远/UCL/博1/code/audition_pipeline/ablation_study/baseline/results/HARK_n_sep+pf_IPD/official_hark_outputs/fileid_98/hark_raw_fileid_98,batchflow '/mnt/d/邵鹏远/UCL/博1/code/audition_pipeline/ablation_study/baseline/results/HARK_n_sep+pf_IPD/official_hark_outputs/fileid_98/runtime_fileid_98.n' '/mnt/d/邵鹏远/UCL/博1/code/audition_pipeline/data/dataset_4mic_3spk/Eval/mic/mic_fileid_98_doa46_3spk.wav' '/mnt/d/邵鹏远/UCL/博1/code/audition_pipeline/ablation_study/baseline/results/HARK_n_sep+pf_IPD/official_hark_outputs/fileid_98/hark_raw_fileid_98',0,4.319648139000492,/mnt/d/邵鹏远/UCL/博1/code/audition_pipeline/ablation_study/baseline/results/HARK_n_sep+pf_IPD/official_hark_logs/hark_fileid_98.stdout.log,/mnt/d/邵鹏远/UCL/博1/code/audition_pipeline/ablation_study/baseline/results/HARK_n_sep+pf_IPD/official_hark_logs/hark_fileid_98.stderr.log,3
99,/mnt/d/邵鹏远/UCL/博1/code/audition_pipeline/data/dataset_4mic_3spk/Eval/mic/mic_fileid_99_doa33_3spk.wav,"43,115,283",/mnt/d/邵鹏远/UCL/博1/code/audition_pipeline/ablation_study/baseline/results/HARK_n_sep+pf_IPD/official_hark_outputs/fileid_99,/mnt/d/邵鹏远/UCL/博1/code/audition_pipeline/ablation_study/baseline/results/HARK_n_sep+pf_IPD/official_hark_outputs/fileid_99/hark_raw_fileid_99,batchflow '/mnt/d/邵鹏远/UCL/博1/code/audition_pipeline/ablation_study/baseline/results/HARK_n_sep+pf_IPD/official_hark_outputs/fileid_99/runtime_fileid_99.n' '/mnt/d/邵鹏远/UCL/博1/code/audition_pipeline/data/dataset_4mic_3spk/Eval/mic/mic_fileid_99_doa33_3spk.wav' '/mnt/d/邵鹏远/UCL/博1/code/audition_pipeline/ablation_study/baseline/results/HARK_n_sep+pf_IPD/official_hark_outputs/fileid_99/hark_raw_fileid_99',0,4.545224737000353,/mnt/d/邵鹏远/UCL/博1/code/audition_pipeline/ablation_study/baseline/results/HARK_n_sep+pf_IPD/official_hark_logs/hark_fileid_99.stdout.log,/mnt/d/邵鹏远/UCL/博1/code/audition_pipeline/ablation_study/baseline/results/HARK_n_sep+pf_IPD/official_hark_logs/hark_fileid_99.stderr.log,3
100,/mnt/d/邵鹏远/UCL/博1/code/audition_pipeline/data/dataset_4mic_3spk/Eval/mic/mic_fileid_100_doa58_3spk.wav,"71,135,258",/mnt/d/邵鹏远/UCL/博1/code/audition_pipeline/ablation_study/baseline/results/HARK_n_sep+pf_IPD/official_hark_outputs/fileid_100,/mnt/d/邵鹏远/UCL/博1/code/audition_pipeline/ablation_study/baseline/results/HARK_n_sep+pf_IPD/official_hark_outputs/fileid_100/hark_raw_fileid_100,batchflow '/mnt/d/邵鹏远/UCL/博1/code/audition_pipeline/ablation_study/baseline/results/HARK_n_sep+pf_IPD/official_hark_outputs/fileid_100/runtime_fileid_100.n' '/mnt/d/邵鹏远/UCL/博1/code/audition_pipeline/data/dataset_4mic_3spk/Eval/mic/mic_fileid_100_doa58_3spk.wav' '/mnt/d/邵鹏远/UCL/博1/code/audition_pipeline/ablation_study/baseline/results/HARK_n_sep+pf_IPD/official_hark_outputs/fileid_100/hark_raw_fileid_100',0,3.9001146999999037,/mnt/d/邵鹏远/UCL/博1/code/audition_pipeline/ablation_study/baseline/results/HARK_n_sep+pf_IPD/official_hark_logs/hark_fileid_100.stdout.log,/mnt/d/邵鹏远/UCL/博1/code/audition_pipeline/ablation_study/baseline/results/HARK_n_sep+pf_IPD/official_hark_logs/hark_fileid_100.stderr.log,3
101,/mnt/d/邵鹏远/UCL/博1/code/audition_pipeline/data/dataset_4mic_3spk/Eval/mic/mic_fileid_101_doa238_3spk.wav,"38,258,314",/mnt/d/邵鹏远/UCL/博1/code/audition_pipeline/ablation_study/baseline/results/HARK_n_sep+pf_IPD/official_hark_outputs/fileid_101,/mnt/d/邵鹏远/UCL/博1/code/audition_pipeline/ablation_study/baseline/results/HARK_n_sep+pf_IPD/official_hark_outputs/fileid_101/hark_raw_fileid_101,batchflow '/mnt/d/邵鹏远/UCL/博1/code/audition_pipeline/ablation_study/baseline/results/HARK_n_sep+pf_IPD/official_hark_outputs/fileid_101/runtime_fileid_101.n' '/mnt/d/邵鹏远/UCL/博1/code/audition_pipeline/data/dataset_4mic_3spk/Eval/mic/mic_fileid_101_doa238_3spk.wav' '/mnt/d/邵鹏远/UCL/博1/code/audition_pipeline/ablation_study/baseline/results/HARK_n_sep+pf_IPD/official_hark_outputs/fileid_101/hark_raw_fileid_101',0,4.555163536000691,/mnt/d/邵鹏远/UCL/博1/code/audition_pipeline/ablation_study/baseline/results/HARK_n_sep+pf_IPD/official_hark_logs/hark_fileid_101.stdout.log,/mnt/d/邵鹏远/UCL/博1/code/audition_pipeline/ablation_study/baseline/results/HARK_n_sep+pf_IPD/official_hark_logs/hark_fileid_101.stderr.log,3
102,/mnt/d/邵鹏远/UCL/博1/code/audition_pipeline/data/dataset_4mic_3spk/Eval/mic/mic_fileid_102_doa204_3spk.wav,"203,245,325",/mnt/d/邵鹏远/UCL/博1/code/audition_pipeline/ablation_study/baseline/results/HARK_n_sep+pf_IPD/official_hark_outputs/fileid_102,/mnt/d/邵鹏远/UCL/博1/code/audition_pipeline/ablation_study/baseline/results/HARK_n_sep+pf_IPD/official_hark_outputs/fileid_102/hark_raw_fileid_102,batchflow '/mnt/d/邵鹏远/UCL/博1/code/audition_pipeline/ablation_study/baseline/results/HARK_n_sep+pf_IPD/official_hark_outputs/fileid_102/runtime_fileid_102.n' '/mnt/d/邵鹏远/UCL/博1/code/audition_pipeline/data/dataset_4mic_3spk/Eval/mic/mic_fileid_102_doa204_3spk.wav' '/mnt/d/邵鹏远/UCL/博1/code/audition_pipeline/ablation_study/baseline/results/HARK_n_sep+pf_IPD/official_hark_outputs/fileid_102/hark_raw_fileid_102',0,4.548489551000785,/mnt/d/邵鹏远/UCL/博1/code/audition_pipeline/ablation_study/baseline/results/HARK_n_sep+pf_IPD/official_hark_logs/hark_fileid_102.stdout.log,/mnt/d/邵鹏远/UCL/博1/code/audition_pipeline/ablation_study/baseline/results/HARK_n_sep+pf_IPD/official_hark_logs/hark_fileid_102.stderr.log,3
103,/mnt/d/邵鹏远/UCL/博1/code/audition_pipeline/data/dataset_4mic_3spk/Eval/mic/mic_fileid_103_doa27_3spk.wav,"50,256,333",/mnt/d/邵鹏远/UCL/博1/code/audition_pipeline/ablation_study/baseline/results/HARK_n_sep+pf_IPD/official_hark_outputs/fileid_103,/mnt/d/邵鹏远/UCL/博1/code/audition_pipeline/ablation_study/baseline/results/HARK_n_sep+pf_IPD/official_hark_outputs/fileid_103/hark_raw_fileid_103,batchflow '/mnt/d/邵鹏远/UCL/博1/code/audition_pipeline/ablation_study/baseline/results/HARK_n_sep+pf_IPD/official_hark_outputs/fileid_103/runtime_fileid_103.n' '/mnt/d/邵鹏远/UCL/博1/code/audition_pipeline/data/dataset_4mic_3spk/Eval/mic/mic_fileid_103_doa27_3spk.wav' '/mnt/d/邵鹏远/UCL/博1/code/audition_pipeline/ablation_study/baseline/results/HARK_n_sep+pf_IPD/official_hark_outputs/fileid_103/hark_raw_fileid_103',0,4.048218054999779,/mnt/d/邵鹏远/UCL/博1/code/audition_pipeline/ablation_study/baseline/results/HARK_n_sep+pf_IPD/official_hark_logs/hark_fileid_103.stdout.log,/mnt/d/邵鹏远/UCL/博1/code/audition_pipeline/ablation_study/baseline/results/HARK_n_sep+pf_IPD/official_hark_logs/hark_fileid_103.stderr.log,3
104,/mnt/d/邵鹏远/UCL/博1/code/audition_pipeline/data/dataset_4mic_3spk/Eval/mic/mic_fileid_104_doa10_3spk.wav,"18,171,301",/mnt/d/邵鹏远/UCL/博1/code/audition_pipeline/ablation_study/baseline/results/HARK_n_sep+pf_IPD/official_hark_outputs/fileid_104,/mnt/d/邵鹏远/UCL/博1/code/audition_pipeline/ablation_study/baseline/results/HARK_n_sep+pf_IPD/official_hark_outputs/fileid_104/hark_raw_fileid_104,batchflow '/mnt/d/邵鹏远/UCL/博1/code/audition_pipeline/ablation_study/baseline/results/HARK_n_sep+pf_IPD/official_hark_outputs/fileid_104/runtime_fileid_104.n' '/mnt/d/邵鹏远/UCL/博1/code/audition_pipeline/data/dataset_4mic_3spk/Eval/mic/mic_fileid_104_doa10_3spk.wav' '/mnt/d/邵鹏远/UCL/博1/code/audition_pipeline/ablation_study/baseline/results/HARK_n_sep+pf_IPD/official_hark_outputs/fileid_104/hark_raw_fileid_104',0,4.424366777000614,/mnt/d/邵鹏远/UCL/博1/code/audition_pipeline/ablation_study/baseline/results/HARK_n_sep+pf_IPD/official_hark_logs/hark_fileid_104.stdout.log,/mnt/d/邵鹏远/UCL/博1/code/audition_pipeline/ablation_study/baseline/results/HARK_n_sep+pf_IPD/official_hark_logs/hark_fileid_104.stderr.log,3
105,/mnt/d/邵鹏远/UCL/博1/code/audition_pipeline/data/dataset_4mic_3spk/Eval/mic/mic_fileid_105_doa7_3spk.wav,"11,49,135",/mnt/d/邵鹏远/UCL/博1/code/audition_pipeline/ablation_study/baseline/results/HARK_n_sep+pf_IPD/official_hark_outputs/fileid_105,/mnt/d/邵鹏远/UCL/博1/code/audition_pipeline/ablation_study/baseline/results/HARK_n_sep+pf_IPD/official_hark_outputs/fileid_105/hark_raw_fileid_105,batchflow '/mnt/d/邵鹏远/UCL/博1/code/audition_pipeline/ablation_study/baseline/results/HARK_n_sep+pf_IPD/official_hark_outputs/fileid_105/runtime_fileid_105.n' '/mnt/d/邵鹏远/UCL/博1/code/audition_pipeline/data/dataset_4mic_3spk/Eval/mic/mic_fileid_105_doa7_3spk.wav' '/mnt/d/邵鹏远/UCL/博1/code/audition_pipeline/ablation_study/baseline/results/HARK_n_sep+pf_IPD/official_hark_outputs/fileid_105/hark_raw_fileid_105',0,4.256858079000267,/mnt/d/邵鹏远/UCL/博1/code/audition_pipeline/ablation_study/baseline/results/HARK_n_sep+pf_IPD/official_hark_logs/hark_fileid_105.stdout.log,/mnt/d/邵鹏远/UCL/博1/code/audition_pipeline/ablation_study/baseline/results/HARK_n_sep+pf_IPD/official_hark_logs/hark_fileid_105.stderr.log,3
106,/mnt/d/邵鹏远/UCL/博1/code/audition_pipeline/data/dataset_4mic_3spk/Eval/mic/mic_fileid_106_doa79_3spk.wav,"79,130,209",/mnt/d/邵鹏远/UCL/博1/code/audition_pipeline/ablation_study/baseline/results/HARK_n_sep+pf_IPD/official_hark_outputs/fileid_106,/mnt/d/邵鹏远/UCL/博1/code/audition_pipeline/ablation_study/baseline/results/HARK_n_sep+pf_IPD/official_hark_outputs/fileid_106/hark_raw_fileid_106,batchflow '/mnt/d/邵鹏远/UCL/博1/code/audition_pipeline/ablation_study/baseline/results/HARK_n_sep+pf_IPD/official_hark_outputs/fileid_106/runtime_fileid_106.n' '/mnt/d/邵鹏远/UCL/博1/code/audition_pipeline/data/dataset_4mic_3spk/Eval/mic/mic_fileid_106_doa79_3spk.wav' '/mnt/d/邵鹏远/UCL/博1/code/audition_pipeline/ablation_study/baseline/results/HARK_n_sep+pf_IPD/official_hark_outputs/fileid_106/hark_raw_fileid_106',0,4.505875772000763,/mnt/d/邵鹏远/UCL/博1/code/audition_pipeline/ablation_study/baseline/results/HARK_n_sep+pf_IPD/official_hark_logs/hark_fileid_106.stdout.log,/mnt/d/邵鹏远/UCL/博1/code/audition_pipeline/ablation_study/baseline/results/HARK_n_sep+pf_IPD/official_hark_logs/hark_fileid_106.stderr.log,3
107,/mnt/d/邵鹏远/UCL/博1/code/audition_pipeline/data/dataset_4mic_3spk/Eval/mic/mic_fileid_107_doa58_3spk.wav,"57,123,266",/mnt/d/邵鹏远/UCL/博1/code/audition_pipeline/ablation_study/baseline/results/HARK_n_sep+pf_IPD/official_hark_outputs/fileid_107,/mnt/d/邵鹏远/UCL/博1/code/audition_pipeline/ablation_study/baseline/results/HARK_n_sep+pf_IPD/official_hark_outputs/fileid_107/hark_raw_fileid_107,batchflow '/mnt/d/邵鹏远/UCL/博1/code/audition_pipeline/ablation_study/baseline/results/HARK_n_sep+pf_IPD/official_hark_outputs/fileid_107/runtime_fileid_107.n' '/mnt/d/邵鹏远/UCL/博1/code/audition_pipeline/data/dataset_4mic_3spk/Eval/mic/mic_fileid_107_doa58_3spk.wav' '/mnt/d/邵鹏远/UCL/博1/code/audition_pipeline/ablation_study/baseline/results/HARK_n_sep+pf_IPD/official_hark_outputs/fileid_107/hark_raw_fileid_107',0,4.311618433000149,/mnt/d/邵鹏远/UCL/博1/code/audition_pipeline/ablation_study/baseline/results/HARK_n_sep+pf_IPD/official_hark_logs/hark_fileid_107.stdout.log,/mnt/d/邵鹏远/UCL/博1/code/audition_pipeline/ablation_study/baseline/results/HARK_n_sep+pf_IPD/official_hark_logs/hark_fileid_107.stderr.log,3
108,/mnt/d/邵鹏远/UCL/博1/code/audition_pipeline/data/dataset_4mic_3spk/Eval/mic/mic_fileid_108_doa63_3spk.wav,"25,190,241",/mnt/d/邵鹏远/UCL/博1/code/audition_pipeline/ablation_study/baseline/results/HARK_n_sep+pf_IPD/official_hark_outputs/fileid_108,/mnt/d/邵鹏远/UCL/博1/code/audition_pipeline/ablation_study/baseline/results/HARK_n_sep+pf_IPD/official_hark_outputs/fileid_108/hark_raw_fileid_108,batchflow '/mnt/d/邵鹏远/UCL/博1/code/audition_pipeline/ablation_study/baseline/results/HARK_n_sep+pf_IPD/official_hark_outputs/fileid_108/runtime_fileid_108.n' '/mnt/d/邵鹏远/UCL/博1/code/audition_pipeline/data/dataset_4mic_3spk/Eval/mic/mic_fileid_108_doa63_3spk.wav' '/mnt/d/邵鹏远/UCL/博1/code/audition_pipeline/ablation_study/baseline/results/HARK_n_sep+pf_IPD/official_hark_outputs/fileid_108/hark_raw_fileid_108',0,4.055750198999704,/mnt/d/邵鹏远/UCL/博1/code/audition_pipeline/ablation_study/baseline/results/HARK_n_sep+pf_IPD/official_hark_logs/hark_fileid_108.stdout.log,/mnt/d/邵鹏远/UCL/博1/code/audition_pipeline/ablation_study/baseline/results/HARK_n_sep+pf_IPD/official_hark_logs/hark_fileid_108.stderr.log,3
109,/mnt/d/邵鹏远/UCL/博1/code/audition_pipeline/data/dataset_4mic_3spk/Eval/mic/mic_fileid_109_doa236_3spk.wav,"233,278,351",/mnt/d/邵鹏远/UCL/博1/code/audition_pipeline/ablation_study/baseline/results/HARK_n_sep+pf_IPD/official_hark_outputs/fileid_109,/mnt/d/邵鹏远/UCL/博1/code/audition_pipeline/ablation_study/baseline/results/HARK_n_sep+pf_IPD/official_hark_outputs/fileid_109/hark_raw_fileid_109,batchflow '/mnt/d/邵鹏远/UCL/博1/code/audition_pipeline/ablation_study/baseline/results/HARK_n_sep+pf_IPD/official_hark_outputs/fileid_109/runtime_fileid_109.n' '/mnt/d/邵鹏远/UCL/博1/code/audition_pipeline/data/dataset_4mic_3spk/Eval/mic/mic_fileid_109_doa236_3spk.wav' '/mnt/d/邵鹏远/UCL/博1/code/audition_pipeline/ablation_study/baseline/results/HARK_n_sep+pf_IPD/official_hark_outputs/fileid_109/hark_raw_fileid_109',0,4.75510654899972,/mnt/d/邵鹏远/UCL/博1/code/audition_pipeline/ablation_study/baseline/results/HARK_n_sep+pf_IPD/official_hark_logs/hark_fileid_109.stdout.log,/mnt/d/邵鹏远/UCL/博1/code/audition_pipeline/ablation_study/baseline/results/HARK_n_sep+pf_IPD/official_hark_logs/hark_fileid_109.stderr.log,3
110,/mnt/d/邵鹏远/UCL/博1/code/audition_pipeline/data/dataset_4mic_3spk/Eval/mic/mic_fileid_110_doa31_3spk.wav,"10,103,265",/mnt/d/邵鹏远/UCL/博1/code/audition_pipeline/ablation_study/baseline/results/HARK_n_sep+pf_IPD/official_hark_outputs/fileid_110,/mnt/d/邵鹏远/UCL/博1/code/audition_pipeline/ablation_study/baseline/results/HARK_n_sep+pf_IPD/official_hark_outputs/fileid_110/hark_raw_fileid_110,batchflow '/mnt/d/邵鹏远/UCL/博1/code/audition_pipeline/ablation_study/baseline/results/HARK_n_sep+pf_IPD/official_hark_outputs/fileid_110/runtime_fileid_110.n' '/mnt/d/邵鹏远/UCL/博1/code/audition_pipeline/data/dataset_4mic_3spk/Eval/mic/mic_fileid_110_doa31_3spk.wav' '/mnt/d/邵鹏远/UCL/博1/code/audition_pipeline/ablation_study/baseline/results/HARK_n_sep+pf_IPD/official_hark_outputs/fileid_110/hark_raw_fileid_110',0,2.905559241999981,/mnt/d/邵鹏远/UCL/博1/code/audition_pipeline/ablation_study/baseline/results/HARK_n_sep+pf_IPD/official_hark_logs/hark_fileid_110.stdout.log,/mnt/d/邵鹏远/UCL/博1/code/audition_pipeline/ablation_study/baseline/results/HARK_n_sep+pf_IPD/official_hark_logs/hark_fileid_110.stderr.log,3
111,/mnt/d/邵鹏远/UCL/博1/code/audition_pipeline/data/dataset_4mic_3spk/Eval/mic/mic_fileid_111_doa38_3spk.wav,"199,255,339",/mnt/d/邵鹏远/UCL/博1/code/audition_pipeline/ablation_study/baseline/results/HARK_n_sep+pf_IPD/official_hark_outputs/fileid_111,/mnt/d/邵鹏远/UCL/博1/code/audition_pipeline/ablation_study/baseline/results/HARK_n_sep+pf_IPD/official_hark_outputs/fileid_111/hark_raw_fileid_111,batchflow '/mnt/d/邵鹏远/UCL/博1/code/audition_pipeline/ablation_study/baseline/results/HARK_n_sep+pf_IPD/official_hark_outputs/fileid_111/runtime_fileid_111.n' '/mnt/d/邵鹏远/UCL/博1/code/audition_pipeline/data/dataset_4mic_3spk/Eval/mic/mic_fileid_111_doa38_3spk.wav' '/mnt/d/邵鹏远/UCL/博1/code/audition_pipeline/ablation_study/baseline/results/HARK_n_sep+pf_IPD/official_hark_outputs/fileid_111/hark_raw_fileid_111',0,4.481823878999421,/mnt/d/邵鹏远/UCL/博1/code/audition_pipeline/ablation_study/baseline/results/HARK_n_sep+pf_IPD/official_hark_logs/hark_fileid_111.stdout.log,/mnt/d/邵鹏远/UCL/博1/code/audition_pipeline/ablation_study/baseline/results/HARK_n_sep+pf_IPD/official_hark_logs/hark_fileid_111.stderr.log,3
112,/mnt/d/邵鹏远/UCL/博1/code/audition_pipeline/data/dataset_4mic_3spk/Eval/mic/mic_fileid_112_doa172_3spk.wav,"168,263,300",/mnt/d/邵鹏远/UCL/博1/code/audition_pipeline/ablation_study/baseline/results/HARK_n_sep+pf_IPD/official_hark_outputs/fileid_112,/mnt/d/邵鹏远/UCL/博1/code/audition_pipeline/ablation_study/baseline/results/HARK_n_sep+pf_IPD/official_hark_outputs/fileid_112/hark_raw_fileid_112,batchflow '/mnt/d/邵鹏远/UCL/博1/code/audition_pipeline/ablation_study/baseline/results/HARK_n_sep+pf_IPD/official_hark_outputs/fileid_112/runtime_fileid_112.n' '/mnt/d/邵鹏远/UCL/博1/code/audition_pipeline/data/dataset_4mic_3spk/Eval/mic/mic_fileid_112_doa172_3spk.wav' '/mnt/d/邵鹏远/UCL/博1/code/audition_pipeline/ablation_study/baseline/results/HARK_n_sep+pf_IPD/official_hark_outputs/fileid_112/hark_raw_fileid_112',0,4.546609735999482,/mnt/d/邵鹏远/UCL/博1/code/audition_pipeline/ablation_study/baseline/results/HARK_n_sep+pf_IPD/official_hark_logs/hark_fileid_112.stdout.log,/mnt/d/邵鹏远/UCL/博1/code/audition_pipeline/ablation_study/baseline/results/HARK_n_sep+pf_IPD/official_hark_logs/hark_fileid_112.stderr.log,3
113,/mnt/d/邵鹏远/UCL/博1/code/audition_pipeline/data/dataset_4mic_3spk/Eval/mic/mic_fileid_113_doa12_3spk.wav,"14,76,213",/mnt/d/邵鹏远/UCL/博1/code/audition_pipeline/ablation_study/baseline/results/HARK_n_sep+pf_IPD/official_hark_outputs/fileid_113,/mnt/d/邵鹏远/UCL/博1/code/audition_pipeline/ablation_study/baseline/results/HARK_n_sep+pf_IPD/official_hark_outputs/fileid_113/hark_raw_fileid_113,batchflow '/mnt/d/邵鹏远/UCL/博1/code/audition_pipeline/ablation_study/baseline/results/HARK_n_sep+pf_IPD/official_hark_outputs/fileid_113/runtime_fileid_113.n' '/mnt/d/邵鹏远/UCL/博1/code/audition_pipeline/data/dataset_4mic_3spk/Eval/mic/mic_fileid_113_doa12_3spk.wav' '/mnt/d/邵鹏远/UCL/博1/code/audition_pipeline/ablation_study/baseline/results/HARK_n_sep+pf_IPD/official_hark_outputs/fileid_113/hark_raw_fileid_113',0,4.290408733999357,/mnt/d/邵鹏远/UCL/博1/code/audition_pipeline/ablation_study/baseline/results/HARK_n_sep+pf_IPD/official_hark_logs/hark_fileid_113.stdout.log,/mnt/d/邵鹏远/UCL/博1/code/audition_pipeline/ablation_study/baseline/results/HARK_n_sep+pf_IPD/official_hark_logs/hark_fileid_113.stderr.log,3
114,/mnt/d/邵鹏远/UCL/博1/code/audition_pipeline/data/dataset_4mic_3spk/Eval/mic/mic_fileid_114_doa42_3spk.wav,"41,257,351",/mnt/d/邵鹏远/UCL/博1/code/audition_pipeline/ablation_study/baseline/results/HARK_n_sep+pf_IPD/official_hark_outputs/fileid_114,/mnt/d/邵鹏远/UCL/博1/code/audition_pipeline/ablation_study/baseline/results/HARK_n_sep+pf_IPD/official_hark_outputs/fileid_114/hark_raw_fileid_114,batchflow '/mnt/d/邵鹏远/UCL/博1/code/audition_pipeline/ablation_study/baseline/results/HARK_n_sep+pf_IPD/official_hark_outputs/fileid_114/runtime_fileid_114.n' '/mnt/d/邵鹏远/UCL/博1/code/audition_pipeline/data/dataset_4mic_3spk/Eval/mic/mic_fileid_114_doa42_3spk.wav' '/mnt/d/邵鹏远/UCL/博1/code/audition_pipeline/ablation_study/baseline/results/HARK_n_sep+pf_IPD/official_hark_outputs/fileid_114/hark_raw_fileid_114',0,4.454987768999672,/mnt/d/邵鹏远/UCL/博1/code/audition_pipeline/ablation_study/baseline/results/HARK_n_sep+pf_IPD/official_hark_logs/hark_fileid_114.stdout.log,/mnt/d/邵鹏远/UCL/博1/code/audition_pipeline/ablation_study/baseline/results/HARK_n_sep+pf_IPD/official_hark_logs/hark_fileid_114.stderr.log,3
115,/mnt/d/邵鹏远/UCL/博1/code/audition_pipeline/data/dataset_4mic_3spk/Eval/mic/mic_fileid_115_doa10_3spk.wav,"126,197,359",/mnt/d/邵鹏远/UCL/博1/code/audition_pipeline/ablation_study/baseline/results/HARK_n_sep+pf_IPD/official_hark_outputs/fileid_115,/mnt/d/邵鹏远/UCL/博1/code/audition_pipeline/ablation_study/baseline/results/HARK_n_sep+pf_IPD/official_hark_outputs/fileid_115/hark_raw_fileid_115,batchflow '/mnt/d/邵鹏远/UCL/博1/code/audition_pipeline/ablation_study/baseline/results/HARK_n_sep+pf_IPD/official_hark_outputs/fileid_115/runtime_fileid_115.n' '/mnt/d/邵鹏远/UCL/博1/code/audition_pipeline/data/dataset_4mic_3spk/Eval/mic/mic_fileid_115_doa10_3spk.wav' '/mnt/d/邵鹏远/UCL/博1/code/audition_pipeline/ablation_study/baseline/results/HARK_n_sep+pf_IPD/official_hark_outputs/fileid_115/hark_raw_fileid_115',0,4.24400486400009,/mnt/d/邵鹏远/UCL/博1/code/audition_pipeline/ablation_study/baseline/results/HARK_n_sep+pf_IPD/official_hark_logs/hark_fileid_115.stdout.log,/mnt/d/邵鹏远/UCL/博1/code/audition_pipeline/ablation_study/baseline/results/HARK_n_sep+pf_IPD/official_hark_logs/hark_fileid_115.stderr.log,3
116,/mnt/d/邵鹏远/UCL/博1/code/audition_pipeline/data/dataset_4mic_3spk/Eval/mic/mic_fileid_116_doa41_3spk.wav,"42,145,174",/mnt/d/邵鹏远/UCL/博1/code/audition_pipeline/ablation_study/baseline/results/HARK_n_sep+pf_IPD/official_hark_outputs/fileid_116,/mnt/d/邵鹏远/UCL/博1/code/audition_pipeline/ablation_study/baseline/results/HARK_n_sep+pf_IPD/official_hark_outputs/fileid_116/hark_raw_fileid_116,batchflow '/mnt/d/邵鹏远/UCL/博1/code/audition_pipeline/ablation_study/baseline/results/HARK_n_sep+pf_IPD/official_hark_outputs/fileid_116/runtime_fileid_116.n' '/mnt/d/邵鹏远/UCL/博1/code/audition_pipeline/data/dataset_4mic_3spk/Eval/mic/mic_fileid_116_doa41_3spk.wav' '/mnt/d/邵鹏远/UCL/博1/code/audition_pipeline/ablation_study/baseline/results/HARK_n_sep+pf_IPD/official_hark_outputs/fileid_116/hark_raw_fileid_116',0,4.193472043000838,/mnt/d/邵鹏远/UCL/博1/code/audition_pipeline/ablation_study/baseline/results/HARK_n_sep+pf_IPD/official_hark_logs/hark_fileid_116.stdout.log,/mnt/d/邵鹏远/UCL/博1/code/audition_pipeline/ablation_study/baseline/results/HARK_n_sep+pf_IPD/official_hark_logs/hark_fileid_116.stderr.log,3
117,/mnt/d/邵鹏远/UCL/博1/code/audition_pipeline/data/dataset_4mic_3spk/Eval/mic/mic_fileid_117_doa283_3spk.wav,"278,325,355",/mnt/d/邵鹏远/UCL/博1/code/audition_pipeline/ablation_study/baseline/results/HARK_n_sep+pf_IPD/official_hark_outputs/fileid_117,/mnt/d/邵鹏远/UCL/博1/code/audition_pipeline/ablation_study/baseline/results/HARK_n_sep+pf_IPD/official_hark_outputs/fileid_117/hark_raw_fileid_117,batchflow '/mnt/d/邵鹏远/UCL/博1/code/audition_pipeline/ablation_study/baseline/results/HARK_n_sep+pf_IPD/official_hark_outputs/fileid_117/runtime_fileid_117.n' '/mnt/d/邵鹏远/UCL/博1/code/audition_pipeline/data/dataset_4mic_3spk/Eval/mic/mic_fileid_117_doa283_3spk.wav' '/mnt/d/邵鹏远/UCL/博1/code/audition_pipeline/ablation_study/baseline/results/HARK_n_sep+pf_IPD/official_hark_outputs/fileid_117/hark_raw_fileid_117',0,4.05096627400053,/mnt/d/邵鹏远/UCL/博1/code/audition_pipeline/ablation_study/baseline/results/HARK_n_sep+pf_IPD/official_hark_logs/hark_fileid_117.stdout.log,/mnt/d/邵鹏远/UCL/博1/code/audition_pipeline/ablation_study/baseline/results/HARK_n_sep+pf_IPD/official_hark_logs/hark_fileid_117.stderr.log,3
118,/mnt/d/邵鹏远/UCL/博1/code/audition_pipeline/data/dataset_4mic_3spk/Eval/mic/mic_fileid_118_doa22_3spk.wav,"34,207,324",/mnt/d/邵鹏远/UCL/博1/code/audition_pipeline/ablation_study/baseline/results/HARK_n_sep+pf_IPD/official_hark_outputs/fileid_118,/mnt/d/邵鹏远/UCL/博1/code/audition_pipeline/ablation_study/baseline/results/HARK_n_sep+pf_IPD/official_hark_outputs/fileid_118/hark_raw_fileid_118,batchflow '/mnt/d/邵鹏远/UCL/博1/code/audition_pipeline/ablation_study/baseline/results/HARK_n_sep+pf_IPD/official_hark_outputs/fileid_118/runtime_fileid_118.n' '/mnt/d/邵鹏远/UCL/博1/code/audition_pipeline/data/dataset_4mic_3spk/Eval/mic/mic_fileid_118_doa22_3spk.wav' '/mnt/d/邵鹏远/UCL/博1/code/audition_pipeline/ablation_study/baseline/results/HARK_n_sep+pf_IPD/official_hark_outputs/fileid_118/hark_raw_fileid_118',0,4.1276928360002785,/mnt/d/邵鹏远/UCL/博1/code/audition_pipeline/ablation_study/baseline/results/HARK_n_sep+pf_IPD/official_hark_logs/hark_fileid_118.stdout.log,/mnt/d/邵鹏远/UCL/博1/code/audition_pipeline/ablation_study/baseline/results/HARK_n_sep+pf_IPD/official_hark_logs/hark_fileid_118.stderr.log,3
119,/mnt/d/邵鹏远/UCL/博1/code/audition_pipeline/data/dataset_4mic_3spk/Eval/mic/mic_fileid_119_doa74_3spk.wav,"243,262,312",/mnt/d/邵鹏远/UCL/博1/code/audition_pipeline/ablation_study/baseline/results/HARK_n_sep+pf_IPD/official_hark_outputs/fileid_119,/mnt/d/邵鹏远/UCL/博1/code/audition_pipeline/ablation_study/baseline/results/HARK_n_sep+pf_IPD/official_hark_outputs/fileid_119/hark_raw_fileid_119,batchflow '/mnt/d/邵鹏远/UCL/博1/code/audition_pipeline/ablation_study/baseline/results/HARK_n_sep+pf_IPD/official_hark_outputs/fileid_119/runtime_fileid_119.n' '/mnt/d/邵鹏远/UCL/博1/code/audition_pipeline/data/dataset_4mic_3spk/Eval/mic/mic_fileid_119_doa74_3spk.wav' '/mnt/d/邵鹏远/UCL/博1/code/audition_pipeline/ablation_study/baseline/results/HARK_n_sep+pf_IPD/official_hark_outputs/fileid_119/hark_raw_fileid_119',0,4.320201524999902,/mnt/d/邵鹏远/UCL/博1/code/audition_pipeline/ablation_study/baseline/results/HARK_n_sep+pf_IPD/official_hark_logs/hark_fileid_119.stdout.log,/mnt/d/邵鹏远/UCL/博1/code/audition_pipeline/ablation_study/baseline/results/HARK_n_sep+pf_IPD/official_hark_logs/hark_fileid_119.stderr.log,3
120,/mnt/d/邵鹏远/UCL/博1/code/audition_pipeline/data/dataset_4mic_3spk/Eval/mic/mic_fileid_120_doa2_3spk.wav,"11,255,301",/mnt/d/邵鹏远/UCL/博1/code/audition_pipeline/ablation_study/baseline/results/HARK_n_sep+pf_IPD/official_hark_outputs/fileid_120,/mnt/d/邵鹏远/UCL/博1/code/audition_pipeline/ablation_study/baseline/results/HARK_n_sep+pf_IPD/official_hark_outputs/fileid_120/hark_raw_fileid_120,batchflow '/mnt/d/邵鹏远/UCL/博1/code/audition_pipeline/ablation_study/baseline/results/HARK_n_sep+pf_IPD/official_hark_outputs/fileid_120/runtime_fileid_120.n' '/mnt/d/邵鹏远/UCL/博1/code/audition_pipeline/data/dataset_4mic_3spk/Eval/mic/mic_fileid_120_doa2_3spk.wav' '/mnt/d/邵鹏远/UCL/博1/code/audition_pipeline/ablation_study/baseline/results/HARK_n_sep+pf_IPD/official_hark_outputs/fileid_120/hark_raw_fileid_120',0,4.449608906999856,/mnt/d/邵鹏远/UCL/博1/code/audition_pipeline/ablation_study/baseline/results/HARK_n_sep+pf_IPD/official_hark_logs/hark_fileid_120.stdout.log,/mnt/d/邵鹏远/UCL/博1/code/audition_pipeline/ablation_study/baseline/results/HARK_n_sep+pf_IPD/official_hark_logs/hark_fileid_120.stderr.log,3
121,/mnt/d/邵鹏远/UCL/博1/code/audition_pipeline/data/dataset_4mic_3spk/Eval/mic/mic_fileid_121_doa6_3spk.wav,"5,132,180",/mnt/d/邵鹏远/UCL/博1/code/audition_pipeline/ablation_study/baseline/results/HARK_n_sep+pf_IPD/official_hark_outputs/fileid_121,/mnt/d/邵鹏远/UCL/博1/code/audition_pipeline/ablation_study/baseline/results/HARK_n_sep+pf_IPD/official_hark_outputs/fileid_121/hark_raw_fileid_121,batchflow '/mnt/d/邵鹏远/UCL/博1/code/audition_pipeline/ablation_study/baseline/results/HARK_n_sep+pf_IPD/official_hark_outputs/fileid_121/runtime_fileid_121.n' '/mnt/d/邵鹏远/UCL/博1/code/audition_pipeline/data/dataset_4mic_3spk/Eval/mic/mic_fileid_121_doa6_3spk.wav' '/mnt/d/邵鹏远/UCL/博1/code/audition_pipeline/ablation_study/baseline/results/HARK_n_sep+pf_IPD/official_hark_outputs/fileid_121/hark_raw_fileid_121',0,4.047826587999225,/mnt/d/邵鹏远/UCL/博1/code/audition_pipeline/ablation_study/baseline/results/HARK_n_sep+pf_IPD/official_hark_logs/hark_fileid_121.stdout.log,/mnt/d/邵鹏远/UCL/博1/code/audition_pipeline/ablation_study/baseline/results/HARK_n_sep+pf_IPD/official_hark_logs/hark_fileid_121.stderr.log,3
122,/mnt/d/邵鹏远/UCL/博1/code/audition_pipeline/data/dataset_4mic_3spk/Eval/mic/mic_fileid_122_doa14_3spk.wav,"13,151,310",/mnt/d/邵鹏远/UCL/博1/code/audition_pipeline/ablation_study/baseline/results/HARK_n_sep+pf_IPD/official_hark_outputs/fileid_122,/mnt/d/邵鹏远/UCL/博1/code/audition_pipeline/ablation_study/baseline/results/HARK_n_sep+pf_IPD/official_hark_outputs/fileid_122/hark_raw_fileid_122,batchflow '/mnt/d/邵鹏远/UCL/博1/code/audition_pipeline/ablation_study/baseline/results/HARK_n_sep+pf_IPD/official_hark_outputs/fileid_122/runtime_fileid_122.n' '/mnt/d/邵鹏远/UCL/博1/code/audition_pipeline/data/dataset_4mic_3spk/Eval/mic/mic_fileid_122_doa14_3spk.wav' '/mnt/d/邵鹏远/UCL/博1/code/audition_pipeline/ablation_study/baseline/results/HARK_n_sep+pf_IPD/official_hark_outputs/fileid_122/hark_raw_fileid_122',0,4.522420171000704,/mnt/d/邵鹏远/UCL/博1/code/audition_pipeline/ablation_study/baseline/results/HARK_n_sep+pf_IPD/official_hark_logs/hark_fileid_122.stdout.log,/mnt/d/邵鹏远/UCL/博1/code/audition_pipeline/ablation_study/baseline/results/HARK_n_sep+pf_IPD/official_hark_logs/hark_fileid_122.stderr.log,3
123,/mnt/d/邵鹏远/UCL/博1/code/audition_pipeline/data/dataset_4mic_3spk/Eval/mic/mic_fileid_123_doa174_3spk.wav,"158,277,343",/mnt/d/邵鹏远/UCL/博1/code/audition_pipeline/ablation_study/baseline/results/HARK_n_sep+pf_IPD/official_hark_outputs/fileid_123,/mnt/d/邵鹏远/UCL/博1/code/audition_pipeline/ablation_study/baseline/results/HARK_n_sep+pf_IPD/official_hark_outputs/fileid_123/hark_raw_fileid_123,batchflow '/mnt/d/邵鹏远/UCL/博1/code/audition_pipeline/ablation_study/baseline/results/HARK_n_sep+pf_IPD/official_hark_outputs/fileid_123/runtime_fileid_123.n' '/mnt/d/邵鹏远/UCL/博1/code/audition_pipeline/data/dataset_4mic_3spk/Eval/mic/mic_fileid_123_doa174_3spk.wav' '/mnt/d/邵鹏远/UCL/博1/code/audition_pipeline/ablation_study/baseline/results/HARK_n_sep+pf_IPD/official_hark_outputs/fileid_123/hark_raw_fileid_123',0,4.135986365999997,/mnt/d/邵鹏远/UCL/博1/code/audition_pipeline/ablation_study/baseline/results/HARK_n_sep+pf_IPD/official_hark_logs/hark_fileid_123.stdout.log,/mnt/d/邵鹏远/UCL/博1/code/audition_pipeline/ablation_study/baseline/results/HARK_n_sep+pf_IPD/official_hark_logs/hark_fileid_123.stderr.log,3
124,/mnt/d/邵鹏远/UCL/博1/code/audition_pipeline/data/dataset_4mic_3spk/Eval/mic/mic_fileid_124_doa62_3spk.wav,"61,251,340",/mnt/d/邵鹏远/UCL/博1/code/audition_pipeline/ablation_study/baseline/results/HARK_n_sep+pf_IPD/official_hark_outputs/fileid_124,/mnt/d/邵鹏远/UCL/博1/code/audition_pipeline/ablation_study/baseline/results/HARK_n_sep+pf_IPD/official_hark_outputs/fileid_124/hark_raw_fileid_124,batchflow '/mnt/d/邵鹏远/UCL/博1/code/audition_pipeline/ablation_study/baseline/results/HARK_n_sep+pf_IPD/official_hark_outputs/fileid_124/runtime_fileid_124.n' '/mnt/d/邵鹏远/UCL/博1/code/audition_pipeline/data/dataset_4mic_3spk/Eval/mic/mic_fileid_124_doa62_3spk.wav' '/mnt/d/邵鹏远/UCL/博1/code/audition_pipeline/ablation_study/baseline/results/HARK_n_sep+pf_IPD/official_hark_outputs/fileid_124/hark_raw_fileid_124',0,4.2962050559999625,/mnt/d/邵鹏远/UCL/博1/code/audition_pipeline/ablation_study/baseline/results/HARK_n_sep+pf_IPD/official_hark_logs/hark_fileid_124.stdout.log,/mnt/d/邵鹏远/UCL/博1/code/audition_pipeline/ablation_study/baseline/results/HARK_n_sep+pf_IPD/official_hark_logs/hark_fileid_124.stderr.log,3
125,/mnt/d/邵鹏远/UCL/博1/code/audition_pipeline/data/dataset_4mic_3spk/Eval/mic/mic_fileid_125_doa76_3spk.wav,"79,210,325",/mnt/d/邵鹏远/UCL/博1/code/audition_pipeline/ablation_study/baseline/results/HARK_n_sep+pf_IPD/official_hark_outputs/fileid_125,/mnt/d/邵鹏远/UCL/博1/code/audition_pipeline/ablation_study/baseline/results/HARK_n_sep+pf_IPD/official_hark_outputs/fileid_125/hark_raw_fileid_125,batchflow '/mnt/d/邵鹏远/UCL/博1/code/audition_pipeline/ablation_study/baseline/results/HARK_n_sep+pf_IPD/official_hark_outputs/fileid_125/runtime_fileid_125.n' '/mnt/d/邵鹏远/UCL/博1/code/audition_pipeline/data/dataset_4mic_3spk/Eval/mic/mic_fileid_125_doa76_3spk.wav' '/mnt/d/邵鹏远/UCL/博1/code/audition_pipeline/ablation_study/baseline/results/HARK_n_sep+pf_IPD/official_hark_outputs/fileid_125/hark_raw_fileid_125',0,4.395970538999791,/mnt/d/邵鹏远/UCL/博1/code/audition_pipeline/ablation_study/baseline/results/HARK_n_sep+pf_IPD/official_hark_logs/hark_fileid_125.stdout.log,/mnt/d/邵鹏远/UCL/博1/code/audition_pipeline/ablation_study/baseline/results/HARK_n_sep+pf_IPD/official_hark_logs/hark_fileid_125.stderr.log,3
126,/mnt/d/邵鹏远/UCL/博1/code/audition_pipeline/data/dataset_4mic_3spk/Eval/mic/mic_fileid_126_doa119_3spk.wav,"124,242,321",/mnt/d/邵鹏远/UCL/博1/code/audition_pipeline/ablation_study/baseline/results/HARK_n_sep+pf_IPD/official_hark_outputs/fileid_126,/mnt/d/邵鹏远/UCL/博1/code/audition_pipeline/ablation_study/baseline/results/HARK_n_sep+pf_IPD/official_hark_outputs/fileid_126/hark_raw_fileid_126,batchflow '/mnt/d/邵鹏远/UCL/博1/code/audition_pipeline/ablation_study/baseline/results/HARK_n_sep+pf_IPD/official_hark_outputs/fileid_126/runtime_fileid_126.n' '/mnt/d/邵鹏远/UCL/博1/code/audition_pipeline/data/dataset_4mic_3spk/Eval/mic/mic_fileid_126_doa119_3spk.wav' '/mnt/d/邵鹏远/UCL/博1/code/audition_pipeline/ablation_study/baseline/results/HARK_n_sep+pf_IPD/official_hark_outputs/fileid_126/hark_raw_fileid_126',0,4.124176594999881,/mnt/d/邵鹏远/UCL/博1/code/audition_pipeline/ablation_study/baseline/results/HARK_n_sep+pf_IPD/official_hark_logs/hark_fileid_126.stdout.log,/mnt/d/邵鹏远/UCL/博1/code/audition_pipeline/ablation_study/baseline/results/HARK_n_sep+pf_IPD/official_hark_logs/hark_fileid_126.stderr.log,3
127,/mnt/d/邵鹏远/UCL/博1/code/audition_pipeline/data/dataset_4mic_3spk/Eval/mic/mic_fileid_127_doa151_3spk.wav,"165,230,354",/mnt/d/邵鹏远/UCL/博1/code/audition_pipeline/ablation_study/baseline/results/HARK_n_sep+pf_IPD/official_hark_outputs/fileid_127,/mnt/d/邵鹏远/UCL/博1/code/audition_pipeline/ablation_study/baseline/results/HARK_n_sep+pf_IPD/official_hark_outputs/fileid_127/hark_raw_fileid_127,batchflow '/mnt/d/邵鹏远/UCL/博1/code/audition_pipeline/ablation_study/baseline/results/HARK_n_sep+pf_IPD/official_hark_outputs/fileid_127/runtime_fileid_127.n' '/mnt/d/邵鹏远/UCL/博1/code/audition_pipeline/data/dataset_4mic_3spk/Eval/mic/mic_fileid_127_doa151_3spk.wav' '/mnt/d/邵鹏远/UCL/博1/code/audition_pipeline/ablation_study/baseline/results/HARK_n_sep+pf_IPD/official_hark_outputs/fileid_127/hark_raw_fileid_127',0,4.444325093999396,/mnt/d/邵鹏远/UCL/博1/code/audition_pipeline/ablation_study/baseline/results/HARK_n_sep+pf_IPD/official_hark_logs/hark_fileid_127.stdout.log,/mnt/d/邵鹏远/UCL/博1/code/audition_pipeline/ablation_study/baseline/results/HARK_n_sep+pf_IPD/official_hark_logs/hark_fileid_127.stderr.log,3
128,/mnt/d/邵鹏远/UCL/博1/code/audition_pipeline/data/dataset_4mic_3spk/Eval/mic/mic_fileid_128_doa219_3spk.wav,"217,300,335",/mnt/d/邵鹏远/UCL/博1/code/audition_pipeline/ablation_study/baseline/results/HARK_n_sep+pf_IPD/official_hark_outputs/fileid_128,/mnt/d/邵鹏远/UCL/博1/code/audition_pipeline/ablation_study/baseline/results/HARK_n_sep+pf_IPD/official_hark_outputs/fileid_128/hark_raw_fileid_128,batchflow '/mnt/d/邵鹏远/UCL/博1/code/audition_pipeline/ablation_study/baseline/results/HARK_n_sep+pf_IPD/official_hark_outputs/fileid_128/runtime_fileid_128.n' '/mnt/d/邵鹏远/UCL/博1/code/audition_pipeline/data/dataset_4mic_3spk/Eval/mic/mic_fileid_128_doa219_3spk.wav' '/mnt/d/邵鹏远/UCL/博1/code/audition_pipeline/ablation_study/baseline/results/HARK_n_sep+pf_IPD/official_hark_outputs/fileid_128/hark_raw_fileid_128',0,3.488852145000237,/mnt/d/邵鹏远/UCL/博1/code/audition_pipeline/ablation_study/baseline/results/HARK_n_sep+pf_IPD/official_hark_logs/hark_fileid_128.stdout.log,/mnt/d/邵鹏远/UCL/博1/code/audition_pipeline/ablation_study/baseline/results/HARK_n_sep+pf_IPD/official_hark_logs/hark_fileid_128.stderr.log,3
129,/mnt/d/邵鹏远/UCL/博1/code/audition_pipeline/data/dataset_4mic_3spk/Eval/mic/mic_fileid_129_doa36_3spk.wav,"37,142,186",/mnt/d/邵鹏远/UCL/博1/code/audition_pipeline/ablation_study/baseline/results/HARK_n_sep+pf_IPD/official_hark_outputs/fileid_129,/mnt/d/邵鹏远/UCL/博1/code/audition_pipeline/ablation_study/baseline/results/HARK_n_sep+pf_IPD/official_hark_outputs/fileid_129/hark_raw_fileid_129,batchflow '/mnt/d/邵鹏远/UCL/博1/code/audition_pipeline/ablation_study/baseline/results/HARK_n_sep+pf_IPD/official_hark_outputs/fileid_129/runtime_fileid_129.n' '/mnt/d/邵鹏远/UCL/博1/code/audition_pipeline/data/dataset_4mic_3spk/Eval/mic/mic_fileid_129_doa36_3spk.wav' '/mnt/d/邵鹏远/UCL/博1/code/audition_pipeline/ablation_study/baseline/results/HARK_n_sep+pf_IPD/official_hark_outputs/fileid_129/hark_raw_fileid_129',0,4.315138414000103,/mnt/d/邵鹏远/UCL/博1/code/audition_pipeline/ablation_study/baseline/results/HARK_n_sep+pf_IPD/official_hark_logs/hark_fileid_129.stdout.log,/mnt/d/邵鹏远/UCL/博1/code/audition_pipeline/ablation_study/baseline/results/HARK_n_sep+pf_IPD/official_hark_logs/hark_fileid_129.stderr.log,3
130,/mnt/d/邵鹏远/UCL/博1/code/audition_pipeline/data/dataset_4mic_3spk/Eval/mic/mic_fileid_130_doa67_3spk.wav,"67,114,303",/mnt/d/邵鹏远/UCL/博1/code/audition_pipeline/ablation_study/baseline/results/HARK_n_sep+pf_IPD/official_hark_outputs/fileid_130,/mnt/d/邵鹏远/UCL/博1/code/audition_pipeline/ablation_study/baseline/results/HARK_n_sep+pf_IPD/official_hark_outputs/fileid_130/hark_raw_fileid_130,batchflow '/mnt/d/邵鹏远/UCL/博1/code/audition_pipeline/ablation_study/baseline/results/HARK_n_sep+pf_IPD/official_hark_outputs/fileid_130/runtime_fileid_130.n' '/mnt/d/邵鹏远/UCL/博1/code/audition_pipeline/data/dataset_4mic_3spk/Eval/mic/mic_fileid_130_doa67_3spk.wav' '/mnt/d/邵鹏远/UCL/博1/code/audition_pipeline/ablation_study/baseline/results/HARK_n_sep+pf_IPD/official_hark_outputs/fileid_130/hark_raw_fileid_130',0,4.375463545000457,/mnt/d/邵鹏远/UCL/博1/code/audition_pipeline/ablation_study/baseline/results/HARK_n_sep+pf_IPD/official_hark_logs/hark_fileid_130.stdout.log,/mnt/d/邵鹏远/UCL/博1/code/audition_pipeline/ablation_study/baseline/results/HARK_n_sep+pf_IPD/official_hark_logs/hark_fileid_130.stderr.log,3
131,/mnt/d/邵鹏远/UCL/博1/code/audition_pipeline/data/dataset_4mic_3spk/Eval/mic/mic_fileid_131_doa55_3spk.wav,"160,205,233",/mnt/d/邵鹏远/UCL/博1/code/audition_pipeline/ablation_study/baseline/results/HARK_n_sep+pf_IPD/official_hark_outputs/fileid_131,/mnt/d/邵鹏远/UCL/博1/code/audition_pipeline/ablation_study/baseline/results/HARK_n_sep+pf_IPD/official_hark_outputs/fileid_131/hark_raw_fileid_131,batchflow '/mnt/d/邵鹏远/UCL/博1/code/audition_pipeline/ablation_study/baseline/results/HARK_n_sep+pf_IPD/official_hark_outputs/fileid_131/runtime_fileid_131.n' '/mnt/d/邵鹏远/UCL/博1/code/audition_pipeline/data/dataset_4mic_3spk/Eval/mic/mic_fileid_131_doa55_3spk.wav' '/mnt/d/邵鹏远/UCL/博1/code/audition_pipeline/ablation_study/baseline/results/HARK_n_sep+pf_IPD/official_hark_outputs/fileid_131/hark_raw_fileid_131',0,4.4135550740002145,/mnt/d/邵鹏远/UCL/博1/code/audition_pipeline/ablation_study/baseline/results/HARK_n_sep+pf_IPD/official_hark_logs/hark_fileid_131.stdout.log,/mnt/d/邵鹏远/UCL/博1/code/audition_pipeline/ablation_study/baseline/results/HARK_n_sep+pf_IPD/official_hark_logs/hark_fileid_131.stderr.log,3
132,/mnt/d/邵鹏远/UCL/博1/code/audition_pipeline/data/dataset_4mic_3spk/Eval/mic/mic_fileid_132_doa43_3spk.wav,"42,77,120",/mnt/d/邵鹏远/UCL/博1/code/audition_pipeline/ablation_study/baseline/results/HARK_n_sep+pf_IPD/official_hark_outputs/fileid_132,/mnt/d/邵鹏远/UCL/博1/code/audition_pipeline/ablation_study/baseline/results/HARK_n_sep+pf_IPD/official_hark_outputs/fileid_132/hark_raw_fileid_132,batchflow '/mnt/d/邵鹏远/UCL/博1/code/audition_pipeline/ablation_study/baseline/results/HARK_n_sep+pf_IPD/official_hark_outputs/fileid_132/runtime_fileid_132.n' '/mnt/d/邵鹏远/UCL/博1/code/audition_pipeline/data/dataset_4mic_3spk/Eval/mic/mic_fileid_132_doa43_3spk.wav' '/mnt/d/邵鹏远/UCL/博1/code/audition_pipeline/ablation_study/baseline/results/HARK_n_sep+pf_IPD/official_hark_outputs/fileid_132/hark_raw_fileid_132',0,4.54996985499929,/mnt/d/邵鹏远/UCL/博1/code/audition_pipeline/ablation_study/baseline/results/HARK_n_sep+pf_IPD/official_hark_logs/hark_fileid_132.stdout.log,/mnt/d/邵鹏远/UCL/博1/code/audition_pipeline/ablation_study/baseline/results/HARK_n_sep+pf_IPD/official_hark_logs/hark_fileid_132.stderr.log,3
133,/mnt/d/邵鹏远/UCL/博1/code/audition_pipeline/data/dataset_4mic_3spk/Eval/mic/mic_fileid_133_doa178_3spk.wav,"189,243,340",/mnt/d/邵鹏远/UCL/博1/code/audition_pipeline/ablation_study/baseline/results/HARK_n_sep+pf_IPD/official_hark_outputs/fileid_133,/mnt/d/邵鹏远/UCL/博1/code/audition_pipeline/ablation_study/baseline/results/HARK_n_sep+pf_IPD/official_hark_outputs/fileid_133/hark_raw_fileid_133,batchflow '/mnt/d/邵鹏远/UCL/博1/code/audition_pipeline/ablation_study/baseline/results/HARK_n_sep+pf_IPD/official_hark_outputs/fileid_133/runtime_fileid_133.n' '/mnt/d/邵鹏远/UCL/博1/code/audition_pipeline/data/dataset_4mic_3spk/Eval/mic/mic_fileid_133_doa178_3spk.wav' '/mnt/d/邵鹏远/UCL/博1/code/audition_pipeline/ablation_study/baseline/results/HARK_n_sep+pf_IPD/official_hark_outputs/fileid_133/hark_raw_fileid_133',0,4.083268678999957,/mnt/d/邵鹏远/UCL/博1/code/audition_pipeline/ablation_study/baseline/results/HARK_n_sep+pf_IPD/official_hark_logs/hark_fileid_133.stdout.log,/mnt/d/邵鹏远/UCL/博1/code/audition_pipeline/ablation_study/baseline/results/HARK_n_sep+pf_IPD/official_hark_logs/hark_fileid_133.stderr.log,3
134,/mnt/d/邵鹏远/UCL/博1/code/audition_pipeline/data/dataset_4mic_3spk/Eval/mic/mic_fileid_134_doa125_3spk.wav,"127,171,313",/mnt/d/邵鹏远/UCL/博1/code/audition_pipeline/ablation_study/baseline/results/HARK_n_sep+pf_IPD/official_hark_outputs/fileid_134,/mnt/d/邵鹏远/UCL/博1/code/audition_pipeline/ablation_study/baseline/results/HARK_n_sep+pf_IPD/official_hark_outputs/fileid_134/hark_raw_fileid_134,batchflow '/mnt/d/邵鹏远/UCL/博1/code/audition_pipeline/ablation_study/baseline/results/HARK_n_sep+pf_IPD/official_hark_outputs/fileid_134/runtime_fileid_134.n' '/mnt/d/邵鹏远/UCL/博1/code/audition_pipeline/data/dataset_4mic_3spk/Eval/mic/mic_fileid_134_doa125_3spk.wav' '/mnt/d/邵鹏远/UCL/博1/code/audition_pipeline/ablation_study/baseline/results/HARK_n_sep+pf_IPD/official_hark_outputs/fileid_134/hark_raw_fileid_134',0,4.232431894000001,/mnt/d/邵鹏远/UCL/博1/code/audition_pipeline/ablation_study/baseline/results/HARK_n_sep+pf_IPD/official_hark_logs/hark_fileid_134.stdout.log,/mnt/d/邵鹏远/UCL/博1/code/audition_pipeline/ablation_study/baseline/results/HARK_n_sep+pf_IPD/official_hark_logs/hark_fileid_134.stderr.log,3
135,/mnt/d/邵鹏远/UCL/博1/code/audition_pipeline/data/dataset_4mic_3spk/Eval/mic/mic_fileid_135_doa93_3spk.wav,"94,206,259",/mnt/d/邵鹏远/UCL/博1/code/audition_pipeline/ablation_study/baseline/results/HARK_n_sep+pf_IPD/official_hark_outputs/fileid_135,/mnt/d/邵鹏远/UCL/博1/code/audition_pipeline/ablation_study/baseline/results/HARK_n_sep+pf_IPD/official_hark_outputs/fileid_135/hark_raw_fileid_135,batchflow '/mnt/d/邵鹏远/UCL/博1/code/audition_pipeline/ablation_study/baseline/results/HARK_n_sep+pf_IPD/official_hark_outputs/fileid_135/runtime_fileid_135.n' '/mnt/d/邵鹏远/UCL/博1/code/audition_pipeline/data/dataset_4mic_3spk/Eval/mic/mic_fileid_135_doa93_3spk.wav' '/mnt/d/邵鹏远/UCL/博1/code/audition_pipeline/ablation_study/baseline/results/HARK_n_sep+pf_IPD/official_hark_outputs/fileid_135/hark_raw_fileid_135',0,4.387742816000355,/mnt/d/邵鹏远/UCL/博1/code/audition_pipeline/ablation_study/baseline/results/HARK_n_sep+pf_IPD/official_hark_logs/hark_fileid_135.stdout.log,/mnt/d/邵鹏远/UCL/博1/code/audition_pipeline/ablation_study/baseline/results/HARK_n_sep+pf_IPD/official_hark_logs/hark_fileid_135.stderr.log,3
136,/mnt/d/邵鹏远/UCL/博1/code/audition_pipeline/data/dataset_4mic_3spk/Eval/mic/mic_fileid_136_doa59_3spk.wav,"215,248,314",/mnt/d/邵鹏远/UCL/博1/code/audition_pipeline/ablation_study/baseline/results/HARK_n_sep+pf_IPD/official_hark_outputs/fileid_136,/mnt/d/邵鹏远/UCL/博1/code/audition_pipeline/ablation_study/baseline/results/HARK_n_sep+pf_IPD/official_hark_outputs/fileid_136/hark_raw_fileid_136,batchflow '/mnt/d/邵鹏远/UCL/博1/code/audition_pipeline/ablation_study/baseline/results/HARK_n_sep+pf_IPD/official_hark_outputs/fileid_136/runtime_fileid_136.n' '/mnt/d/邵鹏远/UCL/博1/code/audition_pipeline/data/dataset_4mic_3spk/Eval/mic/mic_fileid_136_doa59_3spk.wav' '/mnt/d/邵鹏远/UCL/博1/code/audition_pipeline/ablation_study/baseline/results/HARK_n_sep+pf_IPD/official_hark_outputs/fileid_136/hark_raw_fileid_136',0,4.542606146999788,/mnt/d/邵鹏远/UCL/博1/code/audition_pipeline/ablation_study/baseline/results/HARK_n_sep+pf_IPD/official_hark_logs/hark_fileid_136.stdout.log,/mnt/d/邵鹏远/UCL/博1/code/audition_pipeline/ablation_study/baseline/results/HARK_n_sep+pf_IPD/official_hark_logs/hark_fileid_136.stderr.log,3
137,/mnt/d/邵鹏远/UCL/博1/code/audition_pipeline/data/dataset_4mic_3spk/Eval/mic/mic_fileid_137_doa84_3spk.wav,"89,172,278",/mnt/d/邵鹏远/UCL/博1/code/audition_pipeline/ablation_study/baseline/results/HARK_n_sep+pf_IPD/official_hark_outputs/fileid_137,/mnt/d/邵鹏远/UCL/博1/code/audition_pipeline/ablation_study/baseline/results/HARK_n_sep+pf_IPD/official_hark_outputs/fileid_137/hark_raw_fileid_137,batchflow '/mnt/d/邵鹏远/UCL/博1/code/audition_pipeline/ablation_study/baseline/results/HARK_n_sep+pf_IPD/official_hark_outputs/fileid_137/runtime_fileid_137.n' '/mnt/d/邵鹏远/UCL/博1/code/audition_pipeline/data/dataset_4mic_3spk/Eval/mic/mic_fileid_137_doa84_3spk.wav' '/mnt/d/邵鹏远/UCL/博1/code/audition_pipeline/ablation_study/baseline/results/HARK_n_sep+pf_IPD/official_hark_outputs/fileid_137/hark_raw_fileid_137',0,4.552153800999804,/mnt/d/邵鹏远/UCL/博1/code/audition_pipeline/ablation_study/baseline/results/HARK_n_sep+pf_IPD/official_hark_logs/hark_fileid_137.stdout.log,/mnt/d/邵鹏远/UCL/博1/code/audition_pipeline/ablation_study/baseline/results/HARK_n_sep+pf_IPD/official_hark_logs/hark_fileid_137.stderr.log,3
138,/mnt/d/邵鹏远/UCL/博1/code/audition_pipeline/data/dataset_4mic_3spk/Eval/mic/mic_fileid_138_doa68_3spk.wav,"64,230,328",/mnt/d/邵鹏远/UCL/博1/code/audition_pipeline/ablation_study/baseline/results/HARK_n_sep+pf_IPD/official_hark_outputs/fileid_138,/mnt/d/邵鹏远/UCL/博1/code/audition_pipeline/ablation_study/baseline/results/HARK_n_sep+pf_IPD/official_hark_outputs/fileid_138/hark_raw_fileid_138,batchflow '/mnt/d/邵鹏远/UCL/博1/code/audition_pipeline/ablation_study/baseline/results/HARK_n_sep+pf_IPD/official_hark_outputs/fileid_138/runtime_fileid_138.n' '/mnt/d/邵鹏远/UCL/博1/code/audition_pipeline/data/dataset_4mic_3spk/Eval/mic/mic_fileid_138_doa68_3spk.wav' '/mnt/d/邵鹏远/UCL/博1/code/audition_pipeline/ablation_study/baseline/results/HARK_n_sep+pf_IPD/official_hark_outputs/fileid_138/hark_raw_fileid_138',0,4.341258573000232,/mnt/d/邵鹏远/UCL/博1/code/audition_pipeline/ablation_study/baseline/results/HARK_n_sep+pf_IPD/official_hark_logs/hark_fileid_138.stdout.log,/mnt/d/邵鹏远/UCL/博1/code/audition_pipeline/ablation_study/baseline/results/HARK_n_sep+pf_IPD/official_hark_logs/hark_fileid_138.stderr.log,3
139,/mnt/d/邵鹏远/UCL/博1/code/audition_pipeline/data/dataset_4mic_3spk/Eval/mic/mic_fileid_139_doa109_3spk.wav,"110,141",/mnt/d/邵鹏远/UCL/博1/code/audition_pipeline/ablation_study/baseline/results/HARK_n_sep+pf_IPD/official_hark_outputs/fileid_139,/mnt/d/邵鹏远/UCL/博1/code/audition_pipeline/ablation_study/baseline/results/HARK_n_sep+pf_IPD/official_hark_outputs/fileid_139/hark_raw_fileid_139,batchflow '/mnt/d/邵鹏远/UCL/博1/code/audition_pipeline/ablation_study/baseline/results/HARK_n_sep+pf_IPD/official_hark_outputs/fileid_139/runtime_fileid_139.n' '/mnt/d/邵鹏远/UCL/博1/code/audition_pipeline/data/dataset_4mic_3spk/Eval/mic/mic_fileid_139_doa109_3spk.wav' '/mnt/d/邵鹏远/UCL/博1/code/audition_pipeline/ablation_study/baseline/results/HARK_n_sep+pf_IPD/official_hark_outputs/fileid_139/hark_raw_fileid_139',0,3.006953281999813,/mnt/d/邵鹏远/UCL/博1/code/audition_pipeline/ablation_study/baseline/results/HARK_n_sep+pf_IPD/official_hark_logs/hark_fileid_139.stdout.log,/mnt/d/邵鹏远/UCL/博1/code/audition_pipeline/ablation_study/baseline/results/HARK_n_sep+pf_IPD/official_hark_logs/hark_fileid_139.stderr.log,2
140,/mnt/d/邵鹏远/UCL/博1/code/audition_pipeline/data/dataset_4mic_3spk/Eval/mic/mic_fileid_140_doa211_3spk.wav,"204,255,339",/mnt/d/邵鹏远/UCL/博1/code/audition_pipeline/ablation_study/baseline/results/HARK_n_sep+pf_IPD/official_hark_outputs/fileid_140,/mnt/d/邵鹏远/UCL/博1/code/audition_pipeline/ablation_study/baseline/results/HARK_n_sep+pf_IPD/official_hark_outputs/fileid_140/hark_raw_fileid_140,batchflow '/mnt/d/邵鹏远/UCL/博1/code/audition_pipeline/ablation_study/baseline/results/HARK_n_sep+pf_IPD/official_hark_outputs/fileid_140/runtime_fileid_140.n' '/mnt/d/邵鹏远/UCL/博1/code/audition_pipeline/data/dataset_4mic_3spk/Eval/mic/mic_fileid_140_doa211_3spk.wav' '/mnt/d/邵鹏远/UCL/博1/code/audition_pipeline/ablation_study/baseline/results/HARK_n_sep+pf_IPD/official_hark_outputs/fileid_140/hark_raw_fileid_140',0,4.578123033999873,/mnt/d/邵鹏远/UCL/博1/code/audition_pipeline/ablation_study/baseline/results/HARK_n_sep+pf_IPD/official_hark_logs/hark_fileid_140.stdout.log,/mnt/d/邵鹏远/UCL/博1/code/audition_pipeline/ablation_study/baseline/results/HARK_n_sep+pf_IPD/official_hark_logs/hark_fileid_140.stderr.log,3
141,/mnt/d/邵鹏远/UCL/博1/code/audition_pipeline/data/dataset_4mic_3spk/Eval/mic/mic_fileid_141_doa54_3spk.wav,"46,104,169",/mnt/d/邵鹏远/UCL/博1/code/audition_pipeline/ablation_study/baseline/results/HARK_n_sep+pf_IPD/official_hark_outputs/fileid_141,/mnt/d/邵鹏远/UCL/博1/code/audition_pipeline/ablation_study/baseline/results/HARK_n_sep+pf_IPD/official_hark_outputs/fileid_141/hark_raw_fileid_141,batchflow '/mnt/d/邵鹏远/UCL/博1/code/audition_pipeline/ablation_study/baseline/results/HARK_n_sep+pf_IPD/official_hark_outputs/fileid_141/runtime_fileid_141.n' '/mnt/d/邵鹏远/UCL/博1/code/audition_pipeline/data/dataset_4mic_3spk/Eval/mic/mic_fileid_141_doa54_3spk.wav' '/mnt/d/邵鹏远/UCL/博1/code/audition_pipeline/ablation_study/baseline/results/HARK_n_sep+pf_IPD/official_hark_outputs/fileid_141/hark_raw_fileid_141',0,4.344855199999984,/mnt/d/邵鹏远/UCL/博1/code/audition_pipeline/ablation_study/baseline/results/HARK_n_sep+pf_IPD/official_hark_logs/hark_fileid_141.stdout.log,/mnt/d/邵鹏远/UCL/博1/code/audition_pipeline/ablation_study/baseline/results/HARK_n_sep+pf_IPD/official_hark_logs/hark_fileid_141.stderr.log,3
142,/mnt/d/邵鹏远/UCL/博1/code/audition_pipeline/data/dataset_4mic_3spk/Eval/mic/mic_fileid_142_doa64_3spk.wav,"103,179,244",/mnt/d/邵鹏远/UCL/博1/code/audition_pipeline/ablation_study/baseline/results/HARK_n_sep+pf_IPD/official_hark_outputs/fileid_142,/mnt/d/邵鹏远/UCL/博1/code/audition_pipeline/ablation_study/baseline/results/HARK_n_sep+pf_IPD/official_hark_outputs/fileid_142/hark_raw_fileid_142,batchflow '/mnt/d/邵鹏远/UCL/博1/code/audition_pipeline/ablation_study/baseline/results/HARK_n_sep+pf_IPD/official_hark_outputs/fileid_142/runtime_fileid_142.n' '/mnt/d/邵鹏远/UCL/博1/code/audition_pipeline/data/dataset_4mic_3spk/Eval/mic/mic_fileid_142_doa64_3spk.wav' '/mnt/d/邵鹏远/UCL/博1/code/audition_pipeline/ablation_study/baseline/results/HARK_n_sep+pf_IPD/official_hark_outputs/fileid_142/hark_raw_fileid_142',0,4.592900855000153,/mnt/d/邵鹏远/UCL/博1/code/audition_pipeline/ablation_study/baseline/results/HARK_n_sep+pf_IPD/official_hark_logs/hark_fileid_142.stdout.log,/mnt/d/邵鹏远/UCL/博1/code/audition_pipeline/ablation_study/baseline/results/HARK_n_sep+pf_IPD/official_hark_logs/hark_fileid_142.stderr.log,3
143,/mnt/d/邵鹏远/UCL/博1/code/audition_pipeline/data/dataset_4mic_3spk/Eval/mic/mic_fileid_143_doa172_3spk.wav,"122,172,335",/mnt/d/邵鹏远/UCL/博1/code/audition_pipeline/ablation_study/baseline/results/HARK_n_sep+pf_IPD/official_hark_outputs/fileid_143,/mnt/d/邵鹏远/UCL/博1/code/audition_pipeline/ablation_study/baseline/results/HARK_n_sep+pf_IPD/official_hark_outputs/fileid_143/hark_raw_fileid_143,batchflow '/mnt/d/邵鹏远/UCL/博1/code/audition_pipeline/ablation_study/baseline/results/HARK_n_sep+pf_IPD/official_hark_outputs/fileid_143/runtime_fileid_143.n' '/mnt/d/邵鹏远/UCL/博1/code/audition_pipeline/data/dataset_4mic_3spk/Eval/mic/mic_fileid_143_doa172_3spk.wav' '/mnt/d/邵鹏远/UCL/博1/code/audition_pipeline/ablation_study/baseline/results/HARK_n_sep+pf_IPD/official_hark_outputs/fileid_143/hark_raw_fileid_143',0,4.50570098299977,/mnt/d/邵鹏远/UCL/博1/code/audition_pipeline/ablation_study/baseline/results/HARK_n_sep+pf_IPD/official_hark_logs/hark_fileid_143.stdout.log,/mnt/d/邵鹏远/UCL/博1/code/audition_pipeline/ablation_study/baseline/results/HARK_n_sep+pf_IPD/official_hark_logs/hark_fileid_143.stderr.log,3
144,/mnt/d/邵鹏远/UCL/博1/code/audition_pipeline/data/dataset_4mic_3spk/Eval/mic/mic_fileid_144_doa170_3spk.wav,"167,202,249",/mnt/d/邵鹏远/UCL/博1/code/audition_pipeline/ablation_study/baseline/results/HARK_n_sep+pf_IPD/official_hark_outputs/fileid_144,/mnt/d/邵鹏远/UCL/博1/code/audition_pipeline/ablation_study/baseline/results/HARK_n_sep+pf_IPD/official_hark_outputs/fileid_144/hark_raw_fileid_144,batchflow '/mnt/d/邵鹏远/UCL/博1/code/audition_pipeline/ablation_study/baseline/results/HARK_n_sep+pf_IPD/official_hark_outputs/fileid_144/runtime_fileid_144.n' '/mnt/d/邵鹏远/UCL/博1/code/audition_pipeline/data/dataset_4mic_3spk/Eval/mic/mic_fileid_144_doa170_3spk.wav' '/mnt/d/邵鹏远/UCL/博1/code/audition_pipeline/ablation_study/baseline/results/HARK_n_sep+pf_IPD/official_hark_outputs/fileid_144/hark_raw_fileid_144',0,4.408511356999952,/mnt/d/邵鹏远/UCL/博1/code/audition_pipeline/ablation_study/baseline/results/HARK_n_sep+pf_IPD/official_hark_logs/hark_fileid_144.stdout.log,/mnt/d/邵鹏远/UCL/博1/code/audition_pipeline/ablation_study/baseline/results/HARK_n_sep+pf_IPD/official_hark_logs/hark_fileid_144.stderr.log,3
145,/mnt/d/邵鹏远/UCL/博1/code/audition_pipeline/data/dataset_4mic_3spk/Eval/mic/mic_fileid_145_doa40_3spk.wav,"38,111,324",/mnt/d/邵鹏远/UCL/博1/code/audition_pipeline/ablation_study/baseline/results/HARK_n_sep+pf_IPD/official_hark_outputs/fileid_145,/mnt/d/邵鹏远/UCL/博1/code/audition_pipeline/ablation_study/baseline/results/HARK_n_sep+pf_IPD/official_hark_outputs/fileid_145/hark_raw_fileid_145,batchflow '/mnt/d/邵鹏远/UCL/博1/code/audition_pipeline/ablation_study/baseline/results/HARK_n_sep+pf_IPD/official_hark_outputs/fileid_145/runtime_fileid_145.n' '/mnt/d/邵鹏远/UCL/博1/code/audition_pipeline/data/dataset_4mic_3spk/Eval/mic/mic_fileid_145_doa40_3spk.wav' '/mnt/d/邵鹏远/UCL/博1/code/audition_pipeline/ablation_study/baseline/results/HARK_n_sep+pf_IPD/official_hark_outputs/fileid_145/hark_raw_fileid_145',0,4.096038796000357,/mnt/d/邵鹏远/UCL/博1/code/audition_pipeline/ablation_study/baseline/results/HARK_n_sep+pf_IPD/official_hark_logs/hark_fileid_145.stdout.log,/mnt/d/邵鹏远/UCL/博1/code/audition_pipeline/ablation_study/baseline/results/HARK_n_sep+pf_IPD/official_hark_logs/hark_fileid_145.stderr.log,3
146,/mnt/d/邵鹏远/UCL/博1/code/audition_pipeline/data/dataset_4mic_3spk/Eval/mic/mic_fileid_146_doa55_3spk.wav,"51,94,169",/mnt/d/邵鹏远/UCL/博1/code/audition_pipeline/ablation_study/baseline/results/HARK_n_sep+pf_IPD/official_hark_outputs/fileid_146,/mnt/d/邵鹏远/UCL/博1/code/audition_pipeline/ablation_study/baseline/results/HARK_n_sep+pf_IPD/official_hark_outputs/fileid_146/hark_raw_fileid_146,batchflow '/mnt/d/邵鹏远/UCL/博1/code/audition_pipeline/ablation_study/baseline/results/HARK_n_sep+pf_IPD/official_hark_outputs/fileid_146/runtime_fileid_146.n' '/mnt/d/邵鹏远/UCL/博1/code/audition_pipeline/data/dataset_4mic_3spk/Eval/mic/mic_fileid_146_doa55_3spk.wav' '/mnt/d/邵鹏远/UCL/博1/code/audition_pipeline/ablation_study/baseline/results/HARK_n_sep+pf_IPD/official_hark_outputs/fileid_146/hark_raw_fileid_146',0,4.114981501999864,/mnt/d/邵鹏远/UCL/博1/code/audition_pipeline/ablation_study/baseline/results/HARK_n_sep+pf_IPD/official_hark_logs/hark_fileid_146.stdout.log,/mnt/d/邵鹏远/UCL/博1/code/audition_pipeline/ablation_study/baseline/results/HARK_n_sep+pf_IPD/official_hark_logs/hark_fileid_146.stderr.log,3
147,/mnt/d/邵鹏远/UCL/博1/code/audition_pipeline/data/dataset_4mic_3spk/Eval/mic/mic_fileid_147_doa111_3spk.wav,"98,139,167",/mnt/d/邵鹏远/UCL/博1/code/audition_pipeline/ablation_study/baseline/results/HARK_n_sep+pf_IPD/official_hark_outputs/fileid_147,/mnt/d/邵鹏远/UCL/博1/code/audition_pipeline/ablation_study/baseline/results/HARK_n_sep+pf_IPD/official_hark_outputs/fileid_147/hark_raw_fileid_147,batchflow '/mnt/d/邵鹏远/UCL/博1/code/audition_pipeline/ablation_study/baseline/results/HARK_n_sep+pf_IPD/official_hark_outputs/fileid_147/runtime_fileid_147.n' '/mnt/d/邵鹏远/UCL/博1/code/audition_pipeline/data/dataset_4mic_3spk/Eval/mic/mic_fileid_147_doa111_3spk.wav' '/mnt/d/邵鹏远/UCL/博1/code/audition_pipeline/ablation_study/baseline/results/HARK_n_sep+pf_IPD/official_hark_outputs/fileid_147/hark_raw_fileid_147',0,4.485143900999901,/mnt/d/邵鹏远/UCL/博1/code/audition_pipeline/ablation_study/baseline/results/HARK_n_sep+pf_IPD/official_hark_logs/hark_fileid_147.stdout.log,/mnt/d/邵鹏远/UCL/博1/code/audition_pipeline/ablation_study/baseline/results/HARK_n_sep+pf_IPD/official_hark_logs/hark_fileid_147.stderr.log,3
148,/mnt/d/邵鹏远/UCL/博1/code/audition_pipeline/data/dataset_4mic_3spk/Eval/mic/mic_fileid_148_doa52_3spk.wav,"44,180,222",/mnt/d/邵鹏远/UCL/博1/code/audition_pipeline/ablation_study/baseline/results/HARK_n_sep+pf_IPD/official_hark_outputs/fileid_148,/mnt/d/邵鹏远/UCL/博1/code/audition_pipeline/ablation_study/baseline/results/HARK_n_sep+pf_IPD/official_hark_outputs/fileid_148/hark_raw_fileid_148,batchflow '/mnt/d/邵鹏远/UCL/博1/code/audition_pipeline/ablation_study/baseline/results/HARK_n_sep+pf_IPD/official_hark_outputs/fileid_148/runtime_fileid_148.n' '/mnt/d/邵鹏远/UCL/博1/code/audition_pipeline/data/dataset_4mic_3spk/Eval/mic/mic_fileid_148_doa52_3spk.wav' '/mnt/d/邵鹏远/UCL/博1/code/audition_pipeline/ablation_study/baseline/results/HARK_n_sep+pf_IPD/official_hark_outputs/fileid_148/hark_raw_fileid_148',0,4.133569706999879,/mnt/d/邵鹏远/UCL/博1/code/audition_pipeline/ablation_study/baseline/results/HARK_n_sep+pf_IPD/official_hark_logs/hark_fileid_148.stdout.log,/mnt/d/邵鹏远/UCL/博1/code/audition_pipeline/ablation_study/baseline/results/HARK_n_sep+pf_IPD/official_hark_logs/hark_fileid_148.stderr.log,3
149,/mnt/d/邵鹏远/UCL/博1/code/audition_pipeline/data/dataset_4mic_3spk/Eval/mic/mic_fileid_149_doa92_3spk.wav,"94,166,237",/mnt/d/邵鹏远/UCL/博1/code/audition_pipeline/ablation_study/baseline/results/HARK_n_sep+pf_IPD/official_hark_outputs/fileid_149,/mnt/d/邵鹏远/UCL/博1/code/audition_pipeline/ablation_study/baseline/results/HARK_n_sep+pf_IPD/official_hark_outputs/fileid_149/hark_raw_fileid_149,batchflow '/mnt/d/邵鹏远/UCL/博1/code/audition_pipeline/ablation_study/baseline/results/HARK_n_sep+pf_IPD/official_hark_outputs/fileid_149/runtime_fileid_149.n' '/mnt/d/邵鹏远/UCL/博1/code/audition_pipeline/data/dataset_4mic_3spk/Eval/mic/mic_fileid_149_doa92_3spk.wav' '/mnt/d/邵鹏远/UCL/博1/code/audition_pipeline/ablation_study/baseline/results/HARK_n_sep+pf_IPD/official_hark_outputs/fileid_149/hark_raw_fileid_149',0,4.594332207000662,/mnt/d/邵鹏远/UCL/博1/code/audition_pipeline/ablation_study/baseline/results/HARK_n_sep+pf_IPD/official_hark_logs/hark_fileid_149.stdout.log,/mnt/d/邵鹏远/UCL/博1/code/audition_pipeline/ablation_study/baseline/results/HARK_n_sep+pf_IPD/official_hark_logs/hark_fileid_149.stderr.log,3
150,/mnt/d/邵鹏远/UCL/博1/code/audition_pipeline/data/dataset_4mic_3spk/Eval/mic/mic_fileid_150_doa91_3spk.wav,"87,122,224",/mnt/d/邵鹏远/UCL/博1/code/audition_pipeline/ablation_study/baseline/results/HARK_n_sep+pf_IPD/official_hark_outputs/fileid_150,/mnt/d/邵鹏远/UCL/博1/code/audition_pipeline/ablation_study/baseline/results/HARK_n_sep+pf_IPD/official_hark_outputs/fileid_150/hark_raw_fileid_150,batchflow '/mnt/d/邵鹏远/UCL/博1/code/audition_pipeline/ablation_study/baseline/results/HARK_n_sep+pf_IPD/official_hark_outputs/fileid_150/runtime_fileid_150.n' '/mnt/d/邵鹏远/UCL/博1/code/audition_pipeline/data/dataset_4mic_3spk/Eval/mic/mic_fileid_150_doa91_3spk.wav' '/mnt/d/邵鹏远/UCL/博1/code/audition_pipeline/ablation_study/baseline/results/HARK_n_sep+pf_IPD/official_hark_outputs/fileid_150/hark_raw_fileid_150',0,4.225529545000427,/mnt/d/邵鹏远/UCL/博1/code/audition_pipeline/ablation_study/baseline/results/HARK_n_sep+pf_IPD/official_hark_logs/hark_fileid_150.stdout.log,/mnt/d/邵鹏远/UCL/博1/code/audition_pipeline/ablation_study/baseline/results/HARK_n_sep+pf_IPD/official_hark_logs/hark_fileid_150.stderr.log,3
151,/mnt/d/邵鹏远/UCL/博1/code/audition_pipeline/data/dataset_4mic_3spk/Eval/mic/mic_fileid_151_doa83_3spk.wav,"58,190,283",/mnt/d/邵鹏远/UCL/博1/code/audition_pipeline/ablation_study/baseline/results/HARK_n_sep+pf_IPD/official_hark_outputs/fileid_151,/mnt/d/邵鹏远/UCL/博1/code/audition_pipeline/ablation_study/baseline/results/HARK_n_sep+pf_IPD/official_hark_outputs/fileid_151/hark_raw_fileid_151,batchflow '/mnt/d/邵鹏远/UCL/博1/code/audition_pipeline/ablation_study/baseline/results/HARK_n_sep+pf_IPD/official_hark_outputs/fileid_151/runtime_fileid_151.n' '/mnt/d/邵鹏远/UCL/博1/code/audition_pipeline/data/dataset_4mic_3spk/Eval/mic/mic_fileid_151_doa83_3spk.wav' '/mnt/d/邵鹏远/UCL/博1/code/audition_pipeline/ablation_study/baseline/results/HARK_n_sep+pf_IPD/official_hark_outputs/fileid_151/hark_raw_fileid_151',0,4.32486348600014,/mnt/d/邵鹏远/UCL/博1/code/audition_pipeline/ablation_study/baseline/results/HARK_n_sep+pf_IPD/official_hark_logs/hark_fileid_151.stdout.log,/mnt/d/邵鹏远/UCL/博1/code/audition_pipeline/ablation_study/baseline/results/HARK_n_sep+pf_IPD/official_hark_logs/hark_fileid_151.stderr.log,3
152,/mnt/d/邵鹏远/UCL/博1/code/audition_pipeline/data/dataset_4mic_3spk/Eval/mic/mic_fileid_152_doa81_3spk.wav,"83,140,264",/mnt/d/邵鹏远/UCL/博1/code/audition_pipeline/ablation_study/baseline/results/HARK_n_sep+pf_IPD/official_hark_outputs/fileid_152,/mnt/d/邵鹏远/UCL/博1/code/audition_pipeline/ablation_study/baseline/results/HARK_n_sep+pf_IPD/official_hark_outputs/fileid_152/hark_raw_fileid_152,batchflow '/mnt/d/邵鹏远/UCL/博1/code/audition_pipeline/ablation_study/baseline/results/HARK_n_sep+pf_IPD/official_hark_outputs/fileid_152/runtime_fileid_152.n' '/mnt/d/邵鹏远/UCL/博1/code/audition_pipeline/data/dataset_4mic_3spk/Eval/mic/mic_fileid_152_doa81_3spk.wav' '/mnt/d/邵鹏远/UCL/博1/code/audition_pipeline/ablation_study/baseline/results/HARK_n_sep+pf_IPD/official_hark_outputs/fileid_152/hark_raw_fileid_152',0,4.172813645000133,/mnt/d/邵鹏远/UCL/博1/code/audition_pipeline/ablation_study/baseline/results/HARK_n_sep+pf_IPD/official_hark_logs/hark_fileid_152.stdout.log,/mnt/d/邵鹏远/UCL/博1/code/audition_pipeline/ablation_study/baseline/results/HARK_n_sep+pf_IPD/official_hark_logs/hark_fileid_152.stderr.log,3
153,/mnt/d/邵鹏远/UCL/博1/code/audition_pipeline/data/dataset_4mic_3spk/Eval/mic/mic_fileid_153_doa13_3spk.wav,"19,103,332",/mnt/d/邵鹏远/UCL/博1/code/audition_pipeline/ablation_study/baseline/results/HARK_n_sep+pf_IPD/official_hark_outputs/fileid_153,/mnt/d/邵鹏远/UCL/博1/code/audition_pipeline/ablation_study/baseline/results/HARK_n_sep+pf_IPD/official_hark_outputs/fileid_153/hark_raw_fileid_153,batchflow '/mnt/d/邵鹏远/UCL/博1/code/audition_pipeline/ablation_study/baseline/results/HARK_n_sep+pf_IPD/official_hark_outputs/fileid_153/runtime_fileid_153.n' '/mnt/d/邵鹏远/UCL/博1/code/audition_pipeline/data/dataset_4mic_3spk/Eval/mic/mic_fileid_153_doa13_3spk.wav' '/mnt/d/邵鹏远/UCL/博1/code/audition_pipeline/ablation_study/baseline/results/HARK_n_sep+pf_IPD/official_hark_outputs/fileid_153/hark_raw_fileid_153',0,4.0844307199995455,/mnt/d/邵鹏远/UCL/博1/code/audition_pipeline/ablation_study/baseline/results/HARK_n_sep+pf_IPD/official_hark_logs/hark_fileid_153.stdout.log,/mnt/d/邵鹏远/UCL/博1/code/audition_pipeline/ablation_study/baseline/results/HARK_n_sep+pf_IPD/official_hark_logs/hark_fileid_153.stderr.log,3
154,/mnt/d/邵鹏远/UCL/博1/code/audition_pipeline/data/dataset_4mic_3spk/Eval/mic/mic_fileid_154_doa109_3spk.wav,"105,212,273",/mnt/d/邵鹏远/UCL/博1/code/audition_pipeline/ablation_study/baseline/results/HARK_n_sep+pf_IPD/official_hark_outputs/fileid_154,/mnt/d/邵鹏远/UCL/博1/code/audition_pipeline/ablation_study/baseline/results/HARK_n_sep+pf_IPD/official_hark_outputs/fileid_154/hark_raw_fileid_154,batchflow '/mnt/d/邵鹏远/UCL/博1/code/audition_pipeline/ablation_study/baseline/results/HARK_n_sep+pf_IPD/official_hark_outputs/fileid_154/runtime_fileid_154.n' '/mnt/d/邵鹏远/UCL/博1/code/audition_pipeline/data/dataset_4mic_3spk/Eval/mic/mic_fileid_154_doa109_3spk.wav' '/mnt/d/邵鹏远/UCL/博1/code/audition_pipeline/ablation_study/baseline/results/HARK_n_sep+pf_IPD/official_hark_outputs/fileid_154/hark_raw_fileid_154',0,4.401478100000531,/mnt/d/邵鹏远/UCL/博1/code/audition_pipeline/ablation_study/baseline/results/HARK_n_sep+pf_IPD/official_hark_logs/hark_fileid_154.stdout.log,/mnt/d/邵鹏远/UCL/博1/code/audition_pipeline/ablation_study/baseline/results/HARK_n_sep+pf_IPD/official_hark_logs/hark_fileid_154.stderr.log,3
155,/mnt/d/邵鹏远/UCL/博1/code/audition_pipeline/data/dataset_4mic_3spk/Eval/mic/mic_fileid_155_doa4_3spk.wav,"23,169,254",/mnt/d/邵鹏远/UCL/博1/code/audition_pipeline/ablation_study/baseline/results/HARK_n_sep+pf_IPD/official_hark_outputs/fileid_155,/mnt/d/邵鹏远/UCL/博1/code/audition_pipeline/ablation_study/baseline/results/HARK_n_sep+pf_IPD/official_hark_outputs/fileid_155/hark_raw_fileid_155,batchflow '/mnt/d/邵鹏远/UCL/博1/code/audition_pipeline/ablation_study/baseline/results/HARK_n_sep+pf_IPD/official_hark_outputs/fileid_155/runtime_fileid_155.n' '/mnt/d/邵鹏远/UCL/博1/code/audition_pipeline/data/dataset_4mic_3spk/Eval/mic/mic_fileid_155_doa4_3spk.wav' '/mnt/d/邵鹏远/UCL/博1/code/audition_pipeline/ablation_study/baseline/results/HARK_n_sep+pf_IPD/official_hark_outputs/fileid_155/hark_raw_fileid_155',0,4.779782081000121,/mnt/d/邵鹏远/UCL/博1/code/audition_pipeline/ablation_study/baseline/results/HARK_n_sep+pf_IPD/official_hark_logs/hark_fileid_155.stdout.log,/mnt/d/邵鹏远/UCL/博1/code/audition_pipeline/ablation_study/baseline/results/HARK_n_sep+pf_IPD/official_hark_logs/hark_fileid_155.stderr.log,3
156,/mnt/d/邵鹏远/UCL/博1/code/audition_pipeline/data/dataset_4mic_3spk/Eval/mic/mic_fileid_156_doa54_3spk.wav,"53,169,232",/mnt/d/邵鹏远/UCL/博1/code/audition_pipeline/ablation_study/baseline/results/HARK_n_sep+pf_IPD/official_hark_outputs/fileid_156,/mnt/d/邵鹏远/UCL/博1/code/audition_pipeline/ablation_study/baseline/results/HARK_n_sep+pf_IPD/official_hark_outputs/fileid_156/hark_raw_fileid_156,batchflow '/mnt/d/邵鹏远/UCL/博1/code/audition_pipeline/ablation_study/baseline/results/HARK_n_sep+pf_IPD/official_hark_outputs/fileid_156/runtime_fileid_156.n' '/mnt/d/邵鹏远/UCL/博1/code/audition_pipeline/data/dataset_4mic_3spk/Eval/mic/mic_fileid_156_doa54_3spk.wav' '/mnt/d/邵鹏远/UCL/博1/code/audition_pipeline/ablation_study/baseline/results/HARK_n_sep+pf_IPD/official_hark_outputs/fileid_156/hark_raw_fileid_156',0,4.452241944999514,/mnt/d/邵鹏远/UCL/博1/code/audition_pipeline/ablation_study/baseline/results/HARK_n_sep+pf_IPD/official_hark_logs/hark_fileid_156.stdout.log,/mnt/d/邵鹏远/UCL/博1/code/audition_pipeline/ablation_study/baseline/results/HARK_n_sep+pf_IPD/official_hark_logs/hark_fileid_156.stderr.log,3
157,/mnt/d/邵鹏远/UCL/博1/code/audition_pipeline/data/dataset_4mic_3spk/Eval/mic/mic_fileid_157_doa8_3spk.wav,"9,123,152",/mnt/d/邵鹏远/UCL/博1/code/audition_pipeline/ablation_study/baseline/results/HARK_n_sep+pf_IPD/official_hark_outputs/fileid_157,/mnt/d/邵鹏远/UCL/博1/code/audition_pipeline/ablation_study/baseline/results/HARK_n_sep+pf_IPD/official_hark_outputs/fileid_157/hark_raw_fileid_157,batchflow '/mnt/d/邵鹏远/UCL/博1/code/audition_pipeline/ablation_study/baseline/results/HARK_n_sep+pf_IPD/official_hark_outputs/fileid_157/runtime_fileid_157.n' '/mnt/d/邵鹏远/UCL/博1/code/audition_pipeline/data/dataset_4mic_3spk/Eval/mic/mic_fileid_157_doa8_3spk.wav' '/mnt/d/邵鹏远/UCL/博1/code/audition_pipeline/ablation_study/baseline/results/HARK_n_sep+pf_IPD/official_hark_outputs/fileid_157/hark_raw_fileid_157',0,4.418088352000268,/mnt/d/邵鹏远/UCL/博1/code/audition_pipeline/ablation_study/baseline/results/HARK_n_sep+pf_IPD/official_hark_logs/hark_fileid_157.stdout.log,/mnt/d/邵鹏远/UCL/博1/code/audition_pipeline/ablation_study/baseline/results/HARK_n_sep+pf_IPD/official_hark_logs/hark_fileid_157.stderr.log,3
158,/mnt/d/邵鹏远/UCL/博1/code/audition_pipeline/data/dataset_4mic_3spk/Eval/mic/mic_fileid_158_doa77_3spk.wav,"59,218,254",/mnt/d/邵鹏远/UCL/博1/code/audition_pipeline/ablation_study/baseline/results/HARK_n_sep+pf_IPD/official_hark_outputs/fileid_158,/mnt/d/邵鹏远/UCL/博1/code/audition_pipeline/ablation_study/baseline/results/HARK_n_sep+pf_IPD/official_hark_outputs/fileid_158/hark_raw_fileid_158,batchflow '/mnt/d/邵鹏远/UCL/博1/code/audition_pipeline/ablation_study/baseline/results/HARK_n_sep+pf_IPD/official_hark_outputs/fileid_158/runtime_fileid_158.n' '/mnt/d/邵鹏远/UCL/博1/code/audition_pipeline/data/dataset_4mic_3spk/Eval/mic/mic_fileid_158_doa77_3spk.wav' '/mnt/d/邵鹏远/UCL/博1/code/audition_pipeline/ablation_study/baseline/results/HARK_n_sep+pf_IPD/official_hark_outputs/fileid_158/hark_raw_fileid_158',0,3.7640090100003363,/mnt/d/邵鹏远/UCL/博1/code/audition_pipeline/ablation_study/baseline/results/HARK_n_sep+pf_IPD/official_hark_logs/hark_fileid_158.stdout.log,/mnt/d/邵鹏远/UCL/博1/code/audition_pipeline/ablation_study/baseline/results/HARK_n_sep+pf_IPD/official_hark_logs/hark_fileid_158.stderr.log,3
159,/mnt/d/邵鹏远/UCL/博1/code/audition_pipeline/data/dataset_4mic_3spk/Eval/mic/mic_fileid_159_doa31_3spk.wav,"33,215,293",/mnt/d/邵鹏远/UCL/博1/code/audition_pipeline/ablation_study/baseline/results/HARK_n_sep+pf_IPD/official_hark_outputs/fileid_159,/mnt/d/邵鹏远/UCL/博1/code/audition_pipeline/ablation_study/baseline/results/HARK_n_sep+pf_IPD/official_hark_outputs/fileid_159/hark_raw_fileid_159,batchflow '/mnt/d/邵鹏远/UCL/博1/code/audition_pipeline/ablation_study/baseline/results/HARK_n_sep+pf_IPD/official_hark_outputs/fileid_159/runtime_fileid_159.n' '/mnt/d/邵鹏远/UCL/博1/code/audition_pipeline/data/dataset_4mic_3spk/Eval/mic/mic_fileid_159_doa31_3spk.wav' '/mnt/d/邵鹏远/UCL/博1/code/audition_pipeline/ablation_study/baseline/results/HARK_n_sep+pf_IPD/official_hark_outputs/fileid_159/hark_raw_fileid_159',0,4.538068135000685,/mnt/d/邵鹏远/UCL/博1/code/audition_pipeline/ablation_study/baseline/results/HARK_n_sep+pf_IPD/official_hark_logs/hark_fileid_159.stdout.log,/mnt/d/邵鹏远/UCL/博1/code/audition_pipeline/ablation_study/baseline/results/HARK_n_sep+pf_IPD/official_hark_logs/hark_fileid_159.stderr.log,3
160,/mnt/d/邵鹏远/UCL/博1/code/audition_pipeline/data/dataset_4mic_3spk/Eval/mic/mic_fileid_160_doa141_3spk.wav,"139,190,355",/mnt/d/邵鹏远/UCL/博1/code/audition_pipeline/ablation_study/baseline/results/HARK_n_sep+pf_IPD/official_hark_outputs/fileid_160,/mnt/d/邵鹏远/UCL/博1/code/audition_pipeline/ablation_study/baseline/results/HARK_n_sep+pf_IPD/official_hark_outputs/fileid_160/hark_raw_fileid_160,batchflow '/mnt/d/邵鹏远/UCL/博1/code/audition_pipeline/ablation_study/baseline/results/HARK_n_sep+pf_IPD/official_hark_outputs/fileid_160/runtime_fileid_160.n' '/mnt/d/邵鹏远/UCL/博1/code/audition_pipeline/data/dataset_4mic_3spk/Eval/mic/mic_fileid_160_doa141_3spk.wav' '/mnt/d/邵鹏远/UCL/博1/code/audition_pipeline/ablation_study/baseline/results/HARK_n_sep+pf_IPD/official_hark_outputs/fileid_160/hark_raw_fileid_160',0,4.679623492000246,/mnt/d/邵鹏远/UCL/博1/code/audition_pipeline/ablation_study/baseline/results/HARK_n_sep+pf_IPD/official_hark_logs/hark_fileid_160.stdout.log,/mnt/d/邵鹏远/UCL/博1/code/audition_pipeline/ablation_study/baseline/results/HARK_n_sep+pf_IPD/official_hark_logs/hark_fileid_160.stderr.log,3
161,/mnt/d/邵鹏远/UCL/博1/code/audition_pipeline/data/dataset_4mic_3spk/Eval/mic/mic_fileid_161_doa59_3spk.wav,"57,239,313",/mnt/d/邵鹏远/UCL/博1/code/audition_pipeline/ablation_study/baseline/results/HARK_n_sep+pf_IPD/official_hark_outputs/fileid_161,/mnt/d/邵鹏远/UCL/博1/code/audition_pipeline/ablation_study/baseline/results/HARK_n_sep+pf_IPD/official_hark_outputs/fileid_161/hark_raw_fileid_161,batchflow '/mnt/d/邵鹏远/UCL/博1/code/audition_pipeline/ablation_study/baseline/results/HARK_n_sep+pf_IPD/official_hark_outputs/fileid_161/runtime_fileid_161.n' '/mnt/d/邵鹏远/UCL/博1/code/audition_pipeline/data/dataset_4mic_3spk/Eval/mic/mic_fileid_161_doa59_3spk.wav' '/mnt/d/邵鹏远/UCL/博1/code/audition_pipeline/ablation_study/baseline/results/HARK_n_sep+pf_IPD/official_hark_outputs/fileid_161/hark_raw_fileid_161',0,4.586663798999325,/mnt/d/邵鹏远/UCL/博1/code/audition_pipeline/ablation_study/baseline/results/HARK_n_sep+pf_IPD/official_hark_logs/hark_fileid_161.stdout.log,/mnt/d/邵鹏远/UCL/博1/code/audition_pipeline/ablation_study/baseline/results/HARK_n_sep+pf_IPD/official_hark_logs/hark_fileid_161.stderr.log,3
162,/mnt/d/邵鹏远/UCL/博1/code/audition_pipeline/data/dataset_4mic_3spk/Eval/mic/mic_fileid_162_doa43_3spk.wav,"42,116,335",/mnt/d/邵鹏远/UCL/博1/code/audition_pipeline/ablation_study/baseline/results/HARK_n_sep+pf_IPD/official_hark_outputs/fileid_162,/mnt/d/邵鹏远/UCL/博1/code/audition_pipeline/ablation_study/baseline/results/HARK_n_sep+pf_IPD/official_hark_outputs/fileid_162/hark_raw_fileid_162,batchflow '/mnt/d/邵鹏远/UCL/博1/code/audition_pipeline/ablation_study/baseline/results/HARK_n_sep+pf_IPD/official_hark_outputs/fileid_162/runtime_fileid_162.n' '/mnt/d/邵鹏远/UCL/博1/code/audition_pipeline/data/dataset_4mic_3spk/Eval/mic/mic_fileid_162_doa43_3spk.wav' '/mnt/d/邵鹏远/UCL/博1/code/audition_pipeline/ablation_study/baseline/results/HARK_n_sep+pf_IPD/official_hark_outputs/fileid_162/hark_raw_fileid_162',0,4.250601412000833,/mnt/d/邵鹏远/UCL/博1/code/audition_pipeline/ablation_study/baseline/results/HARK_n_sep+pf_IPD/official_hark_logs/hark_fileid_162.stdout.log,/mnt/d/邵鹏远/UCL/博1/code/audition_pipeline/ablation_study/baseline/results/HARK_n_sep+pf_IPD/official_hark_logs/hark_fileid_162.stderr.log,3
163,/mnt/d/邵鹏远/UCL/博1/code/audition_pipeline/data/dataset_4mic_3spk/Eval/mic/mic_fileid_163_doa154_3spk.wav,"56,302,340",/mnt/d/邵鹏远/UCL/博1/code/audition_pipeline/ablation_study/baseline/results/HARK_n_sep+pf_IPD/official_hark_outputs/fileid_163,/mnt/d/邵鹏远/UCL/博1/code/audition_pipeline/ablation_study/baseline/results/HARK_n_sep+pf_IPD/official_hark_outputs/fileid_163/hark_raw_fileid_163,batchflow '/mnt/d/邵鹏远/UCL/博1/code/audition_pipeline/ablation_study/baseline/results/HARK_n_sep+pf_IPD/official_hark_outputs/fileid_163/runtime_fileid_163.n' '/mnt/d/邵鹏远/UCL/博1/code/audition_pipeline/data/dataset_4mic_3spk/Eval/mic/mic_fileid_163_doa154_3spk.wav' '/mnt/d/邵鹏远/UCL/博1/code/audition_pipeline/ablation_study/baseline/results/HARK_n_sep+pf_IPD/official_hark_outputs/fileid_163/hark_raw_fileid_163',0,4.279859793000469,/mnt/d/邵鹏远/UCL/博1/code/audition_pipeline/ablation_study/baseline/results/HARK_n_sep+pf_IPD/official_hark_logs/hark_fileid_163.stdout.log,/mnt/d/邵鹏远/UCL/博1/code/audition_pipeline/ablation_study/baseline/results/HARK_n_sep+pf_IPD/official_hark_logs/hark_fileid_163.stderr.log,3
164,/mnt/d/邵鹏远/UCL/博1/code/audition_pipeline/data/dataset_4mic_3spk/Eval/mic/mic_fileid_164_doa84_3spk.wav,"86,119,231",/mnt/d/邵鹏远/UCL/博1/code/audition_pipeline/ablation_study/baseline/results/HARK_n_sep+pf_IPD/official_hark_outputs/fileid_164,/mnt/d/邵鹏远/UCL/博1/code/audition_pipeline/ablation_study/baseline/results/HARK_n_sep+pf_IPD/official_hark_outputs/fileid_164/hark_raw_fileid_164,batchflow '/mnt/d/邵鹏远/UCL/博1/code/audition_pipeline/ablation_study/baseline/results/HARK_n_sep+pf_IPD/official_hark_outputs/fileid_164/runtime_fileid_164.n' '/mnt/d/邵鹏远/UCL/博1/code/audition_pipeline/data/dataset_4mic_3spk/Eval/mic/mic_fileid_164_doa84_3spk.wav' '/mnt/d/邵鹏远/UCL/博1/code/audition_pipeline/ablation_study/baseline/results/HARK_n_sep+pf_IPD/official_hark_outputs/fileid_164/hark_raw_fileid_164',0,4.188042529000086,/mnt/d/邵鹏远/UCL/博1/code/audition_pipeline/ablation_study/baseline/results/HARK_n_sep+pf_IPD/official_hark_logs/hark_fileid_164.stdout.log,/mnt/d/邵鹏远/UCL/博1/code/audition_pipeline/ablation_study/baseline/results/HARK_n_sep+pf_IPD/official_hark_logs/hark_fileid_164.stderr.log,3
165,/mnt/d/邵鹏远/UCL/博1/code/audition_pipeline/data/dataset_4mic_3spk/Eval/mic/mic_fileid_165_doa32_3spk.wav,"31,88,281",/mnt/d/邵鹏远/UCL/博1/code/audition_pipeline/ablation_study/baseline/results/HARK_n_sep+pf_IPD/official_hark_outputs/fileid_165,/mnt/d/邵鹏远/UCL/博1/code/audition_pipeline/ablation_study/baseline/results/HARK_n_sep+pf_IPD/official_hark_outputs/fileid_165/hark_raw_fileid_165,batchflow '/mnt/d/邵鹏远/UCL/博1/code/audition_pipeline/ablation_study/baseline/results/HARK_n_sep+pf_IPD/official_hark_outputs/fileid_165/runtime_fileid_165.n' '/mnt/d/邵鹏远/UCL/博1/code/audition_pipeline/data/dataset_4mic_3spk/Eval/mic/mic_fileid_165_doa32_3spk.wav' '/mnt/d/邵鹏远/UCL/博1/code/audition_pipeline/ablation_study/baseline/results/HARK_n_sep+pf_IPD/official_hark_outputs/fileid_165/hark_raw_fileid_165',0,4.429428780000308,/mnt/d/邵鹏远/UCL/博1/code/audition_pipeline/ablation_study/baseline/results/HARK_n_sep+pf_IPD/official_hark_logs/hark_fileid_165.stdout.log,/mnt/d/邵鹏远/UCL/博1/code/audition_pipeline/ablation_study/baseline/results/HARK_n_sep+pf_IPD/official_hark_logs/hark_fileid_165.stderr.log,3
166,/mnt/d/邵鹏远/UCL/博1/code/audition_pipeline/data/dataset_4mic_3spk/Eval/mic/mic_fileid_166_doa59_3spk.wav,"58,118,320",/mnt/d/邵鹏远/UCL/博1/code/audition_pipeline/ablation_study/baseline/results/HARK_n_sep+pf_IPD/official_hark_outputs/fileid_166,/mnt/d/邵鹏远/UCL/博1/code/audition_pipeline/ablation_study/baseline/results/HARK_n_sep+pf_IPD/official_hark_outputs/fileid_166/hark_raw_fileid_166,batchflow '/mnt/d/邵鹏远/UCL/博1/code/audition_pipeline/ablation_study/baseline/results/HARK_n_sep+pf_IPD/official_hark_outputs/fileid_166/runtime_fileid_166.n' '/mnt/d/邵鹏远/UCL/博1/code/audition_pipeline/data/dataset_4mic_3spk/Eval/mic/mic_fileid_166_doa59_3spk.wav' '/mnt/d/邵鹏远/UCL/博1/code/audition_pipeline/ablation_study/baseline/results/HARK_n_sep+pf_IPD/official_hark_outputs/fileid_166/hark_raw_fileid_166',0,4.6756781720005165,/mnt/d/邵鹏远/UCL/博1/code/audition_pipeline/ablation_study/baseline/results/HARK_n_sep+pf_IPD/official_hark_logs/hark_fileid_166.stdout.log,/mnt/d/邵鹏远/UCL/博1/code/audition_pipeline/ablation_study/baseline/results/HARK_n_sep+pf_IPD/official_hark_logs/hark_fileid_166.stderr.log,3
167,/mnt/d/邵鹏远/UCL/博1/code/audition_pipeline/data/dataset_4mic_3spk/Eval/mic/mic_fileid_167_doa27_3spk.wav,"26,138,307",/mnt/d/邵鹏远/UCL/博1/code/audition_pipeline/ablation_study/baseline/results/HARK_n_sep+pf_IPD/official_hark_outputs/fileid_167,/mnt/d/邵鹏远/UCL/博1/code/audition_pipeline/ablation_study/baseline/results/HARK_n_sep+pf_IPD/official_hark_outputs/fileid_167/hark_raw_fileid_167,batchflow '/mnt/d/邵鹏远/UCL/博1/code/audition_pipeline/ablation_study/baseline/results/HARK_n_sep+pf_IPD/official_hark_outputs/fileid_167/runtime_fileid_167.n' '/mnt/d/邵鹏远/UCL/博1/code/audition_pipeline/data/dataset_4mic_3spk/Eval/mic/mic_fileid_167_doa27_3spk.wav' '/mnt/d/邵鹏远/UCL/博1/code/audition_pipeline/ablation_study/baseline/results/HARK_n_sep+pf_IPD/official_hark_outputs/fileid_167/hark_raw_fileid_167',0,4.0697378589993605,/mnt/d/邵鹏远/UCL/博1/code/audition_pipeline/ablation_study/baseline/results/HARK_n_sep+pf_IPD/official_hark_logs/hark_fileid_167.stdout.log,/mnt/d/邵鹏远/UCL/博1/code/audition_pipeline/ablation_study/baseline/results/HARK_n_sep+pf_IPD/official_hark_logs/hark_fileid_167.stderr.log,3
168,/mnt/d/邵鹏远/UCL/博1/code/audition_pipeline/data/dataset_4mic_3spk/Eval/mic/mic_fileid_168_doa134_3spk.wav,"133,168,336",/mnt/d/邵鹏远/UCL/博1/code/audition_pipeline/ablation_study/baseline/results/HARK_n_sep+pf_IPD/official_hark_outputs/fileid_168,/mnt/d/邵鹏远/UCL/博1/code/audition_pipeline/ablation_study/baseline/results/HARK_n_sep+pf_IPD/official_hark_outputs/fileid_168/hark_raw_fileid_168,batchflow '/mnt/d/邵鹏远/UCL/博1/code/audition_pipeline/ablation_study/baseline/results/HARK_n_sep+pf_IPD/official_hark_outputs/fileid_168/runtime_fileid_168.n' '/mnt/d/邵鹏远/UCL/博1/code/audition_pipeline/data/dataset_4mic_3spk/Eval/mic/mic_fileid_168_doa134_3spk.wav' '/mnt/d/邵鹏远/UCL/博1/code/audition_pipeline/ablation_study/baseline/results/HARK_n_sep+pf_IPD/official_hark_outputs/fileid_168/hark_raw_fileid_168',0,4.630556058000366,/mnt/d/邵鹏远/UCL/博1/code/audition_pipeline/ablation_study/baseline/results/HARK_n_sep+pf_IPD/official_hark_logs/hark_fileid_168.stdout.log,/mnt/d/邵鹏远/UCL/博1/code/audition_pipeline/ablation_study/baseline/results/HARK_n_sep+pf_IPD/official_hark_logs/hark_fileid_168.stderr.log,3
169,/mnt/d/邵鹏远/UCL/博1/code/audition_pipeline/data/dataset_4mic_3spk/Eval/mic/mic_fileid_169_doa149_3spk.wav,"147,263,295",/mnt/d/邵鹏远/UCL/博1/code/audition_pipeline/ablation_study/baseline/results/HARK_n_sep+pf_IPD/official_hark_outputs/fileid_169,/mnt/d/邵鹏远/UCL/博1/code/audition_pipeline/ablation_study/baseline/results/HARK_n_sep+pf_IPD/official_hark_outputs/fileid_169/hark_raw_fileid_169,batchflow '/mnt/d/邵鹏远/UCL/博1/code/audition_pipeline/ablation_study/baseline/results/HARK_n_sep+pf_IPD/official_hark_outputs/fileid_169/runtime_fileid_169.n' '/mnt/d/邵鹏远/UCL/博1/code/audition_pipeline/data/dataset_4mic_3spk/Eval/mic/mic_fileid_169_doa149_3spk.wav' '/mnt/d/邵鹏远/UCL/博1/code/audition_pipeline/ablation_study/baseline/results/HARK_n_sep+pf_IPD/official_hark_outputs/fileid_169/hark_raw_fileid_169',0,4.371643802000108,/mnt/d/邵鹏远/UCL/博1/code/audition_pipeline/ablation_study/baseline/results/HARK_n_sep+pf_IPD/official_hark_logs/hark_fileid_169.stdout.log,/mnt/d/邵鹏远/UCL/博1/code/audition_pipeline/ablation_study/baseline/results/HARK_n_sep+pf_IPD/official_hark_logs/hark_fileid_169.stderr.log,3
170,/mnt/d/邵鹏远/UCL/博1/code/audition_pipeline/data/dataset_4mic_3spk/Eval/mic/mic_fileid_170_doa57_3spk.wav,"57,135,324",/mnt/d/邵鹏远/UCL/博1/code/audition_pipeline/ablation_study/baseline/results/HARK_n_sep+pf_IPD/official_hark_outputs/fileid_170,/mnt/d/邵鹏远/UCL/博1/code/audition_pipeline/ablation_study/baseline/results/HARK_n_sep+pf_IPD/official_hark_outputs/fileid_170/hark_raw_fileid_170,batchflow '/mnt/d/邵鹏远/UCL/博1/code/audition_pipeline/ablation_study/baseline/results/HARK_n_sep+pf_IPD/official_hark_outputs/fileid_170/runtime_fileid_170.n' '/mnt/d/邵鹏远/UCL/博1/code/audition_pipeline/data/dataset_4mic_3spk/Eval/mic/mic_fileid_170_doa57_3spk.wav' '/mnt/d/邵鹏远/UCL/博1/code/audition_pipeline/ablation_study/baseline/results/HARK_n_sep+pf_IPD/official_hark_outputs/fileid_170/hark_raw_fileid_170',0,4.574714677999509,/mnt/d/邵鹏远/UCL/博1/code/audition_pipeline/ablation_study/baseline/results/HARK_n_sep+pf_IPD/official_hark_logs/hark_fileid_170.stdout.log,/mnt/d/邵鹏远/UCL/博1/code/audition_pipeline/ablation_study/baseline/results/HARK_n_sep+pf_IPD/official_hark_logs/hark_fileid_170.stderr.log,3
171,/mnt/d/邵鹏远/UCL/博1/code/audition_pipeline/data/dataset_4mic_3spk/Eval/mic/mic_fileid_171_doa66_3spk.wav,"1,59,235",/mnt/d/邵鹏远/UCL/博1/code/audition_pipeline/ablation_study/baseline/results/HARK_n_sep+pf_IPD/official_hark_outputs/fileid_171,/mnt/d/邵鹏远/UCL/博1/code/audition_pipeline/ablation_study/baseline/results/HARK_n_sep+pf_IPD/official_hark_outputs/fileid_171/hark_raw_fileid_171,batchflow '/mnt/d/邵鹏远/UCL/博1/code/audition_pipeline/ablation_study/baseline/results/HARK_n_sep+pf_IPD/official_hark_outputs/fileid_171/runtime_fileid_171.n' '/mnt/d/邵鹏远/UCL/博1/code/audition_pipeline/data/dataset_4mic_3spk/Eval/mic/mic_fileid_171_doa66_3spk.wav' '/mnt/d/邵鹏远/UCL/博1/code/audition_pipeline/ablation_study/baseline/results/HARK_n_sep+pf_IPD/official_hark_outputs/fileid_171/hark_raw_fileid_171',0,4.330278716000066,/mnt/d/邵鹏远/UCL/博1/code/audition_pipeline/ablation_study/baseline/results/HARK_n_sep+pf_IPD/official_hark_logs/hark_fileid_171.stdout.log,/mnt/d/邵鹏远/UCL/博1/code/audition_pipeline/ablation_study/baseline/results/HARK_n_sep+pf_IPD/official_hark_logs/hark_fileid_171.stderr.log,3
172,/mnt/d/邵鹏远/UCL/博1/code/audition_pipeline/data/dataset_4mic_3spk/Eval/mic/mic_fileid_172_doa1_3spk.wav,"236,283,358",/mnt/d/邵鹏远/UCL/博1/code/audition_pipeline/ablation_study/baseline/results/HARK_n_sep+pf_IPD/official_hark_outputs/fileid_172,/mnt/d/邵鹏远/UCL/博1/code/audition_pipeline/ablation_study/baseline/results/HARK_n_sep+pf_IPD/official_hark_outputs/fileid_172/hark_raw_fileid_172,batchflow '/mnt/d/邵鹏远/UCL/博1/code/audition_pipeline/ablation_study/baseline/results/HARK_n_sep+pf_IPD/official_hark_outputs/fileid_172/runtime_fileid_172.n' '/mnt/d/邵鹏远/UCL/博1/code/audition_pipeline/data/dataset_4mic_3spk/Eval/mic/mic_fileid_172_doa1_3spk.wav' '/mnt/d/邵鹏远/UCL/博1/code/audition_pipeline/ablation_study/baseline/results/HARK_n_sep+pf_IPD/official_hark_outputs/fileid_172/hark_raw_fileid_172',0,4.470074608000687,/mnt/d/邵鹏远/UCL/博1/code/audition_pipeline/ablation_study/baseline/results/HARK_n_sep+pf_IPD/official_hark_logs/hark_fileid_172.stdout.log,/mnt/d/邵鹏远/UCL/博1/code/audition_pipeline/ablation_study/baseline/results/HARK_n_sep+pf_IPD/official_hark_logs/hark_fileid_172.stderr.log,3
173,/mnt/d/邵鹏远/UCL/博1/code/audition_pipeline/data/dataset_4mic_3spk/Eval/mic/mic_fileid_173_doa42_3spk.wav,"39,87,148",/mnt/d/邵鹏远/UCL/博1/code/audition_pipeline/ablation_study/baseline/results/HARK_n_sep+pf_IPD/official_hark_outputs/fileid_173,/mnt/d/邵鹏远/UCL/博1/code/audition_pipeline/ablation_study/baseline/results/HARK_n_sep+pf_IPD/official_hark_outputs/fileid_173/hark_raw_fileid_173,batchflow '/mnt/d/邵鹏远/UCL/博1/code/audition_pipeline/ablation_study/baseline/results/HARK_n_sep+pf_IPD/official_hark_outputs/fileid_173/runtime_fileid_173.n' '/mnt/d/邵鹏远/UCL/博1/code/audition_pipeline/data/dataset_4mic_3spk/Eval/mic/mic_fileid_173_doa42_3spk.wav' '/mnt/d/邵鹏远/UCL/博1/code/audition_pipeline/ablation_study/baseline/results/HARK_n_sep+pf_IPD/official_hark_outputs/fileid_173/hark_raw_fileid_173',0,4.571957690999625,/mnt/d/邵鹏远/UCL/博1/code/audition_pipeline/ablation_study/baseline/results/HARK_n_sep+pf_IPD/official_hark_logs/hark_fileid_173.stdout.log,/mnt/d/邵鹏远/UCL/博1/code/audition_pipeline/ablation_study/baseline/results/HARK_n_sep+pf_IPD/official_hark_logs/hark_fileid_173.stderr.log,3
174,/mnt/d/邵鹏远/UCL/博1/code/audition_pipeline/data/dataset_4mic_3spk/Eval/mic/mic_fileid_174_doa166_3spk.wav,"161,267,332",/mnt/d/邵鹏远/UCL/博1/code/audition_pipeline/ablation_study/baseline/results/HARK_n_sep+pf_IPD/official_hark_outputs/fileid_174,/mnt/d/邵鹏远/UCL/博1/code/audition_pipeline/ablation_study/baseline/results/HARK_n_sep+pf_IPD/official_hark_outputs/fileid_174/hark_raw_fileid_174,batchflow '/mnt/d/邵鹏远/UCL/博1/code/audition_pipeline/ablation_study/baseline/results/HARK_n_sep+pf_IPD/official_hark_outputs/fileid_174/runtime_fileid_174.n' '/mnt/d/邵鹏远/UCL/博1/code/audition_pipeline/data/dataset_4mic_3spk/Eval/mic/mic_fileid_174_doa166_3spk.wav' '/mnt/d/邵鹏远/UCL/博1/code/audition_pipeline/ablation_study/baseline/results/HARK_n_sep+pf_IPD/official_hark_outputs/fileid_174/hark_raw_fileid_174',0,4.0557276330000605,/mnt/d/邵鹏远/UCL/博1/code/audition_pipeline/ablation_study/baseline/results/HARK_n_sep+pf_IPD/official_hark_logs/hark_fileid_174.stdout.log,/mnt/d/邵鹏远/UCL/博1/code/audition_pipeline/ablation_study/baseline/results/HARK_n_sep+pf_IPD/official_hark_logs/hark_fileid_174.stderr.log,3
175,/mnt/d/邵鹏远/UCL/博1/code/audition_pipeline/data/dataset_4mic_3spk/Eval/mic/mic_fileid_175_doa16_3spk.wav,"15,158,314",/mnt/d/邵鹏远/UCL/博1/code/audition_pipeline/ablation_study/baseline/results/HARK_n_sep+pf_IPD/official_hark_outputs/fileid_175,/mnt/d/邵鹏远/UCL/博1/code/audition_pipeline/ablation_study/baseline/results/HARK_n_sep+pf_IPD/official_hark_outputs/fileid_175/hark_raw_fileid_175,batchflow '/mnt/d/邵鹏远/UCL/博1/code/audition_pipeline/ablation_study/baseline/results/HARK_n_sep+pf_IPD/official_hark_outputs/fileid_175/runtime_fileid_175.n' '/mnt/d/邵鹏远/UCL/博1/code/audition_pipeline/data/dataset_4mic_3spk/Eval/mic/mic_fileid_175_doa16_3spk.wav' '/mnt/d/邵鹏远/UCL/博1/code/audition_pipeline/ablation_study/baseline/results/HARK_n_sep+pf_IPD/official_hark_outputs/fileid_175/hark_raw_fileid_175',0,4.400982154000303,/mnt/d/邵鹏远/UCL/博1/code/audition_pipeline/ablation_study/baseline/results/HARK_n_sep+pf_IPD/official_hark_logs/hark_fileid_175.stdout.log,/mnt/d/邵鹏远/UCL/博1/code/audition_pipeline/ablation_study/baseline/results/HARK_n_sep+pf_IPD/official_hark_logs/hark_fileid_175.stderr.log,3
176,/mnt/d/邵鹏远/UCL/博1/code/audition_pipeline/data/dataset_4mic_3spk/Eval/mic/mic_fileid_176_doa208_3spk.wav,"209,247,289",/mnt/d/邵鹏远/UCL/博1/code/audition_pipeline/ablation_study/baseline/results/HARK_n_sep+pf_IPD/official_hark_outputs/fileid_176,/mnt/d/邵鹏远/UCL/博1/code/audition_pipeline/ablation_study/baseline/results/HARK_n_sep+pf_IPD/official_hark_outputs/fileid_176/hark_raw_fileid_176,batchflow '/mnt/d/邵鹏远/UCL/博1/code/audition_pipeline/ablation_study/baseline/results/HARK_n_sep+pf_IPD/official_hark_outputs/fileid_176/runtime_fileid_176.n' '/mnt/d/邵鹏远/UCL/博1/code/audition_pipeline/data/dataset_4mic_3spk/Eval/mic/mic_fileid_176_doa208_3spk.wav' '/mnt/d/邵鹏远/UCL/博1/code/audition_pipeline/ablation_study/baseline/results/HARK_n_sep+pf_IPD/official_hark_outputs/fileid_176/hark_raw_fileid_176',0,4.808615385999474,/mnt/d/邵鹏远/UCL/博1/code/audition_pipeline/ablation_study/baseline/results/HARK_n_sep+pf_IPD/official_hark_logs/hark_fileid_176.stdout.log,/mnt/d/邵鹏远/UCL/博1/code/audition_pipeline/ablation_study/baseline/results/HARK_n_sep+pf_IPD/official_hark_logs/hark_fileid_176.stderr.log,3
177,/mnt/d/邵鹏远/UCL/博1/code/audition_pipeline/data/dataset_4mic_3spk/Eval/mic/mic_fileid_177_doa189_3spk.wav,"190,288,329",/mnt/d/邵鹏远/UCL/博1/code/audition_pipeline/ablation_study/baseline/results/HARK_n_sep+pf_IPD/official_hark_outputs/fileid_177,/mnt/d/邵鹏远/UCL/博1/code/audition_pipeline/ablation_study/baseline/results/HARK_n_sep+pf_IPD/official_hark_outputs/fileid_177/hark_raw_fileid_177,batchflow '/mnt/d/邵鹏远/UCL/博1/code/audition_pipeline/ablation_study/baseline/results/HARK_n_sep+pf_IPD/official_hark_outputs/fileid_177/runtime_fileid_177.n' '/mnt/d/邵鹏远/UCL/博1/code/audition_pipeline/data/dataset_4mic_3spk/Eval/mic/mic_fileid_177_doa189_3spk.wav' '/mnt/d/邵鹏远/UCL/博1/code/audition_pipeline/ablation_study/baseline/results/HARK_n_sep+pf_IPD/official_hark_outputs/fileid_177/hark_raw_fileid_177',0,4.339875304999623,/mnt/d/邵鹏远/UCL/博1/code/audition_pipeline/ablation_study/baseline/results/HARK_n_sep+pf_IPD/official_hark_logs/hark_fileid_177.stdout.log,/mnt/d/邵鹏远/UCL/博1/code/audition_pipeline/ablation_study/baseline/results/HARK_n_sep+pf_IPD/official_hark_logs/hark_fileid_177.stderr.log,3
178,/mnt/d/邵鹏远/UCL/博1/code/audition_pipeline/data/dataset_4mic_3spk/Eval/mic/mic_fileid_178_doa161_3spk.wav,"27,152,308",/mnt/d/邵鹏远/UCL/博1/code/audition_pipeline/ablation_study/baseline/results/HARK_n_sep+pf_IPD/official_hark_outputs/fileid_178,/mnt/d/邵鹏远/UCL/博1/code/audition_pipeline/ablation_study/baseline/results/HARK_n_sep+pf_IPD/official_hark_outputs/fileid_178/hark_raw_fileid_178,batchflow '/mnt/d/邵鹏远/UCL/博1/code/audition_pipeline/ablation_study/baseline/results/HARK_n_sep+pf_IPD/official_hark_outputs/fileid_178/runtime_fileid_178.n' '/mnt/d/邵鹏远/UCL/博1/code/audition_pipeline/data/dataset_4mic_3spk/Eval/mic/mic_fileid_178_doa161_3spk.wav' '/mnt/d/邵鹏远/UCL/博1/code/audition_pipeline/ablation_study/baseline/results/HARK_n_sep+pf_IPD/official_hark_outputs/fileid_178/hark_raw_fileid_178',0,4.145716078000078,/mnt/d/邵鹏远/UCL/博1/code/audition_pipeline/ablation_study/baseline/results/HARK_n_sep+pf_IPD/official_hark_logs/hark_fileid_178.stdout.log,/mnt/d/邵鹏远/UCL/博1/code/audition_pipeline/ablation_study/baseline/results/HARK_n_sep+pf_IPD/official_hark_logs/hark_fileid_178.stderr.log,3
179,/mnt/d/邵鹏远/UCL/博1/code/audition_pipeline/data/dataset_4mic_3spk/Eval/mic/mic_fileid_179_doa105_3spk.wav,"105,186,354",/mnt/d/邵鹏远/UCL/博1/code/audition_pipeline/ablation_study/baseline/results/HARK_n_sep+pf_IPD/official_hark_outputs/fileid_179,/mnt/d/邵鹏远/UCL/博1/code/audition_pipeline/ablation_study/baseline/results/HARK_n_sep+pf_IPD/official_hark_outputs/fileid_179/hark_raw_fileid_179,batchflow '/mnt/d/邵鹏远/UCL/博1/code/audition_pipeline/ablation_study/baseline/results/HARK_n_sep+pf_IPD/official_hark_outputs/fileid_179/runtime_fileid_179.n' '/mnt/d/邵鹏远/UCL/博1/code/audition_pipeline/data/dataset_4mic_3spk/Eval/mic/mic_fileid_179_doa105_3spk.wav' '/mnt/d/邵鹏远/UCL/博1/code/audition_pipeline/ablation_study/baseline/results/HARK_n_sep+pf_IPD/official_hark_outputs/fileid_179/hark_raw_fileid_179',0,4.503273577999607,/mnt/d/邵鹏远/UCL/博1/code/audition_pipeline/ablation_study/baseline/results/HARK_n_sep+pf_IPD/official_hark_logs/hark_fileid_179.stdout.log,/mnt/d/邵鹏远/UCL/博1/code/audition_pipeline/ablation_study/baseline/results/HARK_n_sep+pf_IPD/official_hark_logs/hark_fileid_179.stderr.log,3
180,/mnt/d/邵鹏远/UCL/博1/code/audition_pipeline/data/dataset_4mic_3spk/Eval/mic/mic_fileid_180_doa24_3spk.wav,"26,119,258",/mnt/d/邵鹏远/UCL/博1/code/audition_pipeline/ablation_study/baseline/results/HARK_n_sep+pf_IPD/official_hark_outputs/fileid_180,/mnt/d/邵鹏远/UCL/博1/code/audition_pipeline/ablation_study/baseline/results/HARK_n_sep+pf_IPD/official_hark_outputs/fileid_180/hark_raw_fileid_180,batchflow '/mnt/d/邵鹏远/UCL/博1/code/audition_pipeline/ablation_study/baseline/results/HARK_n_sep+pf_IPD/official_hark_outputs/fileid_180/runtime_fileid_180.n' '/mnt/d/邵鹏远/UCL/博1/code/audition_pipeline/data/dataset_4mic_3spk/Eval/mic/mic_fileid_180_doa24_3spk.wav' '/mnt/d/邵鹏远/UCL/博1/code/audition_pipeline/ablation_study/baseline/results/HARK_n_sep+pf_IPD/official_hark_outputs/fileid_180/hark_raw_fileid_180',0,4.382736491999822,/mnt/d/邵鹏远/UCL/博1/code/audition_pipeline/ablation_study/baseline/results/HARK_n_sep+pf_IPD/official_hark_logs/hark_fileid_180.stdout.log,/mnt/d/邵鹏远/UCL/博1/code/audition_pipeline/ablation_study/baseline/results/HARK_n_sep+pf_IPD/official_hark_logs/hark_fileid_180.stderr.log,3
181,/mnt/d/邵鹏远/UCL/博1/code/audition_pipeline/data/dataset_4mic_3spk/Eval/mic/mic_fileid_181_doa88_3spk.wav,"91,174,224",/mnt/d/邵鹏远/UCL/博1/code/audition_pipeline/ablation_study/baseline/results/HARK_n_sep+pf_IPD/official_hark_outputs/fileid_181,/mnt/d/邵鹏远/UCL/博1/code/audition_pipeline/ablation_study/baseline/results/HARK_n_sep+pf_IPD/official_hark_outputs/fileid_181/hark_raw_fileid_181,batchflow '/mnt/d/邵鹏远/UCL/博1/code/audition_pipeline/ablation_study/baseline/results/HARK_n_sep+pf_IPD/official_hark_outputs/fileid_181/runtime_fileid_181.n' '/mnt/d/邵鹏远/UCL/博1/code/audition_pipeline/data/dataset_4mic_3spk/Eval/mic/mic_fileid_181_doa88_3spk.wav' '/mnt/d/邵鹏远/UCL/博1/code/audition_pipeline/ablation_study/baseline/results/HARK_n_sep+pf_IPD/official_hark_outputs/fileid_181/hark_raw_fileid_181',0,4.059876846000407,/mnt/d/邵鹏远/UCL/博1/code/audition_pipeline/ablation_study/baseline/results/HARK_n_sep+pf_IPD/official_hark_logs/hark_fileid_181.stdout.log,/mnt/d/邵鹏远/UCL/博1/code/audition_pipeline/ablation_study/baseline/results/HARK_n_sep+pf_IPD/official_hark_logs/hark_fileid_181.stderr.log,3
182,/mnt/d/邵鹏远/UCL/博1/code/audition_pipeline/data/dataset_4mic_3spk/Eval/mic/mic_fileid_182_doa130_3spk.wav,"134,212,335",/mnt/d/邵鹏远/UCL/博1/code/audition_pipeline/ablation_study/baseline/results/HARK_n_sep+pf_IPD/official_hark_outputs/fileid_182,/mnt/d/邵鹏远/UCL/博1/code/audition_pipeline/ablation_study/baseline/results/HARK_n_sep+pf_IPD/official_hark_outputs/fileid_182/hark_raw_fileid_182,batchflow '/mnt/d/邵鹏远/UCL/博1/code/audition_pipeline/ablation_study/baseline/results/HARK_n_sep+pf_IPD/official_hark_outputs/fileid_182/runtime_fileid_182.n' '/mnt/d/邵鹏远/UCL/博1/code/audition_pipeline/data/dataset_4mic_3spk/Eval/mic/mic_fileid_182_doa130_3spk.wav' '/mnt/d/邵鹏远/UCL/博1/code/audition_pipeline/ablation_study/baseline/results/HARK_n_sep+pf_IPD/official_hark_outputs/fileid_182/hark_raw_fileid_182',0,4.440461467000205,/mnt/d/邵鹏远/UCL/博1/code/audition_pipeline/ablation_study/baseline/results/HARK_n_sep+pf_IPD/official_hark_logs/hark_fileid_182.stdout.log,/mnt/d/邵鹏远/UCL/博1/code/audition_pipeline/ablation_study/baseline/results/HARK_n_sep+pf_IPD/official_hark_logs/hark_fileid_182.stderr.log,3
183,/mnt/d/邵鹏远/UCL/博1/code/audition_pipeline/data/dataset_4mic_3spk/Eval/mic/mic_fileid_183_doa59_3spk.wav,"59,246,309",/mnt/d/邵鹏远/UCL/博1/code/audition_pipeline/ablation_study/baseline/results/HARK_n_sep+pf_IPD/official_hark_outputs/fileid_183,/mnt/d/邵鹏远/UCL/博1/code/audition_pipeline/ablation_study/baseline/results/HARK_n_sep+pf_IPD/official_hark_outputs/fileid_183/hark_raw_fileid_183,batchflow '/mnt/d/邵鹏远/UCL/博1/code/audition_pipeline/ablation_study/baseline/results/HARK_n_sep+pf_IPD/official_hark_outputs/fileid_183/runtime_fileid_183.n' '/mnt/d/邵鹏远/UCL/博1/code/audition_pipeline/data/dataset_4mic_3spk/Eval/mic/mic_fileid_183_doa59_3spk.wav' '/mnt/d/邵鹏远/UCL/博1/code/audition_pipeline/ablation_study/baseline/results/HARK_n_sep+pf_IPD/official_hark_outputs/fileid_183/hark_raw_fileid_183',0,4.226237595000384,/mnt/d/邵鹏远/UCL/博1/code/audition_pipeline/ablation_study/baseline/results/HARK_n_sep+pf_IPD/official_hark_logs/hark_fileid_183.stdout.log,/mnt/d/邵鹏远/UCL/博1/code/audition_pipeline/ablation_study/baseline/results/HARK_n_sep+pf_IPD/official_hark_logs/hark_fileid_183.stderr.log,3
184,/mnt/d/邵鹏远/UCL/博1/code/audition_pipeline/data/dataset_4mic_3spk/Eval/mic/mic_fileid_184_doa65_3spk.wav,"66,262,302",/mnt/d/邵鹏远/UCL/博1/code/audition_pipeline/ablation_study/baseline/results/HARK_n_sep+pf_IPD/official_hark_outputs/fileid_184,/mnt/d/邵鹏远/UCL/博1/code/audition_pipeline/ablation_study/baseline/results/HARK_n_sep+pf_IPD/official_hark_outputs/fileid_184/hark_raw_fileid_184,batchflow '/mnt/d/邵鹏远/UCL/博1/code/audition_pipeline/ablation_study/baseline/results/HARK_n_sep+pf_IPD/official_hark_outputs/fileid_184/runtime_fileid_184.n' '/mnt/d/邵鹏远/UCL/博1/code/audition_pipeline/data/dataset_4mic_3spk/Eval/mic/mic_fileid_184_doa65_3spk.wav' '/mnt/d/邵鹏远/UCL/博1/code/audition_pipeline/ablation_study/baseline/results/HARK_n_sep+pf_IPD/official_hark_outputs/fileid_184/hark_raw_fileid_184',0,4.452193578000333,/mnt/d/邵鹏远/UCL/博1/code/audition_pipeline/ablation_study/baseline/results/HARK_n_sep+pf_IPD/official_hark_logs/hark_fileid_184.stdout.log,/mnt/d/邵鹏远/UCL/博1/code/audition_pipeline/ablation_study/baseline/results/HARK_n_sep+pf_IPD/official_hark_logs/hark_fileid_184.stderr.log,3
185,/mnt/d/邵鹏远/UCL/博1/code/audition_pipeline/data/dataset_4mic_3spk/Eval/mic/mic_fileid_185_doa35_3spk.wav,"33,135,201",/mnt/d/邵鹏远/UCL/博1/code/audition_pipeline/ablation_study/baseline/results/HARK_n_sep+pf_IPD/official_hark_outputs/fileid_185,/mnt/d/邵鹏远/UCL/博1/code/audition_pipeline/ablation_study/baseline/results/HARK_n_sep+pf_IPD/official_hark_outputs/fileid_185/hark_raw_fileid_185,batchflow '/mnt/d/邵鹏远/UCL/博1/code/audition_pipeline/ablation_study/baseline/results/HARK_n_sep+pf_IPD/official_hark_outputs/fileid_185/runtime_fileid_185.n' '/mnt/d/邵鹏远/UCL/博1/code/audition_pipeline/data/dataset_4mic_3spk/Eval/mic/mic_fileid_185_doa35_3spk.wav' '/mnt/d/邵鹏远/UCL/博1/code/audition_pipeline/ablation_study/baseline/results/HARK_n_sep+pf_IPD/official_hark_outputs/fileid_185/hark_raw_fileid_185',0,4.287870305999604,/mnt/d/邵鹏远/UCL/博1/code/audition_pipeline/ablation_study/baseline/results/HARK_n_sep+pf_IPD/official_hark_logs/hark_fileid_185.stdout.log,/mnt/d/邵鹏远/UCL/博1/code/audition_pipeline/ablation_study/baseline/results/HARK_n_sep+pf_IPD/official_hark_logs/hark_fileid_185.stderr.log,3
186,/mnt/d/邵鹏远/UCL/博1/code/audition_pipeline/data/dataset_4mic_3spk/Eval/mic/mic_fileid_186_doa43_3spk.wav,"51,169,240",/mnt/d/邵鹏远/UCL/博1/code/audition_pipeline/ablation_study/baseline/results/HARK_n_sep+pf_IPD/official_hark_outputs/fileid_186,/mnt/d/邵鹏远/UCL/博1/code/audition_pipeline/ablation_study/baseline/results/HARK_n_sep+pf_IPD/official_hark_outputs/fileid_186/hark_raw_fileid_186,batchflow '/mnt/d/邵鹏远/UCL/博1/code/audition_pipeline/ablation_study/baseline/results/HARK_n_sep+pf_IPD/official_hark_outputs/fileid_186/runtime_fileid_186.n' '/mnt/d/邵鹏远/UCL/博1/code/audition_pipeline/data/dataset_4mic_3spk/Eval/mic/mic_fileid_186_doa43_3spk.wav' '/mnt/d/邵鹏远/UCL/博1/code/audition_pipeline/ablation_study/baseline/results/HARK_n_sep+pf_IPD/official_hark_outputs/fileid_186/hark_raw_fileid_186',0,4.162560836999546,/mnt/d/邵鹏远/UCL/博1/code/audition_pipeline/ablation_study/baseline/results/HARK_n_sep+pf_IPD/official_hark_logs/hark_fileid_186.stdout.log,/mnt/d/邵鹏远/UCL/博1/code/audition_pipeline/ablation_study/baseline/results/HARK_n_sep+pf_IPD/official_hark_logs/hark_fileid_186.stderr.log,3
187,/mnt/d/邵鹏远/UCL/博1/code/audition_pipeline/data/dataset_4mic_3spk/Eval/mic/mic_fileid_187_doa136_3spk.wav,"140,237,330",/mnt/d/邵鹏远/UCL/博1/code/audition_pipeline/ablation_study/baseline/results/HARK_n_sep+pf_IPD/official_hark_outputs/fileid_187,/mnt/d/邵鹏远/UCL/博1/code/audition_pipeline/ablation_study/baseline/results/HARK_n_sep+pf_IPD/official_hark_outputs/fileid_187/hark_raw_fileid_187,batchflow '/mnt/d/邵鹏远/UCL/博1/code/audition_pipeline/ablation_study/baseline/results/HARK_n_sep+pf_IPD/official_hark_outputs/fileid_187/runtime_fileid_187.n' '/mnt/d/邵鹏远/UCL/博1/code/audition_pipeline/data/dataset_4mic_3spk/Eval/mic/mic_fileid_187_doa136_3spk.wav' '/mnt/d/邵鹏远/UCL/博1/code/audition_pipeline/ablation_study/baseline/results/HARK_n_sep+pf_IPD/official_hark_outputs/fileid_187/hark_raw_fileid_187',0,4.5069703019999,/mnt/d/邵鹏远/UCL/博1/code/audition_pipeline/ablation_study/baseline/results/HARK_n_sep+pf_IPD/official_hark_logs/hark_fileid_187.stdout.log,/mnt/d/邵鹏远/UCL/博1/code/audition_pipeline/ablation_study/baseline/results/HARK_n_sep+pf_IPD/official_hark_logs/hark_fileid_187.stderr.log,3
188,/mnt/d/邵鹏远/UCL/博1/code/audition_pipeline/data/dataset_4mic_3spk/Eval/mic/mic_fileid_188_doa42_3spk.wav,"48,100,245",/mnt/d/邵鹏远/UCL/博1/code/audition_pipeline/ablation_study/baseline/results/HARK_n_sep+pf_IPD/official_hark_outputs/fileid_188,/mnt/d/邵鹏远/UCL/博1/code/audition_pipeline/ablation_study/baseline/results/HARK_n_sep+pf_IPD/official_hark_outputs/fileid_188/hark_raw_fileid_188,batchflow '/mnt/d/邵鹏远/UCL/博1/code/audition_pipeline/ablation_study/baseline/results/HARK_n_sep+pf_IPD/official_hark_outputs/fileid_188/runtime_fileid_188.n' '/mnt/d/邵鹏远/UCL/博1/code/audition_pipeline/data/dataset_4mic_3spk/Eval/mic/mic_fileid_188_doa42_3spk.wav' '/mnt/d/邵鹏远/UCL/博1/code/audition_pipeline/ablation_study/baseline/results/HARK_n_sep+pf_IPD/official_hark_outputs/fileid_188/hark_raw_fileid_188',0,4.260076382000079,/mnt/d/邵鹏远/UCL/博1/code/audition_pipeline/ablation_study/baseline/results/HARK_n_sep+pf_IPD/official_hark_logs/hark_fileid_188.stdout.log,/mnt/d/邵鹏远/UCL/博1/code/audition_pipeline/ablation_study/baseline/results/HARK_n_sep+pf_IPD/official_hark_logs/hark_fileid_188.stderr.log,3
189,/mnt/d/邵鹏远/UCL/博1/code/audition_pipeline/data/dataset_4mic_3spk/Eval/mic/mic_fileid_189_doa19_3spk.wav,"19,52,309",/mnt/d/邵鹏远/UCL/博1/code/audition_pipeline/ablation_study/baseline/results/HARK_n_sep+pf_IPD/official_hark_outputs/fileid_189,/mnt/d/邵鹏远/UCL/博1/code/audition_pipeline/ablation_study/baseline/results/HARK_n_sep+pf_IPD/official_hark_outputs/fileid_189/hark_raw_fileid_189,batchflow '/mnt/d/邵鹏远/UCL/博1/code/audition_pipeline/ablation_study/baseline/results/HARK_n_sep+pf_IPD/official_hark_outputs/fileid_189/runtime_fileid_189.n' '/mnt/d/邵鹏远/UCL/博1/code/audition_pipeline/data/dataset_4mic_3spk/Eval/mic/mic_fileid_189_doa19_3spk.wav' '/mnt/d/邵鹏远/UCL/博1/code/audition_pipeline/ablation_study/baseline/results/HARK_n_sep+pf_IPD/official_hark_outputs/fileid_189/hark_raw_fileid_189',0,4.523525321999841,/mnt/d/邵鹏远/UCL/博1/code/audition_pipeline/ablation_study/baseline/results/HARK_n_sep+pf_IPD/official_hark_logs/hark_fileid_189.stdout.log,/mnt/d/邵鹏远/UCL/博1/code/audition_pipeline/ablation_study/baseline/results/HARK_n_sep+pf_IPD/official_hark_logs/hark_fileid_189.stderr.log,3
190,/mnt/d/邵鹏远/UCL/博1/code/audition_pipeline/data/dataset_4mic_3spk/Eval/mic/mic_fileid_190_doa23_3spk.wav,"23,95,193",/mnt/d/邵鹏远/UCL/博1/code/audition_pipeline/ablation_study/baseline/results/HARK_n_sep+pf_IPD/official_hark_outputs/fileid_190,/mnt/d/邵鹏远/UCL/博1/code/audition_pipeline/ablation_study/baseline/results/HARK_n_sep+pf_IPD/official_hark_outputs/fileid_190/hark_raw_fileid_190,batchflow '/mnt/d/邵鹏远/UCL/博1/code/audition_pipeline/ablation_study/baseline/results/HARK_n_sep+pf_IPD/official_hark_outputs/fileid_190/runtime_fileid_190.n' '/mnt/d/邵鹏远/UCL/博1/code/audition_pipeline/data/dataset_4mic_3spk/Eval/mic/mic_fileid_190_doa23_3spk.wav' '/mnt/d/邵鹏远/UCL/博1/code/audition_pipeline/ablation_study/baseline/results/HARK_n_sep+pf_IPD/official_hark_outputs/fileid_190/hark_raw_fileid_190',0,4.455349273000138,/mnt/d/邵鹏远/UCL/博1/code/audition_pipeline/ablation_study/baseline/results/HARK_n_sep+pf_IPD/official_hark_logs/hark_fileid_190.stdout.log,/mnt/d/邵鹏远/UCL/博1/code/audition_pipeline/ablation_study/baseline/results/HARK_n_sep+pf_IPD/official_hark_logs/hark_fileid_190.stderr.log,3
191,/mnt/d/邵鹏远/UCL/博1/code/audition_pipeline/data/dataset_4mic_3spk/Eval/mic/mic_fileid_191_doa169_3spk.wav,"159,278,317",/mnt/d/邵鹏远/UCL/博1/code/audition_pipeline/ablation_study/baseline/results/HARK_n_sep+pf_IPD/official_hark_outputs/fileid_191,/mnt/d/邵鹏远/UCL/博1/code/audition_pipeline/ablation_study/baseline/results/HARK_n_sep+pf_IPD/official_hark_outputs/fileid_191/hark_raw_fileid_191,batchflow '/mnt/d/邵鹏远/UCL/博1/code/audition_pipeline/ablation_study/baseline/results/HARK_n_sep+pf_IPD/official_hark_outputs/fileid_191/runtime_fileid_191.n' '/mnt/d/邵鹏远/UCL/博1/code/audition_pipeline/data/dataset_4mic_3spk/Eval/mic/mic_fileid_191_doa169_3spk.wav' '/mnt/d/邵鹏远/UCL/博1/code/audition_pipeline/ablation_study/baseline/results/HARK_n_sep+pf_IPD/official_hark_outputs/fileid_191/hark_raw_fileid_191',0,4.283677635999993,/mnt/d/邵鹏远/UCL/博1/code/audition_pipeline/ablation_study/baseline/results/HARK_n_sep+pf_IPD/official_hark_logs/hark_fileid_191.stdout.log,/mnt/d/邵鹏远/UCL/博1/code/audition_pipeline/ablation_study/baseline/results/HARK_n_sep+pf_IPD/official_hark_logs/hark_fileid_191.stderr.log,3
192,/mnt/d/邵鹏远/UCL/博1/code/audition_pipeline/data/dataset_4mic_3spk/Eval/mic/mic_fileid_192_doa84_3spk.wav,"82,262,346",/mnt/d/邵鹏远/UCL/博1/code/audition_pipeline/ablation_study/baseline/results/HARK_n_sep+pf_IPD/official_hark_outputs/fileid_192,/mnt/d/邵鹏远/UCL/博1/code/audition_pipeline/ablation_study/baseline/results/HARK_n_sep+pf_IPD/official_hark_outputs/fileid_192/hark_raw_fileid_192,batchflow '/mnt/d/邵鹏远/UCL/博1/code/audition_pipeline/ablation_study/baseline/results/HARK_n_sep+pf_IPD/official_hark_outputs/fileid_192/runtime_fileid_192.n' '/mnt/d/邵鹏远/UCL/博1/code/audition_pipeline/data/dataset_4mic_3spk/Eval/mic/mic_fileid_192_doa84_3spk.wav' '/mnt/d/邵鹏远/UCL/博1/code/audition_pipeline/ablation_study/baseline/results/HARK_n_sep+pf_IPD/official_hark_outputs/fileid_192/hark_raw_fileid_192',0,4.52632703099971,/mnt/d/邵鹏远/UCL/博1/code/audition_pipeline/ablation_study/baseline/results/HARK_n_sep+pf_IPD/official_hark_logs/hark_fileid_192.stdout.log,/mnt/d/邵鹏远/UCL/博1/code/audition_pipeline/ablation_study/baseline/results/HARK_n_sep+pf_IPD/official_hark_logs/hark_fileid_192.stderr.log,3
193,/mnt/d/邵鹏远/UCL/博1/code/audition_pipeline/data/dataset_4mic_3spk/Eval/mic/mic_fileid_193_doa66_3spk.wav,"100,224,321",/mnt/d/邵鹏远/UCL/博1/code/audition_pipeline/ablation_study/baseline/results/HARK_n_sep+pf_IPD/official_hark_outputs/fileid_193,/mnt/d/邵鹏远/UCL/博1/code/audition_pipeline/ablation_study/baseline/results/HARK_n_sep+pf_IPD/official_hark_outputs/fileid_193/hark_raw_fileid_193,batchflow '/mnt/d/邵鹏远/UCL/博1/code/audition_pipeline/ablation_study/baseline/results/HARK_n_sep+pf_IPD/official_hark_outputs/fileid_193/runtime_fileid_193.n' '/mnt/d/邵鹏远/UCL/博1/code/audition_pipeline/data/dataset_4mic_3spk/Eval/mic/mic_fileid_193_doa66_3spk.wav' '/mnt/d/邵鹏远/UCL/博1/code/audition_pipeline/ablation_study/baseline/results/HARK_n_sep+pf_IPD/official_hark_outputs/fileid_193/hark_raw_fileid_193',0,4.584567034999964,/mnt/d/邵鹏远/UCL/博1/code/audition_pipeline/ablation_study/baseline/results/HARK_n_sep+pf_IPD/official_hark_logs/hark_fileid_193.stdout.log,/mnt/d/邵鹏远/UCL/博1/code/audition_pipeline/ablation_study/baseline/results/HARK_n_sep+pf_IPD/official_hark_logs/hark_fileid_193.stderr.log,3
194,/mnt/d/邵鹏远/UCL/博1/code/audition_pipeline/data/dataset_4mic_3spk/Eval/mic/mic_fileid_194_doa63_3spk.wav,"63,99,284",/mnt/d/邵鹏远/UCL/博1/code/audition_pipeline/ablation_study/baseline/results/HARK_n_sep+pf_IPD/official_hark_outputs/fileid_194,/mnt/d/邵鹏远/UCL/博1/code/audition_pipeline/ablation_study/baseline/results/HARK_n_sep+pf_IPD/official_hark_outputs/fileid_194/hark_raw_fileid_194,batchflow '/mnt/d/邵鹏远/UCL/博1/code/audition_pipeline/ablation_study/baseline/results/HARK_n_sep+pf_IPD/official_hark_outputs/fileid_194/runtime_fileid_194.n' '/mnt/d/邵鹏远/UCL/博1/code/audition_pipeline/data/dataset_4mic_3spk/Eval/mic/mic_fileid_194_doa63_3spk.wav' '/mnt/d/邵鹏远/UCL/博1/code/audition_pipeline/ablation_study/baseline/results/HARK_n_sep+pf_IPD/official_hark_outputs/fileid_194/hark_raw_fileid_194',0,4.536756514999979,/mnt/d/邵鹏远/UCL/博1/code/audition_pipeline/ablation_study/baseline/results/HARK_n_sep+pf_IPD/official_hark_logs/hark_fileid_194.stdout.log,/mnt/d/邵鹏远/UCL/博1/code/audition_pipeline/ablation_study/baseline/results/HARK_n_sep+pf_IPD/official_hark_logs/hark_fileid_194.stderr.log,3
195,/mnt/d/邵鹏远/UCL/博1/code/audition_pipeline/data/dataset_4mic_3spk/Eval/mic/mic_fileid_195_doa40_3spk.wav,"79,176,228",/mnt/d/邵鹏远/UCL/博1/code/audition_pipeline/ablation_study/baseline/results/HARK_n_sep+pf_IPD/official_hark_outputs/fileid_195,/mnt/d/邵鹏远/UCL/博1/code/audition_pipeline/ablation_study/baseline/results/HARK_n_sep+pf_IPD/official_hark_outputs/fileid_195/hark_raw_fileid_195,batchflow '/mnt/d/邵鹏远/UCL/博1/code/audition_pipeline/ablation_study/baseline/results/HARK_n_sep+pf_IPD/official_hark_outputs/fileid_195/runtime_fileid_195.n' '/mnt/d/邵鹏远/UCL/博1/code/audition_pipeline/data/dataset_4mic_3spk/Eval/mic/mic_fileid_195_doa40_3spk.wav' '/mnt/d/邵鹏远/UCL/博1/code/audition_pipeline/ablation_study/baseline/results/HARK_n_sep+pf_IPD/official_hark_outputs/fileid_195/hark_raw_fileid_195',0,4.27015330499944,/mnt/d/邵鹏远/UCL/博1/code/audition_pipeline/ablation_study/baseline/results/HARK_n_sep+pf_IPD/official_hark_logs/hark_fileid_195.stdout.log,/mnt/d/邵鹏远/UCL/博1/code/audition_pipeline/ablation_study/baseline/results/HARK_n_sep+pf_IPD/official_hark_logs/hark_fileid_195.stderr.log,3
196,/mnt/d/邵鹏远/UCL/博1/code/audition_pipeline/data/dataset_4mic_3spk/Eval/mic/mic_fileid_196_doa50_3spk.wav,"0,50,112",/mnt/d/邵鹏远/UCL/博1/code/audition_pipeline/ablation_study/baseline/results/HARK_n_sep+pf_IPD/official_hark_outputs/fileid_196,/mnt/d/邵鹏远/UCL/博1/code/audition_pipeline/ablation_study/baseline/results/HARK_n_sep+pf_IPD/official_hark_outputs/fileid_196/hark_raw_fileid_196,batchflow '/mnt/d/邵鹏远/UCL/博1/code/audition_pipeline/ablation_study/baseline/results/HARK_n_sep+pf_IPD/official_hark_outputs/fileid_196/runtime_fileid_196.n' '/mnt/d/邵鹏远/UCL/博1/code/audition_pipeline/data/dataset_4mic_3spk/Eval/mic/mic_fileid_196_doa50_3spk.wav' '/mnt/d/邵鹏远/UCL/博1/code/audition_pipeline/ablation_study/baseline/results/HARK_n_sep+pf_IPD/official_hark_outputs/fileid_196/hark_raw_fileid_196',0,4.169061803000659,/mnt/d/邵鹏远/UCL/博1/code/audition_pipeline/ablation_study/baseline/results/HARK_n_sep+pf_IPD/official_hark_logs/hark_fileid_196.stdout.log,/mnt/d/邵鹏远/UCL/博1/code/audition_pipeline/ablation_study/baseline/results/HARK_n_sep+pf_IPD/official_hark_logs/hark_fileid_196.stderr.log,3
197,/mnt/d/邵鹏远/UCL/博1/code/audition_pipeline/data/dataset_4mic_3spk/Eval/mic/mic_fileid_197_doa7_3spk.wav,"8,48,318",/mnt/d/邵鹏远/UCL/博1/code/audition_pipeline/ablation_study/baseline/results/HARK_n_sep+pf_IPD/official_hark_outputs/fileid_197,/mnt/d/邵鹏远/UCL/博1/code/audition_pipeline/ablation_study/baseline/results/HARK_n_sep+pf_IPD/official_hark_outputs/fileid_197/hark_raw_fileid_197,batchflow '/mnt/d/邵鹏远/UCL/博1/code/audition_pipeline/ablation_study/baseline/results/HARK_n_sep+pf_IPD/official_hark_outputs/fileid_197/runtime_fileid_197.n' '/mnt/d/邵鹏远/UCL/博1/code/audition_pipeline/data/dataset_4mic_3spk/Eval/mic/mic_fileid_197_doa7_3spk.wav' '/mnt/d/邵鹏远/UCL/博1/code/audition_pipeline/ablation_study/baseline/results/HARK_n_sep+pf_IPD/official_hark_outputs/fileid_197/hark_raw_fileid_197',0,4.716963456000485,/mnt/d/邵鹏远/UCL/博1/code/audition_pipeline/ablation_study/baseline/results/HARK_n_sep+pf_IPD/official_hark_logs/hark_fileid_197.stdout.log,/mnt/d/邵鹏远/UCL/博1/code/audition_pipeline/ablation_study/baseline/results/HARK_n_sep+pf_IPD/official_hark_logs/hark_fileid_197.stderr.log,3
198,/mnt/d/邵鹏远/UCL/博1/code/audition_pipeline/data/dataset_4mic_3spk/Eval/mic/mic_fileid_198_doa5_3spk.wav,"3,110,136",/mnt/d/邵鹏远/UCL/博1/code/audition_pipeline/ablation_study/baseline/results/HARK_n_sep+pf_IPD/official_hark_outputs/fileid_198,/mnt/d/邵鹏远/UCL/博1/code/audition_pipeline/ablation_study/baseline/results/HARK_n_sep+pf_IPD/official_hark_outputs/fileid_198/hark_raw_fileid_198,batchflow '/mnt/d/邵鹏远/UCL/博1/code/audition_pipeline/ablation_study/baseline/results/HARK_n_sep+pf_IPD/official_hark_outputs/fileid_198/runtime_fileid_198.n' '/mnt/d/邵鹏远/UCL/博1/code/audition_pipeline/data/dataset_4mic_3spk/Eval/mic/mic_fileid_198_doa5_3spk.wav' '/mnt/d/邵鹏远/UCL/博1/code/audition_pipeline/ablation_study/baseline/results/HARK_n_sep+pf_IPD/official_hark_outputs/fileid_198/hark_raw_fileid_198',0,4.342766613000094,/mnt/d/邵鹏远/UCL/博1/code/audition_pipeline/ablation_study/baseline/results/HARK_n_sep+pf_IPD/official_hark_logs/hark_fileid_198.stdout.log,/mnt/d/邵鹏远/UCL/博1/code/audition_pipeline/ablation_study/baseline/results/HARK_n_sep+pf_IPD/official_hark_logs/hark_fileid_198.stderr.log,3
199,/mnt/d/邵鹏远/UCL/博1/code/audition_pipeline/data/dataset_4mic_3spk/Eval/mic/mic_fileid_199_doa56_3spk.wav,"102,198,251",/mnt/d/邵鹏远/UCL/博1/code/audition_pipeline/ablation_study/baseline/results/HARK_n_sep+pf_IPD/official_hark_outputs/fileid_199,/mnt/d/邵鹏远/UCL/博1/code/audition_pipeline/ablation_study/baseline/results/HARK_n_sep+pf_IPD/official_hark_outputs/fileid_199/hark_raw_fileid_199,batchflow '/mnt/d/邵鹏远/UCL/博1/code/audition_pipeline/ablation_study/baseline/results/HARK_n_sep+pf_IPD/official_hark_outputs/fileid_199/runtime_fileid_199.n' '/mnt/d/邵鹏远/UCL/博1/code/audition_pipeline/data/dataset_4mic_3spk/Eval/mic/mic_fileid_199_doa56_3spk.wav' '/mnt/d/邵鹏远/UCL/博1/code/audition_pipeline/ablation_study/baseline/results/HARK_n_sep+pf_IPD/official_hark_outputs/fileid_199/hark_raw_fileid_199',0,4.606368152999494,/mnt/d/邵鹏远/UCL/博1/code/audition_pipeline/ablation_study/baseline/results/HARK_n_sep+pf_IPD/official_hark_logs/hark_fileid_199.stdout.log,/mnt/d/邵鹏远/UCL/博1/code/audition_pipeline/ablation_study/baseline/results/HARK_n_sep+pf_IPD/official_hark_logs/hark_fileid_199.stderr.log,3
200,/mnt/d/邵鹏远/UCL/博1/code/audition_pipeline/data/dataset_4mic_3spk/Eval/mic/mic_fileid_200_doa103_3spk.wav,"111,229,307",/mnt/d/邵鹏远/UCL/博1/code/audition_pipeline/ablation_study/baseline/results/HARK_n_sep+pf_IPD/official_hark_outputs/fileid_200,/mnt/d/邵鹏远/UCL/博1/code/audition_pipeline/ablation_study/baseline/results/HARK_n_sep+pf_IPD/official_hark_outputs/fileid_200/hark_raw_fileid_200,batchflow '/mnt/d/邵鹏远/UCL/博1/code/audition_pipeline/ablation_study/baseline/results/HARK_n_sep+pf_IPD/official_hark_outputs/fileid_200/runtime_fileid_200.n' '/mnt/d/邵鹏远/UCL/博1/code/audition_pipeline/data/dataset_4mic_3spk/Eval/mic/mic_fileid_200_doa103_3spk.wav' '/mnt/d/邵鹏远/UCL/博1/code/audition_pipeline/ablation_study/baseline/results/HARK_n_sep+pf_IPD/official_hark_outputs/fileid_200/hark_raw_fileid_200',0,4.582596219999687,/mnt/d/邵鹏远/UCL/博1/code/audition_pipeline/ablation_study/baseline/results/HARK_n_sep+pf_IPD/official_hark_logs/hark_fileid_200.stdout.log,/mnt/d/邵鹏远/UCL/博1/code/audition_pipeline/ablation_study/baseline/results/HARK_n_sep+pf_IPD/official_hark_logs/hark_fileid_200.stderr.log,3
201,/mnt/d/邵鹏远/UCL/博1/code/audition_pipeline/data/dataset_4mic_3spk/Eval/mic/mic_fileid_201_doa27_3spk.wav,"27,114,208",/mnt/d/邵鹏远/UCL/博1/code/audition_pipeline/ablation_study/baseline/results/HARK_n_sep+pf_IPD/official_hark_outputs/fileid_201,/mnt/d/邵鹏远/UCL/博1/code/audition_pipeline/ablation_study/baseline/results/HARK_n_sep+pf_IPD/official_hark_outputs/fileid_201/hark_raw_fileid_201,batchflow '/mnt/d/邵鹏远/UCL/博1/code/audition_pipeline/ablation_study/baseline/results/HARK_n_sep+pf_IPD/official_hark_outputs/fileid_201/runtime_fileid_201.n' '/mnt/d/邵鹏远/UCL/博1/code/audition_pipeline/data/dataset_4mic_3spk/Eval/mic/mic_fileid_201_doa27_3spk.wav' '/mnt/d/邵鹏远/UCL/博1/code/audition_pipeline/ablation_study/baseline/results/HARK_n_sep+pf_IPD/official_hark_outputs/fileid_201/hark_raw_fileid_201',0,4.169245568999941,/mnt/d/邵鹏远/UCL/博1/code/audition_pipeline/ablation_study/baseline/results/HARK_n_sep+pf_IPD/official_hark_logs/hark_fileid_201.stdout.log,/mnt/d/邵鹏远/UCL/博1/code/audition_pipeline/ablation_study/baseline/results/HARK_n_sep+pf_IPD/official_hark_logs/hark_fileid_201.stderr.log,3
202,/mnt/d/邵鹏远/UCL/博1/code/audition_pipeline/data/dataset_4mic_3spk/Eval/mic/mic_fileid_202_doa79_3spk.wav,"82,189,310",/mnt/d/邵鹏远/UCL/博1/code/audition_pipeline/ablation_study/baseline/results/HARK_n_sep+pf_IPD/official_hark_outputs/fileid_202,/mnt/d/邵鹏远/UCL/博1/code/audition_pipeline/ablation_study/baseline/results/HARK_n_sep+pf_IPD/official_hark_outputs/fileid_202/hark_raw_fileid_202,batchflow '/mnt/d/邵鹏远/UCL/博1/code/audition_pipeline/ablation_study/baseline/results/HARK_n_sep+pf_IPD/official_hark_outputs/fileid_202/runtime_fileid_202.n' '/mnt/d/邵鹏远/UCL/博1/code/audition_pipeline/data/dataset_4mic_3spk/Eval/mic/mic_fileid_202_doa79_3spk.wav' '/mnt/d/邵鹏远/UCL/博1/code/audition_pipeline/ablation_study/baseline/results/HARK_n_sep+pf_IPD/official_hark_outputs/fileid_202/hark_raw_fileid_202',0,3.102327456000239,/mnt/d/邵鹏远/UCL/博1/code/audition_pipeline/ablation_study/baseline/results/HARK_n_sep+pf_IPD/official_hark_logs/hark_fileid_202.stdout.log,/mnt/d/邵鹏远/UCL/博1/code/audition_pipeline/ablation_study/baseline/results/HARK_n_sep+pf_IPD/official_hark_logs/hark_fileid_202.stderr.log,3
203,/mnt/d/邵鹏远/UCL/博1/code/audition_pipeline/data/dataset_4mic_3spk/Eval/mic/mic_fileid_203_doa25_3spk.wav,"25,89,122",/mnt/d/邵鹏远/UCL/博1/code/audition_pipeline/ablation_study/baseline/results/HARK_n_sep+pf_IPD/official_hark_outputs/fileid_203,/mnt/d/邵鹏远/UCL/博1/code/audition_pipeline/ablation_study/baseline/results/HARK_n_sep+pf_IPD/official_hark_outputs/fileid_203/hark_raw_fileid_203,batchflow '/mnt/d/邵鹏远/UCL/博1/code/audition_pipeline/ablation_study/baseline/results/HARK_n_sep+pf_IPD/official_hark_outputs/fileid_203/runtime_fileid_203.n' '/mnt/d/邵鹏远/UCL/博1/code/audition_pipeline/data/dataset_4mic_3spk/Eval/mic/mic_fileid_203_doa25_3spk.wav' '/mnt/d/邵鹏远/UCL/博1/code/audition_pipeline/ablation_study/baseline/results/HARK_n_sep+pf_IPD/official_hark_outputs/fileid_203/hark_raw_fileid_203',0,4.464516654999898,/mnt/d/邵鹏远/UCL/博1/code/audition_pipeline/ablation_study/baseline/results/HARK_n_sep+pf_IPD/official_hark_logs/hark_fileid_203.stdout.log,/mnt/d/邵鹏远/UCL/博1/code/audition_pipeline/ablation_study/baseline/results/HARK_n_sep+pf_IPD/official_hark_logs/hark_fileid_203.stderr.log,3
204,/mnt/d/邵鹏远/UCL/博1/code/audition_pipeline/data/dataset_4mic_3spk/Eval/mic/mic_fileid_204_doa190_3spk.wav,"190,262,318",/mnt/d/邵鹏远/UCL/博1/code/audition_pipeline/ablation_study/baseline/results/HARK_n_sep+pf_IPD/official_hark_outputs/fileid_204,/mnt/d/邵鹏远/UCL/博1/code/audition_pipeline/ablation_study/baseline/results/HARK_n_sep+pf_IPD/official_hark_outputs/fileid_204/hark_raw_fileid_204,batchflow '/mnt/d/邵鹏远/UCL/博1/code/audition_pipeline/ablation_study/baseline/results/HARK_n_sep+pf_IPD/official_hark_outputs/fileid_204/runtime_fileid_204.n' '/mnt/d/邵鹏远/UCL/博1/code/audition_pipeline/data/dataset_4mic_3spk/Eval/mic/mic_fileid_204_doa190_3spk.wav' '/mnt/d/邵鹏远/UCL/博1/code/audition_pipeline/ablation_study/baseline/results/HARK_n_sep+pf_IPD/official_hark_outputs/fileid_204/hark_raw_fileid_204',0,4.355123187999197,/mnt/d/邵鹏远/UCL/博1/code/audition_pipeline/ablation_study/baseline/results/HARK_n_sep+pf_IPD/official_hark_logs/hark_fileid_204.stdout.log,/mnt/d/邵鹏远/UCL/博1/code/audition_pipeline/ablation_study/baseline/results/HARK_n_sep+pf_IPD/official_hark_logs/hark_fileid_204.stderr.log,3
205,/mnt/d/邵鹏远/UCL/博1/code/audition_pipeline/data/dataset_4mic_3spk/Eval/mic/mic_fileid_205_doa68_3spk.wav,"77,154,260",/mnt/d/邵鹏远/UCL/博1/code/audition_pipeline/ablation_study/baseline/results/HARK_n_sep+pf_IPD/official_hark_outputs/fileid_205,/mnt/d/邵鹏远/UCL/博1/code/audition_pipeline/ablation_study/baseline/results/HARK_n_sep+pf_IPD/official_hark_outputs/fileid_205/hark_raw_fileid_205,batchflow '/mnt/d/邵鹏远/UCL/博1/code/audition_pipeline/ablation_study/baseline/results/HARK_n_sep+pf_IPD/official_hark_outputs/fileid_205/runtime_fileid_205.n' '/mnt/d/邵鹏远/UCL/博1/code/audition_pipeline/data/dataset_4mic_3spk/Eval/mic/mic_fileid_205_doa68_3spk.wav' '/mnt/d/邵鹏远/UCL/博1/code/audition_pipeline/ablation_study/baseline/results/HARK_n_sep+pf_IPD/official_hark_outputs/fileid_205/hark_raw_fileid_205',0,4.727003341000454,/mnt/d/邵鹏远/UCL/博1/code/audition_pipeline/ablation_study/baseline/results/HARK_n_sep+pf_IPD/official_hark_logs/hark_fileid_205.stdout.log,/mnt/d/邵鹏远/UCL/博1/code/audition_pipeline/ablation_study/baseline/results/HARK_n_sep+pf_IPD/official_hark_logs/hark_fileid_205.stderr.log,3
206,/mnt/d/邵鹏远/UCL/博1/code/audition_pipeline/data/dataset_4mic_3spk/Eval/mic/mic_fileid_206_doa56_3spk.wav,"55,108,266",/mnt/d/邵鹏远/UCL/博1/code/audition_pipeline/ablation_study/baseline/results/HARK_n_sep+pf_IPD/official_hark_outputs/fileid_206,/mnt/d/邵鹏远/UCL/博1/code/audition_pipeline/ablation_study/baseline/results/HARK_n_sep+pf_IPD/official_hark_outputs/fileid_206/hark_raw_fileid_206,batchflow '/mnt/d/邵鹏远/UCL/博1/code/audition_pipeline/ablation_study/baseline/results/HARK_n_sep+pf_IPD/official_hark_outputs/fileid_206/runtime_fileid_206.n' '/mnt/d/邵鹏远/UCL/博1/code/audition_pipeline/data/dataset_4mic_3spk/Eval/mic/mic_fileid_206_doa56_3spk.wav' '/mnt/d/邵鹏远/UCL/博1/code/audition_pipeline/ablation_study/baseline/results/HARK_n_sep+pf_IPD/official_hark_outputs/fileid_206/hark_raw_fileid_206',0,4.327604213000086,/mnt/d/邵鹏远/UCL/博1/code/audition_pipeline/ablation_study/baseline/results/HARK_n_sep+pf_IPD/official_hark_logs/hark_fileid_206.stdout.log,/mnt/d/邵鹏远/UCL/博1/code/audition_pipeline/ablation_study/baseline/results/HARK_n_sep+pf_IPD/official_hark_logs/hark_fileid_206.stderr.log,3
207,/mnt/d/邵鹏远/UCL/博1/code/audition_pipeline/data/dataset_4mic_3spk/Eval/mic/mic_fileid_207_doa138_3spk.wav,"139,203,245",/mnt/d/邵鹏远/UCL/博1/code/audition_pipeline/ablation_study/baseline/results/HARK_n_sep+pf_IPD/official_hark_outputs/fileid_207,/mnt/d/邵鹏远/UCL/博1/code/audition_pipeline/ablation_study/baseline/results/HARK_n_sep+pf_IPD/official_hark_outputs/fileid_207/hark_raw_fileid_207,batchflow '/mnt/d/邵鹏远/UCL/博1/code/audition_pipeline/ablation_study/baseline/results/HARK_n_sep+pf_IPD/official_hark_outputs/fileid_207/runtime_fileid_207.n' '/mnt/d/邵鹏远/UCL/博1/code/audition_pipeline/data/dataset_4mic_3spk/Eval/mic/mic_fileid_207_doa138_3spk.wav' '/mnt/d/邵鹏远/UCL/博1/code/audition_pipeline/ablation_study/baseline/results/HARK_n_sep+pf_IPD/official_hark_outputs/fileid_207/hark_raw_fileid_207',0,4.37385340199944,/mnt/d/邵鹏远/UCL/博1/code/audition_pipeline/ablation_study/baseline/results/HARK_n_sep+pf_IPD/official_hark_logs/hark_fileid_207.stdout.log,/mnt/d/邵鹏远/UCL/博1/code/audition_pipeline/ablation_study/baseline/results/HARK_n_sep+pf_IPD/official_hark_logs/hark_fileid_207.stderr.log,3
208,/mnt/d/邵鹏远/UCL/博1/code/audition_pipeline/data/dataset_4mic_3spk/Eval/mic/mic_fileid_208_doa73_3spk.wav,"84,226,274",/mnt/d/邵鹏远/UCL/博1/code/audition_pipeline/ablation_study/baseline/results/HARK_n_sep+pf_IPD/official_hark_outputs/fileid_208,/mnt/d/邵鹏远/UCL/博1/code/audition_pipeline/ablation_study/baseline/results/HARK_n_sep+pf_IPD/official_hark_outputs/fileid_208/hark_raw_fileid_208,batchflow '/mnt/d/邵鹏远/UCL/博1/code/audition_pipeline/ablation_study/baseline/results/HARK_n_sep+pf_IPD/official_hark_outputs/fileid_208/runtime_fileid_208.n' '/mnt/d/邵鹏远/UCL/博1/code/audition_pipeline/data/dataset_4mic_3spk/Eval/mic/mic_fileid_208_doa73_3spk.wav' '/mnt/d/邵鹏远/UCL/博1/code/audition_pipeline/ablation_study/baseline/results/HARK_n_sep+pf_IPD/official_hark_outputs/fileid_208/hark_raw_fileid_208',0,4.36330852699939,/mnt/d/邵鹏远/UCL/博1/code/audition_pipeline/ablation_study/baseline/results/HARK_n_sep+pf_IPD/official_hark_logs/hark_fileid_208.stdout.log,/mnt/d/邵鹏远/UCL/博1/code/audition_pipeline/ablation_study/baseline/results/HARK_n_sep+pf_IPD/official_hark_logs/hark_fileid_208.stderr.log,3
209,/mnt/d/邵鹏远/UCL/博1/code/audition_pipeline/data/dataset_4mic_3spk/Eval/mic/mic_fileid_209_doa17_3spk.wav,"16,86,197",/mnt/d/邵鹏远/UCL/博1/code/audition_pipeline/ablation_study/baseline/results/HARK_n_sep+pf_IPD/official_hark_outputs/fileid_209,/mnt/d/邵鹏远/UCL/博1/code/audition_pipeline/ablation_study/baseline/results/HARK_n_sep+pf_IPD/official_hark_outputs/fileid_209/hark_raw_fileid_209,batchflow '/mnt/d/邵鹏远/UCL/博1/code/audition_pipeline/ablation_study/baseline/results/HARK_n_sep+pf_IPD/official_hark_outputs/fileid_209/runtime_fileid_209.n' '/mnt/d/邵鹏远/UCL/博1/code/audition_pipeline/data/dataset_4mic_3spk/Eval/mic/mic_fileid_209_doa17_3spk.wav' '/mnt/d/邵鹏远/UCL/博1/code/audition_pipeline/ablation_study/baseline/results/HARK_n_sep+pf_IPD/official_hark_outputs/fileid_209/hark_raw_fileid_209',0,4.312588191999566,/mnt/d/邵鹏远/UCL/博1/code/audition_pipeline/ablation_study/baseline/results/HARK_n_sep+pf_IPD/official_hark_logs/hark_fileid_209.stdout.log,/mnt/d/邵鹏远/UCL/博1/code/audition_pipeline/ablation_study/baseline/results/HARK_n_sep+pf_IPD/official_hark_logs/hark_fileid_209.stderr.log,3
210,/mnt/d/邵鹏远/UCL/博1/code/audition_pipeline/data/dataset_4mic_3spk/Eval/mic/mic_fileid_210_doa278_3spk.wav,"124,277,333",/mnt/d/邵鹏远/UCL/博1/code/audition_pipeline/ablation_study/baseline/results/HARK_n_sep+pf_IPD/official_hark_outputs/fileid_210,/mnt/d/邵鹏远/UCL/博1/code/audition_pipeline/ablation_study/baseline/results/HARK_n_sep+pf_IPD/official_hark_outputs/fileid_210/hark_raw_fileid_210,batchflow '/mnt/d/邵鹏远/UCL/博1/code/audition_pipeline/ablation_study/baseline/results/HARK_n_sep+pf_IPD/official_hark_outputs/fileid_210/runtime_fileid_210.n' '/mnt/d/邵鹏远/UCL/博1/code/audition_pipeline/data/dataset_4mic_3spk/Eval/mic/mic_fileid_210_doa278_3spk.wav' '/mnt/d/邵鹏远/UCL/博1/code/audition_pipeline/ablation_study/baseline/results/HARK_n_sep+pf_IPD/official_hark_outputs/fileid_210/hark_raw_fileid_210',0,4.568060018999859,/mnt/d/邵鹏远/UCL/博1/code/audition_pipeline/ablation_study/baseline/results/HARK_n_sep+pf_IPD/official_hark_logs/hark_fileid_210.stdout.log,/mnt/d/邵鹏远/UCL/博1/code/audition_pipeline/ablation_study/baseline/results/HARK_n_sep+pf_IPD/official_hark_logs/hark_fileid_210.stderr.log,3
211,/mnt/d/邵鹏远/UCL/博1/code/audition_pipeline/data/dataset_4mic_3spk/Eval/mic/mic_fileid_211_doa55_3spk.wav,"55,99,174",/mnt/d/邵鹏远/UCL/博1/code/audition_pipeline/ablation_study/baseline/results/HARK_n_sep+pf_IPD/official_hark_outputs/fileid_211,/mnt/d/邵鹏远/UCL/博1/code/audition_pipeline/ablation_study/baseline/results/HARK_n_sep+pf_IPD/official_hark_outputs/fileid_211/hark_raw_fileid_211,batchflow '/mnt/d/邵鹏远/UCL/博1/code/audition_pipeline/ablation_study/baseline/results/HARK_n_sep+pf_IPD/official_hark_outputs/fileid_211/runtime_fileid_211.n' '/mnt/d/邵鹏远/UCL/博1/code/audition_pipeline/data/dataset_4mic_3spk/Eval/mic/mic_fileid_211_doa55_3spk.wav' '/mnt/d/邵鹏远/UCL/博1/code/audition_pipeline/ablation_study/baseline/results/HARK_n_sep+pf_IPD/official_hark_outputs/fileid_211/hark_raw_fileid_211',0,4.3709585240003435,/mnt/d/邵鹏远/UCL/博1/code/audition_pipeline/ablation_study/baseline/results/HARK_n_sep+pf_IPD/official_hark_logs/hark_fileid_211.stdout.log,/mnt/d/邵鹏远/UCL/博1/code/audition_pipeline/ablation_study/baseline/results/HARK_n_sep+pf_IPD/official_hark_logs/hark_fileid_211.stderr.log,3
212,/mnt/d/邵鹏远/UCL/博1/code/audition_pipeline/data/dataset_4mic_3spk/Eval/mic/mic_fileid_212_doa75_3spk.wav,"76,292,339",/mnt/d/邵鹏远/UCL/博1/code/audition_pipeline/ablation_study/baseline/results/HARK_n_sep+pf_IPD/official_hark_outputs/fileid_212,/mnt/d/邵鹏远/UCL/博1/code/audition_pipeline/ablation_study/baseline/results/HARK_n_sep+pf_IPD/official_hark_outputs/fileid_212/hark_raw_fileid_212,batchflow '/mnt/d/邵鹏远/UCL/博1/code/audition_pipeline/ablation_study/baseline/results/HARK_n_sep+pf_IPD/official_hark_outputs/fileid_212/runtime_fileid_212.n' '/mnt/d/邵鹏远/UCL/博1/code/audition_pipeline/data/dataset_4mic_3spk/Eval/mic/mic_fileid_212_doa75_3spk.wav' '/mnt/d/邵鹏远/UCL/博1/code/audition_pipeline/ablation_study/baseline/results/HARK_n_sep+pf_IPD/official_hark_outputs/fileid_212/hark_raw_fileid_212',0,4.60838448100003,/mnt/d/邵鹏远/UCL/博1/code/audition_pipeline/ablation_study/baseline/results/HARK_n_sep+pf_IPD/official_hark_logs/hark_fileid_212.stdout.log,/mnt/d/邵鹏远/UCL/博1/code/audition_pipeline/ablation_study/baseline/results/HARK_n_sep+pf_IPD/official_hark_logs/hark_fileid_212.stderr.log,3
213,/mnt/d/邵鹏远/UCL/博1/code/audition_pipeline/data/dataset_4mic_3spk/Eval/mic/mic_fileid_213_doa78_3spk.wav,"183,196,262",/mnt/d/邵鹏远/UCL/博1/code/audition_pipeline/ablation_study/baseline/results/HARK_n_sep+pf_IPD/official_hark_outputs/fileid_213,/mnt/d/邵鹏远/UCL/博1/code/audition_pipeline/ablation_study/baseline/results/HARK_n_sep+pf_IPD/official_hark_outputs/fileid_213/hark_raw_fileid_213,batchflow '/mnt/d/邵鹏远/UCL/博1/code/audition_pipeline/ablation_study/baseline/results/HARK_n_sep+pf_IPD/official_hark_outputs/fileid_213/runtime_fileid_213.n' '/mnt/d/邵鹏远/UCL/博1/code/audition_pipeline/data/dataset_4mic_3spk/Eval/mic/mic_fileid_213_doa78_3spk.wav' '/mnt/d/邵鹏远/UCL/博1/code/audition_pipeline/ablation_study/baseline/results/HARK_n_sep+pf_IPD/official_hark_outputs/fileid_213/hark_raw_fileid_213',0,4.421922158000598,/mnt/d/邵鹏远/UCL/博1/code/audition_pipeline/ablation_study/baseline/results/HARK_n_sep+pf_IPD/official_hark_logs/hark_fileid_213.stdout.log,/mnt/d/邵鹏远/UCL/博1/code/audition_pipeline/ablation_study/baseline/results/HARK_n_sep+pf_IPD/official_hark_logs/hark_fileid_213.stderr.log,3
214,/mnt/d/邵鹏远/UCL/博1/code/audition_pipeline/data/dataset_4mic_3spk/Eval/mic/mic_fileid_214_doa74_3spk.wav,"76,167,295",/mnt/d/邵鹏远/UCL/博1/code/audition_pipeline/ablation_study/baseline/results/HARK_n_sep+pf_IPD/official_hark_outputs/fileid_214,/mnt/d/邵鹏远/UCL/博1/code/audition_pipeline/ablation_study/baseline/results/HARK_n_sep+pf_IPD/official_hark_outputs/fileid_214/hark_raw_fileid_214,batchflow '/mnt/d/邵鹏远/UCL/博1/code/audition_pipeline/ablation_study/baseline/results/HARK_n_sep+pf_IPD/official_hark_outputs/fileid_214/runtime_fileid_214.n' '/mnt/d/邵鹏远/UCL/博1/code/audition_pipeline/data/dataset_4mic_3spk/Eval/mic/mic_fileid_214_doa74_3spk.wav' '/mnt/d/邵鹏远/UCL/博1/code/audition_pipeline/ablation_study/baseline/results/HARK_n_sep+pf_IPD/official_hark_outputs/fileid_214/hark_raw_fileid_214',0,4.611932288000389,/mnt/d/邵鹏远/UCL/博1/code/audition_pipeline/ablation_study/baseline/results/HARK_n_sep+pf_IPD/official_hark_logs/hark_fileid_214.stdout.log,/mnt/d/邵鹏远/UCL/博1/code/audition_pipeline/ablation_study/baseline/results/HARK_n_sep+pf_IPD/official_hark_logs/hark_fileid_214.stderr.log,3
215,/mnt/d/邵鹏远/UCL/博1/code/audition_pipeline/data/dataset_4mic_3spk/Eval/mic/mic_fileid_215_doa77_3spk.wav,"81,163,262",/mnt/d/邵鹏远/UCL/博1/code/audition_pipeline/ablation_study/baseline/results/HARK_n_sep+pf_IPD/official_hark_outputs/fileid_215,/mnt/d/邵鹏远/UCL/博1/code/audition_pipeline/ablation_study/baseline/results/HARK_n_sep+pf_IPD/official_hark_outputs/fileid_215/hark_raw_fileid_215,batchflow '/mnt/d/邵鹏远/UCL/博1/code/audition_pipeline/ablation_study/baseline/results/HARK_n_sep+pf_IPD/official_hark_outputs/fileid_215/runtime_fileid_215.n' '/mnt/d/邵鹏远/UCL/博1/code/audition_pipeline/data/dataset_4mic_3spk/Eval/mic/mic_fileid_215_doa77_3spk.wav' '/mnt/d/邵鹏远/UCL/博1/code/audition_pipeline/ablation_study/baseline/results/HARK_n_sep+pf_IPD/official_hark_outputs/fileid_215/hark_raw_fileid_215',0,4.299683844000356,/mnt/d/邵鹏远/UCL/博1/code/audition_pipeline/ablation_study/baseline/results/HARK_n_sep+pf_IPD/official_hark_logs/hark_fileid_215.stdout.log,/mnt/d/邵鹏远/UCL/博1/code/audition_pipeline/ablation_study/baseline/results/HARK_n_sep+pf_IPD/official_hark_logs/hark_fileid_215.stderr.log,3
216,/mnt/d/邵鹏远/UCL/博1/code/audition_pipeline/data/dataset_4mic_3spk/Eval/mic/mic_fileid_216_doa82_3spk.wav,"82,256,334",/mnt/d/邵鹏远/UCL/博1/code/audition_pipeline/ablation_study/baseline/results/HARK_n_sep+pf_IPD/official_hark_outputs/fileid_216,/mnt/d/邵鹏远/UCL/博1/code/audition_pipeline/ablation_study/baseline/results/HARK_n_sep+pf_IPD/official_hark_outputs/fileid_216/hark_raw_fileid_216,batchflow '/mnt/d/邵鹏远/UCL/博1/code/audition_pipeline/ablation_study/baseline/results/HARK_n_sep+pf_IPD/official_hark_outputs/fileid_216/runtime_fileid_216.n' '/mnt/d/邵鹏远/UCL/博1/code/audition_pipeline/data/dataset_4mic_3spk/Eval/mic/mic_fileid_216_doa82_3spk.wav' '/mnt/d/邵鹏远/UCL/博1/code/audition_pipeline/ablation_study/baseline/results/HARK_n_sep+pf_IPD/official_hark_outputs/fileid_216/hark_raw_fileid_216',0,4.63684459399974,/mnt/d/邵鹏远/UCL/博1/code/audition_pipeline/ablation_study/baseline/results/HARK_n_sep+pf_IPD/official_hark_logs/hark_fileid_216.stdout.log,/mnt/d/邵鹏远/UCL/博1/code/audition_pipeline/ablation_study/baseline/results/HARK_n_sep+pf_IPD/official_hark_logs/hark_fileid_216.stderr.log,3
217,/mnt/d/邵鹏远/UCL/博1/code/audition_pipeline/data/dataset_4mic_3spk/Eval/mic/mic_fileid_217_doa95_3spk.wav,"95,188,281",/mnt/d/邵鹏远/UCL/博1/code/audition_pipeline/ablation_study/baseline/results/HARK_n_sep+pf_IPD/official_hark_outputs/fileid_217,/mnt/d/邵鹏远/UCL/博1/code/audition_pipeline/ablation_study/baseline/results/HARK_n_sep+pf_IPD/official_hark_outputs/fileid_217/hark_raw_fileid_217,batchflow '/mnt/d/邵鹏远/UCL/博1/code/audition_pipeline/ablation_study/baseline/results/HARK_n_sep+pf_IPD/official_hark_outputs/fileid_217/runtime_fileid_217.n' '/mnt/d/邵鹏远/UCL/博1/code/audition_pipeline/data/dataset_4mic_3spk/Eval/mic/mic_fileid_217_doa95_3spk.wav' '/mnt/d/邵鹏远/UCL/博1/code/audition_pipeline/ablation_study/baseline/results/HARK_n_sep+pf_IPD/official_hark_outputs/fileid_217/hark_raw_fileid_217',0,4.4190459239998745,/mnt/d/邵鹏远/UCL/博1/code/audition_pipeline/ablation_study/baseline/results/HARK_n_sep+pf_IPD/official_hark_logs/hark_fileid_217.stdout.log,/mnt/d/邵鹏远/UCL/博1/code/audition_pipeline/ablation_study/baseline/results/HARK_n_sep+pf_IPD/official_hark_logs/hark_fileid_217.stderr.log,3
218,/mnt/d/邵鹏远/UCL/博1/code/audition_pipeline/data/dataset_4mic_3spk/Eval/mic/mic_fileid_218_doa157_3spk.wav,"153,203,326",/mnt/d/邵鹏远/UCL/博1/code/audition_pipeline/ablation_study/baseline/results/HARK_n_sep+pf_IPD/official_hark_outputs/fileid_218,/mnt/d/邵鹏远/UCL/博1/code/audition_pipeline/ablation_study/baseline/results/HARK_n_sep+pf_IPD/official_hark_outputs/fileid_218/hark_raw_fileid_218,batchflow '/mnt/d/邵鹏远/UCL/博1/code/audition_pipeline/ablation_study/baseline/results/HARK_n_sep+pf_IPD/official_hark_outputs/fileid_218/runtime_fileid_218.n' '/mnt/d/邵鹏远/UCL/博1/code/audition_pipeline/data/dataset_4mic_3spk/Eval/mic/mic_fileid_218_doa157_3spk.wav' '/mnt/d/邵鹏远/UCL/博1/code/audition_pipeline/ablation_study/baseline/results/HARK_n_sep+pf_IPD/official_hark_outputs/fileid_218/hark_raw_fileid_218',0,4.058756021999216,/mnt/d/邵鹏远/UCL/博1/code/audition_pipeline/ablation_study/baseline/results/HARK_n_sep+pf_IPD/official_hark_logs/hark_fileid_218.stdout.log,/mnt/d/邵鹏远/UCL/博1/code/audition_pipeline/ablation_study/baseline/results/HARK_n_sep+pf_IPD/official_hark_logs/hark_fileid_218.stderr.log,3
219,/mnt/d/邵鹏远/UCL/博1/code/audition_pipeline/data/dataset_4mic_3spk/Eval/mic/mic_fileid_219_doa56_3spk.wav,"55,121,289",/mnt/d/邵鹏远/UCL/博1/code/audition_pipeline/ablation_study/baseline/results/HARK_n_sep+pf_IPD/official_hark_outputs/fileid_219,/mnt/d/邵鹏远/UCL/博1/code/audition_pipeline/ablation_study/baseline/results/HARK_n_sep+pf_IPD/official_hark_outputs/fileid_219/hark_raw_fileid_219,batchflow '/mnt/d/邵鹏远/UCL/博1/code/audition_pipeline/ablation_study/baseline/results/HARK_n_sep+pf_IPD/official_hark_outputs/fileid_219/runtime_fileid_219.n' '/mnt/d/邵鹏远/UCL/博1/code/audition_pipeline/data/dataset_4mic_3spk/Eval/mic/mic_fileid_219_doa56_3spk.wav' '/mnt/d/邵鹏远/UCL/博1/code/audition_pipeline/ablation_study/baseline/results/HARK_n_sep+pf_IPD/official_hark_outputs/fileid_219/hark_raw_fileid_219',0,4.354888951000248,/mnt/d/邵鹏远/UCL/博1/code/audition_pipeline/ablation_study/baseline/results/HARK_n_sep+pf_IPD/official_hark_logs/hark_fileid_219.stdout.log,/mnt/d/邵鹏远/UCL/博1/code/audition_pipeline/ablation_study/baseline/results/HARK_n_sep+pf_IPD/official_hark_logs/hark_fileid_219.stderr.log,3
220,/mnt/d/邵鹏远/UCL/博1/code/audition_pipeline/data/dataset_4mic_3spk/Eval/mic/mic_fileid_220_doa23_3spk.wav,"27,235,331",/mnt/d/邵鹏远/UCL/博1/code/audition_pipeline/ablation_study/baseline/results/HARK_n_sep+pf_IPD/official_hark_outputs/fileid_220,/mnt/d/邵鹏远/UCL/博1/code/audition_pipeline/ablation_study/baseline/results/HARK_n_sep+pf_IPD/official_hark_outputs/fileid_220/hark_raw_fileid_220,batchflow '/mnt/d/邵鹏远/UCL/博1/code/audition_pipeline/ablation_study/baseline/results/HARK_n_sep+pf_IPD/official_hark_outputs/fileid_220/runtime_fileid_220.n' '/mnt/d/邵鹏远/UCL/博1/code/audition_pipeline/data/dataset_4mic_3spk/Eval/mic/mic_fileid_220_doa23_3spk.wav' '/mnt/d/邵鹏远/UCL/博1/code/audition_pipeline/ablation_study/baseline/results/HARK_n_sep+pf_IPD/official_hark_outputs/fileid_220/hark_raw_fileid_220',0,4.526978826999766,/mnt/d/邵鹏远/UCL/博1/code/audition_pipeline/ablation_study/baseline/results/HARK_n_sep+pf_IPD/official_hark_logs/hark_fileid_220.stdout.log,/mnt/d/邵鹏远/UCL/博1/code/audition_pipeline/ablation_study/baseline/results/HARK_n_sep+pf_IPD/official_hark_logs/hark_fileid_220.stderr.log,3
221,/mnt/d/邵鹏远/UCL/博1/code/audition_pipeline/data/dataset_4mic_3spk/Eval/mic/mic_fileid_221_doa91_3spk.wav,"219,273,286",/mnt/d/邵鹏远/UCL/博1/code/audition_pipeline/ablation_study/baseline/results/HARK_n_sep+pf_IPD/official_hark_outputs/fileid_221,/mnt/d/邵鹏远/UCL/博1/code/audition_pipeline/ablation_study/baseline/results/HARK_n_sep+pf_IPD/official_hark_outputs/fileid_221/hark_raw_fileid_221,batchflow '/mnt/d/邵鹏远/UCL/博1/code/audition_pipeline/ablation_study/baseline/results/HARK_n_sep+pf_IPD/official_hark_outputs/fileid_221/runtime_fileid_221.n' '/mnt/d/邵鹏远/UCL/博1/code/audition_pipeline/data/dataset_4mic_3spk/Eval/mic/mic_fileid_221_doa91_3spk.wav' '/mnt/d/邵鹏远/UCL/博1/code/audition_pipeline/ablation_study/baseline/results/HARK_n_sep+pf_IPD/official_hark_outputs/fileid_221/hark_raw_fileid_221',0,4.148574084999382,/mnt/d/邵鹏远/UCL/博1/code/audition_pipeline/ablation_study/baseline/results/HARK_n_sep+pf_IPD/official_hark_logs/hark_fileid_221.stdout.log,/mnt/d/邵鹏远/UCL/博1/code/audition_pipeline/ablation_study/baseline/results/HARK_n_sep+pf_IPD/official_hark_logs/hark_fileid_221.stderr.log,3
222,/mnt/d/邵鹏远/UCL/博1/code/audition_pipeline/data/dataset_4mic_3spk/Eval/mic/mic_fileid_222_doa144_3spk.wav,"22,160,294",/mnt/d/邵鹏远/UCL/博1/code/audition_pipeline/ablation_study/baseline/results/HARK_n_sep+pf_IPD/official_hark_outputs/fileid_222,/mnt/d/邵鹏远/UCL/博1/code/audition_pipeline/ablation_study/baseline/results/HARK_n_sep+pf_IPD/official_hark_outputs/fileid_222/hark_raw_fileid_222,batchflow '/mnt/d/邵鹏远/UCL/博1/code/audition_pipeline/ablation_study/baseline/results/HARK_n_sep+pf_IPD/official_hark_outputs/fileid_222/runtime_fileid_222.n' '/mnt/d/邵鹏远/UCL/博1/code/audition_pipeline/data/dataset_4mic_3spk/Eval/mic/mic_fileid_222_doa144_3spk.wav' '/mnt/d/邵鹏远/UCL/博1/code/audition_pipeline/ablation_study/baseline/results/HARK_n_sep+pf_IPD/official_hark_outputs/fileid_222/hark_raw_fileid_222',0,4.472738780999862,/mnt/d/邵鹏远/UCL/博1/code/audition_pipeline/ablation_study/baseline/results/HARK_n_sep+pf_IPD/official_hark_logs/hark_fileid_222.stdout.log,/mnt/d/邵鹏远/UCL/博1/code/audition_pipeline/ablation_study/baseline/results/HARK_n_sep+pf_IPD/official_hark_logs/hark_fileid_222.stderr.log,3
223,/mnt/d/邵鹏远/UCL/博1/code/audition_pipeline/data/dataset_4mic_3spk/Eval/mic/mic_fileid_223_doa16_3spk.wav,"20,85,139",/mnt/d/邵鹏远/UCL/博1/code/audition_pipeline/ablation_study/baseline/results/HARK_n_sep+pf_IPD/official_hark_outputs/fileid_223,/mnt/d/邵鹏远/UCL/博1/code/audition_pipeline/ablation_study/baseline/results/HARK_n_sep+pf_IPD/official_hark_outputs/fileid_223/hark_raw_fileid_223,batchflow '/mnt/d/邵鹏远/UCL/博1/code/audition_pipeline/ablation_study/baseline/results/HARK_n_sep+pf_IPD/official_hark_outputs/fileid_223/runtime_fileid_223.n' '/mnt/d/邵鹏远/UCL/博1/code/audition_pipeline/data/dataset_4mic_3spk/Eval/mic/mic_fileid_223_doa16_3spk.wav' '/mnt/d/邵鹏远/UCL/博1/code/audition_pipeline/ablation_study/baseline/results/HARK_n_sep+pf_IPD/official_hark_outputs/fileid_223/hark_raw_fileid_223',0,4.704966319999585,/mnt/d/邵鹏远/UCL/博1/code/audition_pipeline/ablation_study/baseline/results/HARK_n_sep+pf_IPD/official_hark_logs/hark_fileid_223.stdout.log,/mnt/d/邵鹏远/UCL/博1/code/audition_pipeline/ablation_study/baseline/results/HARK_n_sep+pf_IPD/official_hark_logs/hark_fileid_223.stderr.log,3
224,/mnt/d/邵鹏远/UCL/博1/code/audition_pipeline/data/dataset_4mic_3spk/Eval/mic/mic_fileid_224_doa124_3spk.wav,"129,247,319",/mnt/d/邵鹏远/UCL/博1/code/audition_pipeline/ablation_study/baseline/results/HARK_n_sep+pf_IPD/official_hark_outputs/fileid_224,/mnt/d/邵鹏远/UCL/博1/code/audition_pipeline/ablation_study/baseline/results/HARK_n_sep+pf_IPD/official_hark_outputs/fileid_224/hark_raw_fileid_224,batchflow '/mnt/d/邵鹏远/UCL/博1/code/audition_pipeline/ablation_study/baseline/results/HARK_n_sep+pf_IPD/official_hark_outputs/fileid_224/runtime_fileid_224.n' '/mnt/d/邵鹏远/UCL/博1/code/audition_pipeline/data/dataset_4mic_3spk/Eval/mic/mic_fileid_224_doa124_3spk.wav' '/mnt/d/邵鹏远/UCL/博1/code/audition_pipeline/ablation_study/baseline/results/HARK_n_sep+pf_IPD/official_hark_outputs/fileid_224/hark_raw_fileid_224',0,4.602660745000321,/mnt/d/邵鹏远/UCL/博1/code/audition_pipeline/ablation_study/baseline/results/HARK_n_sep+pf_IPD/official_hark_logs/hark_fileid_224.stdout.log,/mnt/d/邵鹏远/UCL/博1/code/audition_pipeline/ablation_study/baseline/results/HARK_n_sep+pf_IPD/official_hark_logs/hark_fileid_224.stderr.log,3
225,/mnt/d/邵鹏远/UCL/博1/code/audition_pipeline/data/dataset_4mic_3spk/Eval/mic/mic_fileid_225_doa14_3spk.wav,"15,55,127",/mnt/d/邵鹏远/UCL/博1/code/audition_pipeline/ablation_study/baseline/results/HARK_n_sep+pf_IPD/official_hark_outputs/fileid_225,/mnt/d/邵鹏远/UCL/博1/code/audition_pipeline/ablation_study/baseline/results/HARK_n_sep+pf_IPD/official_hark_outputs/fileid_225/hark_raw_fileid_225,batchflow '/mnt/d/邵鹏远/UCL/博1/code/audition_pipeline/ablation_study/baseline/results/HARK_n_sep+pf_IPD/official_hark_outputs/fileid_225/runtime_fileid_225.n' '/mnt/d/邵鹏远/UCL/博1/code/audition_pipeline/data/dataset_4mic_3spk/Eval/mic/mic_fileid_225_doa14_3spk.wav' '/mnt/d/邵鹏远/UCL/博1/code/audition_pipeline/ablation_study/baseline/results/HARK_n_sep+pf_IPD/official_hark_outputs/fileid_225/hark_raw_fileid_225',0,3.8810122960003355,/mnt/d/邵鹏远/UCL/博1/code/audition_pipeline/ablation_study/baseline/results/HARK_n_sep+pf_IPD/official_hark_logs/hark_fileid_225.stdout.log,/mnt/d/邵鹏远/UCL/博1/code/audition_pipeline/ablation_study/baseline/results/HARK_n_sep+pf_IPD/official_hark_logs/hark_fileid_225.stderr.log,3
226,/mnt/d/邵鹏远/UCL/博1/code/audition_pipeline/data/dataset_4mic_3spk/Eval/mic/mic_fileid_226_doa127_3spk.wav,"128,225,296",/mnt/d/邵鹏远/UCL/博1/code/audition_pipeline/ablation_study/baseline/results/HARK_n_sep+pf_IPD/official_hark_outputs/fileid_226,/mnt/d/邵鹏远/UCL/博1/code/audition_pipeline/ablation_study/baseline/results/HARK_n_sep+pf_IPD/official_hark_outputs/fileid_226/hark_raw_fileid_226,batchflow '/mnt/d/邵鹏远/UCL/博1/code/audition_pipeline/ablation_study/baseline/results/HARK_n_sep+pf_IPD/official_hark_outputs/fileid_226/runtime_fileid_226.n' '/mnt/d/邵鹏远/UCL/博1/code/audition_pipeline/data/dataset_4mic_3spk/Eval/mic/mic_fileid_226_doa127_3spk.wav' '/mnt/d/邵鹏远/UCL/博1/code/audition_pipeline/ablation_study/baseline/results/HARK_n_sep+pf_IPD/official_hark_outputs/fileid_226/hark_raw_fileid_226',0,4.501639950999561,/mnt/d/邵鹏远/UCL/博1/code/audition_pipeline/ablation_study/baseline/results/HARK_n_sep+pf_IPD/official_hark_logs/hark_fileid_226.stdout.log,/mnt/d/邵鹏远/UCL/博1/code/audition_pipeline/ablation_study/baseline/results/HARK_n_sep+pf_IPD/official_hark_logs/hark_fileid_226.stderr.log,3
227,/mnt/d/邵鹏远/UCL/博1/code/audition_pipeline/data/dataset_4mic_3spk/Eval/mic/mic_fileid_227_doa143_3spk.wav,"143,206,316",/mnt/d/邵鹏远/UCL/博1/code/audition_pipeline/ablation_study/baseline/results/HARK_n_sep+pf_IPD/official_hark_outputs/fileid_227,/mnt/d/邵鹏远/UCL/博1/code/audition_pipeline/ablation_study/baseline/results/HARK_n_sep+pf_IPD/official_hark_outputs/fileid_227/hark_raw_fileid_227,batchflow '/mnt/d/邵鹏远/UCL/博1/code/audition_pipeline/ablation_study/baseline/results/HARK_n_sep+pf_IPD/official_hark_outputs/fileid_227/runtime_fileid_227.n' '/mnt/d/邵鹏远/UCL/博1/code/audition_pipeline/data/dataset_4mic_3spk/Eval/mic/mic_fileid_227_doa143_3spk.wav' '/mnt/d/邵鹏远/UCL/博1/code/audition_pipeline/ablation_study/baseline/results/HARK_n_sep+pf_IPD/official_hark_outputs/fileid_227/hark_raw_fileid_227',0,4.484124346000499,/mnt/d/邵鹏远/UCL/博1/code/audition_pipeline/ablation_study/baseline/results/HARK_n_sep+pf_IPD/official_hark_logs/hark_fileid_227.stdout.log,/mnt/d/邵鹏远/UCL/博1/code/audition_pipeline/ablation_study/baseline/results/HARK_n_sep+pf_IPD/official_hark_logs/hark_fileid_227.stderr.log,3
228,/mnt/d/邵鹏远/UCL/博1/code/audition_pipeline/data/dataset_4mic_3spk/Eval/mic/mic_fileid_228_doa105_3spk.wav,"109,170,300",/mnt/d/邵鹏远/UCL/博1/code/audition_pipeline/ablation_study/baseline/results/HARK_n_sep+pf_IPD/official_hark_outputs/fileid_228,/mnt/d/邵鹏远/UCL/博1/code/audition_pipeline/ablation_study/baseline/results/HARK_n_sep+pf_IPD/official_hark_outputs/fileid_228/hark_raw_fileid_228,batchflow '/mnt/d/邵鹏远/UCL/博1/code/audition_pipeline/ablation_study/baseline/results/HARK_n_sep+pf_IPD/official_hark_outputs/fileid_228/runtime_fileid_228.n' '/mnt/d/邵鹏远/UCL/博1/code/audition_pipeline/data/dataset_4mic_3spk/Eval/mic/mic_fileid_228_doa105_3spk.wav' '/mnt/d/邵鹏远/UCL/博1/code/audition_pipeline/ablation_study/baseline/results/HARK_n_sep+pf_IPD/official_hark_outputs/fileid_228/hark_raw_fileid_228',0,4.109304943999632,/mnt/d/邵鹏远/UCL/博1/code/audition_pipeline/ablation_study/baseline/results/HARK_n_sep+pf_IPD/official_hark_logs/hark_fileid_228.stdout.log,/mnt/d/邵鹏远/UCL/博1/code/audition_pipeline/ablation_study/baseline/results/HARK_n_sep+pf_IPD/official_hark_logs/hark_fileid_228.stderr.log,3
229,/mnt/d/邵鹏远/UCL/博1/code/audition_pipeline/data/dataset_4mic_3spk/Eval/mic/mic_fileid_229_doa100_3spk.wav,"99,202,261",/mnt/d/邵鹏远/UCL/博1/code/audition_pipeline/ablation_study/baseline/results/HARK_n_sep+pf_IPD/official_hark_outputs/fileid_229,/mnt/d/邵鹏远/UCL/博1/code/audition_pipeline/ablation_study/baseline/results/HARK_n_sep+pf_IPD/official_hark_outputs/fileid_229/hark_raw_fileid_229,batchflow '/mnt/d/邵鹏远/UCL/博1/code/audition_pipeline/ablation_study/baseline/results/HARK_n_sep+pf_IPD/official_hark_outputs/fileid_229/runtime_fileid_229.n' '/mnt/d/邵鹏远/UCL/博1/code/audition_pipeline/data/dataset_4mic_3spk/Eval/mic/mic_fileid_229_doa100_3spk.wav' '/mnt/d/邵鹏远/UCL/博1/code/audition_pipeline/ablation_study/baseline/results/HARK_n_sep+pf_IPD/official_hark_outputs/fileid_229/hark_raw_fileid_229',0,4.565857687000062,/mnt/d/邵鹏远/UCL/博1/code/audition_pipeline/ablation_study/baseline/results/HARK_n_sep+pf_IPD/official_hark_logs/hark_fileid_229.stdout.log,/mnt/d/邵鹏远/UCL/博1/code/audition_pipeline/ablation_study/baseline/results/HARK_n_sep+pf_IPD/official_hark_logs/hark_fileid_229.stderr.log,3
230,/mnt/d/邵鹏远/UCL/博1/code/audition_pipeline/data/dataset_4mic_3spk/Eval/mic/mic_fileid_230_doa73_3spk.wav,"213,253,343",/mnt/d/邵鹏远/UCL/博1/code/audition_pipeline/ablation_study/baseline/results/HARK_n_sep+pf_IPD/official_hark_outputs/fileid_230,/mnt/d/邵鹏远/UCL/博1/code/audition_pipeline/ablation_study/baseline/results/HARK_n_sep+pf_IPD/official_hark_outputs/fileid_230/hark_raw_fileid_230,batchflow '/mnt/d/邵鹏远/UCL/博1/code/audition_pipeline/ablation_study/baseline/results/HARK_n_sep+pf_IPD/official_hark_outputs/fileid_230/runtime_fileid_230.n' '/mnt/d/邵鹏远/UCL/博1/code/audition_pipeline/data/dataset_4mic_3spk/Eval/mic/mic_fileid_230_doa73_3spk.wav' '/mnt/d/邵鹏远/UCL/博1/code/audition_pipeline/ablation_study/baseline/results/HARK_n_sep+pf_IPD/official_hark_outputs/fileid_230/hark_raw_fileid_230',0,4.339958591000141,/mnt/d/邵鹏远/UCL/博1/code/audition_pipeline/ablation_study/baseline/results/HARK_n_sep+pf_IPD/official_hark_logs/hark_fileid_230.stdout.log,/mnt/d/邵鹏远/UCL/博1/code/audition_pipeline/ablation_study/baseline/results/HARK_n_sep+pf_IPD/official_hark_logs/hark_fileid_230.stderr.log,3
231,/mnt/d/邵鹏远/UCL/博1/code/audition_pipeline/data/dataset_4mic_3spk/Eval/mic/mic_fileid_231_doa125_3spk.wav,"129,204,324",/mnt/d/邵鹏远/UCL/博1/code/audition_pipeline/ablation_study/baseline/results/HARK_n_sep+pf_IPD/official_hark_outputs/fileid_231,/mnt/d/邵鹏远/UCL/博1/code/audition_pipeline/ablation_study/baseline/results/HARK_n_sep+pf_IPD/official_hark_outputs/fileid_231/hark_raw_fileid_231,batchflow '/mnt/d/邵鹏远/UCL/博1/code/audition_pipeline/ablation_study/baseline/results/HARK_n_sep+pf_IPD/official_hark_outputs/fileid_231/runtime_fileid_231.n' '/mnt/d/邵鹏远/UCL/博1/code/audition_pipeline/data/dataset_4mic_3spk/Eval/mic/mic_fileid_231_doa125_3spk.wav' '/mnt/d/邵鹏远/UCL/博1/code/audition_pipeline/ablation_study/baseline/results/HARK_n_sep+pf_IPD/official_hark_outputs/fileid_231/hark_raw_fileid_231',0,4.134211751999828,/mnt/d/邵鹏远/UCL/博1/code/audition_pipeline/ablation_study/baseline/results/HARK_n_sep+pf_IPD/official_hark_logs/hark_fileid_231.stdout.log,/mnt/d/邵鹏远/UCL/博1/code/audition_pipeline/ablation_study/baseline/results/HARK_n_sep+pf_IPD/official_hark_logs/hark_fileid_231.stderr.log,3
232,/mnt/d/邵鹏远/UCL/博1/code/audition_pipeline/data/dataset_4mic_3spk/Eval/mic/mic_fileid_232_doa59_3spk.wav,"60,296,338",/mnt/d/邵鹏远/UCL/博1/code/audition_pipeline/ablation_study/baseline/results/HARK_n_sep+pf_IPD/official_hark_outputs/fileid_232,/mnt/d/邵鹏远/UCL/博1/code/audition_pipeline/ablation_study/baseline/results/HARK_n_sep+pf_IPD/official_hark_outputs/fileid_232/hark_raw_fileid_232,batchflow '/mnt/d/邵鹏远/UCL/博1/code/audition_pipeline/ablation_study/baseline/results/HARK_n_sep+pf_IPD/official_hark_outputs/fileid_232/runtime_fileid_232.n' '/mnt/d/邵鹏远/UCL/博1/code/audition_pipeline/data/dataset_4mic_3spk/Eval/mic/mic_fileid_232_doa59_3spk.wav' '/mnt/d/邵鹏远/UCL/博1/code/audition_pipeline/ablation_study/baseline/results/HARK_n_sep+pf_IPD/official_hark_outputs/fileid_232/hark_raw_fileid_232',0,4.430509052999696,/mnt/d/邵鹏远/UCL/博1/code/audition_pipeline/ablation_study/baseline/results/HARK_n_sep+pf_IPD/official_hark_logs/hark_fileid_232.stdout.log,/mnt/d/邵鹏远/UCL/博1/code/audition_pipeline/ablation_study/baseline/results/HARK_n_sep+pf_IPD/official_hark_logs/hark_fileid_232.stderr.log,3
233,/mnt/d/邵鹏远/UCL/博1/code/audition_pipeline/data/dataset_4mic_3spk/Eval/mic/mic_fileid_233_doa132_3spk.wav,"133,202,303",/mnt/d/邵鹏远/UCL/博1/code/audition_pipeline/ablation_study/baseline/results/HARK_n_sep+pf_IPD/official_hark_outputs/fileid_233,/mnt/d/邵鹏远/UCL/博1/code/audition_pipeline/ablation_study/baseline/results/HARK_n_sep+pf_IPD/official_hark_outputs/fileid_233/hark_raw_fileid_233,batchflow '/mnt/d/邵鹏远/UCL/博1/code/audition_pipeline/ablation_study/baseline/results/HARK_n_sep+pf_IPD/official_hark_outputs/fileid_233/runtime_fileid_233.n' '/mnt/d/邵鹏远/UCL/博1/code/audition_pipeline/data/dataset_4mic_3spk/Eval/mic/mic_fileid_233_doa132_3spk.wav' '/mnt/d/邵鹏远/UCL/博1/code/audition_pipeline/ablation_study/baseline/results/HARK_n_sep+pf_IPD/official_hark_outputs/fileid_233/hark_raw_fileid_233',0,4.509316705000856,/mnt/d/邵鹏远/UCL/博1/code/audition_pipeline/ablation_study/baseline/results/HARK_n_sep+pf_IPD/official_hark_logs/hark_fileid_233.stdout.log,/mnt/d/邵鹏远/UCL/博1/code/audition_pipeline/ablation_study/baseline/results/HARK_n_sep+pf_IPD/official_hark_logs/hark_fileid_233.stderr.log,3
234,/mnt/d/邵鹏远/UCL/博1/code/audition_pipeline/data/dataset_4mic_3spk/Eval/mic/mic_fileid_234_doa1_3spk.wav,"1,90,231",/mnt/d/邵鹏远/UCL/博1/code/audition_pipeline/ablation_study/baseline/results/HARK_n_sep+pf_IPD/official_hark_outputs/fileid_234,/mnt/d/邵鹏远/UCL/博1/code/audition_pipeline/ablation_study/baseline/results/HARK_n_sep+pf_IPD/official_hark_outputs/fileid_234/hark_raw_fileid_234,batchflow '/mnt/d/邵鹏远/UCL/博1/code/audition_pipeline/ablation_study/baseline/results/HARK_n_sep+pf_IPD/official_hark_outputs/fileid_234/runtime_fileid_234.n' '/mnt/d/邵鹏远/UCL/博1/code/audition_pipeline/data/dataset_4mic_3spk/Eval/mic/mic_fileid_234_doa1_3spk.wav' '/mnt/d/邵鹏远/UCL/博1/code/audition_pipeline/ablation_study/baseline/results/HARK_n_sep+pf_IPD/official_hark_outputs/fileid_234/hark_raw_fileid_234',0,4.695281201000398,/mnt/d/邵鹏远/UCL/博1/code/audition_pipeline/ablation_study/baseline/results/HARK_n_sep+pf_IPD/official_hark_logs/hark_fileid_234.stdout.log,/mnt/d/邵鹏远/UCL/博1/code/audition_pipeline/ablation_study/baseline/results/HARK_n_sep+pf_IPD/official_hark_logs/hark_fileid_234.stderr.log,3
235,/mnt/d/邵鹏远/UCL/博1/code/audition_pipeline/data/dataset_4mic_3spk/Eval/mic/mic_fileid_235_doa20_3spk.wav,"7,123,204",/mnt/d/邵鹏远/UCL/博1/code/audition_pipeline/ablation_study/baseline/results/HARK_n_sep+pf_IPD/official_hark_outputs/fileid_235,/mnt/d/邵鹏远/UCL/博1/code/audition_pipeline/ablation_study/baseline/results/HARK_n_sep+pf_IPD/official_hark_outputs/fileid_235/hark_raw_fileid_235,batchflow '/mnt/d/邵鹏远/UCL/博1/code/audition_pipeline/ablation_study/baseline/results/HARK_n_sep+pf_IPD/official_hark_outputs/fileid_235/runtime_fileid_235.n' '/mnt/d/邵鹏远/UCL/博1/code/audition_pipeline/data/dataset_4mic_3spk/Eval/mic/mic_fileid_235_doa20_3spk.wav' '/mnt/d/邵鹏远/UCL/博1/code/audition_pipeline/ablation_study/baseline/results/HARK_n_sep+pf_IPD/official_hark_outputs/fileid_235/hark_raw_fileid_235',0,4.546582351999859,/mnt/d/邵鹏远/UCL/博1/code/audition_pipeline/ablation_study/baseline/results/HARK_n_sep+pf_IPD/official_hark_logs/hark_fileid_235.stdout.log,/mnt/d/邵鹏远/UCL/博1/code/audition_pipeline/ablation_study/baseline/results/HARK_n_sep+pf_IPD/official_hark_logs/hark_fileid_235.stderr.log,3
236,/mnt/d/邵鹏远/UCL/博1/code/audition_pipeline/data/dataset_4mic_3spk/Eval/mic/mic_fileid_236_doa56_3spk.wav,"189,236,333",/mnt/d/邵鹏远/UCL/博1/code/audition_pipeline/ablation_study/baseline/results/HARK_n_sep+pf_IPD/official_hark_outputs/fileid_236,/mnt/d/邵鹏远/UCL/博1/code/audition_pipeline/ablation_study/baseline/results/HARK_n_sep+pf_IPD/official_hark_outputs/fileid_236/hark_raw_fileid_236,batchflow '/mnt/d/邵鹏远/UCL/博1/code/audition_pipeline/ablation_study/baseline/results/HARK_n_sep+pf_IPD/official_hark_outputs/fileid_236/runtime_fileid_236.n' '/mnt/d/邵鹏远/UCL/博1/code/audition_pipeline/data/dataset_4mic_3spk/Eval/mic/mic_fileid_236_doa56_3spk.wav' '/mnt/d/邵鹏远/UCL/博1/code/audition_pipeline/ablation_study/baseline/results/HARK_n_sep+pf_IPD/official_hark_outputs/fileid_236/hark_raw_fileid_236',0,4.1461708810002165,/mnt/d/邵鹏远/UCL/博1/code/audition_pipeline/ablation_study/baseline/results/HARK_n_sep+pf_IPD/official_hark_logs/hark_fileid_236.stdout.log,/mnt/d/邵鹏远/UCL/博1/code/audition_pipeline/ablation_study/baseline/results/HARK_n_sep+pf_IPD/official_hark_logs/hark_fileid_236.stderr.log,3
237,/mnt/d/邵鹏远/UCL/博1/code/audition_pipeline/data/dataset_4mic_3spk/Eval/mic/mic_fileid_237_doa41_3spk.wav,"38,209,308",/mnt/d/邵鹏远/UCL/博1/code/audition_pipeline/ablation_study/baseline/results/HARK_n_sep+pf_IPD/official_hark_outputs/fileid_237,/mnt/d/邵鹏远/UCL/博1/code/audition_pipeline/ablation_study/baseline/results/HARK_n_sep+pf_IPD/official_hark_outputs/fileid_237/hark_raw_fileid_237,batchflow '/mnt/d/邵鹏远/UCL/博1/code/audition_pipeline/ablation_study/baseline/results/HARK_n_sep+pf_IPD/official_hark_outputs/fileid_237/runtime_fileid_237.n' '/mnt/d/邵鹏远/UCL/博1/code/audition_pipeline/data/dataset_4mic_3spk/Eval/mic/mic_fileid_237_doa41_3spk.wav' '/mnt/d/邵鹏远/UCL/博1/code/audition_pipeline/ablation_study/baseline/results/HARK_n_sep+pf_IPD/official_hark_outputs/fileid_237/hark_raw_fileid_237',0,4.3425563069995405,/mnt/d/邵鹏远/UCL/博1/code/audition_pipeline/ablation_study/baseline/results/HARK_n_sep+pf_IPD/official_hark_logs/hark_fileid_237.stdout.log,/mnt/d/邵鹏远/UCL/博1/code/audition_pipeline/ablation_study/baseline/results/HARK_n_sep+pf_IPD/official_hark_logs/hark_fileid_237.stderr.log,3
238,/mnt/d/邵鹏远/UCL/博1/code/audition_pipeline/data/dataset_4mic_3spk/Eval/mic/mic_fileid_238_doa19_3spk.wav,"20,133,273",/mnt/d/邵鹏远/UCL/博1/code/audition_pipeline/ablation_study/baseline/results/HARK_n_sep+pf_IPD/official_hark_outputs/fileid_238,/mnt/d/邵鹏远/UCL/博1/code/audition_pipeline/ablation_study/baseline/results/HARK_n_sep+pf_IPD/official_hark_outputs/fileid_238/hark_raw_fileid_238,batchflow '/mnt/d/邵鹏远/UCL/博1/code/audition_pipeline/ablation_study/baseline/results/HARK_n_sep+pf_IPD/official_hark_outputs/fileid_238/runtime_fileid_238.n' '/mnt/d/邵鹏远/UCL/博1/code/audition_pipeline/data/dataset_4mic_3spk/Eval/mic/mic_fileid_238_doa19_3spk.wav' '/mnt/d/邵鹏远/UCL/博1/code/audition_pipeline/ablation_study/baseline/results/HARK_n_sep+pf_IPD/official_hark_outputs/fileid_238/hark_raw_fileid_238',0,4.465939779000109,/mnt/d/邵鹏远/UCL/博1/code/audition_pipeline/ablation_study/baseline/results/HARK_n_sep+pf_IPD/official_hark_logs/hark_fileid_238.stdout.log,/mnt/d/邵鹏远/UCL/博1/code/audition_pipeline/ablation_study/baseline/results/HARK_n_sep+pf_IPD/official_hark_logs/hark_fileid_238.stderr.log,3
239,/mnt/d/邵鹏远/UCL/博1/code/audition_pipeline/data/dataset_4mic_3spk/Eval/mic/mic_fileid_239_doa4_3spk.wav,"7,92,159",/mnt/d/邵鹏远/UCL/博1/code/audition_pipeline/ablation_study/baseline/results/HARK_n_sep+pf_IPD/official_hark_outputs/fileid_239,/mnt/d/邵鹏远/UCL/博1/code/audition_pipeline/ablation_study/baseline/results/HARK_n_sep+pf_IPD/official_hark_outputs/fileid_239/hark_raw_fileid_239,batchflow '/mnt/d/邵鹏远/UCL/博1/code/audition_pipeline/ablation_study/baseline/results/HARK_n_sep+pf_IPD/official_hark_outputs/fileid_239/runtime_fileid_239.n' '/mnt/d/邵鹏远/UCL/博1/code/audition_pipeline/data/dataset_4mic_3spk/Eval/mic/mic_fileid_239_doa4_3spk.wav' '/mnt/d/邵鹏远/UCL/博1/code/audition_pipeline/ablation_study/baseline/results/HARK_n_sep+pf_IPD/official_hark_outputs/fileid_239/hark_raw_fileid_239',0,4.36666328299998,/mnt/d/邵鹏远/UCL/博1/code/audition_pipeline/ablation_study/baseline/results/HARK_n_sep+pf_IPD/official_hark_logs/hark_fileid_239.stdout.log,/mnt/d/邵鹏远/UCL/博1/code/audition_pipeline/ablation_study/baseline/results/HARK_n_sep+pf_IPD/official_hark_logs/hark_fileid_239.stderr.log,3
240,/mnt/d/邵鹏远/UCL/博1/code/audition_pipeline/data/dataset_4mic_3spk/Eval/mic/mic_fileid_240_doa116_3spk.wav,"118,210,348",/mnt/d/邵鹏远/UCL/博1/code/audition_pipeline/ablation_study/baseline/results/HARK_n_sep+pf_IPD/official_hark_outputs/fileid_240,/mnt/d/邵鹏远/UCL/博1/code/audition_pipeline/ablation_study/baseline/results/HARK_n_sep+pf_IPD/official_hark_outputs/fileid_240/hark_raw_fileid_240,batchflow '/mnt/d/邵鹏远/UCL/博1/code/audition_pipeline/ablation_study/baseline/results/HARK_n_sep+pf_IPD/official_hark_outputs/fileid_240/runtime_fileid_240.n' '/mnt/d/邵鹏远/UCL/博1/code/audition_pipeline/data/dataset_4mic_3spk/Eval/mic/mic_fileid_240_doa116_3spk.wav' '/mnt/d/邵鹏远/UCL/博1/code/audition_pipeline/ablation_study/baseline/results/HARK_n_sep+pf_IPD/official_hark_outputs/fileid_240/hark_raw_fileid_240',0,4.443487921999804,/mnt/d/邵鹏远/UCL/博1/code/audition_pipeline/ablation_study/baseline/results/HARK_n_sep+pf_IPD/official_hark_logs/hark_fileid_240.stdout.log,/mnt/d/邵鹏远/UCL/博1/code/audition_pipeline/ablation_study/baseline/results/HARK_n_sep+pf_IPD/official_hark_logs/hark_fileid_240.stderr.log,3
241,/mnt/d/邵鹏远/UCL/博1/code/audition_pipeline/data/dataset_4mic_3spk/Eval/mic/mic_fileid_241_doa46_3spk.wav,"44,219,314",/mnt/d/邵鹏远/UCL/博1/code/audition_pipeline/ablation_study/baseline/results/HARK_n_sep+pf_IPD/official_hark_outputs/fileid_241,/mnt/d/邵鹏远/UCL/博1/code/audition_pipeline/ablation_study/baseline/results/HARK_n_sep+pf_IPD/official_hark_outputs/fileid_241/hark_raw_fileid_241,batchflow '/mnt/d/邵鹏远/UCL/博1/code/audition_pipeline/ablation_study/baseline/results/HARK_n_sep+pf_IPD/official_hark_outputs/fileid_241/runtime_fileid_241.n' '/mnt/d/邵鹏远/UCL/博1/code/audition_pipeline/data/dataset_4mic_3spk/Eval/mic/mic_fileid_241_doa46_3spk.wav' '/mnt/d/邵鹏远/UCL/博1/code/audition_pipeline/ablation_study/baseline/results/HARK_n_sep+pf_IPD/official_hark_outputs/fileid_241/hark_raw_fileid_241',0,4.64182490300027,/mnt/d/邵鹏远/UCL/博1/code/audition_pipeline/ablation_study/baseline/results/HARK_n_sep+pf_IPD/official_hark_logs/hark_fileid_241.stdout.log,/mnt/d/邵鹏远/UCL/博1/code/audition_pipeline/ablation_study/baseline/results/HARK_n_sep+pf_IPD/official_hark_logs/hark_fileid_241.stderr.log,3
242,/mnt/d/邵鹏远/UCL/博1/code/audition_pipeline/data/dataset_4mic_3spk/Eval/mic/mic_fileid_242_doa20_3spk.wav,"1,137,186",/mnt/d/邵鹏远/UCL/博1/code/audition_pipeline/ablation_study/baseline/results/HARK_n_sep+pf_IPD/official_hark_outputs/fileid_242,/mnt/d/邵鹏远/UCL/博1/code/audition_pipeline/ablation_study/baseline/results/HARK_n_sep+pf_IPD/official_hark_outputs/fileid_242/hark_raw_fileid_242,batchflow '/mnt/d/邵鹏远/UCL/博1/code/audition_pipeline/ablation_study/baseline/results/HARK_n_sep+pf_IPD/official_hark_outputs/fileid_242/runtime_fileid_242.n' '/mnt/d/邵鹏远/UCL/博1/code/audition_pipeline/data/dataset_4mic_3spk/Eval/mic/mic_fileid_242_doa20_3spk.wav' '/mnt/d/邵鹏远/UCL/博1/code/audition_pipeline/ablation_study/baseline/results/HARK_n_sep+pf_IPD/official_hark_outputs/fileid_242/hark_raw_fileid_242',0,4.578397426000265,/mnt/d/邵鹏远/UCL/博1/code/audition_pipeline/ablation_study/baseline/results/HARK_n_sep+pf_IPD/official_hark_logs/hark_fileid_242.stdout.log,/mnt/d/邵鹏远/UCL/博1/code/audition_pipeline/ablation_study/baseline/results/HARK_n_sep+pf_IPD/official_hark_logs/hark_fileid_242.stderr.log,3
243,/mnt/d/邵鹏远/UCL/博1/code/audition_pipeline/data/dataset_4mic_3spk/Eval/mic/mic_fileid_243_doa137_3spk.wav,"121,168,260",/mnt/d/邵鹏远/UCL/博1/code/audition_pipeline/ablation_study/baseline/results/HARK_n_sep+pf_IPD/official_hark_outputs/fileid_243,/mnt/d/邵鹏远/UCL/博1/code/audition_pipeline/ablation_study/baseline/results/HARK_n_sep+pf_IPD/official_hark_outputs/fileid_243/hark_raw_fileid_243,batchflow '/mnt/d/邵鹏远/UCL/博1/code/audition_pipeline/ablation_study/baseline/results/HARK_n_sep+pf_IPD/official_hark_outputs/fileid_243/runtime_fileid_243.n' '/mnt/d/邵鹏远/UCL/博1/code/audition_pipeline/data/dataset_4mic_3spk/Eval/mic/mic_fileid_243_doa137_3spk.wav' '/mnt/d/邵鹏远/UCL/博1/code/audition_pipeline/ablation_study/baseline/results/HARK_n_sep+pf_IPD/official_hark_outputs/fileid_243/hark_raw_fileid_243',0,4.884990643000492,/mnt/d/邵鹏远/UCL/博1/code/audition_pipeline/ablation_study/baseline/results/HARK_n_sep+pf_IPD/official_hark_logs/hark_fileid_243.stdout.log,/mnt/d/邵鹏远/UCL/博1/code/audition_pipeline/ablation_study/baseline/results/HARK_n_sep+pf_IPD/official_hark_logs/hark_fileid_243.stderr.log,3
244,/mnt/d/邵鹏远/UCL/博1/code/audition_pipeline/data/dataset_4mic_3spk/Eval/mic/mic_fileid_244_doa170_3spk.wav,"170,243,308",/mnt/d/邵鹏远/UCL/博1/code/audition_pipeline/ablation_study/baseline/results/HARK_n_sep+pf_IPD/official_hark_outputs/fileid_244,/mnt/d/邵鹏远/UCL/博1/code/audition_pipeline/ablation_study/baseline/results/HARK_n_sep+pf_IPD/official_hark_outputs/fileid_244/hark_raw_fileid_244,batchflow '/mnt/d/邵鹏远/UCL/博1/code/audition_pipeline/ablation_study/baseline/results/HARK_n_sep+pf_IPD/official_hark_outputs/fileid_244/runtime_fileid_244.n' '/mnt/d/邵鹏远/UCL/博1/code/audition_pipeline/data/dataset_4mic_3spk/Eval/mic/mic_fileid_244_doa170_3spk.wav' '/mnt/d/邵鹏远/UCL/博1/code/audition_pipeline/ablation_study/baseline/results/HARK_n_sep+pf_IPD/official_hark_outputs/fileid_244/hark_raw_fileid_244',0,4.279188849000093,/mnt/d/邵鹏远/UCL/博1/code/audition_pipeline/ablation_study/baseline/results/HARK_n_sep+pf_IPD/official_hark_logs/hark_fileid_244.stdout.log,/mnt/d/邵鹏远/UCL/博1/code/audition_pipeline/ablation_study/baseline/results/HARK_n_sep+pf_IPD/official_hark_logs/hark_fileid_244.stderr.log,3
245,/mnt/d/邵鹏远/UCL/博1/code/audition_pipeline/data/dataset_4mic_3spk/Eval/mic/mic_fileid_245_doa25_3spk.wav,"41,255,327",/mnt/d/邵鹏远/UCL/博1/code/audition_pipeline/ablation_study/baseline/results/HARK_n_sep+pf_IPD/official_hark_outputs/fileid_245,/mnt/d/邵鹏远/UCL/博1/code/audition_pipeline/ablation_study/baseline/results/HARK_n_sep+pf_IPD/official_hark_outputs/fileid_245/hark_raw_fileid_245,batchflow '/mnt/d/邵鹏远/UCL/博1/code/audition_pipeline/ablation_study/baseline/results/HARK_n_sep+pf_IPD/official_hark_outputs/fileid_245/runtime_fileid_245.n' '/mnt/d/邵鹏远/UCL/博1/code/audition_pipeline/data/dataset_4mic_3spk/Eval/mic/mic_fileid_245_doa25_3spk.wav' '/mnt/d/邵鹏远/UCL/博1/code/audition_pipeline/ablation_study/baseline/results/HARK_n_sep+pf_IPD/official_hark_outputs/fileid_245/hark_raw_fileid_245',0,4.653193307999572,/mnt/d/邵鹏远/UCL/博1/code/audition_pipeline/ablation_study/baseline/results/HARK_n_sep+pf_IPD/official_hark_logs/hark_fileid_245.stdout.log,/mnt/d/邵鹏远/UCL/博1/code/audition_pipeline/ablation_study/baseline/results/HARK_n_sep+pf_IPD/official_hark_logs/hark_fileid_245.stderr.log,3
246,/mnt/d/邵鹏远/UCL/博1/code/audition_pipeline/data/dataset_4mic_3spk/Eval/mic/mic_fileid_246_doa28_3spk.wav,"27,124,336",/mnt/d/邵鹏远/UCL/博1/code/audition_pipeline/ablation_study/baseline/results/HARK_n_sep+pf_IPD/official_hark_outputs/fileid_246,/mnt/d/邵鹏远/UCL/博1/code/audition_pipeline/ablation_study/baseline/results/HARK_n_sep+pf_IPD/official_hark_outputs/fileid_246/hark_raw_fileid_246,batchflow '/mnt/d/邵鹏远/UCL/博1/code/audition_pipeline/ablation_study/baseline/results/HARK_n_sep+pf_IPD/official_hark_outputs/fileid_246/runtime_fileid_246.n' '/mnt/d/邵鹏远/UCL/博1/code/audition_pipeline/data/dataset_4mic_3spk/Eval/mic/mic_fileid_246_doa28_3spk.wav' '/mnt/d/邵鹏远/UCL/博1/code/audition_pipeline/ablation_study/baseline/results/HARK_n_sep+pf_IPD/official_hark_outputs/fileid_246/hark_raw_fileid_246',0,4.52290462900055,/mnt/d/邵鹏远/UCL/博1/code/audition_pipeline/ablation_study/baseline/results/HARK_n_sep+pf_IPD/official_hark_logs/hark_fileid_246.stdout.log,/mnt/d/邵鹏远/UCL/博1/code/audition_pipeline/ablation_study/baseline/results/HARK_n_sep+pf_IPD/official_hark_logs/hark_fileid_246.stderr.log,3
247,/mnt/d/邵鹏远/UCL/博1/code/audition_pipeline/data/dataset_4mic_3spk/Eval/mic/mic_fileid_247_doa22_3spk.wav,"22,273,321",/mnt/d/邵鹏远/UCL/博1/code/audition_pipeline/ablation_study/baseline/results/HARK_n_sep+pf_IPD/official_hark_outputs/fileid_247,/mnt/d/邵鹏远/UCL/博1/code/audition_pipeline/ablation_study/baseline/results/HARK_n_sep+pf_IPD/official_hark_outputs/fileid_247/hark_raw_fileid_247,batchflow '/mnt/d/邵鹏远/UCL/博1/code/audition_pipeline/ablation_study/baseline/results/HARK_n_sep+pf_IPD/official_hark_outputs/fileid_247/runtime_fileid_247.n' '/mnt/d/邵鹏远/UCL/博1/code/audition_pipeline/data/dataset_4mic_3spk/Eval/mic/mic_fileid_247_doa22_3spk.wav' '/mnt/d/邵鹏远/UCL/博1/code/audition_pipeline/ablation_study/baseline/results/HARK_n_sep+pf_IPD/official_hark_outputs/fileid_247/hark_raw_fileid_247',0,4.223216781000701,/mnt/d/邵鹏远/UCL/博1/code/audition_pipeline/ablation_study/baseline/results/HARK_n_sep+pf_IPD/official_hark_logs/hark_fileid_247.stdout.log,/mnt/d/邵鹏远/UCL/博1/code/audition_pipeline/ablation_study/baseline/results/HARK_n_sep+pf_IPD/official_hark_logs/hark_fileid_247.stderr.log,3
248,/mnt/d/邵鹏远/UCL/博1/code/audition_pipeline/data/dataset_4mic_3spk/Eval/mic/mic_fileid_248_doa106_3spk.wav,"103,233,287",/mnt/d/邵鹏远/UCL/博1/code/audition_pipeline/ablation_study/baseline/results/HARK_n_sep+pf_IPD/official_hark_outputs/fileid_248,/mnt/d/邵鹏远/UCL/博1/code/audition_pipeline/ablation_study/baseline/results/HARK_n_sep+pf_IPD/official_hark_outputs/fileid_248/hark_raw_fileid_248,batchflow '/mnt/d/邵鹏远/UCL/博1/code/audition_pipeline/ablation_study/baseline/results/HARK_n_sep+pf_IPD/official_hark_outputs/fileid_248/runtime_fileid_248.n' '/mnt/d/邵鹏远/UCL/博1/code/audition_pipeline/data/dataset_4mic_3spk/Eval/mic/mic_fileid_248_doa106_3spk.wav' '/mnt/d/邵鹏远/UCL/博1/code/audition_pipeline/ablation_study/baseline/results/HARK_n_sep+pf_IPD/official_hark_outputs/fileid_248/hark_raw_fileid_248',0,4.310488725000141,/mnt/d/邵鹏远/UCL/博1/code/audition_pipeline/ablation_study/baseline/results/HARK_n_sep+pf_IPD/official_hark_logs/hark_fileid_248.stdout.log,/mnt/d/邵鹏远/UCL/博1/code/audition_pipeline/ablation_study/baseline/results/HARK_n_sep+pf_IPD/official_hark_logs/hark_fileid_248.stderr.log,3
249,/mnt/d/邵鹏远/UCL/博1/code/audition_pipeline/data/dataset_4mic_3spk/Eval/mic/mic_fileid_249_doa29_3spk.wav,"36,85,209",/mnt/d/邵鹏远/UCL/博1/code/audition_pipeline/ablation_study/baseline/results/HARK_n_sep+pf_IPD/official_hark_outputs/fileid_249,/mnt/d/邵鹏远/UCL/博1/code/audition_pipeline/ablation_study/baseline/results/HARK_n_sep+pf_IPD/official_hark_outputs/fileid_249/hark_raw_fileid_249,batchflow '/mnt/d/邵鹏远/UCL/博1/code/audition_pipeline/ablation_study/baseline/results/HARK_n_sep+pf_IPD/official_hark_outputs/fileid_249/runtime_fileid_249.n' '/mnt/d/邵鹏远/UCL/博1/code/audition_pipeline/data/dataset_4mic_3spk/Eval/mic/mic_fileid_249_doa29_3spk.wav' '/mnt/d/邵鹏远/UCL/博1/code/audition_pipeline/ablation_study/baseline/results/HARK_n_sep+pf_IPD/official_hark_outputs/fileid_249/hark_raw_fileid_249',0,4.263463054000567,/mnt/d/邵鹏远/UCL/博1/code/audition_pipeline/ablation_study/baseline/results/HARK_n_sep+pf_IPD/official_hark_logs/hark_fileid_249.stdout.log,/mnt/d/邵鹏远/UCL/博1/code/audition_pipeline/ablation_study/baseline/results/HARK_n_sep+pf_IPD/official_hark_logs/hark_fileid_249.stderr.log,3
250,/mnt/d/邵鹏远/UCL/博1/code/audition_pipeline/data/dataset_4mic_3spk/Eval/mic/mic_fileid_250_doa95_3spk.wav,"97,177,245",/mnt/d/邵鹏远/UCL/博1/code/audition_pipeline/ablation_study/baseline/results/HARK_n_sep+pf_IPD/official_hark_outputs/fileid_250,/mnt/d/邵鹏远/UCL/博1/code/audition_pipeline/ablation_study/baseline/results/HARK_n_sep+pf_IPD/official_hark_outputs/fileid_250/hark_raw_fileid_250,batchflow '/mnt/d/邵鹏远/UCL/博1/code/audition_pipeline/ablation_study/baseline/results/HARK_n_sep+pf_IPD/official_hark_outputs/fileid_250/runtime_fileid_250.n' '/mnt/d/邵鹏远/UCL/博1/code/audition_pipeline/data/dataset_4mic_3spk/Eval/mic/mic_fileid_250_doa95_3spk.wav' '/mnt/d/邵鹏远/UCL/博1/code/audition_pipeline/ablation_study/baseline/results/HARK_n_sep+pf_IPD/official_hark_outputs/fileid_250/hark_raw_fileid_250',0,4.5161794619998545,/mnt/d/邵鹏远/UCL/博1/code/audition_pipeline/ablation_study/baseline/results/HARK_n_sep+pf_IPD/official_hark_logs/hark_fileid_250.stdout.log,/mnt/d/邵鹏远/UCL/博1/code/audition_pipeline/ablation_study/baseline/results/HARK_n_sep+pf_IPD/official_hark_logs/hark_fileid_250.stderr.log,3
251,/mnt/d/邵鹏远/UCL/博1/code/audition_pipeline/data/dataset_4mic_3spk/Eval/mic/mic_fileid_251_doa23_3spk.wav,"13,190,294",/mnt/d/邵鹏远/UCL/博1/code/audition_pipeline/ablation_study/baseline/results/HARK_n_sep+pf_IPD/official_hark_outputs/fileid_251,/mnt/d/邵鹏远/UCL/博1/code/audition_pipeline/ablation_study/baseline/results/HARK_n_sep+pf_IPD/official_hark_outputs/fileid_251/hark_raw_fileid_251,batchflow '/mnt/d/邵鹏远/UCL/博1/code/audition_pipeline/ablation_study/baseline/results/HARK_n_sep+pf_IPD/official_hark_outputs/fileid_251/runtime_fileid_251.n' '/mnt/d/邵鹏远/UCL/博1/code/audition_pipeline/data/dataset_4mic_3spk/Eval/mic/mic_fileid_251_doa23_3spk.wav' '/mnt/d/邵鹏远/UCL/博1/code/audition_pipeline/ablation_study/baseline/results/HARK_n_sep+pf_IPD/official_hark_outputs/fileid_251/hark_raw_fileid_251',0,4.445440562999465,/mnt/d/邵鹏远/UCL/博1/code/audition_pipeline/ablation_study/baseline/results/HARK_n_sep+pf_IPD/official_hark_logs/hark_fileid_251.stdout.log,/mnt/d/邵鹏远/UCL/博1/code/audition_pipeline/ablation_study/baseline/results/HARK_n_sep+pf_IPD/official_hark_logs/hark_fileid_251.stderr.log,3
252,/mnt/d/邵鹏远/UCL/博1/code/audition_pipeline/data/dataset_4mic_3spk/Eval/mic/mic_fileid_252_doa54_3spk.wav,"60,230,315",/mnt/d/邵鹏远/UCL/博1/code/audition_pipeline/ablation_study/baseline/results/HARK_n_sep+pf_IPD/official_hark_outputs/fileid_252,/mnt/d/邵鹏远/UCL/博1/code/audition_pipeline/ablation_study/baseline/results/HARK_n_sep+pf_IPD/official_hark_outputs/fileid_252/hark_raw_fileid_252,batchflow '/mnt/d/邵鹏远/UCL/博1/code/audition_pipeline/ablation_study/baseline/results/HARK_n_sep+pf_IPD/official_hark_outputs/fileid_252/runtime_fileid_252.n' '/mnt/d/邵鹏远/UCL/博1/code/audition_pipeline/data/dataset_4mic_3spk/Eval/mic/mic_fileid_252_doa54_3spk.wav' '/mnt/d/邵鹏远/UCL/博1/code/audition_pipeline/ablation_study/baseline/results/HARK_n_sep+pf_IPD/official_hark_outputs/fileid_252/hark_raw_fileid_252',0,4.628916050999578,/mnt/d/邵鹏远/UCL/博1/code/audition_pipeline/ablation_study/baseline/results/HARK_n_sep+pf_IPD/official_hark_logs/hark_fileid_252.stdout.log,/mnt/d/邵鹏远/UCL/博1/code/audition_pipeline/ablation_study/baseline/results/HARK_n_sep+pf_IPD/official_hark_logs/hark_fileid_252.stderr.log,3
253,/mnt/d/邵鹏远/UCL/博1/code/audition_pipeline/data/dataset_4mic_3spk/Eval/mic/mic_fileid_253_doa72_3spk.wav,"70,205,340",/mnt/d/邵鹏远/UCL/博1/code/audition_pipeline/ablation_study/baseline/results/HARK_n_sep+pf_IPD/official_hark_outputs/fileid_253,/mnt/d/邵鹏远/UCL/博1/code/audition_pipeline/ablation_study/baseline/results/HARK_n_sep+pf_IPD/official_hark_outputs/fileid_253/hark_raw_fileid_253,batchflow '/mnt/d/邵鹏远/UCL/博1/code/audition_pipeline/ablation_study/baseline/results/HARK_n_sep+pf_IPD/official_hark_outputs/fileid_253/runtime_fileid_253.n' '/mnt/d/邵鹏远/UCL/博1/code/audition_pipeline/data/dataset_4mic_3spk/Eval/mic/mic_fileid_253_doa72_3spk.wav' '/mnt/d/邵鹏远/UCL/博1/code/audition_pipeline/ablation_study/baseline/results/HARK_n_sep+pf_IPD/official_hark_outputs/fileid_253/hark_raw_fileid_253',0,3.8956112949999806,/mnt/d/邵鹏远/UCL/博1/code/audition_pipeline/ablation_study/baseline/results/HARK_n_sep+pf_IPD/official_hark_logs/hark_fileid_253.stdout.log,/mnt/d/邵鹏远/UCL/博1/code/audition_pipeline/ablation_study/baseline/results/HARK_n_sep+pf_IPD/official_hark_logs/hark_fileid_253.stderr.log,3
254,/mnt/d/邵鹏远/UCL/博1/code/audition_pipeline/data/dataset_4mic_3spk/Eval/mic/mic_fileid_254_doa102_3spk.wav,"105,295,343",/mnt/d/邵鹏远/UCL/博1/code/audition_pipeline/ablation_study/baseline/results/HARK_n_sep+pf_IPD/official_hark_outputs/fileid_254,/mnt/d/邵鹏远/UCL/博1/code/audition_pipeline/ablation_study/baseline/results/HARK_n_sep+pf_IPD/official_hark_outputs/fileid_254/hark_raw_fileid_254,batchflow '/mnt/d/邵鹏远/UCL/博1/code/audition_pipeline/ablation_study/baseline/results/HARK_n_sep+pf_IPD/official_hark_outputs/fileid_254/runtime_fileid_254.n' '/mnt/d/邵鹏远/UCL/博1/code/audition_pipeline/data/dataset_4mic_3spk/Eval/mic/mic_fileid_254_doa102_3spk.wav' '/mnt/d/邵鹏远/UCL/博1/code/audition_pipeline/ablation_study/baseline/results/HARK_n_sep+pf_IPD/official_hark_outputs/fileid_254/hark_raw_fileid_254',0,4.545354275999671,/mnt/d/邵鹏远/UCL/博1/code/audition_pipeline/ablation_study/baseline/results/HARK_n_sep+pf_IPD/official_hark_logs/hark_fileid_254.stdout.log,/mnt/d/邵鹏远/UCL/博1/code/audition_pipeline/ablation_study/baseline/results/HARK_n_sep+pf_IPD/official_hark_logs/hark_fileid_254.stderr.log,3
255,/mnt/d/邵鹏远/UCL/博1/code/audition_pipeline/data/dataset_4mic_3spk/Eval/mic/mic_fileid_255_doa122_3spk.wav,"121,215,269",/mnt/d/邵鹏远/UCL/博1/code/audition_pipeline/ablation_study/baseline/results/HARK_n_sep+pf_IPD/official_hark_outputs/fileid_255,/mnt/d/邵鹏远/UCL/博1/code/audition_pipeline/ablation_study/baseline/results/HARK_n_sep+pf_IPD/official_hark_outputs/fileid_255/hark_raw_fileid_255,batchflow '/mnt/d/邵鹏远/UCL/博1/code/audition_pipeline/ablation_study/baseline/results/HARK_n_sep+pf_IPD/official_hark_outputs/fileid_255/runtime_fileid_255.n' '/mnt/d/邵鹏远/UCL/博1/code/audition_pipeline/data/dataset_4mic_3spk/Eval/mic/mic_fileid_255_doa122_3spk.wav' '/mnt/d/邵鹏远/UCL/博1/code/audition_pipeline/ablation_study/baseline/results/HARK_n_sep+pf_IPD/official_hark_outputs/fileid_255/hark_raw_fileid_255',0,4.607608648999303,/mnt/d/邵鹏远/UCL/博1/code/audition_pipeline/ablation_study/baseline/results/HARK_n_sep+pf_IPD/official_hark_logs/hark_fileid_255.stdout.log,/mnt/d/邵鹏远/UCL/博1/code/audition_pipeline/ablation_study/baseline/results/HARK_n_sep+pf_IPD/official_hark_logs/hark_fileid_255.stderr.log,3
256,/mnt/d/邵鹏远/UCL/博1/code/audition_pipeline/data/dataset_4mic_3spk/Eval/mic/mic_fileid_256_doa87_3spk.wav,"3,88,174",/mnt/d/邵鹏远/UCL/博1/code/audition_pipeline/ablation_study/baseline/results/HARK_n_sep+pf_IPD/official_hark_outputs/fileid_256,/mnt/d/邵鹏远/UCL/博1/code/audition_pipeline/ablation_study/baseline/results/HARK_n_sep+pf_IPD/official_hark_outputs/fileid_256/hark_raw_fileid_256,batchflow '/mnt/d/邵鹏远/UCL/博1/code/audition_pipeline/ablation_study/baseline/results/HARK_n_sep+pf_IPD/official_hark_outputs/fileid_256/runtime_fileid_256.n' '/mnt/d/邵鹏远/UCL/博1/code/audition_pipeline/data/dataset_4mic_3spk/Eval/mic/mic_fileid_256_doa87_3spk.wav' '/mnt/d/邵鹏远/UCL/博1/code/audition_pipeline/ablation_study/baseline/results/HARK_n_sep+pf_IPD/official_hark_outputs/fileid_256/hark_raw_fileid_256',0,4.828126119000444,/mnt/d/邵鹏远/UCL/博1/code/audition_pipeline/ablation_study/baseline/results/HARK_n_sep+pf_IPD/official_hark_logs/hark_fileid_256.stdout.log,/mnt/d/邵鹏远/UCL/博1/code/audition_pipeline/ablation_study/baseline/results/HARK_n_sep+pf_IPD/official_hark_logs/hark_fileid_256.stderr.log,3
257,/mnt/d/邵鹏远/UCL/博1/code/audition_pipeline/data/dataset_4mic_3spk/Eval/mic/mic_fileid_257_doa223_3spk.wav,"217,263,324",/mnt/d/邵鹏远/UCL/博1/code/audition_pipeline/ablation_study/baseline/results/HARK_n_sep+pf_IPD/official_hark_outputs/fileid_257,/mnt/d/邵鹏远/UCL/博1/code/audition_pipeline/ablation_study/baseline/results/HARK_n_sep+pf_IPD/official_hark_outputs/fileid_257/hark_raw_fileid_257,batchflow '/mnt/d/邵鹏远/UCL/博1/code/audition_pipeline/ablation_study/baseline/results/HARK_n_sep+pf_IPD/official_hark_outputs/fileid_257/runtime_fileid_257.n' '/mnt/d/邵鹏远/UCL/博1/code/audition_pipeline/data/dataset_4mic_3spk/Eval/mic/mic_fileid_257_doa223_3spk.wav' '/mnt/d/邵鹏远/UCL/博1/code/audition_pipeline/ablation_study/baseline/results/HARK_n_sep+pf_IPD/official_hark_outputs/fileid_257/hark_raw_fileid_257',0,4.587830297999972,/mnt/d/邵鹏远/UCL/博1/code/audition_pipeline/ablation_study/baseline/results/HARK_n_sep+pf_IPD/official_hark_logs/hark_fileid_257.stdout.log,/mnt/d/邵鹏远/UCL/博1/code/audition_pipeline/ablation_study/baseline/results/HARK_n_sep+pf_IPD/official_hark_logs/hark_fileid_257.stderr.log,3
258,/mnt/d/邵鹏远/UCL/博1/code/audition_pipeline/data/dataset_4mic_3spk/Eval/mic/mic_fileid_258_doa105_3spk.wav,"102,234,262",/mnt/d/邵鹏远/UCL/博1/code/audition_pipeline/ablation_study/baseline/results/HARK_n_sep+pf_IPD/official_hark_outputs/fileid_258,/mnt/d/邵鹏远/UCL/博1/code/audition_pipeline/ablation_study/baseline/results/HARK_n_sep+pf_IPD/official_hark_outputs/fileid_258/hark_raw_fileid_258,batchflow '/mnt/d/邵鹏远/UCL/博1/code/audition_pipeline/ablation_study/baseline/results/HARK_n_sep+pf_IPD/official_hark_outputs/fileid_258/runtime_fileid_258.n' '/mnt/d/邵鹏远/UCL/博1/code/audition_pipeline/data/dataset_4mic_3spk/Eval/mic/mic_fileid_258_doa105_3spk.wav' '/mnt/d/邵鹏远/UCL/博1/code/audition_pipeline/ablation_study/baseline/results/HARK_n_sep+pf_IPD/official_hark_outputs/fileid_258/hark_raw_fileid_258',0,4.494801398000163,/mnt/d/邵鹏远/UCL/博1/code/audition_pipeline/ablation_study/baseline/results/HARK_n_sep+pf_IPD/official_hark_logs/hark_fileid_258.stdout.log,/mnt/d/邵鹏远/UCL/博1/code/audition_pipeline/ablation_study/baseline/results/HARK_n_sep+pf_IPD/official_hark_logs/hark_fileid_258.stderr.log,3
259,/mnt/d/邵鹏远/UCL/博1/code/audition_pipeline/data/dataset_4mic_3spk/Eval/mic/mic_fileid_259_doa21_3spk.wav,"29,173,255",/mnt/d/邵鹏远/UCL/博1/code/audition_pipeline/ablation_study/baseline/results/HARK_n_sep+pf_IPD/official_hark_outputs/fileid_259,/mnt/d/邵鹏远/UCL/博1/code/audition_pipeline/ablation_study/baseline/results/HARK_n_sep+pf_IPD/official_hark_outputs/fileid_259/hark_raw_fileid_259,batchflow '/mnt/d/邵鹏远/UCL/博1/code/audition_pipeline/ablation_study/baseline/results/HARK_n_sep+pf_IPD/official_hark_outputs/fileid_259/runtime_fileid_259.n' '/mnt/d/邵鹏远/UCL/博1/code/audition_pipeline/data/dataset_4mic_3spk/Eval/mic/mic_fileid_259_doa21_3spk.wav' '/mnt/d/邵鹏远/UCL/博1/code/audition_pipeline/ablation_study/baseline/results/HARK_n_sep+pf_IPD/official_hark_outputs/fileid_259/hark_raw_fileid_259',0,4.18609749100051,/mnt/d/邵鹏远/UCL/博1/code/audition_pipeline/ablation_study/baseline/results/HARK_n_sep+pf_IPD/official_hark_logs/hark_fileid_259.stdout.log,/mnt/d/邵鹏远/UCL/博1/code/audition_pipeline/ablation_study/baseline/results/HARK_n_sep+pf_IPD/official_hark_logs/hark_fileid_259.stderr.log,3
260,/mnt/d/邵鹏远/UCL/博1/code/audition_pipeline/data/dataset_4mic_3spk/Eval/mic/mic_fileid_260_doa135_3spk.wav,"139,249,327",/mnt/d/邵鹏远/UCL/博1/code/audition_pipeline/ablation_study/baseline/results/HARK_n_sep+pf_IPD/official_hark_outputs/fileid_260,/mnt/d/邵鹏远/UCL/博1/code/audition_pipeline/ablation_study/baseline/results/HARK_n_sep+pf_IPD/official_hark_outputs/fileid_260/hark_raw_fileid_260,batchflow '/mnt/d/邵鹏远/UCL/博1/code/audition_pipeline/ablation_study/baseline/results/HARK_n_sep+pf_IPD/official_hark_outputs/fileid_260/runtime_fileid_260.n' '/mnt/d/邵鹏远/UCL/博1/code/audition_pipeline/data/dataset_4mic_3spk/Eval/mic/mic_fileid_260_doa135_3spk.wav' '/mnt/d/邵鹏远/UCL/博1/code/audition_pipeline/ablation_study/baseline/results/HARK_n_sep+pf_IPD/official_hark_outputs/fileid_260/hark_raw_fileid_260',0,4.377125605999936,/mnt/d/邵鹏远/UCL/博1/code/audition_pipeline/ablation_study/baseline/results/HARK_n_sep+pf_IPD/official_hark_logs/hark_fileid_260.stdout.log,/mnt/d/邵鹏远/UCL/博1/code/audition_pipeline/ablation_study/baseline/results/HARK_n_sep+pf_IPD/official_hark_logs/hark_fileid_260.stderr.log,3
261,/mnt/d/邵鹏远/UCL/博1/code/audition_pipeline/data/dataset_4mic_3spk/Eval/mic/mic_fileid_261_doa122_3spk.wav,"134,175",/mnt/d/邵鹏远/UCL/博1/code/audition_pipeline/ablation_study/baseline/results/HARK_n_sep+pf_IPD/official_hark_outputs/fileid_261,/mnt/d/邵鹏远/UCL/博1/code/audition_pipeline/ablation_study/baseline/results/HARK_n_sep+pf_IPD/official_hark_outputs/fileid_261/hark_raw_fileid_261,batchflow '/mnt/d/邵鹏远/UCL/博1/code/audition_pipeline/ablation_study/baseline/results/HARK_n_sep+pf_IPD/official_hark_outputs/fileid_261/runtime_fileid_261.n' '/mnt/d/邵鹏远/UCL/博1/code/audition_pipeline/data/dataset_4mic_3spk/Eval/mic/mic_fileid_261_doa122_3spk.wav' '/mnt/d/邵鹏远/UCL/博1/code/audition_pipeline/ablation_study/baseline/results/HARK_n_sep+pf_IPD/official_hark_outputs/fileid_261/hark_raw_fileid_261',0,3.195833214999766,/mnt/d/邵鹏远/UCL/博1/code/audition_pipeline/ablation_study/baseline/results/HARK_n_sep+pf_IPD/official_hark_logs/hark_fileid_261.stdout.log,/mnt/d/邵鹏远/UCL/博1/code/audition_pipeline/ablation_study/baseline/results/HARK_n_sep+pf_IPD/official_hark_logs/hark_fileid_261.stderr.log,2
262,/mnt/d/邵鹏远/UCL/博1/code/audition_pipeline/data/dataset_4mic_3spk/Eval/mic/mic_fileid_262_doa98_3spk.wav,"121,223,351",/mnt/d/邵鹏远/UCL/博1/code/audition_pipeline/ablation_study/baseline/results/HARK_n_sep+pf_IPD/official_hark_outputs/fileid_262,/mnt/d/邵鹏远/UCL/博1/code/audition_pipeline/ablation_study/baseline/results/HARK_n_sep+pf_IPD/official_hark_outputs/fileid_262/hark_raw_fileid_262,batchflow '/mnt/d/邵鹏远/UCL/博1/code/audition_pipeline/ablation_study/baseline/results/HARK_n_sep+pf_IPD/official_hark_outputs/fileid_262/runtime_fileid_262.n' '/mnt/d/邵鹏远/UCL/博1/code/audition_pipeline/data/dataset_4mic_3spk/Eval/mic/mic_fileid_262_doa98_3spk.wav' '/mnt/d/邵鹏远/UCL/博1/code/audition_pipeline/ablation_study/baseline/results/HARK_n_sep+pf_IPD/official_hark_outputs/fileid_262/hark_raw_fileid_262',0,4.0602662220007915,/mnt/d/邵鹏远/UCL/博1/code/audition_pipeline/ablation_study/baseline/results/HARK_n_sep+pf_IPD/official_hark_logs/hark_fileid_262.stdout.log,/mnt/d/邵鹏远/UCL/博1/code/audition_pipeline/ablation_study/baseline/results/HARK_n_sep+pf_IPD/official_hark_logs/hark_fileid_262.stderr.log,3
263,/mnt/d/邵鹏远/UCL/博1/code/audition_pipeline/data/dataset_4mic_3spk/Eval/mic/mic_fileid_263_doa26_3spk.wav,"28,61,282",/mnt/d/邵鹏远/UCL/博1/code/audition_pipeline/ablation_study/baseline/results/HARK_n_sep+pf_IPD/official_hark_outputs/fileid_263,/mnt/d/邵鹏远/UCL/博1/code/audition_pipeline/ablation_study/baseline/results/HARK_n_sep+pf_IPD/official_hark_outputs/fileid_263/hark_raw_fileid_263,batchflow '/mnt/d/邵鹏远/UCL/博1/code/audition_pipeline/ablation_study/baseline/results/HARK_n_sep+pf_IPD/official_hark_outputs/fileid_263/runtime_fileid_263.n' '/mnt/d/邵鹏远/UCL/博1/code/audition_pipeline/data/dataset_4mic_3spk/Eval/mic/mic_fileid_263_doa26_3spk.wav' '/mnt/d/邵鹏远/UCL/博1/code/audition_pipeline/ablation_study/baseline/results/HARK_n_sep+pf_IPD/official_hark_outputs/fileid_263/hark_raw_fileid_263',0,4.3467928350000875,/mnt/d/邵鹏远/UCL/博1/code/audition_pipeline/ablation_study/baseline/results/HARK_n_sep+pf_IPD/official_hark_logs/hark_fileid_263.stdout.log,/mnt/d/邵鹏远/UCL/博1/code/audition_pipeline/ablation_study/baseline/results/HARK_n_sep+pf_IPD/official_hark_logs/hark_fileid_263.stderr.log,3
264,/mnt/d/邵鹏远/UCL/博1/code/audition_pipeline/data/dataset_4mic_3spk/Eval/mic/mic_fileid_264_doa124_3spk.wav,"128,169,226",/mnt/d/邵鹏远/UCL/博1/code/audition_pipeline/ablation_study/baseline/results/HARK_n_sep+pf_IPD/official_hark_outputs/fileid_264,/mnt/d/邵鹏远/UCL/博1/code/audition_pipeline/ablation_study/baseline/results/HARK_n_sep+pf_IPD/official_hark_outputs/fileid_264/hark_raw_fileid_264,batchflow '/mnt/d/邵鹏远/UCL/博1/code/audition_pipeline/ablation_study/baseline/results/HARK_n_sep+pf_IPD/official_hark_outputs/fileid_264/runtime_fileid_264.n' '/mnt/d/邵鹏远/UCL/博1/code/audition_pipeline/data/dataset_4mic_3spk/Eval/mic/mic_fileid_264_doa124_3spk.wav' '/mnt/d/邵鹏远/UCL/博1/code/audition_pipeline/ablation_study/baseline/results/HARK_n_sep+pf_IPD/official_hark_outputs/fileid_264/hark_raw_fileid_264',0,4.510071771999719,/mnt/d/邵鹏远/UCL/博1/code/audition_pipeline/ablation_study/baseline/results/HARK_n_sep+pf_IPD/official_hark_logs/hark_fileid_264.stdout.log,/mnt/d/邵鹏远/UCL/博1/code/audition_pipeline/ablation_study/baseline/results/HARK_n_sep+pf_IPD/official_hark_logs/hark_fileid_264.stderr.log,3
265,/mnt/d/邵鹏远/UCL/博1/code/audition_pipeline/data/dataset_4mic_3spk/Eval/mic/mic_fileid_265_doa188_3spk.wav,"189,221,289",/mnt/d/邵鹏远/UCL/博1/code/audition_pipeline/ablation_study/baseline/results/HARK_n_sep+pf_IPD/official_hark_outputs/fileid_265,/mnt/d/邵鹏远/UCL/博1/code/audition_pipeline/ablation_study/baseline/results/HARK_n_sep+pf_IPD/official_hark_outputs/fileid_265/hark_raw_fileid_265,batchflow '/mnt/d/邵鹏远/UCL/博1/code/audition_pipeline/ablation_study/baseline/results/HARK_n_sep+pf_IPD/official_hark_outputs/fileid_265/runtime_fileid_265.n' '/mnt/d/邵鹏远/UCL/博1/code/audition_pipeline/data/dataset_4mic_3spk/Eval/mic/mic_fileid_265_doa188_3spk.wav' '/mnt/d/邵鹏远/UCL/博1/code/audition_pipeline/ablation_study/baseline/results/HARK_n_sep+pf_IPD/official_hark_outputs/fileid_265/hark_raw_fileid_265',0,4.505963706999864,/mnt/d/邵鹏远/UCL/博1/code/audition_pipeline/ablation_study/baseline/results/HARK_n_sep+pf_IPD/official_hark_logs/hark_fileid_265.stdout.log,/mnt/d/邵鹏远/UCL/博1/code/audition_pipeline/ablation_study/baseline/results/HARK_n_sep+pf_IPD/official_hark_logs/hark_fileid_265.stderr.log,3
266,/mnt/d/邵鹏远/UCL/博1/code/audition_pipeline/data/dataset_4mic_3spk/Eval/mic/mic_fileid_266_doa106_3spk.wav,"106,200,351",/mnt/d/邵鹏远/UCL/博1/code/audition_pipeline/ablation_study/baseline/results/HARK_n_sep+pf_IPD/official_hark_outputs/fileid_266,/mnt/d/邵鹏远/UCL/博1/code/audition_pipeline/ablation_study/baseline/results/HARK_n_sep+pf_IPD/official_hark_outputs/fileid_266/hark_raw_fileid_266,batchflow '/mnt/d/邵鹏远/UCL/博1/code/audition_pipeline/ablation_study/baseline/results/HARK_n_sep+pf_IPD/official_hark_outputs/fileid_266/runtime_fileid_266.n' '/mnt/d/邵鹏远/UCL/博1/code/audition_pipeline/data/dataset_4mic_3spk/Eval/mic/mic_fileid_266_doa106_3spk.wav' '/mnt/d/邵鹏远/UCL/博1/code/audition_pipeline/ablation_study/baseline/results/HARK_n_sep+pf_IPD/official_hark_outputs/fileid_266/hark_raw_fileid_266',0,4.427418084999772,/mnt/d/邵鹏远/UCL/博1/code/audition_pipeline/ablation_study/baseline/results/HARK_n_sep+pf_IPD/official_hark_logs/hark_fileid_266.stdout.log,/mnt/d/邵鹏远/UCL/博1/code/audition_pipeline/ablation_study/baseline/results/HARK_n_sep+pf_IPD/official_hark_logs/hark_fileid_266.stderr.log,3
267,/mnt/d/邵鹏远/UCL/博1/code/audition_pipeline/data/dataset_4mic_3spk/Eval/mic/mic_fileid_267_doa81_3spk.wav,"83,186,311",/mnt/d/邵鹏远/UCL/博1/code/audition_pipeline/ablation_study/baseline/results/HARK_n_sep+pf_IPD/official_hark_outputs/fileid_267,/mnt/d/邵鹏远/UCL/博1/code/audition_pipeline/ablation_study/baseline/results/HARK_n_sep+pf_IPD/official_hark_outputs/fileid_267/hark_raw_fileid_267,batchflow '/mnt/d/邵鹏远/UCL/博1/code/audition_pipeline/ablation_study/baseline/results/HARK_n_sep+pf_IPD/official_hark_outputs/fileid_267/runtime_fileid_267.n' '/mnt/d/邵鹏远/UCL/博1/code/audition_pipeline/data/dataset_4mic_3spk/Eval/mic/mic_fileid_267_doa81_3spk.wav' '/mnt/d/邵鹏远/UCL/博1/code/audition_pipeline/ablation_study/baseline/results/HARK_n_sep+pf_IPD/official_hark_outputs/fileid_267/hark_raw_fileid_267',0,4.469385660000626,/mnt/d/邵鹏远/UCL/博1/code/audition_pipeline/ablation_study/baseline/results/HARK_n_sep+pf_IPD/official_hark_logs/hark_fileid_267.stdout.log,/mnt/d/邵鹏远/UCL/博1/code/audition_pipeline/ablation_study/baseline/results/HARK_n_sep+pf_IPD/official_hark_logs/hark_fileid_267.stderr.log,3
268,/mnt/d/邵鹏远/UCL/博1/code/audition_pipeline/data/dataset_4mic_3spk/Eval/mic/mic_fileid_268_doa43_3spk.wav,"41,293,353",/mnt/d/邵鹏远/UCL/博1/code/audition_pipeline/ablation_study/baseline/results/HARK_n_sep+pf_IPD/official_hark_outputs/fileid_268,/mnt/d/邵鹏远/UCL/博1/code/audition_pipeline/ablation_study/baseline/results/HARK_n_sep+pf_IPD/official_hark_outputs/fileid_268/hark_raw_fileid_268,batchflow '/mnt/d/邵鹏远/UCL/博1/code/audition_pipeline/ablation_study/baseline/results/HARK_n_sep+pf_IPD/official_hark_outputs/fileid_268/runtime_fileid_268.n' '/mnt/d/邵鹏远/UCL/博1/code/audition_pipeline/data/dataset_4mic_3spk/Eval/mic/mic_fileid_268_doa43_3spk.wav' '/mnt/d/邵鹏远/UCL/博1/code/audition_pipeline/ablation_study/baseline/results/HARK_n_sep+pf_IPD/official_hark_outputs/fileid_268/hark_raw_fileid_268',0,4.439534377999735,/mnt/d/邵鹏远/UCL/博1/code/audition_pipeline/ablation_study/baseline/results/HARK_n_sep+pf_IPD/official_hark_logs/hark_fileid_268.stdout.log,/mnt/d/邵鹏远/UCL/博1/code/audition_pipeline/ablation_study/baseline/results/HARK_n_sep+pf_IPD/official_hark_logs/hark_fileid_268.stderr.log,3
269,/mnt/d/邵鹏远/UCL/博1/code/audition_pipeline/data/dataset_4mic_3spk/Eval/mic/mic_fileid_269_doa18_3spk.wav,"26,175,342",/mnt/d/邵鹏远/UCL/博1/code/audition_pipeline/ablation_study/baseline/results/HARK_n_sep+pf_IPD/official_hark_outputs/fileid_269,/mnt/d/邵鹏远/UCL/博1/code/audition_pipeline/ablation_study/baseline/results/HARK_n_sep+pf_IPD/official_hark_outputs/fileid_269/hark_raw_fileid_269,batchflow '/mnt/d/邵鹏远/UCL/博1/code/audition_pipeline/ablation_study/baseline/results/HARK_n_sep+pf_IPD/official_hark_outputs/fileid_269/runtime_fileid_269.n' '/mnt/d/邵鹏远/UCL/博1/code/audition_pipeline/data/dataset_4mic_3spk/Eval/mic/mic_fileid_269_doa18_3spk.wav' '/mnt/d/邵鹏远/UCL/博1/code/audition_pipeline/ablation_study/baseline/results/HARK_n_sep+pf_IPD/official_hark_outputs/fileid_269/hark_raw_fileid_269',0,4.357860330999756,/mnt/d/邵鹏远/UCL/博1/code/audition_pipeline/ablation_study/baseline/results/HARK_n_sep+pf_IPD/official_hark_logs/hark_fileid_269.stdout.log,/mnt/d/邵鹏远/UCL/博1/code/audition_pipeline/ablation_study/baseline/results/HARK_n_sep+pf_IPD/official_hark_logs/hark_fileid_269.stderr.log,3
270,/mnt/d/邵鹏远/UCL/博1/code/audition_pipeline/data/dataset_4mic_3spk/Eval/mic/mic_fileid_270_doa4_3spk.wav,"3,59,201",/mnt/d/邵鹏远/UCL/博1/code/audition_pipeline/ablation_study/baseline/results/HARK_n_sep+pf_IPD/official_hark_outputs/fileid_270,/mnt/d/邵鹏远/UCL/博1/code/audition_pipeline/ablation_study/baseline/results/HARK_n_sep+pf_IPD/official_hark_outputs/fileid_270/hark_raw_fileid_270,batchflow '/mnt/d/邵鹏远/UCL/博1/code/audition_pipeline/ablation_study/baseline/results/HARK_n_sep+pf_IPD/official_hark_outputs/fileid_270/runtime_fileid_270.n' '/mnt/d/邵鹏远/UCL/博1/code/audition_pipeline/data/dataset_4mic_3spk/Eval/mic/mic_fileid_270_doa4_3spk.wav' '/mnt/d/邵鹏远/UCL/博1/code/audition_pipeline/ablation_study/baseline/results/HARK_n_sep+pf_IPD/official_hark_outputs/fileid_270/hark_raw_fileid_270',0,4.688437771999816,/mnt/d/邵鹏远/UCL/博1/code/audition_pipeline/ablation_study/baseline/results/HARK_n_sep+pf_IPD/official_hark_logs/hark_fileid_270.stdout.log,/mnt/d/邵鹏远/UCL/博1/code/audition_pipeline/ablation_study/baseline/results/HARK_n_sep+pf_IPD/official_hark_logs/hark_fileid_270.stderr.log,3
271,/mnt/d/邵鹏远/UCL/博1/code/audition_pipeline/data/dataset_4mic_3spk/Eval/mic/mic_fileid_271_doa16_3spk.wav,"190,245,350",/mnt/d/邵鹏远/UCL/博1/code/audition_pipeline/ablation_study/baseline/results/HARK_n_sep+pf_IPD/official_hark_outputs/fileid_271,/mnt/d/邵鹏远/UCL/博1/code/audition_pipeline/ablation_study/baseline/results/HARK_n_sep+pf_IPD/official_hark_outputs/fileid_271/hark_raw_fileid_271,batchflow '/mnt/d/邵鹏远/UCL/博1/code/audition_pipeline/ablation_study/baseline/results/HARK_n_sep+pf_IPD/official_hark_outputs/fileid_271/runtime_fileid_271.n' '/mnt/d/邵鹏远/UCL/博1/code/audition_pipeline/data/dataset_4mic_3spk/Eval/mic/mic_fileid_271_doa16_3spk.wav' '/mnt/d/邵鹏远/UCL/博1/code/audition_pipeline/ablation_study/baseline/results/HARK_n_sep+pf_IPD/official_hark_outputs/fileid_271/hark_raw_fileid_271',0,4.4829252649997215,/mnt/d/邵鹏远/UCL/博1/code/audition_pipeline/ablation_study/baseline/results/HARK_n_sep+pf_IPD/official_hark_logs/hark_fileid_271.stdout.log,/mnt/d/邵鹏远/UCL/博1/code/audition_pipeline/ablation_study/baseline/results/HARK_n_sep+pf_IPD/official_hark_logs/hark_fileid_271.stderr.log,3
272,/mnt/d/邵鹏远/UCL/博1/code/audition_pipeline/data/dataset_4mic_3spk/Eval/mic/mic_fileid_272_doa59_3spk.wav,"58,255,349",/mnt/d/邵鹏远/UCL/博1/code/audition_pipeline/ablation_study/baseline/results/HARK_n_sep+pf_IPD/official_hark_outputs/fileid_272,/mnt/d/邵鹏远/UCL/博1/code/audition_pipeline/ablation_study/baseline/results/HARK_n_sep+pf_IPD/official_hark_outputs/fileid_272/hark_raw_fileid_272,batchflow '/mnt/d/邵鹏远/UCL/博1/code/audition_pipeline/ablation_study/baseline/results/HARK_n_sep+pf_IPD/official_hark_outputs/fileid_272/runtime_fileid_272.n' '/mnt/d/邵鹏远/UCL/博1/code/audition_pipeline/data/dataset_4mic_3spk/Eval/mic/mic_fileid_272_doa59_3spk.wav' '/mnt/d/邵鹏远/UCL/博1/code/audition_pipeline/ablation_study/baseline/results/HARK_n_sep+pf_IPD/official_hark_outputs/fileid_272/hark_raw_fileid_272',0,4.402447837000182,/mnt/d/邵鹏远/UCL/博1/code/audition_pipeline/ablation_study/baseline/results/HARK_n_sep+pf_IPD/official_hark_logs/hark_fileid_272.stdout.log,/mnt/d/邵鹏远/UCL/博1/code/audition_pipeline/ablation_study/baseline/results/HARK_n_sep+pf_IPD/official_hark_logs/hark_fileid_272.stderr.log,3
273,/mnt/d/邵鹏远/UCL/博1/code/audition_pipeline/data/dataset_4mic_3spk/Eval/mic/mic_fileid_273_doa24_3spk.wav,"35,164,221",/mnt/d/邵鹏远/UCL/博1/code/audition_pipeline/ablation_study/baseline/results/HARK_n_sep+pf_IPD/official_hark_outputs/fileid_273,/mnt/d/邵鹏远/UCL/博1/code/audition_pipeline/ablation_study/baseline/results/HARK_n_sep+pf_IPD/official_hark_outputs/fileid_273/hark_raw_fileid_273,batchflow '/mnt/d/邵鹏远/UCL/博1/code/audition_pipeline/ablation_study/baseline/results/HARK_n_sep+pf_IPD/official_hark_outputs/fileid_273/runtime_fileid_273.n' '/mnt/d/邵鹏远/UCL/博1/code/audition_pipeline/data/dataset_4mic_3spk/Eval/mic/mic_fileid_273_doa24_3spk.wav' '/mnt/d/邵鹏远/UCL/博1/code/audition_pipeline/ablation_study/baseline/results/HARK_n_sep+pf_IPD/official_hark_outputs/fileid_273/hark_raw_fileid_273',0,4.225068824999653,/mnt/d/邵鹏远/UCL/博1/code/audition_pipeline/ablation_study/baseline/results/HARK_n_sep+pf_IPD/official_hark_logs/hark_fileid_273.stdout.log,/mnt/d/邵鹏远/UCL/博1/code/audition_pipeline/ablation_study/baseline/results/HARK_n_sep+pf_IPD/official_hark_logs/hark_fileid_273.stderr.log,3
274,/mnt/d/邵鹏远/UCL/博1/code/audition_pipeline/data/dataset_4mic_3spk/Eval/mic/mic_fileid_274_doa14_3spk.wav,"14,62,112",/mnt/d/邵鹏远/UCL/博1/code/audition_pipeline/ablation_study/baseline/results/HARK_n_sep+pf_IPD/official_hark_outputs/fileid_274,/mnt/d/邵鹏远/UCL/博1/code/audition_pipeline/ablation_study/baseline/results/HARK_n_sep+pf_IPD/official_hark_outputs/fileid_274/hark_raw_fileid_274,batchflow '/mnt/d/邵鹏远/UCL/博1/code/audition_pipeline/ablation_study/baseline/results/HARK_n_sep+pf_IPD/official_hark_outputs/fileid_274/runtime_fileid_274.n' '/mnt/d/邵鹏远/UCL/博1/code/audition_pipeline/data/dataset_4mic_3spk/Eval/mic/mic_fileid_274_doa14_3spk.wav' '/mnt/d/邵鹏远/UCL/博1/code/audition_pipeline/ablation_study/baseline/results/HARK_n_sep+pf_IPD/official_hark_outputs/fileid_274/hark_raw_fileid_274',0,4.404481214000043,/mnt/d/邵鹏远/UCL/博1/code/audition_pipeline/ablation_study/baseline/results/HARK_n_sep+pf_IPD/official_hark_logs/hark_fileid_274.stdout.log,/mnt/d/邵鹏远/UCL/博1/code/audition_pipeline/ablation_study/baseline/results/HARK_n_sep+pf_IPD/official_hark_logs/hark_fileid_274.stderr.log,3
275,/mnt/d/邵鹏远/UCL/博1/code/audition_pipeline/data/dataset_4mic_3spk/Eval/mic/mic_fileid_275_doa2_3spk.wav,"4,94,329",/mnt/d/邵鹏远/UCL/博1/code/audition_pipeline/ablation_study/baseline/results/HARK_n_sep+pf_IPD/official_hark_outputs/fileid_275,/mnt/d/邵鹏远/UCL/博1/code/audition_pipeline/ablation_study/baseline/results/HARK_n_sep+pf_IPD/official_hark_outputs/fileid_275/hark_raw_fileid_275,batchflow '/mnt/d/邵鹏远/UCL/博1/code/audition_pipeline/ablation_study/baseline/results/HARK_n_sep+pf_IPD/official_hark_outputs/fileid_275/runtime_fileid_275.n' '/mnt/d/邵鹏远/UCL/博1/code/audition_pipeline/data/dataset_4mic_3spk/Eval/mic/mic_fileid_275_doa2_3spk.wav' '/mnt/d/邵鹏远/UCL/博1/code/audition_pipeline/ablation_study/baseline/results/HARK_n_sep+pf_IPD/official_hark_outputs/fileid_275/hark_raw_fileid_275',0,4.507342163999965,/mnt/d/邵鹏远/UCL/博1/code/audition_pipeline/ablation_study/baseline/results/HARK_n_sep+pf_IPD/official_hark_logs/hark_fileid_275.stdout.log,/mnt/d/邵鹏远/UCL/博1/code/audition_pipeline/ablation_study/baseline/results/HARK_n_sep+pf_IPD/official_hark_logs/hark_fileid_275.stderr.log,3
276,/mnt/d/邵鹏远/UCL/博1/code/audition_pipeline/data/dataset_4mic_3spk/Eval/mic/mic_fileid_276_doa35_3spk.wav,"34,121",/mnt/d/邵鹏远/UCL/博1/code/audition_pipeline/ablation_study/baseline/results/HARK_n_sep+pf_IPD/official_hark_outputs/fileid_276,/mnt/d/邵鹏远/UCL/博1/code/audition_pipeline/ablation_study/baseline/results/HARK_n_sep+pf_IPD/official_hark_outputs/fileid_276/hark_raw_fileid_276,batchflow '/mnt/d/邵鹏远/UCL/博1/code/audition_pipeline/ablation_study/baseline/results/HARK_n_sep+pf_IPD/official_hark_outputs/fileid_276/runtime_fileid_276.n' '/mnt/d/邵鹏远/UCL/博1/code/audition_pipeline/data/dataset_4mic_3spk/Eval/mic/mic_fileid_276_doa35_3spk.wav' '/mnt/d/邵鹏远/UCL/博1/code/audition_pipeline/ablation_study/baseline/results/HARK_n_sep+pf_IPD/official_hark_outputs/fileid_276/hark_raw_fileid_276',0,3.2304941860002145,/mnt/d/邵鹏远/UCL/博1/code/audition_pipeline/ablation_study/baseline/results/HARK_n_sep+pf_IPD/official_hark_logs/hark_fileid_276.stdout.log,/mnt/d/邵鹏远/UCL/博1/code/audition_pipeline/ablation_study/baseline/results/HARK_n_sep+pf_IPD/official_hark_logs/hark_fileid_276.stderr.log,2
277,/mnt/d/邵鹏远/UCL/博1/code/audition_pipeline/data/dataset_4mic_3spk/Eval/mic/mic_fileid_277_doa52_3spk.wav,"43,132,307",/mnt/d/邵鹏远/UCL/博1/code/audition_pipeline/ablation_study/baseline/results/HARK_n_sep+pf_IPD/official_hark_outputs/fileid_277,/mnt/d/邵鹏远/UCL/博1/code/audition_pipeline/ablation_study/baseline/results/HARK_n_sep+pf_IPD/official_hark_outputs/fileid_277/hark_raw_fileid_277,batchflow '/mnt/d/邵鹏远/UCL/博1/code/audition_pipeline/ablation_study/baseline/results/HARK_n_sep+pf_IPD/official_hark_outputs/fileid_277/runtime_fileid_277.n' '/mnt/d/邵鹏远/UCL/博1/code/audition_pipeline/data/dataset_4mic_3spk/Eval/mic/mic_fileid_277_doa52_3spk.wav' '/mnt/d/邵鹏远/UCL/博1/code/audition_pipeline/ablation_study/baseline/results/HARK_n_sep+pf_IPD/official_hark_outputs/fileid_277/hark_raw_fileid_277',0,3.9506784729992432,/mnt/d/邵鹏远/UCL/博1/code/audition_pipeline/ablation_study/baseline/results/HARK_n_sep+pf_IPD/official_hark_logs/hark_fileid_277.stdout.log,/mnt/d/邵鹏远/UCL/博1/code/audition_pipeline/ablation_study/baseline/results/HARK_n_sep+pf_IPD/official_hark_logs/hark_fileid_277.stderr.log,3
278,/mnt/d/邵鹏远/UCL/博1/code/audition_pipeline/data/dataset_4mic_3spk/Eval/mic/mic_fileid_278_doa13_3spk.wav,"12,100,298",/mnt/d/邵鹏远/UCL/博1/code/audition_pipeline/ablation_study/baseline/results/HARK_n_sep+pf_IPD/official_hark_outputs/fileid_278,/mnt/d/邵鹏远/UCL/博1/code/audition_pipeline/ablation_study/baseline/results/HARK_n_sep+pf_IPD/official_hark_outputs/fileid_278/hark_raw_fileid_278,batchflow '/mnt/d/邵鹏远/UCL/博1/code/audition_pipeline/ablation_study/baseline/results/HARK_n_sep+pf_IPD/official_hark_outputs/fileid_278/runtime_fileid_278.n' '/mnt/d/邵鹏远/UCL/博1/code/audition_pipeline/data/dataset_4mic_3spk/Eval/mic/mic_fileid_278_doa13_3spk.wav' '/mnt/d/邵鹏远/UCL/博1/code/audition_pipeline/ablation_study/baseline/results/HARK_n_sep+pf_IPD/official_hark_outputs/fileid_278/hark_raw_fileid_278',0,4.462514488999659,/mnt/d/邵鹏远/UCL/博1/code/audition_pipeline/ablation_study/baseline/results/HARK_n_sep+pf_IPD/official_hark_logs/hark_fileid_278.stdout.log,/mnt/d/邵鹏远/UCL/博1/code/audition_pipeline/ablation_study/baseline/results/HARK_n_sep+pf_IPD/official_hark_logs/hark_fileid_278.stderr.log,3
279,/mnt/d/邵鹏远/UCL/博1/code/audition_pipeline/data/dataset_4mic_3spk/Eval/mic/mic_fileid_279_doa26_3spk.wav,"34,121,230",/mnt/d/邵鹏远/UCL/博1/code/audition_pipeline/ablation_study/baseline/results/HARK_n_sep+pf_IPD/official_hark_outputs/fileid_279,/mnt/d/邵鹏远/UCL/博1/code/audition_pipeline/ablation_study/baseline/results/HARK_n_sep+pf_IPD/official_hark_outputs/fileid_279/hark_raw_fileid_279,batchflow '/mnt/d/邵鹏远/UCL/博1/code/audition_pipeline/ablation_study/baseline/results/HARK_n_sep+pf_IPD/official_hark_outputs/fileid_279/runtime_fileid_279.n' '/mnt/d/邵鹏远/UCL/博1/code/audition_pipeline/data/dataset_4mic_3spk/Eval/mic/mic_fileid_279_doa26_3spk.wav' '/mnt/d/邵鹏远/UCL/博1/code/audition_pipeline/ablation_study/baseline/results/HARK_n_sep+pf_IPD/official_hark_outputs/fileid_279/hark_raw_fileid_279',0,4.458805085999302,/mnt/d/邵鹏远/UCL/博1/code/audition_pipeline/ablation_study/baseline/results/HARK_n_sep+pf_IPD/official_hark_logs/hark_fileid_279.stdout.log,/mnt/d/邵鹏远/UCL/博1/code/audition_pipeline/ablation_study/baseline/results/HARK_n_sep+pf_IPD/official_hark_logs/hark_fileid_279.stderr.log,3
280,/mnt/d/邵鹏远/UCL/博1/code/audition_pipeline/data/dataset_4mic_3spk/Eval/mic/mic_fileid_280_doa27_3spk.wav,"24,283,357",/mnt/d/邵鹏远/UCL/博1/code/audition_pipeline/ablation_study/baseline/results/HARK_n_sep+pf_IPD/official_hark_outputs/fileid_280,/mnt/d/邵鹏远/UCL/博1/code/audition_pipeline/ablation_study/baseline/results/HARK_n_sep+pf_IPD/official_hark_outputs/fileid_280/hark_raw_fileid_280,batchflow '/mnt/d/邵鹏远/UCL/博1/code/audition_pipeline/ablation_study/baseline/results/HARK_n_sep+pf_IPD/official_hark_outputs/fileid_280/runtime_fileid_280.n' '/mnt/d/邵鹏远/UCL/博1/code/audition_pipeline/data/dataset_4mic_3spk/Eval/mic/mic_fileid_280_doa27_3spk.wav' '/mnt/d/邵鹏远/UCL/博1/code/audition_pipeline/ablation_study/baseline/results/HARK_n_sep+pf_IPD/official_hark_outputs/fileid_280/hark_raw_fileid_280',0,4.066065474999959,/mnt/d/邵鹏远/UCL/博1/code/audition_pipeline/ablation_study/baseline/results/HARK_n_sep+pf_IPD/official_hark_logs/hark_fileid_280.stdout.log,/mnt/d/邵鹏远/UCL/博1/code/audition_pipeline/ablation_study/baseline/results/HARK_n_sep+pf_IPD/official_hark_logs/hark_fileid_280.stderr.log,3
281,/mnt/d/邵鹏远/UCL/博1/code/audition_pipeline/data/dataset_4mic_3spk/Eval/mic/mic_fileid_281_doa220_3spk.wav,"221,319,354",/mnt/d/邵鹏远/UCL/博1/code/audition_pipeline/ablation_study/baseline/results/HARK_n_sep+pf_IPD/official_hark_outputs/fileid_281,/mnt/d/邵鹏远/UCL/博1/code/audition_pipeline/ablation_study/baseline/results/HARK_n_sep+pf_IPD/official_hark_outputs/fileid_281/hark_raw_fileid_281,batchflow '/mnt/d/邵鹏远/UCL/博1/code/audition_pipeline/ablation_study/baseline/results/HARK_n_sep+pf_IPD/official_hark_outputs/fileid_281/runtime_fileid_281.n' '/mnt/d/邵鹏远/UCL/博1/code/audition_pipeline/data/dataset_4mic_3spk/Eval/mic/mic_fileid_281_doa220_3spk.wav' '/mnt/d/邵鹏远/UCL/博1/code/audition_pipeline/ablation_study/baseline/results/HARK_n_sep+pf_IPD/official_hark_outputs/fileid_281/hark_raw_fileid_281',0,4.572083787000338,/mnt/d/邵鹏远/UCL/博1/code/audition_pipeline/ablation_study/baseline/results/HARK_n_sep+pf_IPD/official_hark_logs/hark_fileid_281.stdout.log,/mnt/d/邵鹏远/UCL/博1/code/audition_pipeline/ablation_study/baseline/results/HARK_n_sep+pf_IPD/official_hark_logs/hark_fileid_281.stderr.log,3
282,/mnt/d/邵鹏远/UCL/博1/code/audition_pipeline/data/dataset_4mic_3spk/Eval/mic/mic_fileid_282_doa55_3spk.wav,"71,128,276",/mnt/d/邵鹏远/UCL/博1/code/audition_pipeline/ablation_study/baseline/results/HARK_n_sep+pf_IPD/official_hark_outputs/fileid_282,/mnt/d/邵鹏远/UCL/博1/code/audition_pipeline/ablation_study/baseline/results/HARK_n_sep+pf_IPD/official_hark_outputs/fileid_282/hark_raw_fileid_282,batchflow '/mnt/d/邵鹏远/UCL/博1/code/audition_pipeline/ablation_study/baseline/results/HARK_n_sep+pf_IPD/official_hark_outputs/fileid_282/runtime_fileid_282.n' '/mnt/d/邵鹏远/UCL/博1/code/audition_pipeline/data/dataset_4mic_3spk/Eval/mic/mic_fileid_282_doa55_3spk.wav' '/mnt/d/邵鹏远/UCL/博1/code/audition_pipeline/ablation_study/baseline/results/HARK_n_sep+pf_IPD/official_hark_outputs/fileid_282/hark_raw_fileid_282',0,4.26731999399999,/mnt/d/邵鹏远/UCL/博1/code/audition_pipeline/ablation_study/baseline/results/HARK_n_sep+pf_IPD/official_hark_logs/hark_fileid_282.stdout.log,/mnt/d/邵鹏远/UCL/博1/code/audition_pipeline/ablation_study/baseline/results/HARK_n_sep+pf_IPD/official_hark_logs/hark_fileid_282.stderr.log,3
283,/mnt/d/邵鹏远/UCL/博1/code/audition_pipeline/data/dataset_4mic_3spk/Eval/mic/mic_fileid_283_doa126_3spk.wav,"126,177,314",/mnt/d/邵鹏远/UCL/博1/code/audition_pipeline/ablation_study/baseline/results/HARK_n_sep+pf_IPD/official_hark_outputs/fileid_283,/mnt/d/邵鹏远/UCL/博1/code/audition_pipeline/ablation_study/baseline/results/HARK_n_sep+pf_IPD/official_hark_outputs/fileid_283/hark_raw_fileid_283,batchflow '/mnt/d/邵鹏远/UCL/博1/code/audition_pipeline/ablation_study/baseline/results/HARK_n_sep+pf_IPD/official_hark_outputs/fileid_283/runtime_fileid_283.n' '/mnt/d/邵鹏远/UCL/博1/code/audition_pipeline/data/dataset_4mic_3spk/Eval/mic/mic_fileid_283_doa126_3spk.wav' '/mnt/d/邵鹏远/UCL/博1/code/audition_pipeline/ablation_study/baseline/results/HARK_n_sep+pf_IPD/official_hark_outputs/fileid_283/hark_raw_fileid_283',0,4.51033966399973,/mnt/d/邵鹏远/UCL/博1/code/audition_pipeline/ablation_study/baseline/results/HARK_n_sep+pf_IPD/official_hark_logs/hark_fileid_283.stdout.log,/mnt/d/邵鹏远/UCL/博1/code/audition_pipeline/ablation_study/baseline/results/HARK_n_sep+pf_IPD/official_hark_logs/hark_fileid_283.stderr.log,3
284,/mnt/d/邵鹏远/UCL/博1/code/audition_pipeline/data/dataset_4mic_3spk/Eval/mic/mic_fileid_284_doa4_3spk.wav,"210,257,357",/mnt/d/邵鹏远/UCL/博1/code/audition_pipeline/ablation_study/baseline/results/HARK_n_sep+pf_IPD/official_hark_outputs/fileid_284,/mnt/d/邵鹏远/UCL/博1/code/audition_pipeline/ablation_study/baseline/results/HARK_n_sep+pf_IPD/official_hark_outputs/fileid_284/hark_raw_fileid_284,batchflow '/mnt/d/邵鹏远/UCL/博1/code/audition_pipeline/ablation_study/baseline/results/HARK_n_sep+pf_IPD/official_hark_outputs/fileid_284/runtime_fileid_284.n' '/mnt/d/邵鹏远/UCL/博1/code/audition_pipeline/data/dataset_4mic_3spk/Eval/mic/mic_fileid_284_doa4_3spk.wav' '/mnt/d/邵鹏远/UCL/博1/code/audition_pipeline/ablation_study/baseline/results/HARK_n_sep+pf_IPD/official_hark_outputs/fileid_284/hark_raw_fileid_284',0,4.155544744000508,/mnt/d/邵鹏远/UCL/博1/code/audition_pipeline/ablation_study/baseline/results/HARK_n_sep+pf_IPD/official_hark_logs/hark_fileid_284.stdout.log,/mnt/d/邵鹏远/UCL/博1/code/audition_pipeline/ablation_study/baseline/results/HARK_n_sep+pf_IPD/official_hark_logs/hark_fileid_284.stderr.log,3
285,/mnt/d/邵鹏远/UCL/博1/code/audition_pipeline/data/dataset_4mic_3spk/Eval/mic/mic_fileid_285_doa48_3spk.wav,"43,228,276",/mnt/d/邵鹏远/UCL/博1/code/audition_pipeline/ablation_study/baseline/results/HARK_n_sep+pf_IPD/official_hark_outputs/fileid_285,/mnt/d/邵鹏远/UCL/博1/code/audition_pipeline/ablation_study/baseline/results/HARK_n_sep+pf_IPD/official_hark_outputs/fileid_285/hark_raw_fileid_285,batchflow '/mnt/d/邵鹏远/UCL/博1/code/audition_pipeline/ablation_study/baseline/results/HARK_n_sep+pf_IPD/official_hark_outputs/fileid_285/runtime_fileid_285.n' '/mnt/d/邵鹏远/UCL/博1/code/audition_pipeline/data/dataset_4mic_3spk/Eval/mic/mic_fileid_285_doa48_3spk.wav' '/mnt/d/邵鹏远/UCL/博1/code/audition_pipeline/ablation_study/baseline/results/HARK_n_sep+pf_IPD/official_hark_outputs/fileid_285/hark_raw_fileid_285',0,4.758096921000288,/mnt/d/邵鹏远/UCL/博1/code/audition_pipeline/ablation_study/baseline/results/HARK_n_sep+pf_IPD/official_hark_logs/hark_fileid_285.stdout.log,/mnt/d/邵鹏远/UCL/博1/code/audition_pipeline/ablation_study/baseline/results/HARK_n_sep+pf_IPD/official_hark_logs/hark_fileid_285.stderr.log,3
286,/mnt/d/邵鹏远/UCL/博1/code/audition_pipeline/data/dataset_4mic_3spk/Eval/mic/mic_fileid_286_doa62_3spk.wav,"56,224,355",/mnt/d/邵鹏远/UCL/博1/code/audition_pipeline/ablation_study/baseline/results/HARK_n_sep+pf_IPD/official_hark_outputs/fileid_286,/mnt/d/邵鹏远/UCL/博1/code/audition_pipeline/ablation_study/baseline/results/HARK_n_sep+pf_IPD/official_hark_outputs/fileid_286/hark_raw_fileid_286,batchflow '/mnt/d/邵鹏远/UCL/博1/code/audition_pipeline/ablation_study/baseline/results/HARK_n_sep+pf_IPD/official_hark_outputs/fileid_286/runtime_fileid_286.n' '/mnt/d/邵鹏远/UCL/博1/code/audition_pipeline/data/dataset_4mic_3spk/Eval/mic/mic_fileid_286_doa62_3spk.wav' '/mnt/d/邵鹏远/UCL/博1/code/audition_pipeline/ablation_study/baseline/results/HARK_n_sep+pf_IPD/official_hark_outputs/fileid_286/hark_raw_fileid_286',0,4.209001197000362,/mnt/d/邵鹏远/UCL/博1/code/audition_pipeline/ablation_study/baseline/results/HARK_n_sep+pf_IPD/official_hark_logs/hark_fileid_286.stdout.log,/mnt/d/邵鹏远/UCL/博1/code/audition_pipeline/ablation_study/baseline/results/HARK_n_sep+pf_IPD/official_hark_logs/hark_fileid_286.stderr.log,3
287,/mnt/d/邵鹏远/UCL/博1/code/audition_pipeline/data/dataset_4mic_3spk/Eval/mic/mic_fileid_287_doa99_3spk.wav,"42,98,148",/mnt/d/邵鹏远/UCL/博1/code/audition_pipeline/ablation_study/baseline/results/HARK_n_sep+pf_IPD/official_hark_outputs/fileid_287,/mnt/d/邵鹏远/UCL/博1/code/audition_pipeline/ablation_study/baseline/results/HARK_n_sep+pf_IPD/official_hark_outputs/fileid_287/hark_raw_fileid_287,batchflow '/mnt/d/邵鹏远/UCL/博1/code/audition_pipeline/ablation_study/baseline/results/HARK_n_sep+pf_IPD/official_hark_outputs/fileid_287/runtime_fileid_287.n' '/mnt/d/邵鹏远/UCL/博1/code/audition_pipeline/data/dataset_4mic_3spk/Eval/mic/mic_fileid_287_doa99_3spk.wav' '/mnt/d/邵鹏远/UCL/博1/code/audition_pipeline/ablation_study/baseline/results/HARK_n_sep+pf_IPD/official_hark_outputs/fileid_287/hark_raw_fileid_287',0,4.405059976999837,/mnt/d/邵鹏远/UCL/博1/code/audition_pipeline/ablation_study/baseline/results/HARK_n_sep+pf_IPD/official_hark_logs/hark_fileid_287.stdout.log,/mnt/d/邵鹏远/UCL/博1/code/audition_pipeline/ablation_study/baseline/results/HARK_n_sep+pf_IPD/official_hark_logs/hark_fileid_287.stderr.log,3
288,/mnt/d/邵鹏远/UCL/博1/code/audition_pipeline/data/dataset_4mic_3spk/Eval/mic/mic_fileid_288_doa72_3spk.wav,"72,139,229",/mnt/d/邵鹏远/UCL/博1/code/audition_pipeline/ablation_study/baseline/results/HARK_n_sep+pf_IPD/official_hark_outputs/fileid_288,/mnt/d/邵鹏远/UCL/博1/code/audition_pipeline/ablation_study/baseline/results/HARK_n_sep+pf_IPD/official_hark_outputs/fileid_288/hark_raw_fileid_288,batchflow '/mnt/d/邵鹏远/UCL/博1/code/audition_pipeline/ablation_study/baseline/results/HARK_n_sep+pf_IPD/official_hark_outputs/fileid_288/runtime_fileid_288.n' '/mnt/d/邵鹏远/UCL/博1/code/audition_pipeline/data/dataset_4mic_3spk/Eval/mic/mic_fileid_288_doa72_3spk.wav' '/mnt/d/邵鹏远/UCL/博1/code/audition_pipeline/ablation_study/baseline/results/HARK_n_sep+pf_IPD/official_hark_outputs/fileid_288/hark_raw_fileid_288',0,4.167798063000191,/mnt/d/邵鹏远/UCL/博1/code/audition_pipeline/ablation_study/baseline/results/HARK_n_sep+pf_IPD/official_hark_logs/hark_fileid_288.stdout.log,/mnt/d/邵鹏远/UCL/博1/code/audition_pipeline/ablation_study/baseline/results/HARK_n_sep+pf_IPD/official_hark_logs/hark_fileid_288.stderr.log,3
289,/mnt/d/邵鹏远/UCL/博1/code/audition_pipeline/data/dataset_4mic_3spk/Eval/mic/mic_fileid_289_doa174_3spk.wav,"177,231,357",/mnt/d/邵鹏远/UCL/博1/code/audition_pipeline/ablation_study/baseline/results/HARK_n_sep+pf_IPD/official_hark_outputs/fileid_289,/mnt/d/邵鹏远/UCL/博1/code/audition_pipeline/ablation_study/baseline/results/HARK_n_sep+pf_IPD/official_hark_outputs/fileid_289/hark_raw_fileid_289,batchflow '/mnt/d/邵鹏远/UCL/博1/code/audition_pipeline/ablation_study/baseline/results/HARK_n_sep+pf_IPD/official_hark_outputs/fileid_289/runtime_fileid_289.n' '/mnt/d/邵鹏远/UCL/博1/code/audition_pipeline/data/dataset_4mic_3spk/Eval/mic/mic_fileid_289_doa174_3spk.wav' '/mnt/d/邵鹏远/UCL/博1/code/audition_pipeline/ablation_study/baseline/results/HARK_n_sep+pf_IPD/official_hark_outputs/fileid_289/hark_raw_fileid_289',0,4.564607075999447,/mnt/d/邵鹏远/UCL/博1/code/audition_pipeline/ablation_study/baseline/results/HARK_n_sep+pf_IPD/official_hark_logs/hark_fileid_289.stdout.log,/mnt/d/邵鹏远/UCL/博1/code/audition_pipeline/ablation_study/baseline/results/HARK_n_sep+pf_IPD/official_hark_logs/hark_fileid_289.stderr.log,3
290,/mnt/d/邵鹏远/UCL/博1/code/audition_pipeline/data/dataset_4mic_3spk/Eval/mic/mic_fileid_290_doa23_3spk.wav,"22,136,315",/mnt/d/邵鹏远/UCL/博1/code/audition_pipeline/ablation_study/baseline/results/HARK_n_sep+pf_IPD/official_hark_outputs/fileid_290,/mnt/d/邵鹏远/UCL/博1/code/audition_pipeline/ablation_study/baseline/results/HARK_n_sep+pf_IPD/official_hark_outputs/fileid_290/hark_raw_fileid_290,batchflow '/mnt/d/邵鹏远/UCL/博1/code/audition_pipeline/ablation_study/baseline/results/HARK_n_sep+pf_IPD/official_hark_outputs/fileid_290/runtime_fileid_290.n' '/mnt/d/邵鹏远/UCL/博1/code/audition_pipeline/data/dataset_4mic_3spk/Eval/mic/mic_fileid_290_doa23_3spk.wav' '/mnt/d/邵鹏远/UCL/博1/code/audition_pipeline/ablation_study/baseline/results/HARK_n_sep+pf_IPD/official_hark_outputs/fileid_290/hark_raw_fileid_290',0,4.593051088999346,/mnt/d/邵鹏远/UCL/博1/code/audition_pipeline/ablation_study/baseline/results/HARK_n_sep+pf_IPD/official_hark_logs/hark_fileid_290.stdout.log,/mnt/d/邵鹏远/UCL/博1/code/audition_pipeline/ablation_study/baseline/results/HARK_n_sep+pf_IPD/official_hark_logs/hark_fileid_290.stderr.log,3
291,/mnt/d/邵鹏远/UCL/博1/code/audition_pipeline/data/dataset_4mic_3spk/Eval/mic/mic_fileid_291_doa157_3spk.wav,"166,263,357",/mnt/d/邵鹏远/UCL/博1/code/audition_pipeline/ablation_study/baseline/results/HARK_n_sep+pf_IPD/official_hark_outputs/fileid_291,/mnt/d/邵鹏远/UCL/博1/code/audition_pipeline/ablation_study/baseline/results/HARK_n_sep+pf_IPD/official_hark_outputs/fileid_291/hark_raw_fileid_291,batchflow '/mnt/d/邵鹏远/UCL/博1/code/audition_pipeline/ablation_study/baseline/results/HARK_n_sep+pf_IPD/official_hark_outputs/fileid_291/runtime_fileid_291.n' '/mnt/d/邵鹏远/UCL/博1/code/audition_pipeline/data/dataset_4mic_3spk/Eval/mic/mic_fileid_291_doa157_3spk.wav' '/mnt/d/邵鹏远/UCL/博1/code/audition_pipeline/ablation_study/baseline/results/HARK_n_sep+pf_IPD/official_hark_outputs/fileid_291/hark_raw_fileid_291',0,4.445423477000077,/mnt/d/邵鹏远/UCL/博1/code/audition_pipeline/ablation_study/baseline/results/HARK_n_sep+pf_IPD/official_hark_logs/hark_fileid_291.stdout.log,/mnt/d/邵鹏远/UCL/博1/code/audition_pipeline/ablation_study/baseline/results/HARK_n_sep+pf_IPD/official_hark_logs/hark_fileid_291.stderr.log,3
292,/mnt/d/邵鹏远/UCL/博1/code/audition_pipeline/data/dataset_4mic_3spk/Eval/mic/mic_fileid_292_doa44_3spk.wav,"186,223,338",/mnt/d/邵鹏远/UCL/博1/code/audition_pipeline/ablation_study/baseline/results/HARK_n_sep+pf_IPD/official_hark_outputs/fileid_292,/mnt/d/邵鹏远/UCL/博1/code/audition_pipeline/ablation_study/baseline/results/HARK_n_sep+pf_IPD/official_hark_outputs/fileid_292/hark_raw_fileid_292,batchflow '/mnt/d/邵鹏远/UCL/博1/code/audition_pipeline/ablation_study/baseline/results/HARK_n_sep+pf_IPD/official_hark_outputs/fileid_292/runtime_fileid_292.n' '/mnt/d/邵鹏远/UCL/博1/code/audition_pipeline/data/dataset_4mic_3spk/Eval/mic/mic_fileid_292_doa44_3spk.wav' '/mnt/d/邵鹏远/UCL/博1/code/audition_pipeline/ablation_study/baseline/results/HARK_n_sep+pf_IPD/official_hark_outputs/fileid_292/hark_raw_fileid_292',0,4.030682749999869,/mnt/d/邵鹏远/UCL/博1/code/audition_pipeline/ablation_study/baseline/results/HARK_n_sep+pf_IPD/official_hark_logs/hark_fileid_292.stdout.log,/mnt/d/邵鹏远/UCL/博1/code/audition_pipeline/ablation_study/baseline/results/HARK_n_sep+pf_IPD/official_hark_logs/hark_fileid_292.stderr.log,3
293,/mnt/d/邵鹏远/UCL/博1/code/audition_pipeline/data/dataset_4mic_3spk/Eval/mic/mic_fileid_293_doa94_3spk.wav,"181,251,339",/mnt/d/邵鹏远/UCL/博1/code/audition_pipeline/ablation_study/baseline/results/HARK_n_sep+pf_IPD/official_hark_outputs/fileid_293,/mnt/d/邵鹏远/UCL/博1/code/audition_pipeline/ablation_study/baseline/results/HARK_n_sep+pf_IPD/official_hark_outputs/fileid_293/hark_raw_fileid_293,batchflow '/mnt/d/邵鹏远/UCL/博1/code/audition_pipeline/ablation_study/baseline/results/HARK_n_sep+pf_IPD/official_hark_outputs/fileid_293/runtime_fileid_293.n' '/mnt/d/邵鹏远/UCL/博1/code/audition_pipeline/data/dataset_4mic_3spk/Eval/mic/mic_fileid_293_doa94_3spk.wav' '/mnt/d/邵鹏远/UCL/博1/code/audition_pipeline/ablation_study/baseline/results/HARK_n_sep+pf_IPD/official_hark_outputs/fileid_293/hark_raw_fileid_293',0,4.202605722999579,/mnt/d/邵鹏远/UCL/博1/code/audition_pipeline/ablation_study/baseline/results/HARK_n_sep+pf_IPD/official_hark_logs/hark_fileid_293.stdout.log,/mnt/d/邵鹏远/UCL/博1/code/audition_pipeline/ablation_study/baseline/results/HARK_n_sep+pf_IPD/official_hark_logs/hark_fileid_293.stderr.log,3
294,/mnt/d/邵鹏远/UCL/博1/code/audition_pipeline/data/dataset_4mic_3spk/Eval/mic/mic_fileid_294_doa175_3spk.wav,"170,296,336",/mnt/d/邵鹏远/UCL/博1/code/audition_pipeline/ablation_study/baseline/results/HARK_n_sep+pf_IPD/official_hark_outputs/fileid_294,/mnt/d/邵鹏远/UCL/博1/code/audition_pipeline/ablation_study/baseline/results/HARK_n_sep+pf_IPD/official_hark_outputs/fileid_294/hark_raw_fileid_294,batchflow '/mnt/d/邵鹏远/UCL/博1/code/audition_pipeline/ablation_study/baseline/results/HARK_n_sep+pf_IPD/official_hark_outputs/fileid_294/runtime_fileid_294.n' '/mnt/d/邵鹏远/UCL/博1/code/audition_pipeline/data/dataset_4mic_3spk/Eval/mic/mic_fileid_294_doa175_3spk.wav' '/mnt/d/邵鹏远/UCL/博1/code/audition_pipeline/ablation_study/baseline/results/HARK_n_sep+pf_IPD/official_hark_outputs/fileid_294/hark_raw_fileid_294',0,4.5305243660004635,/mnt/d/邵鹏远/UCL/博1/code/audition_pipeline/ablation_study/baseline/results/HARK_n_sep+pf_IPD/official_hark_logs/hark_fileid_294.stdout.log,/mnt/d/邵鹏远/UCL/博1/code/audition_pipeline/ablation_study/baseline/results/HARK_n_sep+pf_IPD/official_hark_logs/hark_fileid_294.stderr.log,3
295,/mnt/d/邵鹏远/UCL/博1/code/audition_pipeline/data/dataset_4mic_3spk/Eval/mic/mic_fileid_295_doa80_3spk.wav,"81,249,289",/mnt/d/邵鹏远/UCL/博1/code/audition_pipeline/ablation_study/baseline/results/HARK_n_sep+pf_IPD/official_hark_outputs/fileid_295,/mnt/d/邵鹏远/UCL/博1/code/audition_pipeline/ablation_study/baseline/results/HARK_n_sep+pf_IPD/official_hark_outputs/fileid_295/hark_raw_fileid_295,batchflow '/mnt/d/邵鹏远/UCL/博1/code/audition_pipeline/ablation_study/baseline/results/HARK_n_sep+pf_IPD/official_hark_outputs/fileid_295/runtime_fileid_295.n' '/mnt/d/邵鹏远/UCL/博1/code/audition_pipeline/data/dataset_4mic_3spk/Eval/mic/mic_fileid_295_doa80_3spk.wav' '/mnt/d/邵鹏远/UCL/博1/code/audition_pipeline/ablation_study/baseline/results/HARK_n_sep+pf_IPD/official_hark_outputs/fileid_295/hark_raw_fileid_295',0,4.45365295099964,/mnt/d/邵鹏远/UCL/博1/code/audition_pipeline/ablation_study/baseline/results/HARK_n_sep+pf_IPD/official_hark_logs/hark_fileid_295.stdout.log,/mnt/d/邵鹏远/UCL/博1/code/audition_pipeline/ablation_study/baseline/results/HARK_n_sep+pf_IPD/official_hark_logs/hark_fileid_295.stderr.log,3
296,/mnt/d/邵鹏远/UCL/博1/code/audition_pipeline/data/dataset_4mic_3spk/Eval/mic/mic_fileid_296_doa65_3spk.wav,"202,244,327",/mnt/d/邵鹏远/UCL/博1/code/audition_pipeline/ablation_study/baseline/results/HARK_n_sep+pf_IPD/official_hark_outputs/fileid_296,/mnt/d/邵鹏远/UCL/博1/code/audition_pipeline/ablation_study/baseline/results/HARK_n_sep+pf_IPD/official_hark_outputs/fileid_296/hark_raw_fileid_296,batchflow '/mnt/d/邵鹏远/UCL/博1/code/audition_pipeline/ablation_study/baseline/results/HARK_n_sep+pf_IPD/official_hark_outputs/fileid_296/runtime_fileid_296.n' '/mnt/d/邵鹏远/UCL/博1/code/audition_pipeline/data/dataset_4mic_3spk/Eval/mic/mic_fileid_296_doa65_3spk.wav' '/mnt/d/邵鹏远/UCL/博1/code/audition_pipeline/ablation_study/baseline/results/HARK_n_sep+pf_IPD/official_hark_outputs/fileid_296/hark_raw_fileid_296',0,4.223014720999345,/mnt/d/邵鹏远/UCL/博1/code/audition_pipeline/ablation_study/baseline/results/HARK_n_sep+pf_IPD/official_hark_logs/hark_fileid_296.stdout.log,/mnt/d/邵鹏远/UCL/博1/code/audition_pipeline/ablation_study/baseline/results/HARK_n_sep+pf_IPD/official_hark_logs/hark_fileid_296.stderr.log,3
297,/mnt/d/邵鹏远/UCL/博1/code/audition_pipeline/data/dataset_4mic_3spk/Eval/mic/mic_fileid_297_doa40_3spk.wav,"44,168,359",/mnt/d/邵鹏远/UCL/博1/code/audition_pipeline/ablation_study/baseline/results/HARK_n_sep+pf_IPD/official_hark_outputs/fileid_297,/mnt/d/邵鹏远/UCL/博1/code/audition_pipeline/ablation_study/baseline/results/HARK_n_sep+pf_IPD/official_hark_outputs/fileid_297/hark_raw_fileid_297,batchflow '/mnt/d/邵鹏远/UCL/博1/code/audition_pipeline/ablation_study/baseline/results/HARK_n_sep+pf_IPD/official_hark_outputs/fileid_297/runtime_fileid_297.n' '/mnt/d/邵鹏远/UCL/博1/code/audition_pipeline/data/dataset_4mic_3spk/Eval/mic/mic_fileid_297_doa40_3spk.wav' '/mnt/d/邵鹏远/UCL/博1/code/audition_pipeline/ablation_study/baseline/results/HARK_n_sep+pf_IPD/official_hark_outputs/fileid_297/hark_raw_fileid_297',0,4.459404698999606,/mnt/d/邵鹏远/UCL/博1/code/audition_pipeline/ablation_study/baseline/results/HARK_n_sep+pf_IPD/official_hark_logs/hark_fileid_297.stdout.log,/mnt/d/邵鹏远/UCL/博1/code/audition_pipeline/ablation_study/baseline/results/HARK_n_sep+pf_IPD/official_hark_logs/hark_fileid_297.stderr.log,3
298,/mnt/d/邵鹏远/UCL/博1/code/audition_pipeline/data/dataset_4mic_3spk/Eval/mic/mic_fileid_298_doa53_3spk.wav,"44,114,172",/mnt/d/邵鹏远/UCL/博1/code/audition_pipeline/ablation_study/baseline/results/HARK_n_sep+pf_IPD/official_hark_outputs/fileid_298,/mnt/d/邵鹏远/UCL/博1/code/audition_pipeline/ablation_study/baseline/results/HARK_n_sep+pf_IPD/official_hark_outputs/fileid_298/hark_raw_fileid_298,batchflow '/mnt/d/邵鹏远/UCL/博1/code/audition_pipeline/ablation_study/baseline/results/HARK_n_sep+pf_IPD/official_hark_outputs/fileid_298/runtime_fileid_298.n' '/mnt/d/邵鹏远/UCL/博1/code/audition_pipeline/data/dataset_4mic_3spk/Eval/mic/mic_fileid_298_doa53_3spk.wav' '/mnt/d/邵鹏远/UCL/博1/code/audition_pipeline/ablation_study/baseline/results/HARK_n_sep+pf_IPD/official_hark_outputs/fileid_298/hark_raw_fileid_298',0,4.236714988999665,/mnt/d/邵鹏远/UCL/博1/code/audition_pipeline/ablation_study/baseline/results/HARK_n_sep+pf_IPD/official_hark_logs/hark_fileid_298.stdout.log,/mnt/d/邵鹏远/UCL/博1/code/audition_pipeline/ablation_study/baseline/results/HARK_n_sep+pf_IPD/official_hark_logs/hark_fileid_298.stderr.log,3
299,/mnt/d/邵鹏远/UCL/博1/code/audition_pipeline/data/dataset_4mic_3spk/Eval/mic/mic_fileid_299_doa50_3spk.wav,"52,134,240",/mnt/d/邵鹏远/UCL/博1/code/audition_pipeline/ablation_study/baseline/results/HARK_n_sep+pf_IPD/official_hark_outputs/fileid_299,/mnt/d/邵鹏远/UCL/博1/code/audition_pipeline/ablation_study/baseline/results/HARK_n_sep+pf_IPD/official_hark_outputs/fileid_299/hark_raw_fileid_299,batchflow '/mnt/d/邵鹏远/UCL/博1/code/audition_pipeline/ablation_study/baseline/results/HARK_n_sep+pf_IPD/official_hark_outputs/fileid_299/runtime_fileid_299.n' '/mnt/d/邵鹏远/UCL/博1/code/audition_pipeline/data/dataset_4mic_3spk/Eval/mic/mic_fileid_299_doa50_3spk.wav' '/mnt/d/邵鹏远/UCL/博1/code/audition_pipeline/ablation_study/baseline/results/HARK_n_sep+pf_IPD/official_hark_outputs/fileid_299/hark_raw_fileid_299',0,4.384335433999695,/mnt/d/邵鹏远/UCL/博1/code/audition_pipeline/ablation_study/baseline/results/HARK_n_sep+pf_IPD/official_hark_logs/hark_fileid_299.stdout.log,/mnt/d/邵鹏远/UCL/博1/code/audition_pipeline/ablation_study/baseline/results/HARK_n_sep+pf_IPD/official_hark_logs/hark_fileid_299.stderr.log,3
300,/mnt/d/邵鹏远/UCL/博1/code/audition_pipeline/data/dataset_4mic_3spk/Eval/mic/mic_fileid_300_doa68_3spk.wav,"64,229,284",/mnt/d/邵鹏远/UCL/博1/code/audition_pipeline/ablation_study/baseline/results/HARK_n_sep+pf_IPD/official_hark_outputs/fileid_300,/mnt/d/邵鹏远/UCL/博1/code/audition_pipeline/ablation_study/baseline/results/HARK_n_sep+pf_IPD/official_hark_outputs/fileid_300/hark_raw_fileid_300,batchflow '/mnt/d/邵鹏远/UCL/博1/code/audition_pipeline/ablation_study/baseline/results/HARK_n_sep+pf_IPD/official_hark_outputs/fileid_300/runtime_fileid_300.n' '/mnt/d/邵鹏远/UCL/博1/code/audition_pipeline/data/dataset_4mic_3spk/Eval/mic/mic_fileid_300_doa68_3spk.wav' '/mnt/d/邵鹏远/UCL/博1/code/audition_pipeline/ablation_study/baseline/results/HARK_n_sep+pf_IPD/official_hark_outputs/fileid_300/hark_raw_fileid_300',0,4.386698772000273,/mnt/d/邵鹏远/UCL/博1/code/audition_pipeline/ablation_study/baseline/results/HARK_n_sep+pf_IPD/official_hark_logs/hark_fileid_300.stdout.log,/mnt/d/邵鹏远/UCL/博1/code/audition_pipeline/ablation_study/baseline/results/HARK_n_sep+pf_IPD/official_hark_logs/hark_fileid_300.stderr.log,3
301,/mnt/d/邵鹏远/UCL/博1/code/audition_pipeline/data/dataset_4mic_3spk/Eval/mic/mic_fileid_301_doa9_3spk.wav,"26,223,268",/mnt/d/邵鹏远/UCL/博1/code/audition_pipeline/ablation_study/baseline/results/HARK_n_sep+pf_IPD/official_hark_outputs/fileid_301,/mnt/d/邵鹏远/UCL/博1/code/audition_pipeline/ablation_study/baseline/results/HARK_n_sep+pf_IPD/official_hark_outputs/fileid_301/hark_raw_fileid_301,batchflow '/mnt/d/邵鹏远/UCL/博1/code/audition_pipeline/ablation_study/baseline/results/HARK_n_sep+pf_IPD/official_hark_outputs/fileid_301/runtime_fileid_301.n' '/mnt/d/邵鹏远/UCL/博1/code/audition_pipeline/data/dataset_4mic_3spk/Eval/mic/mic_fileid_301_doa9_3spk.wav' '/mnt/d/邵鹏远/UCL/博1/code/audition_pipeline/ablation_study/baseline/results/HARK_n_sep+pf_IPD/official_hark_outputs/fileid_301/hark_raw_fileid_301',0,4.2752406889994745,/mnt/d/邵鹏远/UCL/博1/code/audition_pipeline/ablation_study/baseline/results/HARK_n_sep+pf_IPD/official_hark_logs/hark_fileid_301.stdout.log,/mnt/d/邵鹏远/UCL/博1/code/audition_pipeline/ablation_study/baseline/results/HARK_n_sep+pf_IPD/official_hark_logs/hark_fileid_301.stderr.log,3
302,/mnt/d/邵鹏远/UCL/博1/code/audition_pipeline/data/dataset_4mic_3spk/Eval/mic/mic_fileid_302_doa36_3spk.wav,"36,277,343",/mnt/d/邵鹏远/UCL/博1/code/audition_pipeline/ablation_study/baseline/results/HARK_n_sep+pf_IPD/official_hark_outputs/fileid_302,/mnt/d/邵鹏远/UCL/博1/code/audition_pipeline/ablation_study/baseline/results/HARK_n_sep+pf_IPD/official_hark_outputs/fileid_302/hark_raw_fileid_302,batchflow '/mnt/d/邵鹏远/UCL/博1/code/audition_pipeline/ablation_study/baseline/results/HARK_n_sep+pf_IPD/official_hark_outputs/fileid_302/runtime_fileid_302.n' '/mnt/d/邵鹏远/UCL/博1/code/audition_pipeline/data/dataset_4mic_3spk/Eval/mic/mic_fileid_302_doa36_3spk.wav' '/mnt/d/邵鹏远/UCL/博1/code/audition_pipeline/ablation_study/baseline/results/HARK_n_sep+pf_IPD/official_hark_outputs/fileid_302/hark_raw_fileid_302',0,4.227022527000372,/mnt/d/邵鹏远/UCL/博1/code/audition_pipeline/ablation_study/baseline/results/HARK_n_sep+pf_IPD/official_hark_logs/hark_fileid_302.stdout.log,/mnt/d/邵鹏远/UCL/博1/code/audition_pipeline/ablation_study/baseline/results/HARK_n_sep+pf_IPD/official_hark_logs/hark_fileid_302.stderr.log,3
303,/mnt/d/邵鹏远/UCL/博1/code/audition_pipeline/data/dataset_4mic_3spk/Eval/mic/mic_fileid_303_doa40_3spk.wav,"42,105,155",/mnt/d/邵鹏远/UCL/博1/code/audition_pipeline/ablation_study/baseline/results/HARK_n_sep+pf_IPD/official_hark_outputs/fileid_303,/mnt/d/邵鹏远/UCL/博1/code/audition_pipeline/ablation_study/baseline/results/HARK_n_sep+pf_IPD/official_hark_outputs/fileid_303/hark_raw_fileid_303,batchflow '/mnt/d/邵鹏远/UCL/博1/code/audition_pipeline/ablation_study/baseline/results/HARK_n_sep+pf_IPD/official_hark_outputs/fileid_303/runtime_fileid_303.n' '/mnt/d/邵鹏远/UCL/博1/code/audition_pipeline/data/dataset_4mic_3spk/Eval/mic/mic_fileid_303_doa40_3spk.wav' '/mnt/d/邵鹏远/UCL/博1/code/audition_pipeline/ablation_study/baseline/results/HARK_n_sep+pf_IPD/official_hark_outputs/fileid_303/hark_raw_fileid_303',0,4.450114612999641,/mnt/d/邵鹏远/UCL/博1/code/audition_pipeline/ablation_study/baseline/results/HARK_n_sep+pf_IPD/official_hark_logs/hark_fileid_303.stdout.log,/mnt/d/邵鹏远/UCL/博1/code/audition_pipeline/ablation_study/baseline/results/HARK_n_sep+pf_IPD/official_hark_logs/hark_fileid_303.stderr.log,3
304,/mnt/d/邵鹏远/UCL/博1/code/audition_pipeline/data/dataset_4mic_3spk/Eval/mic/mic_fileid_304_doa128_3spk.wav,"128,316,343",/mnt/d/邵鹏远/UCL/博1/code/audition_pipeline/ablation_study/baseline/results/HARK_n_sep+pf_IPD/official_hark_outputs/fileid_304,/mnt/d/邵鹏远/UCL/博1/code/audition_pipeline/ablation_study/baseline/results/HARK_n_sep+pf_IPD/official_hark_outputs/fileid_304/hark_raw_fileid_304,batchflow '/mnt/d/邵鹏远/UCL/博1/code/audition_pipeline/ablation_study/baseline/results/HARK_n_sep+pf_IPD/official_hark_outputs/fileid_304/runtime_fileid_304.n' '/mnt/d/邵鹏远/UCL/博1/code/audition_pipeline/data/dataset_4mic_3spk/Eval/mic/mic_fileid_304_doa128_3spk.wav' '/mnt/d/邵鹏远/UCL/博1/code/audition_pipeline/ablation_study/baseline/results/HARK_n_sep+pf_IPD/official_hark_outputs/fileid_304/hark_raw_fileid_304',0,4.039410516999851,/mnt/d/邵鹏远/UCL/博1/code/audition_pipeline/ablation_study/baseline/results/HARK_n_sep+pf_IPD/official_hark_logs/hark_fileid_304.stdout.log,/mnt/d/邵鹏远/UCL/博1/code/audition_pipeline/ablation_study/baseline/results/HARK_n_sep+pf_IPD/official_hark_logs/hark_fileid_304.stderr.log,3
305,/mnt/d/邵鹏远/UCL/博1/code/audition_pipeline/data/dataset_4mic_3spk/Eval/mic/mic_fileid_305_doa32_3spk.wav,"22,200,276",/mnt/d/邵鹏远/UCL/博1/code/audition_pipeline/ablation_study/baseline/results/HARK_n_sep+pf_IPD/official_hark_outputs/fileid_305,/mnt/d/邵鹏远/UCL/博1/code/audition_pipeline/ablation_study/baseline/results/HARK_n_sep+pf_IPD/official_hark_outputs/fileid_305/hark_raw_fileid_305,batchflow '/mnt/d/邵鹏远/UCL/博1/code/audition_pipeline/ablation_study/baseline/results/HARK_n_sep+pf_IPD/official_hark_outputs/fileid_305/runtime_fileid_305.n' '/mnt/d/邵鹏远/UCL/博1/code/audition_pipeline/data/dataset_4mic_3spk/Eval/mic/mic_fileid_305_doa32_3spk.wav' '/mnt/d/邵鹏远/UCL/博1/code/audition_pipeline/ablation_study/baseline/results/HARK_n_sep+pf_IPD/official_hark_outputs/fileid_305/hark_raw_fileid_305',0,4.220115075000649,/mnt/d/邵鹏远/UCL/博1/code/audition_pipeline/ablation_study/baseline/results/HARK_n_sep+pf_IPD/official_hark_logs/hark_fileid_305.stdout.log,/mnt/d/邵鹏远/UCL/博1/code/audition_pipeline/ablation_study/baseline/results/HARK_n_sep+pf_IPD/official_hark_logs/hark_fileid_305.stderr.log,3
306,/mnt/d/邵鹏远/UCL/博1/code/audition_pipeline/data/dataset_4mic_3spk/Eval/mic/mic_fileid_306_doa57_3spk.wav,"57,87,113",/mnt/d/邵鹏远/UCL/博1/code/audition_pipeline/ablation_study/baseline/results/HARK_n_sep+pf_IPD/official_hark_outputs/fileid_306,/mnt/d/邵鹏远/UCL/博1/code/audition_pipeline/ablation_study/baseline/results/HARK_n_sep+pf_IPD/official_hark_outputs/fileid_306/hark_raw_fileid_306,batchflow '/mnt/d/邵鹏远/UCL/博1/code/audition_pipeline/ablation_study/baseline/results/HARK_n_sep+pf_IPD/official_hark_outputs/fileid_306/runtime_fileid_306.n' '/mnt/d/邵鹏远/UCL/博1/code/audition_pipeline/data/dataset_4mic_3spk/Eval/mic/mic_fileid_306_doa57_3spk.wav' '/mnt/d/邵鹏远/UCL/博1/code/audition_pipeline/ablation_study/baseline/results/HARK_n_sep+pf_IPD/official_hark_outputs/fileid_306/hark_raw_fileid_306',0,4.703779206000036,/mnt/d/邵鹏远/UCL/博1/code/audition_pipeline/ablation_study/baseline/results/HARK_n_sep+pf_IPD/official_hark_logs/hark_fileid_306.stdout.log,/mnt/d/邵鹏远/UCL/博1/code/audition_pipeline/ablation_study/baseline/results/HARK_n_sep+pf_IPD/official_hark_logs/hark_fileid_306.stderr.log,3
307,/mnt/d/邵鹏远/UCL/博1/code/audition_pipeline/data/dataset_4mic_3spk/Eval/mic/mic_fileid_307_doa86_3spk.wav,"84,268,354",/mnt/d/邵鹏远/UCL/博1/code/audition_pipeline/ablation_study/baseline/results/HARK_n_sep+pf_IPD/official_hark_outputs/fileid_307,/mnt/d/邵鹏远/UCL/博1/code/audition_pipeline/ablation_study/baseline/results/HARK_n_sep+pf_IPD/official_hark_outputs/fileid_307/hark_raw_fileid_307,batchflow '/mnt/d/邵鹏远/UCL/博1/code/audition_pipeline/ablation_study/baseline/results/HARK_n_sep+pf_IPD/official_hark_outputs/fileid_307/runtime_fileid_307.n' '/mnt/d/邵鹏远/UCL/博1/code/audition_pipeline/data/dataset_4mic_3spk/Eval/mic/mic_fileid_307_doa86_3spk.wav' '/mnt/d/邵鹏远/UCL/博1/code/audition_pipeline/ablation_study/baseline/results/HARK_n_sep+pf_IPD/official_hark_outputs/fileid_307/hark_raw_fileid_307',0,4.62432742800047,/mnt/d/邵鹏远/UCL/博1/code/audition_pipeline/ablation_study/baseline/results/HARK_n_sep+pf_IPD/official_hark_logs/hark_fileid_307.stdout.log,/mnt/d/邵鹏远/UCL/博1/code/audition_pipeline/ablation_study/baseline/results/HARK_n_sep+pf_IPD/official_hark_logs/hark_fileid_307.stderr.log,3
308,/mnt/d/邵鹏远/UCL/博1/code/audition_pipeline/data/dataset_4mic_3spk/Eval/mic/mic_fileid_308_doa107_3spk.wav,"6,103,158",/mnt/d/邵鹏远/UCL/博1/code/audition_pipeline/ablation_study/baseline/results/HARK_n_sep+pf_IPD/official_hark_outputs/fileid_308,/mnt/d/邵鹏远/UCL/博1/code/audition_pipeline/ablation_study/baseline/results/HARK_n_sep+pf_IPD/official_hark_outputs/fileid_308/hark_raw_fileid_308,batchflow '/mnt/d/邵鹏远/UCL/博1/code/audition_pipeline/ablation_study/baseline/results/HARK_n_sep+pf_IPD/official_hark_outputs/fileid_308/runtime_fileid_308.n' '/mnt/d/邵鹏远/UCL/博1/code/audition_pipeline/data/dataset_4mic_3spk/Eval/mic/mic_fileid_308_doa107_3spk.wav' '/mnt/d/邵鹏远/UCL/博1/code/audition_pipeline/ablation_study/baseline/results/HARK_n_sep+pf_IPD/official_hark_outputs/fileid_308/hark_raw_fileid_308',0,4.252206310000474,/mnt/d/邵鹏远/UCL/博1/code/audition_pipeline/ablation_study/baseline/results/HARK_n_sep+pf_IPD/official_hark_logs/hark_fileid_308.stdout.log,/mnt/d/邵鹏远/UCL/博1/code/audition_pipeline/ablation_study/baseline/results/HARK_n_sep+pf_IPD/official_hark_logs/hark_fileid_308.stderr.log,3
309,/mnt/d/邵鹏远/UCL/博1/code/audition_pipeline/data/dataset_4mic_3spk/Eval/mic/mic_fileid_309_doa45_3spk.wav,"38,100,203",/mnt/d/邵鹏远/UCL/博1/code/audition_pipeline/ablation_study/baseline/results/HARK_n_sep+pf_IPD/official_hark_outputs/fileid_309,/mnt/d/邵鹏远/UCL/博1/code/audition_pipeline/ablation_study/baseline/results/HARK_n_sep+pf_IPD/official_hark_outputs/fileid_309/hark_raw_fileid_309,batchflow '/mnt/d/邵鹏远/UCL/博1/code/audition_pipeline/ablation_study/baseline/results/HARK_n_sep+pf_IPD/official_hark_outputs/fileid_309/runtime_fileid_309.n' '/mnt/d/邵鹏远/UCL/博1/code/audition_pipeline/data/dataset_4mic_3spk/Eval/mic/mic_fileid_309_doa45_3spk.wav' '/mnt/d/邵鹏远/UCL/博1/code/audition_pipeline/ablation_study/baseline/results/HARK_n_sep+pf_IPD/official_hark_outputs/fileid_309/hark_raw_fileid_309',0,4.357987922000575,/mnt/d/邵鹏远/UCL/博1/code/audition_pipeline/ablation_study/baseline/results/HARK_n_sep+pf_IPD/official_hark_logs/hark_fileid_309.stdout.log,/mnt/d/邵鹏远/UCL/博1/code/audition_pipeline/ablation_study/baseline/results/HARK_n_sep+pf_IPD/official_hark_logs/hark_fileid_309.stderr.log,3
310,/mnt/d/邵鹏远/UCL/博1/code/audition_pipeline/data/dataset_4mic_3spk/Eval/mic/mic_fileid_310_doa57_3spk.wav,"40,150,224",/mnt/d/邵鹏远/UCL/博1/code/audition_pipeline/ablation_study/baseline/results/HARK_n_sep+pf_IPD/official_hark_outputs/fileid_310,/mnt/d/邵鹏远/UCL/博1/code/audition_pipeline/ablation_study/baseline/results/HARK_n_sep+pf_IPD/official_hark_outputs/fileid_310/hark_raw_fileid_310,batchflow '/mnt/d/邵鹏远/UCL/博1/code/audition_pipeline/ablation_study/baseline/results/HARK_n_sep+pf_IPD/official_hark_outputs/fileid_310/runtime_fileid_310.n' '/mnt/d/邵鹏远/UCL/博1/code/audition_pipeline/data/dataset_4mic_3spk/Eval/mic/mic_fileid_310_doa57_3spk.wav' '/mnt/d/邵鹏远/UCL/博1/code/audition_pipeline/ablation_study/baseline/results/HARK_n_sep+pf_IPD/official_hark_outputs/fileid_310/hark_raw_fileid_310',0,4.640476708999813,/mnt/d/邵鹏远/UCL/博1/code/audition_pipeline/ablation_study/baseline/results/HARK_n_sep+pf_IPD/official_hark_logs/hark_fileid_310.stdout.log,/mnt/d/邵鹏远/UCL/博1/code/audition_pipeline/ablation_study/baseline/results/HARK_n_sep+pf_IPD/official_hark_logs/hark_fileid_310.stderr.log,3
311,/mnt/d/邵鹏远/UCL/博1/code/audition_pipeline/data/dataset_4mic_3spk/Eval/mic/mic_fileid_311_doa16_3spk.wav,"15,84,274",/mnt/d/邵鹏远/UCL/博1/code/audition_pipeline/ablation_study/baseline/results/HARK_n_sep+pf_IPD/official_hark_outputs/fileid_311,/mnt/d/邵鹏远/UCL/博1/code/audition_pipeline/ablation_study/baseline/results/HARK_n_sep+pf_IPD/official_hark_outputs/fileid_311/hark_raw_fileid_311,batchflow '/mnt/d/邵鹏远/UCL/博1/code/audition_pipeline/ablation_study/baseline/results/HARK_n_sep+pf_IPD/official_hark_outputs/fileid_311/runtime_fileid_311.n' '/mnt/d/邵鹏远/UCL/博1/code/audition_pipeline/data/dataset_4mic_3spk/Eval/mic/mic_fileid_311_doa16_3spk.wav' '/mnt/d/邵鹏远/UCL/博1/code/audition_pipeline/ablation_study/baseline/results/HARK_n_sep+pf_IPD/official_hark_outputs/fileid_311/hark_raw_fileid_311',0,4.272844961000374,/mnt/d/邵鹏远/UCL/博1/code/audition_pipeline/ablation_study/baseline/results/HARK_n_sep+pf_IPD/official_hark_logs/hark_fileid_311.stdout.log,/mnt/d/邵鹏远/UCL/博1/code/audition_pipeline/ablation_study/baseline/results/HARK_n_sep+pf_IPD/official_hark_logs/hark_fileid_311.stderr.log,3
312,/mnt/d/邵鹏远/UCL/博1/code/audition_pipeline/data/dataset_4mic_3spk/Eval/mic/mic_fileid_312_doa88_3spk.wav,"95,183,235",/mnt/d/邵鹏远/UCL/博1/code/audition_pipeline/ablation_study/baseline/results/HARK_n_sep+pf_IPD/official_hark_outputs/fileid_312,/mnt/d/邵鹏远/UCL/博1/code/audition_pipeline/ablation_study/baseline/results/HARK_n_sep+pf_IPD/official_hark_outputs/fileid_312/hark_raw_fileid_312,batchflow '/mnt/d/邵鹏远/UCL/博1/code/audition_pipeline/ablation_study/baseline/results/HARK_n_sep+pf_IPD/official_hark_outputs/fileid_312/runtime_fileid_312.n' '/mnt/d/邵鹏远/UCL/博1/code/audition_pipeline/data/dataset_4mic_3spk/Eval/mic/mic_fileid_312_doa88_3spk.wav' '/mnt/d/邵鹏远/UCL/博1/code/audition_pipeline/ablation_study/baseline/results/HARK_n_sep+pf_IPD/official_hark_outputs/fileid_312/hark_raw_fileid_312',0,3.9011518990000695,/mnt/d/邵鹏远/UCL/博1/code/audition_pipeline/ablation_study/baseline/results/HARK_n_sep+pf_IPD/official_hark_logs/hark_fileid_312.stdout.log,/mnt/d/邵鹏远/UCL/博1/code/audition_pipeline/ablation_study/baseline/results/HARK_n_sep+pf_IPD/official_hark_logs/hark_fileid_312.stderr.log,3
313,/mnt/d/邵鹏远/UCL/博1/code/audition_pipeline/data/dataset_4mic_3spk/Eval/mic/mic_fileid_313_doa50_3spk.wav,"51,114,297",/mnt/d/邵鹏远/UCL/博1/code/audition_pipeline/ablation_study/baseline/results/HARK_n_sep+pf_IPD/official_hark_outputs/fileid_313,/mnt/d/邵鹏远/UCL/博1/code/audition_pipeline/ablation_study/baseline/results/HARK_n_sep+pf_IPD/official_hark_outputs/fileid_313/hark_raw_fileid_313,batchflow '/mnt/d/邵鹏远/UCL/博1/code/audition_pipeline/ablation_study/baseline/results/HARK_n_sep+pf_IPD/official_hark_outputs/fileid_313/runtime_fileid_313.n' '/mnt/d/邵鹏远/UCL/博1/code/audition_pipeline/data/dataset_4mic_3spk/Eval/mic/mic_fileid_313_doa50_3spk.wav' '/mnt/d/邵鹏远/UCL/博1/code/audition_pipeline/ablation_study/baseline/results/HARK_n_sep+pf_IPD/official_hark_outputs/fileid_313/hark_raw_fileid_313',0,4.681170449000092,/mnt/d/邵鹏远/UCL/博1/code/audition_pipeline/ablation_study/baseline/results/HARK_n_sep+pf_IPD/official_hark_logs/hark_fileid_313.stdout.log,/mnt/d/邵鹏远/UCL/博1/code/audition_pipeline/ablation_study/baseline/results/HARK_n_sep+pf_IPD/official_hark_logs/hark_fileid_313.stderr.log,3
314,/mnt/d/邵鹏远/UCL/博1/code/audition_pipeline/data/dataset_4mic_3spk/Eval/mic/mic_fileid_314_doa25_3spk.wav,"24,201,289",/mnt/d/邵鹏远/UCL/博1/code/audition_pipeline/ablation_study/baseline/results/HARK_n_sep+pf_IPD/official_hark_outputs/fileid_314,/mnt/d/邵鹏远/UCL/博1/code/audition_pipeline/ablation_study/baseline/results/HARK_n_sep+pf_IPD/official_hark_outputs/fileid_314/hark_raw_fileid_314,batchflow '/mnt/d/邵鹏远/UCL/博1/code/audition_pipeline/ablation_study/baseline/results/HARK_n_sep+pf_IPD/official_hark_outputs/fileid_314/runtime_fileid_314.n' '/mnt/d/邵鹏远/UCL/博1/code/audition_pipeline/data/dataset_4mic_3spk/Eval/mic/mic_fileid_314_doa25_3spk.wav' '/mnt/d/邵鹏远/UCL/博1/code/audition_pipeline/ablation_study/baseline/results/HARK_n_sep+pf_IPD/official_hark_outputs/fileid_314/hark_raw_fileid_314',0,4.165692067000236,/mnt/d/邵鹏远/UCL/博1/code/audition_pipeline/ablation_study/baseline/results/HARK_n_sep+pf_IPD/official_hark_logs/hark_fileid_314.stdout.log,/mnt/d/邵鹏远/UCL/博1/code/audition_pipeline/ablation_study/baseline/results/HARK_n_sep+pf_IPD/official_hark_logs/hark_fileid_314.stderr.log,3
315,/mnt/d/邵鹏远/UCL/博1/code/audition_pipeline/data/dataset_4mic_3spk/Eval/mic/mic_fileid_315_doa207_3spk.wav,"205,292,345",/mnt/d/邵鹏远/UCL/博1/code/audition_pipeline/ablation_study/baseline/results/HARK_n_sep+pf_IPD/official_hark_outputs/fileid_315,/mnt/d/邵鹏远/UCL/博1/code/audition_pipeline/ablation_study/baseline/results/HARK_n_sep+pf_IPD/official_hark_outputs/fileid_315/hark_raw_fileid_315,batchflow '/mnt/d/邵鹏远/UCL/博1/code/audition_pipeline/ablation_study/baseline/results/HARK_n_sep+pf_IPD/official_hark_outputs/fileid_315/runtime_fileid_315.n' '/mnt/d/邵鹏远/UCL/博1/code/audition_pipeline/data/dataset_4mic_3spk/Eval/mic/mic_fileid_315_doa207_3spk.wav' '/mnt/d/邵鹏远/UCL/博1/code/audition_pipeline/ablation_study/baseline/results/HARK_n_sep+pf_IPD/official_hark_outputs/fileid_315/hark_raw_fileid_315',0,4.413861601999997,/mnt/d/邵鹏远/UCL/博1/code/audition_pipeline/ablation_study/baseline/results/HARK_n_sep+pf_IPD/official_hark_logs/hark_fileid_315.stdout.log,/mnt/d/邵鹏远/UCL/博1/code/audition_pipeline/ablation_study/baseline/results/HARK_n_sep+pf_IPD/official_hark_logs/hark_fileid_315.stderr.log,3
316,/mnt/d/邵鹏远/UCL/博1/code/audition_pipeline/data/dataset_4mic_3spk/Eval/mic/mic_fileid_316_doa105_3spk.wav,"104,147,181",/mnt/d/邵鹏远/UCL/博1/code/audition_pipeline/ablation_study/baseline/results/HARK_n_sep+pf_IPD/official_hark_outputs/fileid_316,/mnt/d/邵鹏远/UCL/博1/code/audition_pipeline/ablation_study/baseline/results/HARK_n_sep+pf_IPD/official_hark_outputs/fileid_316/hark_raw_fileid_316,batchflow '/mnt/d/邵鹏远/UCL/博1/code/audition_pipeline/ablation_study/baseline/results/HARK_n_sep+pf_IPD/official_hark_outputs/fileid_316/runtime_fileid_316.n' '/mnt/d/邵鹏远/UCL/博1/code/audition_pipeline/data/dataset_4mic_3spk/Eval/mic/mic_fileid_316_doa105_3spk.wav' '/mnt/d/邵鹏远/UCL/博1/code/audition_pipeline/ablation_study/baseline/results/HARK_n_sep+pf_IPD/official_hark_outputs/fileid_316/hark_raw_fileid_316',0,4.303319808999731,/mnt/d/邵鹏远/UCL/博1/code/audition_pipeline/ablation_study/baseline/results/HARK_n_sep+pf_IPD/official_hark_logs/hark_fileid_316.stdout.log,/mnt/d/邵鹏远/UCL/博1/code/audition_pipeline/ablation_study/baseline/results/HARK_n_sep+pf_IPD/official_hark_logs/hark_fileid_316.stderr.log,3
317,/mnt/d/邵鹏远/UCL/博1/code/audition_pipeline/data/dataset_4mic_3spk/Eval/mic/mic_fileid_317_doa4_3spk.wav,"5,113,188",/mnt/d/邵鹏远/UCL/博1/code/audition_pipeline/ablation_study/baseline/results/HARK_n_sep+pf_IPD/official_hark_outputs/fileid_317,/mnt/d/邵鹏远/UCL/博1/code/audition_pipeline/ablation_study/baseline/results/HARK_n_sep+pf_IPD/official_hark_outputs/fileid_317/hark_raw_fileid_317,batchflow '/mnt/d/邵鹏远/UCL/博1/code/audition_pipeline/ablation_study/baseline/results/HARK_n_sep+pf_IPD/official_hark_outputs/fileid_317/runtime_fileid_317.n' '/mnt/d/邵鹏远/UCL/博1/code/audition_pipeline/data/dataset_4mic_3spk/Eval/mic/mic_fileid_317_doa4_3spk.wav' '/mnt/d/邵鹏远/UCL/博1/code/audition_pipeline/ablation_study/baseline/results/HARK_n_sep+pf_IPD/official_hark_outputs/fileid_317/hark_raw_fileid_317',0,4.578450160999637,/mnt/d/邵鹏远/UCL/博1/code/audition_pipeline/ablation_study/baseline/results/HARK_n_sep+pf_IPD/official_hark_logs/hark_fileid_317.stdout.log,/mnt/d/邵鹏远/UCL/博1/code/audition_pipeline/ablation_study/baseline/results/HARK_n_sep+pf_IPD/official_hark_logs/hark_fileid_317.stderr.log,3
318,/mnt/d/邵鹏远/UCL/博1/code/audition_pipeline/data/dataset_4mic_3spk/Eval/mic/mic_fileid_318_doa38_3spk.wav,"34,193,321",/mnt/d/邵鹏远/UCL/博1/code/audition_pipeline/ablation_study/baseline/results/HARK_n_sep+pf_IPD/official_hark_outputs/fileid_318,/mnt/d/邵鹏远/UCL/博1/code/audition_pipeline/ablation_study/baseline/results/HARK_n_sep+pf_IPD/official_hark_outputs/fileid_318/hark_raw_fileid_318,batchflow '/mnt/d/邵鹏远/UCL/博1/code/audition_pipeline/ablation_study/baseline/results/HARK_n_sep+pf_IPD/official_hark_outputs/fileid_318/runtime_fileid_318.n' '/mnt/d/邵鹏远/UCL/博1/code/audition_pipeline/data/dataset_4mic_3spk/Eval/mic/mic_fileid_318_doa38_3spk.wav' '/mnt/d/邵鹏远/UCL/博1/code/audition_pipeline/ablation_study/baseline/results/HARK_n_sep+pf_IPD/official_hark_outputs/fileid_318/hark_raw_fileid_318',0,4.592418018999524,/mnt/d/邵鹏远/UCL/博1/code/audition_pipeline/ablation_study/baseline/results/HARK_n_sep+pf_IPD/official_hark_logs/hark_fileid_318.stdout.log,/mnt/d/邵鹏远/UCL/博1/code/audition_pipeline/ablation_study/baseline/results/HARK_n_sep+pf_IPD/official_hark_logs/hark_fileid_318.stderr.log,3
319,/mnt/d/邵鹏远/UCL/博1/code/audition_pipeline/data/dataset_4mic_3spk/Eval/mic/mic_fileid_319_doa41_3spk.wav,"161,205,350",/mnt/d/邵鹏远/UCL/博1/code/audition_pipeline/ablation_study/baseline/results/HARK_n_sep+pf_IPD/official_hark_outputs/fileid_319,/mnt/d/邵鹏远/UCL/博1/code/audition_pipeline/ablation_study/baseline/results/HARK_n_sep+pf_IPD/official_hark_outputs/fileid_319/hark_raw_fileid_319,batchflow '/mnt/d/邵鹏远/UCL/博1/code/audition_pipeline/ablation_study/baseline/results/HARK_n_sep+pf_IPD/official_hark_outputs/fileid_319/runtime_fileid_319.n' '/mnt/d/邵鹏远/UCL/博1/code/audition_pipeline/data/dataset_4mic_3spk/Eval/mic/mic_fileid_319_doa41_3spk.wav' '/mnt/d/邵鹏远/UCL/博1/code/audition_pipeline/ablation_study/baseline/results/HARK_n_sep+pf_IPD/official_hark_outputs/fileid_319/hark_raw_fileid_319',0,4.559221370999694,/mnt/d/邵鹏远/UCL/博1/code/audition_pipeline/ablation_study/baseline/results/HARK_n_sep+pf_IPD/official_hark_logs/hark_fileid_319.stdout.log,/mnt/d/邵鹏远/UCL/博1/code/audition_pipeline/ablation_study/baseline/results/HARK_n_sep+pf_IPD/official_hark_logs/hark_fileid_319.stderr.log,3
320,/mnt/d/邵鹏远/UCL/博1/code/audition_pipeline/data/dataset_4mic_3spk/Eval/mic/mic_fileid_320_doa73_3spk.wav,"75,171,343",/mnt/d/邵鹏远/UCL/博1/code/audition_pipeline/ablation_study/baseline/results/HARK_n_sep+pf_IPD/official_hark_outputs/fileid_320,/mnt/d/邵鹏远/UCL/博1/code/audition_pipeline/ablation_study/baseline/results/HARK_n_sep+pf_IPD/official_hark_outputs/fileid_320/hark_raw_fileid_320,batchflow '/mnt/d/邵鹏远/UCL/博1/code/audition_pipeline/ablation_study/baseline/results/HARK_n_sep+pf_IPD/official_hark_outputs/fileid_320/runtime_fileid_320.n' '/mnt/d/邵鹏远/UCL/博1/code/audition_pipeline/data/dataset_4mic_3spk/Eval/mic/mic_fileid_320_doa73_3spk.wav' '/mnt/d/邵鹏远/UCL/博1/code/audition_pipeline/ablation_study/baseline/results/HARK_n_sep+pf_IPD/official_hark_outputs/fileid_320/hark_raw_fileid_320',0,4.133887844999663,/mnt/d/邵鹏远/UCL/博1/code/audition_pipeline/ablation_study/baseline/results/HARK_n_sep+pf_IPD/official_hark_logs/hark_fileid_320.stdout.log,/mnt/d/邵鹏远/UCL/博1/code/audition_pipeline/ablation_study/baseline/results/HARK_n_sep+pf_IPD/official_hark_logs/hark_fileid_320.stderr.log,3
321,/mnt/d/邵鹏远/UCL/博1/code/audition_pipeline/data/dataset_4mic_3spk/Eval/mic/mic_fileid_321_doa43_3spk.wav,"43,203,292",/mnt/d/邵鹏远/UCL/博1/code/audition_pipeline/ablation_study/baseline/results/HARK_n_sep+pf_IPD/official_hark_outputs/fileid_321,/mnt/d/邵鹏远/UCL/博1/code/audition_pipeline/ablation_study/baseline/results/HARK_n_sep+pf_IPD/official_hark_outputs/fileid_321/hark_raw_fileid_321,batchflow '/mnt/d/邵鹏远/UCL/博1/code/audition_pipeline/ablation_study/baseline/results/HARK_n_sep+pf_IPD/official_hark_outputs/fileid_321/runtime_fileid_321.n' '/mnt/d/邵鹏远/UCL/博1/code/audition_pipeline/data/dataset_4mic_3spk/Eval/mic/mic_fileid_321_doa43_3spk.wav' '/mnt/d/邵鹏远/UCL/博1/code/audition_pipeline/ablation_study/baseline/results/HARK_n_sep+pf_IPD/official_hark_outputs/fileid_321/hark_raw_fileid_321',0,4.761607874999754,/mnt/d/邵鹏远/UCL/博1/code/audition_pipeline/ablation_study/baseline/results/HARK_n_sep+pf_IPD/official_hark_logs/hark_fileid_321.stdout.log,/mnt/d/邵鹏远/UCL/博1/code/audition_pipeline/ablation_study/baseline/results/HARK_n_sep+pf_IPD/official_hark_logs/hark_fileid_321.stderr.log,3
322,/mnt/d/邵鹏远/UCL/博1/code/audition_pipeline/data/dataset_4mic_3spk/Eval/mic/mic_fileid_322_doa9_3spk.wav,"21,196,237",/mnt/d/邵鹏远/UCL/博1/code/audition_pipeline/ablation_study/baseline/results/HARK_n_sep+pf_IPD/official_hark_outputs/fileid_322,/mnt/d/邵鹏远/UCL/博1/code/audition_pipeline/ablation_study/baseline/results/HARK_n_sep+pf_IPD/official_hark_outputs/fileid_322/hark_raw_fileid_322,batchflow '/mnt/d/邵鹏远/UCL/博1/code/audition_pipeline/ablation_study/baseline/results/HARK_n_sep+pf_IPD/official_hark_outputs/fileid_322/runtime_fileid_322.n' '/mnt/d/邵鹏远/UCL/博1/code/audition_pipeline/data/dataset_4mic_3spk/Eval/mic/mic_fileid_322_doa9_3spk.wav' '/mnt/d/邵鹏远/UCL/博1/code/audition_pipeline/ablation_study/baseline/results/HARK_n_sep+pf_IPD/official_hark_outputs/fileid_322/hark_raw_fileid_322',0,4.223046498000258,/mnt/d/邵鹏远/UCL/博1/code/audition_pipeline/ablation_study/baseline/results/HARK_n_sep+pf_IPD/official_hark_logs/hark_fileid_322.stdout.log,/mnt/d/邵鹏远/UCL/博1/code/audition_pipeline/ablation_study/baseline/results/HARK_n_sep+pf_IPD/official_hark_logs/hark_fileid_322.stderr.log,3
323,/mnt/d/邵鹏远/UCL/博1/code/audition_pipeline/data/dataset_4mic_3spk/Eval/mic/mic_fileid_323_doa100_3spk.wav,"100,189,303",/mnt/d/邵鹏远/UCL/博1/code/audition_pipeline/ablation_study/baseline/results/HARK_n_sep+pf_IPD/official_hark_outputs/fileid_323,/mnt/d/邵鹏远/UCL/博1/code/audition_pipeline/ablation_study/baseline/results/HARK_n_sep+pf_IPD/official_hark_outputs/fileid_323/hark_raw_fileid_323,batchflow '/mnt/d/邵鹏远/UCL/博1/code/audition_pipeline/ablation_study/baseline/results/HARK_n_sep+pf_IPD/official_hark_outputs/fileid_323/runtime_fileid_323.n' '/mnt/d/邵鹏远/UCL/博1/code/audition_pipeline/data/dataset_4mic_3spk/Eval/mic/mic_fileid_323_doa100_3spk.wav' '/mnt/d/邵鹏远/UCL/博1/code/audition_pipeline/ablation_study/baseline/results/HARK_n_sep+pf_IPD/official_hark_outputs/fileid_323/hark_raw_fileid_323',0,4.151967070000865,/mnt/d/邵鹏远/UCL/博1/code/audition_pipeline/ablation_study/baseline/results/HARK_n_sep+pf_IPD/official_hark_logs/hark_fileid_323.stdout.log,/mnt/d/邵鹏远/UCL/博1/code/audition_pipeline/ablation_study/baseline/results/HARK_n_sep+pf_IPD/official_hark_logs/hark_fileid_323.stderr.log,3
324,/mnt/d/邵鹏远/UCL/博1/code/audition_pipeline/data/dataset_4mic_3spk/Eval/mic/mic_fileid_324_doa14_3spk.wav,"15,54,278",/mnt/d/邵鹏远/UCL/博1/code/audition_pipeline/ablation_study/baseline/results/HARK_n_sep+pf_IPD/official_hark_outputs/fileid_324,/mnt/d/邵鹏远/UCL/博1/code/audition_pipeline/ablation_study/baseline/results/HARK_n_sep+pf_IPD/official_hark_outputs/fileid_324/hark_raw_fileid_324,batchflow '/mnt/d/邵鹏远/UCL/博1/code/audition_pipeline/ablation_study/baseline/results/HARK_n_sep+pf_IPD/official_hark_outputs/fileid_324/runtime_fileid_324.n' '/mnt/d/邵鹏远/UCL/博1/code/audition_pipeline/data/dataset_4mic_3spk/Eval/mic/mic_fileid_324_doa14_3spk.wav' '/mnt/d/邵鹏远/UCL/博1/code/audition_pipeline/ablation_study/baseline/results/HARK_n_sep+pf_IPD/official_hark_outputs/fileid_324/hark_raw_fileid_324',0,4.045228509000481,/mnt/d/邵鹏远/UCL/博1/code/audition_pipeline/ablation_study/baseline/results/HARK_n_sep+pf_IPD/official_hark_logs/hark_fileid_324.stdout.log,/mnt/d/邵鹏远/UCL/博1/code/audition_pipeline/ablation_study/baseline/results/HARK_n_sep+pf_IPD/official_hark_logs/hark_fileid_324.stderr.log,3
325,/mnt/d/邵鹏远/UCL/博1/code/audition_pipeline/data/dataset_4mic_3spk/Eval/mic/mic_fileid_325_doa27_3spk.wav,"29,308,338",/mnt/d/邵鹏远/UCL/博1/code/audition_pipeline/ablation_study/baseline/results/HARK_n_sep+pf_IPD/official_hark_outputs/fileid_325,/mnt/d/邵鹏远/UCL/博1/code/audition_pipeline/ablation_study/baseline/results/HARK_n_sep+pf_IPD/official_hark_outputs/fileid_325/hark_raw_fileid_325,batchflow '/mnt/d/邵鹏远/UCL/博1/code/audition_pipeline/ablation_study/baseline/results/HARK_n_sep+pf_IPD/official_hark_outputs/fileid_325/runtime_fileid_325.n' '/mnt/d/邵鹏远/UCL/博1/code/audition_pipeline/data/dataset_4mic_3spk/Eval/mic/mic_fileid_325_doa27_3spk.wav' '/mnt/d/邵鹏远/UCL/博1/code/audition_pipeline/ablation_study/baseline/results/HARK_n_sep+pf_IPD/official_hark_outputs/fileid_325/hark_raw_fileid_325',0,4.46337800099991,/mnt/d/邵鹏远/UCL/博1/code/audition_pipeline/ablation_study/baseline/results/HARK_n_sep+pf_IPD/official_hark_logs/hark_fileid_325.stdout.log,/mnt/d/邵鹏远/UCL/博1/code/audition_pipeline/ablation_study/baseline/results/HARK_n_sep+pf_IPD/official_hark_logs/hark_fileid_325.stderr.log,3
326,/mnt/d/邵鹏远/UCL/博1/code/audition_pipeline/data/dataset_4mic_3spk/Eval/mic/mic_fileid_326_doa143_3spk.wav,"142,216,283",/mnt/d/邵鹏远/UCL/博1/code/audition_pipeline/ablation_study/baseline/results/HARK_n_sep+pf_IPD/official_hark_outputs/fileid_326,/mnt/d/邵鹏远/UCL/博1/code/audition_pipeline/ablation_study/baseline/results/HARK_n_sep+pf_IPD/official_hark_outputs/fileid_326/hark_raw_fileid_326,batchflow '/mnt/d/邵鹏远/UCL/博1/code/audition_pipeline/ablation_study/baseline/results/HARK_n_sep+pf_IPD/official_hark_outputs/fileid_326/runtime_fileid_326.n' '/mnt/d/邵鹏远/UCL/博1/code/audition_pipeline/data/dataset_4mic_3spk/Eval/mic/mic_fileid_326_doa143_3spk.wav' '/mnt/d/邵鹏远/UCL/博1/code/audition_pipeline/ablation_study/baseline/results/HARK_n_sep+pf_IPD/official_hark_outputs/fileid_326/hark_raw_fileid_326',0,4.897969129000558,/mnt/d/邵鹏远/UCL/博1/code/audition_pipeline/ablation_study/baseline/results/HARK_n_sep+pf_IPD/official_hark_logs/hark_fileid_326.stdout.log,/mnt/d/邵鹏远/UCL/博1/code/audition_pipeline/ablation_study/baseline/results/HARK_n_sep+pf_IPD/official_hark_logs/hark_fileid_326.stderr.log,3
327,/mnt/d/邵鹏远/UCL/博1/code/audition_pipeline/data/dataset_4mic_3spk/Eval/mic/mic_fileid_327_doa189_3spk.wav,"191,265,307",/mnt/d/邵鹏远/UCL/博1/code/audition_pipeline/ablation_study/baseline/results/HARK_n_sep+pf_IPD/official_hark_outputs/fileid_327,/mnt/d/邵鹏远/UCL/博1/code/audition_pipeline/ablation_study/baseline/results/HARK_n_sep+pf_IPD/official_hark_outputs/fileid_327/hark_raw_fileid_327,batchflow '/mnt/d/邵鹏远/UCL/博1/code/audition_pipeline/ablation_study/baseline/results/HARK_n_sep+pf_IPD/official_hark_outputs/fileid_327/runtime_fileid_327.n' '/mnt/d/邵鹏远/UCL/博1/code/audition_pipeline/data/dataset_4mic_3spk/Eval/mic/mic_fileid_327_doa189_3spk.wav' '/mnt/d/邵鹏远/UCL/博1/code/audition_pipeline/ablation_study/baseline/results/HARK_n_sep+pf_IPD/official_hark_outputs/fileid_327/hark_raw_fileid_327',0,4.150449187000049,/mnt/d/邵鹏远/UCL/博1/code/audition_pipeline/ablation_study/baseline/results/HARK_n_sep+pf_IPD/official_hark_logs/hark_fileid_327.stdout.log,/mnt/d/邵鹏远/UCL/博1/code/audition_pipeline/ablation_study/baseline/results/HARK_n_sep+pf_IPD/official_hark_logs/hark_fileid_327.stderr.log,3
328,/mnt/d/邵鹏远/UCL/博1/code/audition_pipeline/data/dataset_4mic_3spk/Eval/mic/mic_fileid_328_doa119_3spk.wav,"121,153,262",/mnt/d/邵鹏远/UCL/博1/code/audition_pipeline/ablation_study/baseline/results/HARK_n_sep+pf_IPD/official_hark_outputs/fileid_328,/mnt/d/邵鹏远/UCL/博1/code/audition_pipeline/ablation_study/baseline/results/HARK_n_sep+pf_IPD/official_hark_outputs/fileid_328/hark_raw_fileid_328,batchflow '/mnt/d/邵鹏远/UCL/博1/code/audition_pipeline/ablation_study/baseline/results/HARK_n_sep+pf_IPD/official_hark_outputs/fileid_328/runtime_fileid_328.n' '/mnt/d/邵鹏远/UCL/博1/code/audition_pipeline/data/dataset_4mic_3spk/Eval/mic/mic_fileid_328_doa119_3spk.wav' '/mnt/d/邵鹏远/UCL/博1/code/audition_pipeline/ablation_study/baseline/results/HARK_n_sep+pf_IPD/official_hark_outputs/fileid_328/hark_raw_fileid_328',0,4.543080881000606,/mnt/d/邵鹏远/UCL/博1/code/audition_pipeline/ablation_study/baseline/results/HARK_n_sep+pf_IPD/official_hark_logs/hark_fileid_328.stdout.log,/mnt/d/邵鹏远/UCL/博1/code/audition_pipeline/ablation_study/baseline/results/HARK_n_sep+pf_IPD/official_hark_logs/hark_fileid_328.stderr.log,3
329,/mnt/d/邵鹏远/UCL/博1/code/audition_pipeline/data/dataset_4mic_3spk/Eval/mic/mic_fileid_329_doa12_3spk.wav,"194,280,354",/mnt/d/邵鹏远/UCL/博1/code/audition_pipeline/ablation_study/baseline/results/HARK_n_sep+pf_IPD/official_hark_outputs/fileid_329,/mnt/d/邵鹏远/UCL/博1/code/audition_pipeline/ablation_study/baseline/results/HARK_n_sep+pf_IPD/official_hark_outputs/fileid_329/hark_raw_fileid_329,batchflow '/mnt/d/邵鹏远/UCL/博1/code/audition_pipeline/ablation_study/baseline/results/HARK_n_sep+pf_IPD/official_hark_outputs/fileid_329/runtime_fileid_329.n' '/mnt/d/邵鹏远/UCL/博1/code/audition_pipeline/data/dataset_4mic_3spk/Eval/mic/mic_fileid_329_doa12_3spk.wav' '/mnt/d/邵鹏远/UCL/博1/code/audition_pipeline/ablation_study/baseline/results/HARK_n_sep+pf_IPD/official_hark_outputs/fileid_329/hark_raw_fileid_329',0,4.536508784999569,/mnt/d/邵鹏远/UCL/博1/code/audition_pipeline/ablation_study/baseline/results/HARK_n_sep+pf_IPD/official_hark_logs/hark_fileid_329.stdout.log,/mnt/d/邵鹏远/UCL/博1/code/audition_pipeline/ablation_study/baseline/results/HARK_n_sep+pf_IPD/official_hark_logs/hark_fileid_329.stderr.log,3
330,/mnt/d/邵鹏远/UCL/博1/code/audition_pipeline/data/dataset_4mic_3spk/Eval/mic/mic_fileid_330_doa67_3spk.wav,"70,289,353",/mnt/d/邵鹏远/UCL/博1/code/audition_pipeline/ablation_study/baseline/results/HARK_n_sep+pf_IPD/official_hark_outputs/fileid_330,/mnt/d/邵鹏远/UCL/博1/code/audition_pipeline/ablation_study/baseline/results/HARK_n_sep+pf_IPD/official_hark_outputs/fileid_330/hark_raw_fileid_330,batchflow '/mnt/d/邵鹏远/UCL/博1/code/audition_pipeline/ablation_study/baseline/results/HARK_n_sep+pf_IPD/official_hark_outputs/fileid_330/runtime_fileid_330.n' '/mnt/d/邵鹏远/UCL/博1/code/audition_pipeline/data/dataset_4mic_3spk/Eval/mic/mic_fileid_330_doa67_3spk.wav' '/mnt/d/邵鹏远/UCL/博1/code/audition_pipeline/ablation_study/baseline/results/HARK_n_sep+pf_IPD/official_hark_outputs/fileid_330/hark_raw_fileid_330',0,4.488103879999471,/mnt/d/邵鹏远/UCL/博1/code/audition_pipeline/ablation_study/baseline/results/HARK_n_sep+pf_IPD/official_hark_logs/hark_fileid_330.stdout.log,/mnt/d/邵鹏远/UCL/博1/code/audition_pipeline/ablation_study/baseline/results/HARK_n_sep+pf_IPD/official_hark_logs/hark_fileid_330.stderr.log,3
331,/mnt/d/邵鹏远/UCL/博1/code/audition_pipeline/data/dataset_4mic_3spk/Eval/mic/mic_fileid_331_doa39_3spk.wav,"35,198,275",/mnt/d/邵鹏远/UCL/博1/code/audition_pipeline/ablation_study/baseline/results/HARK_n_sep+pf_IPD/official_hark_outputs/fileid_331,/mnt/d/邵鹏远/UCL/博1/code/audition_pipeline/ablation_study/baseline/results/HARK_n_sep+pf_IPD/official_hark_outputs/fileid_331/hark_raw_fileid_331,batchflow '/mnt/d/邵鹏远/UCL/博1/code/audition_pipeline/ablation_study/baseline/results/HARK_n_sep+pf_IPD/official_hark_outputs/fileid_331/runtime_fileid_331.n' '/mnt/d/邵鹏远/UCL/博1/code/audition_pipeline/data/dataset_4mic_3spk/Eval/mic/mic_fileid_331_doa39_3spk.wav' '/mnt/d/邵鹏远/UCL/博1/code/audition_pipeline/ablation_study/baseline/results/HARK_n_sep+pf_IPD/official_hark_outputs/fileid_331/hark_raw_fileid_331',0,4.562645953000356,/mnt/d/邵鹏远/UCL/博1/code/audition_pipeline/ablation_study/baseline/results/HARK_n_sep+pf_IPD/official_hark_logs/hark_fileid_331.stdout.log,/mnt/d/邵鹏远/UCL/博1/code/audition_pipeline/ablation_study/baseline/results/HARK_n_sep+pf_IPD/official_hark_logs/hark_fileid_331.stderr.log,3
332,/mnt/d/邵鹏远/UCL/博1/code/audition_pipeline/data/dataset_4mic_3spk/Eval/mic/mic_fileid_332_doa4_3spk.wav,"7,80,152",/mnt/d/邵鹏远/UCL/博1/code/audition_pipeline/ablation_study/baseline/results/HARK_n_sep+pf_IPD/official_hark_outputs/fileid_332,/mnt/d/邵鹏远/UCL/博1/code/audition_pipeline/ablation_study/baseline/results/HARK_n_sep+pf_IPD/official_hark_outputs/fileid_332/hark_raw_fileid_332,batchflow '/mnt/d/邵鹏远/UCL/博1/code/audition_pipeline/ablation_study/baseline/results/HARK_n_sep+pf_IPD/official_hark_outputs/fileid_332/runtime_fileid_332.n' '/mnt/d/邵鹏远/UCL/博1/code/audition_pipeline/data/dataset_4mic_3spk/Eval/mic/mic_fileid_332_doa4_3spk.wav' '/mnt/d/邵鹏远/UCL/博1/code/audition_pipeline/ablation_study/baseline/results/HARK_n_sep+pf_IPD/official_hark_outputs/fileid_332/hark_raw_fileid_332',0,4.1920687890005865,/mnt/d/邵鹏远/UCL/博1/code/audition_pipeline/ablation_study/baseline/results/HARK_n_sep+pf_IPD/official_hark_logs/hark_fileid_332.stdout.log,/mnt/d/邵鹏远/UCL/博1/code/audition_pipeline/ablation_study/baseline/results/HARK_n_sep+pf_IPD/official_hark_logs/hark_fileid_332.stderr.log,3
333,/mnt/d/邵鹏远/UCL/博1/code/audition_pipeline/data/dataset_4mic_3spk/Eval/mic/mic_fileid_333_doa167_3spk.wav,"49,166,236",/mnt/d/邵鹏远/UCL/博1/code/audition_pipeline/ablation_study/baseline/results/HARK_n_sep+pf_IPD/official_hark_outputs/fileid_333,/mnt/d/邵鹏远/UCL/博1/code/audition_pipeline/ablation_study/baseline/results/HARK_n_sep+pf_IPD/official_hark_outputs/fileid_333/hark_raw_fileid_333,batchflow '/mnt/d/邵鹏远/UCL/博1/code/audition_pipeline/ablation_study/baseline/results/HARK_n_sep+pf_IPD/official_hark_outputs/fileid_333/runtime_fileid_333.n' '/mnt/d/邵鹏远/UCL/博1/code/audition_pipeline/data/dataset_4mic_3spk/Eval/mic/mic_fileid_333_doa167_3spk.wav' '/mnt/d/邵鹏远/UCL/博1/code/audition_pipeline/ablation_study/baseline/results/HARK_n_sep+pf_IPD/official_hark_outputs/fileid_333/hark_raw_fileid_333',0,4.794435340999371,/mnt/d/邵鹏远/UCL/博1/code/audition_pipeline/ablation_study/baseline/results/HARK_n_sep+pf_IPD/official_hark_logs/hark_fileid_333.stdout.log,/mnt/d/邵鹏远/UCL/博1/code/audition_pipeline/ablation_study/baseline/results/HARK_n_sep+pf_IPD/official_hark_logs/hark_fileid_333.stderr.log,3
334,/mnt/d/邵鹏远/UCL/博1/code/audition_pipeline/data/dataset_4mic_3spk/Eval/mic/mic_fileid_334_doa122_3spk.wav,"121,189,244",/mnt/d/邵鹏远/UCL/博1/code/audition_pipeline/ablation_study/baseline/results/HARK_n_sep+pf_IPD/official_hark_outputs/fileid_334,/mnt/d/邵鹏远/UCL/博1/code/audition_pipeline/ablation_study/baseline/results/HARK_n_sep+pf_IPD/official_hark_outputs/fileid_334/hark_raw_fileid_334,batchflow '/mnt/d/邵鹏远/UCL/博1/code/audition_pipeline/ablation_study/baseline/results/HARK_n_sep+pf_IPD/official_hark_outputs/fileid_334/runtime_fileid_334.n' '/mnt/d/邵鹏远/UCL/博1/code/audition_pipeline/data/dataset_4mic_3spk/Eval/mic/mic_fileid_334_doa122_3spk.wav' '/mnt/d/邵鹏远/UCL/博1/code/audition_pipeline/ablation_study/baseline/results/HARK_n_sep+pf_IPD/official_hark_outputs/fileid_334/hark_raw_fileid_334',0,4.193522030000167,/mnt/d/邵鹏远/UCL/博1/code/audition_pipeline/ablation_study/baseline/results/HARK_n_sep+pf_IPD/official_hark_logs/hark_fileid_334.stdout.log,/mnt/d/邵鹏远/UCL/博1/code/audition_pipeline/ablation_study/baseline/results/HARK_n_sep+pf_IPD/official_hark_logs/hark_fileid_334.stderr.log,3
335,/mnt/d/邵鹏远/UCL/博1/code/audition_pipeline/data/dataset_4mic_3spk/Eval/mic/mic_fileid_335_doa43_3spk.wav,"42,105,330",/mnt/d/邵鹏远/UCL/博1/code/audition_pipeline/ablation_study/baseline/results/HARK_n_sep+pf_IPD/official_hark_outputs/fileid_335,/mnt/d/邵鹏远/UCL/博1/code/audition_pipeline/ablation_study/baseline/results/HARK_n_sep+pf_IPD/official_hark_outputs/fileid_335/hark_raw_fileid_335,batchflow '/mnt/d/邵鹏远/UCL/博1/code/audition_pipeline/ablation_study/baseline/results/HARK_n_sep+pf_IPD/official_hark_outputs/fileid_335/runtime_fileid_335.n' '/mnt/d/邵鹏远/UCL/博1/code/audition_pipeline/data/dataset_4mic_3spk/Eval/mic/mic_fileid_335_doa43_3spk.wav' '/mnt/d/邵鹏远/UCL/博1/code/audition_pipeline/ablation_study/baseline/results/HARK_n_sep+pf_IPD/official_hark_outputs/fileid_335/hark_raw_fileid_335',0,3.7814415960001497,/mnt/d/邵鹏远/UCL/博1/code/audition_pipeline/ablation_study/baseline/results/HARK_n_sep+pf_IPD/official_hark_logs/hark_fileid_335.stdout.log,/mnt/d/邵鹏远/UCL/博1/code/audition_pipeline/ablation_study/baseline/results/HARK_n_sep+pf_IPD/official_hark_logs/hark_fileid_335.stderr.log,3
336,/mnt/d/邵鹏远/UCL/博1/code/audition_pipeline/data/dataset_4mic_3spk/Eval/mic/mic_fileid_336_doa91_3spk.wav,"88,146,209",/mnt/d/邵鹏远/UCL/博1/code/audition_pipeline/ablation_study/baseline/results/HARK_n_sep+pf_IPD/official_hark_outputs/fileid_336,/mnt/d/邵鹏远/UCL/博1/code/audition_pipeline/ablation_study/baseline/results/HARK_n_sep+pf_IPD/official_hark_outputs/fileid_336/hark_raw_fileid_336,batchflow '/mnt/d/邵鹏远/UCL/博1/code/audition_pipeline/ablation_study/baseline/results/HARK_n_sep+pf_IPD/official_hark_outputs/fileid_336/runtime_fileid_336.n' '/mnt/d/邵鹏远/UCL/博1/code/audition_pipeline/data/dataset_4mic_3spk/Eval/mic/mic_fileid_336_doa91_3spk.wav' '/mnt/d/邵鹏远/UCL/博1/code/audition_pipeline/ablation_study/baseline/results/HARK_n_sep+pf_IPD/official_hark_outputs/fileid_336/hark_raw_fileid_336',0,4.479836978000094,/mnt/d/邵鹏远/UCL/博1/code/audition_pipeline/ablation_study/baseline/results/HARK_n_sep+pf_IPD/official_hark_logs/hark_fileid_336.stdout.log,/mnt/d/邵鹏远/UCL/博1/code/audition_pipeline/ablation_study/baseline/results/HARK_n_sep+pf_IPD/official_hark_logs/hark_fileid_336.stderr.log,3
337,/mnt/d/邵鹏远/UCL/博1/code/audition_pipeline/data/dataset_4mic_3spk/Eval/mic/mic_fileid_337_doa165_3spk.wav,"160,210,307",/mnt/d/邵鹏远/UCL/博1/code/audition_pipeline/ablation_study/baseline/results/HARK_n_sep+pf_IPD/official_hark_outputs/fileid_337,/mnt/d/邵鹏远/UCL/博1/code/audition_pipeline/ablation_study/baseline/results/HARK_n_sep+pf_IPD/official_hark_outputs/fileid_337/hark_raw_fileid_337,batchflow '/mnt/d/邵鹏远/UCL/博1/code/audition_pipeline/ablation_study/baseline/results/HARK_n_sep+pf_IPD/official_hark_outputs/fileid_337/runtime_fileid_337.n' '/mnt/d/邵鹏远/UCL/博1/code/audition_pipeline/data/dataset_4mic_3spk/Eval/mic/mic_fileid_337_doa165_3spk.wav' '/mnt/d/邵鹏远/UCL/博1/code/audition_pipeline/ablation_study/baseline/results/HARK_n_sep+pf_IPD/official_hark_outputs/fileid_337/hark_raw_fileid_337',0,4.533480724000583,/mnt/d/邵鹏远/UCL/博1/code/audition_pipeline/ablation_study/baseline/results/HARK_n_sep+pf_IPD/official_hark_logs/hark_fileid_337.stdout.log,/mnt/d/邵鹏远/UCL/博1/code/audition_pipeline/ablation_study/baseline/results/HARK_n_sep+pf_IPD/official_hark_logs/hark_fileid_337.stderr.log,3
338,/mnt/d/邵鹏远/UCL/博1/code/audition_pipeline/data/dataset_4mic_3spk/Eval/mic/mic_fileid_338_doa129_3spk.wav,"52,134,174",/mnt/d/邵鹏远/UCL/博1/code/audition_pipeline/ablation_study/baseline/results/HARK_n_sep+pf_IPD/official_hark_outputs/fileid_338,/mnt/d/邵鹏远/UCL/博1/code/audition_pipeline/ablation_study/baseline/results/HARK_n_sep+pf_IPD/official_hark_outputs/fileid_338/hark_raw_fileid_338,batchflow '/mnt/d/邵鹏远/UCL/博1/code/audition_pipeline/ablation_study/baseline/results/HARK_n_sep+pf_IPD/official_hark_outputs/fileid_338/runtime_fileid_338.n' '/mnt/d/邵鹏远/UCL/博1/code/audition_pipeline/data/dataset_4mic_3spk/Eval/mic/mic_fileid_338_doa129_3spk.wav' '/mnt/d/邵鹏远/UCL/博1/code/audition_pipeline/ablation_study/baseline/results/HARK_n_sep+pf_IPD/official_hark_outputs/fileid_338/hark_raw_fileid_338',0,3.9915332640002816,/mnt/d/邵鹏远/UCL/博1/code/audition_pipeline/ablation_study/baseline/results/HARK_n_sep+pf_IPD/official_hark_logs/hark_fileid_338.stdout.log,/mnt/d/邵鹏远/UCL/博1/code/audition_pipeline/ablation_study/baseline/results/HARK_n_sep+pf_IPD/official_hark_logs/hark_fileid_338.stderr.log,3
339,/mnt/d/邵鹏远/UCL/博1/code/audition_pipeline/data/dataset_4mic_3spk/Eval/mic/mic_fileid_339_doa48_3spk.wav,"48,81,238",/mnt/d/邵鹏远/UCL/博1/code/audition_pipeline/ablation_study/baseline/results/HARK_n_sep+pf_IPD/official_hark_outputs/fileid_339,/mnt/d/邵鹏远/UCL/博1/code/audition_pipeline/ablation_study/baseline/results/HARK_n_sep+pf_IPD/official_hark_outputs/fileid_339/hark_raw_fileid_339,batchflow '/mnt/d/邵鹏远/UCL/博1/code/audition_pipeline/ablation_study/baseline/results/HARK_n_sep+pf_IPD/official_hark_outputs/fileid_339/runtime_fileid_339.n' '/mnt/d/邵鹏远/UCL/博1/code/audition_pipeline/data/dataset_4mic_3spk/Eval/mic/mic_fileid_339_doa48_3spk.wav' '/mnt/d/邵鹏远/UCL/博1/code/audition_pipeline/ablation_study/baseline/results/HARK_n_sep+pf_IPD/official_hark_outputs/fileid_339/hark_raw_fileid_339',0,4.461358801000642,/mnt/d/邵鹏远/UCL/博1/code/audition_pipeline/ablation_study/baseline/results/HARK_n_sep+pf_IPD/official_hark_logs/hark_fileid_339.stdout.log,/mnt/d/邵鹏远/UCL/博1/code/audition_pipeline/ablation_study/baseline/results/HARK_n_sep+pf_IPD/official_hark_logs/hark_fileid_339.stderr.log,3
340,/mnt/d/邵鹏远/UCL/博1/code/audition_pipeline/data/dataset_4mic_3spk/Eval/mic/mic_fileid_340_doa68_3spk.wav,"68,114",/mnt/d/邵鹏远/UCL/博1/code/audition_pipeline/ablation_study/baseline/results/HARK_n_sep+pf_IPD/official_hark_outputs/fileid_340,/mnt/d/邵鹏远/UCL/博1/code/audition_pipeline/ablation_study/baseline/results/HARK_n_sep+pf_IPD/official_hark_outputs/fileid_340/hark_raw_fileid_340,batchflow '/mnt/d/邵鹏远/UCL/博1/code/audition_pipeline/ablation_study/baseline/results/HARK_n_sep+pf_IPD/official_hark_outputs/fileid_340/runtime_fileid_340.n' '/mnt/d/邵鹏远/UCL/博1/code/audition_pipeline/data/dataset_4mic_3spk/Eval/mic/mic_fileid_340_doa68_3spk.wav' '/mnt/d/邵鹏远/UCL/博1/code/audition_pipeline/ablation_study/baseline/results/HARK_n_sep+pf_IPD/official_hark_outputs/fileid_340/hark_raw_fileid_340',0,3.1843237309994947,/mnt/d/邵鹏远/UCL/博1/code/audition_pipeline/ablation_study/baseline/results/HARK_n_sep+pf_IPD/official_hark_logs/hark_fileid_340.stdout.log,/mnt/d/邵鹏远/UCL/博1/code/audition_pipeline/ablation_study/baseline/results/HARK_n_sep+pf_IPD/official_hark_logs/hark_fileid_340.stderr.log,2
341,/mnt/d/邵鹏远/UCL/博1/code/audition_pipeline/data/dataset_4mic_3spk/Eval/mic/mic_fileid_341_doa16_3spk.wav,"14,141,195",/mnt/d/邵鹏远/UCL/博1/code/audition_pipeline/ablation_study/baseline/results/HARK_n_sep+pf_IPD/official_hark_outputs/fileid_341,/mnt/d/邵鹏远/UCL/博1/code/audition_pipeline/ablation_study/baseline/results/HARK_n_sep+pf_IPD/official_hark_outputs/fileid_341/hark_raw_fileid_341,batchflow '/mnt/d/邵鹏远/UCL/博1/code/audition_pipeline/ablation_study/baseline/results/HARK_n_sep+pf_IPD/official_hark_outputs/fileid_341/runtime_fileid_341.n' '/mnt/d/邵鹏远/UCL/博1/code/audition_pipeline/data/dataset_4mic_3spk/Eval/mic/mic_fileid_341_doa16_3spk.wav' '/mnt/d/邵鹏远/UCL/博1/code/audition_pipeline/ablation_study/baseline/results/HARK_n_sep+pf_IPD/official_hark_outputs/fileid_341/hark_raw_fileid_341',0,4.537326998999561,/mnt/d/邵鹏远/UCL/博1/code/audition_pipeline/ablation_study/baseline/results/HARK_n_sep+pf_IPD/official_hark_logs/hark_fileid_341.stdout.log,/mnt/d/邵鹏远/UCL/博1/code/audition_pipeline/ablation_study/baseline/results/HARK_n_sep+pf_IPD/official_hark_logs/hark_fileid_341.stderr.log,3
342,/mnt/d/邵鹏远/UCL/博1/code/audition_pipeline/data/dataset_4mic_3spk/Eval/mic/mic_fileid_342_doa2_3spk.wav,"58,329,359",/mnt/d/邵鹏远/UCL/博1/code/audition_pipeline/ablation_study/baseline/results/HARK_n_sep+pf_IPD/official_hark_outputs/fileid_342,/mnt/d/邵鹏远/UCL/博1/code/audition_pipeline/ablation_study/baseline/results/HARK_n_sep+pf_IPD/official_hark_outputs/fileid_342/hark_raw_fileid_342,batchflow '/mnt/d/邵鹏远/UCL/博1/code/audition_pipeline/ablation_study/baseline/results/HARK_n_sep+pf_IPD/official_hark_outputs/fileid_342/runtime_fileid_342.n' '/mnt/d/邵鹏远/UCL/博1/code/audition_pipeline/data/dataset_4mic_3spk/Eval/mic/mic_fileid_342_doa2_3spk.wav' '/mnt/d/邵鹏远/UCL/博1/code/audition_pipeline/ablation_study/baseline/results/HARK_n_sep+pf_IPD/official_hark_outputs/fileid_342/hark_raw_fileid_342',0,4.736779408000075,/mnt/d/邵鹏远/UCL/博1/code/audition_pipeline/ablation_study/baseline/results/HARK_n_sep+pf_IPD/official_hark_logs/hark_fileid_342.stdout.log,/mnt/d/邵鹏远/UCL/博1/code/audition_pipeline/ablation_study/baseline/results/HARK_n_sep+pf_IPD/official_hark_logs/hark_fileid_342.stderr.log,3
343,/mnt/d/邵鹏远/UCL/博1/code/audition_pipeline/data/dataset_4mic_3spk/Eval/mic/mic_fileid_343_doa17_3spk.wav,"21,50,216",/mnt/d/邵鹏远/UCL/博1/code/audition_pipeline/ablation_study/baseline/results/HARK_n_sep+pf_IPD/official_hark_outputs/fileid_343,/mnt/d/邵鹏远/UCL/博1/code/audition_pipeline/ablation_study/baseline/results/HARK_n_sep+pf_IPD/official_hark_outputs/fileid_343/hark_raw_fileid_343,batchflow '/mnt/d/邵鹏远/UCL/博1/code/audition_pipeline/ablation_study/baseline/results/HARK_n_sep+pf_IPD/official_hark_outputs/fileid_343/runtime_fileid_343.n' '/mnt/d/邵鹏远/UCL/博1/code/audition_pipeline/data/dataset_4mic_3spk/Eval/mic/mic_fileid_343_doa17_3spk.wav' '/mnt/d/邵鹏远/UCL/博1/code/audition_pipeline/ablation_study/baseline/results/HARK_n_sep+pf_IPD/official_hark_outputs/fileid_343/hark_raw_fileid_343',0,4.305863388000034,/mnt/d/邵鹏远/UCL/博1/code/audition_pipeline/ablation_study/baseline/results/HARK_n_sep+pf_IPD/official_hark_logs/hark_fileid_343.stdout.log,/mnt/d/邵鹏远/UCL/博1/code/audition_pipeline/ablation_study/baseline/results/HARK_n_sep+pf_IPD/official_hark_logs/hark_fileid_343.stderr.log,3
344,/mnt/d/邵鹏远/UCL/博1/code/audition_pipeline/data/dataset_4mic_3spk/Eval/mic/mic_fileid_344_doa9_3spk.wav,"22,212,314",/mnt/d/邵鹏远/UCL/博1/code/audition_pipeline/ablation_study/baseline/results/HARK_n_sep+pf_IPD/official_hark_outputs/fileid_344,/mnt/d/邵鹏远/UCL/博1/code/audition_pipeline/ablation_study/baseline/results/HARK_n_sep+pf_IPD/official_hark_outputs/fileid_344/hark_raw_fileid_344,batchflow '/mnt/d/邵鹏远/UCL/博1/code/audition_pipeline/ablation_study/baseline/results/HARK_n_sep+pf_IPD/official_hark_outputs/fileid_344/runtime_fileid_344.n' '/mnt/d/邵鹏远/UCL/博1/code/audition_pipeline/data/dataset_4mic_3spk/Eval/mic/mic_fileid_344_doa9_3spk.wav' '/mnt/d/邵鹏远/UCL/博1/code/audition_pipeline/ablation_study/baseline/results/HARK_n_sep+pf_IPD/official_hark_outputs/fileid_344/hark_raw_fileid_344',0,4.564913055000034,/mnt/d/邵鹏远/UCL/博1/code/audition_pipeline/ablation_study/baseline/results/HARK_n_sep+pf_IPD/official_hark_logs/hark_fileid_344.stdout.log,/mnt/d/邵鹏远/UCL/博1/code/audition_pipeline/ablation_study/baseline/results/HARK_n_sep+pf_IPD/official_hark_logs/hark_fileid_344.stderr.log,3
345,/mnt/d/邵鹏远/UCL/博1/code/audition_pipeline/data/dataset_4mic_3spk/Eval/mic/mic_fileid_345_doa61_3spk.wav,"69,148,308",/mnt/d/邵鹏远/UCL/博1/code/audition_pipeline/ablation_study/baseline/results/HARK_n_sep+pf_IPD/official_hark_outputs/fileid_345,/mnt/d/邵鹏远/UCL/博1/code/audition_pipeline/ablation_study/baseline/results/HARK_n_sep+pf_IPD/official_hark_outputs/fileid_345/hark_raw_fileid_345,batchflow '/mnt/d/邵鹏远/UCL/博1/code/audition_pipeline/ablation_study/baseline/results/HARK_n_sep+pf_IPD/official_hark_outputs/fileid_345/runtime_fileid_345.n' '/mnt/d/邵鹏远/UCL/博1/code/audition_pipeline/data/dataset_4mic_3spk/Eval/mic/mic_fileid_345_doa61_3spk.wav' '/mnt/d/邵鹏远/UCL/博1/code/audition_pipeline/ablation_study/baseline/results/HARK_n_sep+pf_IPD/official_hark_outputs/fileid_345/hark_raw_fileid_345',0,4.547203654999976,/mnt/d/邵鹏远/UCL/博1/code/audition_pipeline/ablation_study/baseline/results/HARK_n_sep+pf_IPD/official_hark_logs/hark_fileid_345.stdout.log,/mnt/d/邵鹏远/UCL/博1/code/audition_pipeline/ablation_study/baseline/results/HARK_n_sep+pf_IPD/official_hark_logs/hark_fileid_345.stderr.log,3
346,/mnt/d/邵鹏远/UCL/博1/code/audition_pipeline/data/dataset_4mic_3spk/Eval/mic/mic_fileid_346_doa62_3spk.wav,"63,260,292",/mnt/d/邵鹏远/UCL/博1/code/audition_pipeline/ablation_study/baseline/results/HARK_n_sep+pf_IPD/official_hark_outputs/fileid_346,/mnt/d/邵鹏远/UCL/博1/code/audition_pipeline/ablation_study/baseline/results/HARK_n_sep+pf_IPD/official_hark_outputs/fileid_346/hark_raw_fileid_346,batchflow '/mnt/d/邵鹏远/UCL/博1/code/audition_pipeline/ablation_study/baseline/results/HARK_n_sep+pf_IPD/official_hark_outputs/fileid_346/runtime_fileid_346.n' '/mnt/d/邵鹏远/UCL/博1/code/audition_pipeline/data/dataset_4mic_3spk/Eval/mic/mic_fileid_346_doa62_3spk.wav' '/mnt/d/邵鹏远/UCL/博1/code/audition_pipeline/ablation_study/baseline/results/HARK_n_sep+pf_IPD/official_hark_outputs/fileid_346/hark_raw_fileid_346',0,4.39299364999988,/mnt/d/邵鹏远/UCL/博1/code/audition_pipeline/ablation_study/baseline/results/HARK_n_sep+pf_IPD/official_hark_logs/hark_fileid_346.stdout.log,/mnt/d/邵鹏远/UCL/博1/code/audition_pipeline/ablation_study/baseline/results/HARK_n_sep+pf_IPD/official_hark_logs/hark_fileid_346.stderr.log,3
347,/mnt/d/邵鹏远/UCL/博1/code/audition_pipeline/data/dataset_4mic_3spk/Eval/mic/mic_fileid_347_doa18_3spk.wav,"16,192,313",/mnt/d/邵鹏远/UCL/博1/code/audition_pipeline/ablation_study/baseline/results/HARK_n_sep+pf_IPD/official_hark_outputs/fileid_347,/mnt/d/邵鹏远/UCL/博1/code/audition_pipeline/ablation_study/baseline/results/HARK_n_sep+pf_IPD/official_hark_outputs/fileid_347/hark_raw_fileid_347,batchflow '/mnt/d/邵鹏远/UCL/博1/code/audition_pipeline/ablation_study/baseline/results/HARK_n_sep+pf_IPD/official_hark_outputs/fileid_347/runtime_fileid_347.n' '/mnt/d/邵鹏远/UCL/博1/code/audition_pipeline/data/dataset_4mic_3spk/Eval/mic/mic_fileid_347_doa18_3spk.wav' '/mnt/d/邵鹏远/UCL/博1/code/audition_pipeline/ablation_study/baseline/results/HARK_n_sep+pf_IPD/official_hark_outputs/fileid_347/hark_raw_fileid_347',0,4.621562850999908,/mnt/d/邵鹏远/UCL/博1/code/audition_pipeline/ablation_study/baseline/results/HARK_n_sep+pf_IPD/official_hark_logs/hark_fileid_347.stdout.log,/mnt/d/邵鹏远/UCL/博1/code/audition_pipeline/ablation_study/baseline/results/HARK_n_sep+pf_IPD/official_hark_logs/hark_fileid_347.stderr.log,3
348,/mnt/d/邵鹏远/UCL/博1/code/audition_pipeline/data/dataset_4mic_3spk/Eval/mic/mic_fileid_348_doa57_3spk.wav,"69,173,233",/mnt/d/邵鹏远/UCL/博1/code/audition_pipeline/ablation_study/baseline/results/HARK_n_sep+pf_IPD/official_hark_outputs/fileid_348,/mnt/d/邵鹏远/UCL/博1/code/audition_pipeline/ablation_study/baseline/results/HARK_n_sep+pf_IPD/official_hark_outputs/fileid_348/hark_raw_fileid_348,batchflow '/mnt/d/邵鹏远/UCL/博1/code/audition_pipeline/ablation_study/baseline/results/HARK_n_sep+pf_IPD/official_hark_outputs/fileid_348/runtime_fileid_348.n' '/mnt/d/邵鹏远/UCL/博1/code/audition_pipeline/data/dataset_4mic_3spk/Eval/mic/mic_fileid_348_doa57_3spk.wav' '/mnt/d/邵鹏远/UCL/博1/code/audition_pipeline/ablation_study/baseline/results/HARK_n_sep+pf_IPD/official_hark_outputs/fileid_348/hark_raw_fileid_348',0,4.548100908999913,/mnt/d/邵鹏远/UCL/博1/code/audition_pipeline/ablation_study/baseline/results/HARK_n_sep+pf_IPD/official_hark_logs/hark_fileid_348.stdout.log,/mnt/d/邵鹏远/UCL/博1/code/audition_pipeline/ablation_study/baseline/results/HARK_n_sep+pf_IPD/official_hark_logs/hark_fileid_348.stderr.log,3
349,/mnt/d/邵鹏远/UCL/博1/code/audition_pipeline/data/dataset_4mic_3spk/Eval/mic/mic_fileid_349_doa87_3spk.wav,"87,169,356",/mnt/d/邵鹏远/UCL/博1/code/audition_pipeline/ablation_study/baseline/results/HARK_n_sep+pf_IPD/official_hark_outputs/fileid_349,/mnt/d/邵鹏远/UCL/博1/code/audition_pipeline/ablation_study/baseline/results/HARK_n_sep+pf_IPD/official_hark_outputs/fileid_349/hark_raw_fileid_349,batchflow '/mnt/d/邵鹏远/UCL/博1/code/audition_pipeline/ablation_study/baseline/results/HARK_n_sep+pf_IPD/official_hark_outputs/fileid_349/runtime_fileid_349.n' '/mnt/d/邵鹏远/UCL/博1/code/audition_pipeline/data/dataset_4mic_3spk/Eval/mic/mic_fileid_349_doa87_3spk.wav' '/mnt/d/邵鹏远/UCL/博1/code/audition_pipeline/ablation_study/baseline/results/HARK_n_sep+pf_IPD/official_hark_outputs/fileid_349/hark_raw_fileid_349',0,4.309836276000169,/mnt/d/邵鹏远/UCL/博1/code/audition_pipeline/ablation_study/baseline/results/HARK_n_sep+pf_IPD/official_hark_logs/hark_fileid_349.stdout.log,/mnt/d/邵鹏远/UCL/博1/code/audition_pipeline/ablation_study/baseline/results/HARK_n_sep+pf_IPD/official_hark_logs/hark_fileid_349.stderr.log,3
350,/mnt/d/邵鹏远/UCL/博1/code/audition_pipeline/data/dataset_4mic_3spk/Eval/mic/mic_fileid_350_doa97_3spk.wav,"209,273,333",/mnt/d/邵鹏远/UCL/博1/code/audition_pipeline/ablation_study/baseline/results/HARK_n_sep+pf_IPD/official_hark_outputs/fileid_350,/mnt/d/邵鹏远/UCL/博1/code/audition_pipeline/ablation_study/baseline/results/HARK_n_sep+pf_IPD/official_hark_outputs/fileid_350/hark_raw_fileid_350,batchflow '/mnt/d/邵鹏远/UCL/博1/code/audition_pipeline/ablation_study/baseline/results/HARK_n_sep+pf_IPD/official_hark_outputs/fileid_350/runtime_fileid_350.n' '/mnt/d/邵鹏远/UCL/博1/code/audition_pipeline/data/dataset_4mic_3spk/Eval/mic/mic_fileid_350_doa97_3spk.wav' '/mnt/d/邵鹏远/UCL/博1/code/audition_pipeline/ablation_study/baseline/results/HARK_n_sep+pf_IPD/official_hark_outputs/fileid_350/hark_raw_fileid_350',0,4.144375541000045,/mnt/d/邵鹏远/UCL/博1/code/audition_pipeline/ablation_study/baseline/results/HARK_n_sep+pf_IPD/official_hark_logs/hark_fileid_350.stdout.log,/mnt/d/邵鹏远/UCL/博1/code/audition_pipeline/ablation_study/baseline/results/HARK_n_sep+pf_IPD/official_hark_logs/hark_fileid_350.stderr.log,3
351,/mnt/d/邵鹏远/UCL/博1/code/audition_pipeline/data/dataset_4mic_3spk/Eval/mic/mic_fileid_351_doa35_3spk.wav,"56,140,223",/mnt/d/邵鹏远/UCL/博1/code/audition_pipeline/ablation_study/baseline/results/HARK_n_sep+pf_IPD/official_hark_outputs/fileid_351,/mnt/d/邵鹏远/UCL/博1/code/audition_pipeline/ablation_study/baseline/results/HARK_n_sep+pf_IPD/official_hark_outputs/fileid_351/hark_raw_fileid_351,batchflow '/mnt/d/邵鹏远/UCL/博1/code/audition_pipeline/ablation_study/baseline/results/HARK_n_sep+pf_IPD/official_hark_outputs/fileid_351/runtime_fileid_351.n' '/mnt/d/邵鹏远/UCL/博1/code/audition_pipeline/data/dataset_4mic_3spk/Eval/mic/mic_fileid_351_doa35_3spk.wav' '/mnt/d/邵鹏远/UCL/博1/code/audition_pipeline/ablation_study/baseline/results/HARK_n_sep+pf_IPD/official_hark_outputs/fileid_351/hark_raw_fileid_351',0,4.119711416000428,/mnt/d/邵鹏远/UCL/博1/code/audition_pipeline/ablation_study/baseline/results/HARK_n_sep+pf_IPD/official_hark_logs/hark_fileid_351.stdout.log,/mnt/d/邵鹏远/UCL/博1/code/audition_pipeline/ablation_study/baseline/results/HARK_n_sep+pf_IPD/official_hark_logs/hark_fileid_351.stderr.log,3
352,/mnt/d/邵鹏远/UCL/博1/code/audition_pipeline/data/dataset_4mic_3spk/Eval/mic/mic_fileid_352_doa234_3spk.wav,"233,269,333",/mnt/d/邵鹏远/UCL/博1/code/audition_pipeline/ablation_study/baseline/results/HARK_n_sep+pf_IPD/official_hark_outputs/fileid_352,/mnt/d/邵鹏远/UCL/博1/code/audition_pipeline/ablation_study/baseline/results/HARK_n_sep+pf_IPD/official_hark_outputs/fileid_352/hark_raw_fileid_352,batchflow '/mnt/d/邵鹏远/UCL/博1/code/audition_pipeline/ablation_study/baseline/results/HARK_n_sep+pf_IPD/official_hark_outputs/fileid_352/runtime_fileid_352.n' '/mnt/d/邵鹏远/UCL/博1/code/audition_pipeline/data/dataset_4mic_3spk/Eval/mic/mic_fileid_352_doa234_3spk.wav' '/mnt/d/邵鹏远/UCL/博1/code/audition_pipeline/ablation_study/baseline/results/HARK_n_sep+pf_IPD/official_hark_outputs/fileid_352/hark_raw_fileid_352',0,4.161193744999764,/mnt/d/邵鹏远/UCL/博1/code/audition_pipeline/ablation_study/baseline/results/HARK_n_sep+pf_IPD/official_hark_logs/hark_fileid_352.stdout.log,/mnt/d/邵鹏远/UCL/博1/code/audition_pipeline/ablation_study/baseline/results/HARK_n_sep+pf_IPD/official_hark_logs/hark_fileid_352.stderr.log,3
353,/mnt/d/邵鹏远/UCL/博1/code/audition_pipeline/data/dataset_4mic_3spk/Eval/mic/mic_fileid_353_doa27_3spk.wav,"26,312,353",/mnt/d/邵鹏远/UCL/博1/code/audition_pipeline/ablation_study/baseline/results/HARK_n_sep+pf_IPD/official_hark_outputs/fileid_353,/mnt/d/邵鹏远/UCL/博1/code/audition_pipeline/ablation_study/baseline/results/HARK_n_sep+pf_IPD/official_hark_outputs/fileid_353/hark_raw_fileid_353,batchflow '/mnt/d/邵鹏远/UCL/博1/code/audition_pipeline/ablation_study/baseline/results/HARK_n_sep+pf_IPD/official_hark_outputs/fileid_353/runtime_fileid_353.n' '/mnt/d/邵鹏远/UCL/博1/code/audition_pipeline/data/dataset_4mic_3spk/Eval/mic/mic_fileid_353_doa27_3spk.wav' '/mnt/d/邵鹏远/UCL/博1/code/audition_pipeline/ablation_study/baseline/results/HARK_n_sep+pf_IPD/official_hark_outputs/fileid_353/hark_raw_fileid_353',0,4.536141854999187,/mnt/d/邵鹏远/UCL/博1/code/audition_pipeline/ablation_study/baseline/results/HARK_n_sep+pf_IPD/official_hark_logs/hark_fileid_353.stdout.log,/mnt/d/邵鹏远/UCL/博1/code/audition_pipeline/ablation_study/baseline/results/HARK_n_sep+pf_IPD/official_hark_logs/hark_fileid_353.stderr.log,3
354,/mnt/d/邵鹏远/UCL/博1/code/audition_pipeline/data/dataset_4mic_3spk/Eval/mic/mic_fileid_354_doa100_3spk.wav,"199,278,332",/mnt/d/邵鹏远/UCL/博1/code/audition_pipeline/ablation_study/baseline/results/HARK_n_sep+pf_IPD/official_hark_outputs/fileid_354,/mnt/d/邵鹏远/UCL/博1/code/audition_pipeline/ablation_study/baseline/results/HARK_n_sep+pf_IPD/official_hark_outputs/fileid_354/hark_raw_fileid_354,batchflow '/mnt/d/邵鹏远/UCL/博1/code/audition_pipeline/ablation_study/baseline/results/HARK_n_sep+pf_IPD/official_hark_outputs/fileid_354/runtime_fileid_354.n' '/mnt/d/邵鹏远/UCL/博1/code/audition_pipeline/data/dataset_4mic_3spk/Eval/mic/mic_fileid_354_doa100_3spk.wav' '/mnt/d/邵鹏远/UCL/博1/code/audition_pipeline/ablation_study/baseline/results/HARK_n_sep+pf_IPD/official_hark_outputs/fileid_354/hark_raw_fileid_354',0,4.500869821000379,/mnt/d/邵鹏远/UCL/博1/code/audition_pipeline/ablation_study/baseline/results/HARK_n_sep+pf_IPD/official_hark_logs/hark_fileid_354.stdout.log,/mnt/d/邵鹏远/UCL/博1/code/audition_pipeline/ablation_study/baseline/results/HARK_n_sep+pf_IPD/official_hark_logs/hark_fileid_354.stderr.log,3
355,/mnt/d/邵鹏远/UCL/博1/code/audition_pipeline/data/dataset_4mic_3spk/Eval/mic/mic_fileid_355_doa22_3spk.wav,"18,160,284",/mnt/d/邵鹏远/UCL/博1/code/audition_pipeline/ablation_study/baseline/results/HARK_n_sep+pf_IPD/official_hark_outputs/fileid_355,/mnt/d/邵鹏远/UCL/博1/code/audition_pipeline/ablation_study/baseline/results/HARK_n_sep+pf_IPD/official_hark_outputs/fileid_355/hark_raw_fileid_355,batchflow '/mnt/d/邵鹏远/UCL/博1/code/audition_pipeline/ablation_study/baseline/results/HARK_n_sep+pf_IPD/official_hark_outputs/fileid_355/runtime_fileid_355.n' '/mnt/d/邵鹏远/UCL/博1/code/audition_pipeline/data/dataset_4mic_3spk/Eval/mic/mic_fileid_355_doa22_3spk.wav' '/mnt/d/邵鹏远/UCL/博1/code/audition_pipeline/ablation_study/baseline/results/HARK_n_sep+pf_IPD/official_hark_outputs/fileid_355/hark_raw_fileid_355',0,4.404095347999828,/mnt/d/邵鹏远/UCL/博1/code/audition_pipeline/ablation_study/baseline/results/HARK_n_sep+pf_IPD/official_hark_logs/hark_fileid_355.stdout.log,/mnt/d/邵鹏远/UCL/博1/code/audition_pipeline/ablation_study/baseline/results/HARK_n_sep+pf_IPD/official_hark_logs/hark_fileid_355.stderr.log,3
356,/mnt/d/邵鹏远/UCL/博1/code/audition_pipeline/data/dataset_4mic_3spk/Eval/mic/mic_fileid_356_doa17_3spk.wav,"27,203,291",/mnt/d/邵鹏远/UCL/博1/code/audition_pipeline/ablation_study/baseline/results/HARK_n_sep+pf_IPD/official_hark_outputs/fileid_356,/mnt/d/邵鹏远/UCL/博1/code/audition_pipeline/ablation_study/baseline/results/HARK_n_sep+pf_IPD/official_hark_outputs/fileid_356/hark_raw_fileid_356,batchflow '/mnt/d/邵鹏远/UCL/博1/code/audition_pipeline/ablation_study/baseline/results/HARK_n_sep+pf_IPD/official_hark_outputs/fileid_356/runtime_fileid_356.n' '/mnt/d/邵鹏远/UCL/博1/code/audition_pipeline/data/dataset_4mic_3spk/Eval/mic/mic_fileid_356_doa17_3spk.wav' '/mnt/d/邵鹏远/UCL/博1/code/audition_pipeline/ablation_study/baseline/results/HARK_n_sep+pf_IPD/official_hark_outputs/fileid_356/hark_raw_fileid_356',0,4.351096079999479,/mnt/d/邵鹏远/UCL/博1/code/audition_pipeline/ablation_study/baseline/results/HARK_n_sep+pf_IPD/official_hark_logs/hark_fileid_356.stdout.log,/mnt/d/邵鹏远/UCL/博1/code/audition_pipeline/ablation_study/baseline/results/HARK_n_sep+pf_IPD/official_hark_logs/hark_fileid_356.stderr.log,3
357,/mnt/d/邵鹏远/UCL/博1/code/audition_pipeline/data/dataset_4mic_3spk/Eval/mic/mic_fileid_357_doa155_3spk.wav,"155,218,329",/mnt/d/邵鹏远/UCL/博1/code/audition_pipeline/ablation_study/baseline/results/HARK_n_sep+pf_IPD/official_hark_outputs/fileid_357,/mnt/d/邵鹏远/UCL/博1/code/audition_pipeline/ablation_study/baseline/results/HARK_n_sep+pf_IPD/official_hark_outputs/fileid_357/hark_raw_fileid_357,batchflow '/mnt/d/邵鹏远/UCL/博1/code/audition_pipeline/ablation_study/baseline/results/HARK_n_sep+pf_IPD/official_hark_outputs/fileid_357/runtime_fileid_357.n' '/mnt/d/邵鹏远/UCL/博1/code/audition_pipeline/data/dataset_4mic_3spk/Eval/mic/mic_fileid_357_doa155_3spk.wav' '/mnt/d/邵鹏远/UCL/博1/code/audition_pipeline/ablation_study/baseline/results/HARK_n_sep+pf_IPD/official_hark_outputs/fileid_357/hark_raw_fileid_357',0,4.1472237400003,/mnt/d/邵鹏远/UCL/博1/code/audition_pipeline/ablation_study/baseline/results/HARK_n_sep+pf_IPD/official_hark_logs/hark_fileid_357.stdout.log,/mnt/d/邵鹏远/UCL/博1/code/audition_pipeline/ablation_study/baseline/results/HARK_n_sep+pf_IPD/official_hark_logs/hark_fileid_357.stderr.log,3
358,/mnt/d/邵鹏远/UCL/博1/code/audition_pipeline/data/dataset_4mic_3spk/Eval/mic/mic_fileid_358_doa96_3spk.wav,"132,215,301",/mnt/d/邵鹏远/UCL/博1/code/audition_pipeline/ablation_study/baseline/results/HARK_n_sep+pf_IPD/official_hark_outputs/fileid_358,/mnt/d/邵鹏远/UCL/博1/code/audition_pipeline/ablation_study/baseline/results/HARK_n_sep+pf_IPD/official_hark_outputs/fileid_358/hark_raw_fileid_358,batchflow '/mnt/d/邵鹏远/UCL/博1/code/audition_pipeline/ablation_study/baseline/results/HARK_n_sep+pf_IPD/official_hark_outputs/fileid_358/runtime_fileid_358.n' '/mnt/d/邵鹏远/UCL/博1/code/audition_pipeline/data/dataset_4mic_3spk/Eval/mic/mic_fileid_358_doa96_3spk.wav' '/mnt/d/邵鹏远/UCL/博1/code/audition_pipeline/ablation_study/baseline/results/HARK_n_sep+pf_IPD/official_hark_outputs/fileid_358/hark_raw_fileid_358',0,4.046685369999977,/mnt/d/邵鹏远/UCL/博1/code/audition_pipeline/ablation_study/baseline/results/HARK_n_sep+pf_IPD/official_hark_logs/hark_fileid_358.stdout.log,/mnt/d/邵鹏远/UCL/博1/code/audition_pipeline/ablation_study/baseline/results/HARK_n_sep+pf_IPD/official_hark_logs/hark_fileid_358.stderr.log,3
359,/mnt/d/邵鹏远/UCL/博1/code/audition_pipeline/data/dataset_4mic_3spk/Eval/mic/mic_fileid_359_doa92_3spk.wav,"93,264,291",/mnt/d/邵鹏远/UCL/博1/code/audition_pipeline/ablation_study/baseline/results/HARK_n_sep+pf_IPD/official_hark_outputs/fileid_359,/mnt/d/邵鹏远/UCL/博1/code/audition_pipeline/ablation_study/baseline/results/HARK_n_sep+pf_IPD/official_hark_outputs/fileid_359/hark_raw_fileid_359,batchflow '/mnt/d/邵鹏远/UCL/博1/code/audition_pipeline/ablation_study/baseline/results/HARK_n_sep+pf_IPD/official_hark_outputs/fileid_359/runtime_fileid_359.n' '/mnt/d/邵鹏远/UCL/博1/code/audition_pipeline/data/dataset_4mic_3spk/Eval/mic/mic_fileid_359_doa92_3spk.wav' '/mnt/d/邵鹏远/UCL/博1/code/audition_pipeline/ablation_study/baseline/results/HARK_n_sep+pf_IPD/official_hark_outputs/fileid_359/hark_raw_fileid_359',0,4.526243408000482,/mnt/d/邵鹏远/UCL/博1/code/audition_pipeline/ablation_study/baseline/results/HARK_n_sep+pf_IPD/official_hark_logs/hark_fileid_359.stdout.log,/mnt/d/邵鹏远/UCL/博1/code/audition_pipeline/ablation_study/baseline/results/HARK_n_sep+pf_IPD/official_hark_logs/hark_fileid_359.stderr.log,3
360,/mnt/d/邵鹏远/UCL/博1/code/audition_pipeline/data/dataset_4mic_3spk/Eval/mic/mic_fileid_360_doa3_3spk.wav,"6,107,299",/mnt/d/邵鹏远/UCL/博1/code/audition_pipeline/ablation_study/baseline/results/HARK_n_sep+pf_IPD/official_hark_outputs/fileid_360,/mnt/d/邵鹏远/UCL/博1/code/audition_pipeline/ablation_study/baseline/results/HARK_n_sep+pf_IPD/official_hark_outputs/fileid_360/hark_raw_fileid_360,batchflow '/mnt/d/邵鹏远/UCL/博1/code/audition_pipeline/ablation_study/baseline/results/HARK_n_sep+pf_IPD/official_hark_outputs/fileid_360/runtime_fileid_360.n' '/mnt/d/邵鹏远/UCL/博1/code/audition_pipeline/data/dataset_4mic_3spk/Eval/mic/mic_fileid_360_doa3_3spk.wav' '/mnt/d/邵鹏远/UCL/博1/code/audition_pipeline/ablation_study/baseline/results/HARK_n_sep+pf_IPD/official_hark_outputs/fileid_360/hark_raw_fileid_360',0,4.470957204000115,/mnt/d/邵鹏远/UCL/博1/code/audition_pipeline/ablation_study/baseline/results/HARK_n_sep+pf_IPD/official_hark_logs/hark_fileid_360.stdout.log,/mnt/d/邵鹏远/UCL/博1/code/audition_pipeline/ablation_study/baseline/results/HARK_n_sep+pf_IPD/official_hark_logs/hark_fileid_360.stderr.log,3
361,/mnt/d/邵鹏远/UCL/博1/code/audition_pipeline/data/dataset_4mic_3spk/Eval/mic/mic_fileid_361_doa8_3spk.wav,"17,208,283",/mnt/d/邵鹏远/UCL/博1/code/audition_pipeline/ablation_study/baseline/results/HARK_n_sep+pf_IPD/official_hark_outputs/fileid_361,/mnt/d/邵鹏远/UCL/博1/code/audition_pipeline/ablation_study/baseline/results/HARK_n_sep+pf_IPD/official_hark_outputs/fileid_361/hark_raw_fileid_361,batchflow '/mnt/d/邵鹏远/UCL/博1/code/audition_pipeline/ablation_study/baseline/results/HARK_n_sep+pf_IPD/official_hark_outputs/fileid_361/runtime_fileid_361.n' '/mnt/d/邵鹏远/UCL/博1/code/audition_pipeline/data/dataset_4mic_3spk/Eval/mic/mic_fileid_361_doa8_3spk.wav' '/mnt/d/邵鹏远/UCL/博1/code/audition_pipeline/ablation_study/baseline/results/HARK_n_sep+pf_IPD/official_hark_outputs/fileid_361/hark_raw_fileid_361',0,4.050022907999846,/mnt/d/邵鹏远/UCL/博1/code/audition_pipeline/ablation_study/baseline/results/HARK_n_sep+pf_IPD/official_hark_logs/hark_fileid_361.stdout.log,/mnt/d/邵鹏远/UCL/博1/code/audition_pipeline/ablation_study/baseline/results/HARK_n_sep+pf_IPD/official_hark_logs/hark_fileid_361.stderr.log,3
362,/mnt/d/邵鹏远/UCL/博1/code/audition_pipeline/data/dataset_4mic_3spk/Eval/mic/mic_fileid_362_doa47_3spk.wav,"66,143,256",/mnt/d/邵鹏远/UCL/博1/code/audition_pipeline/ablation_study/baseline/results/HARK_n_sep+pf_IPD/official_hark_outputs/fileid_362,/mnt/d/邵鹏远/UCL/博1/code/audition_pipeline/ablation_study/baseline/results/HARK_n_sep+pf_IPD/official_hark_outputs/fileid_362/hark_raw_fileid_362,batchflow '/mnt/d/邵鹏远/UCL/博1/code/audition_pipeline/ablation_study/baseline/results/HARK_n_sep+pf_IPD/official_hark_outputs/fileid_362/runtime_fileid_362.n' '/mnt/d/邵鹏远/UCL/博1/code/audition_pipeline/data/dataset_4mic_3spk/Eval/mic/mic_fileid_362_doa47_3spk.wav' '/mnt/d/邵鹏远/UCL/博1/code/audition_pipeline/ablation_study/baseline/results/HARK_n_sep+pf_IPD/official_hark_outputs/fileid_362/hark_raw_fileid_362',0,4.439622101999703,/mnt/d/邵鹏远/UCL/博1/code/audition_pipeline/ablation_study/baseline/results/HARK_n_sep+pf_IPD/official_hark_logs/hark_fileid_362.stdout.log,/mnt/d/邵鹏远/UCL/博1/code/audition_pipeline/ablation_study/baseline/results/HARK_n_sep+pf_IPD/official_hark_logs/hark_fileid_362.stderr.log,3
363,/mnt/d/邵鹏远/UCL/博1/code/audition_pipeline/data/dataset_4mic_3spk/Eval/mic/mic_fileid_363_doa95_3spk.wav,"184,266,337",/mnt/d/邵鹏远/UCL/博1/code/audition_pipeline/ablation_study/baseline/results/HARK_n_sep+pf_IPD/official_hark_outputs/fileid_363,/mnt/d/邵鹏远/UCL/博1/code/audition_pipeline/ablation_study/baseline/results/HARK_n_sep+pf_IPD/official_hark_outputs/fileid_363/hark_raw_fileid_363,batchflow '/mnt/d/邵鹏远/UCL/博1/code/audition_pipeline/ablation_study/baseline/results/HARK_n_sep+pf_IPD/official_hark_outputs/fileid_363/runtime_fileid_363.n' '/mnt/d/邵鹏远/UCL/博1/code/audition_pipeline/data/dataset_4mic_3spk/Eval/mic/mic_fileid_363_doa95_3spk.wav' '/mnt/d/邵鹏远/UCL/博1/code/audition_pipeline/ablation_study/baseline/results/HARK_n_sep+pf_IPD/official_hark_outputs/fileid_363/hark_raw_fileid_363',0,4.445865539999431,/mnt/d/邵鹏远/UCL/博1/code/audition_pipeline/ablation_study/baseline/results/HARK_n_sep+pf_IPD/official_hark_logs/hark_fileid_363.stdout.log,/mnt/d/邵鹏远/UCL/博1/code/audition_pipeline/ablation_study/baseline/results/HARK_n_sep+pf_IPD/official_hark_logs/hark_fileid_363.stderr.log,3
364,/mnt/d/邵鹏远/UCL/博1/code/audition_pipeline/data/dataset_4mic_3spk/Eval/mic/mic_fileid_364_doa50_3spk.wav,"216,301,348",/mnt/d/邵鹏远/UCL/博1/code/audition_pipeline/ablation_study/baseline/results/HARK_n_sep+pf_IPD/official_hark_outputs/fileid_364,/mnt/d/邵鹏远/UCL/博1/code/audition_pipeline/ablation_study/baseline/results/HARK_n_sep+pf_IPD/official_hark_outputs/fileid_364/hark_raw_fileid_364,batchflow '/mnt/d/邵鹏远/UCL/博1/code/audition_pipeline/ablation_study/baseline/results/HARK_n_sep+pf_IPD/official_hark_outputs/fileid_364/runtime_fileid_364.n' '/mnt/d/邵鹏远/UCL/博1/code/audition_pipeline/data/dataset_4mic_3spk/Eval/mic/mic_fileid_364_doa50_3spk.wav' '/mnt/d/邵鹏远/UCL/博1/code/audition_pipeline/ablation_study/baseline/results/HARK_n_sep+pf_IPD/official_hark_outputs/fileid_364/hark_raw_fileid_364',0,4.462023580000277,/mnt/d/邵鹏远/UCL/博1/code/audition_pipeline/ablation_study/baseline/results/HARK_n_sep+pf_IPD/official_hark_logs/hark_fileid_364.stdout.log,/mnt/d/邵鹏远/UCL/博1/code/audition_pipeline/ablation_study/baseline/results/HARK_n_sep+pf_IPD/official_hark_logs/hark_fileid_364.stderr.log,3
365,/mnt/d/邵鹏远/UCL/博1/code/audition_pipeline/data/dataset_4mic_3spk/Eval/mic/mic_fileid_365_doa174_3spk.wav,"169,212,263",/mnt/d/邵鹏远/UCL/博1/code/audition_pipeline/ablation_study/baseline/results/HARK_n_sep+pf_IPD/official_hark_outputs/fileid_365,/mnt/d/邵鹏远/UCL/博1/code/audition_pipeline/ablation_study/baseline/results/HARK_n_sep+pf_IPD/official_hark_outputs/fileid_365/hark_raw_fileid_365,batchflow '/mnt/d/邵鹏远/UCL/博1/code/audition_pipeline/ablation_study/baseline/results/HARK_n_sep+pf_IPD/official_hark_outputs/fileid_365/runtime_fileid_365.n' '/mnt/d/邵鹏远/UCL/博1/code/audition_pipeline/data/dataset_4mic_3spk/Eval/mic/mic_fileid_365_doa174_3spk.wav' '/mnt/d/邵鹏远/UCL/博1/code/audition_pipeline/ablation_study/baseline/results/HARK_n_sep+pf_IPD/official_hark_outputs/fileid_365/hark_raw_fileid_365',0,4.436035015000016,/mnt/d/邵鹏远/UCL/博1/code/audition_pipeline/ablation_study/baseline/results/HARK_n_sep+pf_IPD/official_hark_logs/hark_fileid_365.stdout.log,/mnt/d/邵鹏远/UCL/博1/code/audition_pipeline/ablation_study/baseline/results/HARK_n_sep+pf_IPD/official_hark_logs/hark_fileid_365.stderr.log,3
366,/mnt/d/邵鹏远/UCL/博1/code/audition_pipeline/data/dataset_4mic_3spk/Eval/mic/mic_fileid_366_doa75_3spk.wav,"76,183,358",/mnt/d/邵鹏远/UCL/博1/code/audition_pipeline/ablation_study/baseline/results/HARK_n_sep+pf_IPD/official_hark_outputs/fileid_366,/mnt/d/邵鹏远/UCL/博1/code/audition_pipeline/ablation_study/baseline/results/HARK_n_sep+pf_IPD/official_hark_outputs/fileid_366/hark_raw_fileid_366,batchflow '/mnt/d/邵鹏远/UCL/博1/code/audition_pipeline/ablation_study/baseline/results/HARK_n_sep+pf_IPD/official_hark_outputs/fileid_366/runtime_fileid_366.n' '/mnt/d/邵鹏远/UCL/博1/code/audition_pipeline/data/dataset_4mic_3spk/Eval/mic/mic_fileid_366_doa75_3spk.wav' '/mnt/d/邵鹏远/UCL/博1/code/audition_pipeline/ablation_study/baseline/results/HARK_n_sep+pf_IPD/official_hark_outputs/fileid_366/hark_raw_fileid_366',0,4.160624054999971,/mnt/d/邵鹏远/UCL/博1/code/audition_pipeline/ablation_study/baseline/results/HARK_n_sep+pf_IPD/official_hark_logs/hark_fileid_366.stdout.log,/mnt/d/邵鹏远/UCL/博1/code/audition_pipeline/ablation_study/baseline/results/HARK_n_sep+pf_IPD/official_hark_logs/hark_fileid_366.stderr.log,3
367,/mnt/d/邵鹏远/UCL/博1/code/audition_pipeline/data/dataset_4mic_3spk/Eval/mic/mic_fileid_367_doa110_3spk.wav,"39,262,298",/mnt/d/邵鹏远/UCL/博1/code/audition_pipeline/ablation_study/baseline/results/HARK_n_sep+pf_IPD/official_hark_outputs/fileid_367,/mnt/d/邵鹏远/UCL/博1/code/audition_pipeline/ablation_study/baseline/results/HARK_n_sep+pf_IPD/official_hark_outputs/fileid_367/hark_raw_fileid_367,batchflow '/mnt/d/邵鹏远/UCL/博1/code/audition_pipeline/ablation_study/baseline/results/HARK_n_sep+pf_IPD/official_hark_outputs/fileid_367/runtime_fileid_367.n' '/mnt/d/邵鹏远/UCL/博1/code/audition_pipeline/data/dataset_4mic_3spk/Eval/mic/mic_fileid_367_doa110_3spk.wav' '/mnt/d/邵鹏远/UCL/博1/code/audition_pipeline/ablation_study/baseline/results/HARK_n_sep+pf_IPD/official_hark_outputs/fileid_367/hark_raw_fileid_367',0,4.454374751000614,/mnt/d/邵鹏远/UCL/博1/code/audition_pipeline/ablation_study/baseline/results/HARK_n_sep+pf_IPD/official_hark_logs/hark_fileid_367.stdout.log,/mnt/d/邵鹏远/UCL/博1/code/audition_pipeline/ablation_study/baseline/results/HARK_n_sep+pf_IPD/official_hark_logs/hark_fileid_367.stderr.log,3
368,/mnt/d/邵鹏远/UCL/博1/code/audition_pipeline/data/dataset_4mic_3spk/Eval/mic/mic_fileid_368_doa76_3spk.wav,"78,265,293",/mnt/d/邵鹏远/UCL/博1/code/audition_pipeline/ablation_study/baseline/results/HARK_n_sep+pf_IPD/official_hark_outputs/fileid_368,/mnt/d/邵鹏远/UCL/博1/code/audition_pipeline/ablation_study/baseline/results/HARK_n_sep+pf_IPD/official_hark_outputs/fileid_368/hark_raw_fileid_368,batchflow '/mnt/d/邵鹏远/UCL/博1/code/audition_pipeline/ablation_study/baseline/results/HARK_n_sep+pf_IPD/official_hark_outputs/fileid_368/runtime_fileid_368.n' '/mnt/d/邵鹏远/UCL/博1/code/audition_pipeline/data/dataset_4mic_3spk/Eval/mic/mic_fileid_368_doa76_3spk.wav' '/mnt/d/邵鹏远/UCL/博1/code/audition_pipeline/ablation_study/baseline/results/HARK_n_sep+pf_IPD/official_hark_outputs/fileid_368/hark_raw_fileid_368',0,4.056587418000163,/mnt/d/邵鹏远/UCL/博1/code/audition_pipeline/ablation_study/baseline/results/HARK_n_sep+pf_IPD/official_hark_logs/hark_fileid_368.stdout.log,/mnt/d/邵鹏远/UCL/博1/code/audition_pipeline/ablation_study/baseline/results/HARK_n_sep+pf_IPD/official_hark_logs/hark_fileid_368.stderr.log,3
369,/mnt/d/邵鹏远/UCL/博1/code/audition_pipeline/data/dataset_4mic_3spk/Eval/mic/mic_fileid_369_doa27_3spk.wav,"25,75,161",/mnt/d/邵鹏远/UCL/博1/code/audition_pipeline/ablation_study/baseline/results/HARK_n_sep+pf_IPD/official_hark_outputs/fileid_369,/mnt/d/邵鹏远/UCL/博1/code/audition_pipeline/ablation_study/baseline/results/HARK_n_sep+pf_IPD/official_hark_outputs/fileid_369/hark_raw_fileid_369,batchflow '/mnt/d/邵鹏远/UCL/博1/code/audition_pipeline/ablation_study/baseline/results/HARK_n_sep+pf_IPD/official_hark_outputs/fileid_369/runtime_fileid_369.n' '/mnt/d/邵鹏远/UCL/博1/code/audition_pipeline/data/dataset_4mic_3spk/Eval/mic/mic_fileid_369_doa27_3spk.wav' '/mnt/d/邵鹏远/UCL/博1/code/audition_pipeline/ablation_study/baseline/results/HARK_n_sep+pf_IPD/official_hark_outputs/fileid_369/hark_raw_fileid_369',0,4.252740449999692,/mnt/d/邵鹏远/UCL/博1/code/audition_pipeline/ablation_study/baseline/results/HARK_n_sep+pf_IPD/official_hark_logs/hark_fileid_369.stdout.log,/mnt/d/邵鹏远/UCL/博1/code/audition_pipeline/ablation_study/baseline/results/HARK_n_sep+pf_IPD/official_hark_logs/hark_fileid_369.stderr.log,3
370,/mnt/d/邵鹏远/UCL/博1/code/audition_pipeline/data/dataset_4mic_3spk/Eval/mic/mic_fileid_370_doa148_3spk.wav,"151,292,332",/mnt/d/邵鹏远/UCL/博1/code/audition_pipeline/ablation_study/baseline/results/HARK_n_sep+pf_IPD/official_hark_outputs/fileid_370,/mnt/d/邵鹏远/UCL/博1/code/audition_pipeline/ablation_study/baseline/results/HARK_n_sep+pf_IPD/official_hark_outputs/fileid_370/hark_raw_fileid_370,batchflow '/mnt/d/邵鹏远/UCL/博1/code/audition_pipeline/ablation_study/baseline/results/HARK_n_sep+pf_IPD/official_hark_outputs/fileid_370/runtime_fileid_370.n' '/mnt/d/邵鹏远/UCL/博1/code/audition_pipeline/data/dataset_4mic_3spk/Eval/mic/mic_fileid_370_doa148_3spk.wav' '/mnt/d/邵鹏远/UCL/博1/code/audition_pipeline/ablation_study/baseline/results/HARK_n_sep+pf_IPD/official_hark_outputs/fileid_370/hark_raw_fileid_370',0,4.463012764999803,/mnt/d/邵鹏远/UCL/博1/code/audition_pipeline/ablation_study/baseline/results/HARK_n_sep+pf_IPD/official_hark_logs/hark_fileid_370.stdout.log,/mnt/d/邵鹏远/UCL/博1/code/audition_pipeline/ablation_study/baseline/results/HARK_n_sep+pf_IPD/official_hark_logs/hark_fileid_370.stderr.log,3
371,/mnt/d/邵鹏远/UCL/博1/code/audition_pipeline/data/dataset_4mic_3spk/Eval/mic/mic_fileid_371_doa68_3spk.wav,"187,249,306",/mnt/d/邵鹏远/UCL/博1/code/audition_pipeline/ablation_study/baseline/results/HARK_n_sep+pf_IPD/official_hark_outputs/fileid_371,/mnt/d/邵鹏远/UCL/博1/code/audition_pipeline/ablation_study/baseline/results/HARK_n_sep+pf_IPD/official_hark_outputs/fileid_371/hark_raw_fileid_371,batchflow '/mnt/d/邵鹏远/UCL/博1/code/audition_pipeline/ablation_study/baseline/results/HARK_n_sep+pf_IPD/official_hark_outputs/fileid_371/runtime_fileid_371.n' '/mnt/d/邵鹏远/UCL/博1/code/audition_pipeline/data/dataset_4mic_3spk/Eval/mic/mic_fileid_371_doa68_3spk.wav' '/mnt/d/邵鹏远/UCL/博1/code/audition_pipeline/ablation_study/baseline/results/HARK_n_sep+pf_IPD/official_hark_outputs/fileid_371/hark_raw_fileid_371',0,4.296753196999816,/mnt/d/邵鹏远/UCL/博1/code/audition_pipeline/ablation_study/baseline/results/HARK_n_sep+pf_IPD/official_hark_logs/hark_fileid_371.stdout.log,/mnt/d/邵鹏远/UCL/博1/code/audition_pipeline/ablation_study/baseline/results/HARK_n_sep+pf_IPD/official_hark_logs/hark_fileid_371.stderr.log,3
372,/mnt/d/邵鹏远/UCL/博1/code/audition_pipeline/data/dataset_4mic_3spk/Eval/mic/mic_fileid_372_doa161_3spk.wav,"1,159,227",/mnt/d/邵鹏远/UCL/博1/code/audition_pipeline/ablation_study/baseline/results/HARK_n_sep+pf_IPD/official_hark_outputs/fileid_372,/mnt/d/邵鹏远/UCL/博1/code/audition_pipeline/ablation_study/baseline/results/HARK_n_sep+pf_IPD/official_hark_outputs/fileid_372/hark_raw_fileid_372,batchflow '/mnt/d/邵鹏远/UCL/博1/code/audition_pipeline/ablation_study/baseline/results/HARK_n_sep+pf_IPD/official_hark_outputs/fileid_372/runtime_fileid_372.n' '/mnt/d/邵鹏远/UCL/博1/code/audition_pipeline/data/dataset_4mic_3spk/Eval/mic/mic_fileid_372_doa161_3spk.wav' '/mnt/d/邵鹏远/UCL/博1/code/audition_pipeline/ablation_study/baseline/results/HARK_n_sep+pf_IPD/official_hark_outputs/fileid_372/hark_raw_fileid_372',0,4.46172510299948,/mnt/d/邵鹏远/UCL/博1/code/audition_pipeline/ablation_study/baseline/results/HARK_n_sep+pf_IPD/official_hark_logs/hark_fileid_372.stdout.log,/mnt/d/邵鹏远/UCL/博1/code/audition_pipeline/ablation_study/baseline/results/HARK_n_sep+pf_IPD/official_hark_logs/hark_fileid_372.stderr.log,3
373,/mnt/d/邵鹏远/UCL/博1/code/audition_pipeline/data/dataset_4mic_3spk/Eval/mic/mic_fileid_373_doa55_3spk.wav,"67,174,278",/mnt/d/邵鹏远/UCL/博1/code/audition_pipeline/ablation_study/baseline/results/HARK_n_sep+pf_IPD/official_hark_outputs/fileid_373,/mnt/d/邵鹏远/UCL/博1/code/audition_pipeline/ablation_study/baseline/results/HARK_n_sep+pf_IPD/official_hark_outputs/fileid_373/hark_raw_fileid_373,batchflow '/mnt/d/邵鹏远/UCL/博1/code/audition_pipeline/ablation_study/baseline/results/HARK_n_sep+pf_IPD/official_hark_outputs/fileid_373/runtime_fileid_373.n' '/mnt/d/邵鹏远/UCL/博1/code/audition_pipeline/data/dataset_4mic_3spk/Eval/mic/mic_fileid_373_doa55_3spk.wav' '/mnt/d/邵鹏远/UCL/博1/code/audition_pipeline/ablation_study/baseline/results/HARK_n_sep+pf_IPD/official_hark_outputs/fileid_373/hark_raw_fileid_373',0,4.750333496999701,/mnt/d/邵鹏远/UCL/博1/code/audition_pipeline/ablation_study/baseline/results/HARK_n_sep+pf_IPD/official_hark_logs/hark_fileid_373.stdout.log,/mnt/d/邵鹏远/UCL/博1/code/audition_pipeline/ablation_study/baseline/results/HARK_n_sep+pf_IPD/official_hark_logs/hark_fileid_373.stderr.log,3
374,/mnt/d/邵鹏远/UCL/博1/code/audition_pipeline/data/dataset_4mic_3spk/Eval/mic/mic_fileid_374_doa92_3spk.wav,"85,188,256",/mnt/d/邵鹏远/UCL/博1/code/audition_pipeline/ablation_study/baseline/results/HARK_n_sep+pf_IPD/official_hark_outputs/fileid_374,/mnt/d/邵鹏远/UCL/博1/code/audition_pipeline/ablation_study/baseline/results/HARK_n_sep+pf_IPD/official_hark_outputs/fileid_374/hark_raw_fileid_374,batchflow '/mnt/d/邵鹏远/UCL/博1/code/audition_pipeline/ablation_study/baseline/results/HARK_n_sep+pf_IPD/official_hark_outputs/fileid_374/runtime_fileid_374.n' '/mnt/d/邵鹏远/UCL/博1/code/audition_pipeline/data/dataset_4mic_3spk/Eval/mic/mic_fileid_374_doa92_3spk.wav' '/mnt/d/邵鹏远/UCL/博1/code/audition_pipeline/ablation_study/baseline/results/HARK_n_sep+pf_IPD/official_hark_outputs/fileid_374/hark_raw_fileid_374',0,4.61116623000089,/mnt/d/邵鹏远/UCL/博1/code/audition_pipeline/ablation_study/baseline/results/HARK_n_sep+pf_IPD/official_hark_logs/hark_fileid_374.stdout.log,/mnt/d/邵鹏远/UCL/博1/code/audition_pipeline/ablation_study/baseline/results/HARK_n_sep+pf_IPD/official_hark_logs/hark_fileid_374.stderr.log,3
375,/mnt/d/邵鹏远/UCL/博1/code/audition_pipeline/data/dataset_4mic_3spk/Eval/mic/mic_fileid_375_doa192_3spk.wav,"192,294,335",/mnt/d/邵鹏远/UCL/博1/code/audition_pipeline/ablation_study/baseline/results/HARK_n_sep+pf_IPD/official_hark_outputs/fileid_375,/mnt/d/邵鹏远/UCL/博1/code/audition_pipeline/ablation_study/baseline/results/HARK_n_sep+pf_IPD/official_hark_outputs/fileid_375/hark_raw_fileid_375,batchflow '/mnt/d/邵鹏远/UCL/博1/code/audition_pipeline/ablation_study/baseline/results/HARK_n_sep+pf_IPD/official_hark_outputs/fileid_375/runtime_fileid_375.n' '/mnt/d/邵鹏远/UCL/博1/code/audition_pipeline/data/dataset_4mic_3spk/Eval/mic/mic_fileid_375_doa192_3spk.wav' '/mnt/d/邵鹏远/UCL/博1/code/audition_pipeline/ablation_study/baseline/results/HARK_n_sep+pf_IPD/official_hark_outputs/fileid_375/hark_raw_fileid_375',0,4.33949502500036,/mnt/d/邵鹏远/UCL/博1/code/audition_pipeline/ablation_study/baseline/results/HARK_n_sep+pf_IPD/official_hark_logs/hark_fileid_375.stdout.log,/mnt/d/邵鹏远/UCL/博1/code/audition_pipeline/ablation_study/baseline/results/HARK_n_sep+pf_IPD/official_hark_logs/hark_fileid_375.stderr.log,3
376,/mnt/d/邵鹏远/UCL/博1/code/audition_pipeline/data/dataset_4mic_3spk/Eval/mic/mic_fileid_376_doa40_3spk.wav,"40,94,151",/mnt/d/邵鹏远/UCL/博1/code/audition_pipeline/ablation_study/baseline/results/HARK_n_sep+pf_IPD/official_hark_outputs/fileid_376,/mnt/d/邵鹏远/UCL/博1/code/audition_pipeline/ablation_study/baseline/results/HARK_n_sep+pf_IPD/official_hark_outputs/fileid_376/hark_raw_fileid_376,batchflow '/mnt/d/邵鹏远/UCL/博1/code/audition_pipeline/ablation_study/baseline/results/HARK_n_sep+pf_IPD/official_hark_outputs/fileid_376/runtime_fileid_376.n' '/mnt/d/邵鹏远/UCL/博1/code/audition_pipeline/data/dataset_4mic_3spk/Eval/mic/mic_fileid_376_doa40_3spk.wav' '/mnt/d/邵鹏远/UCL/博1/code/audition_pipeline/ablation_study/baseline/results/HARK_n_sep+pf_IPD/official_hark_outputs/fileid_376/hark_raw_fileid_376',0,4.511864164999679,/mnt/d/邵鹏远/UCL/博1/code/audition_pipeline/ablation_study/baseline/results/HARK_n_sep+pf_IPD/official_hark_logs/hark_fileid_376.stdout.log,/mnt/d/邵鹏远/UCL/博1/code/audition_pipeline/ablation_study/baseline/results/HARK_n_sep+pf_IPD/official_hark_logs/hark_fileid_376.stderr.log,3
377,/mnt/d/邵鹏远/UCL/博1/code/audition_pipeline/data/dataset_4mic_3spk/Eval/mic/mic_fileid_377_doa285_3spk.wav,"252,285,337",/mnt/d/邵鹏远/UCL/博1/code/audition_pipeline/ablation_study/baseline/results/HARK_n_sep+pf_IPD/official_hark_outputs/fileid_377,/mnt/d/邵鹏远/UCL/博1/code/audition_pipeline/ablation_study/baseline/results/HARK_n_sep+pf_IPD/official_hark_outputs/fileid_377/hark_raw_fileid_377,batchflow '/mnt/d/邵鹏远/UCL/博1/code/audition_pipeline/ablation_study/baseline/results/HARK_n_sep+pf_IPD/official_hark_outputs/fileid_377/runtime_fileid_377.n' '/mnt/d/邵鹏远/UCL/博1/code/audition_pipeline/data/dataset_4mic_3spk/Eval/mic/mic_fileid_377_doa285_3spk.wav' '/mnt/d/邵鹏远/UCL/博1/code/audition_pipeline/ablation_study/baseline/results/HARK_n_sep+pf_IPD/official_hark_outputs/fileid_377/hark_raw_fileid_377',0,4.0994501389996,/mnt/d/邵鹏远/UCL/博1/code/audition_pipeline/ablation_study/baseline/results/HARK_n_sep+pf_IPD/official_hark_logs/hark_fileid_377.stdout.log,/mnt/d/邵鹏远/UCL/博1/code/audition_pipeline/ablation_study/baseline/results/HARK_n_sep+pf_IPD/official_hark_logs/hark_fileid_377.stderr.log,3
378,/mnt/d/邵鹏远/UCL/博1/code/audition_pipeline/data/dataset_4mic_3spk/Eval/mic/mic_fileid_378_doa15_3spk.wav,"19,84,295",/mnt/d/邵鹏远/UCL/博1/code/audition_pipeline/ablation_study/baseline/results/HARK_n_sep+pf_IPD/official_hark_outputs/fileid_378,/mnt/d/邵鹏远/UCL/博1/code/audition_pipeline/ablation_study/baseline/results/HARK_n_sep+pf_IPD/official_hark_outputs/fileid_378/hark_raw_fileid_378,batchflow '/mnt/d/邵鹏远/UCL/博1/code/audition_pipeline/ablation_study/baseline/results/HARK_n_sep+pf_IPD/official_hark_outputs/fileid_378/runtime_fileid_378.n' '/mnt/d/邵鹏远/UCL/博1/code/audition_pipeline/data/dataset_4mic_3spk/Eval/mic/mic_fileid_378_doa15_3spk.wav' '/mnt/d/邵鹏远/UCL/博1/code/audition_pipeline/ablation_study/baseline/results/HARK_n_sep+pf_IPD/official_hark_outputs/fileid_378/hark_raw_fileid_378',0,4.580628589000298,/mnt/d/邵鹏远/UCL/博1/code/audition_pipeline/ablation_study/baseline/results/HARK_n_sep+pf_IPD/official_hark_logs/hark_fileid_378.stdout.log,/mnt/d/邵鹏远/UCL/博1/code/audition_pipeline/ablation_study/baseline/results/HARK_n_sep+pf_IPD/official_hark_logs/hark_fileid_378.stderr.log,3
379,/mnt/d/邵鹏远/UCL/博1/code/audition_pipeline/data/dataset_4mic_3spk/Eval/mic/mic_fileid_379_doa53_3spk.wav,"64,205,254",/mnt/d/邵鹏远/UCL/博1/code/audition_pipeline/ablation_study/baseline/results/HARK_n_sep+pf_IPD/official_hark_outputs/fileid_379,/mnt/d/邵鹏远/UCL/博1/code/audition_pipeline/ablation_study/baseline/results/HARK_n_sep+pf_IPD/official_hark_outputs/fileid_379/hark_raw_fileid_379,batchflow '/mnt/d/邵鹏远/UCL/博1/code/audition_pipeline/ablation_study/baseline/results/HARK_n_sep+pf_IPD/official_hark_outputs/fileid_379/runtime_fileid_379.n' '/mnt/d/邵鹏远/UCL/博1/code/audition_pipeline/data/dataset_4mic_3spk/Eval/mic/mic_fileid_379_doa53_3spk.wav' '/mnt/d/邵鹏远/UCL/博1/code/audition_pipeline/ablation_study/baseline/results/HARK_n_sep+pf_IPD/official_hark_outputs/fileid_379/hark_raw_fileid_379',0,4.5124384679993454,/mnt/d/邵鹏远/UCL/博1/code/audition_pipeline/ablation_study/baseline/results/HARK_n_sep+pf_IPD/official_hark_logs/hark_fileid_379.stdout.log,/mnt/d/邵鹏远/UCL/博1/code/audition_pipeline/ablation_study/baseline/results/HARK_n_sep+pf_IPD/official_hark_logs/hark_fileid_379.stderr.log,3
380,/mnt/d/邵鹏远/UCL/博1/code/audition_pipeline/data/dataset_4mic_3spk/Eval/mic/mic_fileid_380_doa120_3spk.wav,"121,216,302",/mnt/d/邵鹏远/UCL/博1/code/audition_pipeline/ablation_study/baseline/results/HARK_n_sep+pf_IPD/official_hark_outputs/fileid_380,/mnt/d/邵鹏远/UCL/博1/code/audition_pipeline/ablation_study/baseline/results/HARK_n_sep+pf_IPD/official_hark_outputs/fileid_380/hark_raw_fileid_380,batchflow '/mnt/d/邵鹏远/UCL/博1/code/audition_pipeline/ablation_study/baseline/results/HARK_n_sep+pf_IPD/official_hark_outputs/fileid_380/runtime_fileid_380.n' '/mnt/d/邵鹏远/UCL/博1/code/audition_pipeline/data/dataset_4mic_3spk/Eval/mic/mic_fileid_380_doa120_3spk.wav' '/mnt/d/邵鹏远/UCL/博1/code/audition_pipeline/ablation_study/baseline/results/HARK_n_sep+pf_IPD/official_hark_outputs/fileid_380/hark_raw_fileid_380',0,4.522945516999243,/mnt/d/邵鹏远/UCL/博1/code/audition_pipeline/ablation_study/baseline/results/HARK_n_sep+pf_IPD/official_hark_logs/hark_fileid_380.stdout.log,/mnt/d/邵鹏远/UCL/博1/code/audition_pipeline/ablation_study/baseline/results/HARK_n_sep+pf_IPD/official_hark_logs/hark_fileid_380.stderr.log,3
381,/mnt/d/邵鹏远/UCL/博1/code/audition_pipeline/data/dataset_4mic_3spk/Eval/mic/mic_fileid_381_doa212_3spk.wav,"210,251,336",/mnt/d/邵鹏远/UCL/博1/code/audition_pipeline/ablation_study/baseline/results/HARK_n_sep+pf_IPD/official_hark_outputs/fileid_381,/mnt/d/邵鹏远/UCL/博1/code/audition_pipeline/ablation_study/baseline/results/HARK_n_sep+pf_IPD/official_hark_outputs/fileid_381/hark_raw_fileid_381,batchflow '/mnt/d/邵鹏远/UCL/博1/code/audition_pipeline/ablation_study/baseline/results/HARK_n_sep+pf_IPD/official_hark_outputs/fileid_381/runtime_fileid_381.n' '/mnt/d/邵鹏远/UCL/博1/code/audition_pipeline/data/dataset_4mic_3spk/Eval/mic/mic_fileid_381_doa212_3spk.wav' '/mnt/d/邵鹏远/UCL/博1/code/audition_pipeline/ablation_study/baseline/results/HARK_n_sep+pf_IPD/official_hark_outputs/fileid_381/hark_raw_fileid_381',0,4.516388637000091,/mnt/d/邵鹏远/UCL/博1/code/audition_pipeline/ablation_study/baseline/results/HARK_n_sep+pf_IPD/official_hark_logs/hark_fileid_381.stdout.log,/mnt/d/邵鹏远/UCL/博1/code/audition_pipeline/ablation_study/baseline/results/HARK_n_sep+pf_IPD/official_hark_logs/hark_fileid_381.stderr.log,3
382,/mnt/d/邵鹏远/UCL/博1/code/audition_pipeline/data/dataset_4mic_3spk/Eval/mic/mic_fileid_382_doa34_3spk.wav,"29,78,232",/mnt/d/邵鹏远/UCL/博1/code/audition_pipeline/ablation_study/baseline/results/HARK_n_sep+pf_IPD/official_hark_outputs/fileid_382,/mnt/d/邵鹏远/UCL/博1/code/audition_pipeline/ablation_study/baseline/results/HARK_n_sep+pf_IPD/official_hark_outputs/fileid_382/hark_raw_fileid_382,batchflow '/mnt/d/邵鹏远/UCL/博1/code/audition_pipeline/ablation_study/baseline/results/HARK_n_sep+pf_IPD/official_hark_outputs/fileid_382/runtime_fileid_382.n' '/mnt/d/邵鹏远/UCL/博1/code/audition_pipeline/data/dataset_4mic_3spk/Eval/mic/mic_fileid_382_doa34_3spk.wav' '/mnt/d/邵鹏远/UCL/博1/code/audition_pipeline/ablation_study/baseline/results/HARK_n_sep+pf_IPD/official_hark_outputs/fileid_382/hark_raw_fileid_382',0,4.593084408999857,/mnt/d/邵鹏远/UCL/博1/code/audition_pipeline/ablation_study/baseline/results/HARK_n_sep+pf_IPD/official_hark_logs/hark_fileid_382.stdout.log,/mnt/d/邵鹏远/UCL/博1/code/audition_pipeline/ablation_study/baseline/results/HARK_n_sep+pf_IPD/official_hark_logs/hark_fileid_382.stderr.log,3
383,/mnt/d/邵鹏远/UCL/博1/code/audition_pipeline/data/dataset_4mic_3spk/Eval/mic/mic_fileid_383_doa0_3spk.wav,"166,179,246",/mnt/d/邵鹏远/UCL/博1/code/audition_pipeline/ablation_study/baseline/results/HARK_n_sep+pf_IPD/official_hark_outputs/fileid_383,/mnt/d/邵鹏远/UCL/博1/code/audition_pipeline/ablation_study/baseline/results/HARK_n_sep+pf_IPD/official_hark_outputs/fileid_383/hark_raw_fileid_383,batchflow '/mnt/d/邵鹏远/UCL/博1/code/audition_pipeline/ablation_study/baseline/results/HARK_n_sep+pf_IPD/official_hark_outputs/fileid_383/runtime_fileid_383.n' '/mnt/d/邵鹏远/UCL/博1/code/audition_pipeline/data/dataset_4mic_3spk/Eval/mic/mic_fileid_383_doa0_3spk.wav' '/mnt/d/邵鹏远/UCL/博1/code/audition_pipeline/ablation_study/baseline/results/HARK_n_sep+pf_IPD/official_hark_outputs/fileid_383/hark_raw_fileid_383',0,4.313780374000089,/mnt/d/邵鹏远/UCL/博1/code/audition_pipeline/ablation_study/baseline/results/HARK_n_sep+pf_IPD/official_hark_logs/hark_fileid_383.stdout.log,/mnt/d/邵鹏远/UCL/博1/code/audition_pipeline/ablation_study/baseline/results/HARK_n_sep+pf_IPD/official_hark_logs/hark_fileid_383.stderr.log,3
384,/mnt/d/邵鹏远/UCL/博1/code/audition_pipeline/data/dataset_4mic_3spk/Eval/mic/mic_fileid_384_doa36_3spk.wav,"35,89,163",/mnt/d/邵鹏远/UCL/博1/code/audition_pipeline/ablation_study/baseline/results/HARK_n_sep+pf_IPD/official_hark_outputs/fileid_384,/mnt/d/邵鹏远/UCL/博1/code/audition_pipeline/ablation_study/baseline/results/HARK_n_sep+pf_IPD/official_hark_outputs/fileid_384/hark_raw_fileid_384,batchflow '/mnt/d/邵鹏远/UCL/博1/code/audition_pipeline/ablation_study/baseline/results/HARK_n_sep+pf_IPD/official_hark_outputs/fileid_384/runtime_fileid_384.n' '/mnt/d/邵鹏远/UCL/博1/code/audition_pipeline/data/dataset_4mic_3spk/Eval/mic/mic_fileid_384_doa36_3spk.wav' '/mnt/d/邵鹏远/UCL/博1/code/audition_pipeline/ablation_study/baseline/results/HARK_n_sep+pf_IPD/official_hark_outputs/fileid_384/hark_raw_fileid_384',0,4.274157224999726,/mnt/d/邵鹏远/UCL/博1/code/audition_pipeline/ablation_study/baseline/results/HARK_n_sep+pf_IPD/official_hark_logs/hark_fileid_384.stdout.log,/mnt/d/邵鹏远/UCL/博1/code/audition_pipeline/ablation_study/baseline/results/HARK_n_sep+pf_IPD/official_hark_logs/hark_fileid_384.stderr.log,3
385,/mnt/d/邵鹏远/UCL/博1/code/audition_pipeline/data/dataset_4mic_3spk/Eval/mic/mic_fileid_385_doa92_3spk.wav,"218,277",/mnt/d/邵鹏远/UCL/博1/code/audition_pipeline/ablation_study/baseline/results/HARK_n_sep+pf_IPD/official_hark_outputs/fileid_385,/mnt/d/邵鹏远/UCL/博1/code/audition_pipeline/ablation_study/baseline/results/HARK_n_sep+pf_IPD/official_hark_outputs/fileid_385/hark_raw_fileid_385,batchflow '/mnt/d/邵鹏远/UCL/博1/code/audition_pipeline/ablation_study/baseline/results/HARK_n_sep+pf_IPD/official_hark_outputs/fileid_385/runtime_fileid_385.n' '/mnt/d/邵鹏远/UCL/博1/code/audition_pipeline/data/dataset_4mic_3spk/Eval/mic/mic_fileid_385_doa92_3spk.wav' '/mnt/d/邵鹏远/UCL/博1/code/audition_pipeline/ablation_study/baseline/results/HARK_n_sep+pf_IPD/official_hark_outputs/fileid_385/hark_raw_fileid_385',0,3.286908340000082,/mnt/d/邵鹏远/UCL/博1/code/audition_pipeline/ablation_study/baseline/results/HARK_n_sep+pf_IPD/official_hark_logs/hark_fileid_385.stdout.log,/mnt/d/邵鹏远/UCL/博1/code/audition_pipeline/ablation_study/baseline/results/HARK_n_sep+pf_IPD/official_hark_logs/hark_fileid_385.stderr.log,2
386,/mnt/d/邵鹏远/UCL/博1/code/audition_pipeline/data/dataset_4mic_3spk/Eval/mic/mic_fileid_386_doa35_3spk.wav,"51,142,221",/mnt/d/邵鹏远/UCL/博1/code/audition_pipeline/ablation_study/baseline/results/HARK_n_sep+pf_IPD/official_hark_outputs/fileid_386,/mnt/d/邵鹏远/UCL/博1/code/audition_pipeline/ablation_study/baseline/results/HARK_n_sep+pf_IPD/official_hark_outputs/fileid_386/hark_raw_fileid_386,batchflow '/mnt/d/邵鹏远/UCL/博1/code/audition_pipeline/ablation_study/baseline/results/HARK_n_sep+pf_IPD/official_hark_outputs/fileid_386/runtime_fileid_386.n' '/mnt/d/邵鹏远/UCL/博1/code/audition_pipeline/data/dataset_4mic_3spk/Eval/mic/mic_fileid_386_doa35_3spk.wav' '/mnt/d/邵鹏远/UCL/博1/code/audition_pipeline/ablation_study/baseline/results/HARK_n_sep+pf_IPD/official_hark_outputs/fileid_386/hark_raw_fileid_386',0,4.622510021999915,/mnt/d/邵鹏远/UCL/博1/code/audition_pipeline/ablation_study/baseline/results/HARK_n_sep+pf_IPD/official_hark_logs/hark_fileid_386.stdout.log,/mnt/d/邵鹏远/UCL/博1/code/audition_pipeline/ablation_study/baseline/results/HARK_n_sep+pf_IPD/official_hark_logs/hark_fileid_386.stderr.log,3
387,/mnt/d/邵鹏远/UCL/博1/code/audition_pipeline/data/dataset_4mic_3spk/Eval/mic/mic_fileid_387_doa54_3spk.wav,"53,88,158",/mnt/d/邵鹏远/UCL/博1/code/audition_pipeline/ablation_study/baseline/results/HARK_n_sep+pf_IPD/official_hark_outputs/fileid_387,/mnt/d/邵鹏远/UCL/博1/code/audition_pipeline/ablation_study/baseline/results/HARK_n_sep+pf_IPD/official_hark_outputs/fileid_387/hark_raw_fileid_387,batchflow '/mnt/d/邵鹏远/UCL/博1/code/audition_pipeline/ablation_study/baseline/results/HARK_n_sep+pf_IPD/official_hark_outputs/fileid_387/runtime_fileid_387.n' '/mnt/d/邵鹏远/UCL/博1/code/audition_pipeline/data/dataset_4mic_3spk/Eval/mic/mic_fileid_387_doa54_3spk.wav' '/mnt/d/邵鹏远/UCL/博1/code/audition_pipeline/ablation_study/baseline/results/HARK_n_sep+pf_IPD/official_hark_outputs/fileid_387/hark_raw_fileid_387',0,4.369953280999653,/mnt/d/邵鹏远/UCL/博1/code/audition_pipeline/ablation_study/baseline/results/HARK_n_sep+pf_IPD/official_hark_logs/hark_fileid_387.stdout.log,/mnt/d/邵鹏远/UCL/博1/code/audition_pipeline/ablation_study/baseline/results/HARK_n_sep+pf_IPD/official_hark_logs/hark_fileid_387.stderr.log,3
388,/mnt/d/邵鹏远/UCL/博1/code/audition_pipeline/data/dataset_4mic_3spk/Eval/mic/mic_fileid_388_doa22_3spk.wav,"21,61,92",/mnt/d/邵鹏远/UCL/博1/code/audition_pipeline/ablation_study/baseline/results/HARK_n_sep+pf_IPD/official_hark_outputs/fileid_388,/mnt/d/邵鹏远/UCL/博1/code/audition_pipeline/ablation_study/baseline/results/HARK_n_sep+pf_IPD/official_hark_outputs/fileid_388/hark_raw_fileid_388,batchflow '/mnt/d/邵鹏远/UCL/博1/code/audition_pipeline/ablation_study/baseline/results/HARK_n_sep+pf_IPD/official_hark_outputs/fileid_388/runtime_fileid_388.n' '/mnt/d/邵鹏远/UCL/博1/code/audition_pipeline/data/dataset_4mic_3spk/Eval/mic/mic_fileid_388_doa22_3spk.wav' '/mnt/d/邵鹏远/UCL/博1/code/audition_pipeline/ablation_study/baseline/results/HARK_n_sep+pf_IPD/official_hark_outputs/fileid_388/hark_raw_fileid_388',0,4.601760324000679,/mnt/d/邵鹏远/UCL/博1/code/audition_pipeline/ablation_study/baseline/results/HARK_n_sep+pf_IPD/official_hark_logs/hark_fileid_388.stdout.log,/mnt/d/邵鹏远/UCL/博1/code/audition_pipeline/ablation_study/baseline/results/HARK_n_sep+pf_IPD/official_hark_logs/hark_fileid_388.stderr.log,3
389,/mnt/d/邵鹏远/UCL/博1/code/audition_pipeline/data/dataset_4mic_3spk/Eval/mic/mic_fileid_389_doa78_3spk.wav,"80,118,180",/mnt/d/邵鹏远/UCL/博1/code/audition_pipeline/ablation_study/baseline/results/HARK_n_sep+pf_IPD/official_hark_outputs/fileid_389,/mnt/d/邵鹏远/UCL/博1/code/audition_pipeline/ablation_study/baseline/results/HARK_n_sep+pf_IPD/official_hark_outputs/fileid_389/hark_raw_fileid_389,batchflow '/mnt/d/邵鹏远/UCL/博1/code/audition_pipeline/ablation_study/baseline/results/HARK_n_sep+pf_IPD/official_hark_outputs/fileid_389/runtime_fileid_389.n' '/mnt/d/邵鹏远/UCL/博1/code/audition_pipeline/data/dataset_4mic_3spk/Eval/mic/mic_fileid_389_doa78_3spk.wav' '/mnt/d/邵鹏远/UCL/博1/code/audition_pipeline/ablation_study/baseline/results/HARK_n_sep+pf_IPD/official_hark_outputs/fileid_389/hark_raw_fileid_389',0,1.4985667319997447,/mnt/d/邵鹏远/UCL/博1/code/audition_pipeline/ablation_study/baseline/results/HARK_n_sep+pf_IPD/official_hark_logs/hark_fileid_389.stdout.log,/mnt/d/邵鹏远/UCL/博1/code/audition_pipeline/ablation_study/baseline/results/HARK_n_sep+pf_IPD/official_hark_logs/hark_fileid_389.stderr.log,3
390,/mnt/d/邵鹏远/UCL/博1/code/audition_pipeline/data/dataset_4mic_3spk/Eval/mic/mic_fileid_390_doa110_3spk.wav,"111,257,348",/mnt/d/邵鹏远/UCL/博1/code/audition_pipeline/ablation_study/baseline/results/HARK_n_sep+pf_IPD/official_hark_outputs/fileid_390,/mnt/d/邵鹏远/UCL/博1/code/audition_pipeline/ablation_study/baseline/results/HARK_n_sep+pf_IPD/official_hark_outputs/fileid_390/hark_raw_fileid_390,batchflow '/mnt/d/邵鹏远/UCL/博1/code/audition_pipeline/ablation_study/baseline/results/HARK_n_sep+pf_IPD/official_hark_outputs/fileid_390/runtime_fileid_390.n' '/mnt/d/邵鹏远/UCL/博1/code/audition_pipeline/data/dataset_4mic_3spk/Eval/mic/mic_fileid_390_doa110_3spk.wav' '/mnt/d/邵鹏远/UCL/博1/code/audition_pipeline/ablation_study/baseline/results/HARK_n_sep+pf_IPD/official_hark_outputs/fileid_390/hark_raw_fileid_390',0,4.16671080299966,/mnt/d/邵鹏远/UCL/博1/code/audition_pipeline/ablation_study/baseline/results/HARK_n_sep+pf_IPD/official_hark_logs/hark_fileid_390.stdout.log,/mnt/d/邵鹏远/UCL/博1/code/audition_pipeline/ablation_study/baseline/results/HARK_n_sep+pf_IPD/official_hark_logs/hark_fileid_390.stderr.log,3
391,/mnt/d/邵鹏远/UCL/博1/code/audition_pipeline/data/dataset_4mic_3spk/Eval/mic/mic_fileid_391_doa145_3spk.wav,"145,208,266",/mnt/d/邵鹏远/UCL/博1/code/audition_pipeline/ablation_study/baseline/results/HARK_n_sep+pf_IPD/official_hark_outputs/fileid_391,/mnt/d/邵鹏远/UCL/博1/code/audition_pipeline/ablation_study/baseline/results/HARK_n_sep+pf_IPD/official_hark_outputs/fileid_391/hark_raw_fileid_391,batchflow '/mnt/d/邵鹏远/UCL/博1/code/audition_pipeline/ablation_study/baseline/results/HARK_n_sep+pf_IPD/official_hark_outputs/fileid_391/runtime_fileid_391.n' '/mnt/d/邵鹏远/UCL/博1/code/audition_pipeline/data/dataset_4mic_3spk/Eval/mic/mic_fileid_391_doa145_3spk.wav' '/mnt/d/邵鹏远/UCL/博1/code/audition_pipeline/ablation_study/baseline/results/HARK_n_sep+pf_IPD/official_hark_outputs/fileid_391/hark_raw_fileid_391',0,4.145360921999782,/mnt/d/邵鹏远/UCL/博1/code/audition_pipeline/ablation_study/baseline/results/HARK_n_sep+pf_IPD/official_hark_logs/hark_fileid_391.stdout.log,/mnt/d/邵鹏远/UCL/博1/code/audition_pipeline/ablation_study/baseline/results/HARK_n_sep+pf_IPD/official_hark_logs/hark_fileid_391.stderr.log,3
392,/mnt/d/邵鹏远/UCL/博1/code/audition_pipeline/data/dataset_4mic_3spk/Eval/mic/mic_fileid_392_doa16_3spk.wav,"12,101,206",/mnt/d/邵鹏远/UCL/博1/code/audition_pipeline/ablation_study/baseline/results/HARK_n_sep+pf_IPD/official_hark_outputs/fileid_392,/mnt/d/邵鹏远/UCL/博1/code/audition_pipeline/ablation_study/baseline/results/HARK_n_sep+pf_IPD/official_hark_outputs/fileid_392/hark_raw_fileid_392,batchflow '/mnt/d/邵鹏远/UCL/博1/code/audition_pipeline/ablation_study/baseline/results/HARK_n_sep+pf_IPD/official_hark_outputs/fileid_392/runtime_fileid_392.n' '/mnt/d/邵鹏远/UCL/博1/code/audition_pipeline/data/dataset_4mic_3spk/Eval/mic/mic_fileid_392_doa16_3spk.wav' '/mnt/d/邵鹏远/UCL/博1/code/audition_pipeline/ablation_study/baseline/results/HARK_n_sep+pf_IPD/official_hark_outputs/fileid_392/hark_raw_fileid_392',0,4.262358530000711,/mnt/d/邵鹏远/UCL/博1/code/audition_pipeline/ablation_study/baseline/results/HARK_n_sep+pf_IPD/official_hark_logs/hark_fileid_392.stdout.log,/mnt/d/邵鹏远/UCL/博1/code/audition_pipeline/ablation_study/baseline/results/HARK_n_sep+pf_IPD/official_hark_logs/hark_fileid_392.stderr.log,3
393,/mnt/d/邵鹏远/UCL/博1/code/audition_pipeline/data/dataset_4mic_3spk/Eval/mic/mic_fileid_393_doa13_3spk.wav,"19,48,286",/mnt/d/邵鹏远/UCL/博1/code/audition_pipeline/ablation_study/baseline/results/HARK_n_sep+pf_IPD/official_hark_outputs/fileid_393,/mnt/d/邵鹏远/UCL/博1/code/audition_pipeline/ablation_study/baseline/results/HARK_n_sep+pf_IPD/official_hark_outputs/fileid_393/hark_raw_fileid_393,batchflow '/mnt/d/邵鹏远/UCL/博1/code/audition_pipeline/ablation_study/baseline/results/HARK_n_sep+pf_IPD/official_hark_outputs/fileid_393/runtime_fileid_393.n' '/mnt/d/邵鹏远/UCL/博1/code/audition_pipeline/data/dataset_4mic_3spk/Eval/mic/mic_fileid_393_doa13_3spk.wav' '/mnt/d/邵鹏远/UCL/博1/code/audition_pipeline/ablation_study/baseline/results/HARK_n_sep+pf_IPD/official_hark_outputs/fileid_393/hark_raw_fileid_393',0,3.168424473000414,/mnt/d/邵鹏远/UCL/博1/code/audition_pipeline/ablation_study/baseline/results/HARK_n_sep+pf_IPD/official_hark_logs/hark_fileid_393.stdout.log,/mnt/d/邵鹏远/UCL/博1/code/audition_pipeline/ablation_study/baseline/results/HARK_n_sep+pf_IPD/official_hark_logs/hark_fileid_393.stderr.log,3
394,/mnt/d/邵鹏远/UCL/博1/code/audition_pipeline/data/dataset_4mic_3spk/Eval/mic/mic_fileid_394_doa77_3spk.wav,"78,143,329",/mnt/d/邵鹏远/UCL/博1/code/audition_pipeline/ablation_study/baseline/results/HARK_n_sep+pf_IPD/official_hark_outputs/fileid_394,/mnt/d/邵鹏远/UCL/博1/code/audition_pipeline/ablation_study/baseline/results/HARK_n_sep+pf_IPD/official_hark_outputs/fileid_394/hark_raw_fileid_394,batchflow '/mnt/d/邵鹏远/UCL/博1/code/audition_pipeline/ablation_study/baseline/results/HARK_n_sep+pf_IPD/official_hark_outputs/fileid_394/runtime_fileid_394.n' '/mnt/d/邵鹏远/UCL/博1/code/audition_pipeline/data/dataset_4mic_3spk/Eval/mic/mic_fileid_394_doa77_3spk.wav' '/mnt/d/邵鹏远/UCL/博1/code/audition_pipeline/ablation_study/baseline/results/HARK_n_sep+pf_IPD/official_hark_outputs/fileid_394/hark_raw_fileid_394',0,4.498098793999816,/mnt/d/邵鹏远/UCL/博1/code/audition_pipeline/ablation_study/baseline/results/HARK_n_sep+pf_IPD/official_hark_logs/hark_fileid_394.stdout.log,/mnt/d/邵鹏远/UCL/博1/code/audition_pipeline/ablation_study/baseline/results/HARK_n_sep+pf_IPD/official_hark_logs/hark_fileid_394.stderr.log,3
395,/mnt/d/邵鹏远/UCL/博1/code/audition_pipeline/data/dataset_4mic_3spk/Eval/mic/mic_fileid_395_doa31_3spk.wav,"32,216,292",/mnt/d/邵鹏远/UCL/博1/code/audition_pipeline/ablation_study/baseline/results/HARK_n_sep+pf_IPD/official_hark_outputs/fileid_395,/mnt/d/邵鹏远/UCL/博1/code/audition_pipeline/ablation_study/baseline/results/HARK_n_sep+pf_IPD/official_hark_outputs/fileid_395/hark_raw_fileid_395,batchflow '/mnt/d/邵鹏远/UCL/博1/code/audition_pipeline/ablation_study/baseline/results/HARK_n_sep+pf_IPD/official_hark_outputs/fileid_395/runtime_fileid_395.n' '/mnt/d/邵鹏远/UCL/博1/code/audition_pipeline/data/dataset_4mic_3spk/Eval/mic/mic_fileid_395_doa31_3spk.wav' '/mnt/d/邵鹏远/UCL/博1/code/audition_pipeline/ablation_study/baseline/results/HARK_n_sep+pf_IPD/official_hark_outputs/fileid_395/hark_raw_fileid_395',0,4.1588434220002455,/mnt/d/邵鹏远/UCL/博1/code/audition_pipeline/ablation_study/baseline/results/HARK_n_sep+pf_IPD/official_hark_logs/hark_fileid_395.stdout.log,/mnt/d/邵鹏远/UCL/博1/code/audition_pipeline/ablation_study/baseline/results/HARK_n_sep+pf_IPD/official_hark_logs/hark_fileid_395.stderr.log,3
396,/mnt/d/邵鹏远/UCL/博1/code/audition_pipeline/data/dataset_4mic_3spk/Eval/mic/mic_fileid_396_doa107_3spk.wav,"109,210,328",/mnt/d/邵鹏远/UCL/博1/code/audition_pipeline/ablation_study/baseline/results/HARK_n_sep+pf_IPD/official_hark_outputs/fileid_396,/mnt/d/邵鹏远/UCL/博1/code/audition_pipeline/ablation_study/baseline/results/HARK_n_sep+pf_IPD/official_hark_outputs/fileid_396/hark_raw_fileid_396,batchflow '/mnt/d/邵鹏远/UCL/博1/code/audition_pipeline/ablation_study/baseline/results/HARK_n_sep+pf_IPD/official_hark_outputs/fileid_396/runtime_fileid_396.n' '/mnt/d/邵鹏远/UCL/博1/code/audition_pipeline/data/dataset_4mic_3spk/Eval/mic/mic_fileid_396_doa107_3spk.wav' '/mnt/d/邵鹏远/UCL/博1/code/audition_pipeline/ablation_study/baseline/results/HARK_n_sep+pf_IPD/official_hark_outputs/fileid_396/hark_raw_fileid_396',0,3.850371446999816,/mnt/d/邵鹏远/UCL/博1/code/audition_pipeline/ablation_study/baseline/results/HARK_n_sep+pf_IPD/official_hark_logs/hark_fileid_396.stdout.log,/mnt/d/邵鹏远/UCL/博1/code/audition_pipeline/ablation_study/baseline/results/HARK_n_sep+pf_IPD/official_hark_logs/hark_fileid_396.stderr.log,3
397,/mnt/d/邵鹏远/UCL/博1/code/audition_pipeline/data/dataset_4mic_3spk/Eval/mic/mic_fileid_397_doa73_3spk.wav,"83,199,264",/mnt/d/邵鹏远/UCL/博1/code/audition_pipeline/ablation_study/baseline/results/HARK_n_sep+pf_IPD/official_hark_outputs/fileid_397,/mnt/d/邵鹏远/UCL/博1/code/audition_pipeline/ablation_study/baseline/results/HARK_n_sep+pf_IPD/official_hark_outputs/fileid_397/hark_raw_fileid_397,batchflow '/mnt/d/邵鹏远/UCL/博1/code/audition_pipeline/ablation_study/baseline/results/HARK_n_sep+pf_IPD/official_hark_outputs/fileid_397/runtime_fileid_397.n' '/mnt/d/邵鹏远/UCL/博1/code/audition_pipeline/data/dataset_4mic_3spk/Eval/mic/mic_fileid_397_doa73_3spk.wav' '/mnt/d/邵鹏远/UCL/博1/code/audition_pipeline/ablation_study/baseline/results/HARK_n_sep+pf_IPD/official_hark_outputs/fileid_397/hark_raw_fileid_397',0,4.797436225000638,/mnt/d/邵鹏远/UCL/博1/code/audition_pipeline/ablation_study/baseline/results/HARK_n_sep+pf_IPD/official_hark_logs/hark_fileid_397.stdout.log,/mnt/d/邵鹏远/UCL/博1/code/audition_pipeline/ablation_study/baseline/results/HARK_n_sep+pf_IPD/official_hark_logs/hark_fileid_397.stderr.log,3
398,/mnt/d/邵鹏远/UCL/博1/code/audition_pipeline/data/dataset_4mic_3spk/Eval/mic/mic_fileid_398_doa14_3spk.wav,"10,88,172",/mnt/d/邵鹏远/UCL/博1/code/audition_pipeline/ablation_study/baseline/results/HARK_n_sep+pf_IPD/official_hark_outputs/fileid_398,/mnt/d/邵鹏远/UCL/博1/code/audition_pipeline/ablation_study/baseline/results/HARK_n_sep+pf_IPD/official_hark_outputs/fileid_398/hark_raw_fileid_398,batchflow '/mnt/d/邵鹏远/UCL/博1/code/audition_pipeline/ablation_study/baseline/results/HARK_n_sep+pf_IPD/official_hark_outputs/fileid_398/runtime_fileid_398.n' '/mnt/d/邵鹏远/UCL/博1/code/audition_pipeline/data/dataset_4mic_3spk/Eval/mic/mic_fileid_398_doa14_3spk.wav' '/mnt/d/邵鹏远/UCL/博1/code/audition_pipeline/ablation_study/baseline/results/HARK_n_sep+pf_IPD/official_hark_outputs/fileid_398/hark_raw_fileid_398',0,4.705623378999917,/mnt/d/邵鹏远/UCL/博1/code/audition_pipeline/ablation_study/baseline/results/HARK_n_sep+pf_IPD/official_hark_logs/hark_fileid_398.stdout.log,/mnt/d/邵鹏远/UCL/博1/code/audition_pipeline/ablation_study/baseline/results/HARK_n_sep+pf_IPD/official_hark_logs/hark_fileid_398.stderr.log,3
399,/mnt/d/邵鹏远/UCL/博1/code/audition_pipeline/data/dataset_4mic_3spk/Eval/mic/mic_fileid_399_doa240_3spk.wav,"53,236,303",/mnt/d/邵鹏远/UCL/博1/code/audition_pipeline/ablation_study/baseline/results/HARK_n_sep+pf_IPD/official_hark_outputs/fileid_399,/mnt/d/邵鹏远/UCL/博1/code/audition_pipeline/ablation_study/baseline/results/HARK_n_sep+pf_IPD/official_hark_outputs/fileid_399/hark_raw_fileid_399,batchflow '/mnt/d/邵鹏远/UCL/博1/code/audition_pipeline/ablation_study/baseline/results/HARK_n_sep+pf_IPD/official_hark_outputs/fileid_399/runtime_fileid_399.n' '/mnt/d/邵鹏远/UCL/博1/code/audition_pipeline/data/dataset_4mic_3spk/Eval/mic/mic_fileid_399_doa240_3spk.wav' '/mnt/d/邵鹏远/UCL/博1/code/audition_pipeline/ablation_study/baseline/results/HARK_n_sep+pf_IPD/official_hark_outputs/fileid_399/hark_raw_fileid_399',0,4.422001022000586,/mnt/d/邵鹏远/UCL/博1/code/audition_pipeline/ablation_study/baseline/results/HARK_n_sep+pf_IPD/official_hark_logs/hark_fileid_399.stdout.log,/mnt/d/邵鹏远/UCL/博1/code/audition_pipeline/ablation_study/baseline/results/HARK_n_sep+pf_IPD/official_hark_logs/hark_fileid_399.stderr.log,3
