fileid,mic_file,method,speaker_id,duration_sec,gt_doa,mic_channel,sepformer_source,separated_source_index,oracle_match_si_sdr,enhanced_file,gt_text_file,wer,edit_distance,ref_words,input_sdr,sdr,sdr_i,input_si_sdr,si_sdr,si_sdr_i,input_wb_pesq,wb_pesq,wb_pesq_i,reference,hypothesis,sepformer_sec,whisper_sec,metrics_sec,total_sec,sepformer_rtf,whisper_rtf,metrics_rtf,total_rtf,under_realtime
0,mic_fileid_0_doa73_3spk.wav,SepFormer-sepformer-wsj03mix,1,17.622,73,1,speechbrain/sepformer-wsj03mix,1,1.2746142519979156,,text_fileid_0_doa73_spk1.txt,0.3684210526315789,14,38,4.8832173347473145,3.758819103240967,-1.1243982315063477,4.86379861831665,1.2896591424942017,-3.5741394758224487,1.3355612754821777,1.3092446327209473,-0.02631664276123047,BUT BEFORE HIS ARRIVAL LIFE WAS EXTINCT THE COUNT IS INSANE WITH GRIEF MORE ESPECIALLY BECAUSE THE MAID DISCOVERED THAT HER LADYSHIP HAD LEFT A LETTER TO SOME MAN SHE CALLS DICK TELLING HIM THAT SHE LOVED HIM,"But the marriage arrived in life as a state. The child is insane with grief, or especially because the maid discovered that her ladyship had left the letter to some man she calls Dick, telling him that she loved him. What did he say?",1.3927023150008608,1.6146053880002,0.6336406030004582,3.640948306001519,0.07903202332316768,0.09162441198503007,0.03595736028830202,0.20661379559649978,1
1,mic_fileid_1_doa82_3spk.wav,SepFormer-sepformer-wsj03mix,1,16.681375,187,1,speechbrain/sepformer-wsj03mix,1,5.119212103556557,,text_fileid_1_doa187_spk1.txt,0.3125,10,32,4.6262102127075195,5.641079425811768,1.014869213104248,4.592447757720947,5.18248176574707,0.590034008026123,1.2753520011901855,1.4767438173294067,0.2013918161392212,BUT THE PRECAUTIONS WHICH HAVE BEEN SO HAPPILY CONCERTED IN THE SYSTEM UNDER CONSIDERATION PROMISE AN EFFECTUAL SECURITY AGAINST THIS MISCHIEF THE CHOICE OF SEVERAL TO FORM AN INTERMEDIATE BODY OF ELECTORS,"But the pre-publicists would have been so happily concerned with the policy of consideration. Oralism, or effectual security against Mr. Connick. The choice of several to form an intermediate body of electors.",0.5827467319995776,0.5107041930004925,0.26175943599992024,1.3552103609999904,0.0349339746873131,0.03061523363634548,0.01569171821866724,0.08124092654232583,1
2,mic_fileid_2_doa36_3spk.wav,SepFormer-sepformer-wsj03mix,1,17.43025,36,1,speechbrain/sepformer-wsj03mix,0,6.375611465937024,,text_fileid_2_doa36_spk1.txt,0.5365853658536586,22,41,5.0097336769104,7.111740589141846,2.1020069122314453,5.002055644989014,6.373640060424805,1.371584415435791,1.2396373748779297,1.3319568634033203,0.09231948852539062,OR WASHING OR CHURNING DAYS HER LIFE WAS QUIET AND MONOTONOUS ALTHOUGH HARD WORKING AND WHILE HER HANDS MECHANICALLY FOUND AND DID THEIR ACCUSTOMED LABOUR THE THOUGHTS THAT ROSE IN HER HEAD ALWAYS CENTRED ON CHARLEY KINRAID HIS WAYS HIS WORDS,"or watching which one he did. Her life was quiet in the mountains, although hardworking, and while her hand mechanically found and did the repust and labor, the thoughts that rose in her hand were always centered on her which one laid, his ways, his words.",0.6150577409989637,0.6882802710006217,0.4136137330006022,1.7169517450001877,0.03528679973029438,0.03948768784157552,0.02372965006242608,0.09850413763429598,1
3,mic_fileid_3_doa39_3spk.wav,SepFormer-sepformer-wsj03mix,1,14.798375,39,1,speechbrain/sepformer-wsj03mix,1,7.226016299965135,,text_fileid_3_doa39_spk1.txt,0.35294117647058826,12,34,4.865467071533203,7.791445732116699,2.925978660583496,4.855953216552734,7.2215423583984375,2.365589141845703,1.2316536903381348,1.6092021465301514,0.3775484561920166,WHICH TAKES OVER THE USUAL STREAM OF CONSCIOUSNESS TYPE OF THINKING IT IS IMPLIED THAT THE PROCESS MAY BE ATAVISTIC ONE OF THE NEWER THEORIES ONE HELD BY DOCTOR LEWIS R WOLBERG A PSYCHOANALYST,"would take over the usual sphere of consciousness type of thing. It is implied that the process may be out of this, and one of the newer theories is one held by Dr. Louis R. Wolver, a psychoanalyst.",0.48738787500042235,0.5308035830003064,0.2781051980000484,1.2962966560007771,0.03293522937487544,0.03586904528370895,0.01879295517244619,0.08759722983103058,1
4,mic_fileid_4_doa26_3spk.wav,SepFormer-sepformer-wsj03mix,1,15.334625,26,1,speechbrain/sepformer-wsj03mix,2,3.178269278249041,,text_fileid_4_doa26_spk1.txt,0.15625,5,32,3.8145864009857178,4.4238600730896,0.6092736721038818,3.7973413467407227,3.1780996322631836,-0.6192417144775391,1.250014066696167,1.3200883865356445,0.07007431983947754,THE PUBLICATION IF MADE AT ALL SHOULD BE EFFECTED AS SOON AS POSSIBLE AFTER MY DEATH MY FATHER DIED ON THE SIXTH OF DECEMBER EIGHTEEN EIGHTY TWO IT WILL BE SEEN THEREFORE,"The publication, if made at all, should be expected as soon as possible after my death. My father died on the 6th of December, 18th of December. It will be seen, therefore.",0.4932533089995559,0.48322095699950296,0.2689332119989558,1.2454074779980147,0.03216598443063041,0.03151175571619801,0.0175376451656924,0.08121538531252082,1
5,mic_fileid_5_doa60_3spk.wav,SepFormer-sepformer-wsj03mix,1,15.43125,338,1,speechbrain/sepformer-wsj03mix,2,2.0614295334056267,,text_fileid_5_doa338_spk1.txt,0.5128205128205128,20,39,4.235630512237549,3.763793468475342,-0.47183704376220703,4.225747108459473,2.0502164363861084,-2.1755306720733643,1.1749225854873657,1.183027744293213,0.008105158805847168,HOW TRUE WHEN ONE HAS THE HONOR OF BEING AN EXPERT AS MASTER IS ONE MUSTN'T LAY HIMSELF OPEN TO CONSEIL DIDN'T HAVE TIME TO COMPLETE THE COMPLIMENT IN THE MIDST OF THE GENERAL SILENCE A VOICE BECAME AUDIBLE,"How should we make a new one? When one has the honor of being expert as master is, one must play in soul movement too. Cause they didn't have time to complete the arrangement. And the midst of the general silence avoids being audible.",0.5006076209992898,0.5807157990002452,0.2978937269999733,1.3792171469995083,0.032441158104449724,0.0376324535601617,0.019304575261237637,0.08937818692584905,1
6,mic_fileid_6_doa30_3spk.wav,SepFormer-sepformer-wsj03mix,1,15.101125,140,1,speechbrain/sepformer-wsj03mix,0,5.334366537821995,,text_fileid_6_doa140_spk1.txt,0.8108108108108109,30,37,3.961557626724243,7.73350715637207,3.771949529647827,3.953115940093994,5.334282398223877,1.3811664581298828,1.213527798652649,1.198760986328125,-0.014766812324523926,HE WORE A BLOUSE AND UNDER HIS BLOUSE AN OLD BLACK COAT HE MADE PRETENSIONS TO LITERATURE AND TO MATERIALISM THERE WERE CERTAIN NAMES WHICH HE OFTEN PRONOUNCED TO SUPPORT WHATEVER THINGS HE MIGHT BE SAYING VOLTAIRE,"You may have bottles, and as you read the box, you build black coats. You need permission to register and send your emails. There are certain videos which are often pronounced to support everything you might want to send. Vote now.",0.4818376929997612,0.5798773339993204,0.30453798300004564,1.3662530099991272,0.03190740378612595,0.038399611552074456,0.020166575867695,0.0904735912058954,1
7,mic_fileid_7_doa57_3spk.wav,SepFormer-sepformer-wsj03mix,1,13.9115,57,1,speechbrain/sepformer-wsj03mix,2,3.738362589054968,,text_fileid_7_doa57_spk1.txt,0.17391304347826086,4,23,2.229769468307495,5.070490837097168,2.840721368789673,2.2040748596191406,4.545076370239258,2.341001510620117,1.1526575088500977,1.3183043003082275,0.16564679145812988,THOSE BULLET HOLES IN THE BACK OF THE CAR WERE FIRED FROM ABOVE AND BEHIND THE MACHINE THEY SLANTED DOWN BUT NOT SIDEWISE,"Those gold holes in the back of the car fired from above and behind the machines. They slanted down, but not side-to-side.",0.45891666100033035,0.3815603140010353,0.2491343109995796,1.0896112860009453,0.032988294648336296,0.0274276903282202,0.017908515329014097,0.07832450030557059,1
8,mic_fileid_8_doa80_3spk.wav,SepFormer-sepformer-wsj03mix,1,17.153125,333,1,speechbrain/sepformer-wsj03mix,0,3.940128265601328,,text_fileid_8_doa333_spk1.txt,0.38181818181818183,21,55,5.1611785888671875,4.360401630401611,-0.8007769584655762,5.142127990722656,3.7503886222839355,-1.3917393684387207,1.2348089218139648,1.4907679557800293,0.25595903396606445,THEY WANTED TO LEARN THE GAME AT TWO O'CLOCK THE CAPTAIN ASKED THE MATE HOW WE WERE GETTING ON OH PRETTY GLIBLY SIR REPLIED THE MATE WE CAN SCARCELY TELL WHAT HEADWAY WE ARE MAKING FOR WE ARE OBLIGED TO KEEP THE MIDDLE OF THE RIVER AND THERE IS THE SHADOW OF A FOG RISING,"They wanted to learn the game. At two o'clock, the captain asked the mate how the wood was getting on. Well, it was pretty good, sir, he replied to me. He couldn't fiercely tell what handling we were making, so we were obliged to keep the millers and rivers, and there is the shadow of a fog rising.",0.6056502700012061,0.8172420149985555,0.3931212500010588,1.8160135350008204,0.035308450792564394,0.047643914155499685,0.022918345782535765,0.10587071073059985,1
9,mic_fileid_9_doa85_3spk.wav,SepFormer-sepformer-wsj03mix,1,16.73125,314,1,speechbrain/sepformer-wsj03mix,2,5.09555631643365,,text_fileid_9_doa314_spk1.txt,0.5384615384615384,21,39,4.034686088562012,6.751471042633057,2.716784954071045,4.0257954597473145,5.163822174072266,1.1380267143249512,1.1800642013549805,1.3564300537109375,0.17636585235595703,THE DEAF GENTLEMAN SUBMITTED WHY DID YOU INVITE YOURSELF BECAUSE A TEA PARTY IS NOT COMPLETE WITHOUT A WOMAN HER MANNER WAS AS STRANGELY ALTERED AS HER LOOKS THAT SHE WAS BESIDE HERSELF FOR THE MOMENT I CLEARLY SAW,The death sentence is missing. Why did you invite her? Because a tea party is not complete without your permission. Commander was an strangely outfit that we looked for. But she was consigned herself to the magnified clearly sock.,0.5845942389987613,0.5958117440004571,0.2794705350006552,1.4598765179998736,0.03494026082921248,0.035610713126661614,0.016703506014234155,0.08725447997010825,1
10,mic_fileid_10_doa3_3spk.wav,SepFormer-sepformer-wsj03mix,1,15.430875,3,1,speechbrain/sepformer-wsj03mix,1,5.000265201474079,,text_fileid_10_doa3_spk1.txt,0.2,9,45,6.595269680023193,5.9253644943237305,-0.6699051856994629,6.582216739654541,4.9564971923828125,-1.6257195472717285,1.1794668436050415,1.3176136016845703,0.1381467580795288,HERE HE SAW CLIENTS WHEN MISTER CARLYLE WAS OUT OR ENGAGED AND HERE HE ISSUED PRIVATE ORDERS A LITTLE WINDOW NOT LARGER THAN A PANE OF GLASS LOOKED OUT FROM THE CLERK'S OFFICE THEY CALLED IT OLD DILL'S PEEP HOLE AND WISHED IT ANYWHERE ELSE,"Here he saw clients, Mr. Cronwell, who's out or engaged, and here he issued private orders. A little window, not larger than a paper sign, looked out to the clerk's office. They called it old dills, peep holes, and wished it anywhere else.",0.5092342870011635,0.6554537850006454,0.2856405359998462,1.450328608001655,0.0330009987768784,0.042476773676194346,0.01851097465308002,0.09398874710615276,1
11,mic_fileid_11_doa93_3spk.wav,SepFormer-sepformer-wsj03mix,1,15.721,264,1,speechbrain/sepformer-wsj03mix,0,1.9532572065505458,,text_fileid_11_doa264_spk1.txt,0.875,28,32,2.552096366882324,2.1940207481384277,-0.3580756187438965,2.513596534729004,1.9530880451202393,-0.5605084896087646,1.2188899517059326,1.2923989295959473,0.07350897789001465,SEES ME BOWLING ALONG THE ROAD STRAIGHTWAY DELIVERS HIMSELF OF A YELL PURE AND SIMPLE AT PERRYSBURG I STRIKE THE FAMOUS MAUMEE PIKE FORTY MILES OF STONE ROAD ALMOST A DEAD LEVEL,"Seize the horse road, and bring the wind to the pursuit south of the yet furthest place. At Perryburg, I start to fix the slimy pipe. One mile is soon grown on almost a dead level.",0.5031692359989393,0.5429859510004462,0.3013893299994379,1.3475445169988234,0.03200618510266136,0.034538893899907525,0.0191711296990928,0.08571620870166169,1
12,mic_fileid_12_doa38_3spk.wav,SepFormer-sepformer-wsj03mix,1,17.289,38,1,speechbrain/sepformer-wsj03mix,0,3.106174524785575,,text_fileid_12_doa38_spk1.txt,1.05,42,40,2.3310248851776123,3.494678020477295,1.1636531352996826,2.310882329940796,3.105100154876709,0.7942178249359131,1.4103443622589111,1.4136172533035278,0.0032728910446166992,OF ANY OTHER MATTER WHICH MIGHT HAVE BEEN PREYING UPON HER HUSBAND'S MIND RECENTLY MISSUS MANDERSON KNEW OF NONE WHATEVER THE CORONER INTIMATED THAT HER ORDEAL WAS AT AN END AND THE VEILED LADY MADE HER WAY TO THE DOOR,of any other map which might have been framed. The contact has been long overdue. The white house is at the end of the map. The middle of the map is in the new unmanned water. No one was armed or unarmed. That was her fourth deal when it came out. And the veil blade made her way to the door.,0.5987749089999852,0.8084001630013518,0.39450340699841036,1.8016784789997473,0.03463328758169849,0.0467580636821882,0.022818173809845008,0.10420952507373168,1
13,mic_fileid_13_doa5_3spk.wav,SepFormer-sepformer-wsj03mix,1,17.47475,5,1,speechbrain/sepformer-wsj03mix,0,5.495621181116683,,text_fileid_13_doa5_spk1.txt,0.717948717948718,28,39,3.7321784496307373,5.9664998054504395,2.234321355819702,3.7215282917022705,5.489842414855957,1.7683141231536865,1.3005075454711914,1.3695762157440186,0.06906867027282715,NO MATTER HOW DIFFICULT HE MUST SUCCEED IN IT OR DIE THEY DID NOT THINK LONG BUT REPLIED LET HIM BUILD YOUR MAJESTY IN ONE DAY A MORE BEAUTIFUL PALACE THAN THIS AND IF HE FAILS IN THE ATTEMPT,"No matter how difficult, unless it's stated or done, they just can't be long, but replied, let's build your own economy, and one day, a real universal power is still to be built. And if you fail, we'll have to wait.",0.6055064849988412,0.67026738200002,0.40732578100141836,1.6830996480002796,0.03465036609959177,0.038356335970472825,0.0233093910357183,0.09631609310578289,1
14,mic_fileid_14_doa181_3spk.wav,SepFormer-sepformer-wsj03mix,1,17.749,181,1,speechbrain/sepformer-wsj03mix,0,4.717331226670432,,text_fileid_14_doa181_spk1.txt,0.6190476190476191,26,42,5.893156051635742,5.171601295471191,-0.7215547561645508,5.878009796142578,4.71121072769165,-1.1667990684509277,1.3085827827453613,1.3233301639556885,0.014747381210327148,THIS WAS A CURIOUS CONSOLATION THE TWO SPENT HOURS TOGETHER SOMETIMES IN THE TINY PARLOR STUMBLING OVER BERLIN WOOL DIFFICULTIES AND NOW AND THEN WANDERING TO AND FRO CONVERSATIONALLY FROM PRISCILLA TO THE OCTAGON STITCH AND FROM THE OCTAGON STITCH TO DENIS,"This is a period of compilation. The two spent hours together sometimes to the Heidi Parler, some people were really cold to the cold and now men want her to throw conversationally from present to the octagonist ditch and from the octagonist ditch to death.",0.5962782490005338,0.5448324740009411,0.33982048600046255,1.4809312090019375,0.033595033466704255,0.030696516648878312,0.019145894754660126,0.0834374448702427,1
15,mic_fileid_15_doa78_3spk.wav,SepFormer-sepformer-wsj03mix,1,15.6375,266,1,speechbrain/sepformer-wsj03mix,0,4.320588885160742,,text_fileid_15_doa266_spk1.txt,0.4444444444444444,16,36,4.412204265594482,4.462398052215576,0.05019378662109375,4.38306188583374,4.320572853088379,-0.06248903274536133,1.276834487915039,1.47083580493927,0.19400131702423096,WHEN ON SHORE HE FOLLOWED HIS FAVORITES LIKE A DOG AND WAS NEVER KNOWN TO ROOT EXCEPT IN SPEECH AND APPEARANCE HE WAS THE COUNTERPART OF A HAPPY GOOD NATURED AND WELL CARED FOR HOUSEHOLD DOG,"For when on shoulders he followed his saviour like a dog, and was never known to lose. Accepting speech in a pier, he would be counterpoured with a happy, good nature, well cared for and household dog.",0.4707684959994367,0.43938149199857435,0.25727972999993654,1.1674297179979476,0.030105099664232565,0.0280979371381982,0.01645274052757388,0.07465577733000464,1
16,mic_fileid_16_doa36_3spk.wav,SepFormer-sepformer-wsj03mix,1,15.665875,36,1,speechbrain/sepformer-wsj03mix,0,6.102763972318691,,text_fileid_16_doa36_spk1.txt,0.25,10,40,5.2378387451171875,6.601969242095947,1.3641304969787598,5.22373104095459,6.079718589782715,0.855987548828125,1.2247428894042969,1.3683497905731201,0.14360690116882324,ONE HOT SUMMER DAY A FEW MONTHS AFTER THE MARRIAGE JULIET RETURNING TO THE CONSULATE AFTER A MORNING SPENT IN VERY ACTIVE EXERCISE UPON A TENNIS COURT WAS MET ON THE DOORSTEP BY DORA THE YOUNGEST OF THE CLARENCY BUTCHERS,"One hot summer day, a few months after the marriage, Julia, returning to the consulate after a month of very active exercise in the consulate, was met on the doorstep by Dora, the youngest of the currency watchers.",0.47195053299947176,0.47740522300045996,0.26141832299981616,1.2107740789997479,0.030126024432051944,0.030474213728914595,0.016687119168244106,0.07728735732921065,1
17,mic_fileid_17_doa99_3spk.wav,SepFormer-sepformer-wsj03mix,1,16.526625,99,1,speechbrain/sepformer-wsj03mix,2,2.588176608293234,,text_fileid_17_doa99_spk1.txt,0.2549019607843137,13,51,3.5100290775299072,3.442749261856079,-0.06727981567382812,3.4998786449432373,2.5858757495880127,-0.9140028953552246,1.4027400016784668,1.4632742404937744,0.06053423881530762,WASN'T SHE LATER ON ENGAGED TO A MAN WHOM SHE REALLY LOVED YES THAT WAS IT AND DURING ALL THE TIME SHE KEPT UP HER OLD LIAISON THE AUTHOR WANTED TO SHOW THAT A WOMAN CAN LOVE IN TWO WAYS A MAN ONLY IN ONE THAT'S TRUE ENOUGH ISN'T IT CERTAINLY,"Wasn't she laid on a cage to a man whom she really loved? Yes, that was it. And during all the time, she kept up her old layers on her. The author wanted to show that a woman can love each and every one. That's true enough, isn't it? Certainly.",0.5279946589998872,0.609445856000093,0.2706258859998343,1.4080664009998145,0.031948123648953566,0.03687660705074951,0.016375145318529,0.08519987601823206,1
18,mic_fileid_18_doa181_3spk.wav,SepFormer-sepformer-wsj03mix,1,15.649,181,1,speechbrain/sepformer-wsj03mix,0,4.962404415472435,,text_fileid_18_doa181_spk1.txt,0.3111111111111111,14,45,5.432191371917725,5.260084629058838,-0.17210674285888672,5.418633460998535,4.9623565673828125,-0.45627689361572266,1.3465945720672607,1.453806757926941,0.10721218585968018,AND DON'T I HOPE THAT FIRST PICTURE TURNS OUT GOOD IT WAS A REMARKABLE POSE IF ONLY THE FOCUS WAS RIGHT HE STARTED TOWARD THE CABIN DOOR AS THOUGH ANXIOUS TO DEVELOP HIS ROLL OF FILM AND DISCOVER WHAT SUCCESS HIS LABOR HAD RESULTED IN,And so I hope that first picture turned out good. It was a remarkable better list of only the focus was right. The key star just reached the cabin door as the lances to develop and roll the film and discover what success his labor had resulted in.,0.4687060760006716,0.5039417869993486,0.2618378510014736,1.2344857140014938,0.029951183845656055,0.03220281085049195,0.016731922231546657,0.07888591692769467,1
19,mic_fileid_19_doa121_3spk.wav,SepFormer-sepformer-wsj03mix,1,17.152125,340,1,speechbrain/sepformer-wsj03mix,2,3.1468226599245863,,text_fileid_19_doa340_spk1.txt,0.42857142857142855,18,42,6.309501647949219,4.072742462158203,-2.2367591857910156,6.30091667175293,3.1464738845825195,-3.15444278717041,1.340700626373291,1.2538446187973022,-0.08685600757598877,THE INJURIES TO DAK KOVA HAD DELAYED THE MARCH SO GREATLY THAT IT WAS DECIDED TO GIVE UP THE EXPEDITION WHICH WAS A RAID UPON A SMALL THARK COMMUNITY IN RETALIATION FOR THE DESTRUCTION OF THE INCUBATOR UNTIL AFTER THE GREAT GAMES,"The entry of the dot-covide has a laser mark so greatly that it was decided to give off this addition, which was arrayed upon a small part of the humidity in retaliation for the destruction of the incubator, until after the great game.",0.5517934950003109,0.5109945880012674,0.33514071200079343,1.3979287950023718,0.03217056166511793,0.02979191138131674,0.01953931142647301,0.08150178447290768,1
20,mic_fileid_20_doa68_3spk.wav,SepFormer-sepformer-wsj03mix,1,16.674375,68,1,speechbrain/sepformer-wsj03mix,0,2.6249829362432746,,text_fileid_20_doa68_spk1.txt,0.17647058823529413,6,34,3.667689800262451,3.3475778102874756,-0.3201119899749756,3.642484664916992,2.6600027084350586,-0.9824819564819336,1.3482533693313599,1.481318712234497,0.1330653429031372,OLENIN WAS ABOUT TO APPROACH THE DEAD BODY AND HAD BEGUN TO LOOK AT IT WHEN THE BROTHER LOOKING UP AT HIM FROM UNDER HIS BROWS WITH CALM CONTEMPT SAID SOMETHING SHARPLY AND ANGRILY,"Alain was about to approach the dead body and had begun to look at it, with the brother looking up at him from under his brow with constant pretentiousness. He said something sharply and angrily.",0.539710525999908,0.45161340500089864,0.23483372899863753,1.2261576599994441,0.03236766151654308,0.027084277821561444,0.014083510116489374,0.07353544945459389,1
21,mic_fileid_21_doa34_3spk.wav,SepFormer-sepformer-wsj03mix,1,17.10975,34,1,speechbrain/sepformer-wsj03mix,0,2.980076454769576,,text_fileid_21_doa34_spk1.txt,0.32432432432432434,12,37,5.8621110916137695,3.7349164485931396,-2.12719464302063,5.846676349639893,3.0138423442840576,-2.832834005355835,1.4030921459197998,1.4316238164901733,0.028531670570373535,WE THEN WENT TO WORK TO MAKE CLOTHES AFTER THE PATTERN OF THE NETCHELLI ESKIMO AND THE SEWING WENT ON EARLY AND LATE THICK ANORAKS AND THIN ONES HEAVY BREECHES AND LIGHT WINTER STOCKINGS AND SUMMER STOCKINGS,"We then went to work in a clothes after the past of the National Institute, and the cells went on early in the late 80s. Tick, enter acts and thin ones, heavy breeches and light, winter stockings and summer stockings.",0.5484953380000661,0.48249599400151055,0.24798063099842693,1.2789719630000036,0.032057472376865015,0.028200061017928994,0.01449352743309674,0.07475106082789075,1
22,mic_fileid_22_doa22_3spk.wav,SepFormer-sepformer-wsj03mix,1,16.8605,345,1,speechbrain/sepformer-wsj03mix,1,2.5972262761629894,,text_fileid_22_doa345_spk1.txt,0.9736842105263158,37,38,2.919387102127075,3.197499990463257,0.27811288833618164,2.895564079284668,2.7224066257476807,-0.1731574535369873,1.1457661390304565,1.2205982208251953,0.07483208179473877,THEY HAVE MERELY GONE TO WORK IN A BUSINESS LIKE MANNER AND USED THEIR WITS AND COMMON SENSE IN EDUCATING THE VOTERS REALLY MY DEARS I'M MORE PROUD OF YOU TODAY THAN I'VE EVER BEEN BEFORE HE CONCLUDED,for the,0.509103029000471,4.489647962998788,0.2781423590004124,5.276893350999671,0.030195013730344358,0.2662820179116152,0.016496685092400133,0.3129737167343597,1
23,mic_fileid_23_doa6_3spk.wav,SepFormer-sepformer-wsj03mix,1,16.07425,212,1,speechbrain/sepformer-wsj03mix,0,-0.13577645705726388,,text_fileid_23_doa212_spk1.txt,0.2916666666666667,14,48,4.834820747375488,2.6863365173339844,-2.148484230041504,4.819578647613525,-0.13602027297019958,-4.955598920583725,1.343172311782837,1.2738585472106934,-0.06931376457214355,WHEN HIS CRIES WERE HEARD BY A FARMER WHO WAS WALKING HOME FROM TOWN AND HE WAS BROUGHT BACK TO HIS FATHER'S HOUSE HE WAS SO TIRED AND EXCITED THAT HE DID NOT KNOW WHAT WAS HAPPENING TO HIM BY CHANCE DAVID'S FATHER KNEW THAT HE HAD DISAPPEARED,"We were tightly described and heard by a farmer who was walking home from town and was brought back to his father's house. He was so tired and excited, he didn't know what was happening to him. By chance, David's father knew how to make a superior.",0.5121987510010513,0.552839308998955,0.39163838700005726,1.4566764470000635,0.031864550507865144,0.03439285248138824,0.024364333452575222,0.09062173644182861,1
24,mic_fileid_24_doa57_3spk.wav,SepFormer-sepformer-wsj03mix,1,16.518375,289,1,speechbrain/sepformer-wsj03mix,0,2.877562624133117,,text_fileid_24_doa289_spk1.txt,0.2926829268292683,12,41,3.908278703689575,4.117793560028076,0.20951485633850098,3.895155191421509,2.8753974437713623,-1.0197577476501465,1.2749168872833252,1.3981647491455078,0.12324786186218262,I HAD NOT FORGOTTEN THE LIVID JAGGED FURROWS IN MERCER'S SIDE QUICKLY AS I SHOT TO THE LADDER SHE WAS THERE BEFORE ME A DIM WAVERING WHITE SHAPE WAITING I PAUSED HOLDING TO A RUNG OF THE LADDER WITH ONE HAND,"I had not forgotten the livid test jagged for a moment of silence, and quickly as I shot to the ladder, she was there before me, who led him, wavering, weight-shaving, waiting. I paused, holding to a rung of the ladder with one hand.",0.5394005399994057,0.6466603400003805,0.2789125500003138,1.4649734300001,0.03265457649432258,0.03914793918895657,0.016884987173394102,0.08868750285667326,1
25,mic_fileid_25_doa112_3spk.wav,SepFormer-sepformer-wsj03mix,1,14.702125,112,1,speechbrain/sepformer-wsj03mix,1,4.168993493269297,,text_fileid_25_doa112_spk1.txt,0.19444444444444445,7,36,2.8733482360839844,5.160600662231445,2.287252426147461,2.8497800827026367,4.508066654205322,1.6582865715026855,1.189566969871521,1.344409704208374,0.15484273433685303,THERE WAS THE SWEETNESS OF THE MAYFLOWER AND THE STRENGTH OF THE YOUNG OAK BUT ONE COULD EASILY DIVINE THAT SHE WAS ONE OF THE SOULS BY NATURE PITCHED TOO HIGH BY SUFFERING PLUNGED TOO LOW,"There was the sweetness of the maize flower and the strength of the young folks, and one could easily divine that she was one of the long by nature pitch too high by suffering plunge too low.",0.42717089200050395,0.44832707599925925,0.24039097400054743,1.1158889420003106,0.029055044219832436,0.0304940323932261,0.016350763852201463,0.07589984046526,1
26,mic_fileid_26_doa34_3spk.wav,SepFormer-sepformer-wsj03mix,1,15.26275,34,1,speechbrain/sepformer-wsj03mix,0,-2.240306841205293,,text_fileid_26_doa34_spk1.txt,0.9117647058823529,31,34,-4.02968692779541,-2.068741798400879,1.9609451293945312,-4.044663429260254,-2.2519774436950684,1.7926859855651855,1.078001856803894,1.1240893602371216,0.04608750343322754,THEY CAME FROM THE EAST WEST NORTH AND SOUTH ALL SORRY TO KNOW OF HER ILLNESS AND BRINGING PRESENTS WITH THEM SOMETIMES IT WAS A LITTLE LIVE BIRD OR SQUIRREL A DELICIOUS SALMON TROUT,"The change of the each one was worth more than half. People want to have a deliverer illness, bringing presents with them. It was a custom I'd find for the third or fourth orders. But they'll make it very challenging.",0.4362738139989233,0.5346255799995561,0.31698241000049165,1.287881803998971,0.02858422066789558,0.035028129268942755,0.020768368085731053,0.08438071802256938,1
27,mic_fileid_27_doa31_3spk.wav,SepFormer-sepformer-wsj03mix,1,17.2175,173,1,speechbrain/sepformer-wsj03mix,2,2.2872733867356074,,text_fileid_27_doa173_spk1.txt,0.45714285714285713,16,35,2.9897117614746094,3.5385169982910156,0.5488052368164062,2.9800703525543213,2.2870078086853027,-0.6930625438690186,1.3772306442260742,1.3783583641052246,0.0011277198791503906,IT SEEMS THAT THE PUBLIC ADMIRE HER AS MUCH AS I HAVE DONE I I SHALL FIND HER SOME DAY THEN SHE WILL RETURN TO ME STILL THINKING OF HER I OBSERVED REPROACHFULLY YES ALWAYS,"It seems that the public is by our term as much as I am known. I shall find her someday. Then she will return to me. Don't think he knows her. I am certainly not. Yes, always.",0.5596910440017382,0.5686743179994664,0.39693073099988396,1.5252960930010886,0.032507102889602915,0.03302885540871012,0.02305391206620496,0.08858987036451799,1
28,mic_fileid_28_doa124_3spk.wav,SepFormer-sepformer-wsj03mix,1,16.91975,217,1,speechbrain/sepformer-wsj03mix,0,1.1398926076417295,,text_fileid_28_doa217_spk1.txt,1.206896551724138,35,29,3.1241767406463623,2.204218626022339,-0.9199581146240234,3.112460136413574,1.6089593172073364,-1.5035008192062378,1.5074307918548584,1.4674983024597168,-0.0399324893951416,FELL FAR SHORT DON'T LOOK BACK GRUNTED VENTNOR STRETCH YOURSELF WALTER THERE'S A SURPRISE COMING HOPE TO GOD I JUDGED THE TIME RIGHT WE TURNED OFF THE RUINED WAY,"Now, far short, don't look back, recognize your search results, hold your surprise coming. Hope to God I get a full time right. When John's about to escape, we turned off the rude ways. What they found, who gave him the right to do that? It was the Scarborough, for example.",0.5341465749988856,0.6977266920002876,0.2676544540008763,1.4995277210000495,0.03156941296407368,0.04123741142749081,0.015819054891524773,0.08862587928308925,1
29,mic_fileid_29_doa111_3spk.wav,SepFormer-sepformer-wsj03mix,1,16.015375,111,1,speechbrain/sepformer-wsj03mix,0,4.470859936036073,,text_fileid_29_doa111_spk1.txt,0.1891891891891892,7,37,2.8718268871307373,5.523373603820801,2.6515467166900635,2.8572895526885986,4.466195583343506,1.6089060306549072,1.1543498039245605,1.4740338325500488,0.3196840286254883,MY FATHER WAS AND STILL IS RECEVEUR GENERAL AT C HE HAS A GREAT REPUTATION THERE FOR LOYALTY THANKS TO WHICH HE WAS ABLE TO FIND THE SECURITY WHICH HE NEEDED IN ORDER TO ATTAIN THIS POSITION,My father was and still is receiver general at sea. He has improved reputation and for loyalty thanks to which he was able to farm the security which he needed in order to attain his position.,0.5072095539999282,0.3853419139995822,0.29543749100048444,1.1879889589999948,0.031670164076703054,0.02406074874922268,0.0184471166613635,0.07417802948728924,1
30,mic_fileid_30_doa12_3spk.wav,SepFormer-sepformer-wsj03mix,1,16.907625,12,1,speechbrain/sepformer-wsj03mix,2,6.566197217144505,,text_fileid_30_doa12_spk1.txt,0.35714285714285715,15,42,3.6708385944366455,7.4251275062561035,3.754288911819458,3.6605193614959717,6.565370559692383,2.904851198196411,1.294529676437378,1.4995784759521484,0.2050487995147705,WHICH COVERED THEM DOWN TO THE ANKLES AND WHICH THEY WORE WINTER AND SUMMER WOMEN COMMONLY WORE A LONG LOOSE CLOAK WITH A HOOD A FASHION WHICH IS COMMON AT THE PRESENT DAY THE OVER GARMENTS WERE FASTENED BY BROOCHES PINS BUTTONS,"which covered a blackening angel, on which they wore winter and sun. When it come they wore a long loose cloak with a hood, a fashion which was common at the present day. The overgramms were fastened by broaches, pins, buttons.",0.5530033000013646,0.5438659589999588,0.29906922900045174,1.3959384880017751,0.032707331751287635,0.03216690451792956,0.017688423359309882,0.08256265962852707,1
31,mic_fileid_31_doa53_3spk.wav,SepFormer-sepformer-wsj03mix,1,17.74825,53,1,speechbrain/sepformer-wsj03mix,2,6.378385266697886,,text_fileid_31_doa53_spk1.txt,0.5121951219512195,21,41,5.846982955932617,6.796513080596924,0.9495301246643066,5.837784767150879,6.360891342163086,0.523106575012207,1.3945608139038086,1.5553135871887207,0.1607527732849121,THIS WAS THE PORTER WHO HAD BEEN KILLED BY LE CABUC BELOW BY THE LIGHTS OF THE TORCH WHICH WAS THRUST BETWEEN THE PAVING STONES THIS HEAD COULD BE VAGUELY DISTINGUISHED NOTHING COULD BE STRANGER IN THAT SOMBRE AND UNCERTAIN GLEAM,"This is the torch of evil, which had been killed by a doko witch and ratus, below by the lives of the torch which was attached between the launchings. This head did not be vaguely distinguished. Nothing could not be in enough sober and uncertain legal.",0.5687632789995405,0.6073271589993965,0.34045330899971304,1.51654374699865,0.03204616111445019,0.0342189882945866,0.019182359331185502,0.08544750874022228,1
32,mic_fileid_32_doa102_3spk.wav,SepFormer-sepformer-wsj03mix,1,16.7025,102,1,speechbrain/sepformer-wsj03mix,1,-11.018884659449238,,text_fileid_32_doa102_spk1.txt,0.9714285714285714,34,35,-6.867568492889404,-7.003651142120361,-0.13608264923095703,-6.965686798095703,-7.236879348754883,-0.2711925506591797,1.1066231727600098,1.4421746730804443,0.33555150032043457,LET ME BE OBSEQUIOUS IN THY HEART AND TAKE THOU MY OBLATION POOR BUT FREE WHICH IS NOT MIX'D WITH SECONDS KNOWS NO ART BUT MUTUAL RENDER ONLY ME FOR THEE HENCE THOU SUBORNED INFORMER,cultivating radium that travels from the knowledge of Geschm Dadl which parts of it also comes from organic materialling or magnet itself which sucks,0.5423437949993968,9.551376285000515,0.6508403430016187,10.74456042300153,0.03247081544675329,0.5718530929501879,0.03896664229915394,0.6432905506960952,1
33,mic_fileid_33_doa34_3spk.wav,SepFormer-sepformer-wsj03mix,1,17.067375,345,1,speechbrain/sepformer-wsj03mix,2,3.8059906106951336,,text_fileid_33_doa345_spk1.txt,1.1282051282051282,44,39,4.405822277069092,5.86676025390625,1.4609379768371582,4.379909038543701,5.348875999450684,0.9689669609069824,1.224318027496338,1.3734300136566162,0.14911198616027832,WHEN I WENT TO SLEEP LAST NIGHT I BELONGED TO GOVERNOR LUCAS BUT I UNDERSTAND DAT HE IS BIN GAMBLING ALL NIGHT SO I DON'T KNOW WHO OWNS ME DIS MORNING SUCH IS THE UNCERTAINTY OF A SLAVE'S POSITION,"And she looked sweet black like I'd ever wanted to go on her loose Except I understand that he was a damn grown-up So I don't know who else to be a grown-up But such is the uncertainty I was waiting for I'm sure she's happy there Dear, if you live, have never been for hard",0.4413031439999031,0.7048591340007988,0.22897343499971612,1.375135713000418,0.025856532946624957,0.04129862582856467,0.013415855396609973,0.0805710141717996,1
34,mic_fileid_34_doa125_3spk.wav,SepFormer-sepformer-wsj03mix,1,15.904625,157,1,speechbrain/sepformer-wsj03mix,1,4.241557342048903,,text_fileid_34_doa157_spk1.txt,0.27906976744186046,12,43,4.41470193862915,4.909883499145508,0.4951815605163574,4.396412372589111,4.22930908203125,-0.16710329055786133,1.3603432178497314,1.6455044746398926,0.28516125679016113,THEREFORE SELLEN HAD FALLEN ON EVIL DAYS FOR HE COULD NOT BRING HIMSELF TO PAINT AGAINST HIS BETTER JUDGMENT HE WAS NOW RENTING A FORMER PHOTOGRAPHIC STUDIO ON THE TOP OF A HOUSE IN GOVERNMENT STREET THE ACCOMMODATION CONSISTED OF THE STUDIO ITSELF,"There was a person who had fallen on evil days, who could not bring himself in pain against his better judgment. He was now running a former photographic studio on the top of the house in government studios. The accommodation consisted of the studio itself.",0.4261544600012712,0.5120579179983906,0.2650930680010788,1.2033054460007406,0.026794373334880342,0.03219553544949288,0.016667671699337697,0.0756575804837109,1
35,mic_fileid_35_doa24_3spk.wav,SepFormer-sepformer-wsj03mix,1,18.1805,24,1,speechbrain/sepformer-wsj03mix,0,3.67978083696838,,text_fileid_35_doa24_spk1.txt,0.16326530612244897,8,49,7.494431495666504,4.198648929595947,-3.2957825660705566,7.481771469116211,3.679480791091919,-3.802290678024292,2.0102014541625977,1.7364752292633057,-0.273726224899292,THE WESTERN WORLD IS WARNED IF NOT ARMED AGAINST THE POSSIBILITY OF IT IN THE SECOND PLACE THERE IS A WEAKNESS INHERENT IN THE BROWN MAN WHICH WILL BRING HIS ADVENTURE TO NAUGHT FROM THE WEST HE HAS BORROWED ALL OUR MATERIAL ACHIEVEMENT AND PASSED OUR ETHICAL ACHIEVEMENT BY,"The Western world is war and it no harm against the possibility of it. In the second place, there is weakness inherent in the brown man which will bring his adventure to naught. From the west, he has furrowed all our material achievements and passed our ethical achievement by.",0.47061265500087757,0.542375755001558,0.33074290299919085,1.3437313130016264,0.025885572729071125,0.02983282940521757,0.018192178597903844,0.07391058073219255,1
36,mic_fileid_36_doa24_3spk.wav,SepFormer-sepformer-wsj03mix,1,17.311625,269,1,speechbrain/sepformer-wsj03mix,0,4.168294041713349,,text_fileid_36_doa269_spk1.txt,0.7575757575757576,25,33,2.3710458278656006,4.722494602203369,2.3514487743377686,2.3545405864715576,4.20848274230957,1.8539421558380127,1.1756420135498047,1.2687106132507324,0.09306859970092773,THE BRIDGE OPENED ON A RATHER FINE STREET CALLED SAINT THOMAS'S STREET HE ENTERED IT HERE AND THERE WERE HIGH CARVED GABLES AND SHOP FRONTS HE SET TO KNOCKING AT THE DOORS AGAIN,"This joke is called Rather Farms Street, falsely translated street. We enter now. Here and there, when high-fowl labels finished off wrong, you start knocking at the doors of the house.",0.4384004420007841,0.5052493860002869,0.31164969299970835,1.2552995210007794,0.025324049128882132,0.029185555139987548,0.018002336175818756,0.07251194044468844,1
37,mic_fileid_37_doa51_3spk.wav,SepFormer-sepformer-wsj03mix,1,13.878,104,1,speechbrain/sepformer-wsj03mix,0,3.6490829924940495,,text_fileid_37_doa104_spk1.txt,0.41935483870967744,13,31,4.262055397033691,4.799269676208496,0.5372142791748047,4.252620697021484,3.6475143432617188,-0.6051063537597656,1.2512414455413818,1.247199296951294,-0.004042148590087891,AND THERE WAS MUCH COMMENT ON THIS EVIDENCE OF A DECLINING INDUSTRY IT WAS NOT AT ONCE RECOGNIZED THAT THERE WAS EMBODIED IN HORSE FLESH MORE HORSE POWER THAN EVER BEFORE,And there is much evidence on this evidence of the quatrain in this island. It was written about that there was embodied in horse flesh more horsepower than ever before.,0.34459626500029117,0.38437166000039724,0.26907633200062264,0.998044257001311,0.024830398112140883,0.027696473555295954,0.019388696642212325,0.07191556830964917,1
38,mic_fileid_38_doa1_3spk.wav,SepFormer-sepformer-wsj03mix,1,17.663875,1,1,speechbrain/sepformer-wsj03mix,2,7.965867765305629,,text_fileid_38_doa1_spk1.txt,0.5897435897435898,23,39,6.5456037521362305,8.440242767333984,1.894639015197754,6.537845134735107,7.966415882110596,1.4285707473754883,1.332245111465454,1.5024508237838745,0.1702057123184204,ONCE UPON A TIME THERE WAS AN OLD WIDOW WOMAN WHO HAD THREE SONS THE FIRST TWO WERE CLEVER ENOUGH BUT THE THIRD BOBO BY NAME WAS LITTLE BETTER THAN A SILLY SIMPLETON ALL HIS MOTHER'S SCOLDINGS AND BEATINGS,"Once upon a time, there was an old and good old woman who had 37. The first and the second were clever enough, but the third, both little five men, liked really better and trusted and simple. All his brothers spoke in the game.",0.466548499000055,0.5572434980003891,0.3403815860001487,1.3641735830005928,0.026412579289655017,0.031547069824734895,0.019269927238510728,0.07722957635290063,1
39,mic_fileid_39_doa156_3spk.wav,SepFormer-sepformer-wsj03mix,1,16.29675,250,1,speechbrain/sepformer-wsj03mix,0,5.456530087343248,,text_fileid_39_doa250_spk1.txt,0.06521739130434782,3,46,4.569394588470459,7.341679573059082,2.772284984588623,4.559520721435547,5.456432342529297,0.89691162109375,1.2933685779571533,1.482049584388733,0.1886810064315796,BUT HE MADE HIS WAY DOWN TO THE FORD UNDER THE PALACE WALLS AND STEPPED INTO THE FLOODED WATER INCH BY INCH AND FOOT BY FOOT HE FOUGHT HIS WAY ACROSS NOW NEARLY SWEPT OFF HIS FEET BY SOME SUDDEN SWIRL OR EDDY NOW NARROWLY ESCAPING,"But he made his way down to the floor, under the palace wall, and stepped into the flooded water. Inch by inch, and foot by foot he fought his way across. Now nearly swept off his feet by some sudden swirl or eddy, now narrow escaping.",0.41779840100025467,0.5657515219991183,0.34380154100108484,1.3273514640004578,0.02563691539725741,0.03471560415414842,0.02109632540237071,0.08144884495377654,1
40,mic_fileid_40_doa14_3spk.wav,SepFormer-sepformer-wsj03mix,1,13.925,14,1,speechbrain/sepformer-wsj03mix,0,5.600327698289358,,text_fileid_40_doa14_spk1.txt,0.3076923076923077,8,26,2.069715976715088,6.38590669631958,4.316190719604492,2.05216383934021,5.596922874450684,3.5447590351104736,1.2670615911483765,1.5594005584716797,0.2923389673233032,WE ADVANCED TALKING IN THAT FASHION AND IN HIGH SPIRITS AND CONGRATULATING OURSELVES IN BEING SHUT OF THE TRANSPORT AND ON BREATHING FINE MOUNTAIN AIR AGAIN,"We advanced, talking in the fastest and in the highest spirits, and congratulating ourselves on being shut off of transport and on breathing high mountain air again.",0.3448199989998102,0.33504781299961905,0.3067830950003554,0.9866509069997846,0.024762657019735023,0.024060884236956483,0.02203110197489087,0.07085464323158237,1
41,mic_fileid_41_doa86_3spk.wav,SepFormer-sepformer-wsj03mix,1,16.321,116,1,speechbrain/sepformer-wsj03mix,0,2.0963944141344917,,text_fileid_41_doa116_spk1.txt,1.2857142857142858,45,35,3.425584077835083,2.922583818435669,-0.5030002593994141,3.402670383453369,2.523178815841675,-0.8794915676116943,1.4231003522872925,1.6279404163360596,0.2048400640487671,WE TOOK ROOMS AT A HOTEL IN MEDWORTH QUARLES EXPLAINING THAT OUR INVESTIGATIONS MIGHT TAKE SOME DAYS NEXT MORNING INSTEAD OF GOING TO WITHAN AS I HAD EXPECTED HE TOOK ME TO THE POLICE COURT,"We took a route to that hotel in Denver. I'm probably explaining where our investigation might take some day. We lost a leg on the first floor. Instead of going the way that I expected, the president was in a... Can you take a police escort? I believe the victory would be given to federal forces and get him.",0.3976764919989364,0.7216494300009799,0.21569803400052479,1.335023956000441,0.024365939096803894,0.04421600575951105,0.013215981496264002,0.08179792635257895,1
42,mic_fileid_42_doa76_3spk.wav,SepFormer-sepformer-wsj03mix,1,17.286125,76,1,speechbrain/sepformer-wsj03mix,0,3.7692914912534503,,text_fileid_42_doa76_spk1.txt,0.45714285714285713,16,35,3.439211130142212,4.371811866760254,0.932600736618042,3.419691324234009,3.7678744792938232,0.34818315505981445,1.4226601123809814,1.5667424201965332,0.14408230781555176,HOW CAN EARTHLY WORDS DESCRIBE IT IT TOWERED TEN FEET AT THE SHOULDER HAD FOUR LEGS ON EITHER SIDE A BROAD FLAT TAIL LARGER AT THE TIP THAN AT THE ROOT AND WHICH IT HELD,"How can first move a piece of riba? It's how 10 feet at the shoulder, have four legs on either side, a broad, flat tail, and large, at the chin, and which it held.",0.43692139999984647,0.5155699999995704,0.37181008300103713,1.324301483000454,0.02527584406567964,0.029825654968917006,0.02150916315837339,0.07661066219297004,1
43,mic_fileid_43_doa44_3spk.wav,SepFormer-sepformer-wsj03mix,1,15.722125,273,1,speechbrain/sepformer-wsj03mix,0,4.4920677690863124,,text_fileid_43_doa273_spk1.txt,0.2558139534883721,11,43,4.464390277862549,5.736073017120361,1.2716827392578125,4.457672595977783,4.49035120010376,0.03267860412597656,1.5391054153442383,1.5524356365203857,0.013330221176147461,ODETTE ODETTE HE WHISPERED DON'T YOU REALISE THAT I LOVE YOU AND WOULD GIVE MY LIFE TO SAVE YOU FROM UNHAPPINESS WON'T YOU TELL ME EVERYTHING PLEASE NO NO NO SHE MURMURED WITH A LITTLE CATCH IN HER VOICE PLEASE DON'T ASK ME,"Oh dad, oh dad, he goes, don't you realize that I love you and would give my life to save you from unhappy men? Don't you just need everything, please? No, no, no, she murmured with a little catch in her voice. Please don't ask me.",0.37390117599898076,0.6204586749990995,0.2611051090007095,1.2554649599987897,0.02378184730111106,0.039464046685743784,0.016607494788440463,0.07985338877529531,1
44,mic_fileid_44_doa184_3spk.wav,SepFormer-sepformer-wsj03mix,1,17.0035,215,1,speechbrain/sepformer-wsj03mix,0,5.043814309630141,,text_fileid_44_doa215_spk1.txt,0.3684210526315789,14,38,2.98512864112854,5.346121311187744,2.360992670059204,2.97139310836792,5.042624473571777,2.0712313652038574,1.17716383934021,1.388185739517212,0.21102190017700195,I TOO HAVE HAD MY DREAM I TOO HAVE MEDITATED I TOO HAVE SIGHED I TOO HAVE HAD A MOONLIGHT SOUL LOVE IS A CHILD SIX THOUSAND YEARS OLD LOVE HAS THE RIGHT TO A LONG WHITE BEARD,"I too have had my dreams, I too have dedicated, I too have died, I too have had my life, so I feel loved as a child, six thousand years old, love has the right to along with white beard and expensive.",0.44457971500014537,0.49376174000099127,0.3531390250009281,1.2914804800020647,0.02614636486606554,0.02903882965277686,0.0207686079337153,0.0759538024525577,1
45,mic_fileid_45_doa62_3spk.wav,SepFormer-sepformer-wsj03mix,1,16.822625,278,1,speechbrain/sepformer-wsj03mix,0,4.662668034321194,,text_fileid_45_doa278_spk1.txt,0.7073170731707317,29,41,4.3869829177856445,5.200034141540527,0.8130512237548828,4.380026340484619,4.733494281768799,0.3534679412841797,1.187213659286499,1.41347074508667,0.2262570858001709,ONE LADY HAD A FRIGHT FOR THE WIND BLEW THE END OF HER SHAWL WITHIN REACH OF A TIGER'S GREAT CLAW AND HE CLUTCHED IT TRYING TO DRAG HER NEARER THE SHAWL CAME OFF AND THE POOR LADY RAN AWAY SCREAMING,"One lady had a flight, and when she learned that one of the frauds she agreed to use was a great fraud, and he clutched it to find and drag her near her. It all came off as a floating, line of way screaming.",0.43871894699987024,0.4813313249997009,0.27346449099968595,1.193514762999257,0.026079101626522036,0.028612141386953636,0.016255756221141823,0.0709469992346175,1
46,mic_fileid_46_doa151_3spk.wav,SepFormer-sepformer-wsj03mix,1,16.0385,189,1,speechbrain/sepformer-wsj03mix,2,3.5812478913592853,,text_fileid_46_doa189_spk1.txt,1.2,42,35,2.4860334396362305,3.9809820652008057,1.4949486255645752,2.468364715576172,3.5788989067077637,1.1105341911315918,1.210951566696167,1.4534492492675781,0.24249768257141113,YOU'LL SEE THE ENGLISHEST LOOKING ENGLISHMAN YOU EVER SAT EYES ON OUTSIDE THE PAGES OF PUNCH TRYING TO TEAR MY OLD FASHIONED DOORBELL OUT BY THE ROOTS THAT'S YOUR BEST MAKE UP IS IT REMSEN,"You'll see that English is the book in English when you ever set eyes on how to change the puns or try to figure out how to pass it works on the outside of the truth. You will find some things that will help you. That's your best make-up, you little son of a... It is.",0.4167677309997089,0.6488006290001067,0.24912466800014954,1.3146930279999651,0.0259854556847404,0.040452700003124155,0.01553291567167438,0.08197107135953893,1
47,mic_fileid_47_doa63_3spk.wav,SepFormer-sepformer-wsj03mix,1,16.66925,104,1,speechbrain/sepformer-wsj03mix,1,1.9070269887689077,,text_fileid_47_doa104_spk1.txt,0.43902439024390244,18,41,3.1278724670410156,2.9869911670684814,-0.14088129997253418,3.1169068813323975,1.9310098886489868,-1.1858969926834106,1.1940131187438965,1.3410967588424683,0.14708364009857178,AT FIRST UNDER DIFFERENT ANIMAL SHAPES SINCE THAT TIME PARTLY FROM HABIT AND PARTLY TO AMUSE OURSELVES WE HAVE CONTINUED TO TRANSFORM OURSELVES AND IT WAS IN THIS WAY THAT I GOT TO KNOW YOU HOW EXCLAIMED JEGU FILLED WITH ASTONISHMENT,"It's first of a different analogy. At that time, partly from habit, it's hard to amuse ourselves, we continue to transform ourselves, and it is in this way that I got to know you. How to clean your physical and thoughts, miss.",0.41546798499985016,0.550822244000301,0.3016857339989656,1.2679759629991167,0.024924215846534793,0.033044212787036065,0.018098338797424333,0.07606676743099519,1
48,mic_fileid_48_doa191_3spk.wav,SepFormer-sepformer-wsj03mix,1,16.393,227,1,speechbrain/sepformer-wsj03mix,1,1.1195389311908421,,text_fileid_48_doa227_spk1.txt,0.6111111111111112,22,36,2.0582737922668457,1.4649131298065186,-0.5933606624603271,2.045482635498047,1.11658775806427,-0.9288948774337769,1.266977310180664,1.2798064947128296,0.012829184532165527,APPLIED TO HER WORK BUT AFTER A FEW MINUTES SUNK AGAIN WITHOUT KNOWING IT HERSELF INTO LANGUOR AND LISTLESSNESS MOVING HERSELF IN HER CHAIR FROM THE IRRITATION OF WEARINESS MUCH OFTENER THAN SHE MOVED HER NEEDLE,"Applied to the left, the left hand after a few minutes, some began without knowing the state, the entire atmosphere, movement or self-interference, or the emotional awareness, much oftener than she moved her needle.",0.4223297469998215,0.5259341339988168,0.36821693899946695,1.3164808199981053,0.025762810162863508,0.03208284841083492,0.022461839748640695,0.08030749832233912,1
49,mic_fileid_49_doa63_3spk.wav,SepFormer-sepformer-wsj03mix,1,16.3985,63,1,speechbrain/sepformer-wsj03mix,1,0.8413186364143856,,text_fileid_49_doa63_spk1.txt,1.0333333333333334,31,30,2.661133289337158,1.6664233207702637,-0.9947099685668945,2.650362014770508,0.9189482927322388,-1.731413722038269,1.333756446838379,1.3208439350128174,-0.012912511825561523,BY WHICH SOCIAL WANTS MUST BE SATISFIED THE PEOPLE DO NOT VOTE IT THE LEGISLATOR DOES NOT EXPRESS IT THE SAVANT DISCOVERS AND FORMULATES IT BUT IN FACT THE LAW,"In life, social want was a being that was darkened, and people do not look at it, which led life to a place that does not express world. The swamps got room for important work, but in fact, the law went to carry off service.",0.5368791679993592,0.6214689440002985,0.3107637840003008,1.4691118959999585,0.032739529103232565,0.037897914077525297,0.018950744519334137,0.089588187700092,1
50,mic_fileid_50_doa7_3spk.wav,SepFormer-sepformer-wsj03mix,1,16.934625,58,1,speechbrain/sepformer-wsj03mix,2,0.5619813415239095,,text_fileid_50_doa58_spk1.txt,0.35135135135135137,13,37,2.9507570266723633,2.676267147064209,-0.2744898796081543,2.9377570152282715,0.5562077760696411,-2.3815492391586304,1.1820297241210938,1.1908748149871826,0.008845090866088867,WOULD BE THE MOST ADVANCED IN CIVILIZATION BUT SUCH WAS NOT THE CASE MANY OF THEM WERE AMONG THE MOST DEGRADED UPON THE CONTINENT THEY SEEMED UNABLE TO ADAPT THEMSELVES TO THE WHITE MAN AND HIS WAYS,would be the most advanced in civilization. But such was not the case. And this reaction to many of them were most degraded upon the time. They seemed unate to adapt themselves to the wise man's excuse.,0.5281286710014683,0.5222921170006884,0.27516433899836557,1.3255851270005223,0.03118632216547271,0.030841670069498936,0.016248623101979852,0.0782766153369515,1
51,mic_fileid_51_doa46_3spk.wav,SepFormer-sepformer-wsj03mix,1,16.064,46,1,speechbrain/sepformer-wsj03mix,2,4.139560840566051,,text_fileid_51_doa46_spk1.txt,0.0975609756097561,4,41,3.985647201538086,4.5488810539245605,0.5632338523864746,3.9499282836914062,4.110857009887695,0.16092872619628906,1.3529589176177979,1.57916259765625,0.22620368003845215,AND THIS IS UNDOUBTEDLY THE BEST WAY OF UTILIZING THE POWER I HAD MADE UP MY MIND TO ADOPT THE SAME SYSTEM IN SLEDGING ON THE BARRIER ANOTHER GREAT ADVANTAGE IT HAD WAS THAT THE DOGS WOULD PASS SINGLY ACROSS FISSURES,And this is undoubtedly the best way of utilizing the power. I had made up my mind to adopt the same system in fledgling barrier. Another great advantage it had was that the dogs would pass simply across fissures.,0.5053403479996632,0.47899260299891466,0.2571920690006664,1.2415250199992443,0.03145793999001888,0.02981776662094837,0.016010462462690885,0.07728616907365814,1
52,mic_fileid_52_doa46_3spk.wav,SepFormer-sepformer-wsj03mix,1,16.408375,310,1,speechbrain/sepformer-wsj03mix,0,1.5009197335748012,,text_fileid_52_doa310_spk1.txt,0.38235294117647056,13,34,1.3799200057983398,2.52778959274292,1.14786958694458,1.3547974824905396,1.4994155168533325,0.14461803436279297,1.2146230936050415,1.3592846393585205,0.144661545753479,IT TAKES ITS NAME FROM THAT ILLUSTRIOUS WOMAN BY WHOSE VIRTUE AND FORTITUDE AND ARMED WITH PRAYER THE CHILDREN OF ISRAEL WERE PRESERVED FROM THE DESTRUCTION THREATENED THEM BY HOLOFERNES AND HIS GREAT ARMY,"It takes His name from that lustful woman, but whose virtue and fortitude and arms of prayer the children of the Israel can serve from the destruction he reckons in by hallowedness in his great army.",0.5357444370001758,0.46372650699959195,0.28517667800042545,1.2846476220001932,0.03265066997799452,0.028261574165607012,0.017379946399349446,0.07829219054295097,1
53,mic_fileid_53_doa65_3spk.wav,SepFormer-sepformer-wsj03mix,1,16.895875,106,1,speechbrain/sepformer-wsj03mix,2,7.094105454280161,,text_fileid_53_doa106_spk1.txt,0.38095238095238093,16,42,4.019031047821045,7.524313926696777,3.5052828788757324,4.00888729095459,7.090976715087891,3.082089424133301,1.0864331722259521,1.336716651916504,0.25028347969055176,LITTLE DID I THEN THINK THAT THESE PEOPLE PLACED BY A SEEMING CHANCE IN AN ADJOINING STATEROOM WERE TO BE MY FELLOW WORKERS AND TRUE FRIENDS NOT ONLY FOR THE COMING MONTHS IN THAT ARCTIC LAND TO WHICH WE WERE GOING BUT,"We're all good, I didn't think that these people, placed by a team of chants that had joined staterooms, were to be my fellow workers and two friends, not only for the coming months in that part of the plan to which we were going, but...",0.5522678289999021,0.5830919709987938,0.36601562699979695,1.501375426998493,0.03268654798877845,0.034510907011255344,0.021663016978984335,0.08886047197901813,1
54,mic_fileid_54_doa45_3spk.wav,SepFormer-sepformer-wsj03mix,1,14.5195,327,1,speechbrain/sepformer-wsj03mix,0,4.258535501114496,,text_fileid_54_doa327_spk1.txt,1.0,31,31,4.955076217651367,6.297745227813721,1.3426690101623535,4.9444379806518555,4.254610538482666,-0.6898274421691895,1.1045811176300049,1.1658461093902588,0.061264991760253906,WHILE HE HIMSELF STROVE TO ENJOY LIFE IN A SHY AND BOYISH FASHION THAT WAS AS UNUSUAL IN A MAN OF HIS WEALTH AS IT WAS ADMIRABLE HE HAD NEVER MARRIED,well so,0.4336801129993546,2.217840901999807,0.27443115300047793,2.9259521679996396,0.029868804917480257,0.1527491237301427,0.01890086800512951,0.20151879665275246,1
55,mic_fileid_55_doa55_3spk.wav,SepFormer-sepformer-wsj03mix,1,16.039125,144,1,speechbrain/sepformer-wsj03mix,1,2.218553267402364,,text_fileid_55_doa144_spk1.txt,0.7666666666666667,23,30,1.9092515707015991,2.793370485305786,0.884118914604187,1.895160436630249,2.251450300216675,0.3562898635864258,1.0452173948287964,1.0780888795852661,0.03287148475646973,IT WAS AS THOUGH THE SPIRIT OF THE DEEP HAD TAKEN FORM IN THE SUBSTANCE OF THE NOBLEST OF ALL THE FOWLS OF ITS DOMINIONS AND POISED ON TREMORLESS WINGS,"This was as though the spirit of тысячine had taken form since the advent of a total of only five reasons for every type of legitimation, and points of the memorial to the today'sable people.",0.5198942520000855,2.4538926950008317,0.31918899599986617,3.2929759430007834,0.032414128077440985,0.15299417486931688,0.019900648944369857,0.20530895189112772,1
56,mic_fileid_56_doa11_3spk.wav,SepFormer-sepformer-wsj03mix,1,17.138125,64,1,speechbrain/sepformer-wsj03mix,0,1.8616932198067033,,text_fileid_56_doa64_spk1.txt,0.5428571428571428,19,35,2.7928781509399414,2.7992537021636963,0.006375551223754883,2.783179521560669,2.2576675415039062,-0.5255119800567627,1.2097444534301758,1.2736295461654663,0.06388509273529053,I REPAIRED UNDER THESE THOUGHTS TO MY BIBLE MY GREAT COMFORT IN THAT TIME AND THAT SCRIPTURE CAME TO MY HAND CAST THY BURDEN UPON THE LORD AND HE SHALL SUSTAIN THEE PSALM FIFTY FIVE,"Are you here? Unleash thoughts to my Bible. Migrate comfort in that time. And since Christopher came to pay, Caps by burden on the Lord, He shall save me, all who defy.",0.5384345920010674,0.5085911389996909,0.3199319320010545,1.3669576630018128,0.03141735703299325,0.029676008256427754,0.018667849137583868,0.07976121442700487,1
57,mic_fileid_57_doa15_3spk.wav,SepFormer-sepformer-wsj03mix,1,16.733625,173,1,speechbrain/sepformer-wsj03mix,0,2.60445356346204,,text_fileid_57_doa173_spk1.txt,0.35135135135135137,13,37,3.4610376358032227,4.505078315734863,1.0440406799316406,3.4454891681671143,2.6050398349761963,-0.840449333190918,1.3396108150482178,1.3571091890335083,0.017498373985290527,WHILE ON THE OTHER HAND I DID AFTERWARDS DISCOVER THESE AS SOON AS I SUPPOSED GOD TO HAVE CREATED A RATIONAL SOUL AND TO HAVE ANNEXED IT TO THIS BODY IN A PARTICULAR MANNER WHICH I DESCRIBED,"While on the other hand, I did afterwards discover the insure design of supposed gods to have created the Wrench's muscle, and to have asexed in this quality in a particular manner which I described.",0.5374625719996402,0.4635711809987697,0.2834252220000053,1.2844589749984152,0.032118717372932655,0.027702974161233428,0.016937467046142442,0.07675915858030852,1
58,mic_fileid_58_doa91_3spk.wav,SepFormer-sepformer-wsj03mix,1,17.251375,128,1,speechbrain/sepformer-wsj03mix,2,2.80752903391521,,text_fileid_58_doa128_spk1.txt,0.18,9,50,4.11196756362915,5.175467014312744,1.0634994506835938,4.096289157867432,2.8069067001342773,-1.2893824577331543,1.351789951324463,1.293661117553711,-0.05812883377075195,IT MADE LITTLE DIFFERENCE TO HIM WHETHER THERE WAS A DRY STRIP ALONG THE EDGE OF THE STREAM WHERE HE COULD STEAL SILENTLY ALONG WITHOUT WETTING HIS FEET WHEN HE FOUND NO PLACE TO WALK HE SWAM NOW MASTER MEADOW MOUSE WAS WELL AWARE OF THIS TRICK OF PETER MINK'S,"It makes little difference to him whether there was a dry strip along the edge of the stream where he could still silently and long without wetting his feet. When he found that place to walk, he slammed. Now Master Heavenass was well aware of this trick of Peter Meese.",0.5557018630006496,0.5910458620001009,0.3658182109993504,1.512565936000101,0.032212033127831816,0.03426079729877189,0.021205162544976876,0.08767799297158058,1
59,mic_fileid_59_doa11_3spk.wav,SepFormer-sepformer-wsj03mix,1,16.365375,257,1,speechbrain/sepformer-wsj03mix,2,3.8617225209541677,,text_fileid_59_doa257_spk1.txt,0.696969696969697,23,33,4.756491184234619,5.2110490798950195,0.4545578956604004,4.74021577835083,3.8579723834991455,-0.8822433948516846,1.4081659317016602,1.3291106224060059,-0.0790553092956543,WHEREAS THE OTHERS BEING ROUND ARE MORE CONVENIENTLY CLOSED WITH THREE BESIDES I WISH SUCH PERSONS TO OBSERVE THAT THE GRAND ARTERY AND THE ARTERIAL VEIN ARE OF MUCH HARDER AND FIRMER TEXTURE,"Whereas the others being rather more confused than those who are free. Besides, I wish I was such a person's strength to earn rather than to be in their material fame or in much harder and firmer texture.",0.5055048930007615,0.46922600799916836,0.27405335799994646,1.2487842589998763,0.03088868376073029,0.028671876324200842,0.016745925956474964,0.0763064860414061,1
60,mic_fileid_60_doa144_3spk.wav,SepFormer-sepformer-wsj03mix,1,16.481375,144,1,speechbrain/sepformer-wsj03mix,0,6.098954602951121,,text_fileid_60_doa144_spk1.txt,0.6666666666666666,20,30,5.97398042678833,6.4971795082092285,0.5231990814208984,5.963377475738525,6.121026039123535,0.15764856338500977,1.4090924263000488,1.4748551845550537,0.06576275825500488,AND SHEWED HIMSELF TO HIS COURTIERS WHO EAGER TO KNOW THE SUCCESS OF THE NEW MEDICINE CAME THITHER BETIMES AND WHEN THEY SAW THE KING PERFECTLY CURED EXPRESSED GREAT JOY,"and showing the tales of the score each of butter and flour. And eager to know the success of the fighter's hand came to visit Italian butter, and when they saw the king perfectly cured, they stressed great joy.",0.549617443999523,0.4691108000006352,0.2438855500004138,1.262613794000572,0.033347790703113236,0.028463086362675152,0.014797645827512194,0.07660852289330058,1
61,mic_fileid_61_doa93_3spk.wav,SepFormer-sepformer-wsj03mix,1,16.27275,149,1,speechbrain/sepformer-wsj03mix,0,6.829609437067457,,text_fileid_61_doa149_spk1.txt,0.9642857142857143,27,28,2.266450881958008,7.90946102142334,5.643010139465332,2.247425079345703,7.133936405181885,4.886511325836182,1.075989007949829,1.3014287948608398,0.22543978691101074,A SILVER WEB HAS THE MOON SPUN A SILVER WEB UPON ALL THE SKY WHERE THE FRAIL STARS QUIVER EVERY ONE LIKE TANGLED GNATS THAT HUM AND DIE,"Achievement Rev has the news button. The silver web is hung all the time. With the thrall stars flivered, everyone like tangled mats get hummer and die. John's discussion. News from some kind of a conspiracy theory.",0.5314846640012547,0.6106465679986286,0.28770967700074834,1.4298409090006317,0.032661023121553195,0.037525714338303526,0.01768045825080262,0.08786719571065935,1
62,mic_fileid_62_doa56_3spk.wav,SepFormer-sepformer-wsj03mix,1,17.070125,308,1,speechbrain/sepformer-wsj03mix,2,3.4811086962291293,,text_fileid_62_doa308_spk1.txt,0.65625,21,32,0.8037528395652771,3.968777894973755,3.165025055408478,0.7818584442138672,3.483566999435425,2.7017085552215576,1.1861997842788696,1.3824536800384521,0.19625389575958252,REMOVED CRIED BINGLEY IT MUST NOT BE THOUGHT OF MY SISTER I AM SURE WILL NOT HEAR OF HER REMOVAL YOU MAY DEPEND UPON IT MADAM SAID MISS BINGLEY WITH COLD CIVILITY,"Ooh, crackingly. It must not be thought of. My sister, I am sure, will not fear us. You make a pen with it, Adam. Is that an insane thing to call a lily?",0.5350983240005007,0.45720809799968265,0.2781384440004331,1.2704448660006165,0.03134706535543827,0.026784109548095437,0.016293872716247423,0.07442504761978114,1
63,mic_fileid_63_doa174_3spk.wav,SepFormer-sepformer-wsj03mix,1,17.973875,312,1,speechbrain/sepformer-wsj03mix,0,3.820217806147897,,text_fileid_63_doa312_spk1.txt,0.5,25,50,3.60136342048645,4.3628010749816895,0.7614376544952393,3.588113307952881,3.9618780612945557,0.3737647533416748,1.0464472770690918,1.1230509281158447,0.07660365104675293,AND THAT IF SHE NOTICED ANYTHING ODD OR OUT OF PLACE SHE WOULD NEVER REST UNTIL SHE HAD FERRETED OUT THE WHYS AND WHEREFORES THEREOF THERE ARE PLENTY OF PEOPLE IN AVONLEA AND OUT OF IT WHO CAN ATTEND CLOSELY TO THEIR NEIGHBOR'S BUSINESS BY DINT OF NEGLECTING THEIR OWN,"And that if she noticed anything odd or out of place, she would never rest until she had pared it out of the wine and wear it for an air moment. There are plenty of people in Adizan and out of it. She can find something to her favorite dishes by doing her best with their own. And so be parted.",0.5884906620012771,0.7271800979997352,0.3500198210003873,1.6656905810013996,0.03274144623801362,0.040457614064843286,0.019473809682129608,0.09267286998498651,1
64,mic_fileid_64_doa6_3spk.wav,SepFormer-sepformer-wsj03mix,1,16.112625,327,1,speechbrain/sepformer-wsj03mix,0,5.625841993674382,,text_fileid_64_doa327_spk1.txt,0.9428571428571428,33,35,4.892755508422852,5.940104007720947,1.0473484992980957,4.881126403808594,5.685147285461426,0.804020881652832,1.3453004360198975,1.4699106216430664,0.12461018562316895,AND THEIR MOTHER WAS TENDING AND WATCHING THEM THE OLDEST WAS EIGHT YEARS THE YOUNGEST THREE MONTHS COUSIN ALICE GAVE US DESCRIPTIONS OF THEIR TASTES AND HABITS DWELLING WITH EMPHASIS ON THOSE OF THE BABY,"And then one of the 10, the oldest was 8 years, the other 6 months. The question was how it gave a description that contained the target's drunken deficit from the over-debating. But at your own weight, replied Michelle.",0.5030983939996077,0.5381730569988576,0.27762857299967436,1.3189000239981397,0.031223862902513253,0.03340070640251713,0.017230499251343238,0.08185506855637362,1
65,mic_fileid_65_doa48_3spk.wav,SepFormer-sepformer-wsj03mix,1,16.14525,218,1,speechbrain/sepformer-wsj03mix,2,5.9201769588982955,,text_fileid_65_doa218_spk1.txt,0.8333333333333334,35,42,2.3698315620422363,6.142009735107422,3.7721781730651855,2.3590035438537598,5.899434566497803,3.540431022644043,1.0997039079666138,1.23306143283844,0.13335752487182617,MY LAST HOPE IS GONE SHE TOLD MARILLA I WENT UP AND SAW MISSUS BARRY MYSELF AND SHE TREATED ME VERY INSULTINGLY MARILLA I DO NOT THINK SHE IS A WELL BRED WOMAN THERE IS NOTHING MORE TO DO EXCEPT TO PRAY,My last cold was so hot. I went out and saw him as he was there. And he gave me this very emotional release. And the last thing you know about him is that he was very cold. There is nothing more to do than get a cold cover.,0.5001212589995703,0.5971076860005269,0.32164893899971503,1.4188778839998122,0.0309763713166145,0.036983489633206475,0.019922202443425466,0.08788206339324645,1
66,mic_fileid_66_doa58_3spk.wav,SepFormer-sepformer-wsj03mix,1,16.93675,242,1,speechbrain/sepformer-wsj03mix,1,3.547244052421224,,text_fileid_66_doa242_spk1.txt,0.627906976744186,27,43,4.6277618408203125,4.2713775634765625,-0.35638427734375,4.610780239105225,3.5340256690979004,-1.0767545700073242,1.4106262922286987,1.5236096382141113,0.1129833459854126,HIS EYES STILL SMILED BUT HIS VOICE WAS HARDER BYGONES ARE BYGONES ISN'T THAT SO BOBBY SINCE YOU WISH IT BOBBY SAID BUT MORE IMPORTANT THAN THE KNOWLEDGE GRAHAM DESIRED LOOMED THE OLD QUESTION WHAT WAS THE MAN'S GAME WHAT HELD HIM HERE,"The time still flies, whose voice will further? Bygone or bygone? Is that so, Bobbie-Ton? Since you wish it, Bobbie-Ton. But more important than that, I would brand desire to leave the old question. What was the brand getting? I'm not still looking here.",0.5535145309986547,0.6377346730005229,0.31183823500032304,1.5030874389995006,0.032681271849596565,0.037653898947585744,0.018411928793914005,0.08874709959109632,1
67,mic_fileid_67_doa77_3spk.wav,SepFormer-sepformer-wsj03mix,1,17.3005,77,1,speechbrain/sepformer-wsj03mix,2,5.821500132756052,,text_fileid_67_doa77_spk1.txt,0.6216216216216216,23,37,4.831374645233154,6.501543045043945,1.670168399810791,4.819470405578613,6.004609107971191,1.1851387023925781,1.2078115940093994,1.3981047868728638,0.19029319286346436,AND THE REST OF THE PARTY CROWDED UP AS CLOSE AS THEY COULD THEY ARE HER DAUGHTER'S WEDDING CLOTHES SAID MISSUS FISHER I DO BELIEVE FOR THE OLD WOMAN WAS WORKING FEARFULLY HARD TO MAKE THEM UNDERSTAND,And the rest of the party crowded up as close as they could. They seemed to have their daughters wed and clung to the old administration. I do believe in life. For the old woman was worth it's power to make them understand. There nobody has ever really understood anything.,0.5494516850012587,0.5371332660015469,0.27705470000000787,1.3636396510028135,0.03175929510715059,0.031047268344934938,0.016014259703477234,0.07882082315556276,1
68,mic_fileid_68_doa31_3spk.wav,SepFormer-sepformer-wsj03mix,1,16.753375,357,1,speechbrain/sepformer-wsj03mix,2,3.516528804798428,,text_fileid_68_doa357_spk1.txt,0.5609756097560976,23,41,3.396272659301758,3.7116284370422363,0.3153557777404785,3.383575677871704,3.4956467151641846,0.11207103729248047,1.2678897380828857,1.348616361618042,0.08072662353515625,AFTER CAREFULLY SCANNING THE JAGGED TOWERS AND BATTLEMENTS WITH WHICH IT IS ROUGHENED I DETERMINED TO MAKE IT MY WAY THOUGH IT PRESENTED BUT A FEEBLE ADVERTISEMENT OF ITS FLORAL WEALTH THIS APPARENT BARRENNESS HOWEVER MADE NO GREAT OBJECTION JUST THEN,"After carefully scanning the jacket to all the companions, which is a buggy, I determined to make his mileage, not presented but a few, advertisements of its core wealth. This apparent bearing on some breaking me, no great objection to this.",0.537243552000291,0.4558350289989903,0.3968549789988174,1.3899335599980986,0.03206778049200779,0.027208549262401776,0.023688061599457865,0.08296439135386743,1
69,mic_fileid_69_doa229_3spk.wav,SepFormer-sepformer-wsj03mix,1,15.836375,304,1,speechbrain/sepformer-wsj03mix,0,3.8865258846709927,,text_fileid_69_doa304_spk1.txt,0.6470588235294118,22,34,3.357842445373535,5.57342004776001,2.2155776023864746,3.34289288520813,3.8989548683166504,0.5560619831085205,1.3119797706604004,1.298334002494812,-0.013645768165588379,OF GOLD RINGS AND SILVER CROSSES GATHERED IN HARVEST TIME IN FURROWS SOWN WITH CORPSES DID NOT AMOUNT TO A LARGE TOTAL AND DID NOT CARRY THIS SUTLER TURNED EATING HOUSE KEEPER VERY FAR,The gold ring and silver crosses gathered in harvest time and in person-only forces is not enough to a large total. I don't care if this is not their turn to eating house to prepare a farm.,0.4697556209994218,0.4253504789994622,0.2523136380004871,1.1474197379993711,0.029663077629787232,0.026859081008088165,0.015932537465201922,0.07245469610307732,1
70,mic_fileid_70_doa238_3spk.wav,SepFormer-sepformer-wsj03mix,1,17.772375,288,1,speechbrain/sepformer-wsj03mix,0,6.61319096720982,,text_fileid_70_doa288_spk1.txt,0.8333333333333334,40,48,5.174876689910889,7.059500694274902,1.8846240043640137,5.167538642883301,6.6074700355529785,1.4399313926696777,1.1337860822677612,1.2874640226364136,0.15367794036865234,AND THEN SAT DOWN UNTIL IT SHOULD STOP ACHING WAIT FOR ME HE CALLED OUT TO HIS BROTHERS AND SISTERS I'M COMING IN A MINUTE THE OTHER LITTLE TURTLES WAITED BUT WHEN HIS TOE WAS COMFORTABLE AGAIN AND HE STARTED TOWARD THEM HE MET A VERY INTERESTING SNAIL,"If I can set it down, I'll do what I can stop the heat. Wait for me, if you call out to the road and see the heat. I'm coming in a minute. The other guy was really weird. The one who told me he was acceptable again, and he started torturing me, he never buried me with something to smell.",0.5662127120012883,0.6963822699999582,0.3964425680005661,1.6590375500018126,0.0318591472440396,0.039183410770927254,0.02230667358755181,0.09334923160251866,1
71,mic_fileid_71_doa92_3spk.wav,SepFormer-sepformer-wsj03mix,1,17.56175,92,1,speechbrain/sepformer-wsj03mix,0,6.386404264464898,,text_fileid_71_doa92_spk1.txt,0.4032258064516129,25,62,5.99242639541626,6.975857734680176,0.983431339263916,5.977656841278076,6.38639497756958,0.4087381362915039,1.4512699842453003,1.565948724746704,0.11467874050140381,HAD WE SUCCEEDED IN GETTING A FEW GOOD FIRES UPON THEM IN FLANK WE SHOULD HAVE SENT THESE BRAVE VIRGINIANS TO THE RIGHT ABOUT AYE AND THAT IN DOUBLE QUICK TIME CRIED THE COLONEL MAKING THE OTHER LEG FOLLOW ITS COMPANION THEN IT WAS NECESSARY TO ROUT THE GUIDES YOU KNOW AND THE MOVEMENT GAVE THEM THE BEST POSSIBLE OPPORTUNITY TO CHARGE,"Have you succeeded in getting the two good firemen of the continent in slang? We should have sent these brave Virginians to the right of answer. I had done a quick time in front of her, making everyone follow her companion. Then it was necessary to route the guides, you know, so the movement gave them the best possible opportunity to charge.",0.5632547759996669,0.6627497650006262,0.35054354000021704,1.5765480810005101,0.03207281597788756,0.037738253021517,0.01996062693069979,0.08977169593010435,1
72,mic_fileid_72_doa57_3spk.wav,SepFormer-sepformer-wsj03mix,1,16.5355,57,1,speechbrain/sepformer-wsj03mix,1,2.8014227825565357,,text_fileid_72_doa57_spk1.txt,0.6888888888888889,31,45,2.3810746669769287,3.2433266639709473,0.8622519969940186,2.3556227684020996,2.7932920455932617,0.4376692771911621,1.2433006763458252,1.3888680934906006,0.1455674171447754,YOUR DAUGHTER WILL BE MARRIED TO MORROW IF NOT TO DAY IN A WEEK IF NOT TO MORROW AND I DO NOT THINK YOU CAN REGRET THE INTENDED HUSBAND OF YOUR DAUGHTER MADAME DANGLARS GAZED ON VILLEFORT STUPEFIED TO FIND HIM SO ALMOST INSULTINGLY CALM,"Your job will be done tomorrow, if not today, or the week after tomorrow. And I do not think that you regret being tempted by the end of your knowledge. With a one-day glory, games done, go for it. Stupid five-defenses, so almost insultingly calm.",0.5341866620001383,0.6744595449999906,0.3814607620006427,1.5901069690007716,0.03230544356083205,0.04078857881527566,0.023069200326608977,0.09616322270271668,1
73,mic_fileid_73_doa97_3spk.wav,SepFormer-sepformer-wsj03mix,1,14.284375,97,1,speechbrain/sepformer-wsj03mix,0,5.511281794346549,,text_fileid_73_doa97_spk1.txt,0.8064516129032258,25,31,5.962804794311523,6.3153076171875,0.35250282287597656,5.880989074707031,5.479401588439941,-0.40158748626708984,1.391947627067566,1.53426194190979,0.14231431484222412,CARLING'S PEN TRAVELLED HALTINGLY ACROSS THE PAPER THEN WITH A QUEER LOW CRY AS HE SIGNED HIS NAME HE DROPPED THE PEN FROM HIS FINGERS AND RISING UNSTEADILY FROM HIS CHAIR,"Carlson and his travels all the way across the neighborhood with a queer, so-cri-est sign of nature. He dropped the pen from his fingers and a rear-briding on the center of the front of his chair.",0.4007892689987784,0.646488139000212,0.2647248789999139,1.3120022869989043,0.028057879256094747,0.04525841270620604,0.01853247894989553,0.09184877091219631,1
74,mic_fileid_74_doa76_3spk.wav,SepFormer-sepformer-wsj03mix,1,16.900375,116,1,speechbrain/sepformer-wsj03mix,2,3.2661625560718637,,text_fileid_74_doa116_spk1.txt,0.6097560975609756,25,41,5.730560779571533,3.799821376800537,-1.930739402770996,5.720691204071045,3.2657909393310547,-2.4549002647399902,1.4261443614959717,1.4017459154129028,-0.024398446083068848,LIKE THIS HE SAID IT DOES ME GOOD YOU DON'T KNOW WHAT IT IS TO ME YOU DON'T WORDS SEEMED TO FAIL HIM IT WAS A DISTINCT GLIMPSE HE WAS A YOUNGSTER OF THE SORT YOU LIKE TO SEE ABOUT YOU,Why did this guy look so much like someone else? It felt me good. You don't know what it is to me. So you don't... ...but words seem to fail in some kind of each. It was a distant little path. You were the youngster of the sort you'd like to see about you.,0.5502013289988099,0.9151439459983521,0.3766439610008092,1.8419892359979713,0.03255556926984223,0.054149327810675926,0.022286130396562753,0.1089910274770809,1
75,mic_fileid_75_doa172_3spk.wav,SepFormer-sepformer-wsj03mix,1,17.380375,204,1,speechbrain/sepformer-wsj03mix,2,2.368744475520946,,text_fileid_75_doa204_spk1.txt,0.23809523809523808,10,42,3.7183005809783936,4.130115985870361,0.4118154048919678,3.702012538909912,2.3603405952453613,-1.3416719436645508,1.170198678970337,1.187002420425415,0.016803741455078125,BUT IT WAS NOT IN MISTER WESTON'S NATURE TO IMAGINE THAT ANY CAPRICE COULD BE STRONG ENOUGH TO AFFECT ONE SO DEAR AND AS HE BELIEVED SO DESERVEDLY DEAR HE SAW HIS SON EVERY YEAR IN LONDON AND WAS PROUD OF HIM,"But it was not in Mr. Weston's nature to imagine that anything could be strong enough to affect all of some deer, and as he believed, so deservedly deer. He saw the sun every year in London and was proud of him.",0.5702080940009182,0.6384073030003492,0.43015744900003483,1.6387728460013022,0.03280758292044436,0.03673150337667336,0.024749606898587333,0.09428869319570506,1
76,mic_fileid_76_doa66_3spk.wav,SepFormer-sepformer-wsj03mix,1,16.727375,66,1,speechbrain/sepformer-wsj03mix,0,5.399863428923344,,text_fileid_76_doa66_spk1.txt,0.5476190476190477,23,42,4.270410537719727,5.9254913330078125,1.655080795288086,4.26120662689209,5.399440765380859,1.1382341384887695,1.2463105916976929,1.3086414337158203,0.06233084201812744,AND YET THESE MUST BE REACHED BEFORE JUNE OR THE YEAR'S EXPEDITION WOULD BE OF LITTLE AVAIL EVERY BLACKSMITH'S SHOP RUNG WITH THE RHYTHMICAL CLANG OF BUSY HAMMERS BEATING OUT OLD IRON SUCH AS HORSESHOES NAILS OR STUBS INTO THE GREAT HARPOONS,"and yet he must be reached before a team, or the year's expedition would be a little avail. Every black-and-white shot runs the rhythm of playing of fifty hammers, feeding out old irons for the portion now for stuff. This is great cartoon.",0.530642813000668,0.7124796799998876,0.39704011299909325,1.6401626059996488,0.03172301768811114,0.04259363349000591,0.02373594858721666,0.0980525997653337,1
77,mic_fileid_77_doa164_3spk.wav,SepFormer-sepformer-wsj03mix,1,15.385625,267,1,speechbrain/sepformer-wsj03mix,2,2.2409681791663245,,text_fileid_77_doa267_spk1.txt,0.47058823529411764,16,34,4.27323579788208,4.497035026550293,0.2237992286682129,4.260466575622559,2.2408676147460938,-2.019598960876465,1.174440622329712,1.23004150390625,0.055600881576538086,GRANDEUR SAID PANGLOSS IS EXTREMELY DANGEROUS ACCORDING TO THE TESTIMONY OF PHILOSOPHERS FOR IN SHORT EGLON KING OF MOAB WAS ASSASSINATED BY EHUD ABSALOM WAS HUNG BY HIS HAIR AND PIERCED WITH THREE DARTS,"The red deer said, hang loss is extremely dangerous according to a testimony written by the officers. For in short, a long king of Boaz was fascinated by anything. Addis-Lon was hung by his hair and pierced with three darts.",0.472703339999498,0.5884175689989206,0.32356220000110625,1.3846831089995248,0.030723700857098624,0.03824463218094297,0.021030162895631883,0.08999849593367347,1
78,mic_fileid_78_doa78_3spk.wav,SepFormer-sepformer-wsj03mix,1,15.820125,78,1,speechbrain/sepformer-wsj03mix,0,3.6698538630097257,,text_fileid_78_doa78_spk1.txt,0.36363636363636365,16,44,3.3870928287506104,5.937546253204346,2.5504534244537354,3.364985466003418,3.66947078704834,0.3044853210449219,1.2238025665283203,1.3447728157043457,0.12097024917602539,I PRAY GOD HE MAY REMEMBER THESE THINGS NOW HE IS RETURNED IN SAFETY AT THIS PLACE THE SUN NOW GETTING HIGHER WHAT WITH THE BEAMS AND HEAT OF THE SUN AND THE SMOKE OF THE WIGWAMS I THOUGHT I SHOULD HAVE BEEN BLIND,"I pray to God you may remember these things now. You see his return, I'd say. But this place, the sun now is getting higher. Along with the beams I can see up the sun and the smoke of the wigwam, I thought I should have been blind.",0.4624427830003697,0.6658411539992812,0.290069377000691,1.418353314000342,0.029231297666761143,0.04208823596522032,0.018335466818415847,0.08965500045039732,1
79,mic_fileid_79_doa98_3spk.wav,SepFormer-sepformer-wsj03mix,1,15.89875,98,1,speechbrain/sepformer-wsj03mix,2,1.5993153844306556,,text_fileid_79_doa98_spk1.txt,0.9310344827586207,27,29,3.591815710067749,1.8671172857284546,-1.7246984243392944,3.5722949504852295,1.6309235095977783,-1.9413714408874512,1.293771743774414,1.2711201906204224,-0.0226515531539917,FROM INSULTING OR WRONGING THE PEOPLE OF OTHER NATIONS BUT THEY ALWAYS ARDENTLY ADVOCATE THAT WE IN OUR TURN SHALL TAMELY SUBMIT TO WRONG AND INSULT FROM OTHER NATIONS,from insulting ????,0.49583749500015983,3.3873944759998267,0.3398105560008844,4.223042527000871,0.031187199937112026,0.21306042776946785,0.021373413381610782,0.2656210410881906,1
80,mic_fileid_80_doa69_3spk.wav,SepFormer-sepformer-wsj03mix,1,17.273,315,1,speechbrain/sepformer-wsj03mix,0,4.154164302821675,,text_fileid_80_doa315_spk1.txt,0.8421052631578947,32,38,4.794918537139893,4.666822910308838,-0.1280956268310547,4.781584739685059,4.315401077270508,-0.4661836624145508,1.4250080585479736,1.4627522230148315,0.03774416446685791,PERHAPS THEY DON'T KNOW MUCH ABOUT IT AT THE PEOPLE'S BANNER OFFICE I THOUGHT MISTER SLIDE AND THE PEOPLE'S BANNER HAD GONE OVER TO THE OTHER SIDE BUNCE MISTER SLIDE IS PRETTY WIDE AWAKE WHATEVER SIDE HE'S ON,"Perhaps they don't know much about it, if people burn it off. I will not lie to the people found that gone over to the other side by persuading them. It's just an idea, pretty wide awake, but ever so I don't think it looked like we ran into self-sacrificing.",0.5239084160002676,0.7781984550001653,0.3222988580000674,1.6244057290005003,0.03033106096221083,0.04505288340185059,0.01865911295085205,0.09404305731491347,1
81,mic_fileid_81_doa77_3spk.wav,SepFormer-sepformer-wsj03mix,1,14.8545,289,1,speechbrain/sepformer-wsj03mix,2,5.250120389424379,,text_fileid_81_doa289_spk1.txt,0.6875,22,32,4.389159202575684,5.655737400054932,1.266578197479248,4.350899696350098,5.2490763664245605,0.8981766700744629,1.2298779487609863,1.3898075819015503,0.15992963314056396,SO YOU'RE AT THE OLD GAME MISTER FINN SAID HIS LANDLORD YES AT THE OLD GAME I SUPPOSE IT'S THE SAME WITH YOU NOW MISTER BUNCE HAD BEEN A VERY VIOLENT POLITICIAN,"So you're at the old game Mr. Bates. For an end to the game, I would like to speak with you. I believe you are self-adjusted and has been a very vibrant game petition.",0.43686365199937427,0.5587081300000136,0.2607061740000063,1.2562779559993942,0.029409515769589976,0.03761204550809611,0.01755065293345493,0.08457221421114101,1
82,mic_fileid_82_doa185_3spk.wav,SepFormer-sepformer-wsj03mix,1,16.23125,243,1,speechbrain/sepformer-wsj03mix,2,6.4150784042919815,,text_fileid_82_doa243_spk1.txt,0.075,3,40,5.421879291534424,6.601856708526611,1.1799774169921875,5.406508445739746,6.22661018371582,0.8201017379760742,1.1868855953216553,1.365897297859192,0.17901170253753662,FOLLOWED HIM IN AN OPEN BOAT AS SOON AS SHE HAD GOT ON THE QUARTER DECK SHE FLEW AT HER HUSBAND AND ATTEMPTED TO STRIKE HIM WITH SUCH IMPETUOSITY THAT HE THOUGHT IT MOST PRUDENT TO SLIP ON ONE SIDE,"Followed him in an open boat, as soon as she had got on the quarter deck, she flew with her husband, and attempted to strike him with such insinuity that he thought it was prudent to slip on one side.",0.5311624019996088,0.5522744099998818,0.3750374239989469,1.4584742359984375,0.03272467628800055,0.034025377589519096,0.023105886730778402,0.08985594060829805,1
83,mic_fileid_83_doa43_3spk.wav,SepFormer-sepformer-wsj03mix,1,16.544125,43,1,speechbrain/sepformer-wsj03mix,2,4.615152508362964,,text_fileid_83_doa43_spk1.txt,0.40476190476190477,17,42,5.11854887008667,5.989470481872559,0.8709216117858887,5.1102190017700195,4.613961219787598,-0.4962577819824219,1.3019825220108032,1.405400276184082,0.10341775417327881,AND THAT THE MONKEY MEN WERE GETTING AHEAD WERE THEY TOO GREAT MINDED AND DECENT TO EXTERMINATE THEIR PUNY RIVALS IT MAY HAVE BEEN THEIR TOLERANCE AND PATIENCE THAT BETRAYED THEM THEY WAIT TOO LONG BEFORE THEY RESENT AN IMPOSITION OR INSULT,"and that the monkey may be getting a hand, or they too greatly learn to determine their puny rivals. They may admit their tolerance and patience may be great, they wait too long before they present an imposition or insult.",0.5278745550003805,0.5837208049997571,0.36333247699985805,1.4749278369999956,0.03190707003243631,0.035282664087690166,0.021961419960249213,0.08915115408037569,1
84,mic_fileid_84_doa2_3spk.wav,SepFormer-sepformer-wsj03mix,1,18.087375,41,1,speechbrain/sepformer-wsj03mix,2,5.2835112845905305,,text_fileid_84_doa41_spk1.txt,0.9473684210526315,36,38,3.6972928047180176,5.603902816772461,1.9066100120544434,3.6792664527893066,5.2669453620910645,1.5876789093017578,1.1321969032287598,1.242560625076294,0.11036372184753418,POOR MISSUS LOW WE CAN FORESEE THAT THERE IS MUCH GRIEF IN STORE FOR HER AND SOME ROCKS AHEAD TOO IN THE POLITICAL CAREER OF HER HUSBAND PHINEAS WAS STILL IN LONDON HANGING ABOUT THE CLUBS DOING NOTHING,The office is in London. Something for sale. It really can't be reached in a short amount of time. And it's on block ahead too. It's a bit of a hurry of this crisis. Philly Assets in London is painting about the class doing well.,0.5738328200004617,0.7306276979998074,0.3412502869996388,1.6457108049999079,0.031725599762290634,0.040394346775018894,0.018866766847021127,0.09098671338433066,1
85,mic_fileid_85_doa23_3spk.wav,SepFormer-sepformer-wsj03mix,1,17.05275,173,1,speechbrain/sepformer-wsj03mix,0,6.561860201519324,,text_fileid_85_doa173_spk1.txt,0.25,10,40,3.0127062797546387,7.193370819091797,4.180664539337158,2.999415159225464,6.561685085296631,3.562269926071167,1.271450400352478,1.7471067905426025,0.4756563901901245,HE CONTEMPLATED WITH UNSPEAKABLE DELIGHT THE LARGE DIAMOND WHICH SHONE ON THE MAJOR'S LITTLE FINGER FOR THE MAJOR LIKE A PRUDENT MAN IN CASE OF ANY ACCIDENT HAPPENING TO HIS BANK NOTES HAD IMMEDIATELY CONVERTED THEM INTO AN AVAILABLE ASSET,"He contemplated with a speakable device, a large diamond which shone on the major's little finger. For the major, the plastic band, in case of any accident happening to his banknotes, had immediately converted them into an available asset.",0.5474539420010842,0.5999353030001657,0.3818414899997151,1.529230735000965,0.03210355760807402,0.03518114691179814,0.02239178372988023,0.0896764882497524,1
86,mic_fileid_86_doa84_3spk.wav,SepFormer-sepformer-wsj03mix,1,17.021125,290,1,speechbrain/sepformer-wsj03mix,0,4.160337462492275,,text_fileid_86_doa290_spk1.txt,0.16666666666666666,8,48,3.811379909515381,4.830473899841309,1.0190939903259277,3.795886278152466,4.151647090911865,0.3557608127593994,1.276016354560852,1.378544807434082,0.10252845287322998,THEN THE WOMAN SERVED UP FOUR DIFFERENT THINGS ROAST MEAT SALAD CAKES AND WINE JUST AS THEY WERE ABOUT TO SIT DOWN AND EAT THERE WAS A KNOCKING OUTSIDE THE WOMAN SAID OH HEAVENS IT IS MY HUSBAND SHE QUICKLY HID THE ROAST MEAT INSIDE THE TILED STOVE,"Then the woman served up four different things. Roast meat, salad, and cakes, and wine. It's just that they were about to sit down and eat. The ones were knocking outside. The woman said, oh heavens, it is my husband. She quickly hit the roast meat inside the top stove.",0.5397609709998505,0.8387915809998958,0.43815510000058566,1.816707652000332,0.03171123947446779,0.049279444278794486,0.02574184138830927,0.10673252514157154,1
87,mic_fileid_87_doa124_3spk.wav,SepFormer-sepformer-wsj03mix,1,17.381125,124,1,speechbrain/sepformer-wsj03mix,0,4.781150087299918,,text_fileid_87_doa124_spk1.txt,1.1142857142857143,39,35,4.046781063079834,5.750170707702637,1.7033896446228027,4.031979560852051,4.959967613220215,0.9279880523681641,1.138352632522583,1.19636070728302,0.05800807476043701,HE CAME UP INTO THE GARDEN AND ESTABLISHED HIMSELF UNDER A BURDOCK AND BEGAN TO PRACTISE ITALIAN SCALES THE RESULT WAS THAT POOR OLD DOCTOR BULLFROG INSTEAD OF BEING CONSIDERED AS A RESPECTABLE OLD BORE,The human being is a guy who has goutless himself under a bird. He can't protect the character in the animal. The result was that oral obstacle cross is gonna be a fear of respect that is only born. And it's gonna be on the other side.,0.5701801969989901,0.6492822580003121,0.3370977030008362,1.5565601580001385,0.03280456224778259,0.03735559453144213,0.019394469748122527,0.08955462652734725,1
88,mic_fileid_88_doa31_3spk.wav,SepFormer-sepformer-wsj03mix,1,15.98675,122,1,speechbrain/sepformer-wsj03mix,0,5.7158439630170745,,text_fileid_88_doa122_spk1.txt,0.7567567567567568,28,37,6.144076347351074,6.427311420440674,0.2832350730895996,6.131962776184082,5.713736534118652,-0.4182262420654297,1.286777138710022,1.2853703498840332,-0.0014067888259887695,MISS CARLYLE'S EYES SEARCHING HER FACE INQUISITIVELY ALL THE TIME WHY DO YOU WEAR GLASSES BEGAN MISS CORNY ABRUPTLY AS SOON AS THEY WERE INDOORS ANOTHER DEEP FLUSH AND AN IMPERCEPTIBLE HESITATION MY EYES ARE NOT STRONG,"This girl I am searching her face intuitively all the time. My deal wears lastens. Again, this corny, a repute who soon fades indoors. I never beat anyone in the untapped expectations. My heart is not strong.",0.5211364719998528,0.6154560510003648,0.30266769400077465,1.4392602170009923,0.032598024739227974,0.03849788424791561,0.0189324092764805,0.09002831826362408,1
89,mic_fileid_89_doa150_3spk.wav,SepFormer-sepformer-wsj03mix,1,17.14725,226,1,speechbrain/sepformer-wsj03mix,0,3.145350847059797,,text_fileid_89_doa226_spk1.txt,0.5416666666666666,26,48,3.715970754623413,3.8201842308044434,0.10421347618103027,3.7031359672546387,3.1453423500061035,-0.5577936172485352,1.1799339056015015,1.1886317729949951,0.008697867393493652,GIRDLES STRINGS AND LOOPS MANY OF THEM BEAUTIFULLY MADE AND ORNAMENTED THE ANCIENT IRISH WORE A TROUSERS WHICH WAS SO TIGHT FITTING AS TO SHOW PERFECTLY THE SHAPE OF THE LIMBS WHEN TERMINATING BELOW THE ANKLES IT WAS HELD DOWN BY A SLENDER STRAP PASSING UNDER THE FOOT,Gartle is in the first place. Many of my beauty made the ancient Irish word travel through bow ties to show perfectly the shape of the man. Intermediate how I lowered the angle was held down by a slender strap passing under the foot.,0.549236471999393,0.6006736220006132,0.40482017199974507,1.5547302659997513,0.032030586362209276,0.03503031809768991,0.023608460365349842,0.09066936482524902,1
90,mic_fileid_90_doa49_3spk.wav,SepFormer-sepformer-wsj03mix,1,16.155625,290,1,speechbrain/sepformer-wsj03mix,0,4.580909045072488,,text_fileid_90_doa290_spk1.txt,0.6875,22,32,4.719535827636719,5.131964683532715,0.4124288558959961,4.702438831329346,4.576299667358398,-0.12613916397094727,1.3078420162200928,1.3352949619293213,0.027452945709228516,A REPRESENTATIVE ASSEMBLY DRAWN FROM AMONG THEMSELVES WOULD SIMPLY REFLECT THEIR OWN TURBULENT INSUBORDINATION IT WOULD REFUSE ITS AUTHORITY TO ALL PROCEEDINGS WHICH WOULD IMPOSE ON THEIR SAVAGE INDEPENDENCE ANY IMPROVING RESTRAINT,"But in the representative assembly drawn from among themselves will simply reflect your whole turbulence to be subordinate to this be felt to the limit. What would reduce the prosperity into all proceedings which would impose on their savage independence, any improving restraint?",0.5161409619995538,0.5434145099989109,0.2990196820010169,1.3585751539994817,0.031948065271356185,0.03363624186615565,0.018508704058247012,0.08409301119575885,1
91,mic_fileid_91_doa65_3spk.wav,SepFormer-sepformer-wsj03mix,1,13.204125,144,1,speechbrain/sepformer-wsj03mix,2,2.962813273630742,,text_fileid_91_doa144_spk1.txt,0.6666666666666666,18,27,3.6666324138641357,4.292867183685303,0.626234769821167,3.6436028480529785,2.9524848461151123,-0.6911180019378662,1.2341283559799194,1.2396807670593262,0.005552411079406738,SATISFACTORY INDEED VERY SATISFACTORY BARBARA IVANOVNA TOLD ME TODAY HOW OUR TROOPS ARE DISTINGUISHING THEMSELVES IT CERTAINLY DOES THEM CREDIT AND THE PEOPLE TOO ARE QUITE MUTINOUS,"This is back in the D, very satisfactory. Barbara Givinogra told me today how she trips to the Puget Shackles. It's certainly the credits, and the people too are white mutinous.",0.4022679939989757,0.4938476459992671,0.3101082140001381,1.206223853998381,0.03046532761534564,0.03740101263804055,0.023485707231652088,0.09135204748503828,1
92,mic_fileid_92_doa79_3spk.wav,SepFormer-sepformer-wsj03mix,1,17.673375,256,1,speechbrain/sepformer-wsj03mix,1,1.3201364257499404,,text_fileid_92_doa256_spk1.txt,0.925,37,40,1.5783802270889282,1.7728525400161743,0.1944723129272461,1.5655465126037598,1.3093644380569458,-0.25618207454681396,1.0995041131973267,1.2140967845916748,0.11459267139434814,THE BREEZE THE SHINING SOLITUDE OF FIELDS OR WOODS HOWEVER MUCH ONE LOVES A WOMAN WHATEVER CONFIDENCE ONE MAY HAVE IN HER WHATEVER CERTAINTY HER PAST MAY OFFER US AS TO HER FUTURE ONE IS ALWAYS MORE OR LESS JEALOUS,"I'm just trying to look up to the view for the direction. However, my one or two women, whatever food is doing has to do with whatever certain people are seeing out there, has to do with what is always for a left-gallon.",0.5393474920001609,1.745212915000593,0.47921753199989325,2.763777939000647,0.030517515301981702,0.09874814035239976,0.027115224568023552,0.156380880222405,1
93,mic_fileid_93_doa3_3spk.wav,SepFormer-sepformer-wsj03mix,1,16.54,3,1,speechbrain/sepformer-wsj03mix,0,4.669062791691165,,text_fileid_93_doa3_spk1.txt,0.3548387096774194,11,31,6.1997222900390625,6.62045955657959,0.42073726654052734,6.181352138519287,4.670766830444336,-1.5105853080749512,1.1682813167572021,1.1692111492156982,0.0009298324584960938,SUCH AS HAVE GUIDED MEN ALONG THE PATH OF TRUTH SINCE THE BEGINNING OF THE WORLD FROM WHAT HO SHE BUMPS TO ICH DIEN AND MORE THE THOUGHT OCCURRED TO ME,Some ships have guided me along the path to the beginning of the world from what held me to fifteen and more. The thought occurred to me.,0.5295928939995065,0.3592542719998164,0.2945711920001486,1.1834183579994715,0.0320189174123039,0.021720330834329893,0.017809624667481778,0.07154887291411557,1
94,mic_fileid_94_doa101_3spk.wav,SepFormer-sepformer-wsj03mix,1,14.641875,101,1,speechbrain/sepformer-wsj03mix,2,3.013894358023575,,text_fileid_94_doa101_spk1.txt,0.5555555555555556,20,36,2.0128238201141357,3.166175365447998,1.1533515453338623,1.992948055267334,3.006526470184326,1.0135784149169922,1.2338738441467285,1.3155829906463623,0.08170914649963379,IN HER YOUTH SHE HAD DECLINED THE ADDRESSES OF A GENTLEMAN WHO HAD THE RECOMMENDATIONS OF GOOD CHARACTER AND CONNECTIONS AND POSITION IN LIFE OF EVERYTHING IN FACT EXCEPT THE SUBTLE POWER OF TOUCHING HER HEART,"In the news, she had declined the address of a gentleman who had the recommendation of the character getting in connection with the position of everything down the line. That's the subtle power of the word. I don't know.",0.44506887900024594,0.5702652929994656,0.2860627410009329,1.3013969130006444,0.030396986656438873,0.03894755917527404,0.01953730249718242,0.08888184832889533,1
95,mic_fileid_95_doa59_3spk.wav,SepFormer-sepformer-wsj03mix,1,16.541875,125,1,speechbrain/sepformer-wsj03mix,2,4.547617844234387,,text_fileid_95_doa125_spk1.txt,0.7,21,30,3.1728568077087402,5.560422420501709,2.3875656127929688,3.1406264305114746,4.7396745681762695,1.599048137664795,1.1081455945968628,1.2744026184082031,0.16625702381134033,WHICH A SAD EXPERIENCE HAS BROUGHT US IS WORTH OUR OWN PERSONAL SHARE OF PAIN SURELY IT IS NOT POSSIBLE TO FEEL OTHERWISE ANY MORE THAN IT WOULD BE POSSIBLE,"Which is that experience of product, of course, our own personal share of pain. And surely, it is not possible to be alive or alive, or any more than it would be possible. I think that the good is great. Amen.",0.5276815209999768,0.637192887999845,0.2897287220002909,1.4546031310001126,0.031899740567497746,0.03851999171797906,0.01751486587828108,0.08793459816375788,1
96,mic_fileid_96_doa99_3spk.wav,SepFormer-sepformer-wsj03mix,1,17.43275,160,1,speechbrain/sepformer-wsj03mix,2,3.5298450270138764,,text_fileid_96_doa160_spk1.txt,0.9782608695652174,45,46,5.1184515953063965,3.7968928813934326,-1.3215587139129639,5.101816654205322,3.5270211696624756,-1.5747954845428467,1.249191403388977,1.4092457294464111,0.16005432605743408,THEN WITH HIS OTHER HAND ON HIS WRIST HE BENT THE FOREARM SHARPLY AND FELT THE BICEPS AS ROUND AND HARD AS A CRICKET BALL SPRING UP UNDER HIS FINGERS FEEL THAT SAID HE THE PUBLICAN AND HORSE BREAKER FELT IT WITH AN AIR OF REVERENCE,The public can martial should be,0.5411580750005669,2.3480377579999185,0.3815280029994028,3.2707238359998883,0.031042610890454285,0.1346911851543743,0.02188570380458636,0.18761949984941495,1
97,mic_fileid_97_doa115_3spk.wav,SepFormer-sepformer-wsj03mix,1,16.94075,251,1,speechbrain/sepformer-wsj03mix,0,0.42478022498967505,,text_fileid_97_doa251_spk1.txt,0.7631578947368421,29,38,2.57686710357666,2.6653616428375244,0.08849453926086426,2.559267520904541,0.48952335119247437,-2.0697441697120667,1.238439679145813,1.3490934371948242,0.11065375804901123,HE CONTINUED TO FOLLOW THE PATH TO THE GLADE BUT TO HIS GREAT SURPRISE CARLINI ARRIVED ALMOST AS SOON AS HIMSELF LET US DRAW LOTS LET US DRAW LOTS CRIED ALL THE BRIGANDS WHEN THEY SAW THE CHIEF,"He continued with all the past situations, but he stood to his dreams of promise. Crowley around almost his zeroes all night. Let us draw lots. Let us draw lots. Quite all the drinks where they saw the Jesus. Amazing, but you want this from your frightful mask.",0.5294232159994863,0.766143564000231,0.33190106000074593,1.6274678400004632,0.031251462656581686,0.04522489051548668,0.01959187521218045,0.0960682283842488,1
98,mic_fileid_98_doa46_3spk.wav,SepFormer-sepformer-wsj03mix,1,16.43225,128,1,speechbrain/sepformer-wsj03mix,2,3.881358591215501,,text_fileid_98_doa128_spk1.txt,0.5348837209302325,23,43,2.778218984603882,4.561575889587402,1.7833569049835205,2.753847599029541,3.920497417449951,1.1666498184204102,1.1589837074279785,1.2271478176116943,0.06816411018371582,THAT OLD NUISANCE OF A RACHEL LYNDE WAS HERE AGAIN TODAY PESTERING ME FOR A SUBSCRIPTION TOWARDS BUYING A CARPET FOR THE VESTRY ROOM SAID MISTER HARRISON WRATHFULLY I DETEST THAT WOMAN MORE THAN ANYBODY I KNOW SHE CAN PUT A WHOLE SERMON,"That old nuisance of a re-chilling was here again today, pestering me for a subscription or divine would carpet for the best for the craft of Mr. Hare. Just believe me. I just test that one more than anybody I know. She would wear a whole shirt of it.",0.5289414489998308,3.1742726580014278,0.3133527509999112,4.01656685800117,0.03218922843796989,0.1931733425429523,0.019069375831058513,0.2444319468119807,1
99,mic_fileid_99_doa33_3spk.wav,SepFormer-sepformer-wsj03mix,1,17.2605,247,1,speechbrain/sepformer-wsj03mix,0,5.491097254507128,,text_fileid_99_doa247_spk1.txt,0.11904761904761904,5,42,5.414122104644775,6.631619453430176,1.2174973487854004,5.405622482299805,5.48697566986084,0.08135318756103516,1.4689650535583496,1.5284595489501953,0.0594944953918457,ONLY EXISTS THE HONOUR OF THE STATE WHICH IS HIS HONOUR HE DOES NOT LOOK UPON HIMSELF AS A FREE AGENT WORKING OUT HIS OWN PERSONAL SALVATION SPIRITUAL AGONIZING IS UNKNOWN TO HIM HE HAS A SENSE OF CALM TRUST IN FATE,"Only exists the honor of the state, which is his honor. He does not look upon himself as a free agent working out his own personal salvation. Spiritual agonizing is unknown to me. He has a sense of calm trust and faith.",0.5279839349987014,0.5571847659994091,0.3920902220015705,1.477258922999681,0.030589144868265777,0.032280916891133465,0.022716040786858464,0.0855861025462577,1
100,mic_fileid_100_doa58_3spk.wav,SepFormer-sepformer-wsj03mix,1,14.7365,258,1,speechbrain/sepformer-wsj03mix,0,0.5240980131515256,,text_fileid_100_doa258_spk1.txt,0.12195121951219512,5,41,3.740445137023926,2.999708414077759,-0.740736722946167,3.704502582550049,0.5230823755264282,-3.1814202070236206,1.1294280290603638,1.1505107879638672,0.021082758903503418,BUT CONTINUED TO SING HER RHYMES AS BEFORE FOR HOWEVER MUCH GROWN PEOPLE MIGHT LAUGH AT HER THE CHILDREN SEEMED TO ENJOY THEM VERY MUCH AND NOT ONE OF THEM WAS TOO PEEVISH TO BE QUIETED AND SOOTHED BY HER VERSES,"but continued to sing her lines as before. Or however much grown people might laugh at her, the central seemed to enjoy them very much, and not one of them was too pivous to be quieted and satisfied by her verses.",0.44664777100115316,0.5007949949995236,0.31809072900068713,1.265533495001364,0.030308945204163346,0.033983306416009475,0.02158522912500846,0.08587748074518128,1
101,mic_fileid_101_doa238_3spk.wav,SepFormer-sepformer-wsj03mix,1,17.085,272,1,speechbrain/sepformer-wsj03mix,0,3.2414720036125564,,text_fileid_101_doa272_spk1.txt,0.9,27,30,4.458608150482178,7.099052429199219,2.640444278717041,4.44642972946167,3.242671012878418,-1.203758716583252,1.2489171028137207,1.1497728824615479,-0.09914422035217285,MISTER BERYL SUCH A KIND GENTLEMAN MA'AM SAID YOU WOULD HELP ME I WILL SO LONG AS YOU ARE HONEST JERRY THRUST HIS TONGUE IN HIS CHEEK BUT JULIUS ANSWERED,"Pust me very hard, as I can't even tell you. Man, then you would help me. I will, so wrong with your odds. Here in front of the famous tree, the Jewish answer.",0.5177235329992982,0.4295919630003482,0.42321787100081565,1.370533367000462,0.03030281141347955,0.02514439350309325,0.024771312320796934,0.08021851723736974,1
102,mic_fileid_102_doa204_3spk.wav,SepFormer-sepformer-wsj03mix,1,17.27275,324,1,speechbrain/sepformer-wsj03mix,1,3.2673904080109226,,text_fileid_102_doa324_spk1.txt,0.3076923076923077,12,39,1.817126750946045,3.8619914054870605,2.0448646545410156,1.7984931468963623,3.3024680614471436,1.5039749145507812,1.208803415298462,1.4045788049697876,0.19577538967132568,THESE CONSIDERATIONS RELATE TO THE FIRST TWO CAUSES OF FAILURE IN A REPRESENTATIVE GOVERNMENT THE THIRD IS WHEN THE PEOPLE WANT EITHER THE WILL OR THE CAPACITY TO FULFILL THE PART WHICH BELONGS TO THEM IN A REPRESENTATIVE CONSTITUTION,"These incinerations relate to the first two products of failure in a representative government, but third is when the system wants to do the work order capacity to fulfill the part which belongs to them, to the representative constitution.",0.5499156440000661,0.7400942599997506,0.42087392000030377,1.7108838240001205,0.03183717960371488,0.04284750604274078,0.02436635278113235,0.099051038427588,1
103,mic_fileid_103_doa27_3spk.wav,SepFormer-sepformer-wsj03mix,1,15.518875,59,1,speechbrain/sepformer-wsj03mix,1,0.8083379816663532,,text_fileid_103_doa59_spk1.txt,0.775,31,40,4.042938232421875,2.356645345687866,-1.6862928867340088,3.9764859676361084,0.8017901182174683,-3.17469584941864,1.5206270217895508,1.3801671266555786,-0.14045989513397217,THEN I REALLY DO THINK THAT HE HAS UNCOMMON BAD TASTE SAID LUCY WITH A REALITY IN HER VOICE DIFFERING MUCH FROM THE TONE OF BANTER SHE HAD HITHERTO USED WHAT LUCY SAID HER SISTER IN LAW LOOKING AT HER,"And I really do think that is a common meditation that can be done with a validator or a different bunch from the total advantage you play to use. What a loser! Setters is your father, Rick Hatter.",0.47114800800045487,0.49290538700006437,0.35082058100124414,1.3148739760017634,0.030359675427532914,0.03176167003085368,0.022606057526801664,0.08472740298518826,1
104,mic_fileid_104_doa10_3spk.wav,SepFormer-sepformer-wsj03mix,1,16.974375,301,1,speechbrain/sepformer-wsj03mix,2,3.453760835916788,,text_fileid_104_doa301_spk1.txt,0.43478260869565216,20,46,4.24448299407959,4.208074569702148,-0.036408424377441406,4.2304511070251465,3.41703462600708,-0.8134164810180664,1.2184832096099854,1.2237322330474854,0.0052490234375,BUT IN THE YARD THERE WAS A LIGHT FROM THE FIRE AT LITTLE MYTISHCHI A MILE AND A HALF AWAY AND THROUGH THE NIGHT CAME THE NOISE OF PEOPLE SHOUTING AT A TAVERN MAMONOV'S COSSACKS HAD SET UP ACROSS THE STREET AND THE ADJUTANT'S UNCEASING MOANS,"In the yard there was a light from the fire, a little mentishi, a mile and a half away. Through the night it came the noise of people shoving and attacking, a modest caustic set up across the street. We could be askew to those unassailable bones.",0.5502736550006375,0.6506748190004146,0.3692388220006251,1.5701872960016772,0.03241790375201665,0.03833277036712189,0.02175271973198572,0.09250339385112426,1
105,mic_fileid_105_doa7_3spk.wav,SepFormer-sepformer-wsj03mix,1,16.3715,134,1,speechbrain/sepformer-wsj03mix,0,3.645430083722502,,text_fileid_105_doa134_spk1.txt,0.24390243902439024,10,41,4.589540004730225,5.285163402557373,0.6956233978271484,4.575846195220947,3.6487982273101807,-0.9270479679107666,1.309891939163208,1.280949592590332,-0.028942346572875977,I DIDN'T SUPPOSE THERE WAS ANY ONE WHO DIDN'T KNOW THOSE SHARP SQUEAKY VOICES THEY RATHER GET ON MY NERVES WHAT ANYBODY WANTS TO SQUEAK LIKE THAT FOR WHEN THEY CAN SING AS ROSEBREAST CAN IS MORE THAN I CAN UNDERSTAND,"I didn't suppose there was anyone who didn't know those sharp, sweet voices. They'd rather get on my nerves. And whatever that wants to squeak like that, or when we can sing as rose-brings can, is more than I can understand.",0.5049834389992611,0.5888003919990297,0.28261182899950654,1.3763956599977973,0.03084527618112336,0.0359649630149363,0.017262427327948356,0.08407266652400802,1
106,mic_fileid_106_doa79_3spk.wav,SepFormer-sepformer-wsj03mix,1,16.99375,130,1,speechbrain/sepformer-wsj03mix,1,-3.686467840532443,,text_fileid_106_doa130_spk1.txt,1.0,39,39,1.8800225257873535,0.11148170381784439,-1.7685408219695091,1.866010308265686,-3.460507392883301,-5.326517701148987,1.2320476770401,1.182875156402588,-0.04917252063751221,A SINGLE GLANCE AT THE LANDSCAPE WAS SUFFICIENT TO SHOW ME HOW WIDELY DIFFERENT IT WAS FROM ANYTHING I HAD EVER BEHELD AT NIGHT IT BLEW A GALE OF WIND AND HEAVY SQUALLS FROM THE MOUNTAINS SWEPT PAST US,...,0.5524580500004959,2.9140609489986673,0.3492759909986489,3.815794989997812,0.03250948436928258,0.17147839346810842,0.020553202853910935,0.22454108069130194,1
107,mic_fileid_107_doa58_3spk.wav,SepFormer-sepformer-wsj03mix,1,16.556,58,1,speechbrain/sepformer-wsj03mix,2,5.125099630539225,,text_fileid_107_doa58_spk1.txt,0.5454545454545454,18,33,3.999821186065674,6.135499954223633,2.135678768157959,3.983497381210327,5.346496105194092,1.3629987239837646,1.1411728858947754,1.2833130359649658,0.14214015007019043,WHY WHAT'S UP SAID PHILIP SURPRISED AT WILLIAM'S UNUSUAL MANNER AND AT THE SAME TIME RATHER GRATIFIED TO FIND A REFLECTION OF HIS OWN FEELINGS ABOUT KINRAID COULSON'S FACE WAS PALE WITH ANGER,"One, stop, you little bitch, though. Surprise that William's in need will matter. And at the same time, rather gratified to find reflection of his own feelings about Samurai, Colson's face with pale of over.",0.49842045699915616,0.5553823199988983,0.27787723199980974,1.3316800089978642,0.030105125452957,0.033545682531946015,0.01678408021260025,0.08043488819750327,1
108,mic_fileid_108_doa63_3spk.wav,SepFormer-sepformer-wsj03mix,1,15.3955,63,1,speechbrain/sepformer-wsj03mix,0,6.004951326732478,,text_fileid_108_doa63_spk1.txt,0.03125,1,32,2.889292001724243,6.48107385635376,3.5917818546295166,2.872387409210205,5.995705604553223,3.1233181953430176,1.1772655248641968,1.4113094806671143,0.23404395580291748,A REPRESENTATIVE ASSEMBLY DRAWN FROM AMONG THEMSELVES WOULD SIMPLY REFLECT THEIR OWN TURBULENT INSUBORDINATION IT WOULD REFUSE ITS AUTHORITY TO ALL PROCEEDINGS WHICH WOULD IMPOSE ON THEIR SAVAGE INDEPENDENCE ANY IMPROVING RESTRAINT,A representative of assembly drawn from among themselves would simply reflect their own turbulent insubordination. It would refuse its authority to all proceedings which would impose on their savage independence any improving restraint.,0.5369142050003575,0.44635793499946885,0.2910948480002844,1.2743669880001107,0.03487474943979458,0.028992753401933608,0.01890778786010746,0.08277529070183565,1
109,mic_fileid_109_doa236_3spk.wav,SepFormer-sepformer-wsj03mix,1,17.4635,236,1,speechbrain/sepformer-wsj03mix,1,-1.9215587393676359,,text_fileid_109_doa236_spk1.txt,1.3636363636363635,45,33,4.476832389831543,0.8028110265731812,-3.674021363258362,4.452580451965332,-1.875891089439392,-6.328471541404724,1.2175250053405762,1.1240476369857788,-0.09347736835479736,NOR ARE THEY EVER RECALLED WITHOUT BRINGING BACK WITH THEM MYRIADS OF SLUMBERING FEELINGS AND HALF FORGOTTEN IMAGES WE HEAR THE SWEET LOW VOICE OF THE MOTHER SINGING SOFT LULLABIES TO HER DARLING,"The Father at recall, without breaking back with the morades of slumber, the elucidated house of God, and the image of the poor. We share this sweet, real voice with the mother, who is sitting in the cell for a little while, and she cries out, the truth should be separated from the church.",0.5601797769995756,0.754375540998808,0.3341979769993486,1.6487532949977322,0.03207717679729582,0.04319727093645649,0.019136941449271257,0.09441138918302357,1
110,mic_fileid_110_doa31_3spk.wav,SepFormer-sepformer-wsj03mix,1,10.852875,265,1,speechbrain/sepformer-wsj03mix,2,4.622546495948805,,text_fileid_110_doa265_spk1.txt,1.0740740740740742,29,27,6.410055637359619,5.752430438995361,-0.6576251983642578,6.391300678253174,4.619663238525391,-1.7716374397277832,1.2235941886901855,1.2395451068878174,0.015950918197631836,ENOW OF PATRIOTS STILL REMAINED TO KEEP UP THE ILL HUMOR OF THE HOUSE AND MEN NEEDED BUT LITTLE INSTRUCTION OR RHETORIC TO RECOMMEND TO THEM PRACTICES,"I would like to attach to the idea to keep all the people in our house, because it means that we don't start to pay the rent or the rent. We recommend the practices.",0.2941487499992945,0.43037024600016593,0.2600703690004593,0.9845893649999198,0.027103302120340882,0.039654952812058185,0.02396326954843388,0.09072152448083294,1
111,mic_fileid_111_doa38_3spk.wav,SepFormer-sepformer-wsj03mix,1,17.21975,186,1,speechbrain/sepformer-wsj03mix,2,2.1579408723722664,,text_fileid_111_doa186_spk1.txt,0.6595744680851063,31,47,3.5960562229156494,2.433398485183716,-1.1626577377319336,3.5756545066833496,2.1538405418395996,-1.42181396484375,1.2428102493286133,1.3214235305786133,0.07861328125,BUT THE DAY DID NOT TURN OUT SO BADLY AFTER ALL AS WE WORKED OUR WAY OUT OF THIS UNCERTAINTY AND FOUND OUT WHAT WAS BEHIND THE PITCH DARK CLOUDS DURING THE FORENOON THE SUN CAME THROUGH AND THRUST ASIDE THE FOG FOR A WHILE AND THERE,"Every day we're not in an absolute manner. We're just involved. If we work our way out of this uncertainty, we're found out what we need to find the pitch down front. We're in the form of something that we're going to decide to pause for a while. And there...",0.5595267950011475,0.6809573250011454,0.37785166799949366,1.6183357880017866,0.032493316976213216,0.039545134220946604,0.021942924142307155,0.09398137533946697,1
112,mic_fileid_112_doa172_3spk.wav,SepFormer-sepformer-wsj03mix,1,17.42725,172,1,speechbrain/sepformer-wsj03mix,0,3.263653029024794,,text_fileid_112_doa172_spk1.txt,0.9767441860465116,42,43,2.2781319618225098,4.13636589050293,1.85823392868042,2.2543699741363525,3.26237154006958,1.0080015659332275,1.1430253982543945,1.2236980199813843,0.08067262172698975,SETTLING SILENTLY IN THE DRY MOUNTAIN AIR OR MASSED IN FLAKES SOFT AND DOWNY TO LIE OUT ALONE IN THE MOUNTAINS OF A STILL NIGHT AND BE TOUCHED BY THE FIRST OF THESE SMALL SILENT MESSENGERS FROM THE SKY IS A MEMORABLE EXPERIENCE,"Who would be excited to be in this line mountain here? Or that's not the place to go? I would be happy to lie out alone in the mountains of a stone right, but be touched by the dirt and the smile of my mother who just left me. And the number of her still in the house is found.",0.5602258759990946,0.8410094419996312,0.4782858230009879,1.8795211409997137,0.03214654497979283,0.04825829904314399,0.027444710037498047,0.10784955406043487,1
113,mic_fileid_113_doa12_3spk.wav,SepFormer-sepformer-wsj03mix,1,16.374375,64,1,speechbrain/sepformer-wsj03mix,0,6.697964489582437,,text_fileid_113_doa64_spk1.txt,0.5454545454545454,24,44,3.948840379714966,7.60775089263916,3.6589105129241943,3.9294819831848145,6.6830949783325195,2.753612995147705,1.2988532781600952,1.3273124694824219,0.02845919132232666,HE KNEW THAT IF HE DID SO HE SHOULD NEVER RISE AGAIN HE WAS OVERCOME BY FATIGUE AND THE WEIGHT OF THE DARKNESS WOULD AS WITH THE DEAD WOMAN HAVE HELD HIM TO THE GROUND AND THE ICE GLUED HIM ALIVE TO THE EARTH,"The lunacy didn't say he should never rise again. His favorite comb was indeed the enemy of the dark-haired wood, and with the dead ring, the felt into the ground, as ice glued him alive to the earth.",0.5137168600012956,0.5207353269997839,0.4329540119997546,1.467406199000834,0.03137321943593545,0.03180184446733288,0.026440948860628546,0.08961601276389689,1
114,mic_fileid_114_doa42_3spk.wav,SepFormer-sepformer-wsj03mix,1,17.02575,273,1,speechbrain/sepformer-wsj03mix,0,4.607635738289931,,text_fileid_114_doa273_spk1.txt,0.48484848484848486,16,33,6.311331748962402,5.51627254486084,-0.7950592041015625,6.253868103027344,4.59442663192749,-1.6594414710998535,1.6400835514068604,1.6512385606765747,0.011155009269714355,I SAW AS IT FELL ACROSS MY BABY THE SHADOW OF THE VEIL WITHIN THE VEIL WAS HE BORN SAID I AND THERE WITHIN SHALL HE LIVE A NEGRO AND A NEGRO'S SON,I saw an old sister sent across her baby to the shadow of the veil within the presence of the newborn child and there within shall he live a sunny rose and a knee-rowed sun,0.5374880159997701,0.4420435499996529,0.3433918259997881,1.3229233919992112,0.03156912417953806,0.025963235099754955,0.020168969120290627,0.07770132839958364,1
115,mic_fileid_115_doa10_3spk.wav,SepFormer-sepformer-wsj03mix,1,15.9635,201,1,speechbrain/sepformer-wsj03mix,2,7.034068216294841,,text_fileid_115_doa201_spk1.txt,0.15789473684210525,6,38,3.3168160915374756,7.907610893249512,4.590794801712036,3.2891697883605957,7.007286071777344,3.718116283416748,1.3293116092681885,1.5856494903564453,0.25633788108825684,I CANNOT STAND I SAID THERE IS SOMETHING GONE IN MY LEG AND I FEEL BLOOD RUNNING DOWN INTO MY BOOT HE KNELT AND ROLLED DOWN THE LEG OF MY STOCKING BUT THOUGH HE ONLY MOVED MY FOOT,"I cannot stand as I sit. There is something gone in my head, and I feel blood running down into my boot. He knelt and rolled down the legs of my stalking, with though he only moved my foot.",0.534477307999623,0.5198060300008365,0.2794085810000979,1.3336919190005574,0.033481210762027314,0.03256215930095759,0.017502964951301277,0.08354633501428618,1
116,mic_fileid_116_doa41_3spk.wav,SepFormer-sepformer-wsj03mix,1,15.861125,41,1,speechbrain/sepformer-wsj03mix,2,5.758839487786731,,text_fileid_116_doa41_spk1.txt,0.40625,13,32,3.0078907012939453,6.380092620849609,3.372201919555664,2.981034517288208,5.757349014282227,2.7763144969940186,1.2522642612457275,1.4339834451675415,0.18171918392181396,UPON CLOSER OBSERVATION I SAW AS WE PASSED THEM THAT THE BUILDINGS WERE DESERTED AND WHILE NOT GREATLY DECAYED HAD THE APPEARANCE OF NOT HAVING BEEN TENANTED FOR YEARS POSSIBLY FOR AGES,"Upon close observation, I saw as we passed it that the building was a surge, and while not greatly decayed, had the appearance of not having been teneted for years, possibly for ages. Don't we fight like we're delving?",0.47795450699959474,0.5758421260015893,0.37427939000008337,1.4280760230012675,0.03013370785487125,0.03630525110933741,0.023597278881547393,0.09003623784575605,1
117,mic_fileid_117_doa283_3spk.wav,SepFormer-sepformer-wsj03mix,1,15.798125,326,1,speechbrain/sepformer-wsj03mix,0,4.547301168489147,,text_fileid_117_doa326_spk1.txt,0.1590909090909091,7,44,3.471989631652832,5.670236587524414,2.198246955871582,3.459109306335449,4.532614707946777,1.0735054016113281,1.1673139333724976,1.4768390655517578,0.30952513217926025,NEW PROPOSALS WERE ACCORDINGLY MADE FOR AN OFFENSIVE AND DEFENSIVE ALLIANCE WITHOUT ANY SUGGESTION OF A UNION COUPLED WITH THE CONDITION THAT BOTH STATES SHOULD BIND THEMSELVES NOT TO ALLOW THE PRESENCE WITHIN THEIR BOUNDARIES OF AVOWED ENEMIES OF THE OTHER IN OTHER WORDS,"The proposals were totally made for an offensive and even alliance without any suggestion of the union, coupled with the condition that both states should find themselves not to allow the presence within their boundaries of about any of the other. In other words...",0.4729117179995228,0.5513757469998382,0.3186456960011128,1.3429331610004738,0.029934673766635143,0.03490134095026075,0.02016984268709817,0.08500585740399406,1
118,mic_fileid_118_doa22_3spk.wav,SepFormer-sepformer-wsj03mix,1,15.715,209,1,speechbrain/sepformer-wsj03mix,0,2.2177242360506972,,text_fileid_118_doa209_spk1.txt,0.78125,25,32,2.535907030105591,4.004893779754639,1.4689867496490479,2.5171926021575928,2.280425786972046,-0.23676681518554688,1.2226347923278809,1.1711980104446411,-0.051436781883239746,THE TROOPS SIFTING THROUGH THE FOREST WERE SULLEN IN THE YOUTH'S COMPANY ONCE A MAN'S LAUGH RANG OUT A DOZEN SOLDIERS TURNED THEIR FACES QUICKLY TOWARD HIM AND FROWNED WITH VAGUE DISPLEASURE,"The truth is to be found. This is my truth. In the youth's company, the man's not framed. The dozen soldiers turned their face in authority and frowned with evictive pleasure. That is my decision.",0.4816595079992112,0.6350995400007378,0.40798732599978393,1.524746373999733,0.030649666433293744,0.040413588291488244,0.025961649761360735,0.09702490448614272,1
119,mic_fileid_119_doa74_3spk.wav,SepFormer-sepformer-wsj03mix,1,16.526,313,1,speechbrain/sepformer-wsj03mix,0,5.096771561123907,,text_fileid_119_doa313_spk1.txt,0.37209302325581395,16,43,5.397310256958008,6.250722408294678,0.8534121513366699,5.386843204498291,5.096698760986328,-0.2901444435119629,1.3320400714874268,1.3543596267700195,0.022319555282592773,SETTLING SILENTLY IN THE DRY MOUNTAIN AIR OR MASSED IN FLAKES SOFT AND DOWNY TO LIE OUT ALONE IN THE MOUNTAINS OF A STILL NIGHT AND BE TOUCHED BY THE FIRST OF THESE SMALL SILENT MESSENGERS FROM THE SKY IS A MEMORABLE EXPERIENCE,"I would be in a dry mountain air, or that would make a soft and downy. To lie out alone in the mountains of the still night, then be touched by the fresh of these small signs of adventure through the sky, it's a memorable experience.",0.5412626299985277,0.5254661130002205,0.3184676950004359,1.3851964379991841,0.03275218625187751,0.031796327786531554,0.019270706462570248,0.08381922050097931,1
120,mic_fileid_120_doa2_3spk.wav,SepFormer-sepformer-wsj03mix,1,17.042,257,1,speechbrain/sepformer-wsj03mix,1,3.366978877429927,,text_fileid_120_doa257_spk1.txt,0.45161290322580644,14,31,4.668012619018555,4.540562629699707,-0.12744998931884766,4.642374038696289,3.3647680282592773,-1.2776060104370117,1.2153161764144897,1.3430497646331787,0.12773358821868896,IN THE MOST POLITE MANNER TO APPOINT A FRIEND WITH WHOM HE CAPTAIN M M MIGHT COMMUNICATE AND DESIRED THAT THE MEETING MIGHT TAKE PLACE WITH AS LITTLE DELAY AS POSSIBLE,in the most polite manner to appoint a friend to a school whose actions and their needs might communicate. I desire just a meeting where I take place with as little delay as possible.,0.5371247250004672,0.4568004660013685,0.49327828000059526,1.4872034710024309,0.03151770478819781,0.026804393029067505,0.028944858584708088,0.0872669564019734,1
121,mic_fileid_121_doa6_3spk.wav,SepFormer-sepformer-wsj03mix,1,15.450375,6,1,speechbrain/sepformer-wsj03mix,1,0.7840302680931933,,text_fileid_121_doa6_spk1.txt,0.6666666666666666,18,27,2.5437095165252686,1.961667537689209,-0.5820419788360596,2.5143308639526367,0.776969313621521,-1.7373615503311157,1.3274550437927246,1.2567479610443115,-0.07070708274841309,THAN ALL THE REST LEOPOLD WAS EVER PRESENT TO HIM AND WHILE HE STROVE TO AVOID ABSORPTION IN A PERSONAL INTEREST HOWEVER JUSTIFIABLE IT WAS OF NECESSITY,"In all respects, William Hems was ever present in them, and he strode to avoid absorption in a personal interest order just upon the will of the best he ever might.",0.4787542949998169,0.4041210579998733,0.36687327299841854,1.2497486259981088,0.030986580908218535,0.02615606792714567,0.023745266571097372,0.08088791540646158,1
122,mic_fileid_122_doa14_3spk.wav,SepFormer-sepformer-wsj03mix,1,17.052375,302,1,speechbrain/sepformer-wsj03mix,1,2.0469271732803898,,text_fileid_122_doa302_spk1.txt,1.8,54,30,1.8308663368225098,3.543189525604248,1.7123231887817383,1.8027219772338867,2.415158271789551,0.6124362945556641,1.3029499053955078,1.2074925899505615,-0.09545731544494629,AFTER SOME MOMENTS CONSIDERATION YOU MAY BE ABLE TO GUESS AT YOUR BROTHER'S INTENTIONS FROM ALL THIS BUT I AM SURE I CANNOT BUT IS NOT YOUR FATHER UNCOMFORTABLE ABOUT,"I'm just gonna say the direction you want to take. You're leaving, you're not gonna get it with your best intentions. You're not just to get caught. But I am sure I can understand. You're making it work. I'm not gonna say that. It's not even fun. You're waiting to be called back. You're feeling you will be out. But at that time...",0.5274894670001231,0.9334937350013206,0.49460431799889193,1.9555875200003356,0.030933489733841947,0.054742740234209046,0.029005010621622612,0.1146812405896736,1
123,mic_fileid_123_doa174_3spk.wav,SepFormer-sepformer-wsj03mix,1,15.982125,323,1,speechbrain/sepformer-wsj03mix,0,3.8899813901343183,,text_fileid_123_doa323_spk1.txt,0.35294117647058826,12,34,4.454883575439453,4.780275344848633,0.3253917694091797,4.44938325881958,3.8894903659820557,-0.5598928928375244,1.2339489459991455,1.3684794902801514,0.13453054428100586,IT IS THE STORY OF SARAMA IN THE RIG VEDA AND WAS WRITTEN IN SANSCRIT UNDER THE SHADOW OF THE HIMALAYAS CENTURIES BEFORE HOMER SUCH UNIFORMITY POINTS NOT TO A COMMON SOURCE IN HISTORY,"It is the story of Sarama in the Rig Vita and was written in Sanskrit under the shadow of Penn Leia for centuries before home. Such an informant he points not to a common source in history, but he proved.",0.5219985420008015,0.456503221001185,0.34307012999852304,1.3215718930005096,0.032661397780382864,0.028563361943495312,0.021465864520426606,0.08269062424430479,1
124,mic_fileid_124_doa62_3spk.wav,SepFormer-sepformer-wsj03mix,1,16.42375,251,1,speechbrain/sepformer-wsj03mix,2,4.144494110604376,,text_fileid_124_doa251_spk1.txt,0.5789473684210527,22,38,4.120755195617676,4.420912742614746,0.3001575469970703,4.106496810913086,4.140830993652344,0.03433418273925781,1.1971819400787354,1.366040587425232,0.16885864734649658,AND THEN WITHOUT FAIL YOU SHALL HAVE YOUR PUPPETS TO PLAY WITH ALMOST BEFORE THE GNOME HAD FINISHED THE DISAPPOINTED PRINCESS TURNED AWAY AND MARCHED OFF TO HER OWN APARTMENTS WITHOUT DEIGNING TO ANSWER HIM THE GNOME HOWEVER,"And then when I fail, you shall have your pockets to play with, almost before the known happens, as the pointed princess turns away. I'm hard to control my heart, but I'm seeing the end. The known, at least.",0.524441071000183,0.7449386869993759,0.4217536289997952,1.6911333869993541,0.03193187128397492,0.0453574054037218,0.025679496400017977,0.1029687730877147,1
125,mic_fileid_125_doa76_3spk.wav,SepFormer-sepformer-wsj03mix,1,16.736625,303,1,speechbrain/sepformer-wsj03mix,0,4.132085652941902,,text_fileid_125_doa303_spk1.txt,1.0909090909090908,36,33,2.958617925643921,5.080286026000977,2.1216681003570557,2.9504809379577637,4.5451979637146,1.594717025756836,1.2293331623077393,1.389876365661621,0.16054320335388184,THINKING THE WHILE OF THE PREPARATION OF CHRIST'S BODY FOR THE TOMB AND OF HIM WHO SAID INASMUCH AS YE DO IT TO THE LEAST OF MY BRETHREN YE DO IT UNTO ME,"I pinking the wild for the preparation of Christ's body for the tune of talking about it. And that was the excitement you entered just before breakfast. He doeth to the beast of my brethren. He doeth unto me. He may trust me, but first time she will slowly see us.",0.5352247939990775,0.7036400430006324,0.31292530500104476,1.5517901420007547,0.03197925471826474,0.04204193157226337,0.01869703748521848,0.09271822377574658,1
126,mic_fileid_126_doa119_3spk.wav,SepFormer-sepformer-wsj03mix,1,15.091875,119,1,speechbrain/sepformer-wsj03mix,0,3.1695837118540826,,text_fileid_126_doa119_spk1.txt,0.48717948717948717,19,39,2.5649614334106445,3.937091588973999,1.3721301555633545,2.546860694885254,3.4920806884765625,0.9452199935913086,1.2635754346847534,1.4443917274475098,0.18081629276275635,WELL THE WIDOW SAID SHE RECKONED THAT BOYS OUGHT TO BE LET OUT AS WELL AS IN FOR HALF PRICE AND SO SHE LAID DOWN TWO BITS ALLOWING THAT SHE WANTED A FEW MINUTES PRIVATE CONVERSATION WITH HER BUD,"Well, the widow, as you recommended, was always up to bring that out as well as in perhaps price. Until she laid down two dishes of wowing, she wanted a human-mint-fiber conversation with her buddy.",0.43309135399977094,0.7332666130005236,0.3013753369996266,1.4677333039999212,0.028696987882537522,0.04858684643230372,0.019969376701014726,0.09725321101585596,1
127,mic_fileid_127_doa151_3spk.wav,SepFormer-sepformer-wsj03mix,1,16.947,231,1,speechbrain/sepformer-wsj03mix,0,1.2416501534240982,,text_fileid_127_doa231_spk1.txt,0.24444444444444444,11,45,3.055527925491333,3.064028263092041,0.008500337600708008,3.0441818237304688,1.2389988899230957,-1.805182933807373,1.2173898220062256,1.3901808261871338,0.1727910041809082,AND CRAWLING ONWARDS HE PEEPED OVER THE CLIFF AND SAW WILD MAN PICKING HIS BIRDS HE CRAWLED A LITTLE NEARER AND THEN HURLED DOWN A GREAT STONE AND KILLED HIM YORK DECLARED FOR A LONG TIME AFTERWARDS STORMS RAGED AND MUCH RAIN AND SNOW FELL,"And called onwards, he peaked over the cliff and saw wild men, she'd use birds. He crawled a little near, and then hurled down a great stone and killed him. York declared for a long time that it would storm rage and much rain and snow fell.",0.5429122379991895,0.724382907999825,0.3708393859997159,1.6381345319987304,0.03203589060005839,0.042744020062537615,0.021882302826442195,0.09666221348903821,1
128,mic_fileid_128_doa219_3spk.wav,SepFormer-sepformer-wsj03mix,1,12.895,300,1,speechbrain/sepformer-wsj03mix,2,5.5356059232958765,,text_fileid_128_doa300_spk1.txt,0.6296296296296297,17,27,7.2182464599609375,6.952550888061523,-0.26569557189941406,7.2076005935668945,5.535228252410889,-1.6723723411560059,1.5022900104522705,1.4951931238174438,-0.00709688663482666,AND HER ASTONISHMENT WAS CONSEQUENTLY SO GREAT AS TO OVERCOME AT FIRST THE BOUNDS OF DECORUM AND SHE COULD NOT HELP CRYING OUT ENGAGED TO MISTER COLLINS,"And her explanation of the protocol was equally severed as it overcame at first, without a reason, and she could not have found out. Engaged in Mr. Collins?",0.39411743500022567,0.488188822999291,0.25989238799957093,1.1421986459990876,0.03056358549827264,0.0378587687475216,0.0201545085691796,0.08857686281497384,1
129,mic_fileid_129_doa36_3spk.wav,SepFormer-sepformer-wsj03mix,1,16.374125,141,1,speechbrain/sepformer-wsj03mix,0,2.240049735489994,,text_fileid_129_doa141_spk1.txt,0.2222222222222222,8,36,5.8887104988098145,4.3476104736328125,-1.541100025177002,5.8739447593688965,2.2386937141418457,-3.635251045227051,1.4383032321929932,1.3559844493865967,-0.08231878280639648,THE LIKE INCREASE OF THE BILLS WAS OBSERVED IN THE PARISHES OF SAINT BRIDE'S ADJOINING ON ONE SIDE OF HOLBORN PARISH AND IN THE PARISH OF SAINT JAMES CLERKENWELL ADJOINING ON THE OTHER SIDE OF HOLBORN,"The light-key increase of the bills was observed in the parishes of St. Braden, adjoining on one side of Holburn Parish and in the parish of St. James, Clarkville, well, adjoining on the other side of Holburn.",0.5213080560006347,0.7484621699986747,0.3757824479998817,1.645552673999191,0.031837307703503834,0.045710055957107615,0.02294977276647648,0.10049713642708792,1
130,mic_fileid_130_doa67_3spk.wav,SepFormer-sepformer-wsj03mix,1,16.855375,67,1,speechbrain/sepformer-wsj03mix,0,2.1562114786324753,,text_fileid_130_doa67_spk1.txt,0.11363636363636363,5,44,4.474026679992676,5.258598327636719,0.784571647644043,4.464747428894043,2.1542792320251465,-2.3104681968688965,1.3726017475128174,1.1926522254943848,-0.17994952201843262,AND FELT HIS LOSS DEEPLY IT WAS HER OUTSPOKEN AFFECTION THAT PROVOKED A QUARREL BETWEEN HER AND JULIUS AND WHICH LED TO THE BREAKING OF THEIR ENGAGEMENT LUCY HAD A HIGH TEMPER WHICH HAD BEEN KEPT IN SUBJECTION DURING THE LIFE OF SIR SIMON,"and felt his love deeply. It was her outspoken affection that provoked a quarrel between her and Julius, and which meant a breaking of her engagement. Lucy had a high temper, which had been kept in subjection during the life of Sir Simon.",0.5293837299996085,0.6565226210004766,0.41213066700038326,1.5980370180004684,0.031407413362183195,0.03895034201259104,0.024450993644483335,0.09480874901925757,1
131,mic_fileid_131_doa55_3spk.wav,SepFormer-sepformer-wsj03mix,1,17.103125,204,1,speechbrain/sepformer-wsj03mix,2,5.852652196027652,,text_fileid_131_doa204_spk1.txt,0.08333333333333333,3,36,5.512710094451904,6.2875752449035645,0.7748651504516602,5.505891799926758,5.826534748077393,0.32064294815063477,1.307115077972412,1.4322506189346313,0.12513554096221924,BUT AN ENCHANTED PRINCE WHO HAS BEEN DOOMED TO SPEND HIS YOUTH IN MISERY IF YOU ONLY LIKED PRINCESS YOU COULD SAVE ME BUT YOU WOULD HAVE TO SAY GOOD BYE TO ALL YOUR OWN PEOPLE,"But an enchanted prince who has been doomed to spend his youth in misery, if you only liked Princess, you can save me. But you would have to say goodbye to all your own people.",0.5354441060007957,0.4877529159984988,0.29787982199923135,1.3210768439985259,0.03130679954691296,0.028518350652205305,0.017416689756943913,0.07724183995606218,1
132,mic_fileid_132_doa43_3spk.wav,SepFormer-sepformer-wsj03mix,1,17.404,77,1,speechbrain/sepformer-wsj03mix,2,6.72726477113091,,text_fileid_132_doa77_spk1.txt,1.027027027027027,38,37,6.870467185974121,7.2297139167785645,0.35924673080444336,6.8588457107543945,6.717634677886963,-0.14121103286743164,1.4398252964019775,1.4581835269927979,0.018358230590820312,BUT MY FATHER CRIED LORENZO FLORENCE IS FREE FLORENCE IS HAPPY FLORENCE IS A SLAVE FLORENCE IS POOR CRIED SAVONAROLA POOR IN GENIUS POOR IN MONEY AND POOR IN COURAGE POOR IN GENIUS BECAUSE AFTER YOU LORENZO,"But my father's trial terms are... Lawrence is pregnant, Lawrence is happy... ...to be able to reach himself. Lawrence is isolated, Lawrence is dissapeared. Lawrence is delivered. Lawrence is seated before the morning and Lawrence first. Lawrence is seated before the morning and Lawrence first.",0.5610553179994895,1.932529630999852,0.40717607800070255,2.900761027000044,0.03223714766717361,0.11103939502412388,0.02339554573665264,0.16667208842795014,1
133,mic_fileid_133_doa178_3spk.wav,SepFormer-sepformer-wsj03mix,1,15.6435,336,1,speechbrain/sepformer-wsj03mix,1,4.271086774431825,,text_fileid_133_doa336_spk1.txt,0.3541666666666667,17,48,4.794836044311523,5.096412658691406,0.3015766143798828,4.786105632781982,4.250519752502441,-0.535585880279541,1.2799608707427979,1.439178228378296,0.15921735763549805,GLAD TO KNOW THAT SAID GRACE THERE WERE SO MANY DIFFERENT KINDS OF NOISES I COULDN'T DISTINGUISH IT THERE WAS ONE NOISE THAT STARTED THAT WAS PROMPTLY HUSHED SAID ANNE YOU HEARD IT TOO DIDN'T YOU JESSICA OH YES GIRLS I INTENDED TELLING YOU BEFORE THIS REPLIED JESSICA,"Landon and that's a great, there were 70 different kinds of noises I could distinguish. There was one noise that started that was probably crashing the view. You heard it too, didn't you? Oh yes girl, I intended telling you for this, replied Jessica.",0.4469078609999997,0.5565711170002032,0.30317445900072926,1.3066534370009322,0.028568278262537137,0.035578426630882044,0.019380219196517997,0.08352692408993717,1
134,mic_fileid_134_doa125_3spk.wav,SepFormer-sepformer-wsj03mix,1,16.227125,125,1,speechbrain/sepformer-wsj03mix,2,6.290718172111102,,text_fileid_134_doa125_spk1.txt,0.2391304347826087,11,46,6.869836807250977,6.670783042907715,-0.19905376434326172,6.858806610107422,6.286211013793945,-0.5725955963134766,1.4539159536361694,1.4974370002746582,0.04352104663848877,YES AND I TOOK A PICTURE OF THE SAUCY GIRL WHILE SHE WAS TRYING TO STOP YOURS SAID JASPER SO SHE DIDN'T DO MUCH HARM AFTER ALL OH HERE IS A SPLENDID GROUP SEE THEM STANDING BY THAT OLD TUMBLE DOWN HOUSE POLLY HE ADDED EXCITEDLY,"Yes, and I took a picture of this nasty girl while she was trying to stop Stuart, such as her. So she didn't do much harm after all. Oh, here is a splendid room. See them standing by that old tumble-down house, Polly? He had it excitedly.",0.5170562790008262,0.7301179169990064,0.3562117990004481,1.6033859950002807,0.03186370222703197,0.044993670597780346,0.021951627229127038,0.09880900005393935,1
135,mic_fileid_135_doa93_3spk.wav,SepFormer-sepformer-wsj03mix,1,16.942375,258,1,speechbrain/sepformer-wsj03mix,0,0.7543238294180163,,text_fileid_135_doa258_spk1.txt,1.0,41,41,2.089162588119507,1.5953590869903564,-0.4938035011291504,2.0764646530151367,0.7532961368560791,-1.3231685161590576,1.2801015377044678,1.27496337890625,-0.0051381587982177734,I HAVE BROUGHT A STRANGE CREATURE WEARING THE METAL OF A THARK WHOM IT IS MY PLEASURE TO HAVE BATTLE WITH A WILD THOAT AT THE GREAT GAMES HE WILL DIE AS BAR COMAS YOUR JEDDAK SEES FIT IF AT ALL,...,0.5608194239994191,2.972836005999852,0.42251896199923067,3.956174391998502,0.033101582511272425,0.17546748941632165,0.02493859107706155,0.2335076630046556,1
136,mic_fileid_136_doa59_3spk.wav,SepFormer-sepformer-wsj03mix,1,17.275375,253,1,speechbrain/sepformer-wsj03mix,1,3.347266409743283,,text_fileid_136_doa253_spk1.txt,0.825,33,40,4.2169718742370605,4.018908500671387,-0.19806337356567383,4.205524444580078,3.518223762512207,-0.6873006820678711,1.1229506731033325,1.165916919708252,0.042966246604919434,HIS THROAT AND BREAST WERE GRAY SHADING INTO BRIGHT YELLOW UNDERNEATH HIS BACK AND HEAD WERE OF A GRAYISH BROWN WITH A TINT OF OLIVE GREEN A POINTED CAP WAS ALL THAT WAS NEEDED TO MAKE HIM QUITE DISTINGUISHED LOOKING,"His grove of breast with gray, shamed against his right eye, after his back and head were of a grayish brown, with a skin of all it's gray, and when his chest was all of a gray, he might not sit which was right. He was willingly acquiesced and in alliance.",0.5162460169995029,0.8243636129991501,0.3278108840004279,1.6684205139990809,0.029883346497514694,0.04771899961645695,0.018975616100977716,0.09657796221494937,1
137,mic_fileid_137_doa84_3spk.wav,SepFormer-sepformer-wsj03mix,1,17.242625,173,1,speechbrain/sepformer-wsj03mix,2,3.808253668012221,,text_fileid_137_doa173_spk1.txt,0.24444444444444444,11,45,2.3260819911956787,5.645846366882324,3.3197643756866455,2.3113529682159424,3.8187499046325684,1.507396936416626,1.1312893629074097,1.3170051574707031,0.18571579456329346,BUT A NOTE IN THE MARGIN OF THE CIRCULAR INFORMED THEM THAT IT STOOD TWO AND A HALF FEET HIGH WHEN SET UP IN ALL ITS DIGNITY AND SPLENDOR ON A PROPER TABLE THREE DOLLARS EXTRA IT WAS ONLY OF POLISHED BRASS CONTINUED THE CIRCULAR,"But a note in the margin of the circulatory informed us that its student to a half feet high once set up in all its dignity and whether on a proper table, $3.00 extra. It was only as polished brass continued the circular.",0.5615587840002263,0.5732388579999679,0.3078846059997886,1.4426822479999828,0.032568056429936064,0.03324545178010702,0.01785601705075582,0.0836695252607989,1
138,mic_fileid_138_doa68_3spk.wav,SepFormer-sepformer-wsj03mix,1,16.464125,68,1,speechbrain/sepformer-wsj03mix,1,3.063872919397959,,text_fileid_138_doa68_spk1.txt,0.8461538461538461,33,39,3.810319185256958,3.6322858333587646,-0.17803335189819336,3.7879509925842285,3.0621397495269775,-0.725811243057251,1.4208457469940186,1.505735158920288,0.08488941192626953,I GREW USED TO EVERYTHING OR RATHER I VOLUNTARILY RESIGNED MYSELF TO ENDURING IT BUT I HAD A MEANS OF ESCAPE THAT RECONCILED EVERYTHING THAT WAS TO FIND REFUGE IN THE SUBLIME AND THE BEAUTIFUL IN DREAMS OF COURSE,"I've reduced everything, all rather than I'd rather be a man like myself than a girl like me. But I had a link to the state of prepping time to do that. That was the final refuge to survive that year. In dreams, of course.",0.521629546999975,0.567538978999437,0.34231963800084486,1.4314881640002568,0.03168279802297268,0.0344712506130412,0.020791851252395428,0.08694589988840931,1
139,mic_fileid_139_doa109_3spk.wav,SepFormer-sepformer-wsj03mix,1,15.479625,109,1,speechbrain/sepformer-wsj03mix,2,3.823906933932213,,text_fileid_139_doa109_spk1.txt,0.6538461538461539,17,26,5.283544540405273,5.602258682250977,0.3187141418457031,5.256286144256592,3.903080940246582,-1.3532052040100098,1.3077635765075684,1.6259326934814453,0.31816911697387695,SHE WHO IN SIMPLE CLEARNESS OF VISION SEES BEYOND THE STARS SAID WHEN HE HAD FLOWN HE WILL BE HAPPY THERE HE EVER LOVED BEAUTIFUL THINGS,"Gee who in simple clearness of vision sees beyond the stars, certainly does it flow. It will be patry near. Do you ever love the beautiful thing? I sure do.",0.47508225300043705,0.4827767919996404,0.2409802239999408,1.1988392690000182,0.030690811502244855,0.031187886786639883,0.01556757505430143,0.07744627334318617,1
140,mic_fileid_140_doa211_3spk.wav,SepFormer-sepformer-wsj03mix,1,16.87525,338,1,speechbrain/sepformer-wsj03mix,2,2.767498819648955,,text_fileid_140_doa338_spk1.txt,0.9347826086956522,43,46,2.497528076171875,3.0341861248016357,0.5366580486297607,2.4749741554260254,2.7673771381378174,0.292402982711792,1.2291017770767212,1.3031376600265503,0.0740358829498291,THEY HAD HEARD OUR SHOT AND CAME ACROSS TO SEE WHAT LUCK WHAT IVER IS THE MATTER WITH YE ASKED MISSUS O'SHAUGHNESSY MISTER HAYNES TOLD HER THEY HAD HEARD THE NOISE BUT HAD THOUGHT IT THUNDER MISTER HAYNES TOLD ME THAT IF I WOULD CHIRK UP,"They could have a shower, shower, and a camera, and probably help you put a lock. Would you lose the matter with these? Our short night extended to the night, and we all reversed the fairing and the town, and we heard the noise, but had thought it sent her. Mr. Haynes told me that if I could hear. Here, go.",0.5253034630004549,0.8541683910007123,0.4412801529997523,1.8207520070009195,0.031128632938798233,0.05061663625728284,0.026149547591872848,0.10789481678795391,1
141,mic_fileid_141_doa54_3spk.wav,SepFormer-sepformer-wsj03mix,1,16.308,54,1,speechbrain/sepformer-wsj03mix,1,1.0075018245483887,,text_fileid_141_doa54_spk1.txt,0.8809523809523809,37,42,3.4037559032440186,1.6943039894104004,-1.7094519138336182,3.384891986846924,1.0080657005310059,-2.376826286315918,1.151863694190979,1.2636234760284424,0.11175978183746338,IT POINTED THE MORAL THAT BOSTON FOR THE FINER TASTE LEFT NEW YORK NOWHERE AND THE GOOD LADY AS THE EXPONENT OF THIS DOCTRINE WHICH SHE SET FORTH AT A CERTAIN LENGTH MADE OBVIOUSLY TO DENSHER'S MIND HER NEAREST APPROACH TO SUPPLYING,"The important thing for one of the Boston's most important days is probably work from nowhere. And the good lady of James Boulders of the Stockingsbridge she said, she would have a certain length. They obviously said that she was in the nearest gross to supply... Shall we say?",0.5240951549985766,0.6905248669991124,0.29104260399981285,1.505662625997502,0.032137304083797925,0.04234270707622716,0.017846615403471478,0.09232662656349656,1
142,mic_fileid_142_doa64_3spk.wav,SepFormer-sepformer-wsj03mix,1,17.297625,193,1,speechbrain/sepformer-wsj03mix,0,1.6787259830271992,,text_fileid_142_doa193_spk1.txt,0.5526315789473685,21,38,2.3642940521240234,1.9826765060424805,-0.38161754608154297,2.343914270401001,1.6854746341705322,-0.6584396362304688,1.1833505630493164,1.233198881149292,0.049848318099975586,IN ED GRIFFITH'S SALOON BUT AS THEY WALKED ABOUT UNDER THE TREES THEY OCCASIONALLY EMBRACED THE NIGHT AND THEIR OWN THOUGHTS HAD AROUSED SOMETHING IN THEM AS THEY WERE RETURNING TO MAIN STREET THEY PASSED THE LITTLE LAWN,"And as they walked about under the trees, they occasionally embraced the night, and their own thoughts had allowed them to come. And they were resounding the rain to the ground, and they patented the living hell on them.",0.5438185650000378,0.6049020219998056,0.4047446679996938,1.5534652549995371,0.031438915168992144,0.03497023562482165,0.023398857820058752,0.08980800861387254,1
143,mic_fileid_143_doa172_3spk.wav,SepFormer-sepformer-wsj03mix,1,16.728375,351,1,speechbrain/sepformer-wsj03mix,0,3.774500544324782,,text_fileid_143_doa351_spk1.txt,0.5833333333333334,21,36,3.7548766136169434,4.2052202224731445,0.45034360885620117,3.7373101711273193,3.7901453971862793,0.05283522605895996,1.2288053035736084,1.3240959644317627,0.0952906608581543,SAID MISS BINGLEY WILL SHE BE AS TALL AS I AM I THINK SHE WILL SHE IS NOW ABOUT MISS ELIZABETH BENNET'S HEIGHT OR RATHER TALLER HOW I LONG TO SEE HER AGAIN I NEVER MET,"The man, will she be a tall liar? I think she will. She knows about the solution of feminine things. Or rather tall. How long would these are going? I never met war.",0.5332730200007063,0.5869690099989384,0.30596878899996227,1.426210818999607,0.031878351603231415,0.035088226441536516,0.018290407107681546,0.08525698515244948,1
144,mic_fileid_144_doa170_3spk.wav,SepFormer-sepformer-wsj03mix,1,16.596875,250,1,speechbrain/sepformer-wsj03mix,0,6.003864162568508,,text_fileid_144_doa250_spk1.txt,0.25925925925925924,7,27,6.567692756652832,6.61110258102417,0.04340982437133789,6.545639991760254,5.995044231414795,-0.550595760345459,1.525169849395752,1.695551872253418,0.17038202285766602,BUT AS BETWEEN FRIEN'S CERTAIN DELICATE LITTLE FACTS IN YOUR PAST LIFE HAVE COME INADVERTENTLY TO ME HEARING SOMETIMES HE WOULD ALLUDE TO A CERTAIN DOCUMENT OR,"As between friends, certain delicate little facts in your past life have come inadvertently to me hearing. Sometimes you would have moved to certain documents or...",0.5162631889998011,0.3534958380005264,0.34284119100084354,1.212600218001171,0.031106047915634785,0.021298939589562877,0.020656972532530585,0.07306196003772825,1
145,mic_fileid_145_doa40_3spk.wav,SepFormer-sepformer-wsj03mix,1,15.536875,40,1,speechbrain/sepformer-wsj03mix,2,2.1218664587458402,,text_fileid_145_doa40_spk1.txt,0.3783783783783784,14,37,2.949587106704712,3.4079182147979736,0.4583311080932617,2.934643268585205,2.121488094329834,-0.8131551742553711,1.165673017501831,1.2080720663070679,0.042399048805236816,OH EXCLAIMED REBECCA SYMPATHETICALLY MINE WAS NO SHOES AND TOO MANY BABIES AND NOT ENOUGH BOOKS BUT YOU'RE ALL RIGHT AND HAPPY NOW AREN'T YOU SHE ASKED DOUBTFULLY FOR THOUGH HE LOOKED HANDSOME WELL FED AND PROSPEROUS,"Oh, it's so difficult. I have no shoes and too many babies and not enough books. But you're all right and happy now, aren't you? She is absolutely worth the look to. And we're well-fed and prosperous.",0.46054442599961476,0.5523061699987011,0.324431236998862,1.3372818329971778,0.02964202428091973,0.035548086085438746,0.02088137009526446,0.08607148046162294,1
146,mic_fileid_146_doa55_3spk.wav,SepFormer-sepformer-wsj03mix,1,15.596625,170,1,speechbrain/sepformer-wsj03mix,2,7.234638824927538,,text_fileid_146_doa170_spk1.txt,0.5121951219512195,21,41,6.874184608459473,7.545022964477539,0.6708383560180664,6.741080284118652,7.11277961730957,0.37169933319091797,1.477184772491455,1.6562432050704956,0.17905843257904053,AS THOUGH WONDERING WHETHER THE MISSILE THAT HAD STRUCK HIM THERE HAD ALSO BEEN LOADED IN THAT WAY WE'RE SORRY MISTER CHASE THAT YOUR WINDOW WAS BROKEN SAID FRANK STEADILY IT WAS AN ACCIDENT I GIVE YOU MY WORD ABOUT THAT,"that one great weather in the middle of the dark, him there had also been loaded in soil. Where's Bariam and his chasers? That window was broken? That's right, I believe. It was an accident. I gave you my word about that.",0.45232724900051835,0.6369100459996844,0.24240611999994144,1.3316434150001442,0.0290016108613574,0.040836401849738926,0.015542216344878552,0.08538022905597488,1
147,mic_fileid_147_doa111_3spk.wav,SepFormer-sepformer-wsj03mix,1,16.842,323,1,speechbrain/sepformer-wsj03mix,0,4.766026947985836,,text_fileid_147_doa323_spk1.txt,0.65625,21,32,4.675209045410156,6.024361610412598,1.3491525650024414,4.656813621520996,5.044751167297363,0.3879375457763672,1.2285008430480957,1.4528889656066895,0.22438812255859375,THE SULTAN WITHOUT WAITING FOR SCHEHERAZADE TO ASK HIS PERMISSION BADE HER PROCEED WITH THE STORY OF THE GENIE AND THE MERCHANT UPON WHICH SCHEHERAZADE CONTINUED HER RELATION AS FOLLOWS F N,The soul's done without waiting to share the death to Arcus's mission. Fade her proceed with the story of Virginia in the merchants. A haughty share the death continued her relation as follows. FN.,0.5039357440000458,0.5041318829989905,0.23650996100150223,1.2445775880005385,0.029921371808576527,0.029933017634425275,0.014042866702381087,0.0738972561453829,1
148,mic_fileid_148_doa52_3spk.wav,SepFormer-sepformer-wsj03mix,1,15.677,52,1,speechbrain/sepformer-wsj03mix,0,1.1756648898747777,,text_fileid_148_doa52_spk1.txt,0.71875,23,32,1.206465721130371,1.4942666292190552,0.2878009080886841,1.1908621788024902,1.2307047843933105,0.03984260559082031,1.166214108467102,1.2063372135162354,0.0401231050491333,HIS LIPS CONTINUED TO MOVE SILENTLY AS THOUGH HE WERE TALKING TO HIMSELF WHICH CAUSED THEM ALL TO GAZE ATTENTIVELY AT HIM IN THE ENDEAVOR TO HEAR MORE THERE WAS NO APPLAUSE,"His lips continued to lose their liberty, so he would not need to himself, which caused him to gaze at him with glia and his authority and never to hear more. There was no applause when they fired the old cannon.",0.4720519799993781,0.47858236100000795,0.31007427899930917,1.2607086199986952,0.030111116922840984,0.0305276750015952,0.01977892957831914,0.08041772150275532,1
149,mic_fileid_149_doa92_3spk.wav,SepFormer-sepformer-wsj03mix,1,16.799,92,1,speechbrain/sepformer-wsj03mix,0,7.558429269621632,,text_fileid_149_doa92_spk1.txt,0.2727272727272727,9,33,8.771145820617676,8.3309326171875,-0.4402132034301758,8.761642456054688,7.554276466369629,-1.2073659896850586,1.3804357051849365,1.5631015300750732,0.18266582489013672,YOU CANNOT TELL A MAN BY THE LOBSTER HE EATS BUT YOU CAN TELL SOMETHING ABOUT HIM BY THE LITERATURE HE READS FOR INSTANCE I ONCE OCCUPIED A CARRIAGE ON AN EASTERN LINE,"You cannot tell a man by the long strip rules, just you can't tell how things are about him by the literature he uses. For instance, I once occupied a carriage on an eastern line.",0.5058043619992532,0.4599616409996088,0.3589747850001004,1.3247407879989623,0.030109194713926615,0.027380298886815216,0.021368818679689292,0.07885831228043112,1
150,mic_fileid_150_doa91_3spk.wav,SepFormer-sepformer-wsj03mix,1,16.018375,223,1,speechbrain/sepformer-wsj03mix,2,3.052180327402204,,text_fileid_150_doa223_spk1.txt,0.6216216216216216,23,37,2.9307069778442383,4.058014392852783,1.127307415008545,2.9157865047454834,3.050604820251465,0.13481831550598145,1.2439202070236206,1.322421908378601,0.07850170135498047,THIS IS WHAT I WANTED TO SEE SAID GRAHAM THIS IS WHAT I WANTED TO SEE TRYING TO AVOID A START AT A PARTICULARLY STRIKING DISFIGUREMENT SHE MIGHT HAVE DONE BETTER WITH HERSELF THAN THAT SAID ASANO,This is what I want to see said. This is what I want to see. Trying to avoid a start and particularly strengthen the system. So many of those that have passed into the math system are not mine as usual.,0.5173562639993179,0.46420097400005034,0.3754397360007715,1.3569969740001397,0.03229767463923887,0.0289792799831475,0.023438066345729296,0.08471502096811567,1
151,mic_fileid_151_doa83_3spk.wav,SepFormer-sepformer-wsj03mix,1,16.11575,298,1,speechbrain/sepformer-wsj03mix,0,3.8931976711031666,,text_fileid_151_doa298_spk1.txt,0.6206896551724138,18,29,0.9471257328987122,4.552901744842529,3.605776011943817,0.9161661863327026,3.9069719314575195,2.990805745124817,1.1313751935958862,1.2133517265319824,0.08197653293609619,AND IS THERE ANYTHING FINER THAN TO SEARCH FOR ONE'S OWN VIRTUES IS IT NOT ALMOST TO BELIEVE IN ONE'S OWN VIRTUES BUT THIS BELIEVING IN ONE'S OWN VIRTUES,Is there anything fatter than this? Is it for one-toed virtues? Is it not almost too thin? Do you think one-toed virtues... ...believe in one-toed virtues?,0.5144222140006605,0.45237942099993234,0.3819891170005576,1.3487907520011504,0.03192046376995551,0.028070640274261663,0.023702844546518633,0.0836939485907358,1
152,mic_fileid_152_doa81_3spk.wav,SepFormer-sepformer-wsj03mix,1,15.52575,81,1,speechbrain/sepformer-wsj03mix,1,3.576374168960804,,text_fileid_152_doa81_spk1.txt,0.8,24,30,4.007671356201172,5.067827224731445,1.0601558685302734,3.9926719665527344,3.5738465785980225,-0.4188253879547119,1.197941541671753,1.3527380228042603,0.15479648113250732,SHE PRESENTLY DISCOVERED IN TRUTH THAT THIS OBLIGATION WAS OF THE LIGHTEST AND THAT MISSUS TOUCHETT CARED VERY LITTLE HOW MISS STACKPOLE BEHAVED MISSUS TOUCHETT HAD DEFINED HER TO ISABEL,"If you print with this covered x-er, then this obligation was a belated. And that makes her a suspect. Her very result was a stackable ban. Hey, Mrs. Cullwood had defined her to Isabel.",0.4638868250003725,0.515779282000949,0.30397733000063454,1.283643437001956,0.029878545319895818,0.03322089316142209,0.019578914384209105,0.08267835286552701,1
153,mic_fileid_153_doa13_3spk.wav,SepFormer-sepformer-wsj03mix,1,15.575375,102,1,speechbrain/sepformer-wsj03mix,2,4.3864172556477845,,text_fileid_153_doa102_spk1.txt,0.35135135135135137,13,37,4.143592834472656,4.748173713684082,0.6045808792114258,4.134533882141113,4.386417865753174,0.25188398361206055,1.4438577890396118,1.565505862236023,0.12164807319641113,I'M KEEPING OPEN HOUSE FOR A SPECIAL REASON TWO FELLOWS I KNOW ARE GETTING MARRIED TO MORROW IT'S A DOUBLE WEDDING IT'S ALSO A DOUBLE HONEYMOON BUT THEY AREN'T ONTO THAT YET HARMON'S CLEAR BROWN EYES TWINKLED,I'm keeping open house for special reasons. Those I know are getting married tomorrow. It's a double wedding. It's also a double honeymoon. But they aren't on the bed yet. Our most clear-brown eyes twinkle.,0.46713130500029365,0.5343280340002821,0.35440925500006415,1.3558685940006399,0.029991657022722964,0.03430594987281411,0.02275446048650926,0.08705206738204634,1
154,mic_fileid_154_doa109_3spk.wav,SepFormer-sepformer-wsj03mix,1,16.606625,109,1,speechbrain/sepformer-wsj03mix,2,5.734066014007045,,text_fileid_154_doa109_spk1.txt,0.05555555555555555,2,36,5.315975666046143,6.570727348327637,1.2547516822814941,5.283188343048096,5.972517013549805,0.689328670501709,1.3157422542572021,1.618147611618042,0.30240535736083984,LIBERTY TO HIM EPITOMIZES ITSELF IN ACCESS TO THE MEANS OF TOIL TO TILL THE SOIL AND LABOUR INTERMINABLY WITH RUDE IMPLEMENTS AND UTENSILS IS ALL HE ASKS OF LIFE AND OF THE POWERS THAT BE,"Liberty to him epitomizes himself in access to the means of toil. To till the soil and labor interminably with rude implements and utensils is all he asks of life, and of the powers that be.",0.5269165919999068,0.4272256180011027,0.33164190700153995,1.2857841170025495,0.0317293003244131,0.025726215772386183,0.019970457995019453,0.07742597409181874,1
155,mic_fileid_155_doa4_3spk.wav,SepFormer-sepformer-wsj03mix,1,17.863875,4,1,speechbrain/sepformer-wsj03mix,0,4.996344762871922,,text_fileid_155_doa4_spk1.txt,0.9523809523809523,40,42,5.358262538909912,5.7797346115112305,0.42147207260131836,5.3501057624816895,5.018632888793945,-0.33147287368774414,1.149033546447754,1.2841556072235107,0.13512206077575684,DON JUAN NOW WE LOOK UPON THE SMALLEST BOOK EVER PRINTED DANTE'S DIVINA COMMEDIA BOUND IN TURKEY GILT LESS THAN TWO AND ONE FOURTH INCHES LONG BY ONE AND ONE HALF INCHES WIDE THE COLLECTION OF MISTER AND MISSUS S C HALL,"Now, I know I on list funag LJ, coming next same evening. kindness … and use your F3 call.",0.5686656389989366,3.3243712350013084,0.3881178270003147,4.28115470100056,0.031833274639401395,0.1860946314840038,0.021726407456406558,0.23965431357981176,1
156,mic_fileid_156_doa54_3spk.wav,SepFormer-sepformer-wsj03mix,1,16.871875,169,1,speechbrain/sepformer-wsj03mix,0,5.478561998828826,,text_fileid_156_doa169_spk1.txt,0.12121212121212122,4,33,5.513459205627441,6.889330863952637,1.3758716583251953,5.501984596252441,5.48091983795166,-0.02106475830078125,1.42355215549469,1.5894925594329834,0.16594040393829346,INTERRUPTED PHILIP I'VE HEARD THAT SOME PROFESSORS SAY THAT THEIR ANNEX CLASSES DO BETTER WORK THAN OURS BUT ANYBODY CAN TELL THAT THAT'S ALL ROT I BELIEVE IT'S ALL PERFECTLY TRUE SAID NORA,"Interrupted so. I've heard that your professors say that their annex classes do better work than ours, but anybody can tell that that's all broad. I believe it's all personally true, said Nora.",0.5109887499984325,0.4378784420005104,0.2654984290002176,1.2143656209991605,0.03028642341165001,0.02595315825896709,0.015736154339705433,0.07197573601032253,1
157,mic_fileid_157_doa8_3spk.wav,SepFormer-sepformer-wsj03mix,1,16.933125,155,1,speechbrain/sepformer-wsj03mix,0,5.833803795834638,,text_fileid_157_doa155_spk1.txt,0.7450980392156863,38,51,4.362349510192871,6.442930698394775,2.0805811882019043,4.336419105529785,5.837449550628662,1.501030445098877,1.254493236541748,1.4323433637619019,0.1778501272201538,HE AS THE CORPORAL WAS ENTERING THE CONFINES OF BOHEMIA MY UNCLE TOBY OBLIGED HIM TO HALT FOR A SINGLE MOMENT HE HAD SET OUT BARE HEADED HAVING SINCE HE PULL'D OFF HIS MONTERO CAP IN THE LATTER END OF THE LAST CHAPTER LEFT IT LYING BESIDE HIM ON THE GROUND,"Feel the support of the rendering of the final film. I hope it held your delight in the pulse of the film's audience. Yet, spit out, bear hider, having, since you've lost your frontarial cap in the latter end of the last chapter, that could lie on the side of him on the ground.",0.5310093610005424,0.5897094309984823,0.3762513090005086,1.4969701009995333,0.03135920634853533,0.03482578856522244,0.022219838866157818,0.08840483377991559,1
158,mic_fileid_158_doa77_3spk.wav,SepFormer-sepformer-wsj03mix,1,14.22,251,1,speechbrain/sepformer-wsj03mix,2,5.065801010049258,,text_fileid_158_doa251_spk1.txt,0.2926829268292683,12,41,4.807669639587402,5.243221282958984,0.43555164337158203,4.790853023529053,5.0541181564331055,0.26326513290405273,1.3433760404586792,1.3963805437088013,0.05300450325012207,I AM QUITE AWARE THAT SCIENCE HAS TO BE ON ITS GUARD WITH DISCOVERIES OF THIS KIND I KNOW WHAT CAPITAL ENTERPRISING INDIVIDUALS LIKE BARNUM HAVE MADE OUT OF FOSSIL MEN I HAVE HEARD THE TALE OF THE KNEEPAN OF AJAX,I am quite aware that science has to be honest with discoveries of this kind. I know what capital-interprising mutual importance has been out of these events. I have heard the tale of the knee-pan of Ajax.,0.43252699399999983,0.47223813100026746,0.2593481240000983,1.1641132490003656,0.030416806891701814,0.03320943255979377,0.018238264697615914,0.0818645041491115,1
159,mic_fileid_159_doa31_3spk.wav,SepFormer-sepformer-wsj03mix,1,17.1225,31,1,speechbrain/sepformer-wsj03mix,2,6.868524931685923,,text_fileid_159_doa31_spk1.txt,0.37037037037037035,20,54,4.8148345947265625,7.366451740264893,2.55161714553833,4.801199913024902,6.863501071929932,2.0623011589050293,1.2085096836090088,1.484616994857788,0.2761073112487793,AND SAY MY MISTRESS VENUS DESIRES YOU TO SEND HER A LITTLE OF YOUR BEAUTY FOR IN TENDING HER SICK SON SHE HAS LOST SOME OF HER OWN BE NOT TOO LONG ON YOUR ERRAND FOR I MUST PAINT MYSELF WITH IT TO APPEAR AT THE CIRCLE OF THE GODS AND GODDESSES THIS EVENING,"And say, my mistress Venus desires he could send her a will of her future, for attending her six summits she has lost on her throne. Be not too long, my dear Aaron, for I must thank myself with it to appear to circle with my gods and goddesses this evening.",0.5466245869993145,0.7097804619988892,0.3754062170010002,1.631811265999204,0.0319243444006024,0.04145308582268298,0.021924731610512498,0.09530216183379787,1
160,mic_fileid_160_doa141_3spk.wav,SepFormer-sepformer-wsj03mix,1,17.854,141,1,speechbrain/sepformer-wsj03mix,2,2.4131893424641895,,text_fileid_160_doa141_spk1.txt,1.6923076923076923,66,39,1.8330504894256592,2.8785953521728516,1.0455448627471924,1.7921650409698486,2.5512900352478027,0.7591249942779541,1.0836445093154907,1.1387392282485962,0.05509471893310547,YOU WOULD NOT FOR INSTANCE NOW GO TO A BALL FOR THE WORLD YOU FEEL THAT YOU HAVE NO LONGER ANY FRIEND TO WHOM YOU CAN SPEAK WITH UNRESERVE ON WHOSE REGARD YOU CAN PLACE DEPENDENCE OR WHOSE COUNSEL,"It was not a pretty good matter, though, to be honest. You can tell that he had no idea what he was doing at the time. He was just looking at his computer, and he was like, I'm going to take a look at my computer. I'm going to take a look at my computer. I'm going to take a look at my computer. Well, I know what it will.",0.5655886999993527,1.8128227470006095,0.44783826700040663,2.826249714000369,0.031678542623465485,0.10153594415820598,0.025083357622964413,0.15829784440463587,1
161,mic_fileid_161_doa59_3spk.wav,SepFormer-sepformer-wsj03mix,1,17.657375,59,1,speechbrain/sepformer-wsj03mix,0,6.431505354559551,,text_fileid_161_doa59_spk1.txt,0.375,18,48,5.083308219909668,7.297181129455566,2.2138729095458984,5.074408054351807,6.431111812591553,1.356703758239746,1.2224398851394653,1.483838677406311,0.2613987922668457,HE DECLARES IT IS AS THOUGH IT WERE PAINTED ON A BROBDINGNAGIAN PIECE OF GILT PAPER AND HE WHO DAMPENS HIS FINGER AND THRUSTS IT THROUGH FINDS AN ALKALI VALLEY ON THE OTHER SIDE THE LONELY PRICKLY PEAR AND A HEAP OF ASHES FROM A DESERTED CAMP FIRE,"He declares the difference though it was painted on a broccane mucie and piece of silk paper. And he imposes his finger and stresses through, finds an alkaline jowl on the other side, a long, prickly pear, and a heap of ashes from a deserted campfire.",0.5697035440007312,0.7483250490004139,0.36775723900063895,1.685785832001784,0.03226433963149852,0.042380311286383955,0.02082740152489478,0.09547205244277726,1
162,mic_fileid_162_doa43_3spk.wav,SepFormer-sepformer-wsj03mix,1,16.223875,100,1,speechbrain/sepformer-wsj03mix,1,4.611514889132174,,text_fileid_162_doa100_spk1.txt,0.36666666666666664,11,30,5.771480560302734,5.303774356842041,-0.46770620346069336,5.7526350021362305,4.608132362365723,-1.1445026397705078,1.1724342107772827,1.2066062688827515,0.03417205810546875,WHICH WAS IN ITSELF OF ALL THINGS THE MOST PERNICIOUS IF MARY MUST GO TO CHELTENHAM WHY COULD SHE NOT GO BY HERSELF SECOND CLASS LIKE ANY OTHER YOUNG WOMAN,"It was in itself of all things, the most, for me. If Mary must have told me why could she not draw by herself, back in class, like any other gentleman.",0.5111926789995778,0.4779916730003606,0.30654526199941756,1.295729613999356,0.03150866725733389,0.02946223839867853,0.01889470068028862,0.07986560633630103,1
163,mic_fileid_163_doa154_3spk.wav,SepFormer-sepformer-wsj03mix,1,16.2585,302,1,speechbrain/sepformer-wsj03mix,0,2.7359610754735257,,text_fileid_163_doa302_spk1.txt,0.04878048780487805,2,41,5.562557220458984,5.1229143142700195,-0.43964290618896484,5.546841144561768,2.735866069793701,-2.8109750747680664,1.423728108406067,1.2948415279388428,-0.12888658046722412,FOR A LONG TIME THE ROMAN LAWS HAD BEEN DIFFICULT TO UNDERSTAND THERE WAS A VAST NUMBER OF THEM AND DIFFERENT WRITERS DIFFERED WIDELY AS TO WHAT THE LAWS REALLY WERE AND WHAT THEY MEANT JUSTINIAN EMPLOYED A GREAT LAWYER NAMED,"For a long time, the Roman laws had been difficult to understand. There was a vast number of them, and different writers differed widely as to what the laws really were and what they meant. Justinian, who had a great lawyer named...",0.511525279000125,0.6014145200006169,0.3866757460000372,1.499615545000779,0.03146202165022142,0.036990775286811016,0.023782990189749185,0.09223578712678161,1
164,mic_fileid_164_doa84_3spk.wav,SepFormer-sepformer-wsj03mix,1,16.054875,84,1,speechbrain/sepformer-wsj03mix,2,2.9030076973306347,,text_fileid_164_doa84_spk1.txt,0.48484848484848486,16,33,4.5221943855285645,4.246476173400879,-0.27571821212768555,4.5097126960754395,2.899660110473633,-1.6100525856018066,1.225691795349121,1.2510491609573364,0.025357365608215332,I NEVER BEFORE HAD SEEN TWO GREEN MARTIAN WARRIORS BATTLE WITH NATURE'S WEAPONS AND THE EXHIBITION OF ANIMAL FEROCITY WHICH ENSUED WAS AS FEARFUL A THING AS THE MOST DISORDERED IMAGINATION COULD PICTURE,"Never before have the two green version of the war in this battle, Nature's Weapons, and the exhibition of animal-claw-fin-mortar suits was a fearful thing as the most disordered imagination could picture.",0.5108745010002167,0.5214835469996615,0.31821495599979244,1.3505730039996706,0.03182052186642479,0.03248132090718,0.0198204567771342,0.084122299550739,1
165,mic_fileid_165_doa32_3spk.wav,SepFormer-sepformer-wsj03mix,1,16.851625,89,1,speechbrain/sepformer-wsj03mix,0,7.564306195782148,,text_fileid_165_doa89_spk1.txt,0.375,12,32,8.518071174621582,8.072972297668457,-0.445098876953125,8.50185489654541,7.578421115875244,-0.923433780670166,1.399488091468811,1.4657750129699707,0.06628692150115967,REMAINED UNCONQUERED AND CONTINUED TO CONSPIRE AGAINST HIM THE RESISTING POWER OF THE SYRIAN ALLIES HOWEVER WAS BEING GREATLY WEAKENED BY INTERNAL REVOLTS WHICH MAY HAVE BEEN STIRRED UP BY ASSYRIAN EMISSARIES,"Remain unconquerable and continue to murder against the evil citizens. The resisting power of the Syrian allies, however, was being greatly weakened by internal revolt, which may have been stirred up by the Syrian M-Syriot E-jacket.",0.528896743999212,0.5322245879997354,0.26695694499903766,1.328078276997985,0.03138550400921051,0.03158298312475713,0.015841614384312353,0.07881010151828,1
166,mic_fileid_166_doa59_3spk.wav,SepFormer-sepformer-wsj03mix,1,17.28625,109,1,speechbrain/sepformer-wsj03mix,0,3.7235879265694996,,text_fileid_166_doa109_spk1.txt,0.36363636363636365,12,33,4.662032127380371,3.9732720851898193,-0.6887600421905518,4.649163246154785,3.7266039848327637,-0.9225592613220215,1.4677940607070923,1.558156967163086,0.09036290645599365,FOR I HAD SEEN HIM MEDITATING A FRESH TREACHERY UPON THE PLATEAU ACCORDINGLY IT WAS PRETTY GRUFFLY THAT THE DOCTOR ANSWERED HIM DRUNK OR RAVING SAID HE RIGHT YOU WERE SIR REPLIED SILVER,"for I have seen her meditating a fresh treachery upon her side. Accordingly, it was pretty gruffly that the doctor answered, Drunk of the raving, I said, he, right to where, sir, last summer.",0.5170728159991995,0.49466141800076,0.2801722139993217,1.2919064479992812,0.02991237636845467,0.02861588939190166,0.016207807592700654,0.07473607335305699,1
167,mic_fileid_167_doa27_3spk.wav,SepFormer-sepformer-wsj03mix,1,15.55075,27,1,speechbrain/sepformer-wsj03mix,0,4.780636901928684,,text_fileid_167_doa27_spk1.txt,0.5555555555555556,20,36,4.4218878746032715,5.860467910766602,1.43858003616333,4.405858039855957,4.782095432281494,0.3762373924255371,1.1502008438110352,1.2961323261260986,0.14593148231506348,THEIR SHARP CUR LIKE BARKS USED OFTEN TO ROUSE US AND OF A DARK EVENING WE WOULD HEAR THEM OUT IN THE FIELDS MOUSING AROUND THE STONE HEAPS MAKING A QUEER SQUEAKING SOUND LIKE A MOUSE,"There sure are some light-art used often to rouses. And of the dark evenings, we hear the mountain fields, mountain around us, making a queer-squeaking sound like a mouse.",0.45952309600033914,0.41935848200046166,0.2735963819995959,1.1524779600003967,0.029549899265330554,0.026967090461904514,0.017593774062318275,0.07411076378955335,1
168,mic_fileid_168_doa134_3spk.wav,SepFormer-sepformer-wsj03mix,1,17.55775,343,1,speechbrain/sepformer-wsj03mix,0,2.7608181787258435,,text_fileid_168_doa343_spk1.txt,0.175,7,40,4.35864782333374,3.383338689804077,-0.9753091335296631,4.348939895629883,2.760288953781128,-1.5886509418487549,1.4690086841583252,1.5117130279541016,0.04270434379577637,THE OLD SHIP WAS NOT HEATED UNTIL EIGHTEEN TWENTY TWO THE ONLY RELIEF FROM THE CHILL AND STIFFNESS COMES DURING THE PRAYER WHEN THE CONGREGATION STANDS KNEELING OF COURSE WOULD SAVOR TOO STRONGLY OF IDOLATRY AND THE CHURCH OF ROME,"The old ship was not heated until 1822. The only relief from the chilled and stiffness comes during the prayer when the congregation stands. Kneeling, of course, would save her too strongly by idolatry and the Church of Rome.",0.5313509480001812,0.5796424049985944,0.2714560860003985,1.3824494389991742,0.03026304327150012,0.03301347866318831,0.015460755848579602,0.07873727778326803,1
169,mic_fileid_169_doa149_3spk.wav,SepFormer-sepformer-wsj03mix,1,16.514,264,1,speechbrain/sepformer-wsj03mix,2,5.612747337265988,,text_fileid_169_doa264_spk1.txt,0.6730769230769231,35,52,4.767788410186768,6.078679084777832,1.3108906745910645,4.757286071777344,5.611471652984619,0.8541855812072754,1.2053990364074707,1.386954665184021,0.1815556287765503,AND MATTIE ANDREWS HAD A NEW RED HOOD AND A BLUE CROSSOVER WITH TASSELS ON IT AND THE AIRS SHE PUT ON ABOUT IT WERE PERFECTLY SICKENING AND LIZZIE WRIGHT DIDN'T SPEAK TO MAMIE WILSON BECAUSE MAMIE WILSON'S GROWN UP SISTER HAD CUT OUT LIZZIE WRIGHT'S GROWN UP SISTER WITH HER BEAU,"The mother, the father, and the new red foot and the new costume, the pattern, and the air she put on the bottle was so different. And the baby's right. This is Mimi Wilson. This is Mimi Wilson's grown-up sister. She cut out Lizzie Wright's grown-up sister with her both.",0.5282535580008698,0.7229407060003723,0.3784223370003019,1.629616601001544,0.03198822562679362,0.04377744374472401,0.022915243853718174,0.09868091322523581,1
170,mic_fileid_170_doa57_3spk.wav,SepFormer-sepformer-wsj03mix,1,17.31175,133,1,speechbrain/sepformer-wsj03mix,0,3.869422585308335,,text_fileid_170_doa133_spk1.txt,0.23636363636363636,13,55,3.3301844596862793,4.344964981079102,1.0147805213928223,3.308889865875244,3.8535923957824707,0.5447025299072266,1.2394912242889404,1.4178600311279297,0.17836880683898926,AND NOT HAVE MARRIED THE MOTHER OF THE PROUD PRINCESS WHO CAUSED HIM ENDLESS TROUBLE UNTIL HER DEATH MY DAY IS PAST SAID HE AND HE GAVE UP HIS CROWN TO HIS SON AMEER ALI WHO WENT ONCE MORE AND CALLED TO THE FOREST FAIRY TO PROVIDE HIM WITH A QUEEN TO SHARE HIS THRONE,"and not a very good mother of the proud princess who caused her endless trouble to her guests. My days passed, said each, and he gave up his crown to his son, Amir Alvig, who went once more and called to the forest fairy to provide him with a theme to share his throne.",0.5553848299987294,0.6617754229991988,0.36249783099992783,1.579658083997856,0.03208137998750729,0.038226951232498085,0.020939409996096746,0.09124774121610213,1
171,mic_fileid_171_doa66_3spk.wav,SepFormer-sepformer-wsj03mix,1,15.962875,238,1,speechbrain/sepformer-wsj03mix,1,4.9056107338380786,,text_fileid_171_doa238_spk1.txt,0.391304347826087,18,46,4.6071248054504395,6.62789249420166,2.0207676887512207,4.5947675704956055,4.906318664550781,0.3115510940551758,1.1221245527267456,1.3637487888336182,0.24162423610687256,STILL IF HE IS TO BE IN THE GROVE TO NIGHT I MAY AS WELL BE THERE ALSO WHAT DISGUISE IS HE IN A FARM LABORER'S THE BEST HE COULD ADOPT ABOUT HERE WITH LARGE BLACK WHISKERS HE IS STOPPING ABOUT THREE MILES OFF HE SAID,"So, if he was to be in the grove tonight, I may as well be there all my kids. What a disguise he is. A farm laborer. The best good at out-to-out here was large black wizards. He is talking about three miles off, he said.",0.5211523879988817,0.654568226000265,0.2958836190009606,1.4716042330001073,0.032647777295686506,0.041005660070649236,0.01853573488491018,0.09218917225124593,1
172,mic_fileid_172_doa1_3spk.wav,SepFormer-sepformer-wsj03mix,1,17.0665,236,1,speechbrain/sepformer-wsj03mix,2,4.676805144911836,,text_fileid_172_doa236_spk1.txt,0.6046511627906976,26,43,3.0948972702026367,4.979530334472656,1.8846330642700195,3.0812673568725586,4.676491737365723,1.595224380493164,1.147566795349121,1.243971824645996,0.096405029296875,WE WERE YET ALMOST AFRAID TO BELIEVE THAT WE WERE AT LAST TO ESCAPE INTO THE GENIAL COUNTRY OF WHICH WE HAVE HEARD SO MANY GLOWING DESCRIPTIONS AND DREADED AGAIN TO FIND SOME VAST INTERIOR LAKE WHOSE BITTER WATERS WOULD BRING US DISAPPOINTMENT,"We'll be back, all night, just ready to believe that we're at last. Get into the new ground here, which we have for studying and deploying descriptions. And ready again to find things back and hear your voice. This bitter waters will bring us disappointment.",0.5366446000007272,0.701817472001494,0.4033371069999703,1.6417991790021915,0.031444326604794605,0.041122519087187996,0.02363326440687723,0.09620011009885984,1
173,mic_fileid_173_doa42_3spk.wav,SepFormer-sepformer-wsj03mix,1,17.582,146,1,speechbrain/sepformer-wsj03mix,0,4.687578369969531,,text_fileid_173_doa146_spk1.txt,0.25,12,48,3.1561644077301025,5.660872936248779,2.5047085285186768,3.145552158355713,4.682604789733887,1.5370526313781738,1.187874436378479,1.2614485025405884,0.07357406616210938,THE APPEARANCE OF THE CHART WAS INCREDIBLE TO THE SURVIVING MUTINEERS THEY LEAPED UPON IT LIKE CATS UPON A MOUSE IT WENT FROM HAND TO HAND ONE TEARING IT FROM ANOTHER AND BY THE OATHS AND THE CRIES AND THE CHILDISH LAUGHTER WITH WHICH THEY ACCOMPANIED THEIR EXAMINATION,"The appearance of the chart was incredible to be alive and well. They need to buy it by material on a mouse. It went from hand to hand, one carrying it from another, by the oaths and the cries and the childish laughter with which they accompanied their examination.",0.5625777360000939,0.8079726070009201,0.4263556679998146,1.7969060110008286,0.03199736867251131,0.04595453344334661,0.024249554544409885,0.10220145666026781,1
174,mic_fileid_174_doa166_3spk.wav,SepFormer-sepformer-wsj03mix,1,15.549625,166,1,speechbrain/sepformer-wsj03mix,1,6.054896218893806,,text_fileid_174_doa166_spk1.txt,0.38461538461538464,15,39,3.9873580932617188,6.620560646057129,2.63320255279541,3.9698615074157715,6.0583953857421875,2.088533878326416,1.3715684413909912,1.6948572397232056,0.32328879833221436,THE GRAVEYARD WAS A MILE OUTSIDE THE VILLAGE A SANDY PLAIN WHERE A FEW STUNTED PINES TRANSPLANTED FROM THE WOODS NEAR IT STRUGGLED TO KEEP ALIVE AS WE TURNED FROM THE STREET INTO THE LANE WHICH LED TO IT,"The dove yard was a mile-out-class village. A sandy plain where a few studded ponds transplanted into the wood to near it, so I voted to provide. As we turned from the street into the lane, which led to it.",0.47590004300036526,0.6736798870006169,0.2971628810009861,1.4467428110019682,0.03060524244156147,0.0433245102052697,0.01911061398593124,0.09304036663276241,1
175,mic_fileid_175_doa16_3spk.wav,SepFormer-sepformer-wsj03mix,1,16.972375,144,1,speechbrain/sepformer-wsj03mix,1,3.4185826085321165,,text_fileid_175_doa144_spk1.txt,0.6388888888888888,23,36,4.927112579345703,4.584228038787842,-0.34288454055786133,4.913884162902832,3.3949804306030273,-1.5189037322998047,1.2614853382110596,1.2298638820648193,-0.031621456146240234,MADAME DE VILLEFORT SIGHED HER NERVES GAVE WAY AND SHE SUNK ON THE CARPET THE KING'S ATTORNEY SEEMED TO EXPERIENCE A SENSATION OF PITY HE LOOKED UPON HER LESS SEVERELY AND BOWING TO HER SAID SLOWLY,"The dying developer wanted to make us gay break as she felt how my heart ached. The kids were too weak to experience the sensation of pain. They looked at her less severely and bowing to her, said slowly.",0.5451168460003828,0.49267115400107286,0.4585802050005441,1.4963682050019997,0.03211788839218924,0.029027826335505366,0.027019212396647146,0.08816492712434175,1
176,mic_fileid_176_doa208_3spk.wav,SepFormer-sepformer-wsj03mix,1,17.628625,208,1,speechbrain/sepformer-wsj03mix,1,-0.9477171678543268,,text_fileid_176_doa208_spk1.txt,0.7619047619047619,32,42,2.5046870708465576,1.993564486503601,-0.5111225843429565,2.495816230773926,-0.5675641894340515,-3.0633804202079773,1.1126065254211426,1.1102769374847412,-0.002329587936401367,HE STOOD ASIDE EDGED A LITTLE INTO THE RAIN TO LET THE THRONG PASS A SMALL BOY RUSHED OUT SNIFFED IN THE DAMP FRESH AIR AND TURNED UP THE COLLAR OF HIS COAT CAME THREE OR FOUR COUPLES IN A GREAT HURRY,"But it just kind of edged a little into the room. You didn't let the strong tide. A small boy rushed out, sniffed into the room, fresh air, and turned out the color of the coat. Came three or four couples, and I was trying to find the cordial. He saw a man of about 40 years of age.",0.5746404860001348,0.7757439289998729,0.3286131490003754,1.6789975640003831,0.03259701116792347,0.044004789312829154,0.018640883733154198,0.09524268421390682,1
177,mic_fileid_177_doa189_3spk.wav,SepFormer-sepformer-wsj03mix,1,16.409875,288,1,speechbrain/sepformer-wsj03mix,2,7.463581942000133,,text_fileid_177_doa288_spk1.txt,0.6470588235294118,22,34,6.556798458099365,8.160333633422852,1.6035351753234863,6.545500755310059,7.460531711578369,0.9150309562683105,1.5252528190612793,1.5748662948608398,0.04961347579956055,THE SCHOOL AND THE NEIGHBOURING COTTAGES THIS DID GOOD FOR A TIME BUT WHEN THE AUTUMN DREW ON AND THE WEATHER BECAME MORE CHANGEABLE HER MOTHER'S IDEA OF THE UNHEALTHINESS OF THE PLACE INCREASED,"and the neighboring houses. This gets good for a time. But then it got too long, and the weather became more tangible. From other's idea, it began something that's a bit surprising to me.",0.4954603819987824,0.4975450300007651,0.2730135709989554,1.266018982998503,0.03019281877520593,0.030319854965425705,0.016637151166535722,0.07714982490716736,1
178,mic_fileid_178_doa161_3spk.wav,SepFormer-sepformer-wsj03mix,1,15.546125,331,1,speechbrain/sepformer-wsj03mix,0,4.506412641549295,,text_fileid_178_doa331_spk1.txt,1.1785714285714286,33,28,3.9408061504364014,5.058868885040283,1.1180627346038818,3.925187349319458,4.568051338195801,0.6428639888763428,1.241363286972046,1.3130450248718262,0.07168173789978027,ALL WERE LOADED WITH PASSENGERS AND FREIGHT FOR NOME SCOUT BOATS HAD ALREADY BEEN SENT OUT TO INVESTIGATE AND FIND IF POSSIBLE A PASSAGE THROUGH THE ICE FIELDS,"Because he was limited with passengers and freight, for no reason. He offered the whole range of freedom and right to the left again, and find it possible if passengers could be right field. I've gotten a barricade in which he'd been on.",0.45778803000030166,0.5482233630009432,0.26226768500055186,1.2682790780017967,0.02944708279396323,0.03526430946624597,0.01687029307950064,0.08158168533970984,1
179,mic_fileid_179_doa105_3spk.wav,SepFormer-sepformer-wsj03mix,1,17.104875,359,1,speechbrain/sepformer-wsj03mix,0,6.791137252095215,,text_fileid_179_doa359_spk1.txt,0.6774193548387096,21,31,4.935006618499756,7.709691524505615,2.7746849060058594,4.908293724060059,6.788130283355713,1.8798365592956543,1.1149756908416748,1.1973334550857544,0.08235776424407959,AND EXPRESSES HORROR RATHER THAN INDIGNATION ALIKE INVOLUNTARY IS THE GROAN THAT GOES WITH IT PROCEEDING FROM A SINGLE INDIVIDUAL WHOM ALL KNOW TO BE THE FATHER OF THE MURDERED MAN,"and expresses sorrow in the face of the family division. A life in voluntary is the clone that goes with it, to be from a single individual who can only know to be the cause of the murder's invasion.",0.53187348100073,0.4370879779999086,0.3480492200014851,1.3170106790021237,0.03109484758004545,0.025553415502884917,0.020347954603672058,0.07699621768660242,1
180,mic_fileid_180_doa24_3spk.wav,SepFormer-sepformer-wsj03mix,1,16.508375,273,1,speechbrain/sepformer-wsj03mix,0,4.298626101348868,,text_fileid_180_doa273_spk1.txt,0.7647058823529411,26,34,3.025883913040161,5.185699939727783,2.159816026687622,3.01238751411438,4.644362449645996,1.6319749355316162,1.3166329860687256,1.4616795778274536,0.14504659175872803,AND HER HEAD HER WORDS TURNED AMEER ALI PALE WITH HORROR BUT SHE REMINDED HIM THAT NO HARM HAD COME TO HER BEFORE AND AT LAST HE CONSENTED TO DO AS SHE BADE HIM,"And her head, her words turned them here, I'll leave pale with horror, but she reminded him, no horror had come through the floor, and it lasted a consent to do as she begged. He's a clear little feller, he added. I'll respond he'd love it.",0.5322431630011124,0.5799142489995575,0.25485664600091695,1.3670140580015868,0.03224079674717302,0.035128487752401884,0.015438021367997573,0.08280730586757247,1
181,mic_fileid_181_doa88_3spk.wav,SepFormer-sepformer-wsj03mix,1,15.616625,175,1,speechbrain/sepformer-wsj03mix,2,5.308336138970348,,text_fileid_181_doa175_spk1.txt,0.13513513513513514,5,37,4.879942417144775,7.34767484664917,2.4677324295043945,4.871820449829102,5.289167404174805,0.4173469543457031,1.2606687545776367,1.4019814729690552,0.14131271839141846,NEARLY A YEAR WENT BY LADY ISABEL CARLYLE HAD SPENT IT ON THE CONTINENT THAT REFUGE FOR SUCH FUGITIVES NOW MOVING ABOUT FROM PLACE TO PLACE WITH HER COMPANION NOW STATIONARY AND ALONE QUITE HALF THE TIME,"Nearly a year went by. Lady Isabel Carlisle has sped it on the continent. That refuge for such fugitives. Now moving about from place to place with her companions, now stationary and alone. Quite half good time.",0.46721410900136107,0.4832001909999235,0.289509773001555,1.2399240730028396,0.029917738884129,0.030941396812686702,0.018538562141407314,0.07939769783822302,1
182,mic_fileid_182_doa130_3spk.wav,SepFormer-sepformer-wsj03mix,1,17.097375,130,1,speechbrain/sepformer-wsj03mix,1,4.956401823580912,,text_fileid_182_doa130_spk1.txt,0.5869565217391305,27,46,4.276630878448486,5.320276737213135,1.0436458587646484,4.262304306030273,4.9553351402282715,0.693030834197998,1.113201379776001,1.2997065782546997,0.18650519847869873,IT HAD BEEN A GREAT DAY FOR THE FAMILIES OF THE NEIGHBORING FARMERS AND THEY DROVE HOMEWARD IN THE LATE AFTERNOON FULL OF ENTHUSIASM OVER THE ROYAL MANNER IN WHICH THEY HAD BEEN ENTERTAINED AND ADMIRATION FOR THE GIRLS WHO HAD PROVIDED THE FUN AND FEASTING,The child bull has great days with the families of the neighboring farmers. And they drove home early in the late afternoon to full of enthusiasm over the world. And with faith and entertainment and admiration of the girls who have provided the finest to all that is to be heard.,0.5416773060005653,0.5543132399998285,0.38483400000041,1.4808245460008038,0.031681898888020255,0.032420955848475486,0.022508367512580733,0.08661122224907647,1
183,mic_fileid_183_doa59_3spk.wav,SepFormer-sepformer-wsj03mix,1,15.812625,59,1,speechbrain/sepformer-wsj03mix,1,1.1756275837822883,,text_fileid_183_doa59_spk1.txt,0.42857142857142855,15,35,2.0132195949554443,1.3718619346618652,-0.6413576602935791,2.002716302871704,1.1657017469406128,-0.8370145559310913,1.236790418624878,1.3187360763549805,0.08194565773010254,WHAT WAS TRUE THAT HER UNCLE MISTER WEISHAUPT'S FAMILY HAD BEEN MURDERED THAT NOT ONE MEMBER OF THE FAMILY HAD BEEN SPARED NAMELY MISTER WEISHAUPT HIMSELF AND HIS WIFE NEITHER OF THEM MUCH ABOVE SIXTY,"What was true, that her uncle, Mr. White's harsh family, had been murdered, that not one member of the family of the kitchen's family, and between them, Mr. White hopped himself and his wife, either of them much above 60.",0.46882485000060115,0.5043137560005562,0.3293417929999123,1.3024803990010696,0.02964876799396692,0.031893107943845894,0.020827774831813962,0.08236965076962677,1
184,mic_fileid_184_doa65_3spk.wav,SepFormer-sepformer-wsj03mix,1,16.533625,260,1,speechbrain/sepformer-wsj03mix,0,5.164381492476775,,text_fileid_184_doa260_spk1.txt,0.5405405405405406,20,37,5.065829277038574,5.659343719482422,0.5935144424438477,5.049030780792236,5.168848514556885,0.11981773376464844,1.1642065048217773,1.3640350103378296,0.19982850551605225,YOU MAY KNOW HIM BY A SUNKEN BROODING EYE CLOTHING MARRED BY MUCH TOBACCO AND A CHAFED AND TETCHY HUMOUR TOWARD THE HOUR OF FIVE P M HAVING BITTERLY SCHOOLED HIMSELF TO SEE MEN AS PARAGRAPHS WALKING,"You may go in by a second revolution line, floating mart or time much tobacco, and in case the tetanus is over toward the hour of 5 p.m. having bitterly schooled himself to see down his paragraphs walking.",0.5285195409996959,0.4757287049997103,0.29777902600108064,1.3020272720004868,0.03196634379936014,0.028773406013485263,0.018010510459810274,0.07875026027265568,1
185,mic_fileid_185_doa35_3spk.wav,SepFormer-sepformer-wsj03mix,1,16.185375,135,1,speechbrain/sepformer-wsj03mix,0,2.6693443496060287,,text_fileid_185_doa135_spk1.txt,0.6181818181818182,34,55,3.801381826400757,3.154303789138794,-0.6470780372619629,3.78987193107605,2.6677894592285156,-1.1220824718475342,1.260607361793518,1.4669954776763916,0.20638811588287354,YOU REMEMBER THE CUBAN LAND FRAUDS IN NEW YORK AND PORFORIO GOMEZ SHOOTING THE DETECTIVE AND HIM AND MAXIMO MOREZ GETTING CLEAR AWAY WITH TWO HUNDRED THOUSAND NO OF COURSE YOU DON'T WHY EVEN IN THE CITY PAPERS IT ONLY FILLED AN INCH OR TWO OF TYPE AND ANYWAY THE NAMES WERE HARD TO REMEMBER,"You remember Steven Nag's crime in New York, when very old go men shooting with a text with a human maxing all orange, shaking clear away with $200? Of course you do. Why even the city bankers only build an ancient group, but it's just anyway the names were hard to remember.",0.5138438900012261,0.5802978290012106,0.35088517099939054,1.4450268900018273,0.0317474195068836,0.03585322113335098,0.021679149911533746,0.08927979055176832,1
186,mic_fileid_186_doa43_3spk.wav,SepFormer-sepformer-wsj03mix,1,15.840625,169,1,speechbrain/sepformer-wsj03mix,2,3.916506098534364,,text_fileid_186_doa169_spk1.txt,1.6363636363636365,54,33,2.5746171474456787,4.849826335906982,2.2752091884613037,2.53812313079834,4.498973369598389,1.9608502388000488,1.146731972694397,1.3608430624008179,0.2141110897064209,HAD TURNED AND DANCED ABOUT ENOUGH THEY ORDERED THEIR SERVANTS TO BEAT HIM WITH STICKS TO CHANGE THE COURSE OF HIS IDEAS OTHERS HIT THE LION THAT IS THEY GAILY STOPPED A PASSENGER,"In terms of Jackson out of a thing, we're going to reserve a ticket for Johnson and Johnson. It takes the course of his idea to take the course of the course rather than take the course of the thing. That is, they gave the special passenger a ticket and more to sign the end of the move at a straight or long distance.",0.43270163600027445,0.8885358000006818,0.25775940700077626,1.5789968430017325,0.027315944667604623,0.05609221858359009,0.016272047788567452,0.09968021103976217,1
187,mic_fileid_187_doa136_3spk.wav,SepFormer-sepformer-wsj03mix,1,17.269,136,1,speechbrain/sepformer-wsj03mix,1,4.535048518888267,,text_fileid_187_doa136_spk1.txt,0.18,9,50,3.995694398880005,5.054443836212158,1.0587494373321533,3.983476161956787,4.525116920471191,0.5416407585144043,1.2127916812896729,1.2830578088760376,0.07026612758636475,HE WAS THUS AT EVERY MOMENT DURING THE DAY AND NIGHT IN FULL POSSESSION OF THE DEADLY POISON WITH WHICH HE COULD HAVE FULLY SATISFIED HIS CRAVING IT WAS A MORAL VICTORY WHEN HE FINALLY REACHED THE POINT AT WHICH HE WENT FOR SEVERAL WEEKS WITHOUT ANY DESIRE FOR MORPHINE,"He was thus at every moment during the deadly night in full possession of the deadly poison, which he could have fully satisfied his fate. That was a moral conviction, when he finally reached the point at which he lived for several weeks without any time for working.",0.5219464100009645,0.5236160820004443,0.34172129400030826,1.387283786001717,0.030224472175630585,0.030321158260492462,0.01978813446061198,0.08033376489673504,1
188,mic_fileid_188_doa42_3spk.wav,SepFormer-sepformer-wsj03mix,1,16.251125,247,1,speechbrain/sepformer-wsj03mix,2,4.682307476550054,,text_fileid_188_doa247_spk1.txt,0.475,19,40,7.034084796905518,5.3438591957092285,-1.690225601196289,7.027647018432617,4.680779457092285,-2.346867561340332,1.6810818910598755,1.725679636001587,0.044597744941711426,THE PRIEST WHO YESTERDAY EVENING DIRECTED ME TO THIS VILLAGE ANSWERED MUSO I CALLED AT HIS ANJITSU ON THE HILL YONDER HE REFUSED ME LODGING BUT TOLD ME THE WAY HERE THE LISTENERS LOOKED AT EACH OTHER AS IN ASTONISHMENT,"On priest's two yesterday evening, directed me to this village. That's her Muslim. I call that his uncle Jensu on the hill. He refused the logic and told me it would end here. The listeners looked at each other as an assumption.",0.5242268949987192,0.7515224010003294,0.2617550830000255,1.537504378999074,0.03225788337722584,0.04624433083865452,0.0161068900153082,0.09460910423118857,1
189,mic_fileid_189_doa19_3spk.wav,SepFormer-sepformer-wsj03mix,1,17.1215,308,1,speechbrain/sepformer-wsj03mix,0,4.741615941814343,,text_fileid_189_doa308_spk1.txt,0.8636363636363636,38,44,3.775062084197998,6.440307140350342,2.6652450561523438,3.7543299198150635,4.7396697998046875,0.985339879989624,1.2124260663986206,1.2057234048843384,-0.0067026615142822266,I THINK I COULD HAVE DONE IT BUT THERE WAS ONLY THE CLIFF WALL SHEER AND WHITE AGAINST THAT NARROWEST WAY WITH NEVER CRANNY TO PUT A FINGER INTO THE WIND WAS BLOWING IN FRESH PUFFS AND THOUGH I DID NOT OPEN MY EYES,"I think I spoke first. There was always a first world, a cheap and a wide-ranging split. Against that, there was rather a bit lighter cream on the cream, generally. The room was very fresh, but we were going to know it from our side.",0.5082321159989078,0.6114209669995034,0.4289834539995354,1.5486365369979467,0.029683854568753193,0.03571071267117387,0.025055249481618747,0.09044981672154581,1
190,mic_fileid_190_doa23_3spk.wav,SepFormer-sepformer-wsj03mix,1,16.736125,96,1,speechbrain/sepformer-wsj03mix,0,7.066158839331839,,text_fileid_190_doa96_spk1.txt,0.4318181818181818,19,44,5.810515880584717,7.550565242767334,1.7400493621826172,5.802502632141113,7.065107822418213,1.2626051902770996,1.1790074110031128,1.5013914108276367,0.3223839998245239,YET I CAN TEACH YOU HOW BEST TO ALLAY HER DISPLEASURE GO THEN AND VOLUNTARILY SURRENDER YOURSELF TO YOUR LADY AND SOVEREIGN AND TRY BY MODESTY AND SUBMISSION TO WIN HER FORGIVENESS AND PERHAPS HER FAVOR WILL RESTORE YOU THE HUSBAND YOU HAVE LOST,"Yet I can teach you how best to elate all slanderous, golden, and bold feelings surrounding yourself through the insolvent way, and try but modestly a submission to win her forgiveness, and perhaps her favor will restore you to the husband you have taught friendly.",0.5419096420009737,0.6138811269993312,0.3976791160002904,1.5534698850005952,0.03237963638542217,0.03668000370452128,0.023761719991950966,0.09282136008189441,1
191,mic_fileid_191_doa169_3spk.wav,SepFormer-sepformer-wsj03mix,1,16.275375,313,1,speechbrain/sepformer-wsj03mix,2,3.8728425516114733,,text_fileid_191_doa313_spk1.txt,0.05263157894736842,2,38,6.418154716491699,5.189016342163086,-1.2291383743286133,6.4085774421691895,3.868325710296631,-2.5402517318725586,1.5958850383758545,1.5052123069763184,-0.09067273139953613,I WILL GIVE YOU LETTERS TO CONDE AND RECOLLECT THAT WHATEVER GENERAL YOU TAKE SERVICE UNDER YOU WILL FOLLOW HIM WITHOUT PRETENDING TO CALCULATE HOW FAR HIS MOVEMENTS MAY BE RIGHT OR WRONG THAT IS NOT YOUR AFFAIR,"I will give you letters to conduct and I recollect that whatever general you take service under, you will follow him without pretending to calculate how far his movements may be right or wrong. That is not your affair.",0.5169241559997317,0.5258370949995879,0.2782720530012739,1.3210333040005935,0.03176112108014296,0.032308754483358314,0.0170977352596345,0.08116761082313578,1
192,mic_fileid_192_doa84_3spk.wav,SepFormer-sepformer-wsj03mix,1,17.247,344,1,speechbrain/sepformer-wsj03mix,2,1.6410296492028715,,text_fileid_192_doa344_spk1.txt,0.6382978723404256,30,47,4.411714553833008,3.864785671234131,-0.546928882598877,4.402803421020508,1.6410784721374512,-2.7617249488830566,1.193741798400879,1.2084389925003052,0.01469719409942627,BEFORE THE NEGOTIATION WAS COMPLETED IT BEGAN TO GROW A LITTLE DUSK I DID NOT HASTEN IT FOR I LIKED WELL ENOUGH TO SIT AND HEAR HER TALK I WAS AMUSED WITH THE SORT OF BUSINESS TALENT SHE DISPLAYED EDWARD COULD NOT HAVE SHOWN HIMSELF MORE PRACTICAL,"Before the negotiation of communities, if the government does, I deny it, for I'd like to work in active civil service departments. I was accused of the full commitment of the state. Edward could not have shown himself more practical.",0.5149343559987756,0.5488675010001316,0.4438877609991323,1.5076896179980395,0.029856459442150842,0.03182394045341982,0.025737099843400724,0.08741749973897138,1
193,mic_fileid_193_doa66_3spk.wav,SepFormer-sepformer-wsj03mix,1,17.10325,110,1,speechbrain/sepformer-wsj03mix,1,5.312608680811939,,text_fileid_193_doa110_spk1.txt,0.6111111111111112,33,54,5.031109809875488,5.632011890411377,0.6009020805358887,5.009453773498535,5.284862995147705,0.2754092216491699,1.305565357208252,1.3499542474746704,0.04438889026641846,AT LENGTH HE RAISED HIS STIFFENED BODY AND STOOD UP DIZZY UP THE LITTLE WOODEN STAIRS HE WENT WHERE HE HAD NEVER BEEN BEFORE TO THE SMALL SQUARE LANDING ALMOST FILLED UP WITH THE GREAT CHEST FOR OAT CAKE HE BREATHED HARD FOR A MINUTE AND THEN KNOCKED AT THE DOOR OF SYLVIA'S ROOM,"At length, you raise the two combined stood up, using a little bit of the steering wheel, where it will never end for. The small clear landing and the split up of the double-settled sport hook piece will breathe hard for a minute, and then knock through the door of Sylvia's room.",0.5402695080010744,0.7170550549999462,0.39827853399947344,1.655603097000494,0.03158870436911549,0.041925075935856995,0.023286716501218975,0.09680049680619146,1
194,mic_fileid_194_doa63_3spk.wav,SepFormer-sepformer-wsj03mix,1,17.115625,285,1,speechbrain/sepformer-wsj03mix,2,5.919927441682081,,text_fileid_194_doa285_spk1.txt,0.5365853658536586,22,41,4.5612568855285645,6.721288681030273,2.160031795501709,4.548593521118164,5.920670509338379,1.3720769882202148,1.1886365413665771,1.298084020614624,0.10944747924804688,AND JACOB WE TOOK WITH US SOME OF THE BEST ANIMALS AND MY INTENTION WAS TO PROCEED AS RAPIDLY AS POSSIBLE TO THE HOUSE OF MISTER SUTTER AND RETURN TO MEET THE PARTY WITH A SUPPLY OF PROVISIONS AND FRESH ANIMALS,Thank you. We give you the sum of the best money. Your mind and intellect proceed as rapidly as possible with the balance of the trust and return to the parties with the quiet circles and fresh animals.,0.5444081470013771,0.5231341670005349,0.2874486069995328,1.3549909210014448,0.03180766971707881,0.03056471306192645,0.016794514193874472,0.07916689697287974,1
195,mic_fileid_195_doa40_3spk.wav,SepFormer-sepformer-wsj03mix,1,16.165875,177,1,speechbrain/sepformer-wsj03mix,0,7.501315805935491,,text_fileid_195_doa177_spk1.txt,0.25,10,40,8.342517852783203,8.065872192382812,-0.2766456604003906,8.320302963256836,7.491993427276611,-0.8283095359802246,1.5663405656814575,1.809289813041687,0.2429492473602295,YOU MIGHT WANT TO THINK IT OVER BEFORE ACCEPTING AS FOR ME I PASSED A HAND OVER MY BROW WHERE BEADS OF COLD SWEAT WERE BUSY FORMING LET'S THINK THIS OVER I SAID TO MYSELF AND LET'S TAKE OUR TIME,"Do you might want to think it over before accepting it? As for me, I've passed the handle over my brow, where a beat of cold sweat would be deployment. Let's think this over, I said to myself, and let's take our time.",0.533402955999918,0.5368028379998577,0.36273553399951197,1.4329413279992878,0.03299561304290167,0.03320592532107651,0.022438348310840704,0.08863988667481888,1
196,mic_fileid_196_doa50_3spk.wav,SepFormer-sepformer-wsj03mix,1,15.86525,357,1,speechbrain/sepformer-wsj03mix,0,6.308781508603449,,text_fileid_196_doa357_spk1.txt,0.5348837209302325,23,43,3.8865091800689697,7.290991306304932,3.404482126235962,3.862565517425537,6.305785179138184,2.4432196617126465,1.2211028337478638,1.273632526397705,0.05252969264984131,BUT THEY WENT AT IT WITH THAT MIXTURE OF RECKLESSNESS AND INDUSTRY THAT LIVES WHEN YOUTH IS IN A HOUSE AND YOUTH WAS IN THAT HOUSE THAT NIGHT THOUGH NOT ALL MAY HAVE ISOLATED THE TWO FACES AND HEARTS FROM WHICH IT FLAMED,"But you must have a way with that mixture of manifestation and mystery that stems when you put in a house, and usually in a bad house, bad houses. So not having to isolate the two faces and hearts from which it's claimed.",0.45602460999907635,0.5400935639991076,0.3440351320004993,1.3401533059986832,0.028743613242720813,0.03404254984945763,0.021684822615496088,0.08447098570767453,1
197,mic_fileid_197_doa7_3spk.wav,SepFormer-sepformer-wsj03mix,1,17.188125,318,1,speechbrain/sepformer-wsj03mix,1,4.199058948039228,,text_fileid_197_doa318_spk1.txt,0.55,22,40,3.6167948246002197,4.735592842102051,1.118798017501831,3.603029727935791,4.219254493713379,0.6162247657775879,1.2471232414245605,1.6187498569488525,0.371626615524292,BEING A STRONG AND VIGOROUS VILLAIN HOWEVER HE CLUNG TENACIOUSLY TO HIS OAR AND EVEN UNBUCKLING HIS LEATHER BELT PASSED IT ROUND THE SLIP OF WOOD THAT WAS HIS SALVATION GIRDING HIMSELF TO IT AS FIRMLY AS HE WAS ABLE,"Being as strong and vigorous as well as however, blood-tonation fleets with his oar, and even his bubblish with leather belts, has it grown in the sleep of wood that woods his dalmatians, breeding himself to it and strongly as he is able.",0.5574236080010451,0.7513891189992137,0.2717425290011306,1.5805552560013894,0.032430739711344025,0.04371559544739253,0.015809899509174538,0.0919562346679111,1
198,mic_fileid_198_doa5_3spk.wav,SepFormer-sepformer-wsj03mix,1,16.57175,109,1,speechbrain/sepformer-wsj03mix,0,6.821866312283391,,text_fileid_198_doa109_spk1.txt,0.1388888888888889,5,36,3.0047848224639893,7.505621910095215,4.500837087631226,2.987198829650879,6.812960624694824,3.8257617950439453,1.1493959426879883,1.5918879508972168,0.4424920082092285,GENERAL WHEELER GUIDED BY THE CUBANS RECONNOITRED THIS TRAIL ON THE TWENTY THIRD OF JUNE AND WITH THE POSITION OF THE ENEMY FULLY EXPLAINED TO HIM RETURNED TO SIBONEY AND INFORMED GENERAL YOUNG AND COLONEL WOOD,"General Wheeler, guided by the Cubans, rekindled this trail from the 23rd of June, and with the position of the enemy fully explained to him, returned to Cibone and informed General Young and Colonel Wood.",0.5405518870011292,0.5768759870006761,0.43188040200038813,1.5493082760021935,0.032618877728732884,0.03481080676456476,0.02606124289832927,0.09349092739162691,1
199,mic_fileid_199_doa56_3spk.wav,SepFormer-sepformer-wsj03mix,1,17.348875,56,1,speechbrain/sepformer-wsj03mix,0,3.5982887020624146,,text_fileid_199_doa56_spk1.txt,1.0,37,37,3.4973795413970947,3.888753890991211,0.3913743495941162,3.474774122238159,3.5977978706359863,0.12302374839782715,1.238616704940796,1.2114996910095215,-0.027117013931274414,HE NEVER HESITATED ABOUT PLACING IT ON A BLACK KEY WHEN CONVENIENT AND HAD IT PASSED BY MUSCLE ACTION ALONE IN SCALES AND BROKEN CHORDS WHOSE ZEALOUS PRACTICE IN DIFFERENT FORMS OF TOUCH ACCENT RHYTHM AND TONE,muss,0.5474141530012275,3.0815482699999848,0.3860749510004098,4.015037374001622,0.03155329397446391,0.17762236859738656,0.02225360151597206,0.23142926408782252,1
200,mic_fileid_200_doa103_3spk.wav,SepFormer-sepformer-wsj03mix,1,17.266,228,1,speechbrain/sepformer-wsj03mix,0,1.2211237298017041,,text_fileid_200_doa228_spk1.txt,0.13043478260869565,6,46,2.9683661460876465,2.5794124603271484,-0.38895368576049805,2.9545114040374756,1.3258026838302612,-1.6287087202072144,1.431366205215454,1.3072069883346558,-0.12415921688079834,AND MERELY WHISPERED AS HE GAVE HER THE PARTING LIFT DON'T TELL THE ONLY ANSWER THE PRINCESS RETURNED WAS A ROGUISH LOOK SHE WAS ALREADY A YARD ABOVE HIS HEAD THE LOOK SEEMED TO SAY NEVER FEAR IT IS TOO GOOD FUN TO SPOIL THAT WAY,"And merely whispered as he gave her the parting list, Don't tell! The only answer, Princess returned with a roguish look. She was already a yard mother to his head. The looks seemed to say, never fear, It is too good fun to spoil that way.",0.5245001669991325,0.7552372129994183,0.49686126099913963,1.7765986409976904,0.03037763042969608,0.0437412957835873,0.028776859782181148,0.10289578599546453,1
201,mic_fileid_201_doa27_3spk.wav,SepFormer-sepformer-wsj03mix,1,15.931625,27,1,speechbrain/sepformer-wsj03mix,0,2.4665015814267828,,text_fileid_201_doa27_spk1.txt,0.08823529411764706,3,34,5.079594612121582,4.003854274749756,-1.0757403373718262,5.068391799926758,2.4663681983947754,-2.6020236015319824,1.2257747650146484,1.338256597518921,0.11248183250427246,HOLLAND ALONE CONTAINED EIGHTEEN CITIES EACH OF WHICH WAS FOR MANY PURPOSES AN INDEPENDENT STATE JEALOUS OF ALL INTERFERENCE FROM WITHOUT IF THE RULERS OF SUCH A CITY RECEIVED FROM THE HAGUE AN ORDER,"Holland alone contains 18 cities, each of which was, for many purposes, an independent state jealous of all interference from without. If the rulers of such a city receive from the Hague an order.",0.5284710850010015,0.503727813000296,0.2893852880006307,1.3215841860019282,0.033171197853389185,0.03161810631371853,0.018164204090959375,0.08295350825806709,1
202,mic_fileid_202_doa79_3spk.wav,SepFormer-sepformer-wsj03mix,1,11.3505,293,1,speechbrain/sepformer-wsj03mix,0,5.431257980649928,,text_fileid_202_doa293_spk1.txt,0.2727272727272727,6,22,5.781859874725342,6.825189113616943,1.0433292388916016,5.7613983154296875,5.497135162353516,-0.2642631530761719,1.3669347763061523,1.3483390808105469,-0.01859569549560547,WHAT KIND OF AN ACCIDENT WAS IT REDCOAT AND HOW DID IT HAPPEN HE ASKED BROADWING THE HAWK TRIED TO CATCH ME,What kind of an accident was it Red Cross? And how did it happen? Yeah. A winged hawk tried to catch me.,0.3024486850008543,0.39256954600023164,0.24819613399995433,0.9432143650010403,0.02664628738829605,0.034586101581448536,0.021866537509356798,0.08309892647910139,1
203,mic_fileid_203_doa25_3spk.wav,SepFormer-sepformer-wsj03mix,1,16.812,88,1,speechbrain/sepformer-wsj03mix,0,3.6313588836188915,,text_fileid_203_doa88_spk1.txt,0.4864864864864865,18,37,5.7316694259643555,4.355636119842529,-1.3760333061218262,5.707819938659668,3.629843235015869,-2.077976703643799,1.519679069519043,1.4604588747024536,-0.059220194816589355,HE WAS READY TO SERVE HIS GUESTS BEFORE HE FORWARDED HIS OWN WIRELESS NOTES JUST TELL MY WIFE THAT I'M ENJOYING MYSELF REQUESTED MISTER DAMON BLESS MY FOOTSTOOL BUT THIS IS GREAT WE'RE OFF THE EARTH YET,"He was ready to serve his guest, none before he forwarded his own wireless notes. And yet, for what you have just tell my wife that I'm enjoying myself, requesting Mr. Damon, glad my was to work. This is the chance for off the earth guest.",0.5290933129999758,0.7711135889985599,0.44939626099949237,1.749603162998028,0.03147117017606327,0.045866856352519615,0.02673068409466407,0.10406871062324696,1
204,mic_fileid_204_doa190_3spk.wav,SepFormer-sepformer-wsj03mix,1,16.302375,190,1,speechbrain/sepformer-wsj03mix,0,5.988432551114355,,text_fileid_204_doa190_spk1.txt,0.02702702702702703,1,37,4.617622375488281,6.969581127166748,2.351958751678467,4.592435836791992,5.991466045379639,1.3990302085876465,1.216779112815857,1.4240490198135376,0.20726990699768066,HE WORE A BLOUSE AND UNDER HIS BLOUSE AN OLD BLACK COAT HE MADE PRETENSIONS TO LITERATURE AND TO MATERIALISM THERE WERE CERTAIN NAMES WHICH HE OFTEN PRONOUNCED TO SUPPORT WHATEVER THINGS HE MIGHT BE SAYING VOLTAIRE,He wore a blouse and under his blouse an old black coat. He made pretensions to literature and to materialism. There were certain names which he often pronounced to support whatever things he must be saying. Voltaire.,0.5261360370004695,0.7284153690015955,0.30973292700036836,1.5642843330024334,0.032273582039455566,0.0446815490995389,0.018999251765486214,0.09595438290448069,1
205,mic_fileid_205_doa68_3spk.wav,SepFormer-sepformer-wsj03mix,1,18.043125,262,1,speechbrain/sepformer-wsj03mix,2,3.870067671376747,,text_fileid_205_doa262_spk1.txt,0.723404255319149,34,47,3.78950834274292,4.1000776290893555,0.31056928634643555,3.781161069869995,3.8673794269561768,0.08621835708618164,1.1462063789367676,1.2290184497833252,0.08281207084655762,CAME VERY NEAR ENDING AS A COMPLETE CYNIC THOUGH IN WHAT F P A WOULD CALL HIS LASTLINE HE MANAGED TO WRIGGLE INTO A MORE HOPEFUL MOOD THE FIRST VALUABLE DISCOVERY THAT THE COLYUMIST IS LIKELY TO MAKE IS THAT ALL MINDS ARE VERY MUCH THE SAME,"It came during the year and was at the end of the year. So in what FDA would call it last line, we managed to wriggle it into a loop of the news. The first valuing discovery that's all in life is like it has. It's that all minds are very much the same.",0.5683546449999994,1.0689822580006876,0.4641698430004908,2.101506746001178,0.0314997898091378,0.059245959776961454,0.025725579299621923,0.11647132888572118,1
206,mic_fileid_206_doa56_3spk.wav,SepFormer-sepformer-wsj03mix,1,16.533875,56,1,speechbrain/sepformer-wsj03mix,0,5.301226738409966,,text_fileid_206_doa56_spk1.txt,0.3333333333333333,13,39,4.16080379486084,6.187779903411865,2.0269761085510254,4.148870944976807,5.371984481811523,1.2231135368347168,1.2804919481277466,1.424739956855774,0.14424800872802734,IN THE MONTH OF APRIL EIGHTEEN FORTY NINE ROME AS YOU ARE NO DOUBT AWARE WAS PLACED IN A STATE OF SIEGE BY THE APPROACH OF THE FRENCH ARMY IT WAS FILLED AT THAT TIME WITH EXILES AND FUGITIVES,"In the month of April, 1849, Rome, as you are now down to where, was placed in the state of Egypt by the approach of the French army, which was filled at that time with exiled institutions.",0.5310434460006945,0.6695931369995378,0.3518722360004176,1.55250881900065,0.03211851099640554,0.040498258091314826,0.021281897679788775,0.09389866676750913,1
207,mic_fileid_207_doa138_3spk.wav,SepFormer-sepformer-wsj03mix,1,16.808125,204,1,speechbrain/sepformer-wsj03mix,0,3.7104135640447304,,text_fileid_207_doa204_spk1.txt,0.10256410256410256,4,39,4.839642524719238,5.54331111907959,0.7036685943603516,4.825290679931641,3.70300030708313,-1.1222903728485107,1.18806791305542,1.2806522846221924,0.09258437156677246,I AM SURE I HAVE NOT MET ONE AND REALLY DO NOT KNOW OF ONE THE PRESS IS RESPONSIBLE FOR MANY POPULAR ERRORS WHENEVER AN INDIAN INDULGES IN ANY NOTORIOUS MISBEHAVIOR HE IS WIDELY HERALDED AS A CARLISLE GRADUATE,"I am sure I am not a minister and really do not know of one. The press is responsible for many popular terms. Whenever an Indian indulges in any notorious misbehavior, he is widely heralded as a Carlisle graduate.",0.5322786519991496,0.6964908850004576,0.4134202250006638,1.642189762000271,0.03166793750041421,0.041437750195245315,0.024596451121149072,0.0977021388168086,1
208,mic_fileid_208_doa73_3spk.wav,SepFormer-sepformer-wsj03mix,1,16.723375,276,1,speechbrain/sepformer-wsj03mix,0,0.5650547987378371,,text_fileid_208_doa276_spk1.txt,0.375,15,40,5.319349765777588,2.6714086532592773,-2.6479411125183105,5.303900241851807,0.5636780858039856,-4.740222156047821,1.252082109451294,1.1760286092758179,-0.07605350017547607,AROUND MANY OF THEM GREW CLUSTERS OF STRANGE AND COLORFUL SEAWEEDS THAT WAVED THEIR BANNERS GENTLY AS THOUGH SOME IMPERCEPTIBLE CURRENT DALLIED WITH THEM IN PASSING HERE AND THERE FIGURES MOVED SLIM WHITE FIGURES THAT STROLLED ALONG THE NARROW STREET,"Around many of them, requesters of strange and colorful snakes that wait their fans until generally, as though some imperceptible curled the alley with them in path. Here and there, figures move, while flint white figures that stroll along the narrow street.",0.5626408560001437,0.7717505840009835,0.4452806610006519,1.779672101001779,0.033643977725796595,0.04614801641420966,0.02662624386528747,0.10641823800529372,1
209,mic_fileid_209_doa17_3spk.wav,SepFormer-sepformer-wsj03mix,1,16.038375,82,1,speechbrain/sepformer-wsj03mix,1,3.7959702716108943,,text_fileid_209_doa82_spk1.txt,0.17647058823529413,6,34,4.955264091491699,4.573156833648682,-0.3821072578430176,4.936166286468506,3.793734073638916,-1.1424322128295898,1.3272008895874023,1.4750921726226807,0.14789128303527832,UNDOUBTEDLY IT WAS WAS HE NOT AN EMIGRANT THEN WHAT DID HE CALL HIMSELF NOT AN EMIGRANT HE HOPED WITHIN THE SENSE AND SPIRIT OF THE LAW WHY NOT THE PRESIDENT DESIRED TO KNOW,"Untouchably it was. Was he not an immigrant then? What did he call himself? Not an immigrant's self, within the sense and spirit of the law. Why not the president desire to know?",0.5171200209988456,0.6542815650009288,0.3217610430001514,1.4931626289999258,0.03224266928531386,0.04079475414441481,0.02006194785944034,0.09309937128916901,1
210,mic_fileid_210_doa278_3spk.wav,SepFormer-sepformer-wsj03mix,1,17.54375,312,1,speechbrain/sepformer-wsj03mix,0,4.7217933454402115,,text_fileid_210_doa312_spk1.txt,0.8214285714285714,23,28,3.817225694656372,5.574848175048828,1.757622480392456,3.80717396736145,4.935554027557373,1.1283800601959229,1.301007866859436,1.437450885772705,0.13644301891326904,HONESTY GRANTING THAT IT IS THE VIRTUE OF WHICH WE CANNOT RID OURSELVES WE FREE SPIRITS WELL WE WILL LABOUR AT IT WITH ALL OUR PERVERSITY AND LOVE,"Honestly, running tables for virtual virtual can't admit ourselves to human experience. Well, little labor at it, and all are perversely done and done.",0.5554941319987847,0.3607629439993616,0.3060350870000548,1.222292162998201,0.03166336341995211,0.02056361633056568,0.01744410898468428,0.06967108873520206,1
211,mic_fileid_211_doa55_3spk.wav,SepFormer-sepformer-wsj03mix,1,16.946375,55,1,speechbrain/sepformer-wsj03mix,0,5.531323480648074,,text_fileid_211_doa55_spk1.txt,0.95,38,40,4.10704231262207,6.210764408111572,2.103722095489502,4.093926429748535,5.526795387268066,1.4328689575195312,1.1836555004119873,1.1744732856750488,-0.009182214736938477,OR WHICH THEY REGARDED AS SOME SET OFF AGAINST THEIR SWOLLEN ACCOUNT OF CRUEL RAGE NO MAN CAN DECIDE NOW TO WHICH OF THESE MOTIVES SUCH EXTRAORDINARY SCENES WERE REFERABLE IT IS PROBABLE TO A BLENDING OF ALL THE THREE,"The old one's bigger car is a similar car. There's only a count of cool waves. No man can define a microphone to which it is noted that the trainer may have to give you the referral. It is probable on the show, Blending Call 3.",0.5461713230015448,0.6597864520008443,0.3721653390002757,1.5781231140026648,0.03222938964831976,0.03893378094140158,0.021961353917889562,0.09312452450761091,1
212,mic_fileid_212_doa75_3spk.wav,SepFormer-sepformer-wsj03mix,1,17.354375,293,1,speechbrain/sepformer-wsj03mix,0,4.4750095974627495,,text_fileid_212_doa293_spk1.txt,0.21621621621621623,8,37,3.189957857131958,5.207340717315674,2.017382860183716,3.1557023525238037,4.472648620605469,1.316946268081665,1.3957293033599854,1.5834168195724487,0.18768751621246338,GOD DID NOT MIND THEM AND THAT WAS A VERY COMFORTING REFLECTION FOR POOR WEAK PEOPLE LIKE HIMSELF TO GO ON TRYING WAS POSSIBLE EVEN FOR HIM ALTHOUGH HE KNEW HE COULD NOT ALWAYS PROMISE HIMSELF SUCCESS,"God is not blind to him, and that was a very comforting reflection for poor weak people like himself. The go on pride was possible even for him, although he knew he could not hold his promise himself success.",0.5478963799996563,0.4690829780010972,0.395530076999421,1.4125094350001746,0.03157108106743437,0.027029667043676143,0.022791375488856326,0.08139212359996684,1
213,mic_fileid_213_doa78_3spk.wav,SepFormer-sepformer-wsj03mix,1,16.950375,181,1,speechbrain/sepformer-wsj03mix,2,2.7456991972370903,,text_fileid_213_doa181_spk1.txt,1.2820512820512822,50,39,3.747441053390503,3.336322546005249,-0.4111185073852539,3.736482620239258,2.7422473430633545,-0.9942352771759033,1.1721863746643066,1.1900714635849,0.01788508892059326,I HAD COME TO SEE YOU WITH THE HOPE THAT YOU WOULD LET ME BRING YOU OVER TO MY CONVICTION MY REASONS FOR ENTERTAINING THIS HOPE HAD BEEN OF THE BEST BUT YOU DISAPPOINTED IT I FOUND YOU CHANGED,"I have written this to you with the hope that you would let the person who wrote this open to my conviction. The old man, for me, is motionless. He felt that we should have written this for him. And he did not proceed to the touch. It has been a fact. But he did the reason. The found the reason which he did not come ahead.",0.5481911959996069,0.8899754399990343,0.4465210369999113,1.8846876729985524,0.032340947973104245,0.05250476405383563,0.026342841205572815,0.11118855323251269,1
214,mic_fileid_214_doa74_3spk.wav,SepFormer-sepformer-wsj03mix,1,16.985,74,1,speechbrain/sepformer-wsj03mix,2,4.234472254507207,,text_fileid_214_doa74_spk1.txt,0.5813953488372093,25,43,3.998041868209839,4.697636604309082,0.6995947360992432,3.9813623428344727,4.215508460998535,0.2341461181640625,1.2412300109863281,1.3327101469039917,0.09148013591766357,IN THE FIRST SENTIMENT OF KINDNESS ANTICIPATES ALREADY A BENEVOLENCE WHICH SHALL LOSE ALL PARTICULAR REGARDS IN ITS GENERAL LIGHT THE INTRODUCTION TO THIS FELICITY IS IN A PRIVATE AND TENDER RELATION OF ONE TO ONE WHICH IS THE ENCHANTMENT OF HUMAN LIFE,In the third installment of kindness anticipates already a benevolence which will lose all the printing power regardless of its general amount of energy. The introduction to this on the dean is an appraising and emulation of one to one who is with the purchasing of channels for human minds.,0.565391501000704,0.7066840619991126,0.4309892569999647,1.7030648199997813,0.03328769508393901,0.041606362201890644,0.02537469867529966,0.10026875596112932,1
215,mic_fileid_215_doa77_3spk.wav,SepFormer-sepformer-wsj03mix,1,15.942625,169,1,speechbrain/sepformer-wsj03mix,2,7.133273487456116,,text_fileid_215_doa169_spk1.txt,0.18421052631578946,7,38,6.299999713897705,8.493806838989258,2.1938071250915527,6.290002822875977,7.1222944259643555,0.8322916030883789,1.2865018844604492,1.5654983520507812,0.27899646759033203,AND LIGHTLY HE TOOK HIS HORSE WITH THE SPURS AND DEPARTED AS FAST AS HE MIGHT AND WHEN SIR MALEAGANS SAW HIM SO FLEE HE UNDERSTOOD THAT IT WAS BY THE QUEEN'S COMMANDMENT FOR TO WARN SIR LAUNCELOT,"And lightly, he told his words with the spurs, and departed fast as he went. And when Sir Maligan saw him so flee, he understood that it was by the Queen's commandment for to warn Phil Anselot.",0.5171864139992977,0.5038428739990195,0.31311254699903657,1.3341418349973537,0.032440480410176976,0.03160350782879354,0.019639961863183546,0.08368395010215406,1
216,mic_fileid_216_doa82_3spk.wav,SepFormer-sepformer-wsj03mix,1,16.788,334,1,speechbrain/sepformer-wsj03mix,2,3.4061476658949106,,text_fileid_216_doa334_spk1.txt,0.16666666666666666,8,48,5.681037425994873,5.935083866119385,0.2540464401245117,5.664360046386719,3.39787220954895,-2.2664878368377686,1.165594458580017,1.1591421365737915,-0.006452322006225586,WHAT WOULD THEY SAY IN HEREFORDSHIRE I DON'T KNOW WHY THEY SHOULD SAY ANYTHING BUT IF THEY DID I SHOULDN'T MUCH CARE I SHOULD MY DEAR I SHOULD CARE VERY MUCH ONE IS BOUND TO THINK OF ONE'S FAMILY SUPPOSE IT SHOULD TURN OUT AFTERWARDS THAT HE WAS,"What would they say in preferred shirts? I don't know why they should say anything, but if they did, I shouldn't have cared. I should, my dear. I should care very much. One is best to think of one's family. Supposed she'd turn out afterwards that he was...",0.5087039650006773,0.6222851179991267,0.3954697320004925,1.5264588150002965,0.030301641946668886,0.037067257445742595,0.023556691208035056,0.09092559060044654,1
217,mic_fileid_217_doa95_3spk.wav,SepFormer-sepformer-wsj03mix,1,16.736,285,1,speechbrain/sepformer-wsj03mix,2,3.7187318040487427,,text_fileid_217_doa285_spk1.txt,0.1388888888888889,5,36,4.062122344970703,4.944762229919434,0.8826398849487305,4.0512375831604,3.7600622177124023,-0.29117536544799805,1.2126604318618774,1.2514476776123047,0.038787245750427246,WENT INTO THE HUT AND SQUATTING DOWN BY THE FIRE BEGAN TO WARM ITSELF AND THE PRIEST WITH RENEWED FERVOUR RECITED HIS PRAYERS AND STRUCK HIS BELL BEFORE THE IMAGE OF BUDDHA LOOKING STRAIGHT BEFORE HIM,"Went into the hut and squawking down by the fire began to warm itself, and the priest with renewed furbours recited his prayers and struck his bed before the image of Buddha looking straight before his eyes.",0.5339251920013339,0.40267720299925713,0.31266963000052783,1.249272025001119,0.03190279588918104,0.024060540332173586,0.018682458771542055,0.07464579499289668,1
218,mic_fileid_218_doa157_3spk.wav,SepFormer-sepformer-wsj03mix,1,15.4425,157,1,speechbrain/sepformer-wsj03mix,0,4.323209611529558,,text_fileid_218_doa157_spk1.txt,0.3076923076923077,12,39,5.044276237487793,5.536981582641602,0.4927053451538086,5.016092300415039,4.321691513061523,-0.6944007873535156,1.4520350694656372,1.5576456785202026,0.10561060905456543,AND IT TOOK ONLY A FEW MINUTES EVERY TWELVE HOURS I HAD A MOMENT WITH CARTER IN THE ISOLATION OF HIS CHART ROOM THIS VOYAGE GREGG I'M GETTING LIKE YOU TOO FANCIFUL WE'VE A NORMAL GROUP OF PASSENGERS APPARENTLY,And it took only a few minutes every 12 hours. I had the moment with Carter in the isolation of Charles. This voyage of gratin and getting like you're too fenceful with normal group of passengers apparently.,0.469497247999243,0.4242983229996753,0.267912384999363,1.1617079559982812,0.030402930095466598,0.027476012497955334,0.01734902930220903,0.07522797189563096,1
219,mic_fileid_219_doa56_3spk.wav,SepFormer-sepformer-wsj03mix,1,15.801625,56,1,speechbrain/sepformer-wsj03mix,1,5.943265729293441,,text_fileid_219_doa56_spk1.txt,0.6060606060606061,20,33,5.943243503570557,7.106584548950195,1.1633410453796387,5.923008918762207,5.942130088806152,0.019121170043945312,1.1648845672607422,1.2484462261199951,0.08356165885925293,THEY WERE SAD AND DOWNHEARTED IN ALL THAT MISERY THE POOR ATTORNEY HAD THE WORST OF IT MARY WAS FREE FROM HER STEPMOTHER'S ZEAL AND HER STEPMOTHER'S PERSECUTION AT ANY RATE AT NIGHT,"In all that misery, for a term and a half were worse to test, Mary was free from her death mother's guilt and death mother's persecution at any rate at night.",0.46414952499981155,0.39078686100037885,0.34233067099921755,1.197267056999408,0.029373531203266218,0.02473080211689487,0.02166427003546898,0.07576860335563007,1
220,mic_fileid_220_doa23_3spk.wav,SepFormer-sepformer-wsj03mix,1,16.75725,237,1,speechbrain/sepformer-wsj03mix,0,6.4248069718773095,,text_fileid_220_doa237_spk1.txt,0.3333333333333333,10,30,5.375149726867676,7.189892768859863,1.8147430419921875,5.347831726074219,6.422201156616211,1.0743694305419922,1.737616777420044,2.199188709259033,0.46157193183898926,BUT TELL ME ALL ABOUT IT WHY DO YOU WISH TO KNOW ASKED CAVALCANTI WHAT DO YOU AGAIN DEFY ME NO THE FACT IS I HAVE FOUND MY FATHER WHAT,"But tell me all about it. I quite wish to go. Ask Abel Ganti. What? Do you again have to find me? No. The fact is, I have found my father. What?",0.5467415740004071,0.6647295919992757,0.37236877100076526,1.5838399370004481,0.0326271657939344,0.03966817896726944,0.022221353205374706,0.09451669796657854,1
221,mic_fileid_221_doa91_3spk.wav,SepFormer-sepformer-wsj03mix,1,15.62125,220,1,speechbrain/sepformer-wsj03mix,0,4.663797792896296,,text_fileid_221_doa220_spk1.txt,0.30952380952380953,13,42,4.382192134857178,6.018670082092285,1.6364779472351074,4.365869045257568,4.661089897155762,0.29522085189819336,1.3892664909362793,1.3755370378494263,-0.013729453086853027,IT WAS BUT A LITTLE HELP THAT HE HAD TO MAKE OTHER THINGS OF THIS EARTH NOTHING CAN BE NEARER NOTHING THAN THIS EARTH AND YET HOW LITTLE OF THIS EARTH IS THE GREATEST MAN HE THINKS HE TREADS UPON THE EARTH,"It was worth all his help that he had. To make other things a preserve, nothing can be nearer to nothing in this earth. You get how little of this world is for greatest matters. He thinks he treads upon the earth.",0.46725389800121775,0.5023150340002758,0.33005895799942664,1.2996278900009202,0.0299114282148495,0.03215587958711856,0.021128844234579603,0.08319615203654766,1
222,mic_fileid_222_doa144_3spk.wav,SepFormer-sepformer-wsj03mix,1,16.932875,144,1,speechbrain/sepformer-wsj03mix,1,4.176635230230885,,text_fileid_222_doa144_spk1.txt,0.3076923076923077,12,39,4.556301593780518,4.8113603591918945,0.25505876541137695,4.541638374328613,4.169281959533691,-0.3723564147949219,1.1947392225265503,1.2554261684417725,0.06068694591522217,YOU HAVE ASSASSINATED WELL I SHOULD SAY IF YOU HAD ME TAKEN TO A PRIVATE ROOM ONLY TO TELL ME THIS YOU MIGHT HAVE SAVED YOURSELF THE TROUBLE I KNOW ALL THESE THINGS BUT THERE ARE SOME WITH WHICH,"You have a fascinator. Well, I should say, if you tried me taken to a private room only with a young existence, you might have sold yourself to Trudy. I know all these things, but there are some with rich things.",0.5163489909991767,0.6225999950002006,0.33242275699922175,1.471371742998599,0.03049387602513907,0.03676871145627666,0.019631796549565372,0.0868943840309811,1
223,mic_fileid_223_doa16_3spk.wav,SepFormer-sepformer-wsj03mix,1,17.741,137,1,speechbrain/sepformer-wsj03mix,2,7.420582082618612,,text_fileid_223_doa137_spk1.txt,0.42105263157894735,16,38,5.869622707366943,8.014867782592773,2.14524507522583,5.860723495483398,7.395393371582031,1.5346698760986328,1.276724100112915,1.5093963146209717,0.23267221450805664,AND SELDOM FAIL RADICALLY TO ALTER THE ENTIRE MORAL CONSTITUTION OF THOSE WHO ARE THEIR OBJECTS IT APPEARS THAT ABOUT ONE HUNDRED YEARS PRIOR TO MISTER ELLISON'S ATTAINMENT OF HIS MAJORITY THERE HAD DIED IN A REMOTE PROVINCE,"and some of them felt radically entitled to the entire world competition of those who are their occupants. It appears that about 100 years prior to Mr. Ellison's tenure as a majority, there had died in that remote province.",0.575509835000048,0.5286324899989268,0.45309315600025,1.5572354809992248,0.032439537511980615,0.029797220562478258,0.025539324502578772,0.08777608257703765,1
224,mic_fileid_224_doa124_3spk.wav,SepFormer-sepformer-wsj03mix,1,17.403375,124,1,speechbrain/sepformer-wsj03mix,0,4.013565359743162,,text_fileid_224_doa124_spk1.txt,0.3673469387755102,18,49,6.0494537353515625,5.995468616485596,-0.0539851188659668,6.0371928215026855,4.012767791748047,-2.0244250297546387,1.4679300785064697,1.4097398519515991,-0.058190226554870605,THEY WENT TO THE VAULTS AND ENGAGED A PRIVATE ROOM WHERE BREAKFAST WAS SERVED TO THEM HAS MY HAIR TURNED GREY ASKED REHNHJELM PASSING HIS HAND OVER HIS HAIR WHICH WAS DAMP AND CLUNG CLOSELY TO HIS SKULL NO OLD MAN THAT DOESN'T OFTEN HAPPEN EVEN I'M NOT GREY,"They went to the vaults and engaged the front rooms where crackers were served to them. Has my virtual grave? As I know, there's a hand over his hair, which was damp and clung closely to his skull. No old man, that doesn't look like it happened, even when I'm not ready.",0.5603018989986595,0.6158643290000327,0.4190587590001087,1.5952249869988009,0.03219501384062916,0.035387637685220984,0.024079166196218187,0.09166181772206833,1
225,mic_fileid_225_doa14_3spk.wav,SepFormer-sepformer-wsj03mix,1,14.81375,129,1,speechbrain/sepformer-wsj03mix,2,3.27486919927735,,text_fileid_225_doa129_spk1.txt,0.9459459459459459,35,37,3.0133860111236572,3.582606315612793,0.5692203044891357,2.9948925971984863,3.323768138885498,0.3288755416870117,1.0946035385131836,1.1394619941711426,0.044858455657958984,TO WHOM HE MADE KNOWN FULLY THE CHARACTER OF THE PLACE AND PEOPLE WHENCE HE HAD FLED THE DANGERS HE WAS EXPOSED TO FROM SLAVE HUNTERS AND THE STRONG HOPE HE CHERISHED OF REACHING FREE LAND SOON,The fla chilly maintenance options portray if underneathате this opportunity.... supplier and flavours without part,0.4363514409997151,3.8770752620002895,0.3098182560006535,4.623244959000658,0.029455839405938072,0.26172139141002715,0.020914235490720006,0.3120914663066852,1
226,mic_fileid_226_doa127_3spk.wav,SepFormer-sepformer-wsj03mix,1,16.686,292,1,speechbrain/sepformer-wsj03mix,2,4.8155170365266455,,text_fileid_226_doa292_spk1.txt,0.62,31,50,4.869105815887451,5.2190470695495605,0.3499412536621094,4.858388423919678,4.815295219421387,-0.043093204498291016,1.4404159784317017,1.4771428108215332,0.03672683238983154,THE STATEMENT THAT HIS OLD FRIEND HAD BECOME A LORD AND WAS IN DANGER OF BEING AN EARL IF HE LIVED LONG ENOUGH CAUSED DICK TO SO OPEN HIS EYES AND MOUTH AND START THAT HIS CAP FELL OFF WHEN HE PICKED IT UP HE UTTERED A RATHER SINGULAR EXCLAMATION,"The statement has felt threatened to become a warning and was in danger of being a burrow of the initial, and it has caused states to self-open their eyes and mouth and start that it's captain's order. When you take it out, you are ordered to wrap a singular exclamation.",0.5145824850005738,0.5774121119993652,0.37216558799991617,1.4641601849998551,0.03083917565627315,0.03460458540089687,0.022304062567416766,0.08774782362458679,1
227,mic_fileid_227_doa143_3spk.wav,SepFormer-sepformer-wsj03mix,1,15.74475,143,1,speechbrain/sepformer-wsj03mix,2,4.822686403246454,,text_fileid_227_doa143_spk1.txt,0.35714285714285715,10,28,5.504482269287109,6.103217601776123,0.5987353324890137,5.479164123535156,5.896816253662109,0.4176521301269531,1.4469304084777832,1.598246455192566,0.15131604671478271,AND FOR THAT VERY REASON I QUITE CONTENTEDLY OCCUPIED THE LOWEST IN REALITY EITHER TO BE A HERO OR TO GROVEL IN THE MUD THERE WAS NOTHING BETWEEN,"And for that very reason, I quite contentedly occupied the low-density reality. Either to be adherent or to the wrong one as well. There was nothing between them.",0.4743386130012368,0.4111877399991499,0.2850410489991191,1.1705674019995058,0.030126779593276285,0.026115863382978447,0.018103879007232194,0.07434652198348693,1
228,mic_fileid_228_doa105_3spk.wav,SepFormer-sepformer-wsj03mix,1,15.55775,300,1,speechbrain/sepformer-wsj03mix,0,5.325851354426757,,text_fileid_228_doa300_spk1.txt,0.30952380952380953,13,42,6.340141773223877,6.037347316741943,-0.3027944564819336,6.326892375946045,5.488049507141113,-0.8388428688049316,1.5621154308319092,1.6036649942398071,0.04154956340789795,DOCTOR SITGREAVES DOES NOT MEAN A RIG'LAR SOLDIER BUT A REGULAR PHYSICIAN MADAM SAID THE TROOPER OH CRIED THE MAIDEN AGAIN CORRECTING HERSELF FOR THE BEST OF ALL REASONS THERE WAS NONE TO BE HAD SO I TOOK CARE OF HIM MYSELF,"Dr. Sidreeze does not mean a regular soldier, but a regular physician, Madame, said the trooper. Oh, Craig, the meaning, again, correct me yourself. For the best of all reasons, it was not to be had, so I took care of him myself. Thank you.",0.4672295470008976,0.6630521649985894,0.25135067100018205,1.381632382999669,0.030031948514463697,0.04261876974489174,0.01615597827450512,0.08880669653386056,1
229,mic_fileid_229_doa100_3spk.wav,SepFormer-sepformer-wsj03mix,1,16.725625,100,1,speechbrain/sepformer-wsj03mix,1,4.3687911221696645,,text_fileid_229_doa100_spk1.txt,0.8,28,35,4.04482364654541,6.3706488609313965,2.3258252143859863,4.024997711181641,4.3697614669799805,0.34476375579833984,1.1417193412780762,1.2392182350158691,0.09749889373779297,AGAINST THE EMPEROR FERDINAND HITHERTO THE MOST FORTUNATE MONARCH OF HIS AGE WHO HAD SUBDUED AND ASTONISHED GERMANY BY THE RAPIDITY OF HIS VICTORIES DEEP IMPRESSIONS THEY SAW MUST BE MADE BY THE ENGLISH SWORD,Phhagisthici empire XI oath hitherto the most foot monitors Zhu's age joined civilians and紹 넣 PHIL status Germany by fittedchnitt consent. A feature precious Marie must be made by the English start. But apart from this.,0.5355036849996395,5.37790706099986,0.3244745080010034,6.237885254000503,0.03201696110008681,0.3215369865700002,0.019399843533560234,0.37295379120364724,1
230,mic_fileid_230_doa73_3spk.wav,SepFormer-sepformer-wsj03mix,1,16.50125,73,1,speechbrain/sepformer-wsj03mix,0,5.11433521066318,,text_fileid_230_doa73_spk1.txt,0.14583333333333334,7,48,3.221552848815918,6.192084789276123,2.970531940460205,3.208112955093384,5.132059574127197,1.9239466190338135,1.38076651096344,1.6047883033752441,0.2240217924118042,I MET THEM YESTERDAY AS THEY WERE COMING INTO THE CITY THEY WERE IN A DEPLORABLE CONDITION AND IT MOVED ME THE MORE BECAUSE I THOUGHT THEY WERE PERSONS OF RANK THROUGH ALL THE RAGS THAT COVERED THEM NOTWITHSTANDING THE IMPRESSION THE SUN HAS MADE ON THEIR FACES,"I met them yesterday if they were coming into the city. They were in a deplorable condition, and it looked me the more because I thought they were in presence of rank. Through all the rags that covered them, that was standing the impression the sun has made on their faces.",0.41930876200058265,0.662288763000106,0.2774624630001199,1.3590599880008085,0.025410727187369603,0.040135672327860375,0.016814633012657825,0.0823610325278878,1
231,mic_fileid_231_doa125_3spk.wav,SepFormer-sepformer-wsj03mix,1,15.902375,328,1,speechbrain/sepformer-wsj03mix,1,2.8370857165718775,,text_fileid_231_doa328_spk1.txt,0.42105263157894735,16,38,4.988935947418213,4.267902851104736,-0.7210330963134766,4.975759506225586,2.835073471069336,-2.14068603515625,1.2429429292678833,1.2729902267456055,0.030047297477722168,A CERTAIN SMALL RANK IS PROCURED FOR THEM THROUGH THE INTERVENTION OF THE REPRESENTATIVES OF THE ABOVE NOBLE FAMILIES WHO ON THE ISSUING OF THE REQUIRED PATENT RECEIVE AS THEIR PERQUISITE A FEE WHICH ALTHOUGH INSIGNIFICANT IN ITSELF,"A third time the program is pursued for the intervention of the representative of the above-world families, who, on the issuing of the required presence, receive and therefore represent a fee, which although is significant in itself.",0.44314339900120103,0.47931613299988385,0.3082815950001532,1.230741127001238,0.027866491577591464,0.030141166523860986,0.019385883869557422,0.07739354197100987,1
232,mic_fileid_232_doa59_3spk.wav,SepFormer-sepformer-wsj03mix,1,16.903375,339,1,speechbrain/sepformer-wsj03mix,1,1.8737948039877756,,text_fileid_232_doa339_spk1.txt,0.3888888888888889,14,36,2.1621718406677246,3.124711513519287,0.9625396728515625,2.141183376312256,1.8737189769744873,-0.26746439933776855,1.3062437772750854,1.48282790184021,0.1765841245651245,BUT NOW THE ATTEMPT HAD BEEN MADE AND WORDS HAD BEEN FORCED FROM LILY'S LIPS THE SPEAKING OF WHICH WOULD NEVER BE FORGOTTEN BY HERSELF I KNEW THAT IT WOULD BE SO SAID JOHN AH YES,"But now the intent has been made, and words have been forced for the leprosy, the meaning of which would never be forgotten by herself. I knew that it produced the living warrior Germany, I guess.",0.4517812630001572,0.42106099800002994,0.26565541600029974,1.1384976770004869,0.026727281563602368,0.024909877346981295,0.01571611681100962,0.06735327572159328,1
233,mic_fileid_233_doa132_3spk.wav,SepFormer-sepformer-wsj03mix,1,16.79575,203,1,speechbrain/sepformer-wsj03mix,1,2.114094290783217,,text_fileid_233_doa203_spk1.txt,0.7169811320754716,38,53,3.96694278717041,5.448276519775391,1.4813337326049805,3.9460058212280273,2.1090543270111084,-1.836951494216919,1.121495246887207,1.2035709619522095,0.08207571506500244,I TOLD HER THAT AT THE FOREST INN THE LANDLORD FOUND US IN BOARD AND LODGING VERY WELL THEN SAID SHE I WILL DO THE SAME WHEN DO YOU PROPOSE TO COMMENCE TO NIGHT SAID I THEN SAID SHE I'LL TELL THE OSTLER TO LIGHT UP THE ROOM AND GET YOUR STAGE READY,"I told her that I'd forced in the landlord's office and do the project. Very well done, since she's out of this same 20% of the price. Tonight's the day. Then, so she'll pull the offloader line up the river and get the things ready.",0.4285503200007952,0.5255705550007406,0.3864657249996526,1.3405866000011883,0.025515402408394693,0.031291877707202154,0.02300973311698808,0.07981701323258492,1
234,mic_fileid_234_doa1_3spk.wav,SepFormer-sepformer-wsj03mix,1,17.285,89,1,speechbrain/sepformer-wsj03mix,0,3.8825392167832833,,text_fileid_234_doa89_spk1.txt,0.49122807017543857,28,57,6.579321384429932,6.4105072021484375,-0.16881418228149414,6.561035633087158,3.877631664276123,-2.683403968811035,1.3543235063552856,1.3628995418548584,0.008576035499572754,AS IT WAS TO THE MEN ABOUT HIM THE GREEDY THING IN HIM WANTED TO MAKE MONEY FASTER THAN IT COULD BE MADE BY TILLING THE LAND MORE THAN ONCE HE WENT INTO WINESBURG TO TALK WITH HIS SON IN LAW JOHN HARDY ABOUT IT YOU ARE A BANKER AND YOU WILL HAVE CHANCES I NEVER HAD,as it was to the guys out here. The creepy thing was that you wanted to be the man faster than you could have made by telling the whole end. And more than once you went into one room to talk with your son and watch John talking about it. You were a banger and you only had choices I never had.,0.43502585599890153,0.6265835039994272,0.37191213499863807,1.4335214949969668,0.025167825050558375,0.036250130402049593,0.021516467167986005,0.08293442262059397,1
235,mic_fileid_235_doa20_3spk.wav,SepFormer-sepformer-wsj03mix,1,17.6405,209,1,speechbrain/sepformer-wsj03mix,2,2.987634419128829,,text_fileid_235_doa209_spk1.txt,0.8205128205128205,32,39,3.296807289123535,3.231236457824707,-0.06557083129882812,3.2831552028656006,2.9882993698120117,-0.29485583305358887,1.4392125606536865,1.407430648803711,-0.031781911849975586,MISTER DINSMORE PASSED OUT OF ONE DOOR WHILE ELSIE LEFT BY THE OTHER THE THREE LITTLE GIRLS LOOKED INQUIRINGLY INTO EACH OTHER'S FACES WHAT IS THE MATTER WHAT HAS ELSIE DONE ASKED CARRY IN A WHISPER I DON'T KNOW,"In the picture, there's a little girl looking firingly into each other's face and shouting, What is the matter? What is all this dumbass-ass Carrie Henson? I don't know. I'm a good friend.",0.448228327999459,0.4817413969994959,0.34153782700013835,1.2715075519990933,0.02540904894982903,0.027308828944729226,0.019361006037251684,0.07207888393180995,1
236,mic_fileid_236_doa56_3spk.wav,SepFormer-sepformer-wsj03mix,1,15.906,189,1,speechbrain/sepformer-wsj03mix,2,4.0856449484078645,,text_fileid_236_doa189_spk1.txt,0.4634146341463415,19,41,4.418376445770264,4.354148864746094,-0.06422758102416992,4.402951240539551,4.085644721984863,-0.3173065185546875,1.2269641160964966,1.3458253145217896,0.11886119842529297,ON THE SUMMIT OF WHICH THEY LEFT HER ALONE AND WITH SORROWFUL HEARTS RETURNED HOME WHILE PSYCHE STOOD ON THE RIDGE OF THE MOUNTAIN PANTING WITH FEAR AND WITH EYES FULL OF TEARS THE GENTLE ZEPHYR RAISED HER FROM THE EARTH,"On the summit of which they left their lonely and historical parts of their home, but such as soon as they reached up the mountain, panting with fear in their eyes, full of fear, the gentle leopard raised her from the ground.",0.4227860310002143,0.463754971000526,0.2628965309995692,1.1494375330003095,0.02658028611845934,0.02915597705271759,0.016528135986393137,0.07226439915757006,1
237,mic_fileid_237_doa41_3spk.wav,SepFormer-sepformer-wsj03mix,1,16.51875,41,1,speechbrain/sepformer-wsj03mix,0,4.516256437238109,,text_fileid_237_doa41_spk1.txt,0.5319148936170213,25,47,5.992079257965088,5.034377098083496,-0.9577021598815918,5.977989196777344,4.513749599456787,-1.4642395973205566,1.5971570014953613,1.5972673892974854,0.00011038780212402344,COME AS OFTEN AS YOU LIKE REPLIED PEWEE THE OFTENER THE BETTER BACK IN THE OLD BRIAR PATCH PETER THOUGHT OVER ALL HE HAD LEARNED ABOUT THE FLYCATCHER FAMILY AND AS HE RECALLED HOW THEY WERE FOREVER CATCHING ALL SORTS OF FLYING INSECTS IT SUDDENLY STRUCK HIM,"What's up? Is your microplane PDH? Off to the building. Back in the old Rydercash, Peter thought overall he'd learned about the plane catching family, and as you recall, how they were forever catching all sorts of flying insects. It's a distraction.",0.41139147100147966,0.49635011099962867,0.3188789389987505,1.2266205209998589,0.02490451583815238,0.030047679818365716,0.019304059871282666,0.07425625552780075,1
238,mic_fileid_238_doa19_3spk.wav,SepFormer-sepformer-wsj03mix,1,17.021625,155,1,speechbrain/sepformer-wsj03mix,1,6.574599812235562,,text_fileid_238_doa155_spk1.txt,0.725,29,40,4.728846073150635,7.348817825317383,2.619971752166748,4.718506813049316,6.750177383422852,2.031670570373535,1.1640615463256836,1.4090406894683838,0.2449791431427002,THERE IS ONE OF THE FAMILY HERE TO DAY ON ON BUSINESS SHE SAID AT LAST IF YOU WILL GIVE ME YOUR NAME I WILL ASK IF THAT PERSON WOULD LIKE TO SEE YOU OH THAT IS HARDLY WORTH WHILE,"Sure, if this one of his family is gay, the difference between his and his wife is a fat man, I suppose. If you will give me a name, I will ask that person who would like to see you. Oh, that is hardly worthwhile. But from the standpoint of liberty.",0.4216989990000002,0.533080549999795,0.24928644899955543,1.2040659979993507,0.024774309092110782,0.03131784127542435,0.014645279108167136,0.07073742947570227,1
239,mic_fileid_239_doa4_3spk.wav,SepFormer-sepformer-wsj03mix,1,16.811625,94,1,speechbrain/sepformer-wsj03mix,1,3.2571838889833202,,text_fileid_239_doa94_spk1.txt,0.4,14,35,3.4032325744628906,4.248094081878662,0.8448615074157715,3.381078004837036,3.7855935096740723,0.40451550483703613,1.2603992223739624,1.353190541267395,0.09279131889343262,HE IS IN THE LINE OF ALL THOSE TRAMPS AND STAGE IRISHMEN WHO HAVE GONE THROUGH LIFE WITH SO FINE A SWAGGER OF WORDS THIS ONLY MEANS THAT IN HIS LIFE HE IS AN ARTIST,He is in line for all those trends and states I wish you would go through life with so much sweater work. This only means that in his life he is an artist.,0.4180900120009028,0.33339627999885124,0.22211749699999928,0.9736037889997533,0.02486910170794928,0.019831294119328217,0.013212137256214035,0.057912533083491535,1
240,mic_fileid_240_doa116_3spk.wav,SepFormer-sepformer-wsj03mix,1,17.00875,116,1,speechbrain/sepformer-wsj03mix,0,8.10338149880893,,text_fileid_240_doa116_spk1.txt,0.375,18,48,6.35862922668457,8.843901634216309,2.4852724075317383,6.341503143310547,8.082050323486328,1.7405471801757812,1.3581527471542358,1.3316128253936768,-0.026539921760559082,PUT HER INTO A CARRIAGE AND MINISTERED TO HER WANTS WITH THE HELP OF A TEA BASKET CONTAINING THE DELICIOUS NOVELTY OF ENGLISH BREAD AND BUTTER IN HALF AN HOUR'S TIME THEY WERE STEAMING HURRIEDLY TOWARDS LONDON SHE WAS TO LODGE AT A SMALL HOTEL IN JERMYN STREET,"Put her into a carriage and a ministry chair and run with her help with the tea bags containing the delicious Nuffin King of English bread and butter. In half an hour's time, they were steaming for a bit toward Worthen. She was to lunch at a small hotel in German Street.",0.43745685999965644,0.5781462109989661,0.3687008999986574,1.38430397099728,0.025719518483113483,0.03399110522519092,0.021677130888434332,0.08138775459673873,1
241,mic_fileid_241_doa46_3spk.wav,SepFormer-sepformer-wsj03mix,1,17.616625,314,1,speechbrain/sepformer-wsj03mix,0,2.680280678251004,,text_fileid_241_doa314_spk1.txt,0.043478260869565216,2,46,3.435133934020996,4.228178977966309,0.7930450439453125,3.4167215824127197,2.6802268028259277,-0.736494779586792,1.358511209487915,1.3007206916809082,-0.057790517807006836,WHAT WAS MY DUTY TO DO AND I STATED THE ARGUMENTS WITH WHICH MY BROTHER HAD PRESSED ME TO GO INTO THE COUNTRY AND I SET AGAINST THEM THE STRONG IMPRESSIONS WHICH I HAD ON MY MIND FOR STAYING THE VISIBLE CALL I SEEMED TO HAVE,What was my time to do? And I stated the arguments with which my brother had pressed me to go into the country. And I said against them the strong impressions which I had on my mind for staying. The visible call I seemed to have.,0.42946465800014266,0.5339473599997291,0.3819375670009322,1.345349585000804,0.024378373156046785,0.030309287959511492,0.02168051865785485,0.07636817977341312,1
242,mic_fileid_242_doa20_3spk.wav,SepFormer-sepformer-wsj03mix,1,17.1795,182,1,speechbrain/sepformer-wsj03mix,0,5.684370689959268,,text_fileid_242_doa182_spk1.txt,0.48717948717948717,19,39,4.359908580780029,7.029013633728027,2.669105052947998,4.346549034118652,5.682523727416992,1.3359746932983398,1.2881547212600708,1.516831636428833,0.2286769151687622,AND EVERY KNIGHT SHALL HAVE A SQUIRE AND TWO YEOMAN AND ALL WELL HORSED FOR THUS IT CHANCED ONE MORN WHEN ALL THE COURT GREEN SUITED BUT WITH PLUMES THAT MOCK'D THE MAY HAD BEEN THEIR WONT A MAYING,"And every night, I have a squire and two yeoman, and all well-formed. For thus it chance one more when all the court-greensuited but the cleans and mocked the man, that bin there want a man.",0.48246494399973017,0.5474453860006179,0.257660252000278,1.287570582000626,0.028083759364342976,0.03186620018048359,0.014998122879028956,0.07494808242385552,1
243,mic_fileid_243_doa137_3spk.wav,SepFormer-sepformer-wsj03mix,1,18.450625,169,1,speechbrain/sepformer-wsj03mix,2,4.3607908562026365,,text_fileid_243_doa169_spk1.txt,0.4166666666666667,15,36,5.679222583770752,5.247885704040527,-0.4313368797302246,5.667076587677002,4.364194393157959,-1.302882194519043,1.3337488174438477,1.322839617729187,-0.010909199714660645,FIND SOMEONE IN TROUBLE AND CHEER THEM ENCOURAGE THEM HELP THEM AND YOU WILL DELIVER YOURSELF YOU WILL COMFORT YOURSELF WHEN YOU COMFORT ANOTHER YOU CANNOT LOSE A LOVED ONE THO ABSENT FROM THE EARTH PLANE,Find someone you're struggling with here and then. Encourage them. Solve them. And you will deliver yourself. You will comfort yourself when you comfort another. You cannot leave the lost one. So ask them from the other side.,0.49543960800110654,0.6592519560017536,0.3588571820000652,1.5135487460029253,0.026852185657727397,0.035730602947149685,0.019449594905325173,0.08203238351020226,1
244,mic_fileid_244_doa170_3spk.wav,SepFormer-sepformer-wsj03mix,1,16.22675,301,1,speechbrain/sepformer-wsj03mix,0,3.6772332342487775,,text_fileid_244_doa301_spk1.txt,0.2631578947368421,10,38,5.885352611541748,4.4860639572143555,-1.3992886543273926,5.874663352966309,3.833559513092041,-2.0411038398742676,1.6214150190353394,1.5769450664520264,-0.04446995258331299,BUT WHICH ARE NECESSARY TO MAKE UP THE TRUE CHARACTER OF A PIRATE THE HISTORIAN JOHN SEEMS TO HAVE BEEN VERY MUCH CUT UP BY THE MANNER IN WHICH HIS FAVORITE HERO HAD ROUNDED OFF HIS PIRATICAL CAREER,The picture necessary to make up the true character of a pirate. The story in John seems to have been very much cut out by the manner in which his favorite hero had rented office a radical career.,0.47761298499972327,0.38600335199953406,0.23714953599846922,1.1007658729977265,0.029433681112959974,0.023788087694672937,0.01461472790290534,0.06783649671053825,1
245,mic_fileid_245_doa25_3spk.wav,SepFormer-sepformer-wsj03mix,1,17.779875,25,1,speechbrain/sepformer-wsj03mix,2,3.0710348347592076,,text_fileid_245_doa25_spk1.txt,0.5208333333333334,25,48,4.669101238250732,3.4474904537200928,-1.2216107845306396,4.652120113372803,3.060450792312622,-1.5916693210601807,1.4415980577468872,1.3954906463623047,-0.04610741138458252,AND ENDEAVOURED TO COMFORT THEM THEY TREATED THEM AS WELL AS THEIR POVERTY WOULD PERMIT TOOK OFF THEIR HORSE HAIR SHIFTS WHICH WERE VERY UNEASY TO THEM AND PUT ON THEM OTHERS WHICH THEY GAVE THEM WITH SHOES AND SOMETHING TO COVER THEIR HEADS AND SAVE THEIR HAIR,"They agreed that as well as their comedy would be meant to come their first airship, which was very ugly, and put on the others which they gave them which used an object to cover their head and save their hair.",0.45566706899990095,0.40037894700071774,0.35226023299946974,1.2083062490000884,0.02562824929870997,0.02251865927070453,0.01981230087385146,0.06795920944326596,1
246,mic_fileid_246_doa28_3spk.wav,SepFormer-sepformer-wsj03mix,1,17.06425,28,1,speechbrain/sepformer-wsj03mix,1,4.406374632793306,,text_fileid_246_doa28_spk1.txt,0.13953488372093023,6,43,4.869753360748291,5.221262454986572,0.35150909423828125,4.858842372894287,4.405783653259277,-0.45305871963500977,1.405700922012329,1.5764827728271484,0.17078185081481934,LUKASHKA WENT UP TO THE SPEAKER AND SAT DOWN OF WHAT VILLAGE ASKED HE FROM THERE IN THE HILLS REPLIED THE SCOUT POINTING TO THE MISTY BLUISH GORGE BEYOND THE TEREK DO YOU KNOW SUUK SU IT IS ABOUT EIGHT MILES BEYOND THAT,"Lukashka went up to the speaker and sat down, a good village, as he, from there in the hills, replied the scout, pointing to the misty bluish gorge beyond the turret, do you know Tsuk Tsuk? It is about eight miles beyond that.",0.43443156799912686,0.606296663001558,0.33236415300052613,1.373092384001211,0.025458579662108023,0.03553022623329815,0.019477220094673137,0.08046602599007932,1
247,mic_fileid_247_doa22_3spk.wav,SepFormer-sepformer-wsj03mix,1,16.1065,22,1,speechbrain/sepformer-wsj03mix,2,5.1240294521758445,,text_fileid_247_doa22_spk1.txt,0.2222222222222222,8,36,5.8613386154174805,5.462677001953125,-0.39866161346435547,5.850372314453125,5.1227850914001465,-0.7275872230529785,1.317690372467041,1.4053667783737183,0.08767640590667725,WHEN TWO MOUTHS RENDERED SACRED BY LOVE APPROACH TO CREATE IT IS IMPOSSIBLE THAT THERE SHOULD NOT BE ABOVE THAT INEFFABLE KISS A QUIVERING THROUGHOUT THE IMMENSE MYSTERY OF STARS THESE FELICITIES ARE THE TRUE ONES,"When two mouths rendered sacred by love should be able to create, it is impossible that there should not be above that ineffable skin or suffering throughout the immense and embellished stars. These felicities are the true ones.",0.40511217399944144,0.4549015390002751,0.32137882799906947,1.181392540998786,0.02515209226085378,0.02824335137989477,0.019953362182911834,0.07334880582366038,1
248,mic_fileid_248_doa106_3spk.wav,SepFormer-sepformer-wsj03mix,1,15.853625,288,1,speechbrain/sepformer-wsj03mix,2,0.8931919620869224,,text_fileid_248_doa288_spk1.txt,1.1818181818181819,39,33,2.674683094024658,1.6509782075881958,-1.0237048864364624,2.65911602973938,0.9439104199409485,-1.7152056097984314,1.1983088254928589,1.203012466430664,0.004703640937805176,THEN THEY TOLD HIM ABOUT THE CELEBRATION AND MISTER CROW BEGAN TO LAUGH WHAT ARE YOU GOING TO DO NEXT HE ASKED WE'RE A GOING TO SEND BROWNIE BEAVER OVER TO PLEASANT VALLEY,"And then they told him about the celebration. He said, thank you so much. And he left. And he was still wondering what we asked. And he never told us. We were going to send Ronnie B. to the bus to the hotel. And he just sat there with his teeth set.",0.37881137899967143,0.6500118450003356,0.2610606540001754,1.2898838780001824,0.023894306759474345,0.041000833878708225,0.01646693762468681,0.08136207826286937,1
249,mic_fileid_249_doa29_3spk.wav,SepFormer-sepformer-wsj03mix,1,16.082625,85,1,speechbrain/sepformer-wsj03mix,1,7.378211938641066,,text_fileid_249_doa85_spk1.txt,0.25,8,32,7.86753511428833,8.667747497558594,0.8002123832702637,7.859969139099121,7.327878952026367,-0.5320901870727539,1.4606332778930664,1.6047370433807373,0.1441037654876709,HE SPOKE I SWORE TO KEEP THE SECRET I HAVE KEPT IT AS LONG AS I COULD MEN OF DARK LIVES ARE FAITHFUL AND HELL HAS ITS HONOUR NOW SILENCE IS USELESS,"So, I swore to keep the secrets. I have kept it as long as I could, and men of dogs' lives are faithful, and the hell has his honor. Now, silence is useless.",0.3994682009997632,0.46588979400075914,0.2915748100003839,1.1569328050009062,0.024838495021786755,0.02896851689327825,0.018129802193384715,0.07193681410844972,1
250,mic_fileid_250_doa95_3spk.wav,SepFormer-sepformer-wsj03mix,1,16.643875,95,1,speechbrain/sepformer-wsj03mix,2,4.455445996226848,,text_fileid_250_doa95_spk1.txt,0.7837837837837838,29,37,6.357603549957275,6.263681411743164,-0.09392213821411133,6.3502984046936035,4.455079555511475,-1.895218849182129,1.3875644207000732,1.5080666542053223,0.12050223350524902,AND VARIOUS OTHER MASCULINE TRIFLES FILLING IN THE INTERSTICES OH THEY GASPED IN BREATHLESS CHORUS THEY BELONG TO HIM CONNY MURMURED FERVENTLY PATTY NODDED AND WHEN I SHOWED UNCLE TOM THAT SUIT CASE HE NEARLY DIED LAUGHING,"And there is our natural tranquility, the interest I see. Oh, they got it. They belong to him, honey, constantly, patting on it. And when I show him the hum that, it gives me early, I love it.",0.43788156599839567,0.48622612000144727,0.33570622600018396,1.259813912000027,0.02630887134146319,0.029213516684152414,0.020169955974806583,0.07569234400042218,1
251,mic_fileid_251_doa23_3spk.wav,SepFormer-sepformer-wsj03mix,1,17.013,23,1,speechbrain/sepformer-wsj03mix,0,2.894446855462485,,text_fileid_251_doa23_spk1.txt,0.7291666666666666,35,48,3.2284586429595947,3.6202199459075928,0.39176130294799805,3.2039926052093506,2.894735336303711,-0.30925726890563965,1.186819314956665,1.3039532899856567,0.1171339750289917,AND BIDDING THE OTHERS KEEP A SHARP LOOKOUT MYLES SHINNED UP THIS TREE AND CHOOSING ONE OF THE THICKER LIMBS CLIMBED OUT UPON IT FOR SOME LITTLE DISTANCE THEN LOWERING HIS BODY HE HUNG AT ARM'S LENGTH THE BRANCH BENDING WITH HIS WEIGHT AND SLOWLY LET HIMSELF DOWN,"And Bindi, the other man, was constructed out of light. But Bindi, the first person to take a look at the church, was one of the fifty men, climbed down from the church for sub-lubidism. Then, lowering his body, he hung around his leg, the branched Bindi with his weight, and slowly let himself down.",0.4218823529990914,0.693794020000496,0.36037316900001315,1.4760495419996005,0.024797646094109876,0.040780228060923754,0.021182223534944637,0.08676009768997828,1
252,mic_fileid_252_doa54_3spk.wav,SepFormer-sepformer-wsj03mix,1,17.0335,54,1,speechbrain/sepformer-wsj03mix,2,4.4261299095321895,,text_fileid_252_doa54_spk1.txt,0.62,31,50,5.915916442871094,5.798495769500732,-0.11742067337036133,5.901613235473633,4.421006679534912,-1.4806065559387207,1.276543140411377,1.1801828145980835,-0.09636032581329346,HE GREW QUITE OUT OF PATIENCE AT LAST AND CUT HIS WAY THRO THE INSULTING MOB WITH HIS RIVAL'S SABRE BUT HE DID NOT KNOW WHAT MEASURES TO PURSUE OR HOW TO RECTIFY SO GROSS A MISTAKE IT WAS NOT IN HIS POWER TO HAVE A SIGHT OF THE QUEEN,"She was in quite a few stations at the time, to cut his way through the insulting mob and to drive some favor. But she did not know what measures she pursued, or how to rectify her birth of the state. It was not easy to have her to have a side-to-the-queen.",0.43457229800151254,0.6071041309987777,0.38795878699966124,1.4296352159999515,0.025512801127279335,0.03564177244833873,0.02277622256140319,0.08393079613702124,1
253,mic_fileid_253_doa72_3spk.wav,SepFormer-sepformer-wsj03mix,1,14.65025,340,1,speechbrain/sepformer-wsj03mix,0,3.4264214524020775,,text_fileid_253_doa340_spk1.txt,0.4411764705882353,15,34,6.854696750640869,5.749823570251465,-1.1048731803894043,6.834137916564941,3.3937647342681885,-3.440373182296753,1.6176543235778809,1.507237195968628,-0.11041712760925293,HABITUALLY HARDWORKING RARELY STARTLED BY LIFE'S SURPRISES VERY SKILLFUL WITH HIS HANDS EFFICIENT IN HIS EVERY DUTY AND DESPITE HIS HAVING A NAME THAT MEANS COUNSEL NEVER GIVING ADVICE NOT EVEN THE UNSOLICITED KIND,"has been truly hardworking, rarely startled by life surprises, very difficult to tame, efficient for the degree of duty, and despite his having a name that he cannot know, never giving advice, not even the unsolicited kind.",0.3778154449992144,0.4695019440005126,0.25381020799977705,1.101127596999504,0.025789010085098506,0.03204736738284416,0.017324633231499603,0.07516101069944227,1
254,mic_fileid_254_doa102_3spk.wav,SepFormer-sepformer-wsj03mix,1,17.137375,304,1,speechbrain/sepformer-wsj03mix,2,2.799193425557224,,text_fileid_254_doa304_spk1.txt,1.0232558139534884,44,43,1.8625198602676392,3.22890567779541,1.366385817527771,1.8469260931015015,3.0047390460968018,1.1578129529953003,1.0810368061065674,1.215151309967041,0.13411450386047363,WE WERE ABLE TO SWALLOW BUT A FEW MOUTHFULS OF THE REPAST AND OUR LUNCH BASKET WAS DRAWN ON AS SOON AS WE WERE ONCE MORE AFLOAT IT IS A GREAT PITY THAT SO MANY FARMERS WIVES ARE THE WRETCHED COOKS THEY ARE,"We were able to allow the shooting amount of the group to be shot. And our little faculty, the strong and the similar, the warmth was a cost. It is the great city that so many families live in the rest of the group at the moment. And it is the biggest graduates of our higher institutions.",0.44208095599969965,0.5972841689999768,0.45985592299985,1.4992210479995265,0.025796305210086124,0.0348527221350981,0.026833509974535194,0.08748253731971942,1
255,mic_fileid_255_doa122_3spk.wav,SepFormer-sepformer-wsj03mix,1,17.299125,122,1,speechbrain/sepformer-wsj03mix,2,7.053067623998493,,text_fileid_255_doa122_spk1.txt,0.40625,13,32,4.953304290771484,8.05821418762207,3.104909896850586,4.94606876373291,7.046101093292236,2.100032329559326,1.223117470741272,1.3376750946044922,0.11455762386322021,SHE ADDED PULLING OUT HER WATCH BY ITS LEATHERN GUARD NOT TILL YOU'VE HAD LUNCH SAID MISSUS WILMINGTON RISING WITH THE LADIES YOU MUST STAY ANNIE I SHALL NOT EXCUSE YOU WELL,"She had it pulling out from her watch by the political eye. Not till you've had much business to Wilmington Rising, lady. You must stay, and I shall not excuse you. Well?",0.4613777860013215,0.42062418699970294,0.3288505599994096,1.210852533000434,0.026670585130827224,0.02431476661390116,0.01900966436160266,0.06999501610633105,1
256,mic_fileid_256_doa87_3spk.wav,SepFormer-sepformer-wsj03mix,1,18.3735,87,1,speechbrain/sepformer-wsj03mix,2,3.6694135732522586,,text_fileid_256_doa87_spk1.txt,0.7619047619047619,32,42,4.639565944671631,5.372073650360107,0.7325077056884766,4.633337020874023,3.8035309314727783,-0.8298060894012451,1.3705028295516968,1.3021721839904785,-0.06833064556121826,GOOD BYE PRINCESS I WISH YOU HAPPINESS AND CONSOLATION AND HOPE TO MEET YOU AGAIN IN HAPPIER CIRCUMSTANCES IF YOU DON'T WANT TO MAKE ME BLUSH PLEASE DON'T THANK ME BUT THE PRINCESS IF SHE DID NOT AGAIN THANK HIM IN WORDS,"It was a pleasure. I wish you happy house of run. I'm hoping to meet you again at your show in Kansas. If you want to meet me in English, please don't pay me. I wish you good luck in your work.",0.47670706099961535,0.508153131000654,0.3651248129990563,1.3499850049993256,0.025945359403467785,0.027656849865330718,0.01987236035589606,0.07347456962469456,1
257,mic_fileid_257_doa223_3spk.wav,SepFormer-sepformer-wsj03mix,1,16.83375,323,1,speechbrain/sepformer-wsj03mix,0,4.579774140897742,,text_fileid_257_doa323_spk1.txt,0.4473684210526316,17,38,6.678210735321045,5.855090618133545,-0.8231201171875,6.666214942932129,4.578173637390137,-2.088041305541992,1.3120567798614502,1.405990481376648,0.09393370151519775,THE MOST INTERESTING OF THE SHORT EXCURSIONS WE MADE FROM FORT WRANGELL WAS THE ONE UP THE STICKEEN RIVER TO THE HEAD OF STEAM NAVIGATION FROM MT SAINT ELIAS THE COAST RANGE EXTENDS IN A BROAD LOFTY CHAIN,"The most interesting of the short excursions we made from Fort Reignill was the one up the Sticking River, which had a scenery navigation from Valmese St. Eliot, the post-ranging sense of the Grand Lafesie chain.",0.4195765360000223,0.4675440699993487,0.34802745600063645,1.2351480620000075,0.024924721823718562,0.027774207767095792,0.020674386634032017,0.07337331622484637,1
258,mic_fileid_258_doa105_3spk.wav,SepFormer-sepformer-wsj03mix,1,17.0025,233,1,speechbrain/sepformer-wsj03mix,0,3.6402635601986724,,text_fileid_258_doa233_spk1.txt,0.8709677419354839,27,31,4.865093231201172,4.049507141113281,-0.8155860900878906,4.831464767456055,3.639627695083618,-1.1918370723724365,1.4043940305709839,1.410074234008789,0.005680203437805176,IN THE MOST POLITE MANNER TO APPOINT A FRIEND WITH WHOM HE CAPTAIN M M MIGHT COMMUNICATE AND DESIRED THAT THE MEETING MIGHT TAKE PLACE WITH AS LITTLE DELAY AS POSSIBLE,"in the ones that I've known. It was like a friend to a small kid himself, and a captain, and Mike, who needed a case, and designed for the need of my paper legs with as little delay as possible.",0.4424528309991729,0.5439344260012149,0.3438152070011711,1.3302024640015588,0.0260228102337405,0.03199143808270636,0.020221450198569097,0.07823569851501595,1
259,mic_fileid_259_doa21_3spk.wav,SepFormer-sepformer-wsj03mix,1,15.717875,171,1,speechbrain/sepformer-wsj03mix,1,1.333943436301264,,text_fileid_259_doa171_spk1.txt,0.6451612903225806,20,31,3.944178342819214,2.6585946083068848,-1.285583734512329,3.9238295555114746,1.7507379055023193,-2.1730916500091553,1.4337892532348633,1.3918068408966064,-0.041982412338256836,A FEW HOURS LATER THAT SAME NIGHT HE RETURNS TO THE BATTERY ROOM AND SUCCEEDS IN RECOVERING THE PORTABLE INSTRUMENT TO DAY LIEUTENANT MACKINSON WHILE PURSUING AN INVESTIGATION OF THE AFFAIR,"A few hours later that same night, the returns to the bedroom were the exceedings of the report was from today. U.S. Handcamps and Walker Sui, investigation has been carried out.",0.3997046490003413,0.4182767860002059,0.22860290199969313,1.0465843370002403,0.025429941961005627,0.02661153533796432,0.014544135387238614,0.06658561268620856,1
260,mic_fileid_260_doa135_3spk.wav,SepFormer-sepformer-wsj03mix,1,16.526875,250,1,speechbrain/sepformer-wsj03mix,0,3.1885373091348237,,text_fileid_260_doa250_spk1.txt,0.3055555555555556,11,36,2.2612380981445312,3.8794450759887695,1.6182069778442383,2.240560293197632,3.471290111541748,1.2307298183441162,1.1996510028839111,1.3934191465377808,0.19376814365386963,WHEN THE MEDICINE I HAVE PUT UP IN THE HANDLE OF THE MACE IS HEATED WITH YOUR HAND IT WILL PENETRATE YOUR WHOLE BODY AND AS SOON AS YOU PERSPIRE YOU MAY LEAVE OFF THE EXERCISE,"When the medicine I have put up in the handle of the maze, he senses it with your hands. You'll penetrate your whole body. And as soon as you prescribe it, you may leave off the answer sign.",0.40776292200098396,0.4729942760004633,0.29295192300014605,1.1737091210015933,0.024672717740104162,0.02861970433009648,0.017725790447386213,0.07101821251758686,1
261,mic_fileid_261_doa122_3spk.wav,SepFormer-sepformer-wsj03mix,1,16.36375,176,1,speechbrain/sepformer-wsj03mix,0,0.9456251684133414,,text_fileid_261_doa176_spk1.txt,0.32432432432432434,12,37,1.5614405870437622,1.1692609786987305,-0.39217960834503174,1.5477750301361084,0.9430850148200989,-0.6046900153160095,1.311276912689209,1.2783787250518799,-0.0328981876373291,FRENCH BY HER MOTHER HER PROFICIENCY IN EITHER WAS NOT REMARKABLE AND SHE SHIRKED HER LESSONS IN BOTH WHENEVER SHE COULD WHAT A STRANGE UNACCOUNTABLE CHARACTER FOR WITH ALL THESE SYMPTOMS OF PROFLIGACY AT TEN YEARS OLD,"French by habit. Our proficiency in either was not remarkable. She shortened her lessons, but whatever she could, put a strange unaccountable character. Or with all these symptoms of proslegacy at 10 years old.",0.40285354899970116,0.44719284500024514,0.33140148100028455,1.1814478750002309,0.02461865703153013,0.027328261859307625,0.020252172087711226,0.07219909097854899,1
262,mic_fileid_262_doa98_3spk.wav,SepFormer-sepformer-wsj03mix,1,15.136875,226,1,speechbrain/sepformer-wsj03mix,0,4.432392503882263,,text_fileid_262_doa226_spk1.txt,0.42424242424242425,14,33,4.423270225524902,5.735186576843262,1.3119163513183594,4.387516975402832,4.421455383300781,0.03393840789794922,1.2560361623764038,1.5345675945281982,0.27853143215179443,FULL OF FLAUNTING BANNERS FULL OF THE MARCH AND PAGEANTRY OF OPENING WAR AND THE FEET OF THE PEOPLE WERE BEATING TIME TRAMP TRAMP HE WAS URGED TOWARDS THE DOOR HE OBEYED MECHANICALLY,Her with flossing banners full of the marks and pageantry of open war. From the feet of the people would be in time. Correct. Trousers. He was urged to work his door. He obeyed mechanically.,0.37215745800131117,0.4750830709999718,0.2819164299999102,1.1291569590011932,0.02458614859416565,0.03138580922416099,0.018624480284068552,0.07459643810239519,1
263,mic_fileid_263_doa26_3spk.wav,SepFormer-sepformer-wsj03mix,1,16.489125,62,1,speechbrain/sepformer-wsj03mix,0,2.8540939622274726,,text_fileid_263_doa62_spk1.txt,0.05714285714285714,2,35,3.41068434715271,5.433230400085449,2.0225460529327393,3.3945302963256836,2.861417770385742,-0.5331125259399414,1.2570456266403198,1.1813477277755737,-0.0756978988647461,SHE WAS ANGRY WITH HERSELF BECAUSE SHE FELT THAT IN SPEAKING OF CONNISTON SHE HAD COLORED AND AS A MATTER OF FACT SHE GREATLY ADMIRED THE YOUNG LORD EVEN THOUGH THEY HAD ONLY MET ONCE,"She wasn't angry with herself because she felt that in speaking of Coniston, she had colored. And as a matter of fact, she greatly admired the young Lord, even though they had only met once.",0.41789442200024496,0.40026559100078885,0.3019263559999672,1.120086369001001,0.02534363842837294,0.024274519782025352,0.018310635403635256,0.06792879361403355,1
264,mic_fileid_264_doa124_3spk.wav,SepFormer-sepformer-wsj03mix,1,17.0365,124,1,speechbrain/sepformer-wsj03mix,0,3.3178116958329005,,text_fileid_264_doa124_spk1.txt,0.08108108108108109,3,37,4.544070243835449,3.90468168258667,-0.6393885612487793,4.534379005432129,3.3159804344177246,-1.2183985710144043,1.1509668827056885,1.3860349655151367,0.23506808280944824,WERE SO FULL OF AFFABILITY THAT THEY WOULD HAVE SHAKEN HANDS EVEN WITH THE BANKER'S SERVANTS SO MUCH DID THEIR GRATITUDE NEED AN OBJECT TO EXPEND ITSELF UPON ONE THING ABOVE ALL THE REST HEIGHTENED THE RESPECT,"were so full of avatability that they would have shaken hands even with the bankers' servants. Not much did their gratitude need an object to expend itself upon. One thing above all the rest, heighten the respect.",0.4337054990010074,0.4235963629998878,0.3327724929986289,1.190074354999524,0.025457429577730603,0.024864048542827914,0.019532914213519728,0.06985439233407825,1
265,mic_fileid_265_doa188_3spk.wav,SepFormer-sepformer-wsj03mix,1,16.23875,292,1,speechbrain/sepformer-wsj03mix,2,5.814262548164133,,text_fileid_265_doa292_spk1.txt,1.05,42,40,2.9347639083862305,6.967565536499023,4.032801628112793,2.920316696166992,6.4821553230285645,3.5618386268615723,1.1258411407470703,1.3738646507263184,0.24802350997924805,FANCY IF YOU CAN MY EXTREME HORROR AT FINDING A MOUSE DROWNED IN THAT PUDDING SAUCE I LIFTED THE MOUSE OUT WITH A SPOON AND THREW IT OUT IN THE YARD AND THEN I WASHED THE SPOON IN THREE WATERS,"That piece is one like three or four, I'd walk in the house, around in that pool garden, I'd listen to the mouth of the spirit and throw it out in the yard, and then I'd watch the three waterfalls. I respect your church. That's true. Your friends care. That's it. School friends.",0.43320494500039786,0.945388196998465,0.2808542149996356,1.6594473569984984,0.02667723470097131,0.05821803999682642,0.017295309983812523,0.10219058468161026,1
266,mic_fileid_266_doa106_3spk.wav,SepFormer-sepformer-wsj03mix,1,16.622125,359,1,speechbrain/sepformer-wsj03mix,2,6.028548158318996,,text_fileid_266_doa359_spk1.txt,0.17777777777777778,8,45,6.7015533447265625,6.491563320159912,-0.2099900245666504,6.679348945617676,6.017551898956299,-0.661797046661377,1.3148263692855835,1.5259804725646973,0.21115410327911377,HE ENUMERATED THE REFORMS PASSED FIFTY YEARS BEFORE ON THIS VERY DAY BY WHICH THE NATION ONCE AND FOR ALL DECLARED THE GLORY OF POVERTY AND MAN'S SYMPATHY WITH THE UNFORTUNATE SO HE HAD TOLD THEM HE WAS TO SING THE PRAISE OF PATIENT POVERTY,"He illuminated the reforms past 50 years before on this very day, by which the nation once and for all declared the glory of poverty and man sent the primacy unfortunate. So he had told them he was to sing the praises of patient poverty.",0.4398425159997714,0.6650348439998197,0.3868605480001861,1.4917379079997772,0.026461268700588608,0.040009014731860075,0.023273832196556463,0.08974411562900515,1
267,mic_fileid_267_doa81_3spk.wav,SepFormer-sepformer-wsj03mix,1,16.799875,311,1,speechbrain/sepformer-wsj03mix,0,1.8247502329492735,,text_fileid_267_doa311_spk1.txt,0.4411764705882353,15,34,2.5387258529663086,2.817399024963379,0.2786731719970703,2.5222136974334717,1.9611705541610718,-0.5610431432723999,1.3315215110778809,1.4650003910064697,0.13347887992858887,WE'LL ALL MEET HERE GREGG SAY ABOUT THE ZERO HOUR WE MUST TAKE SOME PRECAUTIONS THEN HE DISMISSED ME I FOUND VENZA SEATED ALONE IN A STARLIT CORNER OF THE SECLUDED DECK A PORTHOLE,"Well, all these huesires say about this zero-all that must take some precautions. Because then he dismissed me very desirably. I found Zemzah seated along the starlit corner of the secluded deck. A portal.",0.479899170999488,0.6198686629995791,0.24524079600087134,1.3450086299999384,0.028565639387167344,0.036897218759043095,0.014597775043020936,0.08006063318923137,1
268,mic_fileid_268_doa43_3spk.wav,SepFormer-sepformer-wsj03mix,1,16.925,354,1,speechbrain/sepformer-wsj03mix,1,0.7580980857334018,,text_fileid_268_doa354_spk1.txt,0.7272727272727273,32,44,3.2704272270202637,1.4478639364242554,-1.8225632905960083,3.256709337234497,0.744349479675293,-2.512359857559204,1.2224397659301758,1.2638094425201416,0.04136967658996582,CLIMBED BACK INTO THE TREE MINUTES LATER HE DISCOVERED THAT THERE WERE MORE THAN TWO OF THE BEASTS WAITING QUIETLY ABOUT THE CAMP AND THAT THEIR SENTRY LINE RAN BETWEEN HIM AND THE CLEARING OF THE L B HE WITHDREW FARTHER INTO THE WOOD,"But five years later, he discovered that there were more than two of the bees. We are quietly about to have a better understanding of what was happening at the clearing of the LVU. He must be bothered to move this into Earth alive and heard.",0.45451048399991123,0.4751282950001041,0.2862695040003018,1.2159082830003172,0.026854386056124738,0.02807257282127646,0.01691400319056436,0.07184096206796556,1
269,mic_fileid_269_doa18_3spk.wav,SepFormer-sepformer-wsj03mix,1,16.5305,163,1,speechbrain/sepformer-wsj03mix,0,2.7785304664065147,,text_fileid_269_doa163_spk1.txt,1.3076923076923077,34,26,0.9907630085945129,4.184570789337158,3.1938077807426453,0.9795001149177551,3.8922417163848877,2.9127416014671326,1.1765623092651367,1.3329029083251953,0.1563405990600586,ONE OF THESE CONCLUSIONS WAS THAT THERE WERE THINGS MORE SOLID IN LIFE THAN FINE WHISKERS AND A TITLE AND THAT IN ACCEPTING A SECOND HUSBAND,Once I think of the conclusion is that there were these more solidity than fine rasters and trees. And that is exactly how thick and thin it is. And we who have those sliders find great difficulty in keeping our feet.,0.41832798099858337,0.9089934969997557,0.3745031950002158,1.7018246729985549,0.02530643241272698,0.05498886887872453,0.02265528538158046,0.10295058667303196,1
270,mic_fileid_270_doa4_3spk.wav,SepFormer-sepformer-wsj03mix,1,17.77675,4,1,speechbrain/sepformer-wsj03mix,0,4.178680811271366,,text_fileid_270_doa4_spk1.txt,1.2647058823529411,43,34,4.819792747497559,4.63144063949585,-0.18835210800170898,4.797634124755859,4.3431196212768555,-0.4545145034790039,1.1462150812149048,1.2963817119598389,0.15016663074493408,BUT THE GROUND FOR THAT WAS GONE AND MISSUS LOW WAS NO LONGER PAINFULLY SEVERE A FEW WORDS WERE SAID AS TO HIS GREAT LOSS MISSUS LOW ONCE RAISED HER EYEBROWS IN PRETENDED SURPRISE,"The girl is about to go, and Mrs. B is in a room painfully severe. Here was the case, and it was great indeed. This is no one's fault, Sir, if the eyebrows are changing to five. Did you ever find that it's all that concerns anyone?",0.4734962269994867,0.5848195290000149,0.3047481779994996,1.3630639339990012,0.026635702645280306,0.03289800042190023,0.017143076096558685,0.07667677916373922,1
271,mic_fileid_271_doa16_3spk.wav,SepFormer-sepformer-wsj03mix,1,16.862375,191,1,speechbrain/sepformer-wsj03mix,0,2.483608465351839,,text_fileid_271_doa191_spk1.txt,0.9642857142857143,27,28,1.2486991882324219,2.9183385372161865,1.6696393489837646,1.2110449075698853,2.583611011505127,1.3725661039352417,1.1631312370300293,1.2412108182907104,0.07807958126068115,THE LATTER STREAM TRAVERSES DREARY PLAINS WHERE ALMOST NOTHING BUT SAGEBRUSH GROWS THE MAUMEE WATERS A SMILING VALLEY WHERE ORCHARDS FIELDS AND MEADOWS ALTERNATE WITH SUGAR MAPLE GROVES,"The weather has been progressive, and we're in flames. Almost nothing but today's rush grows. The mommy wants her smiling valley, where orchards, fields, and nettles alternate with sugar beagle grows. She can open it if she'd like, and call to him.",0.45405784400099947,0.5976225540016458,0.2980404530007945,1.3497208510034397,0.026927277088844216,0.03544118512378273,0.017674879902789167,0.08004334211541611,1
272,mic_fileid_272_doa59_3spk.wav,SepFormer-sepformer-wsj03mix,1,16.6745,354,1,speechbrain/sepformer-wsj03mix,2,1.02962137147791,,text_fileid_272_doa354_spk1.txt,0.6578947368421053,25,38,2.196667432785034,2.3282346725463867,0.13156723976135254,2.176013231277466,1.0289757251739502,-1.1470375061035156,1.1499907970428467,1.1326444149017334,-0.01734638214111328,AND SOCIAL TEMPER BY ENTERING INTO THE MILITIA OF HIS COUNTY THEN EMBODIED CAPTAIN WESTON WAS A GENERAL FAVOURITE AND WHEN THE CHANCES OF HIS MILITARY LIFE HAD INTRODUCED HIM TO MISS CHURCHILL OF A GREAT YORKSHIRE FAMILY,"In special time, we're going to be going to the cemetery show of the captain, Vance and Robert. Captain Weston, General, and the chances of his military life have been reduced to Mr. Joe of a great Yorkshire family.",0.4540795489992888,0.47647220399994694,0.3990612809993763,1.329613033998612,0.02723197391221859,0.028574902036039882,0.023932428618511883,0.07973930456677035,1
273,mic_fileid_273_doa24_3spk.wav,SepFormer-sepformer-wsj03mix,1,16.098875,24,1,speechbrain/sepformer-wsj03mix,0,2.6535235902987466,,text_fileid_273_doa24_spk1.txt,0.6363636363636364,28,44,4.189764499664307,4.793332099914551,0.6035676002502441,4.176941394805908,2.654668092727661,-1.522273302078247,1.230610728263855,1.2931339740753174,0.0625232458114624,THROUGH WHICH I SAW SHRUBS AND A GRASS PLAT LOOKING PLEASANT IN THE SUNSHINE OF THE MILD SPRING EVENING FOR IT WAS NOW THE MIDDLE OF APRIL THIS THEN WAS MY FIRST GLIMPSE OF THE GARDEN BUT I HAD NOT TIME TO LOOK LONG,"Through which I saw shrubs in a grand capacity, the key to the present is a shine of the violence freeing the evening, before it gets out the new of April. This bed with life-threatening glist of the garden has been, but I have not tied to the flaw.",0.4104880310005683,0.5653596260017366,0.38141215900031966,1.3572598160026246,0.025497932681666783,0.0351179586152285,0.023691851697731654,0.08430774299462693,1
274,mic_fileid_274_doa14_3spk.wav,SepFormer-sepformer-wsj03mix,1,16.44,111,1,speechbrain/sepformer-wsj03mix,2,5.545842374152787,,text_fileid_274_doa111_spk1.txt,0.1891891891891892,7,37,6.96187686920166,6.250891208648682,-0.7109856605529785,6.944281578063965,5.540287971496582,-1.4039936065673828,1.3642321825027466,1.3747369050979614,0.010504722595214844,EVEN TO A DARK LANTERN THE END OF THE FILM IS SURE TO BE JOLLY GOOD CHEER ATTRACTS GOOD LUCK CHEER UP IF YOU HAVEN'T A SMILE GET ONE OF SOMEBODY AND WEAR IT AS YOUR OWN,"Even to a dark lantern full. The end of the film is sure to be jolly. The least single cheer attracts good luck as cheer up and dream. If you haven't a smile, get one of somebody and wear it as your own.",0.44668916199952946,0.6058436540006369,0.25900452399946516,1.3115373399996315,0.02717087360094461,0.036851803771328275,0.015754533089991796,0.07977721046226469,1
275,mic_fileid_275_doa2_3spk.wav,SepFormer-sepformer-wsj03mix,1,16.928625,2,1,speechbrain/sepformer-wsj03mix,0,4.2011665422642,,text_fileid_275_doa2_spk1.txt,0.875,42,48,4.230489253997803,4.799821376800537,0.5693321228027344,4.217592716217041,4.204075813293457,-0.013516902923583984,1.1914504766464233,1.3091323375701904,0.11768186092376709,TO COME OUT OF IT BRIGHT AND SMILING AND NOW IT HAS MADE TWO PEOPLE HAPPY PHRONSIE POLLY HAD SAID WHEN THE PRESENTATION WAS WELL OVER AND SHE ENDED UP WITH A KISS IT MADE ME HAPPY IN THE FIRST PLACE BECAUSE YOU THOUGHT OF ME AND THEN,"It may have been the first place that you saw it and said,",0.4398848389992054,0.1576833990002342,0.27611210599934566,0.8736803439987852,0.025984676191906038,0.009314601687983176,0.016310368148585348,0.051609646028474565,1
276,mic_fileid_276_doa35_3spk.wav,SepFormer-sepformer-wsj03mix,1,16.7675,127,1,speechbrain/sepformer-wsj03mix,2,3.5226186720045476,,text_fileid_276_doa127_spk1.txt,0.6,18,30,2.5963644981384277,4.230913162231445,1.6345486640930176,2.5759363174438477,3.714146852493286,1.1382105350494385,1.2090544700622559,1.3310024738311768,0.1219480037689209,IS A GROWING HUNTER AT ONE HUNDRED AND THREE GODDARD DIAMOND WAS A GROWING TEACHER OF HEALTH WHEN HE WAS ONE HUNDRED AND ELEVEN I KNOW A BRIGHT CHEERY LADY,"In the growing hunters, at 100 were freed, but God or diamond was a growing nature of hell, when he was 100 and 11. I know of white cheerleaders.",0.43460007299836434,0.49816095599999244,0.2489020970006095,1.1816631259989663,0.02591919326067478,0.029709912390039808,0.01484431769796389,0.07047342334867848,1
277,mic_fileid_277_doa52_3spk.wav,SepFormer-sepformer-wsj03mix,1,14.9415,303,1,speechbrain/sepformer-wsj03mix,0,2.8275164521554235,,text_fileid_277_doa303_spk1.txt,0.2727272727272727,6,22,3.8464152812957764,3.67915415763855,-0.16726112365722656,3.775702953338623,2.960275650024414,-0.815427303314209,1.5953960418701172,1.672924280166626,0.07752823829650879,HE APPEARED CHANGED AS IF HE HAD SUDDENLY MATURED ONE COULDN'T BE SURE HE MUTTERED AH YOU WERE NOT SURE I SAID,"He had changed, but he suddenly matured. One of them couldn't be sure. He muttered, Ah, you were not sure, I said.",0.3888088969997625,0.3885691279992898,0.3608540949990129,1.1382321199980652,0.026022079242362717,0.026006032058313408,0.024151129069973756,0.07617924037064988,1
278,mic_fileid_278_doa13_3spk.wav,SepFormer-sepformer-wsj03mix,1,17.2825,102,1,speechbrain/sepformer-wsj03mix,0,6.945445543925036,,text_fileid_278_doa102_spk1.txt,0.28205128205128205,11,39,4.182675361633301,7.26426887512207,3.0815935134887695,4.16328239440918,6.942111968994141,2.778829574584961,1.3014240264892578,1.6459789276123047,0.3445549011230469,AND SO THEY KEPT PLAYING WITH THE FESTOONS AND STEPPING ABOUT THE PEWS TO PLEASE HIM NATHAN FELT A COLD THRILL PARTLY FROM PLEASURE AND PARTLY FROM AWE RUNNING UP HIS BACK AND A STRONG PAIN ACROSS HIS FOREHEAD,"And so they kept playing, just with that tune and stepping about to use the cleanest use. Nathan felt the cold thrill, partly from pleasure, partly from awe, running up his back and strong pain across his forehead.",0.4554718300005334,0.5222831070004759,0.3909238039996126,1.3686787410006218,0.026354510632173204,0.030220344683956367,0.02261963280773109,0.07919448812386067,1
279,mic_fileid_279_doa26_3spk.wav,SepFormer-sepformer-wsj03mix,1,17.262875,220,1,speechbrain/sepformer-wsj03mix,0,4.577678640399559,,text_fileid_279_doa220_spk1.txt,0.5526315789473685,21,38,4.8801445960998535,5.003065586090088,0.12292098999023438,4.873781204223633,4.577485084533691,-0.2962961196899414,1.2243380546569824,1.4838404655456543,0.2595024108886719,AS I HAVE SAID ELSEWHERE SUCH EFFORTS ARE GENERALLY USELESS AND RESULTED ONLY IN DAMAGE TO HIS FINANCIAL POSITION AND HIS REPUTATION NO DOUBT HE OFTEN INVITED ATTACKS UPON HIMSELF BY A RASHNESS BORN OF HIS ARDENT SYMPATHY,"When Huyger said elsewhere, Prince Emford claimed generally useless, and he's resulted only in damage to his financial position and his reputation. If you like to know now, he often provided a tax award himself by irration as the horn of his ardent sympathy.",0.47214212200015027,0.5289808029992855,0.344400587000564,1.3455235119999998,0.027350144283623107,0.03064268280916623,0.01995036093353882,0.07794318802632816,1
280,mic_fileid_280_doa27_3spk.wav,SepFormer-sepformer-wsj03mix,1,15.44875,27,1,speechbrain/sepformer-wsj03mix,0,4.909714857669516,,text_fileid_280_doa27_spk1.txt,0.03333333333333333,1,30,4.472245693206787,5.8432817459106445,1.3710360527038574,4.460386276245117,5.012441158294678,0.5520548820495605,1.455550193786621,1.4614638090133667,0.0059136152267456055,CAPRON COULD NOT POSSIBLY HAVE FIRED INTO US AT ANY TIME UNLESS HE HAD TURNED DIRECTLY AROUND IN HIS TRACKS AND AIMED UP THE VERY TRAIL HE HAD JUST DESCENDED,Capron could not possibly have fired into us at any time unless he had turned directly around in his tracks and aimed up through the very trail he had just descended.,0.3669632700002694,0.3002095720003126,0.24220850699930452,0.9093813489998865,0.023753589772652763,0.019432612476757836,0.01567819448170917,0.05886439673111977,1
281,mic_fileid_281_doa220_3spk.wav,SepFormer-sepformer-wsj03mix,1,17.33225,355,1,speechbrain/sepformer-wsj03mix,2,4.48277236334509,,text_fileid_281_doa355_spk1.txt,0.08333333333333333,4,48,3.5857644081115723,6.285201072692871,2.699436664581299,3.5729331970214844,4.64375638961792,1.0708231925964355,1.202916145324707,1.2262722253799438,0.023356080055236816,AND HE ALSO NEEDED A LARGER FORCE THAN HE HAD WITH HIM AND HE THEREFORE CAPTURED SOME MEN WHO WERE FISHING ALONG THE COAST AND PUT THEM INTO HIS CANOES TO HELP WORK THE OARS THEN BY NIGHT HE PROCEEDED SLOWLY IN THE DIRECTION OF THE SPANISH VESSEL,"And he also needed a larger force than he had with him, and he therefore captured someone who were fishing along the coast and put them into his canoes to help work the oar. Then by guide he proceeded slowly in the direction of the Spanish vessel.",0.4540889830004744,0.5368478929995035,0.3087235580005654,1.2996604340005433,0.026199078769373534,0.03097392969750053,0.01781208775551734,0.07498509622239141,1
282,mic_fileid_282_doa55_3spk.wav,SepFormer-sepformer-wsj03mix,1,16.244125,276,1,speechbrain/sepformer-wsj03mix,0,8.398352939713016,,text_fileid_282_doa276_spk1.txt,0.6842105263157895,26,38,7.751956462860107,8.987056732177734,1.235100269317627,7.741034030914307,8.395448684692383,0.6544146537780762,1.3874709606170654,1.3224279880523682,-0.06504297256469727,I SUPPOSE YOU CONSIDER YOURSELVES ALMOST YOUNG LADIES BUT YOU SEE I AM AN OLD WOMAN I WAS GOING TO TELL YOU A LITTLE ABOUT MY LIFE BUT I SUPPOSE YOU ALREADY KNOW MOST OF THE IMPORTANT THINGS,"I thought that you can serve yourself as a judge of a resort, or a golden judge, or a judge of a restaurant. I was going to tell him the riddles at my left, but I suppose you already know most of the important things.",0.40553503800038015,0.5653254730004846,0.38823152700024366,1.3590920380011084,0.024965028156356844,0.034801842081397714,0.023899811593437237,0.08366668183119179,1
283,mic_fileid_283_doa126_3spk.wav,SepFormer-sepformer-wsj03mix,1,16.867375,302,1,speechbrain/sepformer-wsj03mix,0,3.0054899507479407,,text_fileid_283_doa302_spk1.txt,0.6944444444444444,25,36,3.2269487380981445,3.5728020668029785,0.345853328704834,3.2110061645507812,3.0063490867614746,-0.20465707778930664,1.1685724258422852,1.3426517248153687,0.1740792989730835,AND ALL OF THEM FELL IN SO CHEERILY O DEAR ME IT IS A SCRAP OF OLD EPHREM THE SYRIAN IF THEY DID BUT KNOW IT AND WHEN AFTER THIS HARRY WOULD FAIN HAVE DRIVEN ON,"...and all of this going so purely because of his greed. It would be a scrap of old Elf from all the Syrians if they did that knowledge. And when, for this, every thing had driven on... ...his mother home.",0.43719133299964597,0.559359957000197,0.2814464429993677,1.2779977329992107,0.025919346252730256,0.03316224113118947,0.016685847264281947,0.07576743464820168,1
284,mic_fileid_284_doa4_3spk.wav,SepFormer-sepformer-wsj03mix,1,15.851625,256,1,speechbrain/sepformer-wsj03mix,2,2.57149891428049,,text_fileid_284_doa256_spk1.txt,0.40425531914893614,19,47,3.1257848739624023,3.82525897026062,0.6994740962982178,3.1179192066192627,2.707509756088257,-0.41040945053100586,1.235158085823059,1.2635297775268555,0.028371691703796387,THEN AS IT WAS DIFFICULT TO SUGGEST A MORE REASONABLE PROPOSAL HE AGREED TO IT BOTH DESCENDED TO THE CHAMBER IN WHICH THE WOUNDED MAN LAY THE LATTER ON SEEING THESE TWO NOBLE LORDS WHO CAME TO VISIT HIM ENDEAVORED TO RAISE HIMSELF UP IN HIS BED,"Then as a very difficult to suggest or reasonable proposal, he agreed to it. Both attended to the chamber in which the window man lay, a ladder on scene, he said, choose noble lords who he knew the visitant, and ever to raise himself up and his bed.",0.3687772560006124,0.554158175998964,0.2775568460001523,1.2004922779997287,0.023264318705534127,0.034959076813825964,0.017509677777524532,0.07573307329688463,1
285,mic_fileid_285_doa48_3spk.wav,SepFormer-sepformer-wsj03mix,1,17.0735,274,1,speechbrain/sepformer-wsj03mix,2,5.918396390469035,,text_fileid_285_doa274_spk1.txt,0.36666666666666664,11,30,5.032927989959717,6.4124836921691895,1.3795557022094727,5.018405914306641,6.054084300994873,1.0356783866882324,1.1733132600784302,1.327483892440796,0.15417063236236572,TAKE PART IN THE GAMES OF THE PRINCESS TILL AT LAST ONE FINE MORNING WHEN THE PRINCESS STARTED FROM BED AND HASTENED OUT TO JOIN HER GAY PLAYFELLOWS SHE SHUDDERED,"To take part in the games of the princess to the black, left-hand ruin, when the princess started from there, and she sent out to join her gay playfellows, she shuttered.",0.4331107210000482,0.44171352199919056,0.22848722500020813,1.103311467999447,0.02536742442967454,0.025871293056443645,0.013382565086256955,0.06462128257237514,1
286,mic_fileid_286_doa62_3spk.wav,SepFormer-sepformer-wsj03mix,1,15.479125,62,1,speechbrain/sepformer-wsj03mix,2,2.336369204228111,,text_fileid_286_doa62_spk1.txt,0.5714285714285714,20,35,3.2837891578674316,3.2490110397338867,-0.03477811813354492,3.2661948204040527,2.41018009185791,-0.8560147285461426,1.3213897943496704,1.2075875997543335,-0.11380219459533691,BY WHOM DID THE QUEEN SEND YOU THIS JEWEL SHE GAVE IT TO ME HERSELF WHERE IN THE ROOM ADJOINING THE CHAMBER IN WHICH SHE CHANGED HER TOILET HOW GIVING ME HER HAND TO KISS,"by whom the Queen sent you this jewel, and she gave it to me herself, where, in the room adjoined the chain ring that she changed her coin, and how, giving me her hand to kiss, she gave me the ring, and I gave it to her.",0.3854718149996188,0.6221854819996224,0.4434076239995193,1.4510649209987605,0.024902687651893685,0.04019513260598531,0.028645522534349925,0.09374334279222893,1
287,mic_fileid_287_doa99_3spk.wav,SepFormer-sepformer-wsj03mix,1,16.890875,147,1,speechbrain/sepformer-wsj03mix,2,1.1532017109699249,,text_fileid_287_doa147_spk1.txt,0.9347826086956522,43,46,3.5355727672576904,3.1801650524139404,-0.35540771484375,3.520745038986206,1.151650309562683,-2.369094729423523,1.1070669889450073,1.1511292457580566,0.044062256813049316,NO SOONER HAD CHARLES TAKEN INTO HIS HANDS THE REINS OF GOVERNMENT THAN HE SHOWED AN IMPATIENCE TO ASSEMBLE THE GREAT COUNCIL OF THE NATION AND HE WOULD GLADLY FOR THE SAKE OF DESPATCH HAVE CALLED TOGETHER THE SAME PARLIAMENT WHICH HAD SITTEN UNDER HIS FATHER,No scene of conducting a trabalho due to chance,0.4521213690004515,2.947997047998797,0.4148010360004264,3.814919452999675,0.026767196430051817,0.17453193206383902,0.024557699704747468,0.22585682819863828,1
288,mic_fileid_288_doa72_3spk.wav,SepFormer-sepformer-wsj03mix,1,15.811125,139,1,speechbrain/sepformer-wsj03mix,2,2.070136821010588,,text_fileid_288_doa139_spk1.txt,0.5227272727272727,23,44,3.1188912391662598,2.1859970092773438,-0.932894229888916,3.1031954288482666,2.0648579597473145,-1.0383374691009521,1.1931337118148804,1.2107517719268799,0.01761806011199951,I COULD NOT HAVE THAT ONE THING AND I WAS NEARER TO MY HEART'S LONGINGS THAN YOU HAVE EVER BEEN I CANNOT HAVE THAT ONE THING BUT I KNOW THAT THERE ARE OTHER THINGS AND I WILL NOT ALLOW MYSELF TO BE BROKEN HEARTED,"I did not have that one thing, and I'm not near it to put it hard enough to ever be. I cannot have that one thing. I knew it was a rather thing. But I would not allow myself to be brokenhearted.",0.3919479539999884,0.523985862999325,0.34230689899959543,1.2582407159989089,0.024789377985436734,0.03314032764900189,0.02164974971734114,0.07957945535177977,1
289,mic_fileid_289_doa174_3spk.wav,SepFormer-sepformer-wsj03mix,1,16.992125,232,1,speechbrain/sepformer-wsj03mix,0,5.337240889195577,,text_fileid_289_doa232_spk1.txt,0.8421052631578947,32,38,3.6677751541137695,6.131903171539307,2.464128017425537,3.654944658279419,5.337115287780762,1.6821706295013428,1.1543972492218018,1.2160991430282593,0.06170189380645752,NO ANSWER HE STRUCK AGAIN AND TWO KNOCKS NO MOVEMENT WAS HEARD IN THE HOUSE HE KNOCKED A THIRD TIME THERE WAS NO SOUND HE SAW THAT THEY WERE ALL ASLEEP AND DID NOT CARE TO GET UP,"The officer was in the operation. He struck the dam, struck the rocks, and then sent to Tide. No movement was allowed by the officers. The NARP, the authorities, is operating all set by the individual. He saw that they were all asleep and did not care enough.",0.4736894100005884,0.6484604260003834,0.4087046799995733,1.5308545160005451,0.027876996549906993,0.03816240911601012,0.02405259377503245,0.09009199944094956,1
290,mic_fileid_290_doa23_3spk.wav,SepFormer-sepformer-wsj03mix,1,17.44925,137,1,speechbrain/sepformer-wsj03mix,2,4.70920358349192,,text_fileid_290_doa137_spk1.txt,0.23076923076923078,9,39,5.909145355224609,5.206808090209961,-0.7023372650146484,5.896827697753906,4.693059921264648,-1.2037677764892578,1.2218108177185059,1.2487142086029053,0.026903390884399414,YOU SPEAK OF JEALOUSIES AND FEARS LAY YOUR HANDS ON YOUR HEARTS AND ASK YOURSELVES WHETHER I MAY NOT LIKEWISE BE DISTURBED WITH FEARS AND JEALOUSIES AND IF SO I ASSURE YOU THAT THIS MESSAGE HAS NOTHING LESSENED THEM,"You stand on jealousy in fears. Lay your hands on your hearts and ask yourself whether I may not be disdured with fears and jealousies, and if so, I assure you that this message has nothing less than them.",0.46766238400050497,0.469355531000474,0.379633302000002,1.316651217000981,0.026801288536785536,0.026898321188616934,0.021756425175867275,0.07545603490126974,1
291,mic_fileid_291_doa157_3spk.wav,SepFormer-sepformer-wsj03mix,1,16.552375,263,1,speechbrain/sepformer-wsj03mix,0,3.6067934421525614,,text_fileid_291_doa263_spk1.txt,0.5294117647058824,9,17,4.840872287750244,4.921292304992676,0.08042001724243164,4.827378749847412,3.9312634468078613,-0.8961153030395508,1.2600212097167969,1.3281155824661255,0.06809437274932861,INTRODUCTION THE HUMOROUS GHOST IS DISTINCTLY A MODERN CHARACTER IN EARLY LITERATURE WRAITHS TOOK THEMSELVES VERY SERIOUSLY,Introduction to the human race goes distinctly to a modern character. Early literatures raised themselves very seriously.,0.435038326000722,0.26972658399972715,0.24334267799895315,0.9481075879994023,0.026282532023393743,0.01629534033634008,0.014701375361478527,0.057279247721212345,1
292,mic_fileid_292_doa44_3spk.wav,SepFormer-sepformer-wsj03mix,1,15.133,338,1,speechbrain/sepformer-wsj03mix,2,2.9816411856931833,,text_fileid_292_doa338_spk1.txt,0.26666666666666666,8,30,2.274324893951416,3.4400782585144043,1.1657533645629883,2.2583229541778564,2.978346347808838,0.7200233936309814,1.161110758781433,1.2696850299835205,0.1085742712020874,NOTHING COULD SATISFY HIM OF THAT LESS THAN THE CONSCIOUS PRESENCE OF THE PERFECT CHARITY WITHOUT THAT HE WAS STILL OUTSIDE THE KINGDOM WANDERING IN A DREAM AROUND ITS WALLS,"Nothing to satisfy him that much was the conscious presence of a perfect character. Without that, he was still outside the kingdom, wandering in a dream around the world.",0.38164836499890953,0.3108927789999143,0.30547723900053825,0.9980183829993621,0.0252196104539027,0.02054402821647488,0.020186165267993012,0.06594980393837059,1
293,mic_fileid_293_doa94_3spk.wav,SepFormer-sepformer-wsj03mix,1,16.107875,340,1,speechbrain/sepformer-wsj03mix,1,1.959953043524251,,text_fileid_293_doa340_spk1.txt,0.8571428571428571,24,28,3.9242701530456543,2.4317433834075928,-1.4925267696380615,3.912748098373413,2.000136375427246,-1.912611722946167,1.2407429218292236,1.259074330329895,0.018331408500671387,BUT THE PICTURE BUT THE SIGN OF A KING WAR ON ANY TERMS WAS ESTEEMED BY THE KING AND ALL THE COUNSELLORS PREFERABLE TO SO IGNOMINIOUS A PEACE,"But the picture what the sign of the can in running trouble and war on English ministry was deemed by the king and all the �為什麼 were all wrongfully so anerk or means of nur. Right then, one three here.",0.40640521199929935,3.2000922900006117,0.3145958419991075,3.9210933439990185,0.025230218883577092,0.19866632252861482,0.019530561417884576,0.2434271028300765,1
294,mic_fileid_294_doa175_3spk.wav,SepFormer-sepformer-wsj03mix,1,17.35675,296,1,speechbrain/sepformer-wsj03mix,1,3.0119314201932053,,text_fileid_294_doa296_spk1.txt,0.32608695652173914,15,46,3.8816027641296387,3.5970211029052734,-0.28458166122436523,3.863267660140991,3.01133131980896,-0.8519363403320312,1.134942889213562,1.2805883884429932,0.14564549922943115,FOR THEY LAY UNDER A WHOLE BODY OF SHROUDS COMPLICATED BY A MASS OF OTHER GEAR AGAINST WHICH LEANED A PORTION OF THE CABOOSE I VIEWED THEM LONG ENOUGH TO SATISFY MY MIND THAT THEY WERE DEAD AND THEN WITH A HEART OF LEAD TURNED AWAY,"For they lay under a body of shrouds, complicated by an ounce of other gift, a beam which leaves a portion of the pudding. So I viewed them longing to satisfy my mind that they were dead to them, and the heart of lead turned away.",0.46409660799872654,0.5143049870002869,0.3863340209991293,1.3647356159981427,0.026738681377488673,0.029631410661574712,0.022258430927398806,0.0786285229664622,1
295,mic_fileid_295_doa80_3spk.wav,SepFormer-sepformer-wsj03mix,1,16.098,80,1,speechbrain/sepformer-wsj03mix,1,5.752383358888596,,text_fileid_295_doa80_spk1.txt,0.45,18,40,4.365055561065674,6.342961311340332,1.9779057502746582,4.350240707397461,5.751190185546875,1.400949478149414,1.394955039024353,1.6017932891845703,0.20683825016021729,A BIG WOMAN HULLO WENDY HE SAID NOT NOTICING ANY DIFFERENCE FOR HE WAS THINKING CHIEFLY OF HIMSELF AND IN THE DIM LIGHT HER WHITE DRESS MIGHT HAVE BEEN THE NIGHTGOWN IN WHICH HE HAD SEEN HER FIRST HULLO PETER,"Hello, Wendy. He said not to assume any difference. For he was thinking she'd clear a few seconds. And in the dim light, her white dress might have fit tonight down once she had seen her first. Hello, Peter.",0.439564906000669,0.48410643999886815,0.30526807800015376,1.228939423999691,0.02730556006961542,0.030072458690450252,0.018963105851668143,0.07634112461173381,1
296,mic_fileid_296_doa65_3spk.wav,SepFormer-sepformer-wsj03mix,1,15.861625,203,1,speechbrain/sepformer-wsj03mix,2,3.0248227830030583,,text_fileid_296_doa203_spk1.txt,1.03125,33,32,3.7224419116973877,3.8376376628875732,0.11519575119018555,3.6937334537506104,3.1100642681121826,-0.5836691856384277,1.1699252128601074,1.180519938468933,0.010594725608825684,THE TARTAR TRIBE WHO DWELT EAST OF THE SEA OF AZOF WITH THIS PRINCE THE EXILE SO INGRATIATED HIMSELF THAT HE RECEIVED IN MARRIAGE HIS SISTER WHO WAS BAPTIZED AND CHRISTENED THEODORA,"The Targis tribe who was even to see the last. With this Prince, the Excellency so nancy of his last, that he was named and married to the city's heart, who was baptized in the fifth and the big adored. You may, Henry. Rejoin the day.",0.379224415999488,0.6031127989990637,0.2786078040007851,1.2609450189993368,0.02390829539845306,0.038023392874252396,0.017564896661015822,0.07949658493372128,1
297,mic_fileid_297_doa40_3spk.wav,SepFormer-sepformer-wsj03mix,1,16.89175,40,1,speechbrain/sepformer-wsj03mix,1,7.189006601485952,,text_fileid_297_doa40_spk1.txt,0.41304347826086957,19,46,4.241583824157715,7.803229808807373,3.561645984649658,4.216712951660156,7.171566009521484,2.954853057861328,1.1634401082992554,1.582840919494629,0.41940081119537354,THEY HAD HEARD OUR SHOT AND CAME ACROSS TO SEE WHAT LUCK WHAT IVER IS THE MATTER WITH YE ASKED MISSUS O'SHAUGHNESSY MISTER HAYNES TOLD HER THEY HAD HEARD THE NOISE BUT HAD THOUGHT IT THUNDER MISTER HAYNES TOLD ME THAT IF I WOULD CHIRK UP,"They had heard our shant and came upon to see what luck. What fever is the matter with ye, as with the shanty? Mr. Haynes told, they had heard the noise that had thawed at thunder. Mr. Haynes told me that it's a year of cheer go.",0.41813887799980876,0.5686053509998601,0.3567834909990779,1.3435277199987468,0.024754029511436577,0.03366171953763584,0.02112176008993017,0.07953750913900258,1
298,mic_fileid_298_doa53_3spk.wav,SepFormer-sepformer-wsj03mix,1,16.131,113,1,speechbrain/sepformer-wsj03mix,2,2.6879430121167163,,text_fileid_298_doa113_spk1.txt,0.3225806451612903,10,31,6.920991897583008,4.575153827667236,-2.3458380699157715,6.900190353393555,2.698086738586426,-4.202103614807129,1.3898980617523193,1.303459882736206,-0.08643817901611328,WHAT HAVE YOU DONE HAVE YOU GIVEN HIM ANYTHING BROKE IN THE BOY HURRIEDLY I TOOK A BLEEDING FROM HIM LITTLE SHORT OF SIXTEEN OUNCES FROM THE TEMPORIAL SAID BILLY PROUDLY,"What have you done? Have you given him anything? Broke. Injured willers hardly. I took a bleeding from him, a little short of 16 ounces from the temp oil.",0.42168012999900384,0.40482756899837113,0.23540492500069377,1.0619126239980687,0.026140978860517253,0.025096247535699653,0.014593324964397357,0.06583055136061426,1
299,mic_fileid_299_doa50_3spk.wav,SepFormer-sepformer-wsj03mix,1,16.634375,134,1,speechbrain/sepformer-wsj03mix,0,4.831623045502084,,text_fileid_299_doa134_spk1.txt,0.46153846153846156,18,39,3.8009767532348633,5.501987457275391,1.7010107040405273,3.7826788425445557,4.880558013916016,1.09787917137146,1.175764560699463,1.2608288526535034,0.08506429195404053,INDEED MAMMA YOU ARE MISTAKEN SAID ELIZABETH BLUSHING FOR HER MOTHER YOU QUITE MISTOOK MISTER DARCY HE ONLY MEANT THAT THERE WAS NOT SUCH A VARIETY OF PEOPLE TO BE MET WITH IN THE COUNTRY AS IN THE TOWN,"In need, Mama, you are mistaken. You are a little bit less human than our Lord. You quite mistook, Mr. Dutch. He only meant that there was not such a variety of people to be met with in the country of the now.",0.45027681499959726,0.6110555039995234,0.46134800300023926,1.5226803219993599,0.027069055194415017,0.03673450334019303,0.027734615998511476,0.09153817453311952,1
300,mic_fileid_300_doa68_3spk.wav,SepFormer-sepformer-wsj03mix,1,16.464375,219,1,speechbrain/sepformer-wsj03mix,2,5.596308609273144,,text_fileid_300_doa219_spk1.txt,0.5333333333333333,16,30,5.2289299964904785,7.415857315063477,2.186927318572998,5.213428020477295,6.087289810180664,0.8738617897033691,1.1209428310394287,1.2360305786132812,0.11508774757385254,UNDER COLOR OF REDRESSING GRIEVANCES WHICH DURING THIS SHORT REIGN COULD NOT BE VERY NUMEROUS THEY WERE TO PROCEED IN REGULATING AND CONTROLLING EVERY PART OF GOVERNMENT WHICH DISPLEASED THEM,"On the call of regressing grievances, which during this short reign stopped in her illness, they were to proceed with the removal of every part of government in specific.",0.5092891250005778,0.449872007000522,0.3149461800003337,1.2741073120014335,0.030932794290738502,0.027323965045774407,0.01912894841136294,0.07738570774787584,1
301,mic_fileid_301_doa9_3spk.wav,SepFormer-sepformer-wsj03mix,1,16.061,230,1,speechbrain/sepformer-wsj03mix,0,7.16365506526418,,text_fileid_301_doa230_spk1.txt,0.631578947368421,24,38,5.366682529449463,8.544898986816406,3.1782164573669434,5.355651378631592,7.160039901733398,1.8043885231018066,1.3547295331954956,1.3752385377883911,0.020509004592895508,FIVE WERE TO BE TRIED TOGETHER NEXT AS ENEMIES OF THE REPUBLIC FORASMUCH AS THEY HAD NOT ASSISTED IT BY WORD OR DEED SO QUICK WAS THE TRIBUNAL TO COMPENSATE ITSELF AND THE NATION FOR A CHANCE LOST,"Finally, we try together. Next, the enemies of the Republic. Fourth match, as they have not just developed fireworks as they were. Both wait with the terminal to compensate itself in a nation where a channel clothed.",0.44340119499975117,0.49846492800134,0.2839414449990727,1.2258075680001639,0.02760732177322403,0.03103573426320528,0.017678939356146735,0.07632199539257604,1
302,mic_fileid_302_doa36_3spk.wav,SepFormer-sepformer-wsj03mix,1,16.232375,36,1,speechbrain/sepformer-wsj03mix,0,3.6561685263675416,,text_fileid_302_doa36_spk1.txt,0.16216216216216217,6,37,5.293177127838135,5.846457481384277,0.5532803535461426,5.283583641052246,3.6399683952331543,-1.6436152458190918,1.1985551118850708,1.317753553390503,0.11919844150543213,SO THAT NOW ALL OUR EXTENUATIONS ABATED AND IT WAS NO MORE TO BE CONCEALED NAY IT QUICKLY APPEARED THAT THE INFECTION HAD SPREAD ITSELF BEYOND ALL HOPES OF ABATEMENT THAT IN THE PARISH OF SAINT GILES,"So that now all our extendulations evaded, and it was no more to be concealed. Nay, it quickly appeared that the infection had spread its off beyond all hopes of evaporation. That in the parish of St. Giles.",0.42773185499936517,0.49593619700135605,0.32220265099931567,1.2458707030000369,0.02635054050928254,0.03055228806637082,0.019849384393800393,0.07675221296945375,1
303,mic_fileid_303_doa40_3spk.wav,SepFormer-sepformer-wsj03mix,1,16.790875,40,1,speechbrain/sepformer-wsj03mix,1,5.920254923789474,,text_fileid_303_doa40_spk1.txt,0.4827586206896552,14,29,6.935088634490967,7.494853496551514,0.5597648620605469,6.9132399559021,5.996742248535156,-0.9164977073669434,1.28269362449646,1.5565123558044434,0.2738187313079834,AND THERE'S ONLY A WAY OUT OF IT FOR ONE OF US MAC DO YOU UNDERSTAND I WAS PUT OUT OF THE WAY ARRESTED I FOUND EM ALONE TOGETHER,"And there's only a way out of this for one of us. Man, do you understand? I just put out of the way of a rat in this place. I found him a love of the together.",0.4164965559994016,0.4448970459998236,0.21951637199890683,1.080909973998132,0.02480493458496961,0.026496358647171373,0.01307355167606851,0.0643748449082095,1
304,mic_fileid_304_doa128_3spk.wav,SepFormer-sepformer-wsj03mix,1,15.235625,343,1,speechbrain/sepformer-wsj03mix,0,5.628783134887687,,text_fileid_304_doa343_spk1.txt,0.24,12,50,3.7819604873657227,6.016655921936035,2.2346954345703125,3.771211624145508,5.435810089111328,1.6645984649658203,1.1966493129730225,1.5601505041122437,0.3635011911392212,THE OLD WOMAN'S FACE BRIGHTENED SHE SHOWED HIM WHERE TO SEEK THE WATER AND WHEN HE RETURNED A FEW MINUTES LATER WITH HIS POT FILLED TO THE BRIM SHE LED THE WAY WITHOUT A WORD AND HE FOLLOWED IN A SHORT WHILE THEY CAME TO A HUT IN THE FOREST,"The old woman's face frightened. She showed him where to see to water, and when he returned it came back later with his paw filled with a brim. She left away without a word and he followed. In a short while, they came to a hut in the forest.",0.3606398080009967,0.4832164070012368,0.24038151999957336,1.0842377350018069,0.023670824662657207,0.031716218205766866,0.015777594946027703,0.07116463781445177,1
305,mic_fileid_305_doa32_3spk.wav,SepFormer-sepformer-wsj03mix,1,15.938625,276,1,speechbrain/sepformer-wsj03mix,1,2.670725734949477,,text_fileid_305_doa276_spk1.txt,0.7096774193548387,22,31,3.6076459884643555,4.006441116333008,0.39879512786865234,3.5925111770629883,3.2214083671569824,-0.37110280990600586,1.2464754581451416,1.3630614280700684,0.11658596992492676,THE APPLICATION AND DISBURSEMENT OF THE PUBLIC MONEYS IN CONFORMITY TO THE GENERAL APPROPRIATIONS OF THE LEGISLATURE THE ARRANGEMENT OF THE ARMY AND NAVY THE DIRECTIONS OF THE OPERATIONS OF WAR,"The application in dispersion of the public leave means the form of the general appropriation of the legisometer. The arrangement of the carvings, the direction of the operation and more. The measurements were taken from my court.",0.41353377799896407,0.45971670000108134,0.24765205099902232,1.1209025289990677,0.025945386004060204,0.028842933440060316,0.015537855429751458,0.07032617487387198,1
306,mic_fileid_306_doa57_3spk.wav,SepFormer-sepformer-wsj03mix,1,17.956625,57,1,speechbrain/sepformer-wsj03mix,0,6.757577396450229,,text_fileid_306_doa57_spk1.txt,0.6538461538461539,34,52,7.376377582550049,7.455638408660889,0.07926082611083984,7.357792854309082,6.750417232513428,-0.6073756217956543,1.356429934501648,1.54477858543396,0.188348650932312,ABOUT CRISTEL AFTER LOOKING ROUND THE KITCHEN AGAIN I ASKED WHERE SHE WAS SITTING FORLORN IN HER BEDROOM CRYING HER FATHER TOLD ME I WENT OUT FOR A WALK BY THE RIVER AND I SAT DOWN AND BEING SUNDAY I FELL ASLEEP WHEN I WOKE AND GOT HOME AGAIN JUST NOW THAT,"I've actually come to Bradley's kitchen in the area, and that's where she works. Who? As he is sitting in the corner of the bedroom crying. You stop and talk and talk to me. I went out for a walk while I was at the river, and I sat down. Indeed, Sunday I fell asleep. When I woke and got home again, just now, that...",0.5080789130006451,0.8538248559998465,0.38136281299921393,1.7432665819997055,0.02829478885930096,0.04754929481457938,0.021238000626465938,0.09708208430034629,1
307,mic_fileid_307_doa86_3spk.wav,SepFormer-sepformer-wsj03mix,1,17.69675,86,1,speechbrain/sepformer-wsj03mix,0,2.1480141961584325,,text_fileid_307_doa86_spk1.txt,0.575,23,40,3.1594364643096924,2.907027244567871,-0.2524092197418213,3.151106357574463,2.1481823921203613,-1.0029239654541016,1.1714179515838623,1.1701655387878418,-0.0012524127960205078,HE WAS IMMEDIATELY RECOGNIZED AS ONE OF THEM THE HANDKERCHIEF WAS THROWN DOWN AND THE IRON HEELED SHOE REPLACED ON THE FOOT OF THE WRETCH TO WHOM IT BELONGED SOME VOICES WERE HEARD TO SAY THAT THE GENTLEMAN WAS RIGHT,"He was immediately recognized as one of them. The handkerchief was thrown down. There could be iron on the chair, placed on the top of the rack. There was nothing to be found. Some were drew to the array of the jet-on-the-dryer circulation feast.",0.5501329689996055,0.6368992530005926,0.3883570990001317,1.5753893210003298,0.031086666704316073,0.03598961690709269,0.021945108508631905,0.08902139212004066,1
308,mic_fileid_308_doa107_3spk.wav,SepFormer-sepformer-wsj03mix,1,16.237625,107,1,speechbrain/sepformer-wsj03mix,1,4.229466250689874,,text_fileid_308_doa107_spk1.txt,0.2,7,35,4.436539173126221,5.080882549285889,0.644343376159668,4.422257423400879,4.220643520355225,-0.2016139030456543,1.0951051712036133,1.224083662033081,0.12897849082946777,AND YOU STAY YOUNG YOUTH IS GROWTH KEEP GROWING AND YOU KEEP YOUNG A NEW IDEA WILL MAKE YOU FEEL YOUNGER DEVELOP IT AND IT WILL DEVELOP YOU QUICKEN YOUR MENTAL THROB WITH NEW IDEAS,"And you stay young. Use this growth to move shoes, keep growing, and you keep young. A new idea will make you feel younger. Develop this, and it will develop you. Quicken your mental drop with new ideas.",0.5092720190004911,0.47831659199982823,0.3684562719990936,1.356044882999413,0.03136370121865058,0.0294573000669635,0.02269151258260328,0.08351251386821736,1
309,mic_fileid_309_doa45_3spk.wav,SepFormer-sepformer-wsj03mix,1,16.827125,45,1,speechbrain/sepformer-wsj03mix,2,4.072096931461095,,text_fileid_309_doa45_spk1.txt,0.6304347826086957,29,46,5.430739879608154,4.476584434509277,-0.954155445098877,5.417610168457031,4.067852020263672,-1.3497581481933594,1.4490478038787842,1.3945573568344116,-0.05449044704437256,THE SUN SHONE ON THEM AND THE RAIN FELL ON THEM SO IT WAS NOT LONG BEFORE THEY GREW TALL OH HOW PRETTY THEY ARE SAID THE GREAT OAK AND STOOPED HIS CROOKED BOUGHS STILL MORE SO THAT THEY COULD GET A GOOD VIEW OF THEM,"I'm sure rather than to spread the word of the people, I will not want to be protected or trapped. Oh, pretty they are, but the great old stupid, crooked, bad old, stupid woman, so that they could get a good view of them.",0.5121679000003496,0.5419197640003404,0.37588936899919645,1.4299770329998864,0.0304370413840956,0.0322051309418775,0.02233830015520753,0.08498047248118062,1
310,mic_fileid_310_doa57_3spk.wav,SepFormer-sepformer-wsj03mix,1,17.172375,57,1,speechbrain/sepformer-wsj03mix,0,2.7152077799605574,,text_fileid_310_doa57_spk1.txt,1.2666666666666666,38,30,4.053844451904297,4.439095497131348,0.3852510452270508,4.0470871925354,2.7031447887420654,-1.343942403793335,1.4054713249206543,1.3795409202575684,-0.025930404663085938,THOU HAST PUT ALL THINGS UNDER HIS FEET SAYS THE PSALMIST GOD ACCOMPANIED THIS GIFT WITH THESE WORDS ADDRESSED TO OUR FIRST PARENTS AFTER THE CREATION BE FRUITFUL AND MULTIPLY,"Now, as crystals fill the center of the screen, they will put signs in order to come up with the most accurate of these words. And just through a person, they will have to create a story. In crystals and multiple letters.",0.5620769640008803,0.5185788159997173,0.3585167999990517,1.4391725799996493,0.03273146341148969,0.030198433006483807,0.020877531500392447,0.08380742791836594,1
311,mic_fileid_311_doa16_3spk.wav,SepFormer-sepformer-wsj03mix,1,16.474125,102,1,speechbrain/sepformer-wsj03mix,2,3.505495988041459,,text_fileid_311_doa102_spk1.txt,0.7714285714285715,27,35,2.2566819190979004,3.9668972492218018,1.7102153301239014,2.23186993598938,3.7099788188934326,1.4781088829040527,1.1227879524230957,1.2666853666305542,0.1438974142074585,AND WE CONCLUDED THAT HE HAD PUSHED ON DOWN THE STREAM I DETERMINED TO KEEP OUT FROM THE RIVER ALONG WHICH IT WAS NEARLY IMPRACTICABLE TO TRAVEL WITH ANIMALS UNTIL IT SHOULD FORM A VALLEY,"And we concluded that the law is done now to the dream. I determined to keep that law to the next. Along with it with your new impractical ability to travel with animals, I feel it should come to that. Window paintings, furniture, and people.",0.5265478689998417,0.5616544690001319,0.2835121549996984,1.371714492999672,0.031962114467374854,0.03409312901292979,0.0172095425401773,0.08326478602048194,1
312,mic_fileid_312_doa88_3spk.wav,SepFormer-sepformer-wsj03mix,1,14.87775,181,1,speechbrain/sepformer-wsj03mix,0,6.590208490023667,,text_fileid_312_doa181_spk1.txt,0.8064516129032258,25,31,6.392837047576904,8.24679946899414,1.8539624214172363,6.38093376159668,6.5895490646362305,0.20861530303955078,1.1587151288986206,1.1603950262069702,0.0016798973083496094,ALL ITS LETHARGIES MINGLE THEIR NIGHTMARES ITS SLUMBERS ARE A CROWD AND FROM ITS HUMAN BODIES LYING PRONE THERE ARISES A VAPOUR OF DREAMS SLEEP HAS GLOOMY ASSOCIATES BEYOND THIS LIFE,All its irregularities mel<|km|> apron like thisbiom requirements are a crowd. Not just a,0.4578294540006027,5.269355537999218,0.33101433199954045,6.058199323999361,0.030772761607138356,0.3541769110247999,0.022248951084642532,0.40719862371658083,1
313,mic_fileid_313_doa50_3spk.wav,SepFormer-sepformer-wsj03mix,1,17.7145,113,1,speechbrain/sepformer-wsj03mix,0,5.319833288301236,,text_fileid_313_doa113_spk1.txt,0.62,31,50,3.672987937927246,6.117464542388916,2.44447660446167,3.657783031463623,5.296553611755371,1.638770580291748,1.3097434043884277,1.389880895614624,0.08013749122619629,HERE I FEEL UNEASY ABOUT THE NAME OF THIS LILY FOR THE COMPOSITORS HAVE A PERVERSE TRICK OF MAKING ME SAY ALL KINDS OF ABSURD THINGS WHOLLY UNWARRANTED BY PLAIN COPY AND I FEAR THAT THE LILY OF SAN PITCH WILL APPEAR IN PRINT AS THE WIDOW OF SAM PATCH,"Here I feel uneasy about the nature of this little window, for the compositor has a perverse print of making sure all of his looks are done, always and more is his plan to make sure. And I feel that his little little sand pitch, is clearly in print as the window of sand patch.",0.4724378449991491,0.6581639329997415,0.4001872230001027,1.5307890009989933,0.026669555731132635,0.03715396612942739,0.02259094092410752,0.08641446278466754,1
314,mic_fileid_314_doa25_3spk.wav,SepFormer-sepformer-wsj03mix,1,15.247375,25,1,speechbrain/sepformer-wsj03mix,1,3.721233875277528,,text_fileid_314_doa25_spk1.txt,0.2571428571428571,9,35,6.738459587097168,6.723217010498047,-0.015242576599121094,6.728133678436279,3.718588352203369,-3.00954532623291,1.2268437147140503,1.335397720336914,0.10855400562286377,NONE I'VE NO MORE VIRTUE TO LOSE JUST AS A COOLING POT GIVES OFF HEAT SO ALL THROUGH YOUTH AND ADOLESCENCE WE GIVE OFF CALORIES OF VIRTUE THAT'S WHAT'S CALLED INGENUOUSNESS QUESTION AN INTERESTING IDEA,"I've no more virtue blues. Just as a corn pot gives off heat, so all through youth and adolescence would give off a hallowed of virtue of what's called ingeniousness. Question. An interesting idea.",0.3716826790005143,0.5586978730007104,0.28250081000078353,1.2128813620020082,0.024376830700400188,0.03664223336808535,0.018527832495808853,0.0795468965642944,1
315,mic_fileid_315_doa207_3spk.wav,SepFormer-sepformer-wsj03mix,1,17.059875,207,1,speechbrain/sepformer-wsj03mix,2,-0.43632217768901316,,text_fileid_315_doa207_spk1.txt,0.6851851851851852,37,54,4.105736255645752,1.3037850856781006,-2.8019511699676514,4.081632614135742,-0.44610369205474854,-4.527736306190491,1.4432634115219116,1.2617300748825073,-0.1815333366394043,HE DID NOT CONCERN HIMSELF WITH THE INTERESTS OF HIS OWN CLASS AND CONSEQUENTLY SOME THOUGHT HIM PROUD AND OTHERS THOUGHT HIM STUPID THE WHOLE SUMMER FROM SPRING SOWING TO HARVEST HE WAS BUSY WITH THE WORK ON HIS FARM IN AUTUMN HE GAVE HIMSELF UP TO HUNTING WITH THE SAME BUSINESS LIKE SERIOUSNESS,The lady on the other side of the house was interested in another class. We asked her to find another student. The whole center told her to come to the office. She was busy with the work on the spot. Then Auden gave herself up to hunting with the same business life seriousness.,0.4761161959995661,0.7180119389995525,0.37161509200086584,1.5657432269999845,0.02790853954085631,0.042087760842301154,0.021782990320905974,0.09177929070406345,1
316,mic_fileid_316_doa105_3spk.wav,SepFormer-sepformer-wsj03mix,1,16.557375,105,1,speechbrain/sepformer-wsj03mix,0,2.3972367747326917,,text_fileid_316_doa105_spk1.txt,0.975609756097561,40,41,3.3353469371795654,3.4871156215667725,0.15176868438720703,3.3222641944885254,2.4355812072753906,-0.8866829872131348,1.1849488019943237,1.214221477508545,0.02927267551422119,IT WILL BE SEEN THEN THAT THE COLLEGE EDUCATED MEN AND WOMEN OF MY RACE HAVE ACCOMPLISHED QUITE A FEAT CONSIDERING THEIR ANTECEDENTS AND WHOLLY FOREIGN POINT OF VIEW THEY HAVE HAD TO ADJUST THEMSELVES TO A NEW WAY OF THINKING,it was க kernels services depósƒ измен gerol some you,0.43461346399999456,1.4284441489999153,0.29410843100049533,2.1571660440004052,0.026248935232788685,0.08627238007231915,0.017762986644954005,0.13028430195006185,1
317,mic_fileid_317_doa4_3spk.wav,SepFormer-sepformer-wsj03mix,1,17.430125,180,1,speechbrain/sepformer-wsj03mix,0,6.042965790656818,,text_fileid_317_doa180_spk1.txt,0.6428571428571429,18,28,3.62821626663208,7.092888355255127,3.464672088623047,3.6167407035827637,6.035239219665527,2.4184985160827637,1.1786175966262817,1.1405587196350098,-0.03805887699127197,IN THE ORDINARILY ACCEPTED SENSE IN THE REALM OF CONJECTURE IN THE SCHEME OF THINGS IN THE TONE OF ONE WHO MORALIZES IN THE TWINKLING OF AN EYE,"in the ordinary existence here, in the game of the signature, in the shooting of the code, in the telomus when the memorial is, in the town plant of Illinois.",0.4842806750002637,0.4451841930003866,0.4260901070010732,1.3555549750017235,0.027784119448383975,0.025541078621087718,0.024445613958653377,0.07777081202812507,1
318,mic_fileid_318_doa38_3spk.wav,SepFormer-sepformer-wsj03mix,1,17.539,38,1,speechbrain/sepformer-wsj03mix,0,4.000538354692714,,text_fileid_318_doa38_spk1.txt,0.5,12,24,7.3584442138671875,5.345891952514648,-2.012552261352539,7.330526351928711,4.302476406097412,-3.028049945831299,1.8078627586364746,1.7047735452651978,-0.10308921337127686,NAY EDWARD RECOLLECT THAT I HAVE AS EDITH OBSERVED PASSED MY LIFE IN THE WOODS EDWARD WAS MOST KINDLY RECEIVED BY MISTER HEATHERSTONE EDWARD,"May Edward, correct and like that I have, as he did the absurd to pass my life in the woods. Edward was most kindly received by Mr. Heverson. Edward.",0.4514711810006702,0.3837895109991223,0.2079079119994276,1.04316860399922,0.025740987570595255,0.02188206345852798,0.011854034551538148,0.05947708558066138,1
319,mic_fileid_319_doa41_3spk.wav,SepFormer-sepformer-wsj03mix,1,17.095125,198,1,speechbrain/sepformer-wsj03mix,2,5.652165466131596,,text_fileid_319_doa198_spk1.txt,0.5555555555555556,20,36,3.6098456382751465,6.588342189788818,2.978496551513672,3.5897862911224365,5.916616916656494,2.3268306255340576,1.217628002166748,1.6228091716766357,0.4051811695098877,THE NEWS FLEW LIKE WILDFIRE GILBERT BLYTHE PORING OVER A TEXT BOOK AT HOME HEARD IT FROM HIS FATHER'S HIRED BOY AT SUNSET AND RUSHED BREATHLESSLY TO GREEN GABLES JOINED ON THE WAY BY FRED WRIGHT,"A new smooth like wildfire. Gilbert blinds, pours over a textbook and hums, and whirrs into the father's hiring boy at sunset, and rushes breathlessly to Green Gables, going down the way by a friend right.",0.43813801199939917,0.5387249039995368,0.23475551400042605,1.211618429999362,0.025629412595660997,0.031513364424041165,0.01373230754384224,0.0708750845635444,1
320,mic_fileid_320_doa73_3spk.wav,SepFormer-sepformer-wsj03mix,1,15.801625,73,1,speechbrain/sepformer-wsj03mix,2,2.049959892216196,,text_fileid_320_doa73_spk1.txt,0.34210526315789475,13,38,4.946793079376221,3.350963830947876,-1.5958292484283447,4.933368682861328,2.3457345962524414,-2.5876340866088867,1.458063006401062,1.3374764919281006,-0.12058651447296143,EACH TIME THE FLY TOUCHED HIS FACE IT GAVE HIM A BURNING SENSATION AND YET TO HIS SURPRISE IT DID NOT DESTROY THE STRUCTURE THOUGH IT KNOCKED AGAINST THE VERY REGION OF HIS FACE WHERE IT WAS RISING,"Each time the flight touched its face, it gave them a burning sensation, and yet to make surprise, it did not destroy and destroy the Earth. Though it knocked against the very region of space, where it was granted, it always struck.",0.39483280799868226,0.5120912300008058,0.2951823660005175,1.2021064040000056,0.024986848377852422,0.032407504291540004,0.01868050697320798,0.0760748596426004,1
321,mic_fileid_321_doa43_3spk.wav,SepFormer-sepformer-wsj03mix,1,18.1805,301,1,speechbrain/sepformer-wsj03mix,0,6.594056505014283,,text_fileid_321_doa301_spk1.txt,0.95,38,40,4.502477645874023,7.490509986877441,2.988032341003418,4.48685359954834,6.625411033630371,2.1385574340820312,1.1266422271728516,1.2517439126968384,0.12510168552398682,IT WAS FORTUNATE THAT JAMES COULD GO A LONG TIME WITHOUT FOOD FOR IT TOOK NEARLY ALL HE COULD EARN FROM HIS PICTURES TO BUY PAINT AND CANVAS FOR OTHERS I DARE SAY THAT QUITE OFTEN WHEN IT WAS SAID,"The other person that I'm trying to tell a lot of times I have issues, where it's nearly all of the art-binding systems that I paint and paint, and I'm just growing. I guess I'm just going to fight off in a minute with Dad.",0.47192963999987114,0.609055482000258,0.28804423499968834,1.3690293569998175,0.025958012155874215,0.03350048029483557,0.015843581584647746,0.07530207403535753,1
322,mic_fileid_322_doa9_3spk.wav,SepFormer-sepformer-wsj03mix,1,15.829625,9,1,speechbrain/sepformer-wsj03mix,0,3.768169186085799,,text_fileid_322_doa9_spk1.txt,1.121212121212121,37,33,2.533785581588745,4.157522678375244,1.623737096786499,2.5121827125549316,3.7885751724243164,1.2763924598693848,1.1962350606918335,1.3240715265274048,0.1278364658355713,AND THE STORM BROKE THEM OFF AND CAST THEM ON THE GROUND THE OLD OAK HAD NOW ONLY A FEW LEAVES LEFT AT THE VERY TOP THE END IS NEAR HE SAID GRAVELY,"The storm brought us to the past and on from the old. The old ocean now, both of these lakes must have been very tough. And in the years to come, we made the feelings of some radical change in my life were had.",0.37558659199930844,0.5111353540014534,0.311655150999286,1.1983770970000478,0.02372681551201045,0.03228979549429967,0.01968809437995442,0.07570470538626455,1
323,mic_fileid_323_doa100_3spk.wav,SepFormer-sepformer-wsj03mix,1,15.22175,189,1,speechbrain/sepformer-wsj03mix,0,2.4844497612030976,,text_fileid_323_doa189_spk1.txt,0.7407407407407407,20,27,3.7272865772247314,3.1652395725250244,-0.562047004699707,3.6976747512817383,2.484347343444824,-1.213327407836914,1.2285891771316528,1.291047215461731,0.062458038330078125,BETWEEN MUNICIPAL AND INTERNATIONAL LAW MOREOVER THE QUESTIONS WHICH SOMETIMES INVOLVE NATIONS IN WAR ARE FAR MORE DIFFICULT AND COMPLEX THAN ANY QUESTIONS THAT AFFECT MERELY INDIVIDUALS,"which he has been supposedly an international law. All rather than wishing to accept that the world is equal in war, are far more disqualified and complex than any question that affects merely individuals.",0.35755340000105207,0.4292406540007505,0.2705818439990253,1.0573758980008279,0.023489638182275497,0.02819916593037926,0.017776001051063466,0.06946480516371822,1
324,mic_fileid_324_doa14_3spk.wav,SepFormer-sepformer-wsj03mix,1,15.503375,14,1,speechbrain/sepformer-wsj03mix,0,4.601603786696462,,text_fileid_324_doa14_spk1.txt,1.2,42,35,2.2180566787719727,5.750514984130859,3.5324583053588867,2.1968612670898438,4.601250648498535,2.4043893814086914,1.0955986976623535,1.1422463655471802,0.04664766788482666,WHICH HE TOOK FOR THE OCEAN HE NO LONGER KNEW IN WHAT DIRECTION THE SEA LAY HE RETRACED HIS STEPS STRUCK TO THE LEFT BY MAIDEN STREET AND RETURNED AS FAR AS SAINT ALBAN'S ROW,"Can she still play the opening? She's been a long and otherwise good actress since she was little. He may try to stay, but she's not too aware of what her name is called. He'll try his best to stay out of the world.",0.38111094099986076,0.5542983739996998,0.3390031290000479,1.2744124439996085,0.024582450014907126,0.03575340040473122,0.02186640837882383,0.08220225879846217,1
325,mic_fileid_325_doa27_3spk.wav,SepFormer-sepformer-wsj03mix,1,16.922,340,1,speechbrain/sepformer-wsj03mix,1,3.89618235062134,,text_fileid_325_doa340_spk1.txt,0.8,32,40,3.0530178546905518,5.236712455749512,2.18369460105896,3.0375304222106934,3.864097833633423,0.8265674114227295,1.1098443269729614,1.2544567584991455,0.14461243152618408,ALL HIS GLOOM AND MISERY VANISHED IN A MOMENT AND HE ANXIOUSLY QUESTIONED THE WELCOME MESSENGER AS TO THE FATE OF THE PRINCESS BUT THE MAGPIE KNEW NO MORE THAN THE LESSON HE HAD LEARNT SO HE SOON FLUTTERED AWAY,"The double-pattern is reached, banished, and disordered, and he anxiously questions the welcome messenger as to the pay-as-a-prisoner. But the math guy knows there are no levels he's ever told, so he seems to be a little bit out of his way.",0.4534626630011189,0.6058564869999827,0.41298746000029496,1.4723066100013966,0.026797226273556254,0.035802888961114686,0.024405357522768876,0.08700547275743982,1
326,mic_fileid_326_doa143_3spk.wav,SepFormer-sepformer-wsj03mix,1,17.102125,143,1,speechbrain/sepformer-wsj03mix,0,6.387675679768607,,text_fileid_326_doa143_spk1.txt,0.6590909090909091,29,44,4.488811492919922,6.743683338165283,2.2548718452453613,4.471874237060547,6.387310981750488,1.9154367446899414,1.2575972080230713,1.4101083278656006,0.1525111198425293,I'M SURE THAT IS ALL YOU COULD EXPECT FROM US THAT'S A MEASLY SHAME FRANK OBJECTED BLUFF IMPETUOUSLY WHEN IT WAS ANDY LASHER WHO BROKE THE WINDOW ADDED JERRY FILLED WITH RIGHTEOUS INDIGNATION YOU ONLY DUCKED FRANK WHEN YOU SAW IT HEADED YOUR WAY,"I'm sure that's all you get. Well, that was a good start, right? That's just like a guy who had to sleep at night. When it was Amy Rasham who broke the window, and the guy filled with a right-wing expectation, you only don't rank when you saw it headed your way.",0.4522143789999973,0.7000941669994063,0.3979933680002432,1.5503019139996468,0.026441999400659114,0.04093609226920083,0.023271574029557332,0.09064966569941728,1
327,mic_fileid_327_doa189_3spk.wav,SepFormer-sepformer-wsj03mix,1,15.22,303,1,speechbrain/sepformer-wsj03mix,2,7.395415469594596,,text_fileid_327_doa303_spk1.txt,0.9696969696969697,32,33,5.210938930511475,7.9550933837890625,2.744154453277588,5.155925273895264,7.383126735687256,2.227201461791992,1.1592965126037598,1.440514087677002,0.2812175750732422,THRILLED EVERY NERVE AND MADE ABSOLUTE EXHAUSTION IMPOSSIBLE I SEEMED TO BE WALKING AND WALLOWING IN A CLOUD BUT HOLDING STEADILY ONWARD BY HALF PAST TEN O'CLOCK I HAD GAINED THE HIGHEST SUMMIT,"The real is every year since I made absolutely no changes from the way I'm told to be walking in the dark and the clouds. With all rings steadily rolling within, by half-tasked print of love, I have gained the highest from it.",0.41341845900024055,1.2130896279995795,0.2854640969999309,1.911972183999751,0.027162842247059168,0.07970365492769904,0.0187558539421768,0.125622351116935,1
328,mic_fileid_328_doa119_3spk.wav,SepFormer-sepformer-wsj03mix,1,17.21725,119,1,speechbrain/sepformer-wsj03mix,2,0.5317236958716747,,text_fileid_328_doa119_spk1.txt,0.46,23,50,4.267866134643555,2.780651569366455,-1.4872145652770996,4.259347438812256,0.5277971029281616,-3.7315503358840942,1.200866937637329,1.179150104522705,-0.021716833114624023,LEAVING HARD BROWN DEPOSITS IN THE BOWL IT WAS NOT SO BAD WHERE THERE WERE ONLY MEN OR ELSE ONLY WOMEN IT WAS WHEN THEY WERE VILELY HERDED THAT IT ALL SEEMED SO ROTTEN IT WAS SOME SHAME THAT WOMEN GAVE OFF AT HAVING MEN SEE THEM TIRED AND POOR,"It was hard for them to pause this little evening. It was not so bad when you were only men, but you were women. It was when they were finally hurting that it all seemed so rotten. It was some shame that women gave up having men these entire depraved.",0.4388632280006277,0.6176907370008848,0.3866407200002868,1.4431946850017994,0.02548974011532781,0.03587627158813892,0.022456589757382094,0.08382260146084883,1
329,mic_fileid_329_doa12_3spk.wav,SepFormer-sepformer-wsj03mix,1,17.304125,196,1,speechbrain/sepformer-wsj03mix,2,3.0532856504573864,,text_fileid_329_doa196_spk1.txt,0.6363636363636364,28,44,5.031170845031738,3.8163280487060547,-1.2148427963256836,5.000664710998535,3.0472233295440674,-1.9534413814544678,1.203633427619934,1.2497588396072388,0.04612541198730469,HE DID NOT CARE IN THE LEAST WHETHER THEY FOUND OR NOT AND WHEN CAPTAIN GLOMAX WAS HELD TO HAVE DISGRACED HIMSELF THOROUGHLY BY WASTING AN HOUR IN DIGGING OUT AND THEN KILLING A VIXEN HE HAD NOT A WORD TO SAY ABOUT IT,"She did not dare to leave his place in his family or not. And when Captain Glomax tells him how to feed himself thoroughly by wasting his power on his big accounts and banning his own reservations, he has no words to say about it.",0.4976531110005453,0.5936366060013825,0.39488835600059247,1.4861780730025203,0.028759218452279172,0.03430607476548988,0.0228204752335407,0.08588576845130975,1
330,mic_fileid_330_doa67_3spk.wav,SepFormer-sepformer-wsj03mix,1,16.471375,67,1,speechbrain/sepformer-wsj03mix,2,2.216940048981304,,text_fileid_330_doa67_spk1.txt,1.0555555555555556,38,36,2.089097023010254,3.618682622909546,1.529585599899292,2.069805145263672,2.8312313556671143,0.7614262104034424,1.0971252918243408,1.1357885599136353,0.038663268089294434,AND I WOULD HAVE REMOVED MY PALLET BED BUT HE WOULD NOT LET ME TILL HE WAS ABLE TO VENTURE HIMSELF WITHOUT ANYBODY TO SIT UP WITH HIM AND THEN I REMOVED TO MY OWN CHAMBER,"And I will have you moved like a cow with me. But you will not let me. Tell you who's able to venture in self without anyone now. It's up to you. And then I will reach out to you. We will go to a place through, but I can hear what we say.",0.4572686680003244,0.8116139989997464,0.3063335709994135,1.5752162379994843,0.02776141445388284,0.04927421050153654,0.01859793557000636,0.09563356052542574,1
331,mic_fileid_331_doa39_3spk.wav,SepFormer-sepformer-wsj03mix,1,17.568875,39,1,speechbrain/sepformer-wsj03mix,0,3.1824807962737585,,text_fileid_331_doa39_spk1.txt,0.21428571428571427,9,42,4.473772048950195,4.32959508895874,-0.14417695999145508,4.465978622436523,3.1824753284454346,-1.2835032939910889,1.4634884595870972,1.5487011671066284,0.08521270751953125,MELANCHOLY FOLLOWED BUT BY DEGREES I GAINED A CLEAR CONCEPTION OF MY MISERIES AND SITUATION AND WAS THEN RELEASED FROM MY PRISON FOR THEY HAD CALLED ME MAD AND DURING MANY MONTHS AS I UNDERSTOOD A SOLITARY CELL HAD BEEN MY HABITATION,"Melancholy follows, but by degrees I gave it clear conception of my misery and situation, and was then released from my prison. For they had called me mad, for during many instances I understood that the solitary cell had been my habitation.",0.46549209200020414,0.5196539619992109,0.36273313900164794,1.347879193001063,0.026495270300471954,0.029578101158964983,0.020646349809059942,0.07671972126849688,1
332,mic_fileid_332_doa4_3spk.wav,SepFormer-sepformer-wsj03mix,1,15.695625,152,1,speechbrain/sepformer-wsj03mix,2,2.0026443207766,,text_fileid_332_doa152_spk1.txt,0.7272727272727273,16,22,3.626600742340088,2.7243380546569824,-0.9022626876831055,3.600039482116699,2.080939769744873,-1.5190997123718262,1.3154312372207642,1.3229789733886719,0.007547736167907715,WE A COMMERCIAL PEOPLE WERE OBLIGED TO BRING SUCH SCHEMES UNDER CONSIDERATION AND THE QUESTION OF CONTAGION BECAME MATTER OF EARNEST DISQUISITION,We are a commercial people that want to bring such schemes under consideration. And the question is about the occasion. The question matters. How are the risks of this position?,0.39068190599937225,0.44560251099937886,0.26833625200015376,1.1046206689989049,0.024891134058017586,0.02839023683347295,0.017096245100157132,0.07037761599164767,1
333,mic_fileid_333_doa167_3spk.wav,SepFormer-sepformer-wsj03mix,1,18.04875,167,1,speechbrain/sepformer-wsj03mix,2,6.655449543953513,,text_fileid_333_doa167_spk1.txt,0.09090909090909091,4,44,6.122358322143555,7.761133193969727,1.6387748718261719,6.107380390167236,6.68821382522583,0.5808334350585938,1.3141205310821533,1.4405028820037842,0.12638235092163086,THESE APARTMENTS ARE MINE NOW THEY HAVE BEEN TRANSFERRED INTO MY NAME AND THEY CAN NEVER AGAIN AFFORD YOU ACCOMMODATION WILL YOU BE SO OBLIGING I AM NOT STRONG AS TO HAND ME THAT WRITING CASE SIR FRANCIS WALKED TO THE TABLE SHE INDICATED,"These apartments are mine now. They have been transferred into my name and they can never again afford you accommodation. Will you be so bludgeoned that I am not strong as to hand me that writing case? Sir Francis, walk me to the table, she indicated.",0.5118913309997879,0.5328462010002113,0.2765046389995405,1.3212421709995397,0.028361594625654848,0.02952260965441991,0.015319877498416262,0.07320408177849103,1
334,mic_fileid_334_doa122_3spk.wav,SepFormer-sepformer-wsj03mix,1,15.262375,245,1,speechbrain/sepformer-wsj03mix,0,-3.312794097478622,,text_fileid_334_doa245_spk1.txt,0.8918918918918919,33,37,2.964132785797119,-0.05187869444489479,-3.016011480242014,2.951375961303711,-3.313265085220337,-6.264641046524048,1.2476003170013428,1.1281863451004028,-0.11941397190093994,BUT WHEN HE TOOK POSSESSION OF MECCA HE MADE THE OLD TEMPLE THE CENTRE OF WORSHIP FOR HIS OWN RELIGION AFTER MOHAMMED DIED A PERSON WAS APPOINTED TO BE HIS SUCCESSOR AS HEAD OF THE MOSLEM CHURCH,"But one to possessful acts of man, he may be able to temper a sinner of worship and allow him to grow. After a home, the other has a personal appointee to begin the other actions of three heads of the Muslim Church.",0.3568506890005665,0.4692146079996746,0.30542502000025706,1.1314903170004982,0.023381072015368938,0.03074322364636399,0.02001163121730773,0.07413592687904065,1
335,mic_fileid_335_doa43_3spk.wav,SepFormer-sepformer-wsj03mix,1,14.07575,104,1,speechbrain/sepformer-wsj03mix,0,6.020078020491283,,text_fileid_335_doa104_spk1.txt,0.21621621621621623,8,37,4.571742057800293,6.980254650115967,2.408512592315674,4.536133766174316,6.015176296234131,1.4790425300598145,1.113354206085205,1.2836475372314453,0.17029333114624023,BUT I WAS NATURALLY DESIROUS OF DISCOVERING NEXT WHAT LADY RACHEL HAD SAID AND I ASKED TO SPEAK WITH CRISTEL HER FAR SEEING FATHER MIGHT OR MIGHT NOT HAVE PERCEIVED A CHANCE OF LISTENING TO OUR CONVERSATION,"But I was naturally desirous of discovering next what we'd like to have said, and I asked to speak with others. For far seeing father might or might not have received a chance of listening to our conversations.",0.3327985699997953,0.4589149830007955,0.2604580919996806,1.0521716450002714,0.023643398753160245,0.03260323485432716,0.0185040294122644,0.0747506630197518,1
336,mic_fileid_336_doa91_3spk.wav,SepFormer-sepformer-wsj03mix,1,16.955,91,1,speechbrain/sepformer-wsj03mix,0,3.1587060554890134,,text_fileid_336_doa91_spk1.txt,0.6857142857142857,24,35,4.082846641540527,5.848814010620117,1.7659673690795898,4.072327613830566,3.1577014923095703,-0.9146261215209961,1.1668239831924438,1.1512150764465332,-0.015608906745910645,BUT THE MAJESTIC AND IMPOSING ORDER OF HUMAN SOCIETIES THAT I SOMETIMES FIND MYSELF EMBARRASSED IN ATTACKING CERTAIN ABUSES I LIKE TO REBUILD WITH ONE HAND WHEN I AM COMPELLED TO DESTROY WITH THE OTHER,"But the majestic and the holy water of human societies, that I sometimes find myself embarrassed when it comes to the use of excuses. I'd actually rebuild with the hands of the other channels that is full of the God.",0.4338457180001569,0.5193500020013744,0.40062494900121237,1.3538206690027437,0.02558806947803934,0.030631082394654934,0.02362872008264302,0.0798478719553373,1
337,mic_fileid_337_doa165_3spk.wav,SepFormer-sepformer-wsj03mix,1,17.002,302,1,speechbrain/sepformer-wsj03mix,2,6.337659789816588,,text_fileid_337_doa302_spk1.txt,0.6829268292682927,28,41,6.811323642730713,7.096062660217285,0.28473901748657227,6.799374103546143,6.285061359405518,-0.514312744140625,1.3528940677642822,1.523697018623352,0.17080295085906982,WHICH YOU MUST ACKNOWLEDGE TO BE TRUE CERTAINLY MY DEAR NOBODY SAID THERE WERE BUT AS TO NOT MEETING WITH MANY PEOPLE IN THIS NEIGHBOURHOOD I BELIEVE THERE ARE FEW NEIGHBOURHOODS LARGER I KNOW WE DINE WITH FOUR AND TWENTY FAMILIES,"We need much more knowledge than truth. Certainly, my dear, nobody said they're worth it, but I do not mean it with many people in this neighborhood under the very few neighborhood pressure, and nobody dying with more than 20 families.",0.4462818510000943,0.5385031949990662,0.3594983590010088,1.3442834050001693,0.02624878549582957,0.03167293230202719,0.021144474708917116,0.07906619250677387,1
338,mic_fileid_338_doa129_3spk.wav,SepFormer-sepformer-wsj03mix,1,14.89325,175,1,speechbrain/sepformer-wsj03mix,0,1.831333641450058,,text_fileid_338_doa175_spk1.txt,1.3666666666666667,41,30,2.4109249114990234,4.00434684753418,1.5934219360351562,2.3926563262939453,1.830997347831726,-0.5616589784622192,1.1239606142044067,1.1400437355041504,0.016083121299743652,SHALL MY FEAR SHALL MY ZEAL SHALL MY JEALOUSY HAVE LEAVE TO SAY TO THEE HAST THOU CONSIDERED MY HEART THAT THERE IS NOT SO PERVERSE A HEART UPON EARTH,"The video is on the right, and you don't have to know my Z, I'm not serious. Quick, now you might be jealous to see how it needs to seem to the... ...that the process of controlling my heart... ...that there is not a heart that can control the heart upon Earth. Nobody.",0.3741992770010256,0.6600563790016167,0.29249225800049317,1.3267479140031355,0.025125427760967257,0.04431916331234732,0.019639249861547557,0.08908384093486213,1
339,mic_fileid_339_doa48_3spk.wav,SepFormer-sepformer-wsj03mix,1,16.987875,48,1,speechbrain/sepformer-wsj03mix,2,5.420549125992364,,text_fileid_339_doa48_spk1.txt,0.4186046511627907,18,43,6.777921199798584,5.925936222076416,-0.851984977722168,6.764439582824707,5.415386199951172,-1.3490533828735352,1.389145851135254,1.4246307611465454,0.035484910011291504,BUT HAS ALWAYS SOUGHT POSITIVELY TO PROVE OR TO DISPROVE SOMETHING THAT WAS CONCEIVED OF OR SUSPECTED IN ADVANCE AS I SUSPECTED SAYS THIS CORRESPONDENT I FOUND THAT THE SNAILS WERE OF A FAMILIAR LAND SPECIES THAT THEY HAD BEEN UPON THE GROUND,"But has old song positively improved or to displace something that is conceived of, or suspect from the more subtle land species? As I suspected, it says this correspondent, I founded the snail's world of familiar land species, that they had been upon the ground...",0.45320610699855024,0.5986732830006076,0.34882783700049913,1.400707226999657,0.026678210606008713,0.03524121074593542,0.020533930053081927,0.08245335140502606,1
340,mic_fileid_340_doa68_3spk.wav,SepFormer-sepformer-wsj03mix,1,16.468,68,1,speechbrain/sepformer-wsj03mix,0,3.8937198263348827,,text_fileid_340_doa68_spk1.txt,0.2682926829268293,11,41,4.664535045623779,4.731096267700195,0.06656122207641602,4.655792236328125,3.893975019454956,-0.761817216873169,1.3819793462753296,1.4136428833007812,0.03166353702545166,THOUGH SHE FOUND SOMETHING OF GANEM IN THE OBJETS SHE BEHELD YET IN OTHER RESPECTS HE APPEARED SO DIFFERENT THAT SHE DURST NOT IMAGINE IT WAS HE THAT LAY BEFORE HER UNABLE HOWEVER TO WITHSTAND THE EARNEST DESIRE OF BEING SATISFIED,"Though she felt it was something that had gone amid the objects she'd be selling, yet in other respects, he appeared so different that she durst not imagine it was he that lay before her. Unable, however, to withstand the earnest desire of being satisfied.",0.4482664820006903,0.5489566310006921,0.34107334699911007,1.3382964600004925,0.02722045676467636,0.03333474805687953,0.02071127926883107,0.08126648409038696,1
341,mic_fileid_341_doa16_3spk.wav,SepFormer-sepformer-wsj03mix,1,17.56025,196,1,speechbrain/sepformer-wsj03mix,1,2.4407512045355215,,text_fileid_341_doa196_spk1.txt,0.35294117647058826,12,34,4.331226825714111,3.73055100440979,-0.6006758213043213,4.313058376312256,2.644700765609741,-1.6683576107025146,1.1413739919662476,1.1532351970672607,0.011861205101013184,ARE LONG SLENDER SHARP NOSED SLIPPERY PEOPLE WITH A FRINGE OF FINS ALONG THEIR BACKS AND ANOTHER FRINGE ALONG THEIR BELLIES THEY BREATHE THROUGH VERY SMALL GILL OPENINGS IN THE BACKS OF THEIR HEADS,"The moon's splendor sharp-nosed, slippery people with a fringe of thin along their backs and a other fringe along their bellies. They breathe through very small gills and hands in the back of their heads.",0.44024659900060215,0.4674751990005461,0.28465237399905163,1.1923741720002,0.025070633903310154,0.026621215472475968,0.016210041087060357,0.06790189046284648,1
342,mic_fileid_342_doa2_3spk.wav,SepFormer-sepformer-wsj03mix,1,16.911375,60,1,speechbrain/sepformer-wsj03mix,0,5.35534060263034,,text_fileid_342_doa60_spk1.txt,0.45,27,60,5.906818389892578,5.8792619705200195,-0.027556419372558594,5.8989787101745605,5.3551483154296875,-0.543830394744873,1.6134486198425293,1.69147789478302,0.07802927494049072,AND AS I WAS GOING ALONG MY HEART WAS EVEN OVERWHELMED WITH THE THOUGHTS OF MY CONDITION AND THAT I SHOULD HAVE CHILDREN AND A NATION WHICH I KNEW NOT RULED OVER THEM WHEREUPON I EARNESTLY ENTREATED THE LORD THAT HE WOULD CONSIDER MY LOW ESTATE AND SHOW ME A TOKEN FOR GOOD AND IF IT WERE HIS BLESSED WILL,"It has been long, my heart was being overwhelmed with the thought from my conditions, that I should have children in a nation which I knew not. I'm not ready to do anything. Your con urgency intrigued the Lord, that he would consider my lowest state and show me his hope and for good, and if it were his blessed will.",0.4344020600001386,0.6766429430008429,0.3449489610011369,1.4559939640021184,0.025686974595509744,0.04001111340744575,0.020397452070049713,0.08609554007300521,1
343,mic_fileid_343_doa17_3spk.wav,SepFormer-sepformer-wsj03mix,1,16.14975,53,1,speechbrain/sepformer-wsj03mix,2,3.941144599305963,,text_fileid_343_doa53_spk1.txt,0.2962962962962963,16,54,5.126504898071289,4.519824028015137,-0.6066808700561523,5.112369060516357,3.934126853942871,-1.1782422065734863,1.177721381187439,1.260516881942749,0.08279550075531006,THEO'S IN GOINGS AND OUT GOINGS ARE SCARCELY OUR BUSINESS SO LONG AS SHE ENJOYS HERSELF SHE SAID PRESENT MY REGARDS TO THE MISS GOWERS MY DEAR AND SAY I REGRET THAT MY HEALTH DOES NOT PERMIT ME TO ACCOMPANY YOU A POLITE FICTION BY THE WAY AS MY LADY WAS LOOKING HER BEST,"Stigas and Goins and Unbollins are scarcely our business, so long as she enjoyed himself, she said. Present by regards to the Miss Gower's idea, and say I regret that my purpose did not permit me to come to the earth. A polite fiction, by the way, as my lady was looking her best.",0.4564482149999094,0.760162008999032,0.3932918680002331,1.6099020919991744,0.02826348488366132,0.047069583677705966,0.02435281462562783,0.09968588318699512,1
344,mic_fileid_344_doa9_3spk.wav,SepFormer-sepformer-wsj03mix,1,17.27225,314,1,speechbrain/sepformer-wsj03mix,0,4.012257013270387,,text_fileid_344_doa314_spk1.txt,0.1282051282051282,5,39,3.9125590324401855,5.182361602783203,1.2698025703430176,3.90303111076355,4.017136573791504,0.1141054630279541,1.3274869918823242,1.7059910297393799,0.37850403785705566,ONE SPRING AFTER THEY HAD BEEN IN THAT LAND FOR FOUR YEARS ERIC SAID MY EYES ARE HUNGRY FOR THE SIGHT OF MEN AND GREEN FIELDS AGAIN MY STOMACH IS SICK OF SEAL AND WHALE AND BEAR MY THROAT,"One spring after they had been in that land for four years, Eric sticks. My eyes are hungry for the sight of men in green fields again. My stomach is sick of seal and whale and bear. May it throats.",0.4799883180003235,0.49916948700047215,0.2480645289997483,1.227222334000544,0.02778956522747896,0.02890008464447146,0.014362027471797148,0.07105167734374757,1
345,mic_fileid_345_doa61_3spk.wav,SepFormer-sepformer-wsj03mix,1,16.96025,61,1,speechbrain/sepformer-wsj03mix,0,4.942222602915038,,text_fileid_345_doa61_spk1.txt,0.030303030303030304,1,33,4.718921184539795,6.040872573852539,1.3219513893127441,4.702664375305176,4.990013122558594,0.28734874725341797,1.296114444732666,1.4529565572738647,0.15684211254119873,IN SUCH A WORLD THE MENTAL OR THE PHYSICAL STATUS OF ANY PIECE OF EXPERIENCE WOULD BE UNEQUIVOCAL WHEN ACTIVE IT WOULD FIGURE IN THE PHYSICAL AND WHEN INACTIVE IN THE MENTAL GROUP,"In such a world, the mental or the physical status of any piece of experience would be unequivocal. When active, it would figure in the physical, and when inactive, in the mental.",0.4370049179997295,0.4508596840005339,0.2554877620004845,1.143352364000748,0.025766419598751762,0.026583315929926382,0.01506391485977415,0.06741365038845229,1
346,mic_fileid_346_doa62_3spk.wav,SepFormer-sepformer-wsj03mix,1,16.81725,292,1,speechbrain/sepformer-wsj03mix,1,6.593446071175304,,text_fileid_346_doa292_spk1.txt,0.14285714285714285,7,49,3.483767509460449,7.328354358673096,3.8445868492126465,3.4742558002471924,6.593458652496338,3.1192028522491455,1.2234156131744385,1.603759765625,0.3803441524505615,IT WAS THAT SAME DAY THAT THE THREE BOYS FROM BRIGHTON WERE FOR THE FIRST TIME ASSIGNED TO A REGULAR UNIT OF THE SIGNAL CORPS ALSO WITH A REAL THRILL THEY LEARNED THAT THEY WERE ALMOST IMMEDIATELY TO SEE WAR SERVICE FOR AMERICAN TROOPS WERE ALREADY IN THE TRENCHES,"It was that same day that the three boys from Brighton were for the first time assigned to a regular unit in the city's world, also with a real crowd. They learned that they were almost immediately to see water services for American troops who were already in the trenches.",0.4231447329984803,0.48459263399854535,0.34143402300105663,1.2491713899980823,0.025161351172069173,0.0288152125941248,0.020302607322900984,0.07427917108909496,1
347,mic_fileid_347_doa18_3spk.wav,SepFormer-sepformer-wsj03mix,1,17.064625,18,1,speechbrain/sepformer-wsj03mix,2,6.952227876231469,,text_fileid_347_doa18_spk1.txt,0.6363636363636364,21,33,5.475918292999268,7.951723575592041,2.4758052825927734,5.453994274139404,7.180073261260986,1.726078987121582,1.236470103263855,1.59706711769104,0.36059701442718506,HE REMEMBERED HAVING HEARD FROM THE OLD OLD PEOPLE OF THE TRIBE THAT THERE WAS A PATH THAT LED TO THE LAND OF SOULS THAT IF YOU SOUGHT CAREFULLY YOU COULD FIND IT,"He was never to having heard that my old people tried, that they're over the cat that lends to the land of fools. That if you sought to care for him, you'd find him.",0.4399087179990602,0.40347385200038843,0.24816808700052206,1.0915506569999707,0.025778985357079936,0.023643874506494484,0.01454283859156132,0.06396569845513574,1
348,mic_fileid_348_doa57_3spk.wav,SepFormer-sepformer-wsj03mix,1,17.426125,173,1,speechbrain/sepformer-wsj03mix,2,0.8980521691102323,,text_fileid_348_doa173_spk1.txt,0.34782608695652173,16,46,3.571462392807007,1.8771461248397827,-1.6943162679672241,3.562406539916992,0.893896222114563,-2.668510317802429,1.451119303703308,1.346653699874878,-0.10446560382843018,ONLY TO FIND EVERY SEMBLANCE OF A ROAD GONE I LOST MORE THAN A HALF DAY'S PRECIOUS TIME AND AGAIN WAS THROWN INTO ANXIETY LEST I HAD MISSED THE LONG SOUGHT TRAIN THE NEXT INCIDENT THAT I REMEMBER VIVIDLY WAS MY ATTEMPT TO CROSS THE COLUMBIA,"Only to find every settlement of the roadside. I've lost more than a half the day's precious time. It's again, it's 2089. Last time we missed the long, soft train. The next incident that I remember, generally, was my attempt to cross the Columbia.",0.561723446000542,0.6102611450005497,0.40272398500019335,1.574708576001285,0.03223455851490461,0.03501989943263633,0.023110357867867547,0.09036481581540849,1
349,mic_fileid_349_doa87_3spk.wav,SepFormer-sepformer-wsj03mix,1,16.440875,166,1,speechbrain/sepformer-wsj03mix,2,2.6302221284557934,,text_fileid_349_doa166_spk1.txt,1.15625,37,32,1.5932776927947998,2.8014094829559326,1.2081317901611328,1.5725970268249512,2.626934289932251,1.0543372631072998,1.1072484254837036,1.1948528289794922,0.08760440349578857,AND I FOUND NO BETTER OR MORE CONGENIAL COMPANIONS ON BOARD THE SHIP THAN THESE FOUR HONEST HARD WORKING WOMEN SO FULL OF HOPE COURAGE AND GOOD SENSE AS WELL AS CHRISTIANITY,"The time no better than the work that you've done for me and for more of the ship, that these days will only be part working women. So will a family that's encouraged and consistent, as well as the humanity that you are in the common right.",0.5146638820006046,1.0497805009999865,0.3091394469993247,1.873583829999916,0.03130392281436388,0.06385186317638122,0.01880310184216623,0.11395888783291133,1
350,mic_fileid_350_doa97_3spk.wav,SepFormer-sepformer-wsj03mix,1,15.88575,216,1,speechbrain/sepformer-wsj03mix,2,5.9501831573167046,,text_fileid_350_doa216_spk1.txt,0.6818181818181818,30,44,5.338751316070557,6.105905532836914,0.7671542167663574,5.328168869018555,5.938092231750488,0.6099233627319336,1.2204251289367676,1.3247228860855103,0.10429775714874268,VERY CROSS AND I DON'T WONDER I'M A GREAT TRIAL TO HER SHE WAS TERRIBLY MORTIFIED ABOUT THE PUDDING SAUCE LAST WEEK WE HAD A PLUM PUDDING FOR DINNER ON TUESDAY AND THERE WAS HALF THE PUDDING AND A PITCHERFUL OF SAUCE LEFT OVER,"There is such a shabby wonder on the great file, she was terribly mortified about the food and dog that she was given. She had a conflict with the United States, and there was half the food and a kitchen full of dog's and eggs.",0.49901897700146947,0.5575073620002513,0.2671374420006032,1.323663781002324,0.031412994476273985,0.035094808995499195,0.016816168075199672,0.08332397154697285,1
351,mic_fileid_351_doa35_3spk.wav,SepFormer-sepformer-wsj03mix,1,15.55575,35,1,speechbrain/sepformer-wsj03mix,0,3.614189759526802,,text_fileid_351_doa35_spk1.txt,0.35714285714285715,10,28,4.6531147956848145,4.754215240478516,0.10110044479370117,4.633204460144043,3.9947280883789062,-0.6384763717651367,1.3834114074707031,1.4373109340667725,0.053899526596069336,BUT HE WAS RESOLVED TO MARRY HER HAROON THOUGHT THIS SUCH AN EXTRAORDINARY STORY THAT HE ORDERED HIS HISTORIOGRAPHER TO COMMIT IT TO WRITING WITH ALL ITS CIRCUMSTANCES,but she was resolved to bury her. Saroon thought this such an extraordinary story that he ordered his story at her bird's fin in writing with all circumstances.,0.44244204700044065,0.36503682200054755,0.22026166700015892,1.0277405360011471,0.02844234749211325,0.023466359513398424,0.01415950159909737,0.06606820860460905,1
352,mic_fileid_352_doa234_3spk.wav,SepFormer-sepformer-wsj03mix,1,16.027625,234,1,speechbrain/sepformer-wsj03mix,0,2.4195787943460747,,text_fileid_352_doa234_spk1.txt,0.47368421052631576,18,38,3.226182460784912,3.528207540512085,0.30202507972717285,3.2153913974761963,2.4163880348205566,-0.7990033626556396,1.2783585786819458,1.212083339691162,-0.06627523899078369,AND TO SHOW SOME DEGREE OF PRECIPITANCY AND INDISCRETION MOVED BY THIS EXAMPLE THE HOUSE OF PEERS WERE ROUSED FROM THEIR INACTIVITY AND CLAIMED LIBERTY FOR THE EARL OF ARUNDEL WHO HAD BEEN LATELY CONFINED IN THE TOWER,"and to show some degree of consistency in this discussion. Moved by this example, the House of Fears will rise from their inactivity and call it their return to the world of Euronella, who we will be lately confined to the Tower.",0.48613196199949016,0.5287352070008637,0.296674184000949,1.311541353001303,0.030330879465890307,0.03298899287953541,0.018510177521682034,0.08183004986710775,1
353,mic_fileid_353_doa27_3spk.wav,SepFormer-sepformer-wsj03mix,1,17.324,354,1,speechbrain/sepformer-wsj03mix,0,1.281357844934874,,text_fileid_353_doa354_spk1.txt,0.8205128205128205,32,39,3.254138946533203,3.4030628204345703,0.1489238739013672,3.2440712451934814,1.4849637746810913,-1.7591074705123901,1.1983577013015747,1.1565723419189453,-0.041785359382629395,HOLD YOUR TONGUE SAID UNCLE JOHN I SAY I'VE GOT THREE NIECES AS FINE A TRIO OF INTELLIGENT SWEET AND ATTRACTIVE YOUNG WOMEN AS YOU'LL RUN ACROSS IN A MONTH OF SUNDAYS I DARE YOU TO DENY IT SIR,"To say the tongue said Otto John, I say I'll go through this. I'm fine until you're on the phone to speak and attract young women. You'll ride on in a lot of Sundays. I dare you to deny it, sir. I'm in with a third of the extra bit earned allowance.",0.4842750480001996,0.5996943909995025,0.2740445109993743,1.3580139499990764,0.027953997229288822,0.03461639292308372,0.01581877805353119,0.07838916820590373,1
354,mic_fileid_354_doa100_3spk.wav,SepFormer-sepformer-wsj03mix,1,17.23375,331,1,speechbrain/sepformer-wsj03mix,0,5.555327313936942,,text_fileid_354_doa331_spk1.txt,0.36538461538461536,19,52,4.4744157791137695,5.777756214141846,1.3033404350280762,4.430232524871826,5.554563522338867,1.124330997467041,1.305077314376831,1.4790034294128418,0.17392611503601074,A PICTURE TO WRING THE HEART OF THE ONLOOKER WITH ENVY OR SYMPATHY ACCORDING TO HIS NATURE BUT THERE WAS ONLY ONE ONLOOKER A MAN OF FORTY OR THEREABOUTS WHO PAUSED FOR AN INSTANT UNDER THE GREAT GATE OF THE CASTLE AND TOOK IN THE FULL CHARM AND MEANING OF THE SCENE,"A picture to ring the heart of an onlooker will end the authenticity according to his nature. If there was only one onlooker, a man of 40 or so, his husband, Inc. under the great state of the capital, took in the full charge of meaning of the scene.",0.5290372539984673,0.5909870739997132,0.3681972419999511,1.4882215699981316,0.030697744483845206,0.034292424689908646,0.021364894001592867,0.08635506317534672,1
355,mic_fileid_355_doa22_3spk.wav,SepFormer-sepformer-wsj03mix,1,16.643125,285,1,speechbrain/sepformer-wsj03mix,1,1.663926822598158,,text_fileid_355_doa285_spk1.txt,1.0,38,38,3.1149048805236816,2.70459246635437,-0.4103124141693115,3.1016149520874023,1.65798020362854,-1.4436347484588623,1.1818069219589233,1.2249850034713745,0.04317808151245117,CARRIED DAINTY MESSES TO THEIR SICK RESOLVED BEFORE LONG TO TEACH AT THE SCHOOL WHERE HER FATHER WENT EVERY DAY AS TO AN APPOINTED TASK BUT SHE WAS CONTINUALLY TEMPTED OFF TO GO AND SEE SOME INDIVIDUAL FRIEND,far from hi,0.5234221899991098,2.91126183400047,0.374900864000665,3.809584888000245,0.03144975417772262,0.17492278847875442,0.022525869630893536,0.2288984122873706,1
356,mic_fileid_356_doa17_3spk.wav,SepFormer-sepformer-wsj03mix,1,16.634375,181,1,speechbrain/sepformer-wsj03mix,1,2.710392588811668,,text_fileid_356_doa181_spk1.txt,0.8378378378378378,31,37,4.035687446594238,4.297666549682617,0.2619791030883789,4.0240888595581055,3.0969090461730957,-0.9271798133850098,1.2369850873947144,1.3061470985412598,0.06916201114654541,BUT TO WHOM THEY HAD LATTERLY ADVANCED MONEY THE LETTERS HINTED AT THE UTTER INSOLVENCY OF THIS MANUFACTURER THEY HAD URGED THEIR CORRESPONDENT TO GIVE THEM HIS NAME IN CONFIDENCE AND THIS MORNING'S LETTER HAD BROUGHT IT,"But they had loudly advanced money. The little chanted at the other impulgencies, this man, were children. They had heard of certain correspondences, gave them the gene of the colony, and the morning water was brought in. Sweet for the square waking.",0.5387382969984174,0.5403295530013565,0.251059621999957,1.330127471999731,0.032387047724871984,0.03248270842765999,0.015092819658084962,0.07996257581061693,1
357,mic_fileid_357_doa155_3spk.wav,SepFormer-sepformer-wsj03mix,1,15.672625,234,1,speechbrain/sepformer-wsj03mix,0,6.184566331488548,,text_fileid_357_doa234_spk1.txt,0.43243243243243246,16,37,5.008573055267334,8.057092666625977,3.0485196113586426,4.979463577270508,6.180575370788574,1.2011117935180664,1.2404757738113403,1.2235500812530518,-0.016925692558288574,POSSIBLY THERE IS SOMETHING YOU OUGHT TO DO AND ARE NOT DOING AND THAT IS WHY YOU CANNOT REST I THINK JESUS WOULD GIVE NO REST EXCEPT IN THE WAY OF LEARNING OF HIM HELEN'S SOBS CEASED,"It's possible there's something I ought to do that I am not doing, and that is why you cannot rest. I think Jesus was given all of us except in the way of burning of Him. Gold cloud seized.",0.46803361700040114,0.4652273839983536,0.2778215580001415,1.2110825589988963,0.029863128671833924,0.029684075513728786,0.0177265491900777,0.07727375337564041,1
358,mic_fileid_358_doa96_3spk.wav,SepFormer-sepformer-wsj03mix,1,15.0745,326,1,speechbrain/sepformer-wsj03mix,0,3.1480288123055082,,text_fileid_358_doa326_spk1.txt,1.2333333333333334,37,30,2.7695374488830566,4.0825042724609375,1.3129668235778809,2.7520813941955566,3.736475706100464,0.9843943119049072,1.124954342842102,1.212863564491272,0.08790922164916992,AND TO WARN YO IF NEED WERE MY MOTHER NIVER BADE YO TO COME SPYING AFTER ME AND BLAMING ME FOR SEEING A LAD AS MY FEYTHER THINKS WELL ON,"And it was my mother never finished her final school year. And then we were seen a ladder that had never been brewed. And the orders like that were the eight for the days over, remarks the dealer laughingly.",0.4542057839989866,0.4630789980001282,0.2918612090015813,1.209145991000696,0.03013073627642619,0.030719360376803753,0.01936125304332358,0.08021134969655352,1
359,mic_fileid_359_doa92_3spk.wav,SepFormer-sepformer-wsj03mix,1,17.17175,291,1,speechbrain/sepformer-wsj03mix,2,3.670873505877497,,text_fileid_359_doa291_spk1.txt,0.38636363636363635,17,44,4.330318927764893,3.955280065536499,-0.37503886222839355,4.312533378601074,3.6886143684387207,-0.6239190101623535,1.3172215223312378,1.4110194444656372,0.09379792213439941,AND A STORM OF LAUGHTER RIPPLED ROUND THE THRONG OF HEADS SHE HEARD AN INDRAWN HISS BEHIND HER CHAIR AND THE NEXT INSTANT AN EXCLAMATION FROM MABEL WHAT WAS THAT THERE WAS A SHARP CRACK AND THE TINY GESTICULATING FIGURE STAGGERED BACK A STEP,"And the storm relapsed or rippled around the throne of the head. She heard an indromed hiss behind her chair. And the next instant, an exclamation from Mabel, what was that? It was a sharp crack. And the tiny gesticulating figure stacked back a stone. We were sure we'd be there.",0.5599464869992516,0.6802533310001309,0.2956195589995332,1.5358193769989157,0.032608586020600794,0.03961467707136028,0.01721545905335992,0.08943872214532099,1
360,mic_fileid_360_doa3_3spk.wav,SepFormer-sepformer-wsj03mix,1,16.78425,104,1,speechbrain/sepformer-wsj03mix,0,3.2410553537647675,,text_fileid_360_doa104_spk1.txt,0.38235294117647056,13,34,4.0786356925964355,4.078912258148193,0.0002765655517578125,4.061401844024658,3.241183280944824,-0.820218563079834,1.3852643966674805,1.4568490982055664,0.07158470153808594,WHOSE EYES WERE CLOSED HIS COUNTENANCE PALE DISFIGURED AND BATHED IN TEARS SHE GAZED EARNESTLY ON HIM HER HEART BEAT AND SHE FANCIED SHE BEHELD GANEM BUT YET SHE WOULD NOT BELIEVE HER EYES,"whose eyes were closed, his countenance tailed, his figure and babe lived here. She gave earnestly out him her heart, and she said she should be health-given, but yet she would not believe her eyes.",0.5491200309988926,0.4771376970002166,0.36848780699983763,1.3947455349989468,0.032716387744396835,0.02842770436571289,0.021954380267205125,0.08309847237731485,1
361,mic_fileid_361_doa8_3spk.wav,SepFormer-sepformer-wsj03mix,1,15.306875,230,1,speechbrain/sepformer-wsj03mix,2,2.46081765572693,,text_fileid_361_doa230_spk1.txt,0.46153846153846156,18,39,3.7853293418884277,3.477701425552368,-0.30762791633605957,3.7651262283325195,2.458202838897705,-1.3069233894348145,1.213366985321045,1.2511452436447144,0.037778258323669434,MODE BEARD THE OYSTERS AND SCALD THEM IN THEIR OWN LIQUOR THEN ADD IT WELL STRAINED TO THE BROTH THICKEN WITH THE BUTTER AND FLOUR AND SIMMER FOR ONE QUARTER OF AN HOUR PUT IN THE OYSTERS STIR WELL,"The bones, the oysters, and all of them in their own liquor. Then add a well-stranded broth, thickened with the butter and flour, and simmer for one more certain hour. Add a good of the oysters and stir well.",0.4647778319995268,0.5199813839990384,0.27688192300047376,1.261641138999039,0.030363992127689476,0.03397044687429919,0.018088729606825282,0.08242316860881395,1
362,mic_fileid_362_doa47_3spk.wav,SepFormer-sepformer-wsj03mix,1,16.986,265,1,speechbrain/sepformer-wsj03mix,2,6.668199694703636,,text_fileid_362_doa265_spk1.txt,0.22916666666666666,11,48,7.019173622131348,6.955609321594238,-0.06356430053710938,7.008734703063965,6.664290904998779,-0.34444379806518555,1.3284977674484253,1.3293365240097046,0.0008387565612792969,QUITE REPLIED THORNDYKE I HAVE ENTERTAINED IT FROM THE FIRST AND THE NEW FACTS THAT YOU HAVE GATHERED INCREASE ITS PROBABILITY YOU REMEMBER I SAID THAT FOUR HYPOTHESES WERE POSSIBLE THAT THE ROBBERY WAS COMMITTED EITHER BY REUBEN BY WALTER BY JOHN HORNBY OR BY SOME OTHER PERSON,"Quite a reply for tonight. I have entertained it from the politicals. And the new facts that you have gathered increase its probability. You remember I said that four hypotheses were possible. That the robbery would be committed either by Rudio and by Walter, by Johnny Hornbott, or by some other person.",0.5608637430013914,0.5561952629996085,0.347955359999105,1.465014366000105,0.03301917714596676,0.03274433433413449,0.02048483221471241,0.08624834369481366,1
363,mic_fileid_363_doa95_3spk.wav,SepFormer-sepformer-wsj03mix,1,16.91775,336,1,speechbrain/sepformer-wsj03mix,0,-0.5340031273278957,,text_fileid_363_doa336_spk1.txt,1.48,37,25,1.8298635482788086,1.1070284843444824,-0.7228350639343262,1.799411654472351,-0.08448562026023865,-1.8838972747325897,1.184772253036499,1.1584339141845703,-0.02633833885192871,CHARLES GAVE THEM A GRACIOUS AND A COMPLIANT ANSWER TO ALL THEIR REMONSTRANCES HE WAS HOWEVER IN HIS HEART EXTREMELY AVERSE TO THESE FURIOUS MEASURES,Charles gave them a gracious and a quiet answer to all the amounts of careful drama and the loss of an arc in his heart. Streaming the clips to these serious matters. He shouldn't have been done providing it with someone brave enough to go home with him at the film shows.,0.5548469200002728,0.5461805920003826,0.26750712399916665,1.368534635999822,0.032796732426018396,0.0322844699797776,0.01581221639988572,0.08089341880568172,1
364,mic_fileid_364_doa50_3spk.wav,SepFormer-sepformer-wsj03mix,1,16.970625,345,1,speechbrain/sepformer-wsj03mix,0,3.496682861426107,,text_fileid_364_doa345_spk1.txt,0.15625,5,32,3.3935558795928955,3.7253198623657227,0.33176398277282715,3.3758883476257324,3.5119519233703613,0.1360635757446289,1.3257536888122559,1.4264448881149292,0.10069119930267334,DEAR ME IT IS A SAD PITY YOU CANNOT FLY YOURSELF BUT I HAVE NO TIME TO LOOK FOR ANOTHER NURSE NOW SO YOU WILL DO YOUR BEST I HOPE DEAR DEAR,"Dear, it is a sad pity you came out alive now. But I have no time to look for another nurse now. So you will do your best, I hope. Dear, dear.",0.5314291309987311,0.4107931420003297,0.2843524130003061,1.226574685999367,0.03131464698552535,0.02420612923804101,0.016755565160405474,0.07227634138397183,1
365,mic_fileid_365_doa174_3spk.wav,SepFormer-sepformer-wsj03mix,1,17.051875,212,1,speechbrain/sepformer-wsj03mix,2,7.919481034788632,,text_fileid_365_doa212_spk1.txt,0.5609756097560976,23,41,6.055678367614746,8.540436744689941,2.4847583770751953,6.0477166175842285,7.9161696434021,1.868453025817871,1.2826874256134033,1.483640432357788,0.20095300674438477,THIS THIRD BOOK THE STORY OF ANCIENT IRISH CIVILISATION GIVES IN SIMPLE PLAIN LANGUAGE AN ACCOUNT OF THE CONDITION OF THE COUNTRY IN THE OLDEN TIME BUT AS IT IS HERE TO SPEAK FOR ITSELF I NEED NOT DESCRIBE IT FURTHER,"Three-thirds of the story is ancient Irish civilization, here in Dumbo, Limeland, and the calendar of the tradition of the century in the early times. But as we hear of the Fort Sells, I need not to describe it further.",0.5312189620017307,0.5004438989999471,0.3515939770004479,1.3832568380021257,0.031153111432128767,0.0293483208738011,0.020619080130510455,0.08112051243644032,1
366,mic_fileid_366_doa75_3spk.wav,SepFormer-sepformer-wsj03mix,1,15.865125,180,1,speechbrain/sepformer-wsj03mix,2,2.1286929379525574,,text_fileid_366_doa180_spk1.txt,0.9473684210526315,36,38,3.967160940170288,2.8099138736724854,-1.1572470664978027,3.9495599269866943,2.1264867782592773,-1.823073148727417,1.278933048248291,1.3328354358673096,0.053902387619018555,UP STEPPED THE SERVANT'S COMRADE AND KNOCKED UPON THE DOOR RAP TAP TAP BY AND BY IT WAS OPENED A CRACK AND THERE STOOD AN UGLY OLD WOMAN BLEAR EYED AND CROOKED AND GNARLED AS A WINTER TWIG,"Up speaking through the talk round and up, Ap Marines appears contr alguma vignettes that could make microbes� That would turn them a little more前er a heart To lit ya I'm cooking na'l as I prepare wings Thank you.",0.4747274559995276,4.4251260080000065,0.2824123830014287,5.182265847000963,0.02992270505271957,0.2789215974031094,0.01780082936638877,0.32664513182221777,1
367,mic_fileid_367_doa110_3spk.wav,SepFormer-sepformer-wsj03mix,1,16.839375,261,1,speechbrain/sepformer-wsj03mix,2,4.491034961079429,,text_fileid_367_doa261_spk1.txt,0.1282051282051282,5,39,6.837724685668945,6.0887298583984375,-0.7489948272705078,6.8249921798706055,4.45858907699585,-2.366403102874756,1.3233562707901,1.3926191329956055,0.06926286220550537,IT WAS HER OWN HEART SINKING WITH ALARM AND TERROR AND OVERFLOWING WITH LOVE SHE OPENED THE DOOR AND STEPPED ACROSS THE THRESHOLD AND ONTO THE COLD DAMP EARTHEN FLOOR OF THE PASSAGE THE COLD SHE FELT REFRESHED HER,"It was her own heart, sinking with alarm and terror and overflowing with blood. She opened the door and stepped across the threshold and onto the cold damsel at that floor of the house. The cold she felt refreshed her.",0.523123057999328,0.432767814001636,0.3366777510000247,1.2925686230009887,0.03106546757224232,0.025699755127588524,0.019993482596594274,0.07675870529642512,1
368,mic_fileid_368_doa76_3spk.wav,SepFormer-sepformer-wsj03mix,1,15.353375,76,1,speechbrain/sepformer-wsj03mix,0,6.581295800210088,,text_fileid_368_doa76_spk1.txt,0.1875,6,32,4.634154319763184,7.060859680175781,2.4267053604125977,4.613039970397949,6.580477237701416,1.9674372673034668,1.3567345142364502,1.5435221195220947,0.18678760528564453,BUT WITH THE PROSPECT BEFORE HIM OF APPROACHING AN INEVITABLE ANNIHILATION HIS AVARICE WOULD BE LIKELY TO GET THE VICTORY OVER HIS CAUTION HIS VANITY OR HIS AMBITION AN AMBITIOUS MAN TOO,"But with the prospects before him of approaching an inevitable and unlawful disaster, we would be likely to get the victory over his caution, his energy, or his ambition. An ambitious man too.",0.45593481799915025,0.39030928799911635,0.2452070220006135,1.09145112799888,0.029696064741410292,0.025421725711715915,0.015970887313090022,0.07108867776621623,1
369,mic_fileid_369_doa27_3spk.wav,SepFormer-sepformer-wsj03mix,1,15.974,75,1,speechbrain/sepformer-wsj03mix,0,6.92288026346037,,text_fileid_369_doa75_spk1.txt,0.8571428571428571,24,28,6.107448577880859,7.23575496673584,1.1283063888549805,6.094371795654297,6.9206342697143555,0.8262624740600586,1.2303584814071655,1.4590203762054443,0.2286618947982788,WHEN SHE PAUSED IN HER LAMENTATIONS ADORABLE PRINCESS SAID HE WHY DO YOU MOURN YOUR TROUBLES ARE NOT WITHOUT REMEDY WHO SPEAKS TO ME SO GENTLY ASKED SHE,Have you had these relations available presents you would haveblemccnetf Why do you belong? Don't you think you're not without money... I2N,0.5006030629992893,1.959303548999742,0.24862283499896876,2.708529446998,0.03133861668957614,0.12265578746711793,0.01556421904338104,0.16955862320007511,1
370,mic_fileid_370_doa148_3spk.wav,SepFormer-sepformer-wsj03mix,1,16.74225,297,1,speechbrain/sepformer-wsj03mix,0,-0.9480977984975786,,text_fileid_370_doa297_spk1.txt,0.9090909090909091,40,44,0.8091402053833008,-0.43796634674072266,-1.2471065521240234,0.7965692281723022,-0.9503277540206909,-1.7468969821929932,1.1864521503448486,1.1379284858703613,-0.048523664474487305,BY THE TIME THE WAR VESSEL HAD ARRIVED AT DE LOS CAYOS L'OLONNOIS HAD MADE HIS PREPARATION TO ATTACK THE PLACE HE HAD PROCURED TWO LARGE CANOES AND IN THESE HE HAD INTENDED TO ROW UP TO THE TOWN AND LAND WITH HIS MEN,"The guard looked at the gang, sewering the synthesizer, and golden bon bedtime. The autumn heavy laundry ended at 8 o'clock in northern Japan.",0.5137723659991025,4.488387830999272,0.3234780029997637,5.325638199998139,0.03068717561851618,0.26808749307884383,0.019321059176619852,0.3180957278739798,1
371,mic_fileid_371_doa68_3spk.wav,SepFormer-sepformer-wsj03mix,1,16.5555,306,1,speechbrain/sepformer-wsj03mix,0,5.072700306578531,,text_fileid_371_doa306_spk1.txt,0.2857142857142857,16,56,4.988397598266602,6.371540069580078,1.3831424713134766,4.971598148345947,5.151165008544922,0.1795668601989746,1.3585110902786255,1.3488880395889282,-0.009623050689697266,AND WHO BEGAN TO RUB A CROW BAR ON A STONE IN ORDER TO REDUCE IT TO THE PROPER SIZE BARTHOLEMY CAREFULLY KNOCKED ALL THE NAILS OUT OF THE BOARD AND THEN FINDING A LARGE FLAT STONE HE RUBBED DOWN ONE OF THEM UNTIL HE HAD FORMED IT INTO THE SHAPE OF A RUDE KNIFE BLADE,"And he began to corroborate the stone in order to reduce it to the proper size. By following carefully knocked all the nails out of the board, and then finding a large, flat stone, he broke down with them until he formed it into the shape of a huge, nice lid.",0.5197124219994294,0.5362749819996679,0.34852681099982874,1.404514214998926,0.03139213083261933,0.032392557277017786,0.02105202567121674,0.08483671378085386,1
372,mic_fileid_372_doa161_3spk.wav,SepFormer-sepformer-wsj03mix,1,16.864125,161,1,speechbrain/sepformer-wsj03mix,0,7.189568027942189,,text_fileid_372_doa161_spk1.txt,0.12121212121212122,4,33,5.0933308601379395,7.605069637298584,2.5117387771606445,5.079469680786133,7.1895246505737305,2.1100549697875977,1.6021318435668945,1.8381003141403198,0.2359684705734253,AND PERHAPS LOST FOREVER TO THE COUNTRY AT LENGTH CONGRESS HAVING SANCTIONED THE ENLARGEMENT OF THEIR OWN LIBRARY THEIR LIBRARIAN MISTER SPOFFORD INDUCED THEM TO PURCHASE THE WHOLE MASS JUST AS IT STOOD,"And perhaps lost forever to the country, at length, Congress, having sanctioned the enlargement of the whole library, their librarian, Mr. Spaufer, induced them to purchase the whole mass just as it stood.",0.5316941109995241,0.48866547999932664,0.25809740900149336,1.2784570000003441,0.03152811729037374,0.028976628197391007,0.01530452418975152,0.07580926967751626,1
373,mic_fileid_373_doa55_3spk.wav,SepFormer-sepformer-wsj03mix,1,18.24525,176,1,speechbrain/sepformer-wsj03mix,0,4.126194251159964,,text_fileid_373_doa176_spk1.txt,0.48484848484848486,16,33,5.137332439422607,4.987807273864746,-0.14952516555786133,5.124997138977051,4.122148513793945,-1.0028486251831055,1.2026896476745605,1.2324719429016113,0.02978229522705078,A FEW REMAINED FOR THE SUMMER HERE MEN BUILT BOATS AND ROWED AWAY TO KEECHAWIK AND NEUKLUK CARRYING SUPPLIES FOR HUNTING OR PROSPECTING THE CAPTAIN'S VEGETABLE GARDEN IN THE SAND WAS GROWING RAPIDLY,It's a few hands for the summer. Your men built boats and rode away into Talwick and New Club. Your men bought us for hunting and farm-seeing. The captain's vegetable garden in the stands is growing rapidly.,0.5859125250008219,0.7549563979991945,0.4185228470014408,1.7593917700014572,0.03211315410864866,0.04137824354279577,0.02293872909395272,0.09643012674539715,1
374,mic_fileid_374_doa92_3spk.wav,SepFormer-sepformer-wsj03mix,1,16.93675,253,1,speechbrain/sepformer-wsj03mix,2,4.474728677208021,,text_fileid_374_doa253_spk1.txt,0.42424242424242425,14,33,4.229867935180664,5.2605061531066895,1.0306382179260254,4.222665786743164,4.46899938583374,0.24633359909057617,1.2867567539215088,1.3703089952468872,0.08355224132537842,CORONEL SHOOK HIM SOLEMNLY BY THE HAND I CONGRATULATE YOUR ROYAL HIGHNESS I WILL ANNOUNCE YOUR DECISION TO THE PRINCESS SHE WILL BE MUCH AMU MUCH DELIGHTED AND HE TURNED INTO THE PALACE,The coronel shook her and called me by the hand. I congratulate you in quiet quiet. I will announce your decision to the princess. She will be much delighted and return to the palace.,0.554108628000904,0.5655435580010817,0.29694638900036807,1.4165985750023538,0.03271634924061015,0.03339150415522941,0.01753266647971825,0.08364051987555782,1
375,mic_fileid_375_doa192_3spk.wav,SepFormer-sepformer-wsj03mix,1,16.489375,336,1,speechbrain/sepformer-wsj03mix,1,4.236513453098728,,text_fileid_375_doa336_spk1.txt,0.19444444444444445,7,36,4.446392059326172,5.584848403930664,1.1384563446044922,4.430445194244385,4.252148151397705,-0.1782970428466797,1.2894526720046997,1.5741040706634521,0.28465139865875244,AFTER TWENTY FOUR EVENTFUL HOURS OUR TWO STUDENTS OF HUMAN MOTIVES FOUND THEMSELVES TOGETHER AGAIN BY THE FIREPLACE IN THE OLD GEORGE SMOKING ROOM THEY HAD RESUMED THEIR OVERNIGHT CONVERSATION IN A STATE OF CONSIDERABLE TENSION,"After 24 eventful hours, our two students of human movements found themselves together again by the fireplace at the old George's Mobile Garden. They had resumed their overnight conversation in a state of considerable tension.",0.5177730699997483,0.4581199790009123,0.32202668999889283,1.2979197389995534,0.03140040601901214,0.027782737611395963,0.01952934480529995,0.07871248843570805,1
376,mic_fileid_376_doa40_3spk.wav,SepFormer-sepformer-wsj03mix,1,16.916,104,1,speechbrain/sepformer-wsj03mix,1,0.37943752108643314,,text_fileid_376_doa104_spk1.txt,0.38461538461538464,15,39,2.8837502002716064,2.4672648906707764,-0.4164853096008301,2.871919870376587,0.4857664704322815,-2.3861533999443054,1.1880576610565186,1.2751765251159668,0.08711886405944824,I VISUALIZED THEM JUST AS I COULD CLOSE MY EYES AND VISUALIZE FOR EXAMPLE THE FIREPLACE IN THE LIVING ROOM OF MY OWN HOME I LOOKED DOWN AT THE GIRL SHE WAS FROWNING AND HER EYES WERE VERY WIDE,"I visualized animals as I could close my eyes and visualize, for example, the fireplace in the living room of my own home. I looked down at the girl, she was frowning, her eyes were very wide. But it was a very bad nation, quite an issue of circulars.",0.5167116440006794,0.5900381799983734,0.3782153919983102,1.484965215997363,0.030545734452629425,0.03488047883650824,0.022358441238963717,0.08778465452810139,1
377,mic_fileid_377_doa285_3spk.wav,SepFormer-sepformer-wsj03mix,1,15.4635,285,1,speechbrain/sepformer-wsj03mix,0,4.170561343561444,,text_fileid_377_doa285_spk1.txt,0.75,24,32,5.192290306091309,5.247026443481445,0.05473613739013672,5.169926166534424,4.181419372558594,-0.9885067939758301,1.397691249847412,1.3212170600891113,-0.07647418975830078,IN A LOW TONE AS IF NOT INTENDED FOR THE EAR OF THE VICTIM DIABOLUS FETCH ME THE RED HOT IRON THE EXPEDITION WITH WHICH THAT TONGUE WOULD DISAPPEAR WAS SIMPLY RIDICULOUS,"In a rather tall state, this is not intended for the ear of the victim. The house is now privileged to be on the top of the hill. The expedition with which that tunnel disappears will simply reduce your pass.",0.475723981999181,0.5159016479992715,0.278396869000062,1.2700224989985145,0.030764314805780128,0.03336254069255159,0.01800348362272849,0.0821303391210602,1
378,mic_fileid_378_doa15_3spk.wav,SepFormer-sepformer-wsj03mix,1,17.431375,85,1,speechbrain/sepformer-wsj03mix,2,7.870784059528341,,text_fileid_378_doa85_spk1.txt,0.22580645161290322,7,31,4.980664253234863,8.47307300567627,3.4924087524414062,4.974591255187988,7.858349800109863,2.883758544921875,1.2461479902267456,1.5795512199401855,0.33340322971343994,THE HORRIBLE GLOWING TOOL DISAPPEARED INTO THE NIGHT WHIRLING AS IT FLEW AND FELL FAR AWAY ON THE SNOW THE PRISONER RESUMED DO WHAT YOU PLEASE WITH ME HE WAS DISARMED,"The horrible flowing pool disappeared into the night, whirling as the slew rose and fell far away on the snow. The prisoner resumed his interrogation. Do what you please with me. He was disarmed.",0.5754924800003209,0.49995142000079795,0.41892136900059995,1.4943652690017188,0.03301474955362506,0.028681123548819184,0.024032606091062808,0.08572847919350705,1
379,mic_fileid_379_doa53_3spk.wav,SepFormer-sepformer-wsj03mix,1,16.999125,248,1,speechbrain/sepformer-wsj03mix,0,4.116207062782743,,text_fileid_379_doa248_spk1.txt,0.17142857142857143,6,35,3.736725091934204,4.539850234985352,0.8031251430511475,3.7242398262023926,4.1164069175720215,0.3921670913696289,1.6076076030731201,1.6483913660049438,0.04078376293182373,HER ENMITY DID NOT STOP AT THIS ABOMINABLE ACTION BUT SHE LIKEWISE CHANGED THE SLAVE INTO A COW AND GAVE HER ALSO TO MY FARMER AT MY RETURN I ENQUIRED FOR THE MOTHER AND CHILD,"Her enmity did not stop at this abominable action much, but she likewise changed her slave into a cow, and gave her also to my farmer. The bearer at my return, I inquired to the mother and child.",0.5489371069998015,0.47849046100054693,0.28973962900090555,1.317167197001254,0.032292080151172575,0.028147946497278357,0.017044384872804075,0.077484411521255,1
380,mic_fileid_380_doa120_3spk.wav,SepFormer-sepformer-wsj03mix,1,16.50125,216,1,speechbrain/sepformer-wsj03mix,0,2.525870718676927,,text_fileid_380_doa216_spk1.txt,0.15789473684210525,6,38,3.344759941101074,4.229028701782227,0.8842687606811523,3.322533369064331,2.608283042907715,-0.7142503261566162,1.3411375284194946,1.3275662660598755,-0.01357126235961914,EVEN THE FROGS WHO ARE AFRAID OF CRANES CREPT QUIETLY NEAR TO LOOK ON IT WAS NOT LONG BEFORE ANOTHER YOUNG CRANE BEGAN TO SKIP AND HOP AND CIRCLE AROUND DROOPING HIS WINGS AND WHOOPING AS HE WENT,"Mission of the frogs were afraid of cranes, crept quietly near to the con. It was not long before another young crane began to skip and hop and circle around, drooping his wings and whooping as he went.",0.5380345680005121,0.516576908999923,0.2743993120002415,1.3290107890006766,0.03260568550870462,0.03130531983940144,0.01662900156050248,0.08054000690860855,1
381,mic_fileid_381_doa212_3spk.wav,SepFormer-sepformer-wsj03mix,1,17.232125,246,1,speechbrain/sepformer-wsj03mix,0,-0.5945685481166557,,text_fileid_381_doa246_spk1.txt,0.4222222222222222,19,45,7.018518924713135,3.2139744758605957,-3.804544448852539,7.0083513259887695,-0.5953378677368164,-7.603689193725586,1.3281192779541016,1.2716119289398193,-0.05650734901428223,AND ON THE SUCCEEDING DAY FAVOURED TO AN UNCOMMON DEGREE BY A FINE EASTERLY BREEZE WE CLOSED IN WITH THE BARNEVELTS AND RUNNING PAST CAPE DECEIT WITH ITS STONY PEAKS ABOUT THREE O'CLOCK DOUBLED THE WEATHER BEATEN CAPE HORN THE EVENING WAS CALM AND BRIGHT,"And on this exciting day, favored to a uncommon degree, my husband Easterly breathes, we closed in with the barnacles and run into my cake to see with its stony peaks, about three o'clock, double the weather even the cake horn. The evening was calm and bright.",0.6034578599992528,0.5837517529998877,0.385902113001066,1.5731117260002065,0.03501935251742039,0.03387578450132457,0.022394342717515454,0.09128947973626042,1
382,mic_fileid_382_doa34_3spk.wav,SepFormer-sepformer-wsj03mix,1,17.508625,193,1,speechbrain/sepformer-wsj03mix,1,-9.40140060354825,,text_fileid_382_doa193_spk1.txt,1.9259259259259258,52,27,-7.309762954711914,-6.709948539733887,0.5998144149780273,-7.4100751876831055,-6.861329555511475,0.5487456321716309,1.067798376083374,1.098996639251709,0.03119826316833496,THE SUMMER'S FLOWER IS TO THE SUMMER SWEET THOUGH TO ITSELF IT ONLY LIVE AND DIE BUT IF THAT FLOWER WITH BASE INFECTION MEET THE BASEST WEED,"I did the call. We have a problem. I'm trying to figure out how to get her to see how she could help it. I'm trying to figure out how to get her to see how she could help it. As I said before, my problem to the window is to have a look at the fence.",0.5627401340007054,0.6545217909988423,0.7898174609999842,2.007079385999532,0.03214073829331004,0.037382820809677655,0.04511019346179293,0.11463375256478062,1
383,mic_fileid_383_doa0_3spk.wav,SepFormer-sepformer-wsj03mix,1,16.2795,166,1,speechbrain/sepformer-wsj03mix,0,4.465889292542058,,text_fileid_383_doa166_spk1.txt,0.7619047619047619,32,42,2.5065112113952637,5.223281383514404,2.7167701721191406,2.489145040512085,4.463977336883545,1.97483229637146,1.2155160903930664,1.253879189491272,0.038363099098205566,HE WOULD NOT ADVERTISE IN PAPERS WHICH HE THOUGHT MIGHT BY THEIR PUBLICATION OF OPINION ULTIMATELY HURT CAPITALISM AS A WHOLE STILL LESS IN THOSE WHOSE OPINIONS MIGHT AFFECT HIS OWN PRIVATE FORTUNE ADVERSELY STUPID LIKE ALL PEOPLE GIVEN UP TO GAIN,"He would not take the title of papers which he thought might be a better publication than the one he ultimately heard, capital of the public. So, at last, in those whose opinions will affect you, don't try to force an inverse stupid, like all people who come out to gain this, wet.",0.5171344859991223,0.6551182469993364,0.3839573080003902,1.5562100409988489,0.03176599318155486,0.04024191449364762,0.023585325593561853,0.09559323326876433,1
384,mic_fileid_384_doa36_3spk.wav,SepFormer-sepformer-wsj03mix,1,16.063875,36,1,speechbrain/sepformer-wsj03mix,0,1.9869667116549845,,text_fileid_384_doa36_spk1.txt,0.7894736842105263,30,38,4.9122138023376465,2.6469030380249023,-2.265310764312744,4.897977352142334,1.9836604595184326,-2.9143168926239014,1.4265990257263184,1.3665106296539307,-0.060088396072387695,AND BEHOLD PRESENTLY CAME THE KHORASANI SO I CARRIED HIM INTO THE HOUSE AND BROUGHT OUT TO HIM ONE MYRIAD OF DIRHAMS SAYING HERE IS THY MONEY QUOTH HE IT IS NOT MY VERY MONEY HOW COMETH THIS,"people presently can't get a quarter of the amount. So it carries him much to house, brought out to the normal by the audience, here's the money. Both he and his not neither much, all come at this.",0.5048730729995441,0.519319170000017,0.2947164209999755,1.3189086639995367,0.03142909621741604,0.03232838714195778,0.01834653351074853,0.08210401687012235,1
385,mic_fileid_385_doa92_3spk.wav,SepFormer-sepformer-wsj03mix,1,16.99975,92,1,speechbrain/sepformer-wsj03mix,0,2.712385415232329,,text_fileid_385_doa92_spk1.txt,1.4318181818181819,63,44,3.7628257274627686,3.158543109893799,-0.6042826175689697,3.749255895614624,2.727816343307495,-1.021439552307129,1.1280317306518555,1.2089624404907227,0.08093070983886719,VERY CROSS AND I DON'T WONDER I'M A GREAT TRIAL TO HER SHE WAS TERRIBLY MORTIFIED ABOUT THE PUDDING SAUCE LAST WEEK WE HAD A PLUM PUDDING FOR DINNER ON TUESDAY AND THERE WAS HALF THE PUDDING AND A PITCHERFUL OF SAUCE LEFT OVER,Very calm. I'm not one to pretend I'm the best of the best. You have to be kind of aware of something that the police will not pretend. They will close my eyes. I'm trying to get rid of you. I'm trying to get rid of you. I know it's not the police. I'm putting my own sister in the sauce. That's over. We're ready for them and the arsenal.,0.5267769769998267,0.9444765440002811,0.33572980600001756,1.8069833270001254,0.030987336696117695,0.05555826079796945,0.019749102545626705,0.10629470003971385,1
386,mic_fileid_386_doa35_3spk.wav,SepFormer-sepformer-wsj03mix,1,17.709,142,1,speechbrain/sepformer-wsj03mix,0,5.349058344702897,,text_fileid_386_doa142_spk1.txt,0.45454545454545453,20,44,4.651608467102051,5.574449062347412,0.9228405952453613,4.640249252319336,5.345353126525879,0.705103874206543,1.282795786857605,1.3982748985290527,0.11547911167144775,INSTEAD OF MAKING A FUSS ABOUT THIS HE USED TO CALL FOR PENCIL AND PAPER AND PRACTISE DRAWING FEET UNTIL HE COULD MAKE VERY PERFECT ONES MAJOR WHISTLER SENT HIM TO THE ART ACADEMY IN SAINT PETERSBURG WHERE HE WAS PRAISED BY HIS TEACHERS,"He says maybe buses are great, he used to call for a check bill at paper and practice drawing things until he can make very perfect comments. Maybe a lift was sent him to the art academy in St. Petersburg, where he was praised by his teachers.",0.5558192480002617,0.5569653450002079,0.42085706799844047,1.53364166099891,0.03138625828676163,0.03145097662206832,0.02376515150479646,0.08660238641362641,1
387,mic_fileid_387_doa54_3spk.wav,SepFormer-sepformer-wsj03mix,1,16.72775,88,1,speechbrain/sepformer-wsj03mix,0,5.153581308517564,,text_fileid_387_doa88_spk1.txt,0.24561403508771928,14,57,6.442269802093506,5.725413799285889,-0.7168560028076172,6.431567192077637,5.144571781158447,-1.2869954109191895,1.6782053709030151,2.040215253829956,0.3620098829269409,IT WAS NOT UNTIL SOME DAYS LATER THAT THE CASE CAME INTO MY HANDS AND IN THE INTERVAL THE LOCAL AUTHORITIES HAD NOT BEEN IDLE IT WAS NOTED THAT THE MAN WAS POORLY DRESSED THAT HIS HANDS PROVED HE WAS USED TO MANUAL LABOR BUT THERE WAS NO MARK EITHER ON HIS BODY OR ON HIS CLOTHING,"It was not until some days later that the case came into my hand, and any interval to work with the reason had not been I was. It was noted that the man was poorly dressed, that his hand proved he was used to manual labor, that there was no minor cry on his body or on his clothing.",0.5449204340002325,0.7479991630007135,0.4629773369997565,1.7558969340007025,0.032575835602530676,0.04471606540035052,0.02767720327000084,0.10496910427288203,1
388,mic_fileid_388_doa22_3spk.wav,SepFormer-sepformer-wsj03mix,1,17.815875,22,1,speechbrain/sepformer-wsj03mix,0,4.139688386359664,,text_fileid_388_doa22_spk1.txt,0.6571428571428571,23,35,5.173496246337891,4.597867012023926,-0.5756292343139648,5.158719539642334,4.139545440673828,-1.0191740989685059,1.3581111431121826,1.3937346935272217,0.03562355041503906,REALLY ATTESTED HIS FAILURE BUT THE DISCOVERY OF AMERICA WAS A GREATER SUCCESS THAN WAS ANY FINDING OF A BACK DOOR TO INDIA WHEN DAVID LIVINGSTONE HAD SUPPLEMENTED HIS THEOLOGICAL EDUCATION BY A MEDICAL COURSE,"I really accepted her failure, but the acceptance of America was the greatest success that we were ever finding at the crack door in the end. When David Littler used all her supplementary genealogical education by a medical court.",0.5378603289991588,0.46295626599930984,0.3856791020007222,1.3864956969991908,0.030189947392376678,0.025985603625940903,0.021648058374944944,0.07782360939326252,1
389,mic_fileid_389_doa78_3spk.wav,SepFormer-sepformer-wsj03mix,1,4.962375,78,1,speechbrain/sepformer-wsj03mix,1,5.002857275439983,,text_fileid_389_doa78_spk1.txt,1.25,10,8,8.601922035217285,6.749919414520264,-1.8520026206970215,8.559205055236816,4.993977069854736,-3.56522798538208,1.5310333967208862,1.7007784843444824,0.1697450876235962,CONSEIL I CALLED A THIRD TIME CONSEIL APPEARED,I can't say I called him third time. I can't say it to you.,0.1593483449996711,0.19284176300061517,0.13595268900098745,0.4881427970012737,0.0321113065819635,0.03886077996939272,0.02739669795228846,0.09836878450364467,1
390,mic_fileid_390_doa110_3spk.wav,SepFormer-sepformer-wsj03mix,1,15.794625,110,1,speechbrain/sepformer-wsj03mix,2,3.7461029113063975,,text_fileid_390_doa110_spk1.txt,0.09523809523809523,4,42,2.6948599815368652,4.3713483810424805,1.6764883995056152,2.679602861404419,3.752584457397461,1.072981595993042,1.1431479454040527,1.2203166484832764,0.07716870307922363,HAD AT LEAST THE ELEMENT OF HUMILITY THAT IT ALWAYS NEEDED TO BE SUPPORTED BY PROOF LORD WARBURTON NOT ONLY SPENT THE NIGHT AT GARDENCOURT BUT HE WAS PERSUADED TO REMAIN OVER THE SECOND DAY AND WHEN THE SECOND DAY WAS ENDED,"had at least the element of humility that it always needed to be supported by truth. Lord Horbritt not only spent the night at Garden Court, but he was persuaded to remain over the second day, and when the second day was ended.",0.45884145200034254,0.49020662699876993,0.3235671989987168,1.2726152779978293,0.029050480907292356,0.031036294118965784,0.02048590574317002,0.08057268076942815,1
391,mic_fileid_391_doa145_3spk.wav,SepFormer-sepformer-wsj03mix,1,15.792625,208,1,speechbrain/sepformer-wsj03mix,2,1.540066327596967,,text_fileid_391_doa208_spk1.txt,0.9393939393939394,31,33,4.172702312469482,1.7926782369613647,-2.3800240755081177,4.152534008026123,1.5398063659667969,-2.612727642059326,1.2697687149047852,1.2261451482772827,-0.04362356662750244,WAS ULTIMATELY CONDUCTED INTO THE MASTER'S PRIVATE ROOM WHERE HE WAS RECEIVED LIKE A PETITIONER HAVE YOU BROUGHT THE BILL OF EXCHANGE WITH YOU ASKED FALK I THINK SO REPLIED THE CRESTFALLEN LEVIN,"Was all of you conducted behind the scenes of the Fowl's rules, or have you ever seen a competition? I think I've brought the door of exchange with you, yes, Fowl. I think so, and I'm happy for you to come forward with us.",0.4972424660008983,0.7836479449997569,0.3377788119996694,1.6186692230003246,0.0314857388180178,0.04962113296553023,0.02138838932727583,0.10249526111082385,1
392,mic_fileid_392_doa16_3spk.wav,SepFormer-sepformer-wsj03mix,1,16.223,209,1,speechbrain/sepformer-wsj03mix,0,2.723381550525521,,text_fileid_392_doa209_spk1.txt,0.5609756097560976,23,41,6.269815444946289,4.4339094161987305,-1.8359060287475586,6.261033058166504,2.723236560821533,-3.5377964973449707,1.69171142578125,1.636455774307251,-0.05525565147399902,THAT IS WHY I HAVE TO FLY AWAY SOUTH AS SOON AS THE GROUND FREEZES AT ALL IT'S WONDERFUL SIGHED PETER I DON'T SUPPOSE ANY ONE ELSE CAN FIND HIDDEN WORMS THAT WAY MY COUSIN JACK SNIPE CAN REPLIED LONGBILL PROMPTLY,"That is why I'm out in flyaway south of the Sinclair Brown Cruises at all. It's wonderful sight Peter. I don't suppose anyone else can find hit works that way. My course of Jax, NightCat, reflects long build promptly.",0.44107466700006626,0.48141317999943567,0.2593241680006031,1.181812015000105,0.027188230721818793,0.02967473217034061,0.015984969980928503,0.07284793287308791,1
393,mic_fileid_393_doa13_3spk.wav,SepFormer-sepformer-wsj03mix,1,11.4945,293,1,speechbrain/sepformer-wsj03mix,2,1.70710554174607,,text_fileid_393_doa293_spk1.txt,1.8,27,15,5.090887069702148,3.640202760696411,-1.4506843090057373,5.058625221252441,2.88430118560791,-2.1743240356445312,1.2720805406570435,1.4674072265625,0.19532668590545654,BUT HOW WILL YOU PASS THROUGH THE BARRIER WITHOUT EXCITING SUSPICION IT SEEMS TO ME,The man who had passed you through the barrier of no such suspicion are calling from the same street. You are one great force from Victor Mill. At daylight next morning.,0.2602969919989846,0.3960299569989729,0.14315232199987804,0.7994792709978356,0.022645351428855938,0.03445386550080238,0.012453984253327943,0.06955320118298626,1
394,mic_fileid_394_doa77_3spk.wav,SepFormer-sepformer-wsj03mix,1,16.922625,332,1,speechbrain/sepformer-wsj03mix,0,3.423359662768324,,text_fileid_394_doa332_spk1.txt,0.09090909090909091,4,44,3.1717193126678467,3.8403382301330566,0.66861891746521,3.144843578338623,3.420623302459717,0.27577972412109375,1.325384259223938,1.4089462757110596,0.08356201648712158,MARGUERITE GOT ACCUSTOMED TO THIS NEW EXISTENCE WHOSE SALUTARY EFFECTS SHE ALREADY REALIZED SHE BEGAN TO SPEND SOME OF HER EVENINGS AT HOME OR IF THE WEATHER WAS FINE SHE WRAPPED HERSELF IN A SHAWL PUT ON A VEIL AND WE WENT ON FOOT,"Mark Green got accustomed to this new existence and the salutary effects she already realized. She began to spend some of her evenings at home, or if the weather was fine, she wrapped herself in a shawl, put on a veil, and we went on foot.",0.4306097159987985,0.5257356639995123,0.355951527999423,1.3122969079977338,0.025445799100245883,0.031067027958104156,0.02103406108682447,0.0775468881451745,1
395,mic_fileid_395_doa31_3spk.wav,SepFormer-sepformer-wsj03mix,1,15.923125,308,1,speechbrain/sepformer-wsj03mix,0,2.4786570758553337,,text_fileid_395_doa308_spk1.txt,0.5,17,34,2.8532724380493164,4.356356620788574,1.5030841827392578,2.8388044834136963,2.9714395999908447,0.13263511657714844,1.1420083045959473,1.2116289138793945,0.06962060928344727,THE ONLY EXPENSE EXCEPT THAT OF BOOKS TO WHICH A HOUSE BOARDER WAS THEN SUBJECT WAS THE FEE TO A TUTOR AMOUNTING I THINK TO TEN GUINEAS MY TUTOR TOOK ME WITHOUT THE FEE,The feeling felt like that book to which a house border was then such a place to put the fee to a tutor. A monty I think to ten or two years ago. My tutor took me without the fee.,0.4131319110001641,0.4767814510014432,0.25639002500065544,1.1463033870022628,0.025945403995771187,0.029942706032983046,0.016101740393337075,0.07198985042209131,1
396,mic_fileid_396_doa107_3spk.wav,SepFormer-sepformer-wsj03mix,1,14.402875,212,1,speechbrain/sepformer-wsj03mix,2,5.201780301768119,,text_fileid_396_doa212_spk1.txt,0.5588235294117647,19,34,5.395781993865967,5.476101398468018,0.08031940460205078,5.379300117492676,5.201488018035889,-0.1778120994567871,1.303015947341919,1.3803802728652954,0.07736432552337646,STUCK WITH A GALLANT AND FIERY AIR OVER HIS LEFT EYE SUCH WAS THE CHIVALRIC PORT OF PETER THE HEADSTRONG AND WHEN HE MADE A SUDDEN HALT PLANTED HIMSELF FIRMLY ON HIS SOLID SUPPORTER,"Don't mind the firey air over his left eye. As well as the civil record, he had one strong impact. And when he made the poison pulse, planted himself firmly on his solid supporter.",0.34786808300123084,0.42933799999991606,0.23905157099943608,1.016257654000583,0.02415268361360012,0.02980918740181499,0.016597489806683463,0.07055936082209857,1
397,mic_fileid_397_doa73_3spk.wav,SepFormer-sepformer-wsj03mix,1,17.983875,199,1,speechbrain/sepformer-wsj03mix,2,4.500189928892221,,text_fileid_397_doa199_spk1.txt,0.4883720930232558,21,43,3.9411113262176514,5.075305461883545,1.1341941356658936,3.9206862449645996,4.852599143981934,0.931912899017334,1.2645198106765747,1.3551172018051147,0.09059739112854004,JEFF LAID DOWN WHAT HE WAS READING AND STARTED TO TALK ABOUT CARNEGIE THIS CARNEGIE I BET YOU WOULD BE WORTH SAID JEFF CLOSING UP HIS EYES IN CALCULATION AS MUCH AS PERHAPS TWO MILLION DOLLARS IF YOU WAS TO SELL HIM UP,"Jent laid down what he was reading. He started to talk about this. This Carnegie, I bet you, would be worth, said Jeff, closing up his eyes in the calculation. Much as perhaps a million dollars if you would sell them off. This is a feature of the time of the purely expeditious...",0.4652675929992256,0.6285034880002058,0.2251216149998072,1.3188926959992386,0.025871376052114772,0.03494816817844907,0.012517970404031789,0.07333751463459563,1
398,mic_fileid_398_doa14_3spk.wav,SepFormer-sepformer-wsj03mix,1,17.575875,14,1,speechbrain/sepformer-wsj03mix,2,2.857459282043326,,text_fileid_398_doa14_spk1.txt,0.72,36,50,3.7783398628234863,3.030089855194092,-0.7482500076293945,3.770474910736084,2.8441944122314453,-0.9262804985046387,1.3206415176391602,1.4017661809921265,0.08112466335296631,AFTER ONE OF THE GREATEST HURRICANES IN THE HISTORY OF IRELAND SOME FISH WERE FOUND AS FAR AS FIFTEEN YARDS FROM THE EDGE OF A LAKE HAVE ANOTHER THIS IS A GOOD ONE FOR THE EXCLUSIONISTS FALL OF FISH IN PARIS SAID THAT A NEIGHBORING POND HAD BEEN BLOWN DRY,How do you want to break the hurricane into a street environment or some fish department as far as 15 yards of comfortable life is at risk? Have enough? This is a good thing with these solutions. But they did blow the fish in their arms. They said that a neighbor's pond had been blown dry.,0.4479414750003343,0.5952683410014288,0.33601297499990324,1.3792227910016663,0.025486155027862587,0.03386848967698216,0.01911785188503578,0.07847249658988052,1
399,mic_fileid_399_doa240_3spk.wav,SepFormer-sepformer-wsj03mix,1,16.995875,281,1,speechbrain/sepformer-wsj03mix,0,4.012232676583064,,text_fileid_399_doa281_spk1.txt,0.32,8,25,3.398922920227051,5.306722164154053,1.907799243927002,3.389115810394287,4.653587341308594,1.2644715309143066,1.2753500938415527,1.385894536972046,0.11054444313049316,AND BLOOD CURDLING EDITORIALS INCREASED PUBLIC SENTIMENT AGAINST KESEBERG STAMPING HIM WITH THE MARK OF CAIN AND CLOSING THE DOOR OF EVERY HOME AGAINST HIM,"and blood-curdling editorials increased public sentiment against Kettering, damping him with a mark of pain, and closing the door with every hoax against him.",0.4568691980002768,0.3254873049991147,0.29124141100146517,1.0735979140008567,0.026881181345489818,0.01915095898264224,0.01713600570735341,0.06316814603548547,1
