fileid,mic_file,duration_sec,predicted_doa_count,predicted_doas,selected_enhanced_index,selected_doa,selected_rms,selected_enhanced_file,gt_dominant_spk1_doa,selected_doa_error_deg,gt_text_file,wer,edit_distance,ref_words,reference,hypothesis,ipdnet_sec,dsenet_sec,whisper_sec,total_sec,ipdnet_rtf,dsenet_rtf,whisper_rtf,total_rtf,under_realtime
0,mic_fileid_0_doa73_3spk.wav,17.622,3,"73,182,264",0,73,0.08155775245587919,enhanced_fileid_0_pred73_idx0_loudest.wav,73,0.0,text_fileid_0_doa73_spk1.txt,0.0,0,38,BUT BEFORE HIS ARRIVAL LIFE WAS EXTINCT THE COUNT IS INSANE WITH GRIEF MORE ESPECIALLY BECAUSE THE MAID DISCOVERED THAT HER LADYSHIP HAD LEFT A LETTER TO SOME MAN SHE CALLS DICK TELLING HIM THAT SHE LOVED HIM,"But before his arrival, life was extinct. The Count is insane with grief, more especially because the maid discovered that her ladyship had left a letter to some man she calls Dick, telling him that she loved him.",0.6768970080000827,5.572342291999917,1.2215738429999874,7.470813142999987,0.038412042219957025,0.3162150886391963,0.06932095352400337,0.4239480843831567,1
1,mic_fileid_1_doa82_3spk.wav,16.681375,3,"86,189,277",1,189,0.08010458288511726,enhanced_fileid_1_pred189_idx1_loudest.wav,187,2.0,text_fileid_1_doa187_spk1.txt,0.0,0,32,BUT THE PRECAUTIONS WHICH HAVE BEEN SO HAPPILY CONCERTED IN THE SYSTEM UNDER CONSIDERATION PROMISE AN EFFECTUAL SECURITY AGAINST THIS MISCHIEF THE CHOICE OF SEVERAL TO FORM AN INTERMEDIATE BODY OF ELECTORS,"But the precautions, which have been so happily concerted in the system under consideration, promise an effectual security against this mischief. The choice of several to form an intermediate body of electors.",0.278182218999973,4.861214364000034,0.36272304399994937,5.502119626999956,0.016676216379043873,0.291415687495787,0.02174419338933088,0.3298360972641618,1
2,mic_fileid_2_doa36_3spk.wav,17.43025,3,"45,126,320",0,45,0.08304896314514179,enhanced_fileid_2_pred45_idx0_loudest.wav,36,9.0,text_fileid_2_doa36_spk1.txt,0.1951219512195122,8,41,OR WASHING OR CHURNING DAYS HER LIFE WAS QUIET AND MONOTONOUS ALTHOUGH HARD WORKING AND WHILE HER HANDS MECHANICALLY FOUND AND DID THEIR ACCUSTOMED LABOUR THE THOUGHTS THAT ROSE IN HER HEAD ALWAYS CENTRED ON CHARLEY KINRAID HIS WAYS HIS WORDS,"or washing or churning days. Her life was quiet and monotonous, although hardworking, and while her hands mechanically found and did the recustom labor, the thoughts that rose in her head always centered on Charlie Kenraid. His ways, his words.",0.2965272550000009,5.257169887999908,0.4934720290000314,6.04716917199994,0.01701222042139389,0.30161184653116896,0.028311242179545983,0.3469353091321088,1
3,mic_fileid_3_doa39_3spk.wav,14.798375,3,"38,111,202",0,38,0.06977464596324993,enhanced_fileid_3_pred38_idx0_loudest.wav,39,1.0,text_fileid_3_doa39_spk1.txt,0.058823529411764705,2,34,WHICH TAKES OVER THE USUAL STREAM OF CONSCIOUSNESS TYPE OF THINKING IT IS IMPLIED THAT THE PROCESS MAY BE ATAVISTIC ONE OF THE NEWER THEORIES ONE HELD BY DOCTOR LEWIS R WOLBERG A PSYCHOANALYST,"which takes over the usual stream of consciousness type of thinking. It is implied that the process may be atavistic. One of the newer theories, one held by Dr. Louis R. Wolberg, a psychoanalyst.",0.2523044590000154,4.131419410999911,0.44183038899996063,4.825554258999887,0.017049470566870714,0.2791806134795145,0.029856682845242174,0.3260867668916274,1
4,mic_fileid_4_doa26_3spk.wav,15.334625,3,"25,61,123",0,25,0.09069003150365076,enhanced_fileid_4_pred25_idx0_loudest.wav,26,1.0,text_fileid_4_doa26_spk1.txt,0.15625,5,32,THE PUBLICATION IF MADE AT ALL SHOULD BE EFFECTED AS SOON AS POSSIBLE AFTER MY DEATH MY FATHER DIED ON THE SIXTH OF DECEMBER EIGHTEEN EIGHTY TWO IT WILL BE SEEN THEREFORE,"The publication, if made at all, should be affected as soon as possible after my death. My father died on the 6th of December, 1882. It will be seen, therefore.",0.267771899999957,4.328873884000018,0.34846917799995936,4.945114961999934,0.01746191380617113,0.2822940817920241,0.02272433646078462,0.32248033205897986,1
5,mic_fileid_5_doa60_3spk.wav,15.43125,3,"52,95,334",2,334,0.06843328777111522,enhanced_fileid_5_pred334_idx2_loudest.wav,338,4.0,text_fileid_5_doa338_spk1.txt,0.07692307692307693,3,39,HOW TRUE WHEN ONE HAS THE HONOR OF BEING AN EXPERT AS MASTER IS ONE MUSTN'T LAY HIMSELF OPEN TO CONSEIL DIDN'T HAVE TIME TO COMPLETE THE COMPLIMENT IN THE MIDST OF THE GENERAL SILENCE A VOICE BECAME AUDIBLE,"How true! When one has the honor of being an expert as master is, one mustn't let himself open to. Conce didn't have time to complete the compliment. And in the midst of the general silence, a voice became audible.",0.25946064300001126,4.43707924499995,0.43725905199994486,5.133798939999906,0.016813974434994654,0.28753854969623005,0.02833594504657399,0.3326884691777987,1
6,mic_fileid_6_doa30_3spk.wav,15.101125,3,"27,87,141",2,141,0.09987185930443365,enhanced_fileid_6_pred141_idx2_loudest.wav,140,1.0,text_fileid_6_doa140_spk1.txt,0.0,0,37,HE WORE A BLOUSE AND UNDER HIS BLOUSE AN OLD BLACK COAT HE MADE PRETENSIONS TO LITERATURE AND TO MATERIALISM THERE WERE CERTAIN NAMES WHICH HE OFTEN PRONOUNCED TO SUPPORT WHATEVER THINGS HE MIGHT BE SAYING VOLTAIRE,He wore a blouse and under his blouse an old black coat. He made pretensions to literature and to materialism. There were certain names which he often pronounced to support whatever things he might be saying. Voltaire.,0.244008153999971,4.340735979999977,0.4268281049999132,5.011572238999861,0.016158276552241703,0.2874445433701116,0.02826465611005228,0.33186747603240563,1
7,mic_fileid_7_doa57_3spk.wav,13.9115,3,"116,171,214",2,214,0.049310870964498286,enhanced_fileid_7_pred214_idx2_loudest.wav,57,157.0,text_fileid_7_doa57_spk1.txt,1.608695652173913,37,23,THOSE BULLET HOLES IN THE BACK OF THE CAR WERE FIRED FROM ABOVE AND BEHIND THE MACHINE THEY SLANTED DOWN BUT NOT SIDEWISE,"Shouted to clip the boat about, but he might with as much reason have shouted at an avalanche. The wind blew his voice away and emptied it violently into the air. A snarling billow jerked the oar from his hand.",0.22418388999994932,3.8446247989999165,0.47080410700004904,4.539612795999915,0.016115004852097135,0.27636306645580394,0.033842799626212054,0.3263208709341131,1
8,mic_fileid_8_doa80_3spk.wav,17.153125,3,"84,249,333",2,333,0.10312419630350486,enhanced_fileid_8_pred333_idx2_loudest.wav,333,0.0,text_fileid_8_doa333_spk1.txt,0.0,0,55,THEY WANTED TO LEARN THE GAME AT TWO O'CLOCK THE CAPTAIN ASKED THE MATE HOW WE WERE GETTING ON OH PRETTY GLIBLY SIR REPLIED THE MATE WE CAN SCARCELY TELL WHAT HEADWAY WE ARE MAKING FOR WE ARE OBLIGED TO KEEP THE MIDDLE OF THE RIVER AND THERE IS THE SHADOW OF A FOG RISING,"They wanted to learn the game. At two o'clock, the captain asked the mate how we were getting on. Oh, pretty glibly, sir, replied the mate. We can scarcely tell what headway we are making, for we are obliged to keep the middle of the river, and there is the shadow of a fog rising.",0.27612724899995555,5.157273600000053,0.6112393119999524,6.044640160999961,0.016097780958277606,0.30066087666241886,0.03563428308252592,0.35239294070322236,1
9,mic_fileid_9_doa85_3spk.wav,16.73125,3,"86,252,314",2,314,0.08525336261154913,enhanced_fileid_9_pred314_idx2_loudest.wav,314,0.0,text_fileid_9_doa314_spk1.txt,0.0,0,39,THE DEAF GENTLEMAN SUBMITTED WHY DID YOU INVITE YOURSELF BECAUSE A TEA PARTY IS NOT COMPLETE WITHOUT A WOMAN HER MANNER WAS AS STRANGELY ALTERED AS HER LOOKS THAT SHE WAS BESIDE HERSELF FOR THE MOMENT I CLEARLY SAW,The deaf gentleman submitted. Why did you invite yourself? Because a tea party is not complete without a woman. Her manner was as strangely altered as her looks. That she was beside herself for the moment I clearly saw.,0.29031647199997224,4.95243917300013,0.38417205600001125,5.626927701000113,0.017351750287633753,0.29599935288756846,0.022961348135973777,0.336312451311176,1
10,mic_fileid_10_doa3_3spk.wav,15.430875,3,"6,117,151",0,6,0.102431773218965,enhanced_fileid_10_pred6_idx0_loudest.wav,3,3.0,text_fileid_10_doa3_spk1.txt,0.08888888888888889,4,45,HERE HE SAW CLIENTS WHEN MISTER CARLYLE WAS OUT OR ENGAGED AND HERE HE ISSUED PRIVATE ORDERS A LITTLE WINDOW NOT LARGER THAN A PANE OF GLASS LOOKED OUT FROM THE CLERK'S OFFICE THEY CALLED IT OLD DILL'S PEEP HOLE AND WISHED IT ANYWHERE ELSE,"Here he saw clients when Mr. Carlisle was out or engaged, and here he issued private orders. A little window, not larger than a pane of glass, looked out from the clerk's office. They called it Old Dills Peephole and wished it anywhere else.",0.2573717129999977,4.747864467999989,0.5085880540000289,5.5138242350000155,0.016679009647864926,0.30768601702754955,0.032959119557382774,0.35732414623279724,1
11,mic_fileid_11_doa93_3spk.wav,15.721,3,"95,203,260",2,260,0.08384525938363167,enhanced_fileid_11_pred260_idx2_loudest.wav,264,4.0,text_fileid_11_doa264_spk1.txt,0.15625,5,32,SEES ME BOWLING ALONG THE ROAD STRAIGHTWAY DELIVERS HIMSELF OF A YELL PURE AND SIMPLE AT PERRYSBURG I STRIKE THE FAMOUS MAUMEE PIKE FORTY MILES OF STONE ROAD ALMOST A DEAD LEVEL,"Sees me bowling along the road straight when he delivers himself of a yell, pure and simple. At Perrysburg I strike the famous Wobby Pike, 40 miles of stone road almost a dead level.",0.27905741999995826,4.740785719000087,0.40273782700000993,5.422580966000055,0.017750615100817903,0.3015575166338074,0.025617825011132238,0.3449259567457576,1
12,mic_fileid_12_doa38_3spk.wav,17.289,3,"40,106,225",0,40,0.10358209863606684,enhanced_fileid_12_pred40_idx0_loudest.wav,38,2.0,text_fileid_12_doa38_spk1.txt,0.125,5,40,OF ANY OTHER MATTER WHICH MIGHT HAVE BEEN PREYING UPON HER HUSBAND'S MIND RECENTLY MISSUS MANDERSON KNEW OF NONE WHATEVER THE CORONER INTIMATED THAT HER ORDEAL WAS AT AN END AND THE VEILED LADY MADE HER WAY TO THE DOOR,of any other matter which might have been praying upon her husband's mind recently. Mrs. Maderson knew of none what a the coroner intimated that her ordeal was at an end and the veiled lady made her way to the door.,0.30400659400004315,5.37392403299998,0.5112079990000211,6.1891386260000445,0.01758381595234213,0.3108290839840349,0.029568396032160396,0.35798129596853745,1
13,mic_fileid_13_doa5_3spk.wav,17.47475,3,"50,222,344",2,344,0.049901439700320196,enhanced_fileid_13_pred344_idx2_loudest.wav,5,21.0,text_fileid_13_doa5_spk1.txt,1.205128205128205,47,39,NO MATTER HOW DIFFICULT HE MUST SUCCEED IN IT OR DIE THEY DID NOT THINK LONG BUT REPLIED LET HIM BUILD YOUR MAJESTY IN ONE DAY A MORE BEAUTIFUL PALACE THAN THIS AND IF HE FAILS IN THE ATTEMPT,"Felt herself a princess and carried her authority over him with a high tone in all their arrangements. She had a fancy for Lord David. Lord David was handsome, but that was over and above the bargain. She considered him to be fashionable. To be fashionable is everything.",0.2940325689999099,5.583614499999953,0.5113557969999647,6.389002865999828,0.016826138800263804,0.31952471423052997,0.02926255294066952,0.36561340597146325,1
14,mic_fileid_14_doa181_3spk.wav,17.749,3,"181,223,338",0,181,0.10342244021199463,enhanced_fileid_14_pred181_idx0_loudest.wav,181,0.0,text_fileid_14_doa181_spk1.txt,0.09523809523809523,4,42,THIS WAS A CURIOUS CONSOLATION THE TWO SPENT HOURS TOGETHER SOMETIMES IN THE TINY PARLOR STUMBLING OVER BERLIN WOOL DIFFICULTIES AND NOW AND THEN WANDERING TO AND FRO CONVERSATIONALLY FROM PRISCILLA TO THE OCTAGON STITCH AND FROM THE OCTAGON STITCH TO DENIS,"This was a curious consolation. The two spend hours together sometimes in the tiny parlor, stumbling over Berlin wall difficulties and now and then wandering true and fro, conversationally from Priscilla to the octagon stitch and from the octagon stitch to Dennis.",0.2919137099999034,5.8008661860000075,0.46250728500001514,6.555287180999926,0.016446769395453458,0.326827775423968,0.026058216519241374,0.36933276133866283,1
15,mic_fileid_15_doa78_3spk.wav,15.6375,3,"78,263,299",1,263,0.1070364862839104,enhanced_fileid_15_pred263_idx1_loudest.wav,266,3.0,text_fileid_15_doa266_spk1.txt,0.1388888888888889,5,36,WHEN ON SHORE HE FOLLOWED HIS FAVORITES LIKE A DOG AND WAS NEVER KNOWN TO ROOT EXCEPT IN SPEECH AND APPEARANCE HE WAS THE COUNTERPART OF A HAPPY GOOD NATURED AND WELL CARED FOR HOUSEHOLD DOG,"When on shore, he followed his favorites like a dog, and was never known to root. Except in speech and appearance, he was the counterpart of a happy, good-natured, and well-cared-for household dog.",0.2639003540000431,4.569847013000185,0.42382665899992844,5.257574026000157,0.01687612175859588,0.29223641969625486,0.027103223597117726,0.3362157650519685,1
16,mic_fileid_16_doa36_3spk.wav,15.665875,3,"35,147,316",0,35,0.1090012921739002,enhanced_fileid_16_pred35_idx0_loudest.wav,36,1.0,text_fileid_16_doa36_spk1.txt,0.025,1,40,ONE HOT SUMMER DAY A FEW MONTHS AFTER THE MARRIAGE JULIET RETURNING TO THE CONSULATE AFTER A MORNING SPENT IN VERY ACTIVE EXERCISE UPON A TENNIS COURT WAS MET ON THE DOORSTEP BY DORA THE YOUNGEST OF THE CLARENCY BUTCHERS,"One hot summer day, a few months after the marriage, Juliet, returning to the consulate after a morning spent in very active exercise upon a tennis court, was met on the doorstep by Dora, the youngest of the Clarence Butchers.",0.25798549900002854,4.582032423999976,0.4636583010000095,5.303676224000014,0.016467991669793645,0.29248493454722296,0.029596706280371157,0.33854963249738773,1
17,mic_fileid_17_doa99_3spk.wav,16.526625,3,"98,159,280",0,98,0.0914116895476581,enhanced_fileid_17_pred98_idx0_loudest.wav,99,1.0,text_fileid_17_doa99_spk1.txt,0.0,0,51,WASN'T SHE LATER ON ENGAGED TO A MAN WHOM SHE REALLY LOVED YES THAT WAS IT AND DURING ALL THE TIME SHE KEPT UP HER OLD LIAISON THE AUTHOR WANTED TO SHOW THAT A WOMAN CAN LOVE IN TWO WAYS A MAN ONLY IN ONE THAT'S TRUE ENOUGH ISN'T IT CERTAINLY,"Wasn't she later on engaged to a man whom she really loved? Yes, that was it. And during all the time she kept up her old liaison. The author wanted to show that a woman can love in two ways. A man only in one. That's true enough, isn't it? Certainly.",0.2698159899999837,4.956206709999947,0.5613293019999901,5.7873520019999205,0.016326139789580977,0.29989224720715496,0.033965150295356135,0.35018353729209206,1
18,mic_fileid_18_doa181_3spk.wav,15.649,3,"182,228,263",0,182,0.08256407483807714,enhanced_fileid_18_pred182_idx0_loudest.wav,181,1.0,text_fileid_18_doa181_spk1.txt,0.022222222222222223,1,45,AND DON'T I HOPE THAT FIRST PICTURE TURNS OUT GOOD IT WAS A REMARKABLE POSE IF ONLY THE FOCUS WAS RIGHT HE STARTED TOWARD THE CABIN DOOR AS THOUGH ANXIOUS TO DEVELOP HIS ROLL OF FILM AND DISCOVER WHAT SUCCESS HIS LABOR HAD RESULTED IN,And don't I hope that first picture turns out good? It was a remarkable pose if only the focus was right. He started toward the cabin door as though anxious to develop his role of film and discover what success his labor had resulted in.,0.27603252300002623,4.615841950999993,0.44121826499997496,5.333092738999994,0.017638987986454486,0.29496082503674315,0.028194661959229022,0.34079447498242665,1
19,mic_fileid_19_doa121_3spk.wav,17.152125,3,"120,260,337",2,337,0.12627878116205754,enhanced_fileid_19_pred337_idx2_loudest.wav,340,3.0,text_fileid_19_doa340_spk1.txt,0.11904761904761904,5,42,THE INJURIES TO DAK KOVA HAD DELAYED THE MARCH SO GREATLY THAT IT WAS DECIDED TO GIVE UP THE EXPEDITION WHICH WAS A RAID UPON A SMALL THARK COMMUNITY IN RETALIATION FOR THE DESTRUCTION OF THE INCUBATOR UNTIL AFTER THE GREAT GAMES,"The injuries to DotCova had delayed the march so greatly that it was decided to give up the expedition, which was arrayed upon a small, dark community in retaliation for the destruction of the incubator until after the Great Games.",0.28765318199998546,5.209074659000066,0.3843457450000187,5.8810735860000705,0.01677070228907412,0.30369850143932986,0.022408054104084404,0.3428772578324884,1
20,mic_fileid_20_doa68_3spk.wav,16.674375,3,"150,186,249",2,249,0.033147595673440125,enhanced_fileid_20_pred249_idx2_loudest.wav,68,179.0,text_fileid_20_doa68_spk1.txt,0.9705882352941176,33,34,OLENIN WAS ABOUT TO APPROACH THE DEAD BODY AND HAD BEGUN TO LOOK AT IT WHEN THE BROTHER LOOKING UP AT HIM FROM UNDER HIS BROWS WITH CALM CONTEMPT SAID SOMETHING SHARPLY AND ANGRILY,"In fact, it possessed the greatest of all claims to their admiration, for it was partly incomprehensible and by the artful introduction of a word here and there, of which his hearers knew nothing.",0.2800800170000457,4.997428444000093,0.3847466350000559,5.6622550960001945,0.0167970323925212,0.2997070921099047,0.023074126316581935,0.33957825081900783,1
21,mic_fileid_21_doa34_3spk.wav,17.10975,3,"32,146,345",0,32,0.09643114996664182,enhanced_fileid_21_pred32_idx0_loudest.wav,34,2.0,text_fileid_21_doa34_spk1.txt,0.02702702702702703,1,37,WE THEN WENT TO WORK TO MAKE CLOTHES AFTER THE PATTERN OF THE NETCHELLI ESKIMO AND THE SEWING WENT ON EARLY AND LATE THICK ANORAKS AND THIN ONES HEAVY BREECHES AND LIGHT WINTER STOCKINGS AND SUMMER STOCKINGS,"We then went to work to make clothes after the pattern of the Natcheli Eskimo, and the sewing went on early and late. Thick anoraks and thin ones, heavy breeches and light, winter stockings and summer stockings.",0.29326852700000927,5.1623331589999,0.44482402599999205,5.900425711999901,0.017140433203291065,0.3017187953652099,0.02599827735647757,0.34485750592497855,1
22,mic_fileid_22_doa22_3spk.wav,16.8605,3,"22,124,328",2,328,0.08505656134343326,enhanced_fileid_22_pred328_idx2_loudest.wav,345,17.0,text_fileid_22_doa345_spk1.txt,0.05263157894736842,2,38,THEY HAVE MERELY GONE TO WORK IN A BUSINESS LIKE MANNER AND USED THEIR WITS AND COMMON SENSE IN EDUCATING THE VOTERS REALLY MY DEARS I'M MORE PROUD OF YOU TODAY THAN I'VE EVER BEEN BEFORE HE CONCLUDED,"They have merely gone to work in a business-like manner and used their wits and common sense in educating the voters. Really my dears, I'm more proud of you today than I've ever been before, he concluded.",0.26791976300000897,5.058616433999987,0.4157036379999681,5.742239834999964,0.01589038065300608,0.30002766430414207,0.02465547510453238,0.3405735200616805,1
23,mic_fileid_23_doa6_3spk.wav,16.07425,3,"15,94,187",0,15,0.033009045678327194,enhanced_fileid_23_pred15_idx0_loudest.wav,212,163.0,text_fileid_23_doa212_spk1.txt,0.9791666666666666,47,48,WHEN HIS CRIES WERE HEARD BY A FARMER WHO WAS WALKING HOME FROM TOWN AND HE WAS BROUGHT BACK TO HIS FATHER'S HOUSE HE WAS SO TIRED AND EXCITED THAT HE DID NOT KNOW WHAT WAS HAPPENING TO HIM BY CHANCE DAVID'S FATHER KNEW THAT HE HAD DISAPPEARED,"will take without flinching a blow which would leave another man riding on the ground. Such things are not to be acquired in a week, but all that could be done in a week should be done. The medical assistant had a good basis to start from.",0.2639320800000178,4.821251149999966,0.4570243020000362,5.54220753200002,0.016419557988709754,0.2999363049597939,0.02843207627105689,0.3447879392195605,1
24,mic_fileid_24_doa57_3spk.wav,16.518375,3,"55,111,289",2,289,0.09285250221456312,enhanced_fileid_24_pred289_idx2_loudest.wav,289,0.0,text_fileid_24_doa289_spk1.txt,0.024390243902439025,1,41,I HAD NOT FORGOTTEN THE LIVID JAGGED FURROWS IN MERCER'S SIDE QUICKLY AS I SHOT TO THE LADDER SHE WAS THERE BEFORE ME A DIM WAVERING WHITE SHAPE WAITING I PAUSED HOLDING TO A RUNG OF THE LADDER WITH ONE HAND,"I had not forgotten the livid, jagged furrows in Mercer's side. Quickly as I shot to the ladder, she was there before me, a dim, wavering, white shape, waiting. I paused, holding to a rung of a ladder with one hand.",0.2765175229999386,4.905299124999942,0.491560040999957,5.673376688999838,0.01673999548986741,0.2969601504385233,0.0297583776249151,0.3434585235533058,1
25,mic_fileid_25_doa112_3spk.wav,14.702125,3,"114,155,196",0,114,0.09970985915960655,enhanced_fileid_25_pred114_idx0_loudest.wav,112,2.0,text_fileid_25_doa112_spk1.txt,0.0,0,36,THERE WAS THE SWEETNESS OF THE MAYFLOWER AND THE STRENGTH OF THE YOUNG OAK BUT ONE COULD EASILY DIVINE THAT SHE WAS ONE OF THE SOULS BY NATURE PITCHED TOO HIGH BY SUFFERING PLUNGED TOO LOW,"There was the sweetness of the Mayflower and the strength of the young oak, but one could easily divine that she was one of the souls by nature pitched too high by suffering plunged too low.",0.2447985469999594,4.18205779199991,0.3353234840000141,4.762179822999883,0.016650555412905235,0.28445260749720935,0.02280782431111245,0.3239109872212271,1
26,mic_fileid_26_doa34_3spk.wav,15.26275,3,"34,80,338",0,34,0.08515202803556964,enhanced_fileid_26_pred34_idx0_loudest.wav,34,0.0,text_fileid_26_doa34_spk1.txt,0.029411764705882353,1,34,THEY CAME FROM THE EAST WEST NORTH AND SOUTH ALL SORRY TO KNOW OF HER ILLNESS AND BRINGING PRESENTS WITH THEM SOMETIMES IT WAS A LITTLE LIVE BIRD OR SQUIRREL A DELICIOUS SALMON TROUT,"They came from the east, west, north and south, all sorry to know of her illness and bringing presence with them. Sometimes it was a little live bird or squirrel. A delicious salmon trout.",0.2568273609999778,4.391765740000096,0.38734796899996127,5.035941070000035,0.0168270698923836,0.2877440657810746,0.025378648605261914,0.32994978427872007,1
27,mic_fileid_27_doa31_3spk.wav,17.2175,3,"33,79,161",2,161,0.06070740551770185,enhanced_fileid_27_pred161_idx2_loudest.wav,173,12.0,text_fileid_27_doa173_spk1.txt,0.08571428571428572,3,35,IT SEEMS THAT THE PUBLIC ADMIRE HER AS MUCH AS I HAVE DONE I I SHALL FIND HER SOME DAY THEN SHE WILL RETURN TO ME STILL THINKING OF HER I OBSERVED REPROACHFULLY YES ALWAYS,"It seems that the public admire her as much as I have done. I shall find her someday, then she will return to me. Still thinking of her? I observed reproachfully. Yes, always.",0.29185115899997527,5.236846280999998,0.41269141499992656,5.9413888549999,0.016950844141134035,0.30415834360389127,0.023969299549872314,0.3450784872948976,1
28,mic_fileid_28_doa124_3spk.wav,16.91975,3,"129,216,315",1,216,0.06535600490227869,enhanced_fileid_28_pred216_idx1_loudest.wav,217,1.0,text_fileid_28_doa217_spk1.txt,0.10344827586206896,3,29,FELL FAR SHORT DON'T LOOK BACK GRUNTED VENTNOR STRETCH YOURSELF WALTER THERE'S A SURPRISE COMING HOPE TO GOD I JUDGED THE TIME RIGHT WE TURNED OFF THE RUINED WAY,"Fell far short. Don't look back, Grunt Inventor. Stretch yourself, Walter. There's a surprise coming. Hope to God I judged the time right. We turned off the ruin way.",0.2788968070000237,5.199040553000032,0.4128579330000548,5.89079529300011,0.016483506375686623,0.30727644043204133,0.024400947590836435,0.3481608943985644,1
29,mic_fileid_29_doa111_3spk.wav,16.015375,3,"111,150,303",0,111,0.06449873201845466,enhanced_fileid_29_pred111_idx0_loudest.wav,111,0.0,text_fileid_29_doa111_spk1.txt,0.05405405405405406,2,37,MY FATHER WAS AND STILL IS RECEVEUR GENERAL AT C HE HAS A GREAT REPUTATION THERE FOR LOYALTY THANKS TO WHICH HE WAS ABLE TO FIND THE SECURITY WHICH HE NEEDED IN ORDER TO ATTAIN THIS POSITION,"My father was, and still is, receiver general at sea. He has a great reputation there for loyalty, thanks to which he was able to find the security which he needed in order to attain this position.",0.32522540299999037,4.812800125999956,0.39957897099998263,5.537604499999929,0.020307073858713293,0.30051123535976876,0.024949710574993258,0.3457680197934753,1
30,mic_fileid_30_doa12_3spk.wav,16.907625,3,"13,54,279",0,13,0.10477211191417438,enhanced_fileid_30_pred13_idx0_loudest.wav,12,1.0,text_fileid_30_doa12_spk1.txt,0.11904761904761904,5,42,WHICH COVERED THEM DOWN TO THE ANKLES AND WHICH THEY WORE WINTER AND SUMMER WOMEN COMMONLY WORE A LONG LOOSE CLOAK WITH A HOOD A FASHION WHICH IS COMMON AT THE PRESENT DAY THE OVER GARMENTS WERE FASTENED BY BROOCHES PINS BUTTONS,"which covered them down to the ankles, and which they wore winter and summer. Women commonly wore a long loose cloak with a hood, a fashion which has come in at the present day. The overgarments were fastened by brooches, pins, buttons.",0.2730578329999389,5.189961389000018,0.46534186200005934,5.9283610840000165,0.016149981620714852,0.3069598118600346,0.027522603677338442,0.35063239715808797,1
31,mic_fileid_31_doa53_3spk.wav,17.74825,3,"51,159,222",0,51,0.050085991685387556,enhanced_fileid_31_pred51_idx0_loudest.wav,53,2.0,text_fileid_31_doa53_spk1.txt,0.07317073170731707,3,41,THIS WAS THE PORTER WHO HAD BEEN KILLED BY LE CABUC BELOW BY THE LIGHTS OF THE TORCH WHICH WAS THRUST BETWEEN THE PAVING STONES THIS HEAD COULD BE VAGUELY DISTINGUISHED NOTHING COULD BE STRANGER IN THAT SOMBRE AND UNCERTAIN GLEAM,"This was the porter who had been killed by Dirkabuk. Below, by the lights of the torch which was thrust between the paving stones, this head could be vaguely distinguished. Nothing could be stranger in that somber and uncertain gleam.",0.3216730499999585,5.541182477000007,0.45080557899996165,6.313661105999927,0.018124212246275466,0.312210075753948,0.025400001633961753,0.3557342896341852,1
32,mic_fileid_32_doa102_3spk.wav,16.7025,3,"123,228,285",1,228,0.06572541598953441,enhanced_fileid_32_pred228_idx1_loudest.wav,102,126.0,text_fileid_32_doa102_spk1.txt,1.1428571428571428,40,35,LET ME BE OBSEQUIOUS IN THY HEART AND TAKE THOU MY OBLATION POOR BUT FREE WHICH IS NOT MIX'D WITH SECONDS KNOWS NO ART BUT MUTUAL RENDER ONLY ME FOR THEE HENCE THOU SUBORNED INFORMER,"As Fanny had put it, it did seem as if they had been impertently discussing Mrs. Thornton's feelings, but she also rose up against that lady's manner of showing that she was offended. Mrs. Thornton went on after a moment's pause.",0.27178637899999103,5.006227639000031,0.47476300699997864,5.752777025,0.016272197515341476,0.29972924047298494,0.028424667385120707,0.3444261053734471,1
33,mic_fileid_33_doa34_3spk.wav,17.067375,3,"31,131,333",2,333,0.08860050720294271,enhanced_fileid_33_pred333_idx2_loudest.wav,345,12.0,text_fileid_33_doa345_spk1.txt,0.10256410256410256,4,39,WHEN I WENT TO SLEEP LAST NIGHT I BELONGED TO GOVERNOR LUCAS BUT I UNDERSTAND DAT HE IS BIN GAMBLING ALL NIGHT SO I DON'T KNOW WHO OWNS ME DIS MORNING SUCH IS THE UNCERTAINTY OF A SLAVE'S POSITION,"When I went to sleep last night, I belonged to Governor Lucas, but I understand that he has been gambling all night, so I don't know who owns me this morning. Such is the uncertainty of a slave's position.",0.2869582700000137,5.183270122999943,0.41727655500005767,5.887504948000014,0.016813263316708852,0.3036946292561067,0.024448783424519453,0.344956675997335,1
34,mic_fileid_34_doa125_3spk.wav,15.904625,3,"124,156,262",1,156,0.11404151233321753,enhanced_fileid_34_pred156_idx1_loudest.wav,157,1.0,text_fileid_34_doa157_spk1.txt,0.023255813953488372,1,43,THEREFORE SELLEN HAD FALLEN ON EVIL DAYS FOR HE COULD NOT BRING HIMSELF TO PAINT AGAINST HIS BETTER JUDGMENT HE WAS NOW RENTING A FORMER PHOTOGRAPHIC STUDIO ON THE TOP OF A HOUSE IN GOVERNMENT STREET THE ACCOMMODATION CONSISTED OF THE STUDIO ITSELF,"Therefore, Sohan had fallen on evil days, for he could not bring himself to paint against his better judgment. He was now renting a former photographic studio on the top of a house in Government Street. The accommodation consisted of the studio itself.",0.2848397479999676,4.79764913300005,0.46433511800000815,5.546823999000026,0.01790924011097197,0.30165119473109553,0.029194974292069645,0.34875540913413716,1
35,mic_fileid_35_doa24_3spk.wav,18.1805,3,"34,125,209",0,34,0.07746987654238412,enhanced_fileid_35_pred34_idx0_loudest.wav,24,10.0,text_fileid_35_doa24_spk1.txt,0.02040816326530612,1,49,THE WESTERN WORLD IS WARNED IF NOT ARMED AGAINST THE POSSIBILITY OF IT IN THE SECOND PLACE THERE IS A WEAKNESS INHERENT IN THE BROWN MAN WHICH WILL BRING HIS ADVENTURE TO NAUGHT FROM THE WEST HE HAS BORROWED ALL OUR MATERIAL ACHIEVEMENT AND PASSED OUR ETHICAL ACHIEVEMENT BY,"The Western world is warned, if not armed, against the possibility of it. In the second place, there is weakness inherent in the brown man which will bring his adventure to naught. From the West, he has borrowed all our material achievement and passed our ethical achievement by.",0.30931664100000944,5.677750798000147,0.49906998899996324,6.48613742800012,0.0170136487445345,0.31229893556283644,0.027450839580867595,0.3567634238882385,1
36,mic_fileid_36_doa24_3spk.wav,17.311625,3,"24,204,290",0,24,0.036731700219302756,enhanced_fileid_36_pred24_idx0_loudest.wav,269,115.0,text_fileid_36_doa269_spk1.txt,1.3333333333333333,44,33,THE BRIDGE OPENED ON A RATHER FINE STREET CALLED SAINT THOMAS'S STREET HE ENTERED IT HERE AND THERE WERE HIGH CARVED GABLES AND SHOP FRONTS HE SET TO KNOCKING AT THE DOORS AGAIN,"He imagined that she was too young and inexperienced to care for him, but that was a mistake, for the truth was that another image already filled her heart. The young Prince Radhabor, whose lands joined her fathers, had won the heart of the princess.",0.2837213560000009,5.278162182999949,0.4493754769999896,6.01125901599994,0.016389065497895254,0.30489120362761724,0.025958018210306057,0.3472382873358186,1
37,mic_fileid_37_doa51_3spk.wav,13.878,3,"51,75,104",2,104,0.09907056026522655,enhanced_fileid_37_pred104_idx2_loudest.wav,104,0.0,text_fileid_37_doa104_spk1.txt,0.06451612903225806,2,31,AND THERE WAS MUCH COMMENT ON THIS EVIDENCE OF A DECLINING INDUSTRY IT WAS NOT AT ONCE RECOGNIZED THAT THERE WAS EMBODIED IN HORSE FLESH MORE HORSE POWER THAN EVER BEFORE,And there was much comment on this evidence of a declining industry. It was not at once recognized that there was embodied in horse flesh more horsepower than ever before.,0.22697688899995683,3.8998014520001334,0.2895721739999999,4.41635051500009,0.016355158452223434,0.2810060132584042,0.020865555123216594,0.31822672683384423,1
38,mic_fileid_38_doa1_3spk.wav,17.663875,3,"3,57,80",0,3,0.07724549842305016,enhanced_fileid_38_pred3_idx0_loudest.wav,1,2.0,text_fileid_38_doa1_spk1.txt,0.02564102564102564,1,39,ONCE UPON A TIME THERE WAS AN OLD WIDOW WOMAN WHO HAD THREE SONS THE FIRST TWO WERE CLEVER ENOUGH BUT THE THIRD BOBO BY NAME WAS LITTLE BETTER THAN A SILLY SIMPLETON ALL HIS MOTHER'S SCOLDINGS AND BEATINGS,"Once upon a time, there was an old widow woman who had three sons. The first two were clever enough, but the third, Bobo by name, was a little better than a silly simpleton. All his mother's scoldings and beatings.",0.2976813919999586,5.369213467000122,0.46642227899997124,6.133317138000052,0.016852553134573164,0.3039657757428719,0.026405433632199684,0.3472237625096448,1
39,mic_fileid_39_doa156_3spk.wav,16.29675,3,"152,249,302",1,249,0.10776694430093817,enhanced_fileid_39_pred249_idx1_loudest.wav,250,1.0,text_fileid_39_doa250_spk1.txt,0.0,0,46,BUT HE MADE HIS WAY DOWN TO THE FORD UNDER THE PALACE WALLS AND STEPPED INTO THE FLOODED WATER INCH BY INCH AND FOOT BY FOOT HE FOUGHT HIS WAY ACROSS NOW NEARLY SWEPT OFF HIS FEET BY SOME SUDDEN SWIRL OR EDDY NOW NARROWLY ESCAPING,"But he made his way down to the Ford under the palace walls and stepped into the flooded water. Inch by inch, and foot by foot he fought his way across, now nearly swept off his feet by some sudden swirl or eddy, now narrowly escaping.",0.26320796199991037,4.8485824250001315,0.46101237699997455,5.572802764000016,0.01615094801110101,0.297518365625056,0.028288608280790623,0.3419579219169476,1
40,mic_fileid_40_doa14_3spk.wav,13.925,3,"9,91,212",0,9,0.08889576887839153,enhanced_fileid_40_pred9_idx0_loudest.wav,14,5.0,text_fileid_40_doa14_spk1.txt,0.0,0,26,WE ADVANCED TALKING IN THAT FASHION AND IN HIGH SPIRITS AND CONGRATULATING OURSELVES IN BEING SHUT OF THE TRANSPORT AND ON BREATHING FINE MOUNTAIN AIR AGAIN,"We advanced, talking in that fashion and in high spirits, and congratulating ourselves in being shut of the transport and on breathing fine mountain air again.",0.23105437000003803,3.943200734000129,0.2718966279999222,4.446151732000089,0.01659277342908711,0.283174199928196,0.019525790161574304,0.3192927635188574,1
41,mic_fileid_41_doa86_3spk.wav,16.321,3,"113,235,265",0,113,0.07357848197427436,enhanced_fileid_41_pred113_idx0_loudest.wav,116,3.0,text_fileid_41_doa116_spk1.txt,0.2,7,35,WE TOOK ROOMS AT A HOTEL IN MEDWORTH QUARLES EXPLAINING THAT OUR INVESTIGATIONS MIGHT TAKE SOME DAYS NEXT MORNING INSTEAD OF GOING TO WITHAN AS I HAD EXPECTED HE TOOK ME TO THE POLICE COURT,"We took rooms at a hotel in Medward, while I was explaining that our investigation might take some days. Next morning, instead of going the within as I had expected, he took me to the police court.",0.267922866000049,4.8134364960000084,0.4077501919999804,5.489109554000038,0.0164158364070859,0.2949228905091605,0.024983162306230034,0.3363218892224764,1
42,mic_fileid_42_doa76_3spk.wav,17.286125,3,"76,224,323",0,76,0.060127384120360255,enhanced_fileid_42_pred76_idx0_loudest.wav,76,0.0,text_fileid_42_doa76_spk1.txt,0.0,0,35,HOW CAN EARTHLY WORDS DESCRIBE IT IT TOWERED TEN FEET AT THE SHOULDER HAD FOUR LEGS ON EITHER SIDE A BROAD FLAT TAIL LARGER AT THE TIP THAN AT THE ROOT AND WHICH IT HELD,"How can earthly words describe it? It towered ten feet at the shoulder, had four legs on either side, a broad, flat tail, larger at the tip than at the root, and which it held.",0.2790809050000007,5.259129351000183,0.3685505490000196,5.906760805000204,0.016144792716702022,0.30423992369603853,0.02132059955600342,0.341705315968744,1
43,mic_fileid_43_doa44_3spk.wav,15.722125,3,"44,104,273",2,273,0.07698708540219391,enhanced_fileid_43_pred273_idx2_loudest.wav,273,0.0,text_fileid_43_doa273_spk1.txt,0.11627906976744186,5,43,ODETTE ODETTE HE WHISPERED DON'T YOU REALISE THAT I LOVE YOU AND WOULD GIVE MY LIFE TO SAVE YOU FROM UNHAPPINESS WON'T YOU TELL ME EVERYTHING PLEASE NO NO NO SHE MURMURED WITH A LITTLE CATCH IN HER VOICE PLEASE DON'T ASK ME,"Oh, dead! Oh, dead! he whispered. Don't you realize that I love you and would give my life to save you from unhappiness? Won't you tell me everything, please? No, no, no, she murmured with a little catch in her voice. Please don't ask me.",0.2628931949999469,4.551318844999969,0.538923852000039,5.353135891999955,0.01672122534326288,0.28948496752188196,0.03427805414344683,0.3404842470085917,1
44,mic_fileid_44_doa184_3spk.wav,17.0035,3,"185,214,259",1,214,0.07468630210130726,enhanced_fileid_44_pred214_idx1_loudest.wav,215,1.0,text_fileid_44_doa215_spk1.txt,0.0,0,38,I TOO HAVE HAD MY DREAM I TOO HAVE MEDITATED I TOO HAVE SIGHED I TOO HAVE HAD A MOONLIGHT SOUL LOVE IS A CHILD SIX THOUSAND YEARS OLD LOVE HAS THE RIGHT TO A LONG WHITE BEARD,"I too have had my dream. I too have meditated. I too have sighed. I too have had a moonlight soul. Love is a child, six thousand years old. Love has the right to a long white beard.",0.2718373129999918,5.219833463000214,0.40359879699997236,5.895269573000178,0.01598713870673637,0.30698582427148613,0.02373621883729658,0.3467091818155191,1
45,mic_fileid_45_doa62_3spk.wav,16.822625,3,"201,244,286",2,286,0.05939512181512556,enhanced_fileid_45_pred286_idx2_loudest.wav,278,8.0,text_fileid_45_doa278_spk1.txt,0.04878048780487805,2,41,ONE LADY HAD A FRIGHT FOR THE WIND BLEW THE END OF HER SHAWL WITHIN REACH OF A TIGER'S GREAT CLAW AND HE CLUTCHED IT TRYING TO DRAG HER NEARER THE SHAWL CAME OFF AND THE POOR LADY RAN AWAY SCREAMING,"One lady had a fright, but the wind blew the end of her shawl within reach of the tiger's great claw, and he clutched it, trying to drag her nearer. The shawl came off, and the poor lady ran away, screaming.",0.2696232929999951,5.089546806000044,0.47442846600006305,5.833598565000102,0.01602742098810353,0.3025417737124881,0.028201809527351594,0.34677100422794316,1
46,mic_fileid_46_doa151_3spk.wav,16.0385,3,"148,188,332",1,188,0.0783735529254063,enhanced_fileid_46_pred188_idx1_loudest.wav,189,1.0,text_fileid_46_doa189_spk1.txt,0.2,7,35,YOU'LL SEE THE ENGLISHEST LOOKING ENGLISHMAN YOU EVER SAT EYES ON OUTSIDE THE PAGES OF PUNCH TRYING TO TEAR MY OLD FASHIONED DOORBELL OUT BY THE ROOTS THAT'S YOUR BEST MAKE UP IS IT REMSEN,"You'll see the Englishest-looking Englishman you ever set eyes on outside the pages of punch, trying to tear my old-fashioned doorbell out by the roots. That's your best makeup, is it, Remsen?",0.26274871800001165,4.779333790999999,0.4203497080000034,5.462432217000014,0.016382374785672706,0.2979913203229728,0.026208791844624085,0.3405824869532696,1
47,mic_fileid_47_doa63_3spk.wav,16.66925,3,"107,188,242",0,107,0.07502499616135792,enhanced_fileid_47_pred107_idx0_loudest.wav,104,3.0,text_fileid_47_doa104_spk1.txt,0.024390243902439025,1,41,AT FIRST UNDER DIFFERENT ANIMAL SHAPES SINCE THAT TIME PARTLY FROM HABIT AND PARTLY TO AMUSE OURSELVES WE HAVE CONTINUED TO TRANSFORM OURSELVES AND IT WAS IN THIS WAY THAT I GOT TO KNOW YOU HOW EXCLAIMED JEGU FILLED WITH ASTONISHMENT,"at first under different animal shapes. Since that time, partly from habit and partly to amuse ourselves, we have continued to transform ourselves. And it was in this way that I got to know you. How, exclaimed Jego, filled with astonishment.",0.2831969220000019,5.065961765999873,0.4785261270000092,5.827684814999884,0.01698918199679061,0.30391059981702073,0.028707118016707958,0.3496068998305193,1
48,mic_fileid_48_doa191_3spk.wav,16.393,3,"192,227,295",1,227,0.07739360941799882,enhanced_fileid_48_pred227_idx1_loudest.wav,227,0.0,text_fileid_48_doa227_spk1.txt,0.05555555555555555,2,36,APPLIED TO HER WORK BUT AFTER A FEW MINUTES SUNK AGAIN WITHOUT KNOWING IT HERSELF INTO LANGUOR AND LISTLESSNESS MOVING HERSELF IN HER CHAIR FROM THE IRRITATION OF WEARINESS MUCH OFTENER THAN SHE MOVED HER NEEDLE,"applied to her work, but after a few minutes sunk again without knowing herself into langer and listlessness, moving herself in her chair from the irritation of weariness much oftener than she moved her needle.",0.2695110280000108,4.936370853000085,0.3690662420000308,5.5749481230001265,0.016440616604648985,0.30112675245532144,0.0225136486305149,0.3400810176904853,1
49,mic_fileid_49_doa63_3spk.wav,16.3985,3,"206,240,337",0,206,0.04807631473033858,enhanced_fileid_49_pred206_idx0_loudest.wav,63,143.0,text_fileid_49_doa63_spk1.txt,1.0333333333333334,31,30,BY WHICH SOCIAL WANTS MUST BE SATISFIED THE PEOPLE DO NOT VOTE IT THE LEGISLATOR DOES NOT EXPRESS IT THE SAVANT DISCOVERS AND FORMULATES IT BUT IN FACT THE LAW,"that he wanted and obtained something for it, perhaps something from himself, for something from himself, that he relinquished here in order to have more there, perhaps in general to be more.",0.26170091599999523,4.912994640999955,0.34926248400006443,5.523958041000014,0.015958832576149967,0.2996002464249752,0.021298440954969324,0.3368575199560945,1
50,mic_fileid_50_doa7_3spk.wav,16.934625,3,"7,70,268",1,70,0.0817608963922061,enhanced_fileid_50_pred70_idx1_loudest.wav,58,12.0,text_fileid_50_doa58_spk1.txt,0.0,0,37,WOULD BE THE MOST ADVANCED IN CIVILIZATION BUT SUCH WAS NOT THE CASE MANY OF THEM WERE AMONG THE MOST DEGRADED UPON THE CONTINENT THEY SEEMED UNABLE TO ADAPT THEMSELVES TO THE WHITE MAN AND HIS WAYS,"would be the most advanced in civilization, but such was not the case. Many of them were among the most degraded upon the continent. They seemed unable to adapt themselves to the white man and his ways.",0.2828993760000458,5.195086597000113,0.38079504300003464,5.858781016000194,0.016705381784364624,0.3067730520752667,0.022486181004895866,0.3459646148645272,1
51,mic_fileid_51_doa46_3spk.wav,16.064,3,"46,91,173",0,46,0.09971574307822766,enhanced_fileid_51_pred46_idx0_loudest.wav,46,0.0,text_fileid_51_doa46_spk1.txt,0.024390243902439025,1,41,AND THIS IS UNDOUBTEDLY THE BEST WAY OF UTILIZING THE POWER I HAD MADE UP MY MIND TO ADOPT THE SAME SYSTEM IN SLEDGING ON THE BARRIER ANOTHER GREAT ADVANTAGE IT HAD WAS THAT THE DOGS WOULD PASS SINGLY ACROSS FISSURES,and this is undoubtedly the best way of utilizing the power. I had made up my mind to adopt the same system in sledging on the barrier. Another great advantage it had was that the dogs would pass singly across fishers.,0.2833803969999735,4.835316168999952,0.41511490699997466,5.533811472999901,0.017640711964639785,0.3010032475722082,0.025841316421811172,0.34448527595865913,1
52,mic_fileid_52_doa46_3spk.wav,16.408375,3,"66,248,311",2,311,0.08639745877371828,enhanced_fileid_52_pred311_idx2_loudest.wav,310,1.0,text_fileid_52_doa310_spk1.txt,0.029411764705882353,1,34,IT TAKES ITS NAME FROM THAT ILLUSTRIOUS WOMAN BY WHOSE VIRTUE AND FORTITUDE AND ARMED WITH PRAYER THE CHILDREN OF ISRAEL WERE PRESERVED FROM THE DESTRUCTION THREATENED THEM BY HOLOFERNES AND HIS GREAT ARMY,It takes its name from that illustrious woman by whose virtue and fortitude and armed with prayer the children of Israel were preserved from the destruction threatened them by holoferness and his great army.,0.27322919399989587,4.959721764000051,0.36847586900000806,5.601426826999955,0.016651813113723685,0.30226769951320903,0.022456572878180082,0.3413760855051128,1
53,mic_fileid_53_doa65_3spk.wav,16.895875,3,"99,219,253",0,99,0.09306815463926639,enhanced_fileid_53_pred99_idx0_loudest.wav,106,7.0,text_fileid_53_doa106_spk1.txt,0.047619047619047616,2,42,LITTLE DID I THEN THINK THAT THESE PEOPLE PLACED BY A SEEMING CHANCE IN AN ADJOINING STATEROOM WERE TO BE MY FELLOW WORKERS AND TRUE FRIENDS NOT ONLY FOR THE COMING MONTHS IN THAT ARCTIC LAND TO WHICH WE WERE GOING BUT,"Little did I then think that these people, placed by a seeming chance in an adjoining state room, were to be my fellow workers and true friends, not only for the coming months in that arctic land to which we were going, but...",0.27410145300007116,5.170311874000049,0.45520398899998327,5.8996173160001035,0.01622298063876959,0.3060103057107163,0.026941723290447122,0.34917500963993303,1
54,mic_fileid_54_doa45_3spk.wav,14.5195,3,"44,78,328",2,328,0.12027928211396843,enhanced_fileid_54_pred328_idx2_loudest.wav,327,1.0,text_fileid_54_doa327_spk1.txt,0.06451612903225806,2,31,WHILE HE HIMSELF STROVE TO ENJOY LIFE IN A SHY AND BOYISH FASHION THAT WAS AS UNUSUAL IN A MAN OF HIS WEALTH AS IT WAS ADMIRABLE HE HAD NEVER MARRIED,"While he himself strove to enjoy life in a shy and boyish fashion, that was as unusual in the manner of his wealth as it was admirable. He had never married.",0.24423577599998225,4.185260073999984,0.3401570080000056,4.769652857999972,0.01682122497331053,0.28825097792623605,0.023427597920038953,0.3284998008195855,1
55,mic_fileid_55_doa55_3spk.wav,16.039125,3,"135,186,234",0,135,0.10398607991224995,enhanced_fileid_55_pred135_idx0_loudest.wav,144,9.0,text_fileid_55_doa144_spk1.txt,0.0,0,30,IT WAS AS THOUGH THE SPIRIT OF THE DEEP HAD TAKEN FORM IN THE SUBSTANCE OF THE NOBLEST OF ALL THE FOWLS OF ITS DOMINIONS AND POISED ON TREMORLESS WINGS,"It was as though the spirit of the deep had taken form in the substance of the noblest of all the fowls of its dominions, and poised on tremorless wings.",0.2558129669999971,4.752283283999873,0.3381024809999644,5.346198731999834,0.015949309391877494,0.2962931758434374,0.02107985822169005,0.33332234345700495,1
56,mic_fileid_56_doa11_3spk.wav,17.138125,3,"11,65,113",1,65,0.061299210560401635,enhanced_fileid_56_pred65_idx1_loudest.wav,64,1.0,text_fileid_56_doa64_spk1.txt,0.05714285714285714,2,35,I REPAIRED UNDER THESE THOUGHTS TO MY BIBLE MY GREAT COMFORT IN THAT TIME AND THAT SCRIPTURE CAME TO MY HAND CAST THY BURDEN UPON THE LORD AND HE SHALL SUSTAIN THEE PSALM FIFTY FIVE,"I repaired under these thoughts to my Bible, my great comfort in that time, and that Scripture came to my hand. Cast thy burden upon the Lord, and he shall sustain thee. Psalm 55.",0.28795021400003407,5.23646591499994,0.34809637199998633,5.87251250099996,0.016801733795268392,0.3055448548192956,0.020311228445351305,0.34265781705991527,1
57,mic_fileid_57_doa15_3spk.wav,16.733625,3,"29,173,225",1,173,0.0630375025451065,enhanced_fileid_57_pred173_idx1_loudest.wav,173,0.0,text_fileid_57_doa173_spk1.txt,0.0,0,37,WHILE ON THE OTHER HAND I DID AFTERWARDS DISCOVER THESE AS SOON AS I SUPPOSED GOD TO HAVE CREATED A RATIONAL SOUL AND TO HAVE ANNEXED IT TO THIS BODY IN A PARTICULAR MANNER WHICH I DESCRIBED,"While, on the other hand, I did afterwards discover these as soon as I supposed God to have created a rational soul, and to have annexed it to this body in a particular manner, which I described.",0.27497331300003225,5.016903604999925,0.38533565199998066,5.677212569999938,0.016432381686576115,0.2998097307068806,0.023027625634014188,0.3392697380274709,1
58,mic_fileid_58_doa91_3spk.wav,17.251375,3,"91,135,312",1,135,0.0733723994906976,enhanced_fileid_58_pred135_idx1_loudest.wav,128,7.0,text_fileid_58_doa128_spk1.txt,0.08,4,50,IT MADE LITTLE DIFFERENCE TO HIM WHETHER THERE WAS A DRY STRIP ALONG THE EDGE OF THE STREAM WHERE HE COULD STEAL SILENTLY ALONG WITHOUT WETTING HIS FEET WHEN HE FOUND NO PLACE TO WALK HE SWAM NOW MASTER MEADOW MOUSE WAS WELL AWARE OF THIS TRICK OF PETER MINK'S,"It made little difference to him whether there was a dry strip along the edge of the stream, where he could still silently along without wetting his feet. When he found no place to walk, he slammed. Now Master Pettenhouse was well aware of this trick of Peter Minks.",0.287230591000025,5.250259080999967,0.5099275809999426,6.047417252999935,0.01664972160190275,0.30433858640253125,0.029558663063085848,0.35054697106751986,1
59,mic_fileid_59_doa11_3spk.wav,16.365375,3,"195,259,359",1,259,0.08213708871158054,enhanced_fileid_59_pred259_idx1_loudest.wav,257,2.0,text_fileid_59_doa257_spk1.txt,0.0,0,33,WHEREAS THE OTHERS BEING ROUND ARE MORE CONVENIENTLY CLOSED WITH THREE BESIDES I WISH SUCH PERSONS TO OBSERVE THAT THE GRAND ARTERY AND THE ARTERIAL VEIN ARE OF MUCH HARDER AND FIRMER TEXTURE,"whereas the others, being round, are more conveniently closed with three. Besides, I wish such persons to observe that the grand artery and the arterial vein are of much harder and firmer texture.",0.2719178979999697,4.836832055000059,0.35404098000003614,5.462790933000065,0.016615439487330397,0.29555277865616025,0.021633539103139168,0.33380175724662986,1
60,mic_fileid_60_doa144_3spk.wav,16.481375,3,"143,185,325",0,143,0.055241097874193325,enhanced_fileid_60_pred143_idx0_loudest.wav,144,1.0,text_fileid_60_doa144_spk1.txt,0.16666666666666666,5,30,AND SHEWED HIMSELF TO HIS COURTIERS WHO EAGER TO KNOW THE SUCCESS OF THE NEW MEDICINE CAME THITHER BETIMES AND WHEN THEY SAW THE KING PERFECTLY CURED EXPRESSED GREAT JOY,"and showed himself to his courteous. Who, eager to know the success of the new medicine, came vivid at times, and when they saw the king perfectly cured, expressed great joy.",0.2749734379999609,4.952258830999995,0.3803724000000557,5.607604669000011,0.016683889420631523,0.3004760725970979,0.02307892393687151,0.34023888595460094,1
61,mic_fileid_61_doa93_3spk.wav,16.27275,3,"93,146,296",1,146,0.08799597076722093,enhanced_fileid_61_pred146_idx1_loudest.wav,149,3.0,text_fileid_61_doa149_spk1.txt,0.14285714285714285,4,28,A SILVER WEB HAS THE MOON SPUN A SILVER WEB UPON ALL THE SKY WHERE THE FRAIL STARS QUIVER EVERY ONE LIKE TANGLED GNATS THAT HUM AND DIE,"A silver web has the moon-spun, a silver web upon all the sky, Where the frail stars quiver, everyone like tangled gnats that hum and die.",0.2607610790000763,4.828129391000175,0.3229774680000901,5.411867938000341,0.01602440146871772,0.29670027444655483,0.0198477496428133,0.33257242555808586,1
62,mic_fileid_62_doa56_3spk.wav,17.070125,3,"41,164,307",2,307,0.06857828169413072,enhanced_fileid_62_pred307_idx2_loudest.wav,308,1.0,text_fileid_62_doa308_spk1.txt,0.0,0,32,REMOVED CRIED BINGLEY IT MUST NOT BE THOUGHT OF MY SISTER I AM SURE WILL NOT HEAR OF HER REMOVAL YOU MAY DEPEND UPON IT MADAM SAID MISS BINGLEY WITH COLD CIVILITY,"Removed, cried Bingley, it must not be thought of. My sister, I am sure, will not hear of her removal. You may depend upon it, madam, said Miss Bingley, with cold civility.",0.2760554699999602,5.202745874000016,0.396087749000003,5.874889092999979,0.016171848185057826,0.3047866300920477,0.023203564648765194,0.3441620429258707,1
63,mic_fileid_63_doa174_3spk.wav,17.973875,3,"163,252,316",2,316,0.05715528548791332,enhanced_fileid_63_pred316_idx2_loudest.wav,312,4.0,text_fileid_63_doa312_spk1.txt,0.06,3,50,AND THAT IF SHE NOTICED ANYTHING ODD OR OUT OF PLACE SHE WOULD NEVER REST UNTIL SHE HAD FERRETED OUT THE WHYS AND WHEREFORES THEREOF THERE ARE PLENTY OF PEOPLE IN AVONLEA AND OUT OF IT WHO CAN ATTEND CLOSELY TO THEIR NEIGHBOR'S BUSINESS BY DINT OF NEGLECTING THEIR OWN,"and that if she noticed anything odd or out of place, she would never rest until she had ferreted out the lies and the wherefores thereof. There are plenty of people in Avonlea and out of it who can attend closely to their neighbour's business by dint of neglecting their own.",0.29452713299997413,5.62689385200008,0.5586341160000075,6.480055101000062,0.016386401541124224,0.313059585203529,0.031080338324373985,0.3605263250690272,1
64,mic_fileid_64_doa6_3spk.wav,16.112625,3,"9,147,326",2,326,0.0758381497530992,enhanced_fileid_64_pred326_idx2_loudest.wav,327,1.0,text_fileid_64_doa327_spk1.txt,0.0,0,35,AND THEIR MOTHER WAS TENDING AND WATCHING THEM THE OLDEST WAS EIGHT YEARS THE YOUNGEST THREE MONTHS COUSIN ALICE GAVE US DESCRIPTIONS OF THEIR TASTES AND HABITS DWELLING WITH EMPHASIS ON THOSE OF THE BABY,"and their mother was tending and watching them. The oldest was eight years, the youngest three months. Cousin Alice gave us descriptions of their tastes and habits, dwelling with emphasis on those of the baby.",0.26510898000003635,4.824098561000028,0.39411777600003006,5.483325317000094,0.01645349407685193,0.29939867408321286,0.02446018423441432,0.3403123523944791,1
65,mic_fileid_65_doa48_3spk.wav,16.14525,3,"44,207,294",1,207,0.07769672800708617,enhanced_fileid_65_pred207_idx1_loudest.wav,218,11.0,text_fileid_65_doa218_spk1.txt,0.19047619047619047,8,42,MY LAST HOPE IS GONE SHE TOLD MARILLA I WENT UP AND SAW MISSUS BARRY MYSELF AND SHE TREATED ME VERY INSULTINGLY MARILLA I DO NOT THINK SHE IS A WELL BRED WOMAN THERE IS NOTHING MORE TO DO EXCEPT TO PRAY,"My last hope is gone, she told Marilla. I went out and saw Mrs. Barry myself, and she treated me very insultingly. Marilla, I do not think she's a well-read woman. There's nothing more to do except to pray.",0.2662707000000637,4.785300181999901,0.4681722490000766,5.519743131000041,0.01649220049240883,0.2963905905452006,0.028997522429202185,0.34188031346681164,1
66,mic_fileid_66_doa58_3spk.wav,16.93675,3,"92,190,248",2,248,0.05829974677002027,enhanced_fileid_66_pred248_idx2_loudest.wav,242,6.0,text_fileid_66_doa242_spk1.txt,0.09302325581395349,4,43,HIS EYES STILL SMILED BUT HIS VOICE WAS HARDER BYGONES ARE BYGONES ISN'T THAT SO BOBBY SINCE YOU WISH IT BOBBY SAID BUT MORE IMPORTANT THAN THE KNOWLEDGE GRAHAM DESIRED LOOMED THE OLD QUESTION WHAT WAS THE MAN'S GAME WHAT HELD HIM HERE,"His eyes still smiled, but his voice was harder. Bygones are bygones, isn't that so, Bobby? Since he wished it, Bobby said. But more important than the knowledge Grant desired, loomed the old question. What was the man's game? Why held him here?",0.2696072039999535,5.183630139000002,0.557432646000052,6.010669989000007,0.015918473378892264,0.3060581362421953,0.03291260991630933,0.35488921953739694,1
67,mic_fileid_67_doa77_3spk.wav,17.3005,3,"80,270,333",0,80,0.062166687005291904,enhanced_fileid_67_pred80_idx0_loudest.wav,77,3.0,text_fileid_67_doa77_spk1.txt,0.02702702702702703,1,37,AND THE REST OF THE PARTY CROWDED UP AS CLOSE AS THEY COULD THEY ARE HER DAUGHTER'S WEDDING CLOTHES SAID MISSUS FISHER I DO BELIEVE FOR THE OLD WOMAN WAS WORKING FEARFULLY HARD TO MAKE THEM UNDERSTAND,"and the rest of the party crowded up as close as they could. They are her daughter's wedding clothes,"" said Mrs. Fisher. I do believe. For the old woman was working fearfully hard to make them understand.",0.28008619700005966,5.299417264999988,0.4185266539999475,5.998030115999995,0.016189485679608085,0.3063158443397583,0.024191592959738013,0.34669692297910437,1
68,mic_fileid_68_doa31_3spk.wav,16.753375,3,"35,274,355",2,355,0.07868650588785375,enhanced_fileid_68_pred355_idx2_loudest.wav,357,2.0,text_fileid_68_doa357_spk1.txt,0.07317073170731707,3,41,AFTER CAREFULLY SCANNING THE JAGGED TOWERS AND BATTLEMENTS WITH WHICH IT IS ROUGHENED I DETERMINED TO MAKE IT MY WAY THOUGH IT PRESENTED BUT A FEEBLE ADVERTISEMENT OF ITS FLORAL WEALTH THIS APPARENT BARRENNESS HOWEVER MADE NO GREAT OBJECTION JUST THEN,"After carefully scanning the jacket towers and battalions with which it is roughened, I determined to make it my way, though it presented but a feeble advertisement of its floral wealth. This apparent baroness however made no great objection just then.",0.2807824129999972,5.058377551000035,0.4597209659999635,5.798880929999996,0.016759752169338848,0.30193185259686695,0.027440498765172003,0.3461321035313778,1
69,mic_fileid_69_doa229_3spk.wav,15.836375,3,"227,304,334",1,304,0.0843316670243119,enhanced_fileid_69_pred304_idx1_loudest.wav,304,0.0,text_fileid_69_doa304_spk1.txt,0.14705882352941177,5,34,OF GOLD RINGS AND SILVER CROSSES GATHERED IN HARVEST TIME IN FURROWS SOWN WITH CORPSES DID NOT AMOUNT TO A LARGE TOTAL AND DID NOT CARRY THIS SUTLER TURNED EATING HOUSE KEEPER VERY FAR,"of gold rings and silver crosses gathered in harvest time in furosome with corpses, did not amount to a large total, and did not carry this subtler turned eating housekeeper very far.",0.25840914100001555,4.639188855000043,0.3691511370000171,5.266749133000076,0.016317442659700566,0.29294512506808174,0.023310330615435484,0.3325728983432178,1
70,mic_fileid_70_doa238_3spk.wav,17.772375,3,"238,287,345",1,287,0.10307204980361068,enhanced_fileid_70_pred287_idx1_loudest.wav,288,1.0,text_fileid_70_doa288_spk1.txt,0.020833333333333332,1,48,AND THEN SAT DOWN UNTIL IT SHOULD STOP ACHING WAIT FOR ME HE CALLED OUT TO HIS BROTHERS AND SISTERS I'M COMING IN A MINUTE THE OTHER LITTLE TURTLES WAITED BUT WHEN HIS TOE WAS COMFORTABLE AGAIN AND HE STARTED TOWARD THEM HE MET A VERY INTERESTING SNAIL,"and then staffed down until it should stop aching. Wait for me, he called out to his brothers and sisters. I'm coming in a minute. The other little turtle's waited, but when his toe was comfortable again, and he started toward them, he met a very interesting snail.",0.32783298100002867,5.559910959000035,0.5380542440000227,6.425798184000087,0.01844621110009375,0.3128400654949063,0.030274751911324324,0.3615610285063244,1
71,mic_fileid_71_doa92_3spk.wav,17.56175,3,"111,265,354",0,111,0.09360656643318793,enhanced_fileid_71_pred111_idx0_loudest.wav,92,19.0,text_fileid_71_doa92_spk1.txt,0.04838709677419355,3,62,HAD WE SUCCEEDED IN GETTING A FEW GOOD FIRES UPON THEM IN FLANK WE SHOULD HAVE SENT THESE BRAVE VIRGINIANS TO THE RIGHT ABOUT AYE AND THAT IN DOUBLE QUICK TIME CRIED THE COLONEL MAKING THE OTHER LEG FOLLOW ITS COMPANION THEN IT WAS NECESSARY TO ROUT THE GUIDES YOU KNOW AND THE MOVEMENT GAVE THEM THE BEST POSSIBLE OPPORTUNITY TO CHARGE,"Had we succeeded in getting a few good fires upon them in flank, we should have sent these brave Virginians to the right about. I and that in double quick time cried the caron making the other leg follow its companion. Then it was necessary to route the guides, you know, and the movement gave them the best possible opportunity to charge.",0.2800155029999587,5.411817487000121,0.5693426850000378,6.261175675000118,0.01594462414053034,0.30815935126055893,0.03241947328711762,0.3565234486882069,1
72,mic_fileid_72_doa57_3spk.wav,16.5355,3,"37,121,225",0,37,0.06612939819309535,enhanced_fileid_72_pred37_idx0_loudest.wav,57,20.0,text_fileid_72_doa57_spk1.txt,0.17777777777777778,8,45,YOUR DAUGHTER WILL BE MARRIED TO MORROW IF NOT TO DAY IN A WEEK IF NOT TO MORROW AND I DO NOT THINK YOU CAN REGRET THE INTENDED HUSBAND OF YOUR DAUGHTER MADAME DANGLARS GAZED ON VILLEFORT STUPEFIED TO FIND HIM SO ALMOST INSULTINGLY CALM,"Your daughter will be married tomorrow, if not today, in a week, if not tomorrow. And I do not think you can regret the intended husband of your daughter. Madame Danglara gazed on Villafour, stupefied to find him so almost insultingly calm.",0.26719149600000947,4.966251910999972,0.4989567380000608,5.732400145000042,0.01615865840162133,0.3003387808654091,0.03017488059024891,0.34667231985727937,1
73,mic_fileid_73_doa97_3spk.wav,14.284375,3,"98,125,235",0,98,0.06166112267754714,enhanced_fileid_73_pred98_idx0_loudest.wav,97,1.0,text_fileid_73_doa97_spk1.txt,0.12903225806451613,4,31,CARLING'S PEN TRAVELLED HALTINGLY ACROSS THE PAPER THEN WITH A QUEER LOW CRY AS HE SIGNED HIS NAME HE DROPPED THE PEN FROM HIS FINGERS AND RISING UNSTEADILY FROM HIS CHAIR,"Carling's pen traveled alternately across the paper, then, with a queer low-pride as he signed his name. He dropped the pen from his fingers, and, rising unsteadily from his chair,",0.24861280300001454,4.086253695999858,0.3710366450000038,4.705903143999876,0.01740452788449019,0.2860645772741095,0.025975000306278976,0.3294441054648786,1
74,mic_fileid_74_doa76_3spk.wav,16.900375,3,"79,115,170",1,115,0.06435767700921306,enhanced_fileid_74_pred115_idx1_loudest.wav,116,1.0,text_fileid_74_doa116_spk1.txt,0.07317073170731707,3,41,LIKE THIS HE SAID IT DOES ME GOOD YOU DON'T KNOW WHAT IT IS TO ME YOU DON'T WORDS SEEMED TO FAIL HIM IT WAS A DISTINCT GLIMPSE HE WAS A YOUNGSTER OF THE SORT YOU LIKE TO SEE ABOUT YOU,"Like this, he said, it does me good. You don't know what it is to me. You don't... Words seem to fail him. It was a distinct glimpse. He was a youngster of the sword you'd like to see about you.",0.2847045019999541,5.2630840889999035,0.47252789999993183,6.0203164909997895,0.01684604643387819,0.3114181838568614,0.02795961036367133,0.3562238406544109,1
75,mic_fileid_75_doa172_3spk.wav,17.380375,3,"174,204,242",1,204,0.09761440038293497,enhanced_fileid_75_pred204_idx1_loudest.wav,204,0.0,text_fileid_75_doa204_spk1.txt,0.023809523809523808,1,42,BUT IT WAS NOT IN MISTER WESTON'S NATURE TO IMAGINE THAT ANY CAPRICE COULD BE STRONG ENOUGH TO AFFECT ONE SO DEAR AND AS HE BELIEVED SO DESERVEDLY DEAR HE SAW HIS SON EVERY YEAR IN LONDON AND WAS PROUD OF HIM,"But it was not in Mr. Weston's nature to imagine that any Caprice could be strong enough to affect one so dear, and as he believed so deservedly dear. He saw his son every year in London and was proud of him.",0.29417044399997394,5.323645164000027,0.4245747049999409,6.042390312999942,0.01692543710938193,0.3063020886488368,0.024428397258398675,0.3476559230166174,1
76,mic_fileid_76_doa66_3spk.wav,16.727375,3,"69,178,257",0,69,0.09026979557719653,enhanced_fileid_76_pred69_idx0_loudest.wav,66,3.0,text_fileid_76_doa66_spk1.txt,0.047619047619047616,2,42,AND YET THESE MUST BE REACHED BEFORE JUNE OR THE YEAR'S EXPEDITION WOULD BE OF LITTLE AVAIL EVERY BLACKSMITH'S SHOP RUNG WITH THE RHYTHMICAL CLANG OF BUSY HAMMERS BEATING OUT OLD IRON SUCH AS HORSESHOES NAILS OR STUBS INTO THE GREAT HARPOONS,"And yet these must be reached before June, or the year's expedition would be of little avail. Every blacksmith shop rung with the rhythmical playing of busy hammers, beating out old iron such as horseshoes, nails or stubs, into the great harpoons.",0.27745972999991864,5.069598449999944,0.461510626000063,5.808568805999926,0.016587165051295774,0.3030719673588919,0.027590140473329677,0.34724927288351737,1
77,mic_fileid_77_doa164_3spk.wav,15.385625,3,"165,266,345",1,266,0.06974448953661191,enhanced_fileid_77_pred266_idx1_loudest.wav,267,1.0,text_fileid_77_doa267_spk1.txt,0.08823529411764706,3,34,GRANDEUR SAID PANGLOSS IS EXTREMELY DANGEROUS ACCORDING TO THE TESTIMONY OF PHILOSOPHERS FOR IN SHORT EGLON KING OF MOAB WAS ASSASSINATED BY EHUD ABSALOM WAS HUNG BY HIS HAIR AND PIERCED WITH THREE DARTS,"Grandeur said Pangloss is extremely dangerous according to the testimony of the philosophers. For in short, a Glon King of Moab was assassinated by Ehud. Absalom was hung by his hair and pierced with three darts.",0.25813082499996653,4.575778411000101,0.47310907900009624,5.307018315000164,0.01677740260795168,0.29740607944104325,0.030750072161520658,0.34493355421051564,1
78,mic_fileid_78_doa78_3spk.wav,15.820125,3,"216,267,331",0,216,0.038403551847926536,enhanced_fileid_78_pred216_idx0_loudest.wav,78,138.0,text_fileid_78_doa78_spk1.txt,0.9318181818181818,41,44,I PRAY GOD HE MAY REMEMBER THESE THINGS NOW HE IS RETURNED IN SAFETY AT THIS PLACE THE SUN NOW GETTING HIGHER WHAT WITH THE BEAMS AND HEAT OF THE SUN AND THE SMOKE OF THE WIGWAMS I THOUGHT I SHOULD HAVE BEEN BLIND,"By your own testimony, you stand convicted of applying a process which deprives your subjects of the inalienable right and power of individual self-control, in proportion as you deprive him of the power of self-control.",0.2594494969999914,4.682527915000037,0.3950477040000351,5.3370251160000635,0.016399965044523443,0.2959855193938124,0.02497121255363248,0.33735669699196835,1
79,mic_fileid_79_doa98_3spk.wav,15.89875,3,"114,246,322",0,114,0.07493652720741643,enhanced_fileid_79_pred114_idx0_loudest.wav,98,16.0,text_fileid_79_doa98_spk1.txt,0.06896551724137931,2,29,FROM INSULTING OR WRONGING THE PEOPLE OF OTHER NATIONS BUT THEY ALWAYS ARDENTLY ADVOCATE THAT WE IN OUR TURN SHALL TAMELY SUBMIT TO WRONG AND INSULT FROM OTHER NATIONS,from insulting or wronging the people of other nations. But they always artently advocate that we in our turn shall tainly submit to wrong and insult from other nations.,0.2587071149999929,4.877277277999838,0.4398672490000308,5.575851641999861,0.01627216699426011,0.3067711158424302,0.0276667819168193,0.35071006475350963,1
80,mic_fileid_80_doa69_3spk.wav,17.273,3,"70,254,299",2,299,0.08574238140202183,enhanced_fileid_80_pred299_idx2_loudest.wav,315,16.0,text_fileid_80_doa315_spk1.txt,0.05263157894736842,2,38,PERHAPS THEY DON'T KNOW MUCH ABOUT IT AT THE PEOPLE'S BANNER OFFICE I THOUGHT MISTER SLIDE AND THE PEOPLE'S BANNER HAD GONE OVER TO THE OTHER SIDE BUNCE MISTER SLIDE IS PRETTY WIDE AWAKE WHATEVER SIDE HE'S ON,"Perhaps they don't know much about it at the People's Banner office. I thought Mr. Slide and the People's Banner had gone over to the other side, Bunce. Mr. Slide is pretty wide awake, whatever side he's on.",0.3023737579999306,5.4134724659999165,0.506213473999992,6.222059697999839,0.017505572743584243,0.31340661529554315,0.0293066331268449,0.36021882116597226,1
81,mic_fileid_81_doa77_3spk.wav,14.8545,3,"72,192,282",2,282,0.0747073727239862,enhanced_fileid_81_pred282_idx2_loudest.wav,289,7.0,text_fileid_81_doa289_spk1.txt,0.0625,2,32,SO YOU'RE AT THE OLD GAME MISTER FINN SAID HIS LANDLORD YES AT THE OLD GAME I SUPPOSE IT'S THE SAME WITH YOU NOW MISTER BUNCE HAD BEEN A VERY VIOLENT POLITICIAN,"So you're at the old game Mr Finn, said his landlord. Yes, at the old game, I suppose it's the same with you. Now Mr Bunce had been a very violent politician.",0.2440816859999586,4.3987001070000815,0.40277991499999644,5.045561708000037,0.01643149792991744,0.29611902837524534,0.02711500992965071,0.3396655362348135,1
82,mic_fileid_82_doa185_3spk.wav,16.23125,3,"188,244,352",1,244,0.08206178547654674,enhanced_fileid_82_pred244_idx1_loudest.wav,243,1.0,text_fileid_82_doa243_spk1.txt,0.1,4,40,FOLLOWED HIM IN AN OPEN BOAT AS SOON AS SHE HAD GOT ON THE QUARTER DECK SHE FLEW AT HER HUSBAND AND ATTEMPTED TO STRIKE HIM WITH SUCH IMPETUOSITY THAT HE THOUGHT IT MOST PRUDENT TO SLIP ON ONE SIDE,"followed him in an open boat. As soon as she had got on the quarter-deck, she flew with her husband and attempted to strike him with such impetuousity that he thought it most prudent to slip on one side.",0.27362631599999077,4.940561333000005,0.5557347949999212,5.769922443999917,0.016857994054677906,0.30438575790527567,0.034238570350399455,0.35548232231035304,1
83,mic_fileid_83_doa43_3spk.wav,16.544125,3,"43,97,208",0,43,0.09561090067737141,enhanced_fileid_83_pred43_idx0_loudest.wav,43,0.0,text_fileid_83_doa43_spk1.txt,0.047619047619047616,2,42,AND THAT THE MONKEY MEN WERE GETTING AHEAD WERE THEY TOO GREAT MINDED AND DECENT TO EXTERMINATE THEIR PUNY RIVALS IT MAY HAVE BEEN THEIR TOLERANCE AND PATIENCE THAT BETRAYED THEM THEY WAIT TOO LONG BEFORE THEY RESENT AN IMPOSITION OR INSULT,"and that the monkey men were getting ahead, were they too great-minded and decent to exterminate their puny rivals. It may have been their tolerance and patience that betrayed them. They wait too long before they resent an imposition or insult.",0.29775171100004627,7.217793372000074,0.5162834410000414,8.031828524000161,0.01799742875492335,0.4362753165851971,0.031206451897579437,0.48547919723769983,1
84,mic_fileid_84_doa2_3spk.wav,18.087375,3,"8,42,123",1,42,0.051265566493320605,enhanced_fileid_84_pred42_idx1_loudest.wav,41,1.0,text_fileid_84_doa41_spk1.txt,0.02631578947368421,1,38,POOR MISSUS LOW WE CAN FORESEE THAT THERE IS MUCH GRIEF IN STORE FOR HER AND SOME ROCKS AHEAD TOO IN THE POLITICAL CAREER OF HER HUSBAND PHINEAS WAS STILL IN LONDON HANGING ABOUT THE CLUBS DOING NOTHING,"Poor Mrs Low, we can foresee that there is much grief in store for her and some rocks ahead too in the political career of her husband. Phineas was still in London, hanging about the clubs doing nothing.",0.3355500259999644,7.150519360999965,0.42167327300001034,7.90774265999994,0.018551615477644733,0.3953320678650144,0.0233131271397873,0.4371968104824464,1
85,mic_fileid_85_doa23_3spk.wav,17.05275,3,"23,140,173",2,173,0.09226731848483556,enhanced_fileid_85_pred173_idx2_loudest.wav,173,0.0,text_fileid_85_doa173_spk1.txt,0.1,4,40,HE CONTEMPLATED WITH UNSPEAKABLE DELIGHT THE LARGE DIAMOND WHICH SHONE ON THE MAJOR'S LITTLE FINGER FOR THE MAJOR LIKE A PRUDENT MAN IN CASE OF ANY ACCIDENT HAPPENING TO HIS BANK NOTES HAD IMMEDIATELY CONVERTED THEM INTO AN AVAILABLE ASSET,"He contemplated with unspeakable delight the large diamond was shown on the major's little finger. For the major, like a prudent man, in case of any accident happening to his banknotes, had immediately converted them into an available asset.",0.31524233900006493,5.22178524900005,0.4883753109999134,6.025402899000028,0.018486305082761723,0.30621367515503656,0.028639094046409724,0.353339074284208,1
86,mic_fileid_86_doa84_3spk.wav,17.021125,3,"193,268,290",2,290,0.09093774203271553,enhanced_fileid_86_pred290_idx2_loudest.wav,290,0.0,text_fileid_86_doa290_spk1.txt,0.0,0,48,THEN THE WOMAN SERVED UP FOUR DIFFERENT THINGS ROAST MEAT SALAD CAKES AND WINE JUST AS THEY WERE ABOUT TO SIT DOWN AND EAT THERE WAS A KNOCKING OUTSIDE THE WOMAN SAID OH HEAVENS IT IS MY HUSBAND SHE QUICKLY HID THE ROAST MEAT INSIDE THE TILED STOVE,"Then the woman served up four different things, roast meat, salad, cakes, and wine. Just as they were about to sit down and eat, there was a knocking outside. The woman said, oh heavens, it is my husband. She quickly hid the roast meat inside the tiled stove.",0.29147457199997007,5.233571275000031,0.5578209330000163,6.082866780000018,0.017124283618149213,0.30747505085592347,0.03277227169179571,0.35737160616586844,1
87,mic_fileid_87_doa124_3spk.wav,17.381125,3,"1,115,300",1,115,0.09076728284174163,enhanced_fileid_87_pred115_idx1_loudest.wav,124,9.0,text_fileid_87_doa124_spk1.txt,0.17142857142857143,6,35,HE CAME UP INTO THE GARDEN AND ESTABLISHED HIMSELF UNDER A BURDOCK AND BEGAN TO PRACTISE ITALIAN SCALES THE RESULT WAS THAT POOR OLD DOCTOR BULLFROG INSTEAD OF BEING CONSIDERED AS A RESPECTABLE OLD BORE,He came up into the garden and established himself under a burrow and began to practice Italian scales. The result was that Coral Dr. Bullfrog instead of being considered as a respectable old boar.,0.28857688400000825,5.3230703269998685,0.3972000169999319,6.008847227999809,0.01660288870829755,0.3062557991499324,0.022852376759267993,0.3457110646174979,1
88,mic_fileid_88_doa31_3spk.wav,15.98675,3,"28,129,346",1,129,0.08514020967851896,enhanced_fileid_88_pred129_idx1_loudest.wav,122,7.0,text_fileid_88_doa122_spk1.txt,0.05405405405405406,2,37,MISS CARLYLE'S EYES SEARCHING HER FACE INQUISITIVELY ALL THE TIME WHY DO YOU WEAR GLASSES BEGAN MISS CORNY ABRUPTLY AS SOON AS THEY WERE INDOORS ANOTHER DEEP FLUSH AND AN IMPERCEPTIBLE HESITATION MY EYES ARE NOT STRONG,Ms. Carlyle's eyes searching her face inquisitively all the time. Why do you wear glasses? began Ms. Corny abruptly as soon as they were indoors. Another deep flush and an imperceptible hesitation. My eyes are not strong.,0.26982001100009256,4.873972420999962,0.5067236049999337,5.6505160369999885,0.0168777275556378,0.3048757515442452,0.03169647395498983,0.3534499530548728,1
89,mic_fileid_89_doa150_3spk.wav,17.14725,3,"146,225,278",1,225,0.08798816653720708,enhanced_fileid_89_pred225_idx1_loudest.wav,226,1.0,text_fileid_89_doa226_spk1.txt,0.041666666666666664,2,48,GIRDLES STRINGS AND LOOPS MANY OF THEM BEAUTIFULLY MADE AND ORNAMENTED THE ANCIENT IRISH WORE A TROUSERS WHICH WAS SO TIGHT FITTING AS TO SHOW PERFECTLY THE SHAPE OF THE LIMBS WHEN TERMINATING BELOW THE ANKLES IT WAS HELD DOWN BY A SLENDER STRAP PASSING UNDER THE FOOT,"Gardels, strings, and loops, many of them beautifully made and ornamented. The ancient Irish wore trousers, which was so tight fitting as to show perfectly the shape of the limbs. When terminating below the ankles, it was held down by a slender strap passing under the foot.",0.2822398840000915,5.308184616000062,0.5322174409998297,6.1226419409999835,0.016459775415888347,0.30956477662599324,0.03103806388778549,0.3570626159296671,1
90,mic_fileid_90_doa49_3spk.wav,16.155625,3,"42,174,290",2,290,0.11237582878773494,enhanced_fileid_90_pred290_idx2_loudest.wav,290,0.0,text_fileid_90_doa290_spk1.txt,0.0,0,32,A REPRESENTATIVE ASSEMBLY DRAWN FROM AMONG THEMSELVES WOULD SIMPLY REFLECT THEIR OWN TURBULENT INSUBORDINATION IT WOULD REFUSE ITS AUTHORITY TO ALL PROCEEDINGS WHICH WOULD IMPOSE ON THEIR SAVAGE INDEPENDENCE ANY IMPROVING RESTRAINT,A representative assembly drawn from among themselves would simply reflect their own turbulent insubordination. It would refuse its authority to all proceedings which would impose on their savage independence any improving restraint.,0.2724116929998672,4.887606233000042,0.36073060700005044,5.52074853299996,0.016861724198219952,0.3025327855158833,0.022328483546755415,0.34172299326085864,1
91,mic_fileid_91_doa65_3spk.wav,13.204125,3,"74,145,262",1,145,0.0915607371944086,enhanced_fileid_91_pred145_idx1_loudest.wav,144,1.0,text_fileid_91_doa144_spk1.txt,0.037037037037037035,1,27,SATISFACTORY INDEED VERY SATISFACTORY BARBARA IVANOVNA TOLD ME TODAY HOW OUR TROOPS ARE DISTINGUISHING THEMSELVES IT CERTAINLY DOES THEM CREDIT AND THE PEOPLE TOO ARE QUITE MUTINOUS,"Satisfactory indeed, very satisfactory. Barbara Ivanova told me today how our troops are distinguishing themselves. It certainly does them credit, and the people too are quite mutinous.",0.227457559999948,3.7255051619999904,0.4403475130000061,4.393310234999944,0.01722625013016372,0.28214706858652056,0.03334923843874593,0.3327225571554302,1
92,mic_fileid_92_doa79_3spk.wav,17.673375,3,"225,255,261",1,255,0.04727697200950261,enhanced_fileid_92_pred255_idx1_loudest.wav,256,1.0,text_fileid_92_doa256_spk1.txt,1.0,40,40,THE BREEZE THE SHINING SOLITUDE OF FIELDS OR WOODS HOWEVER MUCH ONE LOVES A WOMAN WHATEVER CONFIDENCE ONE MAY HAVE IN HER WHATEVER CERTAINTY HER PAST MAY OFFER US AS TO HER FUTURE ONE IS ALWAYS MORE OR LESS JEALOUS,Thank you. Please Anybody,0.3282529120001527,8.275487272999953,0.4438802920001308,9.047620477000237,0.018573300911690762,0.46824600694547325,0.025115762665599003,0.511935070522763,1
93,mic_fileid_93_doa3_3spk.wav,16.54,3,"6,41,167",0,6,0.10423761358043894,enhanced_fileid_93_pred6_idx0_loudest.wav,3,3.0,text_fileid_93_doa3_spk1.txt,0.06451612903225806,2,31,SUCH AS HAVE GUIDED MEN ALONG THE PATH OF TRUTH SINCE THE BEGINNING OF THE WORLD FROM WHAT HO SHE BUMPS TO ICH DIEN AND MORE THE THOUGHT OCCURRED TO ME,"Such as have guided men along the path of truth since the beginning of the world, from what-ho she bumps, to ich dien, and more. The thought occurred to me...",0.2988875990001816,5.683242289000191,0.35187667099989994,6.334006559000272,0.018070592442574463,0.3436059425030345,0.021274284824661423,0.3829508197702704,1
94,mic_fileid_94_doa101_3spk.wav,14.641875,3,"112,201,314",0,112,0.09223762223401576,enhanced_fileid_94_pred112_idx0_loudest.wav,101,11.0,text_fileid_94_doa101_spk1.txt,0.08333333333333333,3,36,IN HER YOUTH SHE HAD DECLINED THE ADDRESSES OF A GENTLEMAN WHO HAD THE RECOMMENDATIONS OF GOOD CHARACTER AND CONNECTIONS AND POSITION IN LIFE OF EVERYTHING IN FACT EXCEPT THE SUBTLE POWER OF TOUCHING HER HEART,"In her youth, she had to climb the addresses of a gentleman who had the recommendations of good character and connections and position of life. Of everything, in fact, except the subtle power of touching her heart.",0.25548238900000797,4.205879180000011,0.3787812489999851,4.840142818000004,0.017448748128228657,0.2872500400392716,0.025869722900925263,0.33056851106842555,1
95,mic_fileid_95_doa59_3spk.wav,16.541875,3,"123,217,236",0,123,0.07079433114872988,enhanced_fileid_95_pred123_idx0_loudest.wav,125,2.0,text_fileid_95_doa125_spk1.txt,0.0,0,30,WHICH A SAD EXPERIENCE HAS BROUGHT US IS WORTH OUR OWN PERSONAL SHARE OF PAIN SURELY IT IS NOT POSSIBLE TO FEEL OTHERWISE ANY MORE THAN IT WOULD BE POSSIBLE,which a sad experience has brought us is worth our own personal share of pain. Surely it is not possible to feel otherwise any more than it would be possible.,0.2753766569999243,4.933004140000094,0.29068622699992375,5.499067023999942,0.01664724567196429,0.29821311912948767,0.01757274958249435,0.3324331143839463,1
96,mic_fileid_96_doa99_3spk.wav,17.43275,3,"99,172,351",1,172,0.07879214728361027,enhanced_fileid_96_pred172_idx1_loudest.wav,160,12.0,text_fileid_96_doa160_spk1.txt,0.043478260869565216,2,46,THEN WITH HIS OTHER HAND ON HIS WRIST HE BENT THE FOREARM SHARPLY AND FELT THE BICEPS AS ROUND AND HARD AS A CRICKET BALL SPRING UP UNDER HIS FINGERS FEEL THAT SAID HE THE PUBLICAN AND HORSE BREAKER FELT IT WITH AN AIR OF REVERENCE,"Then, with his other hand on his wrist, he bent the forearm sharply and felt the biceps as round and hard as a cricket ball spring up under his fingers. ""'Feel that,' said he. The publican and horse-breaker felt it with an air of reverence.""",0.2847474620000412,5.355112306000137,0.48522672599983707,6.125086494000016,0.016334052975006307,0.30718689283102996,0.027834204356732995,0.35135515016276925,1
97,mic_fileid_97_doa115_3spk.wav,16.94075,3,"121,253,321",1,253,0.050081168973017905,enhanced_fileid_97_pred253_idx1_loudest.wav,251,2.0,text_fileid_97_doa251_spk1.txt,0.05263157894736842,2,38,HE CONTINUED TO FOLLOW THE PATH TO THE GLADE BUT TO HIS GREAT SURPRISE CARLINI ARRIVED ALMOST AS SOON AS HIMSELF LET US DRAW LOTS LET US DRAW LOTS CRIED ALL THE BRIGANDS WHEN THEY SAW THE CHIEF,"He continued to follow the path to the glade, but, to his great surprise, currently he arrived almost as soon as himself. Let us draw lots, let us draw lots, cried all the brigands when they saw the chief.",0.2782340449998628,5.6579280250000465,0.44477433499992003,6.380936404999829,0.01642395082861519,0.3339833257087228,0.026254701533280404,0.3766619780706184,1
98,mic_fileid_98_doa46_3spk.wav,16.43225,3,"40,114,274",1,114,0.09484309153627016,enhanced_fileid_98_pred114_idx1_loudest.wav,128,14.0,text_fileid_98_doa128_spk1.txt,0.18604651162790697,8,43,THAT OLD NUISANCE OF A RACHEL LYNDE WAS HERE AGAIN TODAY PESTERING ME FOR A SUBSCRIPTION TOWARDS BUYING A CARPET FOR THE VESTRY ROOM SAID MISTER HARRISON WRATHFULLY I DETEST THAT WOMAN MORE THAN ANYBODY I KNOW SHE CAN PUT A WHOLE SERMON,"That old nuisance of a Rachel Lind was here again today, pestering me for a subscription towards buying a carpet for the best re-rooms, said Mr. Harrison wrathfully. I had to test that one more than anybody I know. She can put a whole sermon.",0.2794905440000548,5.076268953999943,0.5456937390001713,5.901453237000169,0.01700865943495594,0.3089211126899812,0.033208704772637425,0.3591384768975745,1
99,mic_fileid_99_doa33_3spk.wav,17.2605,3,"43,115,283",0,43,0.036760016907427036,enhanced_fileid_99_pred43_idx0_loudest.wav,247,156.0,text_fileid_99_doa247_spk1.txt,1.4523809523809523,61,42,ONLY EXISTS THE HONOUR OF THE STATE WHICH IS HIS HONOUR HE DOES NOT LOOK UPON HIMSELF AS A FREE AGENT WORKING OUT HIS OWN PERSONAL SALVATION SPIRITUAL AGONIZING IS UNKNOWN TO HIM HE HAS A SENSE OF CALM TRUST IN FATE,"There were no Boyd Kremlin, but in Eropoda all really important speeches are addressed to an imaginary audience of boys. I tell you, if I was to make a million out of this QB, I'd give it straight to the poor. Yes, sir. Divide it up into a hundred lots of a thousand dollars each and give it to the people that hadn't number.",0.30973381399985556,5.461502927999845,0.6953123910000159,6.466549132999717,0.017944660583404624,0.31641626418700763,0.04028344433822982,0.3746443691086421,1
100,mic_fileid_100_doa58_3spk.wav,14.7365,3,"71,135,258",2,258,0.05125238672520744,enhanced_fileid_100_pred258_idx2_loudest.wav,258,0.0,text_fileid_100_doa258_spk1.txt,0.024390243902439025,1,41,BUT CONTINUED TO SING HER RHYMES AS BEFORE FOR HOWEVER MUCH GROWN PEOPLE MIGHT LAUGH AT HER THE CHILDREN SEEMED TO ENJOY THEM VERY MUCH AND NOT ONE OF THEM WAS TOO PEEVISH TO BE QUIETED AND SOOTHED BY HER VERSES,"but continued to sing her rhymes as before. Four, however much grown people might laugh at her, the children seemed to enjoy them very much, and not one of them was too peevish to be quieted and soothed by her verses.",0.27313802399999076,4.997525775999975,0.5202481250000801,5.790911925000046,0.018534796186339415,0.3391256930750161,0.03530337088182948,0.392963860143185,1
101,mic_fileid_101_doa238_3spk.wav,17.085,3,"38,258,314",1,258,0.10251766264133091,enhanced_fileid_101_pred258_idx1_loudest.wav,272,14.0,text_fileid_101_doa272_spk1.txt,0.06666666666666667,2,30,MISTER BERYL SUCH A KIND GENTLEMAN MA'AM SAID YOU WOULD HELP ME I WILL SO LONG AS YOU ARE HONEST JERRY THRUST HIS TONGUE IN HIS CHEEK BUT JULIUS ANSWERED,"Mr. Barrel, such a kind gentleman, ma'am said you would help me. I will so long as you are honest. Jerry thrust his tongue in his cheek, but Julius answered.",0.31245964599997933,7.997349682000049,0.387335437000047,8.697144765000075,0.018288536493999374,0.468091874860992,0.022671082060289553,0.509051493415281,1
102,mic_fileid_102_doa204_3spk.wav,17.27275,3,"203,245,325",2,325,0.0942422003552322,enhanced_fileid_102_pred325_idx2_loudest.wav,324,1.0,text_fileid_102_doa324_spk1.txt,0.0,0,39,THESE CONSIDERATIONS RELATE TO THE FIRST TWO CAUSES OF FAILURE IN A REPRESENTATIVE GOVERNMENT THE THIRD IS WHEN THE PEOPLE WANT EITHER THE WILL OR THE CAPACITY TO FULFILL THE PART WHICH BELONGS TO THEM IN A REPRESENTATIVE CONSTITUTION,These considerations relate to the first two causes of failure in a representative government. The third is when the people want either the will or the capacity to fulfill the part which belongs to them in a representative constitution.,0.3138697689998935,5.365705278000178,0.35996157100021264,6.039536618000284,0.018171383769225717,0.3106456862977915,0.020839853005468884,0.3496569230724861,1
103,mic_fileid_103_doa27_3spk.wav,15.518875,3,"50,256,333",0,50,0.06804038322819585,enhanced_fileid_103_pred50_idx0_loudest.wav,59,9.0,text_fileid_103_doa59_spk1.txt,0.2,8,40,THEN I REALLY DO THINK THAT HE HAS UNCOMMON BAD TASTE SAID LUCY WITH A REALITY IN HER VOICE DIFFERING MUCH FROM THE TONE OF BANTER SHE HAD HITHERTO USED WHAT LUCY SAID HER SISTER IN LAW LOOKING AT HER,"Then I really do think that he is uncommon bad taste, Suttercy, with the rarity in her voice differing much from the tone of banter she had hitherto used. What Lucy! said her sister-in-law looking at her.",0.2562787639999442,4.572642721999955,0.4969500629999857,5.325871548999885,0.016514004011240778,0.2946503997229152,0.03202229949013609,0.343186703224292,1
104,mic_fileid_104_doa10_3spk.wav,16.974375,3,"18,171,301",2,301,0.0747871418541958,enhanced_fileid_104_pred301_idx2_loudest.wav,301,0.0,text_fileid_104_doa301_spk1.txt,0.06521739130434782,3,46,BUT IN THE YARD THERE WAS A LIGHT FROM THE FIRE AT LITTLE MYTISHCHI A MILE AND A HALF AWAY AND THROUGH THE NIGHT CAME THE NOISE OF PEOPLE SHOUTING AT A TAVERN MAMONOV'S COSSACKS HAD SET UP ACROSS THE STREET AND THE ADJUTANT'S UNCEASING MOANS,"But in the yard there was a light from the fire, a little Matisshi, a mile and a half away. And through the night came the noise of people shouting at a tavern Mimanov's Cossacks had set up across the street, and the adjutants unceasing moans,",0.26932613500002844,5.4305734720001055,0.6949188490000324,6.394818456000166,0.015866630435584724,0.3199277423763824,0.04093928931109584,0.376733662123063,1
105,mic_fileid_105_doa7_3spk.wav,16.3715,3,"11,49,135",2,135,0.09081267147260161,enhanced_fileid_105_pred135_idx2_loudest.wav,134,1.0,text_fileid_105_doa134_spk1.txt,0.0975609756097561,4,41,I DIDN'T SUPPOSE THERE WAS ANY ONE WHO DIDN'T KNOW THOSE SHARP SQUEAKY VOICES THEY RATHER GET ON MY NERVES WHAT ANYBODY WANTS TO SQUEAK LIKE THAT FOR WHEN THEY CAN SING AS ROSEBREAST CAN IS MORE THAN I CAN UNDERSTAND,"I didn't suppose there was anyone who didn't know those sharp, squeaky voices. They'd rather get on my nerves. What anybody wants to squeak like that for when they can sing as Rosebrest can is more than I can understand.",0.2891499450001902,5.386041424999803,0.5643646589999207,6.239556028999914,0.017661786946839945,0.3289888785389123,0.03447238548696947,0.3811230509727217,1
106,mic_fileid_106_doa79_3spk.wav,16.99375,3,"79,130,209",1,130,0.04836566563594266,enhanced_fileid_106_pred130_idx1_loudest.wav,130,0.0,text_fileid_106_doa130_spk1.txt,0.0,0,39,A SINGLE GLANCE AT THE LANDSCAPE WAS SUFFICIENT TO SHOW ME HOW WIDELY DIFFERENT IT WAS FROM ANYTHING I HAD EVER BEHELD AT NIGHT IT BLEW A GALE OF WIND AND HEAVY SQUALLS FROM THE MOUNTAINS SWEPT PAST US,A single glance at the landscape was sufficient to show me how widely different it was from anything I had ever beheld. At night it blew a gale of wind and heavy squalls from the mountains swept past us.,0.32784559700007776,5.740546538999979,0.42853690299989466,6.4969290389999514,0.019292127811700054,0.3378034006031617,0.025217324192711714,0.3823128526075735,1
107,mic_fileid_107_doa58_3spk.wav,16.556,3,"57,123,266",0,57,0.1003255867838781,enhanced_fileid_107_pred57_idx0_loudest.wav,58,1.0,text_fileid_107_doa58_spk1.txt,0.09090909090909091,3,33,WHY WHAT'S UP SAID PHILIP SURPRISED AT WILLIAM'S UNUSUAL MANNER AND AT THE SAME TIME RATHER GRATIFIED TO FIND A REFLECTION OF HIS OWN FEELINGS ABOUT KINRAID COULSON'S FACE WAS PALE WITH ANGER,"Why? What's up?"" said Philip, surprised at William's unusual manner, and at the same time rather gratified to find reflection of his own feelings about Conrad. Coulson's face was pale of anger.",0.2920931749999909,5.662524487999917,0.4513695699999971,6.405987232999905,0.017642738282193215,0.34202249867117157,0.027263201860352568,0.38692843881371736,1
108,mic_fileid_108_doa63_3spk.wav,15.3955,3,"25,190,241",1,190,0.054811106093860286,enhanced_fileid_108_pred190_idx1_loudest.wav,63,127.0,text_fileid_108_doa63_spk1.txt,1.34375,43,32,A REPRESENTATIVE ASSEMBLY DRAWN FROM AMONG THEMSELVES WOULD SIMPLY REFLECT THEIR OWN TURBULENT INSUBORDINATION IT WOULD REFUSE ITS AUTHORITY TO ALL PROCEEDINGS WHICH WOULD IMPOSE ON THEIR SAVAGE INDEPENDENCE ANY IMPROVING RESTRAINT,"Yes, but of course the champs might come again. You'd have the thing hanging over you always. She's clever, you know, and I should never feel quite safe if she were my enemy. Lovely flowers, aren't they? What's the name of this one?",0.27816295299999183,4.790049202000091,0.517699008000136,5.585911163000219,0.018067808970153084,0.3111330714819325,0.03362664466890559,0.36282752512099115,1
109,mic_fileid_109_doa236_3spk.wav,17.4635,3,"233,278,351",0,233,0.05132101340827224,enhanced_fileid_109_pred233_idx0_loudest.wav,236,3.0,text_fileid_109_doa236_spk1.txt,0.09090909090909091,3,33,NOR ARE THEY EVER RECALLED WITHOUT BRINGING BACK WITH THEM MYRIADS OF SLUMBERING FEELINGS AND HALF FORGOTTEN IMAGES WE HEAR THE SWEET LOW VOICE OF THE MOTHER SINGING SOFT LULLABIES TO HER DARLING,"Nor are they ever recalled without bringing back with them Morades of slumbering feelings and half-forgotten images. We hear the sweet, low voice of the mother, singing soft lullabies to her darling.",0.30881367100005264,5.464631799000244,0.41963563399986015,6.193081104000157,0.017683377959747625,0.3129173303747957,0.024029297334432397,0.35463000566897573,1
110,mic_fileid_110_doa31_3spk.wav,10.852875,3,"10,103,265",2,265,0.0883334549608472,enhanced_fileid_110_pred265_idx2_loudest.wav,265,0.0,text_fileid_110_doa265_spk1.txt,0.2222222222222222,6,27,ENOW OF PATRIOTS STILL REMAINED TO KEEP UP THE ILL HUMOR OF THE HOUSE AND MEN NEEDED BUT LITTLE INSTRUCTION OR RHETORIC TO RECOMMEND TO THEM PRACTICES,"In now of Patriots still remain to keep up the ill humor of the house, and men need but little instruction or rhetoric to recommend the practices.",0.20068111199998384,2.717927260000124,0.27595618100008323,3.194564553000191,0.018491055319441518,0.25043384909529726,0.025427011828670583,0.29435191624340934,1
111,mic_fileid_111_doa38_3spk.wav,17.21975,3,"199,255,339",0,199,0.07400704187928608,enhanced_fileid_111_pred199_idx0_loudest.wav,186,13.0,text_fileid_111_doa186_spk1.txt,0.0,0,47,BUT THE DAY DID NOT TURN OUT SO BADLY AFTER ALL AS WE WORKED OUR WAY OUT OF THIS UNCERTAINTY AND FOUND OUT WHAT WAS BEHIND THE PITCH DARK CLOUDS DURING THE FORENOON THE SUN CAME THROUGH AND THRUST ASIDE THE FOG FOR A WHILE AND THERE,"But the day did not turn out so badly after all. As we worked our way out of this uncertainty and found out what was behind the pitch dark clouds, during the forenoon the sun came through and thrust aside the fog for a while, and there...",0.30096174000004794,7.272570946999849,0.471750646999908,8.045283333999805,0.01747770670306177,0.4223389391251237,0.02739590568968237,0.46721255151786784,1
112,mic_fileid_112_doa172_3spk.wav,17.42725,3,"168,263,300",0,168,0.07827624279703486,enhanced_fileid_112_pred168_idx0_loudest.wav,172,4.0,text_fileid_112_doa172_spk1.txt,0.023255813953488372,1,43,SETTLING SILENTLY IN THE DRY MOUNTAIN AIR OR MASSED IN FLAKES SOFT AND DOWNY TO LIE OUT ALONE IN THE MOUNTAINS OF A STILL NIGHT AND BE TOUCHED BY THE FIRST OF THESE SMALL SILENT MESSENGERS FROM THE SKY IS A MEMORABLE EXPERIENCE,"Settling silently in the dry mountain air, or masked in flakes soft and downy, to lie out alone in the mountains of a still night, and be touched by the first of these small silent messengers from the sky, is a memorable experience.",0.3477802800000518,7.730605960000048,0.4839279180000631,8.562314158000163,0.019956119295933196,0.4435929914358288,0.027768461346458165,0.4913175720782202,1
113,mic_fileid_113_doa12_3spk.wav,16.374375,3,"14,76,213",1,76,0.0996408693726095,enhanced_fileid_113_pred76_idx1_loudest.wav,64,12.0,text_fileid_113_doa64_spk1.txt,0.022727272727272728,1,44,HE KNEW THAT IF HE DID SO HE SHOULD NEVER RISE AGAIN HE WAS OVERCOME BY FATIGUE AND THE WEIGHT OF THE DARKNESS WOULD AS WITH THE DEAD WOMAN HAVE HELD HIM TO THE GROUND AND THE ICE GLUED HIM ALIVE TO THE EARTH,"He knew that if he did so, he should never rise again. He was overcome by fatigue and the weight of the darkness would, as would the dead woman, have held him to the ground, and the ice glued him alive to the earth.",0.3154020430001765,6.8802083419998326,0.46088217800001985,7.656492563000029,0.019261928653776187,0.420181432390539,0.02814655081491781,0.46758991185923304,1
114,mic_fileid_114_doa42_3spk.wav,17.02575,3,"41,257,351",0,41,0.02519304671245495,enhanced_fileid_114_pred41_idx0_loudest.wav,273,128.0,text_fileid_114_doa273_spk1.txt,1.121212121212121,37,33,I SAW AS IT FELL ACROSS MY BABY THE SHADOW OF THE VEIL WITHIN THE VEIL WAS HE BORN SAID I AND THERE WITHIN SHALL HE LIVE A NEGRO AND A NEGRO'S SON,"The cottage in the new forest was held by, and eventually made over to, Pablo, who became a very steady character. And in the course of time, married a young girl from Arlwood, and had a house full of young gypsies.",0.30742878800015205,5.291158752000001,0.4416092500000559,6.040196790000209,0.01805669576965197,0.3107739014140347,0.025937726678710537,0.3547683238623972,1
115,mic_fileid_115_doa10_3spk.wav,15.9635,3,"126,197,359",1,197,0.08571465770509028,enhanced_fileid_115_pred197_idx1_loudest.wav,201,4.0,text_fileid_115_doa201_spk1.txt,0.02631578947368421,1,38,I CANNOT STAND I SAID THERE IS SOMETHING GONE IN MY LEG AND I FEEL BLOOD RUNNING DOWN INTO MY BOOT HE KNELT AND ROLLED DOWN THE LEG OF MY STOCKING BUT THOUGH HE ONLY MOVED MY FOOT,"I cannot stand, I said. There is something gone in my leg, and I feel blood running down into my boot. He knelt and rolled down the leg of my stalking. But though he only moved my foot.",0.2647787270000208,4.773389893000058,0.39638443199987705,5.434553051999956,0.01658650840981118,0.2990190054186148,0.024830671970424847,0.3404361857988509,1
116,mic_fileid_116_doa41_3spk.wav,15.861125,3,"42,145,174",0,42,0.07467949031774096,enhanced_fileid_116_pred42_idx0_loudest.wav,41,1.0,text_fileid_116_doa41_spk1.txt,0.03125,1,32,UPON CLOSER OBSERVATION I SAW AS WE PASSED THEM THAT THE BUILDINGS WERE DESERTED AND WHILE NOT GREATLY DECAYED HAD THE APPEARANCE OF NOT HAVING BEEN TENANTED FOR YEARS POSSIBLY FOR AGES,"Upon closer observation, I saw as we passed them that the buildings were deserved, and while not greatly decayed, had the appearance of not having been tenanted for years, possibly for ages.",0.26179081099985524,4.631507874000135,0.35531361999983346,5.248612304999824,0.016505185540108616,0.2920037433662578,0.02240153961335236,0.3309104685197188,1
117,mic_fileid_117_doa283_3spk.wav,15.798125,3,"278,325,355",1,325,0.08573885714227536,enhanced_fileid_117_pred325_idx1_loudest.wav,326,1.0,text_fileid_117_doa326_spk1.txt,0.0,0,44,NEW PROPOSALS WERE ACCORDINGLY MADE FOR AN OFFENSIVE AND DEFENSIVE ALLIANCE WITHOUT ANY SUGGESTION OF A UNION COUPLED WITH THE CONDITION THAT BOTH STATES SHOULD BIND THEMSELVES NOT TO ALLOW THE PRESENCE WITHIN THEIR BOUNDARIES OF AVOWED ENEMIES OF THE OTHER IN OTHER WORDS,"New proposals were accordingly made for an offensive and defensive alliance without any suggestion of a union, coupled with the condition that both states should bind themselves not to allow the presence within their boundaries of avowed enemies of the other. In other words...",0.2576541459998225,4.565939928000034,0.4310512969998399,5.254645370999697,0.016309159852819402,0.2890178377497351,0.027284965589260742,0.33261196319181524,1
118,mic_fileid_118_doa22_3spk.wav,15.715,3,"34,207,324",1,207,0.08963723170555274,enhanced_fileid_118_pred207_idx1_loudest.wav,209,2.0,text_fileid_118_doa209_spk1.txt,0.0,0,32,THE TROOPS SIFTING THROUGH THE FOREST WERE SULLEN IN THE YOUTH'S COMPANY ONCE A MAN'S LAUGH RANG OUT A DOZEN SOLDIERS TURNED THEIR FACES QUICKLY TOWARD HIM AND FROWNED WITH VAGUE DISPLEASURE,"The troops sifting through the forest were sullen. In the youth's company once, a man's laugh rang out. A dozen soldiers turned their faces quickly toward him and frowned with vague displeasure.",0.26099008799997137,4.603428423999958,0.3761892520001311,5.24060776400006,0.016607705249759554,0.29293213006681246,0.0239382279351022,0.33347806325167423,1
119,mic_fileid_119_doa74_3spk.wav,16.526,3,"243,262,312",2,312,0.0599079067876225,enhanced_fileid_119_pred312_idx2_loudest.wav,313,1.0,text_fileid_119_doa313_spk1.txt,0.046511627906976744,2,43,SETTLING SILENTLY IN THE DRY MOUNTAIN AIR OR MASSED IN FLAKES SOFT AND DOWNY TO LIE OUT ALONE IN THE MOUNTAINS OF A STILL NIGHT AND BE TOUCHED BY THE FIRST OF THESE SMALL SILENT MESSENGERS FROM THE SKY IS A MEMORABLE EXPERIENCE,"Settling silently in the dry mountain air, or mast in flakes soft and downy, to lie out alone in the mountains of a still night, then be touched by the first of these small silent messengers from the sky, is a memorable experience.",0.2705873680001787,4.968492318000017,0.4649212060000991,5.704000892000295,0.01637343386180435,0.30064699975795817,0.028132712453110196,0.34515314607287273,1
120,mic_fileid_120_doa2_3spk.wav,17.042,3,"11,255,301",1,255,0.09107077126347847,enhanced_fileid_120_pred255_idx1_loudest.wav,257,2.0,text_fileid_120_doa257_spk1.txt,0.0967741935483871,3,31,IN THE MOST POLITE MANNER TO APPOINT A FRIEND WITH WHOM HE CAPTAIN M M MIGHT COMMUNICATE AND DESIRED THAT THE MEETING MIGHT TAKE PLACE WITH AS LITTLE DELAY AS POSSIBLE,"in the most polite manner to appoint a friend with whom he, Captain M.M., might communicate, and desire that the meeting might take place with as little delay as possible.",0.2789350170000944,5.255309514999681,0.31836236799995277,5.852606899999728,0.016367504811647362,0.30837398867501936,0.01868104494777331,0.34342253843444004,1
121,mic_fileid_121_doa6_3spk.wav,15.450375,3,"5,132,180",0,5,0.09039214523790241,enhanced_fileid_121_pred5_idx0_loudest.wav,6,1.0,text_fileid_121_doa6_spk1.txt,0.037037037037037035,1,27,THAN ALL THE REST LEOPOLD WAS EVER PRESENT TO HIM AND WHILE HE STROVE TO AVOID ABSORPTION IN A PERSONAL INTEREST HOWEVER JUSTIFIABLE IT WAS OF NECESSITY,"than all the rest. Leopold was ever present to him, and while he strove to avoid absorption in a personal interest, however, justifiable, it was a necessity.",0.2619924450000326,4.5671430959998816,0.34653684500017334,5.1756723860000875,0.016957028227472318,0.29560079260211364,0.022429024861867323,0.3349868456914533,1
122,mic_fileid_122_doa14_3spk.wav,17.052375,3,"13,151,310",2,310,0.07761208447396317,enhanced_fileid_122_pred310_idx2_loudest.wav,302,8.0,text_fileid_122_doa302_spk1.txt,0.13333333333333333,4,30,AFTER SOME MOMENTS CONSIDERATION YOU MAY BE ABLE TO GUESS AT YOUR BROTHER'S INTENTIONS FROM ALL THIS BUT I AM SURE I CANNOT BUT IS NOT YOUR FATHER UNCOMFORTABLE ABOUT,"After some moment's consideration, you may be able to guess at your brother's intentions from Aldis, but I am sure I cannot. But it's not your father uncomfortable about it.",0.30329468600007203,5.1935860549997415,0.3582243070000004,5.855105047999814,0.017786067102094107,0.3045667278018306,0.021007297048065175,0.34336009195198985,1
123,mic_fileid_123_doa174_3spk.wav,15.982125,3,"158,277,343",2,343,0.10783689317202354,enhanced_fileid_123_pred343_idx2_loudest.wav,323,20.0,text_fileid_123_doa323_spk1.txt,0.058823529411764705,2,34,IT IS THE STORY OF SARAMA IN THE RIG VEDA AND WAS WRITTEN IN SANSCRIT UNDER THE SHADOW OF THE HIMALAYAS CENTURIES BEFORE HOMER SUCH UNIFORMITY POINTS NOT TO A COMMON SOURCE IN HISTORY,It is the story of Sarama in the Rig Vita and was written in Sanskrit under the shadow of the Himalayas centuries before Homer. Such uniformity points not to a common source in history.,0.26356709800006684,4.72259977900012,0.36249619699992763,5.348663074000115,0.016491367574716555,0.2954926068342051,0.022681351635025233,0.3346653260439469,1
124,mic_fileid_124_doa62_3spk.wav,16.42375,3,"61,251,340",1,251,0.07927085895105172,enhanced_fileid_124_pred251_idx1_loudest.wav,251,0.0,text_fileid_124_doa251_spk1.txt,0.05263157894736842,2,38,AND THEN WITHOUT FAIL YOU SHALL HAVE YOUR PUPPETS TO PLAY WITH ALMOST BEFORE THE GNOME HAD FINISHED THE DISAPPOINTED PRINCESS TURNED AWAY AND MARCHED OFF TO HER OWN APARTMENTS WITHOUT DEIGNING TO ANSWER HIM THE GNOME HOWEVER,"And then without fail, you shall have your puppets to play with, almost before the gnome had finished, with disappointed princess turned away, and marched off to her own apartments without daining to answer him. The gnome, however.",0.27212884799996573,4.896646939999982,0.4242264700001215,5.59300225800007,0.016569227368899656,0.2981442691224588,0.025830061344097512,0.340543557835456,1
125,mic_fileid_125_doa76_3spk.wav,16.736625,3,"79,210,325",2,325,0.03598115313462037,enhanced_fileid_125_pred325_idx2_loudest.wav,303,22.0,text_fileid_125_doa303_spk1.txt,1.1818181818181819,39,33,THINKING THE WHILE OF THE PREPARATION OF CHRIST'S BODY FOR THE TOMB AND OF HIM WHO SAID INASMUCH AS YE DO IT TO THE LEAST OF MY BRETHREN YE DO IT UNTO ME,"I heard, I mean a lot of things. What we've just been talking about. And what was the excitement you were in just before breakfast this morning? Excitement? Greg, you may trust me. For the first time, she was wholly serious.",0.2900135689999388,5.621815588000118,0.5383204330000808,6.450149590000137,0.017328079526185165,0.3358989992307361,0.0321642166804885,0.3853912954374097,1
126,mic_fileid_126_doa119_3spk.wav,15.091875,3,"124,242,321",0,124,0.09551466738017636,enhanced_fileid_126_pred124_idx0_loudest.wav,119,5.0,text_fileid_126_doa119_spk1.txt,0.0,0,39,WELL THE WIDOW SAID SHE RECKONED THAT BOYS OUGHT TO BE LET OUT AS WELL AS IN FOR HALF PRICE AND SO SHE LAID DOWN TWO BITS ALLOWING THAT SHE WANTED A FEW MINUTES PRIVATE CONVERSATION WITH HER BUD,"Well, the widow said she reckoned that boys ought to be let out as well as in for half price, and so she laid down two bits, allowing that she wanted a few minutes private conversation with her bud.",0.2809756719998404,6.314459738000096,0.40771609000012177,7.003151500000058,0.01861767818775602,0.41840127472564514,0.027015602103789078,0.46403455501719026,1
127,mic_fileid_127_doa151_3spk.wav,16.947,3,"165,230,354",1,230,0.08871074918962778,enhanced_fileid_127_pred230_idx1_loudest.wav,231,1.0,text_fileid_127_doa231_spk1.txt,0.044444444444444446,2,45,AND CRAWLING ONWARDS HE PEEPED OVER THE CLIFF AND SAW WILD MAN PICKING HIS BIRDS HE CRAWLED A LITTLE NEARER AND THEN HURLED DOWN A GREAT STONE AND KILLED HIM YORK DECLARED FOR A LONG TIME AFTERWARDS STORMS RAGED AND MUCH RAIN AND SNOW FELL,"And crawling onwards, he peeped over the cliff, and saw wild men picking his birds. He crawled a little near, and then hurled down a great stone and killed him. York declared for a long time afterwards storms raged, and much rain and snow fell.",0.3192090980001012,6.087511390000145,0.5182078020000063,6.924928290000253,0.01883572891957876,0.35920879152653246,0.030578143742255637,0.40862266418836685,1
128,mic_fileid_128_doa219_3spk.wav,12.895,3,"217,300,335",1,300,0.0595923025377796,enhanced_fileid_128_pred300_idx1_loudest.wav,300,0.0,text_fileid_128_doa300_spk1.txt,0.1111111111111111,3,27,AND HER ASTONISHMENT WAS CONSEQUENTLY SO GREAT AS TO OVERCOME AT FIRST THE BOUNDS OF DECORUM AND SHE COULD NOT HELP CRYING OUT ENGAGED TO MISTER COLLINS,"And her astonishment was consequently so great as to overcome at first the bounds of Decorum, and she could not help crying out. Engaged in Mr. Cowan's?",0.2215146870000808,3.525613268999905,0.33743001299990283,4.0845579689998885,0.017178339433895372,0.27340932679332336,0.02616750779371096,0.31675517402092973,1
129,mic_fileid_129_doa36_3spk.wav,16.374125,3,"37,142,186",1,142,0.10607557824135033,enhanced_fileid_129_pred142_idx1_loudest.wav,141,1.0,text_fileid_129_doa141_spk1.txt,0.3055555555555556,11,36,THE LIKE INCREASE OF THE BILLS WAS OBSERVED IN THE PARISHES OF SAINT BRIDE'S ADJOINING ON ONE SIDE OF HOLBORN PARISH AND IN THE PARISH OF SAINT JAMES CLERKENWELL ADJOINING ON THE OTHER SIDE OF HOLBORN,"The like increase of the bills was observed in the parishes of St. Bride, the joining on one side of Holburn Parish and in the parish of St. James. Clicking well. The joining on the other side of Holburn.",0.2672823530001551,4.789153658999794,0.4572793570000613,5.5137153690000105,0.01632345868864169,0.2924830278869738,0.027926949195762295,0.33673343577137776,1
130,mic_fileid_130_doa67_3spk.wav,16.855375,3,"67,114,303",0,67,0.11263144385626771,enhanced_fileid_130_pred67_idx0_loudest.wav,67,0.0,text_fileid_130_doa67_spk1.txt,0.0,0,44,AND FELT HIS LOSS DEEPLY IT WAS HER OUTSPOKEN AFFECTION THAT PROVOKED A QUARREL BETWEEN HER AND JULIUS AND WHICH LED TO THE BREAKING OF THEIR ENGAGEMENT LUCY HAD A HIGH TEMPER WHICH HAD BEEN KEPT IN SUBJECTION DURING THE LIFE OF SIR SIMON,"and felt his loss deeply. It was her outspoken affection that provoked a quarrel between her and Julius and which led to the breaking of their engagement. Lucy had a high temper, which had been kept in subjection during the life of Sir Simon.",0.2759159189999991,5.064628929999799,0.4822830199998407,5.822827868999639,0.016369610228191254,0.3004756008098188,0.02861301038985135,0.34545822142786137,1
131,mic_fileid_131_doa55_3spk.wav,17.103125,3,"160,205,233",1,205,0.11844685792436314,enhanced_fileid_131_pred205_idx1_loudest.wav,204,1.0,text_fileid_131_doa204_spk1.txt,0.05555555555555555,2,36,BUT AN ENCHANTED PRINCE WHO HAS BEEN DOOMED TO SPEND HIS YOUTH IN MISERY IF YOU ONLY LIKED PRINCESS YOU COULD SAVE ME BUT YOU WOULD HAVE TO SAY GOOD BYE TO ALL YOUR OWN PEOPLE,"but an enchanted prince who has been doomed to spend his youth in misery. If you only liked, princess, you could save me. But you would have to say goodbye to all your own people.",0.2818770769999901,7.493435390000286,0.38055355400001645,8.155866021000293,0.016481027706924327,0.43813252782753365,0.02225052754979084,0.4768640830842488,1
132,mic_fileid_132_doa43_3spk.wav,17.404,3,"42,77,120",1,77,0.07286203178463162,enhanced_fileid_132_pred77_idx1_loudest.wav,77,0.0,text_fileid_132_doa77_spk1.txt,0.2702702702702703,10,37,BUT MY FATHER CRIED LORENZO FLORENCE IS FREE FLORENCE IS HAPPY FLORENCE IS A SLAVE FLORENCE IS POOR CRIED SAVONAROLA POOR IN GENIUS POOR IN MONEY AND POOR IN COURAGE POOR IN GENIUS BECAUSE AFTER YOU LORENZO,"But my father, Pride Lorenzo, Florence is free. Florence is happy. Florence is a slave. Florence is poor. Pride severed, nor will I. Poor ingenious, poor in money and poor in courage. Poor ingenious because after you, Lorenzo.",0.32679745300015384,6.875474528000041,0.4944881799999621,7.696760161000157,0.01877714623076039,0.39505139783957943,0.02841232934957263,0.4422408734199125,1
133,mic_fileid_133_doa178_3spk.wav,15.6435,3,"189,243,340",2,340,0.08782295827017222,enhanced_fileid_133_pred340_idx2_loudest.wav,336,4.0,text_fileid_133_doa336_spk1.txt,0.08333333333333333,4,48,GLAD TO KNOW THAT SAID GRACE THERE WERE SO MANY DIFFERENT KINDS OF NOISES I COULDN'T DISTINGUISH IT THERE WAS ONE NOISE THAT STARTED THAT WAS PROMPTLY HUSHED SAID ANNE YOU HEARD IT TOO DIDN'T YOU JESSICA OH YES GIRLS I INTENDED TELLING YOU BEFORE THIS REPLIED JESSICA,"Glad to know that, sick grace. There were so many different kinds of noises I couldn't distinguish it. There was one noise that started that was promptly hushed to sit in. You heard it too, didn't you, Jessica? Oh yes, girls. I intended telling you before this, replied Jessica.",0.2591098329999113,4.5740708529999665,0.5291544380002051,5.362335124000083,0.01656341822481614,0.2923943396938004,0.03382583424426792,0.34278359216288445,1
134,mic_fileid_134_doa125_3spk.wav,16.227125,3,"127,171,313",0,127,0.06479034771201256,enhanced_fileid_134_pred127_idx0_loudest.wav,125,2.0,text_fileid_134_doa125_spk1.txt,0.08695652173913043,4,46,YES AND I TOOK A PICTURE OF THE SAUCY GIRL WHILE SHE WAS TRYING TO STOP YOURS SAID JASPER SO SHE DIDN'T DO MUCH HARM AFTER ALL OH HERE IS A SPLENDID GROUP SEE THEM STANDING BY THAT OLD TUMBLE DOWN HOUSE POLLY HE ADDED EXCITEDLY,"Yes, and I took a picture of the saucy girl while she was trying to stop yours,"" said Jasper. So she didn't do much harm after all. Oh, here is a splendid group. See them standing by that old tumble-down house, Polly? He had it excitedly.",0.28150102099994,4.780143087999932,0.5687058989999514,5.630350007999823,0.017347559780302425,0.2945773258047825,0.03504662095102807,0.34697150653611303,1
135,mic_fileid_135_doa93_3spk.wav,16.942375,3,"94,206,259",2,259,0.08456376714976543,enhanced_fileid_135_pred259_idx2_loudest.wav,258,1.0,text_fileid_135_doa258_spk1.txt,0.14634146341463414,6,41,I HAVE BROUGHT A STRANGE CREATURE WEARING THE METAL OF A THARK WHOM IT IS MY PLEASURE TO HAVE BATTLE WITH A WILD THOAT AT THE GREAT GAMES HE WILL DIE AS BAR COMAS YOUR JEDDAK SEES FIT IF AT ALL,"I have brought a strange creature wearing the metal of a thark, whom it is my pleasure to have battle with a wild goat at the Great Gaines. He will die as Barcomas Eugenic sees fit, if at all.",0.2853644260001147,5.2350644450000345,0.43413697100004356,5.954565842000193,0.01684323632313148,0.3089923605751871,0.02562432781708843,0.351459924715407,1
136,mic_fileid_136_doa59_3spk.wav,17.275375,3,"215,248,314",1,248,0.08133297332086808,enhanced_fileid_136_pred248_idx1_loudest.wav,253,5.0,text_fileid_136_doa253_spk1.txt,0.05,2,40,HIS THROAT AND BREAST WERE GRAY SHADING INTO BRIGHT YELLOW UNDERNEATH HIS BACK AND HEAD WERE OF A GRAYISH BROWN WITH A TINT OF OLIVE GREEN A POINTED CAP WAS ALL THAT WAS NEEDED TO MAKE HIM QUITE DISTINGUISHED LOOKING,"His throat and breast were gray, shading into bright yellow under the, his back and head were of a grayish brown, with a tint of olive green. A pointed cap was all that was needed to make him quite distinguished looking.",0.2893856270000015,5.8849575730002925,0.4909380159999728,6.665281216000267,0.016751336917433135,0.34065585105969004,0.028418371004969373,0.38582555898209253,1
137,mic_fileid_137_doa84_3spk.wav,17.242625,3,"89,172,278",1,172,0.07402603722899809,enhanced_fileid_137_pred172_idx1_loudest.wav,173,1.0,text_fileid_137_doa173_spk1.txt,0.022222222222222223,1,45,BUT A NOTE IN THE MARGIN OF THE CIRCULAR INFORMED THEM THAT IT STOOD TWO AND A HALF FEET HIGH WHEN SET UP IN ALL ITS DIGNITY AND SPLENDOR ON A PROPER TABLE THREE DOLLARS EXTRA IT WAS ONLY OF POLISHED BRASS CONTINUED THE CIRCULAR,"But a note in the margin of the circular informed them that it stood two and a half feet high, when set up in all its dignity and splendor on a proper table, three dollars extra. It was only if polished brass continued the circular.",0.3473473799999738,5.744107977000112,0.5483907450000061,6.639846102000092,0.020144692585959145,0.33313419372051023,0.0318043653446042,0.38508325165107354,1
138,mic_fileid_138_doa68_3spk.wav,16.464125,3,"64,230,328",0,64,0.057682892626498616,enhanced_fileid_138_pred64_idx0_loudest.wav,68,4.0,text_fileid_138_doa68_spk1.txt,0.0,0,39,I GREW USED TO EVERYTHING OR RATHER I VOLUNTARILY RESIGNED MYSELF TO ENDURING IT BUT I HAD A MEANS OF ESCAPE THAT RECONCILED EVERYTHING THAT WAS TO FIND REFUGE IN THE SUBLIME AND THE BEAUTIFUL IN DREAMS OF COURSE,"I grew used to everything, or rather, I voluntarily resigned myself to enduring it. But I had a means of escape that reconciled everything. That was to find refuge in the sublime and the beautiful, in dreams, of course.",0.29953532900003665,5.059558071000083,0.4816823189999013,5.840775719000021,0.018193212758044332,0.3073080452802735,0.029256478494903395,0.35475773653322124,1
139,mic_fileid_139_doa109_3spk.wav,15.479625,3,"110,141,349",0,110,0.08905157683071302,enhanced_fileid_139_pred110_idx0_loudest.wav,109,1.0,text_fileid_139_doa109_spk1.txt,0.0,0,26,SHE WHO IN SIMPLE CLEARNESS OF VISION SEES BEYOND THE STARS SAID WHEN HE HAD FLOWN HE WILL BE HAPPY THERE HE EVER LOVED BEAUTIFUL THINGS,"She who in simple clearness of vision sees beyond the stars said when he had flown, he will be happy there. He ever loved beautiful things?",0.2622506650000105,4.9336899099998845,0.3210453269998652,5.51698590199976,0.01694166783756134,0.31872153944297,0.02073986462849489,0.3564030719090262,1
140,mic_fileid_140_doa211_3spk.wav,16.87525,3,"204,255,339",2,339,0.08247776793391927,enhanced_fileid_140_pred339_idx2_loudest.wav,338,1.0,text_fileid_140_doa338_spk1.txt,0.15217391304347827,7,46,THEY HAD HEARD OUR SHOT AND CAME ACROSS TO SEE WHAT LUCK WHAT IVER IS THE MATTER WITH YE ASKED MISSUS O'SHAUGHNESSY MISTER HAYNES TOLD HER THEY HAD HEARD THE NOISE BUT HAD THOUGHT IT THUNDER MISTER HAYNES TOLD ME THAT IF I WOULD CHIRK UP,They had heard our shot and came across to see what luck. What ever is the matter with you? asked Mrs. O'Shaughnessy. Mr. Haynes told her. They had heard the noise but had thought at thunder. Mr. Haynes told me that if I would cheer up.,0.319264351999891,7.583705115999919,0.5815120859999752,8.484481553999785,0.018919088724605026,0.44939808986533053,0.03445946495607325,0.5027766435460088,1
141,mic_fileid_141_doa54_3spk.wav,16.308,3,"46,104,169",0,46,0.09755143692574338,enhanced_fileid_141_pred46_idx0_loudest.wav,54,8.0,text_fileid_141_doa54_spk1.txt,0.047619047619047616,2,42,IT POINTED THE MORAL THAT BOSTON FOR THE FINER TASTE LEFT NEW YORK NOWHERE AND THE GOOD LADY AS THE EXPONENT OF THIS DOCTRINE WHICH SHE SET FORTH AT A CERTAIN LENGTH MADE OBVIOUSLY TO DENSHER'S MIND HER NEAREST APPROACH TO SUPPLYING,"It pointed the moral that Boston, for the finer taste, left New York nowhere, and the good lady as the exponent of this doctrine, which she set forth at a certain length, made obviously to dent his mind her nearest approach to supplying...",0.2946627179999268,6.858076109999729,0.44763919299998634,7.600378020999642,0.01806859933774386,0.42053446835907093,0.02744905524895673,0.46605212294577153,1
142,mic_fileid_142_doa64_3spk.wav,17.297625,3,"103,179,244",1,179,0.09165370481084478,enhanced_fileid_142_pred179_idx1_loudest.wav,193,14.0,text_fileid_142_doa193_spk1.txt,0.05263157894736842,2,38,IN ED GRIFFITH'S SALOON BUT AS THEY WALKED ABOUT UNDER THE TREES THEY OCCASIONALLY EMBRACED THE NIGHT AND THEIR OWN THOUGHTS HAD AROUSED SOMETHING IN THEM AS THEY WERE RETURNING TO MAIN STREET THEY PASSED THE LITTLE LAWN,"in Edgriffus Saloon. But as they walked about under the trees, they occasionally embraced. The night and their own thoughts had aroused something in them. As they were returning to Main Street, they passed the little lawn.",0.297989312000027,6.874542437000173,0.4359492549999686,7.6084810040001685,0.01722718072567922,0.39742695526120914,0.02520283882902818,0.43985697481591657,1
143,mic_fileid_143_doa172_3spk.wav,16.728375,3,"122,172,335",2,335,0.10734298062581547,enhanced_fileid_143_pred335_idx2_loudest.wav,351,16.0,text_fileid_143_doa351_spk1.txt,0.19444444444444445,7,36,SAID MISS BINGLEY WILL SHE BE AS TALL AS I AM I THINK SHE WILL SHE IS NOW ABOUT MISS ELIZABETH BENNET'S HEIGHT OR RATHER TALLER HOW I LONG TO SEE HER AGAIN I NEVER MET,"said Miss Vanny. Will she be as tall as I am? I think she will. She's now about Miss Elizabeth Benetzeit, or rather tall. How long to see her again? I never met...",0.27983488099994247,4.932708220999984,0.3860028199999306,5.5985459219998575,0.01672815685922527,0.2948707343660089,0.02307473499368173,0.33467362621891594,1
144,mic_fileid_144_doa170_3spk.wav,16.596875,3,"167,202,249",2,249,0.06522670923900065,enhanced_fileid_144_pred249_idx2_loudest.wav,250,1.0,text_fileid_144_doa250_spk1.txt,0.037037037037037035,1,27,BUT AS BETWEEN FRIEN'S CERTAIN DELICATE LITTLE FACTS IN YOUR PAST LIFE HAVE COME INADVERTENTLY TO ME HEARING SOMETIMES HE WOULD ALLUDE TO A CERTAIN DOCUMENT OR,"But as between friends, certain delicate little facts in your past life have come inadvertently to me hearing. Sometimes he would allude to a certain document, or...",0.27737847699995655,4.9544041940000625,0.3234671850000268,5.555249856000046,0.01671269302202713,0.29851428018829224,0.019489643984185383,0.33471661719450474,1
145,mic_fileid_145_doa40_3spk.wav,15.536875,3,"38,111,324",0,38,0.07306593518396384,enhanced_fileid_145_pred38_idx0_loudest.wav,40,2.0,text_fileid_145_doa40_spk1.txt,0.02702702702702703,1,37,OH EXCLAIMED REBECCA SYMPATHETICALLY MINE WAS NO SHOES AND TOO MANY BABIES AND NOT ENOUGH BOOKS BUT YOU'RE ALL RIGHT AND HAPPY NOW AREN'T YOU SHE ASKED DOUBTFULLY FOR THOUGH HE LOOKED HANDSOME WELL FED AND PROSPEROUS,"Oh exclaimed Rebecca sympathetically, mine was no shoes and too many babies and not enough books. But you're all right and happy now, aren't you, she asked outfully, for though he looked handsome, well fed and prosperous.",0.28362712299986015,4.580419792999919,0.4173217229999864,5.281368638999766,0.018255094605566444,0.29480959285570096,0.0268600811295699,0.3399247685908373,1
146,mic_fileid_146_doa55_3spk.wav,15.596625,3,"51,94,169",2,169,0.07636136137769953,enhanced_fileid_146_pred169_idx2_loudest.wav,170,1.0,text_fileid_146_doa170_spk1.txt,0.024390243902439025,1,41,AS THOUGH WONDERING WHETHER THE MISSILE THAT HAD STRUCK HIM THERE HAD ALSO BEEN LOADED IN THAT WAY WE'RE SORRY MISTER CHASE THAT YOUR WINDOW WAS BROKEN SAID FRANK STEADILY IT WAS AN ACCIDENT I GIVE YOU MY WORD ABOUT THAT,"as though wondering whether the missile that had struck him there had also been loaded in that way. We're sorry, Mr. Chase, that your window was broken, said Frank steadily. It was an accident. I give you my word about that.""",0.2620854239999062,5.032404261999773,0.4431047169998692,5.737594402999548,0.01680398316942968,0.32265982300656537,0.028410294983681996,0.36787410115967706,1
147,mic_fileid_147_doa111_3spk.wav,16.842,3,"98,139,167",2,167,0.03487878621510962,enhanced_fileid_147_pred167_idx2_loudest.wav,323,156.0,text_fileid_147_doa323_spk1.txt,1.34375,43,32,THE SULTAN WITHOUT WAITING FOR SCHEHERAZADE TO ASK HIS PERMISSION BADE HER PROCEED WITH THE STORY OF THE GENIE AND THE MERCHANT UPON WHICH SCHEHERAZADE CONTINUED HER RELATION AS FOLLOWS F N,"It may be of interest to consider the trend of events. We should have tried to appraise the different species as they wandered around, each with its own set of good and bad characteristics, which group we'd have wondered would ever contrive to rule all the rest.",0.27753008100012266,5.029037085000027,0.48178770300000906,5.788354869000159,0.01647845154970447,0.29860094317777147,0.028606323655148386,0.34368571838262435,1
148,mic_fileid_148_doa52_3spk.wav,15.677,3,"44,180,222",0,44,0.08407816983336637,enhanced_fileid_148_pred44_idx0_loudest.wav,52,8.0,text_fileid_148_doa52_spk1.txt,0.0,0,32,HIS LIPS CONTINUED TO MOVE SILENTLY AS THOUGH HE WERE TALKING TO HIMSELF WHICH CAUSED THEM ALL TO GAZE ATTENTIVELY AT HIM IN THE ENDEAVOR TO HEAR MORE THERE WAS NO APPLAUSE,"His lips continued to move silently as though he were talking to himself, which caused them all to gaze attentively at him in the endeavor to hear more. There was no applause.",0.2596096250001665,4.611328520999905,0.32195502500007933,5.192893171000151,0.016559904637377464,0.29414610709956657,0.02053677521209921,0.33124278694904324,1
149,mic_fileid_149_doa92_3spk.wav,16.799,3,"94,166,237",0,94,0.13663850929419463,enhanced_fileid_149_pred94_idx0_loudest.wav,92,2.0,text_fileid_149_doa92_spk1.txt,0.0,0,33,YOU CANNOT TELL A MAN BY THE LOBSTER HE EATS BUT YOU CAN TELL SOMETHING ABOUT HIM BY THE LITERATURE HE READS FOR INSTANCE I ONCE OCCUPIED A CARRIAGE ON AN EASTERN LINE,"You cannot tell a man by the lobster he eats, but you can tell something about him by the literature he reads. For instance, I once occupied a carriage on an eastern line.",0.2774015509999117,5.0513661339998635,0.33165436600006615,5.660422050999841,0.016512979998804196,0.3006944540746392,0.01974250645872172,0.3369499405321651,1
150,mic_fileid_150_doa91_3spk.wav,16.018375,3,"87,122,224",2,224,0.06796087103065583,enhanced_fileid_150_pred224_idx2_loudest.wav,223,1.0,text_fileid_150_doa223_spk1.txt,0.02702702702702703,1,37,THIS IS WHAT I WANTED TO SEE SAID GRAHAM THIS IS WHAT I WANTED TO SEE TRYING TO AVOID A START AT A PARTICULARLY STRIKING DISFIGUREMENT SHE MIGHT HAVE DONE BETTER WITH HERSELF THAN THAT SAID ASANO,"This is what I wanted to see, said Graham. This is what I wanted to see, trying to avoid a start at a particularly striking disfigurement. She might have done better with herself than that, said Osano.",0.26763626599995405,5.23637132399972,0.42056560799983345,5.924573197999507,0.016708078441162358,0.3268977860737884,0.02625519804598366,0.3698610625609344,1
151,mic_fileid_151_doa83_3spk.wav,16.11575,3,"58,190,283",2,283,0.07112554306244266,enhanced_fileid_151_pred283_idx2_loudest.wav,298,15.0,text_fileid_151_doa298_spk1.txt,0.0,0,29,AND IS THERE ANYTHING FINER THAN TO SEARCH FOR ONE'S OWN VIRTUES IS IT NOT ALMOST TO BELIEVE IN ONE'S OWN VIRTUES BUT THIS BELIEVING IN ONE'S OWN VIRTUES,"And is there anything finer than to search for one's own virtues? Is it not almost to believe in one's own virtues, but this believing in one's own virtues?",0.271724974000108,4.810879523000267,0.31674638599997706,5.399350883000352,0.01686083328421625,0.29852036194407755,0.01965446138094579,0.33503565660923956,1
152,mic_fileid_152_doa81_3spk.wav,15.52575,3,"83,140,264",0,83,0.1050451106136973,enhanced_fileid_152_pred83_idx0_loudest.wav,81,2.0,text_fileid_152_doa81_spk1.txt,0.2,6,30,SHE PRESENTLY DISCOVERED IN TRUTH THAT THIS OBLIGATION WAS OF THE LIGHTEST AND THAT MISSUS TOUCHETT CARED VERY LITTLE HOW MISS STACKPOLE BEHAVED MISSUS TOUCHETT HAD DEFINED HER TO ISABEL,She presently discovered in truth that this obligation was of the lightest and that Mrs. Touchant cared very little how mistakable behaved. Mrs. Touchant had defined her to Isabel.,0.25637605400015673,4.578373702999897,0.3412572419999833,5.1760069990000375,0.016512957763725213,0.2948890522518975,0.02198008096227128,0.33338209097789395,1
153,mic_fileid_153_doa13_3spk.wav,15.575375,3,"19,103,332",1,103,0.08987197337511024,enhanced_fileid_153_pred103_idx1_loudest.wav,102,1.0,text_fileid_153_doa102_spk1.txt,0.10810810810810811,4,37,I'M KEEPING OPEN HOUSE FOR A SPECIAL REASON TWO FELLOWS I KNOW ARE GETTING MARRIED TO MORROW IT'S A DOUBLE WEDDING IT'S ALSO A DOUBLE HONEYMOON BUT THEY AREN'T ONTO THAT YET HARMON'S CLEAR BROWN EYES TWINKLED,I'm keeping open house for a special reason. Two fellows I know are getting married tomorrow. It's a double wedding. It's also a double honeymoon. But they aren't on to that yet. Harmon's clear brown eyes twinkled.,0.2680991649999669,4.591682763000335,0.47089871200000744,5.33068064000031,0.017213015095942596,0.2948039943179754,0.030233539288781648,0.3422505487026996,1
154,mic_fileid_154_doa109_3spk.wav,16.606625,3,"105,212,273",0,105,0.09556955385229726,enhanced_fileid_154_pred105_idx0_loudest.wav,109,4.0,text_fileid_154_doa109_spk1.txt,0.027777777777777776,1,36,LIBERTY TO HIM EPITOMIZES ITSELF IN ACCESS TO THE MEANS OF TOIL TO TILL THE SOIL AND LABOUR INTERMINABLY WITH RUDE IMPLEMENTS AND UTENSILS IS ALL HE ASKS OF LIFE AND OF THE POWERS THAT BE,"Liberty, to him, epitomizes itself in access to the means of toil. To till the soil, and labor interminably with rude implements and utensils, is all he asks of life and of the powers that be.",0.2721966940000584,5.4464734579999,0.4450285600000825,6.163698712000041,0.016390849675961154,0.32796991911360074,0.026798254311160907,0.3711590231007228,1
155,mic_fileid_155_doa4_3spk.wav,17.863875,3,"23,169,254",0,23,0.0704138567772724,enhanced_fileid_155_pred23_idx0_loudest.wav,4,19.0,text_fileid_155_doa4_spk1.txt,0.30952380952380953,13,42,DON JUAN NOW WE LOOK UPON THE SMALLEST BOOK EVER PRINTED DANTE'S DIVINA COMMEDIA BOUND IN TURKEY GILT LESS THAN TWO AND ONE FOURTH INCHES LONG BY ONE AND ONE HALF INCHES WIDE THE COLLECTION OF MISTER AND MISSUS S C HALL,"Now on one, now we look upon the smallest book ever printed, Dante's Divina Comedia, found in Turkeyville, less than two and one-fourth inches long by one and one-half inches wide. The collection of Mr. and Mrs. S. C. Hall.",0.28581136899993,5.427343071000223,0.4992788690001362,6.212433309000289,0.01599940488835317,0.30381667309025745,0.027949079860900068,0.3477651578395107,1
156,mic_fileid_156_doa54_3spk.wav,16.871875,3,"53,169,232",1,169,0.05595337974070782,enhanced_fileid_156_pred169_idx1_loudest.wav,169,0.0,text_fileid_156_doa169_spk1.txt,0.030303030303030304,1,33,INTERRUPTED PHILIP I'VE HEARD THAT SOME PROFESSORS SAY THAT THEIR ANNEX CLASSES DO BETTER WORK THAN OURS BUT ANYBODY CAN TELL THAT THAT'S ALL ROT I BELIEVE IT'S ALL PERFECTLY TRUE SAID NORA,"Interrupted Philip, I've heard that some professors say that their annex classes do better work than ours, but anybody can tell that that's all right. I believe it's all perfectly true, said Nora.",0.3033659729999272,5.113572569000098,0.37568776900002376,5.792626311000049,0.01798057258010311,0.30308264902389914,0.022267102441194224,0.3433303240451965,1
157,mic_fileid_157_doa8_3spk.wav,16.933125,3,"9,123,152",2,152,0.10561442249662364,enhanced_fileid_157_pred152_idx2_loudest.wav,155,3.0,text_fileid_157_doa155_spk1.txt,0.19607843137254902,10,51,HE AS THE CORPORAL WAS ENTERING THE CONFINES OF BOHEMIA MY UNCLE TOBY OBLIGED HIM TO HALT FOR A SINGLE MOMENT HE HAD SET OUT BARE HEADED HAVING SINCE HE PULL'D OFF HIS MONTERO CAP IN THE LATTER END OF THE LAST CHAPTER LEFT IT LYING BESIDE HIM ON THE GROUND,"He, as the corporal was entering the confines of Bohemia, by Uncle Tobias Blyatian to halt for a single moment. He had set out, bare-headed, having, since he pulled off his Montero cap and the latter into the last chapter, left it lying beside him on the ground.",0.2839435070000036,5.198122974000171,0.5731426449999617,6.055209126000136,0.016768523648175018,0.306979542996356,0.03384742302439518,0.3575954896689262,1
158,mic_fileid_158_doa77_3spk.wav,14.22,3,"59,218,254",2,254,0.07402158078309899,enhanced_fileid_158_pred254_idx2_loudest.wav,251,3.0,text_fileid_158_doa251_spk1.txt,0.04878048780487805,2,41,I AM QUITE AWARE THAT SCIENCE HAS TO BE ON ITS GUARD WITH DISCOVERIES OF THIS KIND I KNOW WHAT CAPITAL ENTERPRISING INDIVIDUALS LIKE BARNUM HAVE MADE OUT OF FOSSIL MEN I HAVE HEARD THE TALE OF THE KNEEPAN OF AJAX,I am quite aware that science has to be on its guard with discoveries of this kind. I know what capital-enterprising individuals like Barnum have made out of fossil men. I have heard the tale of the knee-pan of Ajax.,0.27008346599996,5.824848244999885,0.46045822900009625,6.555389939999941,0.018993211392402252,0.4096236459212296,0.03238102876231338,0.4609978860759452,1
159,mic_fileid_159_doa31_3spk.wav,17.1225,3,"33,215,293",0,33,0.08020419131147656,enhanced_fileid_159_pred33_idx0_loudest.wav,31,2.0,text_fileid_159_doa31_spk1.txt,0.037037037037037035,2,54,AND SAY MY MISTRESS VENUS DESIRES YOU TO SEND HER A LITTLE OF YOUR BEAUTY FOR IN TENDING HER SICK SON SHE HAS LOST SOME OF HER OWN BE NOT TOO LONG ON YOUR ERRAND FOR I MUST PAINT MYSELF WITH IT TO APPEAR AT THE CIRCLE OF THE GODS AND GODDESSES THIS EVENING,"And say, My Mistress Venus desires you to send her a little of your beauty, for intending her sick son, she has lost some of her own. Be not too long on your errand, for I must paint myself with it to appear at the circle of the gods and goddesses this evening.",0.29853432100003374,6.712620874000095,0.49911205700004757,7.510267252000176,0.017435206365894802,0.3920350926558677,0.029149485005113017,0.43861978402687557,1
160,mic_fileid_160_doa141_3spk.wav,17.854,3,"139,190,355",0,139,0.08774219163252732,enhanced_fileid_160_pred139_idx0_loudest.wav,141,2.0,text_fileid_160_doa141_spk1.txt,0.05128205128205128,2,39,YOU WOULD NOT FOR INSTANCE NOW GO TO A BALL FOR THE WORLD YOU FEEL THAT YOU HAVE NO LONGER ANY FRIEND TO WHOM YOU CAN SPEAK WITH UNRESERVE ON WHOSE REGARD YOU CAN PLACE DEPENDENCE OR WHOSE COUNSEL,"You would not, for instance, now go to a ball for the world. You feel that you have no longer any friend in whom you can speak with unreserved, on whose regard you can place dependence, or whose counsel.",0.2848500080001486,5.494601302000092,0.4112402900000234,6.190691600000264,0.015954408423890926,0.3077518372353586,0.02303351013778556,0.3467397557970351,1
161,mic_fileid_161_doa59_3spk.wav,17.657375,3,"57,239,313",0,57,0.10832754349470576,enhanced_fileid_161_pred57_idx0_loudest.wav,59,2.0,text_fileid_161_doa59_spk1.txt,0.0625,3,48,HE DECLARES IT IS AS THOUGH IT WERE PAINTED ON A BROBDINGNAGIAN PIECE OF GILT PAPER AND HE WHO DAMPENS HIS FINGER AND THRUSTS IT THROUGH FINDS AN ALKALI VALLEY ON THE OTHER SIDE THE LONELY PRICKLY PEAR AND A HEAP OF ASHES FROM A DESERTED CAMP FIRE,"He declares it is as though it were painted on a brobden-nagyon piece of gilt paper, and he who dampens his finger and thrusts it through finds an alkali valley on the other side, the lonely prickly pear, and a heap of ashes from a deserted campfire.",0.2863588380000692,5.419521510000095,0.5428108839998913,6.248691232000056,0.01621752032791223,0.3069267946113222,0.03074131256768865,0.3538856275069231,1
162,mic_fileid_162_doa43_3spk.wav,16.223875,3,"42,116,335",1,116,0.08093456104255992,enhanced_fileid_162_pred116_idx1_loudest.wav,100,16.0,text_fileid_162_doa100_spk1.txt,0.0,0,30,WHICH WAS IN ITSELF OF ALL THINGS THE MOST PERNICIOUS IF MARY MUST GO TO CHELTENHAM WHY COULD SHE NOT GO BY HERSELF SECOND CLASS LIKE ANY OTHER YOUNG WOMAN,"which was in itself of all things the most pernicious. If Mary must go to Cheltenham, why could she not go by herself, second class, like any other young woman?",0.2680504980000933,4.960457590000033,0.3639211020001767,5.592429190000303,0.016521977517707287,0.30575048131226557,0.02243120721776867,0.34470366604774155,1
163,mic_fileid_163_doa154_3spk.wav,16.2585,3,"56,302,340",1,302,0.08525321080504675,enhanced_fileid_163_pred302_idx1_loudest.wav,302,0.0,text_fileid_163_doa302_spk1.txt,0.0,0,41,FOR A LONG TIME THE ROMAN LAWS HAD BEEN DIFFICULT TO UNDERSTAND THERE WAS A VAST NUMBER OF THEM AND DIFFERENT WRITERS DIFFERED WIDELY AS TO WHAT THE LAWS REALLY WERE AND WHAT THEY MEANT JUSTINIAN EMPLOYED A GREAT LAWYER NAMED,"For a long time, the Roman laws had been difficult to understand. There was a vast number of them, and different writers differed widely as to what the laws really were and what they meant. Justinian employed a great lawyer named...",0.28080819600018003,5.209433802999683,0.42552214399984223,5.915764142999706,0.017271470061824893,0.32041294110770874,0.026172287972435475,0.3638566991419691,1
164,mic_fileid_164_doa84_3spk.wav,16.054875,3,"86,119,231",0,86,0.115327457838634,enhanced_fileid_164_pred86_idx0_loudest.wav,84,2.0,text_fileid_164_doa84_spk1.txt,0.0,0,33,I NEVER BEFORE HAD SEEN TWO GREEN MARTIAN WARRIORS BATTLE WITH NATURE'S WEAPONS AND THE EXHIBITION OF ANIMAL FEROCITY WHICH ENSUED WAS AS FEARFUL A THING AS THE MOST DISORDERED IMAGINATION COULD PICTURE,"I never before had seen two green Martian warriors battle with nature's weapons, and the exhibition of animal ferocity, which ensued, was as fearful a thing as the most disordered imagination could picture.",0.26540858299995307,4.773466535000125,0.39284891400006927,5.431724032000147,0.016531339110391896,0.2973219371063384,0.024469135636376448,0.3383224118531068,1
165,mic_fileid_165_doa32_3spk.wav,16.851625,3,"31,88,281",1,88,0.06472268305956941,enhanced_fileid_165_pred88_idx1_loudest.wav,89,1.0,text_fileid_165_doa89_spk1.txt,0.09375,3,32,REMAINED UNCONQUERED AND CONTINUED TO CONSPIRE AGAINST HIM THE RESISTING POWER OF THE SYRIAN ALLIES HOWEVER WAS BEING GREATLY WEAKENED BY INTERNAL REVOLTS WHICH MAY HAVE BEEN STIRRED UP BY ASSYRIAN EMISSARIES,"remained unconquered and continued to conspire against him. The resisting power of the Syrian allies, however, was being greatly weakened by internal revolts, which may have been stirred up by a Syrian emissary.",0.2905823660000806,5.046525418999863,0.39645055799996953,5.733558342999913,0.01724358131634668,0.2994681770452324,0.023525954203227853,0.3402377125648069,1
166,mic_fileid_166_doa59_3spk.wav,17.28625,3,"58,118,320",1,118,0.05732756687805462,enhanced_fileid_166_pred118_idx1_loudest.wav,109,9.0,text_fileid_166_doa109_spk1.txt,0.09090909090909091,3,33,FOR I HAD SEEN HIM MEDITATING A FRESH TREACHERY UPON THE PLATEAU ACCORDINGLY IT WAS PRETTY GRUFFLY THAT THE DOCTOR ANSWERED HIM DRUNK OR RAVING SAID HE RIGHT YOU WERE SIR REPLIED SILVER,"for I had seen him meditating a fresh treachery upon the plateau. Accordingly, it was pretty gruffly that the doctor answered him. Drunk or raving, said he, Raguers, sir, replied Silver.",0.2761329529998875,6.313644984999883,0.5112162580001041,7.100994195999874,0.015974138578343337,0.3652408697664261,0.029573577727968998,0.41078858607273844,1
167,mic_fileid_167_doa27_3spk.wav,15.55075,3,"26,138,307",0,26,0.12318062071086147,enhanced_fileid_167_pred26_idx0_loudest.wav,27,1.0,text_fileid_167_doa27_spk1.txt,0.08333333333333333,3,36,THEIR SHARP CUR LIKE BARKS USED OFTEN TO ROUSE US AND OF A DARK EVENING WE WOULD HEAR THEM OUT IN THE FIELDS MOUSING AROUND THE STONE HEAPS MAKING A QUEER SQUEAKING SOUND LIKE A MOUSE,"Their sharp, hurl-like arps used often to rouse us. And of a dark evening, we would hear them out in the fields, mousing around the stone heaps, making a queer squeaking sound like a mouse.",0.2894976930001576,6.662348247999944,0.47352686500016716,7.425372806000269,0.018616317090825688,0.4284261690272137,0.03045041975468496,0.47749290587272436,1
168,mic_fileid_168_doa134_3spk.wav,17.55775,3,"133,168,336",2,336,0.08571430083231271,enhanced_fileid_168_pred336_idx2_loudest.wav,343,7.0,text_fileid_168_doa343_spk1.txt,0.125,5,40,THE OLD SHIP WAS NOT HEATED UNTIL EIGHTEEN TWENTY TWO THE ONLY RELIEF FROM THE CHILL AND STIFFNESS COMES DURING THE PRAYER WHEN THE CONGREGATION STANDS KNEELING OF COURSE WOULD SAVOR TOO STRONGLY OF IDOLATRY AND THE CHURCH OF ROME,"The old ship was not heated until 1822. The only relief from the chill and stiffness comes during the prayer when the congregation stands. Nealing, of course, would savor too strongly idolatry and the Church of Rome.",0.31565234599997893,7.7468350759997975,0.45150172600006044,8.513989147999837,0.017977949680339392,0.4412202631886089,0.025715238342046132,0.48491345121099444,1
169,mic_fileid_169_doa149_3spk.wav,16.514,3,"147,263,295",1,263,0.0906685117174721,enhanced_fileid_169_pred263_idx1_loudest.wav,264,1.0,text_fileid_169_doa264_spk1.txt,0.1346153846153846,7,52,AND MATTIE ANDREWS HAD A NEW RED HOOD AND A BLUE CROSSOVER WITH TASSELS ON IT AND THE AIRS SHE PUT ON ABOUT IT WERE PERFECTLY SICKENING AND LIZZIE WRIGHT DIDN'T SPEAK TO MAMIE WILSON BECAUSE MAMIE WILSON'S GROWN UP SISTER HAD CUT OUT LIZZIE WRIGHT'S GROWN UP SISTER WITH HER BEAU,And Maddie Andrews had a new red hood and a blue crossover with tassels on it. And the air she put on about it were perfectly sickening. And Lizzie Wright didn't speak to Mamie Wilson because Mamie Wilson's grown-up sister had cut out Lizzie Wright's grown-up sister with her bow.,0.3041769279998334,6.9812496420001935,0.6144206189999295,7.899847188999956,0.01841933680512495,0.42274734419281784,0.03720604450768618,0.478372725505629,1
170,mic_fileid_170_doa57_3spk.wav,17.31175,3,"57,135,324",1,135,0.10347537233694475,enhanced_fileid_170_pred135_idx1_loudest.wav,133,2.0,text_fileid_170_doa133_spk1.txt,0.07272727272727272,4,55,AND NOT HAVE MARRIED THE MOTHER OF THE PROUD PRINCESS WHO CAUSED HIM ENDLESS TROUBLE UNTIL HER DEATH MY DAY IS PAST SAID HE AND HE GAVE UP HIS CROWN TO HIS SON AMEER ALI WHO WENT ONCE MORE AND CALLED TO THE FOREST FAIRY TO PROVIDE HIM WITH A QUEEN TO SHARE HIS THRONE,"and not had married the mother of the proud princess who caused him endless trouble until her death. My day has passed, said he, and he gave up his crown to his son, Amir Ali, who went once more and called to the forest fairy to provide him with a queen to share his throne.",0.2850265260001379,5.27598374199988,0.5945804020000196,6.155590670000038,0.01646433930712596,0.3047631661732569,0.03434548223027826,0.35557298771066115,1
171,mic_fileid_171_doa66_3spk.wav,15.962875,3,"1,59,235",2,235,0.09189675326454773,enhanced_fileid_171_pred235_idx2_loudest.wav,238,3.0,text_fileid_171_doa238_spk1.txt,0.043478260869565216,2,46,STILL IF HE IS TO BE IN THE GROVE TO NIGHT I MAY AS WELL BE THERE ALSO WHAT DISGUISE IS HE IN A FARM LABORER'S THE BEST HE COULD ADOPT ABOUT HERE WITH LARGE BLACK WHISKERS HE IS STOPPING ABOUT THREE MILES OFF HE SAID,"Still, if he is to be in the grove tonight, I may as well be there also. What disguise is he in? A farm laborer's, the best he could adopt about here, with large black whiskers. He is stopping about three miles off, he said.",0.2767960599999242,4.840961047999599,0.5203494519998912,5.6381065599994145,0.017339987940764065,0.30326373212842916,0.0325974770835386,0.35320119715273185,1
172,mic_fileid_172_doa1_3spk.wav,17.0665,3,"236,283,358",0,236,0.113628780542474,enhanced_fileid_172_pred236_idx0_loudest.wav,236,0.0,text_fileid_172_doa236_spk1.txt,0.023255813953488372,1,43,WE WERE YET ALMOST AFRAID TO BELIEVE THAT WE WERE AT LAST TO ESCAPE INTO THE GENIAL COUNTRY OF WHICH WE HAVE HEARD SO MANY GLOWING DESCRIPTIONS AND DREADED AGAIN TO FIND SOME VAST INTERIOR LAKE WHOSE BITTER WATERS WOULD BRING US DISAPPOINTMENT,We were yet almost afraid to believe that we were at last to escape into the genial country of which we have heard so many glowing descriptions and dreaded again to find some fast interior lake whose bitter waters would bring us disappointment.,0.2844665120001082,5.168572610999945,0.3847688180001114,5.837807941000165,0.016668122462139758,0.3028490089356309,0.0225452680983278,0.34206239949609846,1
173,mic_fileid_173_doa42_3spk.wav,17.582,3,"39,87,148",2,148,0.0886588009241996,enhanced_fileid_173_pred148_idx2_loudest.wav,146,2.0,text_fileid_173_doa146_spk1.txt,0.041666666666666664,2,48,THE APPEARANCE OF THE CHART WAS INCREDIBLE TO THE SURVIVING MUTINEERS THEY LEAPED UPON IT LIKE CATS UPON A MOUSE IT WENT FROM HAND TO HAND ONE TEARING IT FROM ANOTHER AND BY THE OATHS AND THE CRIES AND THE CHILDISH LAUGHTER WITH WHICH THEY ACCOMPANIED THEIR EXAMINATION,"The appearance of the chart was incredible to the surviving Newton years. They leaped upon it like cats upon a mouse. It went from hand to hand, one tearing it from another, and by the oaths and the cries and the childish laughter with which they accompanied their examination.",0.3100499149998086,7.782625100999894,0.5157623519999106,8.608437367999613,0.017634507735172823,0.4426473154931119,0.029334680468656046,0.48961650369694076,1
174,mic_fileid_174_doa166_3spk.wav,15.549625,3,"161,267,332",0,161,0.06942375139106932,enhanced_fileid_174_pred161_idx0_loudest.wav,166,5.0,text_fileid_174_doa166_spk1.txt,0.0,0,39,THE GRAVEYARD WAS A MILE OUTSIDE THE VILLAGE A SANDY PLAIN WHERE A FEW STUNTED PINES TRANSPLANTED FROM THE WOODS NEAR IT STRUGGLED TO KEEP ALIVE AS WE TURNED FROM THE STREET INTO THE LANE WHICH LED TO IT,The graveyard was a mile outside the village. A sandy plain where a few stunted pines transplanted from the woods near it struggled to keep alive. As we turned from the street into the lane which led to it...,0.2786506309998913,5.6154973939997035,0.3917793629998414,6.285927387999436,0.0179200868831172,0.3611339433587436,0.025195421947464415,0.4042494521893252,1
175,mic_fileid_175_doa16_3spk.wav,16.972375,3,"15,158,314",1,158,0.1004007441599828,enhanced_fileid_175_pred158_idx1_loudest.wav,144,14.0,text_fileid_175_doa144_spk1.txt,0.05555555555555555,2,36,MADAME DE VILLEFORT SIGHED HER NERVES GAVE WAY AND SHE SUNK ON THE CARPET THE KING'S ATTORNEY SEEMED TO EXPERIENCE A SENSATION OF PITY HE LOOKED UPON HER LESS SEVERELY AND BOWING TO HER SAID SLOWLY,"Madame de Villaforte sighed. Her nerves gave way and she sunk on the carpet. The King's attorney seemed to experience a sensation at pity. He looked upon her less severely and, bowing to her, said slowly.",0.2829447189999428,5.158303433000128,0.4096295239999108,5.850877675999982,0.01667089720795957,0.3039234893761261,0.02413507384793883,0.3447294604320245,1
176,mic_fileid_176_doa208_3spk.wav,17.628625,3,"209,247,289",0,209,0.05681852171119244,enhanced_fileid_176_pred209_idx0_loudest.wav,208,1.0,text_fileid_176_doa208_spk1.txt,0.0,0,42,HE STOOD ASIDE EDGED A LITTLE INTO THE RAIN TO LET THE THRONG PASS A SMALL BOY RUSHED OUT SNIFFED IN THE DAMP FRESH AIR AND TURNED UP THE COLLAR OF HIS COAT CAME THREE OR FOUR COUPLES IN A GREAT HURRY,"He stood aside, edged a little into the rain to let the throng pass. A small boy rushed out, sniffed in the damp fresh air, and turned up the collar of his coat. Came three or four couples in a great hurry.",0.2917907189998914,5.4403006000000005,0.4551710890000322,6.187262407999924,0.01655209745512718,0.30860606541916913,0.025819999517831496,0.3509781623921278,1
177,mic_fileid_177_doa189_3spk.wav,16.409875,3,"190,288,329",1,288,0.07196222501535915,enhanced_fileid_177_pred288_idx1_loudest.wav,288,0.0,text_fileid_177_doa288_spk1.txt,0.08823529411764706,3,34,THE SCHOOL AND THE NEIGHBOURING COTTAGES THIS DID GOOD FOR A TIME BUT WHEN THE AUTUMN DREW ON AND THE WEATHER BECAME MORE CHANGEABLE HER MOTHER'S IDEA OF THE UNHEALTHINESS OF THE PLACE INCREASED,"the school and the neighboring cottages. This did good for a time, but when the autumn germined and the weather became more changeable, her mother's idea of the unhealthiness of the place increased.",0.2641633839998576,4.942836113000112,0.387727735999988,5.594727232999958,0.016097830361282924,0.30121107644026,0.023627708072120477,0.34093661487366345,1
178,mic_fileid_178_doa161_3spk.wav,15.546125,3,"27,152,308",2,308,0.09949951461603584,enhanced_fileid_178_pred308_idx2_loudest.wav,331,23.0,text_fileid_178_doa331_spk1.txt,0.2857142857142857,8,28,ALL WERE LOADED WITH PASSENGERS AND FREIGHT FOR NOME SCOUT BOATS HAD ALREADY BEEN SENT OUT TO INVESTIGATE AND FIND IF POSSIBLE A PASSAGE THROUGH THE ICE FIELDS,"All were loaded with passenger and freight for known. Scout boats had already been sent out to investigate and find it possible, and pass it through the eye field.",0.25764884299996993,6.791650383999922,0.3972733040000094,7.446572530999902,0.01657318740200339,0.4368709491271891,0.025554490524166595,0.47899862705335905,1
179,mic_fileid_179_doa105_3spk.wav,17.104875,3,"105,186,354",2,354,0.10385855641512406,enhanced_fileid_179_pred354_idx2_loudest.wav,359,5.0,text_fileid_179_doa359_spk1.txt,0.03225806451612903,1,31,AND EXPRESSES HORROR RATHER THAN INDIGNATION ALIKE INVOLUNTARY IS THE GROAN THAT GOES WITH IT PROCEEDING FROM A SINGLE INDIVIDUAL WHOM ALL KNOW TO BE THE FATHER OF THE MURDERED MAN,"and expresses horror rather than indignation. Alike involuntary is the groan that goes with it, proceeding from a single individual whom all know to be the thought of the murdered man.",0.3097578419999536,6.785187276999977,0.39133550199994716,7.486280620999878,0.01810933093635315,0.39668148858147034,0.022878594669645185,0.4376694141874687,1
180,mic_fileid_180_doa24_3spk.wav,16.508375,3,"26,119,258",2,258,0.08068057214393606,enhanced_fileid_180_pred258_idx2_loudest.wav,273,15.0,text_fileid_180_doa273_spk1.txt,0.029411764705882353,1,34,AND HER HEAD HER WORDS TURNED AMEER ALI PALE WITH HORROR BUT SHE REMINDED HIM THAT NO HARM HAD COME TO HER BEFORE AND AT LAST HE CONSENTED TO DO AS SHE BADE HIM,"And her head, her words turned Amir Ali pale with horror, but she reminded him that no harm had come to her before, and at last he consented to do as she bade him.",0.3006553540001278,4.951027515000305,0.39465179200010425,5.646334661000537,0.018212292487911605,0.29991004656729114,0.023906156238885066,0.3420284952940878,1
181,mic_fileid_181_doa88_3spk.wav,15.616625,3,"91,174,224",1,174,0.08908812997341398,enhanced_fileid_181_pred174_idx1_loudest.wav,175,1.0,text_fileid_181_doa175_spk1.txt,0.02702702702702703,1,37,NEARLY A YEAR WENT BY LADY ISABEL CARLYLE HAD SPENT IT ON THE CONTINENT THAT REFUGE FOR SUCH FUGITIVES NOW MOVING ABOUT FROM PLACE TO PLACE WITH HER COMPANION NOW STATIONARY AND ALONE QUITE HALF THE TIME,"Nearly a year went by. Lady Isabel Carlisle had spent it on the continent. That refuge for such fugitives. Now moving about from place to place with her companion, now stationary and alone. Quite half the time.",0.26524736699980167,4.712752952999608,0.41119394799989095,5.389194267999301,0.01698493541336887,0.3017779419688702,0.02633052583383996,0.34509340321607906,1
182,mic_fileid_182_doa130_3spk.wav,17.097375,3,"134,212,335",0,134,0.0789753875477652,enhanced_fileid_182_pred134_idx0_loudest.wav,130,4.0,text_fileid_182_doa130_spk1.txt,0.06521739130434782,3,46,IT HAD BEEN A GREAT DAY FOR THE FAMILIES OF THE NEIGHBORING FARMERS AND THEY DROVE HOMEWARD IN THE LATE AFTERNOON FULL OF ENTHUSIASM OVER THE ROYAL MANNER IN WHICH THEY HAD BEEN ENTERTAINED AND ADMIRATION FOR THE GIRLS WHO HAD PROVIDED THE FUN AND FEASTING,"It had been a great day for the families of the neighboring farmers, and they drove homeward in the late afternoon full of enthusiasm over the royal manor in which they'd been entertained and admiration for the girls who had provided the fun and feasting.",0.277069038000036,5.231210723999993,0.44878335899988997,5.957063120999919,0.01620535538350396,0.3059657242120497,0.026248670278325767,0.3484197498738794,1
183,mic_fileid_183_doa59_3spk.wav,15.812625,3,"59,246,309",0,59,0.09037856107391923,enhanced_fileid_183_pred59_idx0_loudest.wav,59,0.0,text_fileid_183_doa59_spk1.txt,0.08571428571428572,3,35,WHAT WAS TRUE THAT HER UNCLE MISTER WEISHAUPT'S FAMILY HAD BEEN MURDERED THAT NOT ONE MEMBER OF THE FAMILY HAD BEEN SPARED NAMELY MISTER WEISHAUPT HIMSELF AND HIS WIFE NEITHER OF THEM MUCH ABOVE SIXTY,"What was true? That her uncle, Mr. Weishaupt's family, had been murdered. That not one member of the family had been spared. Namely, Mr. Weishaupt himself and his wife, neither of them much above 60.",0.2939643890001662,4.682048394000049,0.4810603580001498,5.457073141000365,0.018590486336086905,0.2960955814736673,0.03042254894428659,0.3451086167540408,1
184,mic_fileid_184_doa65_3spk.wav,16.533625,3,"66,262,302",1,262,0.07312213456930937,enhanced_fileid_184_pred262_idx1_loudest.wav,260,2.0,text_fileid_184_doa260_spk1.txt,0.1891891891891892,7,37,YOU MAY KNOW HIM BY A SUNKEN BROODING EYE CLOTHING MARRED BY MUCH TOBACCO AND A CHAFED AND TETCHY HUMOUR TOWARD THE HOUR OF FIVE P M HAVING BITTERLY SCHOOLED HIMSELF TO SEE MEN AS PARAGRAPHS WALKING,"You may know him by a sunken, brooding eye, clothing, marred by much tobacco, and a chafed and techy humor toward the hour of 5 p.m. Having bitterly scold himself to see man as paragraphs walking.",0.29626755599997523,5.02533556499975,0.43194009599983474,5.75354321699956,0.017919092516007543,0.3039463859256364,0.02612494815866664,0.3479904266003106,1
185,mic_fileid_185_doa35_3spk.wav,16.185375,3,"33,135,201",1,135,0.08969373753301038,enhanced_fileid_185_pred135_idx1_loudest.wav,135,0.0,text_fileid_185_doa135_spk1.txt,0.21818181818181817,12,55,YOU REMEMBER THE CUBAN LAND FRAUDS IN NEW YORK AND PORFORIO GOMEZ SHOOTING THE DETECTIVE AND HIM AND MAXIMO MOREZ GETTING CLEAR AWAY WITH TWO HUNDRED THOUSAND NO OF COURSE YOU DON'T WHY EVEN IN THE CITY PAPERS IT ONLY FILLED AN INCH OR TWO OF TYPE AND ANYWAY THE NAMES WERE HARD TO REMEMBER,"You remember the Cuban landsfrauds in New York and Perferio Gomez shooting the detective and him and Maximo Mora is getting clear away with 200,000? Of course you don't. Why even in the city papers it only filled an inch or two of type. In any way, the names were hard to remember.",0.30115150400001767,4.846353841999871,0.5853684119999798,5.732873757999869,0.018606396453589594,0.2994279614775605,0.036166502907716364,0.3542008608388665,1
186,mic_fileid_186_doa43_3spk.wav,15.840625,3,"51,169,240",1,169,0.06482985424477383,enhanced_fileid_186_pred169_idx1_loudest.wav,169,0.0,text_fileid_186_doa169_spk1.txt,0.15151515151515152,5,33,HAD TURNED AND DANCED ABOUT ENOUGH THEY ORDERED THEIR SERVANTS TO BEAT HIM WITH STICKS TO CHANGE THE COURSE OF HIS IDEAS OTHERS HIT THE LION THAT IS THEY GAILY STOPPED A PASSENGER,"had turned and danced about it if they ordered their servants to beat him with sticks to change the course of his ideas. Others hit the loin, that is, they gayly stopped the passenger.",0.2634175210000649,4.660488304999717,0.3797732539999288,5.303679079999711,0.016629237861515243,0.2942111378180922,0.02397463824817069,0.3348150139277782,1
187,mic_fileid_187_doa136_3spk.wav,17.269,3,"140,237,330",0,140,0.0933999987152328,enhanced_fileid_187_pred140_idx0_loudest.wav,136,4.0,text_fileid_187_doa136_spk1.txt,0.0,0,50,HE WAS THUS AT EVERY MOMENT DURING THE DAY AND NIGHT IN FULL POSSESSION OF THE DEADLY POISON WITH WHICH HE COULD HAVE FULLY SATISFIED HIS CRAVING IT WAS A MORAL VICTORY WHEN HE FINALLY REACHED THE POINT AT WHICH HE WENT FOR SEVERAL WEEKS WITHOUT ANY DESIRE FOR MORPHINE,He was thus at every moment during the day and night in full possession of the deadly poison with which he could have fully satisfied his craving. It was a moral victory when he finally reached the point at which he went for several weeks without any desire for morphine.,0.2802959230000397,5.317498011999987,0.46731414500004576,6.065108080000073,0.016231161213737896,0.3079215943019276,0.027060868898028015,0.3512136244136935,1
188,mic_fileid_188_doa42_3spk.wav,16.251125,3,"48,100,245",2,245,0.07891550352647243,enhanced_fileid_188_pred245_idx2_loudest.wav,247,2.0,text_fileid_188_doa247_spk1.txt,0.025,1,40,THE PRIEST WHO YESTERDAY EVENING DIRECTED ME TO THIS VILLAGE ANSWERED MUSO I CALLED AT HIS ANJITSU ON THE HILL YONDER HE REFUSED ME LODGING BUT TOLD ME THE WAY HERE THE LISTENERS LOOKED AT EACH OTHER AS IN ASTONISHMENT,"The priest who yesterday evening directed me to this village, answered Muso. I called at his angitsu on the hill yonder. He refused me lodging, but told me the way here. The listeners looked at each other as in astonishment.",0.2863443589999406,4.89610677099995,0.4797211679999691,5.662172297999859,0.01761997147889396,0.30127802050626956,0.029519259005143902,0.34841725099030746,1
189,mic_fileid_189_doa19_3spk.wav,17.1215,3,"19,52,309",2,309,0.07948993089765392,enhanced_fileid_189_pred309_idx2_loudest.wav,308,1.0,text_fileid_189_doa308_spk1.txt,0.06818181818181818,3,44,I THINK I COULD HAVE DONE IT BUT THERE WAS ONLY THE CLIFF WALL SHEER AND WHITE AGAINST THAT NARROWEST WAY WITH NEVER CRANNY TO PUT A FINGER INTO THE WIND WAS BLOWING IN FRESH PUFFS AND THOUGH I DID NOT OPEN MY EYES,"I think I could have done it. But there was only the cliff wall, sheer and white, against that narrow sway, with never a cranny to put a finger into. The wind was blowing in fresh puffs, and though I did not open my eyes.",0.3285845809998591,5.586373837999872,0.4862120170000708,6.401170435999802,0.0191913431066121,0.32627829559325244,0.028397746517540564,0.3738673852174051,1
190,mic_fileid_190_doa23_3spk.wav,16.736125,3,"23,95,193",1,95,0.0644470306574222,enhanced_fileid_190_pred95_idx1_loudest.wav,96,1.0,text_fileid_190_doa96_spk1.txt,0.022727272727272728,1,44,YET I CAN TEACH YOU HOW BEST TO ALLAY HER DISPLEASURE GO THEN AND VOLUNTARILY SURRENDER YOURSELF TO YOUR LADY AND SOVEREIGN AND TRY BY MODESTY AND SUBMISSION TO WIN HER FORGIVENESS AND PERHAPS HER FAVOR WILL RESTORE YOU THE HUSBAND YOU HAVE LOST,"Yet I can teach you how best to elate her displeasure. Go then, and voluntarily surrender yourself to your lady and sovereign, and try by modesty and submission to win her forgiveness, and perhaps her favor will restore you the husband you have lost.",0.2737516530000903,5.024551812000027,0.47008604400002696,5.768389509000144,0.01635693166728202,0.3002219338108449,0.028088105460495002,0.3446669709386219,1
191,mic_fileid_191_doa169_3spk.wav,16.275375,3,"159,278,317",2,317,0.08431548238224607,enhanced_fileid_191_pred317_idx2_loudest.wav,313,4.0,text_fileid_191_doa313_spk1.txt,0.02631578947368421,1,38,I WILL GIVE YOU LETTERS TO CONDE AND RECOLLECT THAT WHATEVER GENERAL YOU TAKE SERVICE UNDER YOU WILL FOLLOW HIM WITHOUT PRETENDING TO CALCULATE HOW FAR HIS MOVEMENTS MAY BE RIGHT OR WRONG THAT IS NOT YOUR AFFAIR,"I will give you letters to Kanda, and recollect that whatever general you take service under, you will follow him without pretending to calculate how far his movements may be right or wrong. That is not your affair.",0.2648313429999689,4.834771952999972,0.41554224000014983,5.515145536000091,0.016271904211114577,0.2970605563927081,0.025531961014732367,0.33886442161855507,1
192,mic_fileid_192_doa84_3spk.wav,17.247,3,"82,262,346",2,346,0.045109703873306414,enhanced_fileid_192_pred346_idx2_loudest.wav,344,2.0,text_fileid_192_doa344_spk1.txt,0.0,0,47,BEFORE THE NEGOTIATION WAS COMPLETED IT BEGAN TO GROW A LITTLE DUSK I DID NOT HASTEN IT FOR I LIKED WELL ENOUGH TO SIT AND HEAR HER TALK I WAS AMUSED WITH THE SORT OF BUSINESS TALENT SHE DISPLAYED EDWARD COULD NOT HAVE SHOWN HIMSELF MORE PRACTICAL,"Before the negotiation was completed, it began to grow a little dusk. I did not hasten it, for I liked well enough to sit and hear her talk. I was amused with the sort of business talent she displayed. Edward could not have shown himself more practical.",0.29334032399992793,5.29485515500005,0.5031347850001566,6.091330264000135,0.01700819412071247,0.30700151649562535,0.02917230735781044,0.3531820179741482,1
193,mic_fileid_193_doa66_3spk.wav,17.10325,3,"100,224,321",0,100,0.10662843564732331,enhanced_fileid_193_pred100_idx0_loudest.wav,110,10.0,text_fileid_193_doa110_spk1.txt,0.09259259259259259,5,54,AT LENGTH HE RAISED HIS STIFFENED BODY AND STOOD UP DIZZY UP THE LITTLE WOODEN STAIRS HE WENT WHERE HE HAD NEVER BEEN BEFORE TO THE SMALL SQUARE LANDING ALMOST FILLED UP WITH THE GREAT CHEST FOR OAT CAKE HE BREATHED HARD FOR A MINUTE AND THEN KNOCKED AT THE DOOR OF SYLVIA'S ROOM,"At length he raced to stiffen body and stood up, dizzy. Up the little wooden stairs he went, where he had never been before. To the small square landing almost filled up with the great chest for oak cake. He breathed hard for a minute and then knocked at the door of Silvia's room.",0.29923265299999,5.335963657000093,0.623176919000116,6.258373229000199,0.01749566035694912,0.3119853628404013,0.03643616967536088,0.3659171928727113,1
194,mic_fileid_194_doa63_3spk.wav,17.115625,3,"63,99,284",2,284,0.09907772289987234,enhanced_fileid_194_pred284_idx2_loudest.wav,285,1.0,text_fileid_194_doa285_spk1.txt,0.024390243902439025,1,41,AND JACOB WE TOOK WITH US SOME OF THE BEST ANIMALS AND MY INTENTION WAS TO PROCEED AS RAPIDLY AS POSSIBLE TO THE HOUSE OF MISTER SUTTER AND RETURN TO MEET THE PARTY WITH A SUPPLY OF PROVISIONS AND FRESH ANIMALS,"And Jacob. We took with us some of the best animals, and my intention was to proceed as rapidly as possible to the house of Mr. Sutter, and return to meet the party with a supply of provisions and fresh animals.",0.29677232900007766,5.395956237000064,0.4260542560000431,6.118782822000185,0.017339263333946475,0.31526492529487316,0.024892708037249182,0.3574968966660688,1
195,mic_fileid_195_doa40_3spk.wav,16.165875,3,"79,176,228",1,176,0.08567765086700839,enhanced_fileid_195_pred176_idx1_loudest.wav,177,1.0,text_fileid_195_doa177_spk1.txt,0.05,2,40,YOU MIGHT WANT TO THINK IT OVER BEFORE ACCEPTING AS FOR ME I PASSED A HAND OVER MY BROW WHERE BEADS OF COLD SWEAT WERE BUSY FORMING LET'S THINK THIS OVER I SAID TO MYSELF AND LET'S TAKE OUR TIME,"You might want to think it over before accepting. As for me, I passed a hand over my brow, where the beats of cold sweat were busy forming. Let's think this over, I said to myself, and let's take our time.",0.26403778099984265,4.821295782999869,0.4332589000000553,5.5185924639997666,0.016333033689784355,0.29823908591399284,0.02680083199950855,0.34137295160328573,1
196,mic_fileid_196_doa50_3spk.wav,15.86525,3,"0,50,112",0,0,0.10799346383238093,enhanced_fileid_196_pred0_idx0_loudest.wav,357,3.0,text_fileid_196_doa357_spk1.txt,0.0,0,43,BUT THEY WENT AT IT WITH THAT MIXTURE OF RECKLESSNESS AND INDUSTRY THAT LIVES WHEN YOUTH IS IN A HOUSE AND YOUTH WAS IN THAT HOUSE THAT NIGHT THOUGH NOT ALL MAY HAVE ISOLATED THE TWO FACES AND HEARTS FROM WHICH IT FLAMED,"But they went at it with that mixture of recklessness and industry that lives when youth is in a house, and youth was in that house that night, though not all may have isolated the two faces and hearts from which it flamed.",0.2577159830000255,4.6185541190000095,0.4447682200000145,5.3210383220000494,0.016244054332583826,0.29111133571800063,0.02803411355005528,0.33538950360063974,1
197,mic_fileid_197_doa7_3spk.wav,17.188125,3,"8,48,318",2,318,0.0983975115641824,enhanced_fileid_197_pred318_idx2_loudest.wav,318,0.0,text_fileid_197_doa318_spk1.txt,0.075,3,40,BEING A STRONG AND VIGOROUS VILLAIN HOWEVER HE CLUNG TENACIOUSLY TO HIS OAR AND EVEN UNBUCKLING HIS LEATHER BELT PASSED IT ROUND THE SLIP OF WOOD THAT WAS HIS SALVATION GIRDING HIMSELF TO IT AS FIRMLY AS HE WAS ABLE,"Being a strong and vigorous villain, however, he plunged inatiously to his oar, and even unbuckling his leather belt, cast it round the slip of wood that was his salvation, girding himself to it as firmly as he was able.",0.3021311469999546,5.273105135000151,0.47125305300005493,6.04648933500016,0.017577900265442252,0.30678768830225234,0.02741736245227766,0.35178295101997226,1
198,mic_fileid_198_doa5_3spk.wav,16.57175,3,"3,110,136",1,110,0.09117416782918134,enhanced_fileid_198_pred110_idx1_loudest.wav,109,1.0,text_fileid_198_doa109_spk1.txt,0.1111111111111111,4,36,GENERAL WHEELER GUIDED BY THE CUBANS RECONNOITRED THIS TRAIL ON THE TWENTY THIRD OF JUNE AND WITH THE POSITION OF THE ENEMY FULLY EXPLAINED TO HIM RETURNED TO SIBONEY AND INFORMED GENERAL YOUNG AND COLONEL WOOD,"General Wheeler, guided by the Cubans, reconnoitered this trail on the 23rd of June, and with the position of the enemy fully explained to him, returned to Cibone, and informed General Young and Colonel Wood,",0.27456274900009703,5.354229919999852,0.43315724599983696,6.061949914999786,0.016568120385601823,0.32309381447341723,0.026138292334837113,0.3658002271938562,1
199,mic_fileid_199_doa56_3spk.wav,17.348875,3,"102,198,251",2,251,0.055556009462169195,enhanced_fileid_199_pred251_idx2_loudest.wav,56,165.0,text_fileid_199_doa56_spk1.txt,1.135135135135135,42,37,HE NEVER HESITATED ABOUT PLACING IT ON A BLACK KEY WHEN CONVENIENT AND HAD IT PASSED BY MUSCLE ACTION ALONE IN SCALES AND BROKEN CHORDS WHOSE ZEALOUS PRACTICE IN DIFFERENT FORMS OF TOUCH ACCENT RHYTHM AND TONE,"It made me rather mild, nothing flat added, Jerry. And it bought me to a knockout finish later, views Joe. You can hear his sputtered knees and death, spoke for ten minutes. Now it's finally crowned by Irish engineer Sid Slim. Gone, concluded Jerry.",0.2816800109999349,5.328742853999984,0.5922121979999702,6.202635062999889,0.016236211915754473,0.3071520691687492,0.034135481292012895,0.35752376237651656,1
200,mic_fileid_200_doa103_3spk.wav,17.266,3,"111,229,307",1,229,0.09395287296723782,enhanced_fileid_200_pred229_idx1_loudest.wav,228,1.0,text_fileid_200_doa228_spk1.txt,0.0,0,46,AND MERELY WHISPERED AS HE GAVE HER THE PARTING LIFT DON'T TELL THE ONLY ANSWER THE PRINCESS RETURNED WAS A ROGUISH LOOK SHE WAS ALREADY A YARD ABOVE HIS HEAD THE LOOK SEEMED TO SAY NEVER FEAR IT IS TOO GOOD FUN TO SPOIL THAT WAY,"and merely whispered as he gave her the parting lift, Don't tell! The only answer the princess returned was a roguish look. She was already a yard above his head. The look seemed to say, never fear, it is too good fun to spoil that way.",0.32349699199994575,5.251185349000252,0.5627626919999784,6.137445033000176,0.01873607042742649,0.3041344462527657,0.032593692343332474,0.35546420902352466,1
201,mic_fileid_201_doa27_3spk.wav,15.931625,3,"27,114,208",0,27,0.08876979547712315,enhanced_fileid_201_pred27_idx0_loudest.wav,27,0.0,text_fileid_201_doa27_spk1.txt,0.029411764705882353,1,34,HOLLAND ALONE CONTAINED EIGHTEEN CITIES EACH OF WHICH WAS FOR MANY PURPOSES AN INDEPENDENT STATE JEALOUS OF ALL INTERFERENCE FROM WITHOUT IF THE RULERS OF SUCH A CITY RECEIVED FROM THE HAGUE AN ORDER,"Holland alone contained 18 cities, each of which was, for many purposes, an independent state, jealous of all interference from without. If the rulers of such a city received from the Hague an order,",0.2910049669999353,4.7330022069997995,0.3713064450000729,5.395313618999808,0.018265868484849176,0.2970822001522004,0.0233062506178794,0.33865431925492895,1
202,mic_fileid_202_doa79_3spk.wav,11.3505,3,"82,189,310",2,310,0.07638467670423099,enhanced_fileid_202_pred310_idx2_loudest.wav,293,17.0,text_fileid_202_doa293_spk1.txt,0.0,0,22,WHAT KIND OF AN ACCIDENT WAS IT REDCOAT AND HOW DID IT HAPPEN HE ASKED BROADWING THE HAWK TRIED TO CATCH ME,"What kind of an accident was it, Redcoat? And how did it happen? he asked. Broadwing the hawk tried to catch me.",0.21455081899989636,3.0662785869999425,0.29091803500000424,3.571747440999843,0.018902323157561022,0.2701448030483188,0.025630415840712236,0.31467754204659204,1
203,mic_fileid_203_doa25_3spk.wav,16.812,3,"25,89,122",1,89,0.09300306047401624,enhanced_fileid_203_pred89_idx1_loudest.wav,88,1.0,text_fileid_203_doa88_spk1.txt,0.02702702702702703,1,37,HE WAS READY TO SERVE HIS GUESTS BEFORE HE FORWARDED HIS OWN WIRELESS NOTES JUST TELL MY WIFE THAT I'M ENJOYING MYSELF REQUESTED MISTER DAMON BLESS MY FOOTSTOOL BUT THIS IS GREAT WE'RE OFF THE EARTH YET,"He was ready to serve his guests before he forwarded his own wireless notes. Just tell my wife that I'm enjoying myself, requested Mr. Damon. Bless my footstool, but this is great. We're off the earth yet.",0.2736967979999463,5.082653525000069,0.42783023600009074,5.784180559000106,0.016279847608847625,0.30232295532953063,0.025447908398768183,0.34405071133714643,1
204,mic_fileid_204_doa190_3spk.wav,16.302375,3,"190,262,318",0,190,0.08494454303858134,enhanced_fileid_204_pred190_idx0_loudest.wav,190,0.0,text_fileid_204_doa190_spk1.txt,0.0,0,37,HE WORE A BLOUSE AND UNDER HIS BLOUSE AN OLD BLACK COAT HE MADE PRETENSIONS TO LITERATURE AND TO MATERIALISM THERE WERE CERTAIN NAMES WHICH HE OFTEN PRONOUNCED TO SUPPORT WHATEVER THINGS HE MIGHT BE SAYING VOLTAIRE,He wore a blouse and under his blouse an old black coat. He made pretensions to literature and to materialism. There were certain names which he often pronounced to support whatever things he might be saying. Voltaire.,0.2905472960001134,4.853344789000175,0.43530559800001356,5.579197683000302,0.01782239066394396,0.29770783637354525,0.02670197428288906,0.3422322013203783,1
205,mic_fileid_205_doa68_3spk.wav,18.043125,3,"77,154,260",2,260,0.06401521340768737,enhanced_fileid_205_pred260_idx2_loudest.wav,262,2.0,text_fileid_205_doa262_spk1.txt,0.1702127659574468,8,47,CAME VERY NEAR ENDING AS A COMPLETE CYNIC THOUGH IN WHAT F P A WOULD CALL HIS LASTLINE HE MANAGED TO WRIGGLE INTO A MORE HOPEFUL MOOD THE FIRST VALUABLE DISCOVERY THAT THE COLYUMIST IS LIKELY TO MAKE IS THAT ALL MINDS ARE VERY MUCH THE SAME,"Kane very near ending as a complete sync, though in what FPA would call his last line, he managed to wriggle into a more hopeful mood. The first valuable discovery that the columnist is likely to make is that all minds are very much the same.",0.31300305400009165,5.662044970000352,0.44851126799994745,6.423559292000391,0.017347496844371008,0.3138062264713209,0.024857737670162316,0.35601146098585423,1
206,mic_fileid_206_doa56_3spk.wav,16.533875,3,"55,108,266",0,55,0.07883279868978783,enhanced_fileid_206_pred55_idx0_loudest.wav,56,1.0,text_fileid_206_doa56_spk1.txt,0.07692307692307693,3,39,IN THE MONTH OF APRIL EIGHTEEN FORTY NINE ROME AS YOU ARE NO DOUBT AWARE WAS PLACED IN A STATE OF SIEGE BY THE APPROACH OF THE FRENCH ARMY IT WAS FILLED AT THAT TIME WITH EXILES AND FUGITIVES,"In the month of April 1849, Rome, as you are no doubt aware, was placed in a state of siege by the approach of the French army. It was filled at that time with exiles and fugitives.",0.297538693999968,7.045141413999772,0.4079161459999341,7.7505962539996744,0.01799570239886101,0.4261034641909276,0.024671539248962152,0.46877070583875075,1
207,mic_fileid_207_doa138_3spk.wav,16.808125,3,"139,203,245",1,203,0.11692073861988533,enhanced_fileid_207_pred203_idx1_loudest.wav,204,1.0,text_fileid_207_doa204_spk1.txt,0.05128205128205128,2,39,I AM SURE I HAVE NOT MET ONE AND REALLY DO NOT KNOW OF ONE THE PRESS IS RESPONSIBLE FOR MANY POPULAR ERRORS WHENEVER AN INDIAN INDULGES IN ANY NOTORIOUS MISBEHAVIOR HE IS WIDELY HERALDED AS A CARLISLE GRADUATE,"I'm sure I have not met one, and really do not know of one. The press is responsible for many popular errors. Whenever an Indian indulges in any notorious misbehavior, he is widely heralded as a Carlisle graduate.",0.3051314150000053,6.324588840999695,0.4930909770000653,7.122811232999766,0.018153804484438645,0.376281640040141,0.029336465370174564,0.4237719098947542,1
208,mic_fileid_208_doa73_3spk.wav,16.723375,3,"84,226,274",2,274,0.09443615130697525,enhanced_fileid_208_pred274_idx2_loudest.wav,276,2.0,text_fileid_208_doa276_spk1.txt,0.05,2,40,AROUND MANY OF THEM GREW CLUSTERS OF STRANGE AND COLORFUL SEAWEEDS THAT WAVED THEIR BANNERS GENTLY AS THOUGH SOME IMPERCEPTIBLE CURRENT DALLIED WITH THEM IN PASSING HERE AND THERE FIGURES MOVED SLIM WHITE FIGURES THAT STROLLED ALONG THE NARROW STREET,"Around many of them grew clusters of strange and colorful seaweeds that wave their banners gently, as though some imperceptible current dallied with them in passing. Here and there are figures moved, slim white figures that strolled along the narrow street.",0.29173110300007465,5.0182151629999225,0.4734735819999969,5.783419847999994,0.017444511230542557,0.30007191508890535,0.02831208305739702,0.3458285093768449,1
209,mic_fileid_209_doa17_3spk.wav,16.038375,3,"16,86,197",1,86,0.08486934922261935,enhanced_fileid_209_pred86_idx1_loudest.wav,82,4.0,text_fileid_209_doa82_spk1.txt,0.058823529411764705,2,34,UNDOUBTEDLY IT WAS WAS HE NOT AN EMIGRANT THEN WHAT DID HE CALL HIMSELF NOT AN EMIGRANT HE HOPED WITHIN THE SENSE AND SPIRIT OF THE LAW WHY NOT THE PRESIDENT DESIRED TO KNOW,Undoubtedly it was. Was he not an immigrant then? What did he call himself? Not an immigrant he hoped within the sense and spirit of the law. Why not the president desired to know?,0.27390172600007645,4.741213863999974,0.35478180800009795,5.369897398000148,0.017077897604967866,0.29561684796620447,0.022120807625466917,0.33481555319663925,1
210,mic_fileid_210_doa278_3spk.wav,17.54375,3,"124,277,333",2,333,0.08401469406551479,enhanced_fileid_210_pred333_idx2_loudest.wav,312,21.0,text_fileid_210_doa312_spk1.txt,1.1785714285714286,33,28,HONESTY GRANTING THAT IT IS THE VIRTUE OF WHICH WE CANNOT RID OURSELVES WE FREE SPIRITS WELL WE WILL LABOUR AT IT WITH ALL OUR PERVERSITY AND LOVE,"And after a period of hesitation, he scrambled on the transloced mattress, and tried to stand on the clean white floor of his little apartment. Well, we will labor at it with all our perversities and blood. He had miscalculated his strength, however.",0.2768910300001153,5.3863349950001975,0.4847581670001091,6.147984192000422,0.015782887353052527,0.3070230136088463,0.027631388215182566,0.35043728917708145,1
211,mic_fileid_211_doa55_3spk.wav,16.946375,3,"55,99,174",0,55,0.06844819892928439,enhanced_fileid_211_pred55_idx0_loudest.wav,55,0.0,text_fileid_211_doa55_spk1.txt,0.075,3,40,OR WHICH THEY REGARDED AS SOME SET OFF AGAINST THEIR SWOLLEN ACCOUNT OF CRUEL RAGE NO MAN CAN DECIDE NOW TO WHICH OF THESE MOTIVES SUCH EXTRAORDINARY SCENES WERE REFERABLE IT IS PROBABLE TO A BLENDING OF ALL THE THREE,or which they regarded as some set-off against their swollen account of cruel rage. No man can decide now to which of these motives such extraordinary scenes were referable. It is probable to a blending of all three.,0.2857786759998362,5.656573741000102,0.3869241319998764,6.329276548999815,0.016863705423716648,0.3337925509732968,0.02283226542548931,0.37348852182250275,1
212,mic_fileid_212_doa75_3spk.wav,17.354375,3,"76,292,339",1,292,0.08866040035947936,enhanced_fileid_212_pred292_idx1_loudest.wav,293,1.0,text_fileid_212_doa293_spk1.txt,0.0,0,37,GOD DID NOT MIND THEM AND THAT WAS A VERY COMFORTING REFLECTION FOR POOR WEAK PEOPLE LIKE HIMSELF TO GO ON TRYING WAS POSSIBLE EVEN FOR HIM ALTHOUGH HE KNEW HE COULD NOT ALWAYS PROMISE HIMSELF SUCCESS,"God did not mind them. And that was a very comforting reflection for poor weak people like himself. To go on trying was possible even for him, although he knew he could not always promise himself success.",0.27268970199997966,5.288372017000029,0.36768485200013856,5.928746571000147,0.015713023488312293,0.3047284628227769,0.021186867979984213,0.3416283542910734,1
213,mic_fileid_213_doa78_3spk.wav,16.950375,3,"183,196,262",1,196,0.0869105527177393,enhanced_fileid_213_pred196_idx1_loudest.wav,181,15.0,text_fileid_213_doa181_spk1.txt,0.0,0,39,I HAD COME TO SEE YOU WITH THE HOPE THAT YOU WOULD LET ME BRING YOU OVER TO MY CONVICTION MY REASONS FOR ENTERTAINING THIS HOPE HAD BEEN OF THE BEST BUT YOU DISAPPOINTED IT I FOUND YOU CHANGED,"I had come to see you with the hope that you would let me bring you over to my conviction. My reasons for entertaining this hope had been of the best, but you disappointed it. I found you changed.",0.2821907469999587,5.1943594520000715,0.36899831200003064,5.845548511000061,0.016648053332150983,0.30644510531478336,0.021769330295054276,0.3448624889419886,1
214,mic_fileid_214_doa74_3spk.wav,16.985,3,"76,167,295",0,76,0.0751748787440145,enhanced_fileid_214_pred76_idx0_loudest.wav,74,2.0,text_fileid_214_doa74_spk1.txt,0.023255813953488372,1,43,IN THE FIRST SENTIMENT OF KINDNESS ANTICIPATES ALREADY A BENEVOLENCE WHICH SHALL LOSE ALL PARTICULAR REGARDS IN ITS GENERAL LIGHT THE INTRODUCTION TO THIS FELICITY IS IN A PRIVATE AND TENDER RELATION OF ONE TO ONE WHICH IS THE ENCHANTMENT OF HUMAN LIFE,"In the first sentiment of kindness anticipates already a benevolence which shall lose all particular regards in its general light. The introduction to this felicity is in a private and tender relation of one to one, which is the enchantment of human mind.",0.28256841799998256,5.186431624000079,0.4555012559999341,5.924501297999996,0.016636350780099063,0.3053536428613529,0.026817854342062648,0.3488078479835146,1
215,mic_fileid_215_doa77_3spk.wav,15.942625,3,"81,163,262",1,163,0.09808292526073376,enhanced_fileid_215_pred163_idx1_loudest.wav,169,6.0,text_fileid_215_doa169_spk1.txt,0.10526315789473684,4,38,AND LIGHTLY HE TOOK HIS HORSE WITH THE SPURS AND DEPARTED AS FAST AS HE MIGHT AND WHEN SIR MALEAGANS SAW HIM SO FLEE HE UNDERSTOOD THAT IT WAS BY THE QUEEN'S COMMANDMENT FOR TO WARN SIR LAUNCELOT,"and lightly took his horse with the spurs and departed as fast as he might. And when Sir Maligan saw him so flea, he understood that it was by the Queen's commandment for to warn Sir Lancelot.",0.2660214330001054,4.780420377000155,0.40981481399990116,5.4562566240001615,0.016686175143685898,0.299851522381048,0.025705604566368535,0.34224330209110243,1
216,mic_fileid_216_doa82_3spk.wav,16.788,3,"82,256,334",2,334,0.05982024362572199,enhanced_fileid_216_pred334_idx2_loudest.wav,334,0.0,text_fileid_216_doa334_spk1.txt,0.0625,3,48,WHAT WOULD THEY SAY IN HEREFORDSHIRE I DON'T KNOW WHY THEY SHOULD SAY ANYTHING BUT IF THEY DID I SHOULDN'T MUCH CARE I SHOULD MY DEAR I SHOULD CARE VERY MUCH ONE IS BOUND TO THINK OF ONE'S FAMILY SUPPOSE IT SHOULD TURN OUT AFTERWARDS THAT HE WAS,"What would they say in her for sure? I don't know why they should say anything, but if they did I shouldn't much care. I should, my dear. I should care very much. One is bound to think of one's family. Suppose it should turn out afterwards that he was...",0.2633363760000975,5.0392865279998205,0.5163777019999998,5.819000605999918,0.01568598856326528,0.3001719399571015,0.0307587385036931,0.3466166670240599,1
217,mic_fileid_217_doa95_3spk.wav,16.736,3,"95,188,281",2,281,0.10946423300861707,enhanced_fileid_217_pred281_idx2_loudest.wav,285,4.0,text_fileid_217_doa285_spk1.txt,0.027777777777777776,1,36,WENT INTO THE HUT AND SQUATTING DOWN BY THE FIRE BEGAN TO WARM ITSELF AND THE PRIEST WITH RENEWED FERVOUR RECITED HIS PRAYERS AND STRUCK HIS BELL BEFORE THE IMAGE OF BUDDHA LOOKING STRAIGHT BEFORE HIM,"Went into the hut, and squatting down by the fire began to warm itself, and the priest with renewed fervor recited his prayers and struck his bell before the image of Buddha looking straight before him.",0.28073136600005455,5.033557311000095,0.34930608300010135,5.663594760000251,0.016774101696943985,0.30076226762667874,0.020871539376201082,0.3384079086998238,1
218,mic_fileid_218_doa157_3spk.wav,15.4425,3,"153,203,326",0,153,0.06442141895694292,enhanced_fileid_218_pred153_idx0_loudest.wav,157,4.0,text_fileid_218_doa157_spk1.txt,0.10256410256410256,4,39,AND IT TOOK ONLY A FEW MINUTES EVERY TWELVE HOURS I HAD A MOMENT WITH CARTER IN THE ISOLATION OF HIS CHART ROOM THIS VOYAGE GREGG I'M GETTING LIKE YOU TOO FANCIFUL WE'VE A NORMAL GROUP OF PASSENGERS APPARENTLY,"and it took only a few minutes every 12 hours. I had a moment with Carter in the isolation of his chart room. This voyage! Greg, I'm getting like you. Too fanciful. With normal group of passengers apparently.",0.2675021589998323,5.094116732999964,0.4424840500000755,5.804102941999872,0.017322464562074296,0.32987642758620456,0.028653653877291598,0.37585254602557044,1
219,mic_fileid_219_doa56_3spk.wav,15.801625,3,"55,121,289",0,55,0.06824979542419737,enhanced_fileid_219_pred55_idx0_loudest.wav,56,1.0,text_fileid_219_doa56_spk1.txt,0.0,0,33,THEY WERE SAD AND DOWNHEARTED IN ALL THAT MISERY THE POOR ATTORNEY HAD THE WORST OF IT MARY WAS FREE FROM HER STEPMOTHER'S ZEAL AND HER STEPMOTHER'S PERSECUTION AT ANY RATE AT NIGHT,"They were sad and downhearted. In all that misery, the poor attorney had the worst of it. Mary was free from her stepmother's zeal and her stepmother's persecution at any rate at night.",0.2658583059999273,4.700364658999888,0.39035572199986746,5.356578686999683,0.016824744670242923,0.29746084083123653,0.024703517644537664,0.3389891031460171,1
220,mic_fileid_220_doa23_3spk.wav,16.75725,3,"27,235,331",1,235,0.07322302639727166,enhanced_fileid_220_pred235_idx1_loudest.wav,237,2.0,text_fileid_220_doa237_spk1.txt,0.06666666666666667,2,30,BUT TELL ME ALL ABOUT IT WHY DO YOU WISH TO KNOW ASKED CAVALCANTI WHAT DO YOU AGAIN DEFY ME NO THE FACT IS I HAVE FOUND MY FATHER WHAT,"But tell me all about it. Why do you wish to know? Asked Cavalcanti. What? Do you again to find me? No, the fact is I have found my father. What?",0.2888245609999558,4.9820478650001405,0.4170473330000277,5.687919759000124,0.017235797102743936,0.29730700830984447,0.024887576004417655,0.33943038141700604,1
221,mic_fileid_221_doa91_3spk.wav,15.62125,3,"219,273,286",0,219,0.10554591448761613,enhanced_fileid_221_pred219_idx0_loudest.wav,220,1.0,text_fileid_221_doa220_spk1.txt,0.0,0,42,IT WAS BUT A LITTLE HELP THAT HE HAD TO MAKE OTHER THINGS OF THIS EARTH NOTHING CAN BE NEARER NOTHING THAN THIS EARTH AND YET HOW LITTLE OF THIS EARTH IS THE GREATEST MAN HE THINKS HE TREADS UPON THE EARTH,"It was but a little help that he had. To make other things of this earth, nothing can be nearer nothing than this earth. And yet how little of this earth is the greatest man. He thinks he treads upon the earth.",0.2531825849998768,4.567372190000015,0.43899994599996717,5.2595547209998585,0.01620757525805405,0.2923819918380421,0.028102741201886352,0.33669230829798247,1
222,mic_fileid_222_doa144_3spk.wav,16.932875,3,"22,160,294",1,160,0.10657970116575896,enhanced_fileid_222_pred160_idx1_loudest.wav,144,16.0,text_fileid_222_doa144_spk1.txt,0.0,0,39,YOU HAVE ASSASSINATED WELL I SHOULD SAY IF YOU HAD ME TAKEN TO A PRIVATE ROOM ONLY TO TELL ME THIS YOU MIGHT HAVE SAVED YOURSELF THE TROUBLE I KNOW ALL THESE THINGS BUT THERE ARE SOME WITH WHICH,"You have assassinated. Well, I should say. If you had me taken to a private room only to tell me this, you might have saved yourself the trouble. I know all these things, but there are some with which.",0.2709372300000723,5.660635791000004,0.4230171229999087,6.354590143999985,0.016000663206931623,0.3342985636520676,0.02498200234749909,0.3752812292064983,1
223,mic_fileid_223_doa16_3spk.wav,17.741,3,"20,85,139",2,139,0.10080439919100578,enhanced_fileid_223_pred139_idx2_loudest.wav,137,2.0,text_fileid_223_doa137_spk1.txt,0.10526315789473684,4,38,AND SELDOM FAIL RADICALLY TO ALTER THE ENTIRE MORAL CONSTITUTION OF THOSE WHO ARE THEIR OBJECTS IT APPEARS THAT ABOUT ONE HUNDRED YEARS PRIOR TO MISTER ELLISON'S ATTAINMENT OF HIS MAJORITY THERE HAD DIED IN A REMOTE PROVINCE,"and seldom felt radically to alter the entire moral constitution of those who are their objects. It appears that about 100 years prior to Mr. Ellison's attainment of his majority, there had died in a remote province.",0.28830478899999434,5.537515047999932,0.4030420409999351,6.2288618779998615,0.016250763147511095,0.31213094233695576,0.02271811290231301,0.35109981838677984,1
224,mic_fileid_224_doa124_3spk.wav,17.403375,3,"129,247,319",0,129,0.06360239205746684,enhanced_fileid_224_pred129_idx0_loudest.wav,124,5.0,text_fileid_224_doa124_spk1.txt,0.10204081632653061,5,49,THEY WENT TO THE VAULTS AND ENGAGED A PRIVATE ROOM WHERE BREAKFAST WAS SERVED TO THEM HAS MY HAIR TURNED GREY ASKED REHNHJELM PASSING HIS HAND OVER HIS HAIR WHICH WAS DAMP AND CLUNG CLOSELY TO HIS SKULL NO OLD MAN THAT DOESN'T OFTEN HAPPEN EVEN I'M NOT GREY,"They went to the vault and engaged a private room where breakfast was served to them. ""'Has my hair turned gray?' asked Renholm, passing his hand over his hair, which was damp and clung closely to a skull. ""'No, old man, that doesn't often happen. Even I'm not gray.'""",0.2968812110000272,5.37951725400012,0.552063440999973,6.2284619060001205,0.017058829738486193,0.3091077020405594,0.03172163106293882,0.3578881628419844,1
225,mic_fileid_225_doa14_3spk.wav,14.81375,3,"15,55,127",2,127,0.08344507198972344,enhanced_fileid_225_pred127_idx2_loudest.wav,129,2.0,text_fileid_225_doa129_spk1.txt,0.0,0,37,TO WHOM HE MADE KNOWN FULLY THE CHARACTER OF THE PLACE AND PEOPLE WHENCE HE HAD FLED THE DANGERS HE WAS EXPOSED TO FROM SLAVE HUNTERS AND THE STRONG HOPE HE CHERISHED OF REACHING FREE LAND SOON,"To whom he made known fully the character of the place and people whence he had fled, the dangers he was exposed to from slave hunters, and the strong hope he cherished of reaching free land soon.",0.26060574799998903,4.262531062000107,0.36850074700009827,4.891637557000195,0.017592152425954875,0.28774152810733994,0.024875588355419677,0.3302092688887145,1
226,mic_fileid_226_doa127_3spk.wav,16.686,3,"128,225,296",2,296,0.07281506557696447,enhanced_fileid_226_pred296_idx2_loudest.wav,292,4.0,text_fileid_226_doa292_spk1.txt,0.02,1,50,THE STATEMENT THAT HIS OLD FRIEND HAD BECOME A LORD AND WAS IN DANGER OF BEING AN EARL IF HE LIVED LONG ENOUGH CAUSED DICK TO SO OPEN HIS EYES AND MOUTH AND START THAT HIS CAP FELL OFF WHEN HE PICKED IT UP HE UTTERED A RATHER SINGULAR EXCLAMATION,"The statement that his old friend had become a lord and was in danger of being an earl if he lived long enough caused it to so open his eyes and mouth and start that his cap fell off. When he picked it up, he uttered a rather singular exclamation.",0.27693175899980815,5.975883546999967,0.5033474530000603,6.756162758999835,0.016596653422018947,0.35813757323504536,0.03016585478844902,0.4049000814455133,1
227,mic_fileid_227_doa143_3spk.wav,15.74475,3,"143,206,316",0,143,0.051604404462658446,enhanced_fileid_227_pred143_idx0_loudest.wav,143,0.0,text_fileid_227_doa143_spk1.txt,0.03571428571428571,1,28,AND FOR THAT VERY REASON I QUITE CONTENTEDLY OCCUPIED THE LOWEST IN REALITY EITHER TO BE A HERO OR TO GROVEL IN THE MUD THERE WAS NOTHING BETWEEN,"And for that very reason I quite contentedly occupied the lowest in reality. Either to be a hero or to grovel in the mud, there was nothing in between.",0.25308462600014536,4.690756054000303,0.3105518170000323,5.254392497000481,0.01607422321727213,0.2979250895695583,0.019724150399341514,0.33372346318617196,1
228,mic_fileid_228_doa105_3spk.wav,15.55775,3,"109,170,300",2,300,0.07113580662047227,enhanced_fileid_228_pred300_idx2_loudest.wav,300,0.0,text_fileid_228_doa300_spk1.txt,0.16666666666666666,7,42,DOCTOR SITGREAVES DOES NOT MEAN A RIG'LAR SOLDIER BUT A REGULAR PHYSICIAN MADAM SAID THE TROOPER OH CRIED THE MAIDEN AGAIN CORRECTING HERSELF FOR THE BEST OF ALL REASONS THERE WAS NONE TO BE HAD SO I TOOK CARE OF HIM MYSELF,"Dr. Sittgris does not mean a regular soldier, but a regular physician, Madame, said the trooper. Oh, Craig made it, again correcting herself. For the best of all reasons, there was none to be had, so I took care of him myself.",0.2600361410000005,4.688600306999888,0.5464527030001136,5.495089151000002,0.01671425116099696,0.3013675053911965,0.03512414732208151,0.353205903874275,1
229,mic_fileid_229_doa100_3spk.wav,16.725625,3,"99,202,261",0,99,0.09577965792648337,enhanced_fileid_229_pred99_idx0_loudest.wav,100,1.0,text_fileid_229_doa100_spk1.txt,0.0,0,35,AGAINST THE EMPEROR FERDINAND HITHERTO THE MOST FORTUNATE MONARCH OF HIS AGE WHO HAD SUBDUED AND ASTONISHED GERMANY BY THE RAPIDITY OF HIS VICTORIES DEEP IMPRESSIONS THEY SAW MUST BE MADE BY THE ENGLISH SWORD,"against the Emperor Ferdinand, hitherto the most fortunate monarch of his age, who had subdued and astonished Germany by the rapidity of his victories. Deep impressions they saw must be made by the English sword.",0.28738804699992215,5.119599302000097,0.44779780699991534,5.854785155999934,0.01718249972721032,0.30609315358918404,0.026773158372253074,0.35004881168864743,1
230,mic_fileid_230_doa73_3spk.wav,16.50125,3,"213,253,343",2,343,0.027337790477352828,enhanced_fileid_230_pred343_idx2_loudest.wav,73,90.0,text_fileid_230_doa73_spk1.txt,0.9791666666666666,47,48,I MET THEM YESTERDAY AS THEY WERE COMING INTO THE CITY THEY WERE IN A DEPLORABLE CONDITION AND IT MOVED ME THE MORE BECAUSE I THOUGHT THEY WERE PERSONS OF RANK THROUGH ALL THE RAGS THAT COVERED THEM NOTWITHSTANDING THE IMPRESSION THE SUN HAS MADE ON THEIR FACES,"I'll take care of her. It was very naughty to come back, but so long as you did, you needed more about anything. I'll see you, and you shall have a real good time,"" said Ben, accepting his responsibilities without a murmur.",0.31926644200007104,5.338495560999945,0.4574898219998431,6.115251824999859,0.01934801557458199,0.32352067637299875,0.027724555533662185,0.3705932474812429,1
231,mic_fileid_231_doa125_3spk.wav,15.902375,3,"129,204,324",2,324,0.11604437703400648,enhanced_fileid_231_pred324_idx2_loudest.wav,328,4.0,text_fileid_231_doa328_spk1.txt,0.02631578947368421,1,38,A CERTAIN SMALL RANK IS PROCURED FOR THEM THROUGH THE INTERVENTION OF THE REPRESENTATIVES OF THE ABOVE NOBLE FAMILIES WHO ON THE ISSUING OF THE REQUIRED PATENT RECEIVE AS THEIR PERQUISITE A FEE WHICH ALTHOUGH INSIGNIFICANT IN ITSELF,"A certain small rank is procured for them through the intervention of the representatives of the above noble families, who on the issuing of the required patent, receive as their prerequisite a fee, which although insignificant in itself.",0.26885017000017797,4.816961287999902,0.45186276200001885,5.537674220000099,0.016906290412606793,0.3029082943899828,0.028414797286570016,0.3482293820891596,1
232,mic_fileid_232_doa59_3spk.wav,16.903375,3,"60,296,338",2,338,0.06305282281230104,enhanced_fileid_232_pred338_idx2_loudest.wav,339,1.0,text_fileid_232_doa339_spk1.txt,0.0,0,36,BUT NOW THE ATTEMPT HAD BEEN MADE AND WORDS HAD BEEN FORCED FROM LILY'S LIPS THE SPEAKING OF WHICH WOULD NEVER BE FORGOTTEN BY HERSELF I KNEW THAT IT WOULD BE SO SAID JOHN AH YES,"But now the attempt had been made, and words had been forced from Lily's lips, the speaking of which would never be forgotten by herself. I knew that it would be so, said John. Ah, yes.",0.283786475999932,5.229359185000021,0.427611909999996,5.940757570999949,0.01678874638940046,0.30936775555177715,0.02529742788052658,0.3514539298217042,1
233,mic_fileid_233_doa132_3spk.wav,16.79575,3,"133,202,303",1,202,0.06631284844229302,enhanced_fileid_233_pred202_idx1_loudest.wav,203,1.0,text_fileid_233_doa203_spk1.txt,0.1320754716981132,7,53,I TOLD HER THAT AT THE FOREST INN THE LANDLORD FOUND US IN BOARD AND LODGING VERY WELL THEN SAID SHE I WILL DO THE SAME WHEN DO YOU PROPOSE TO COMMENCE TO NIGHT SAID I THEN SAID SHE I'LL TELL THE OSTLER TO LIGHT UP THE ROOM AND GET YOUR STAGE READY,"I told her that at the forest in the landlord found us in boarding lodging. Very well then said she, I will do the same. What do you propose to commence? Tonight said I. Then said she, I'll tell the Osport to light up the room and get your stage ready.",0.2813905259999956,5.454441702000167,0.5596239459998742,6.295456174000037,0.01675367435214239,0.3247513032761363,0.03331937817601918,0.3748243558042979,1
234,mic_fileid_234_doa1_3spk.wav,17.285,3,"1,90,231",1,90,0.09332392798564991,enhanced_fileid_234_pred90_idx1_loudest.wav,89,1.0,text_fileid_234_doa89_spk1.txt,0.14035087719298245,8,57,AS IT WAS TO THE MEN ABOUT HIM THE GREEDY THING IN HIM WANTED TO MAKE MONEY FASTER THAN IT COULD BE MADE BY TILLING THE LAND MORE THAN ONCE HE WENT INTO WINESBURG TO TALK WITH HIS SON IN LAW JOHN HARDY ABOUT IT YOU ARE A BANKER AND YOU WILL HAVE CHANCES I NEVER HAD,as it was to the men about him. The greedy thing in him wanted to make money faster than it could be made by telling the land. More than once he went into Weinsberg to talk with his son-in-law John Hardy about it. You were a banker and you only have choices I never had.,0.3137602369999968,5.334138922000193,0.5642783099999633,6.212177469000153,0.018152168759039442,0.3085993012438642,0.03264554874168142,0.3593970187445851,1
235,mic_fileid_235_doa20_3spk.wav,17.6405,3,"7,123,204",2,204,0.08025759078767536,enhanced_fileid_235_pred204_idx2_loudest.wav,209,5.0,text_fileid_235_doa209_spk1.txt,0.10256410256410256,4,39,MISTER DINSMORE PASSED OUT OF ONE DOOR WHILE ELSIE LEFT BY THE OTHER THE THREE LITTLE GIRLS LOOKED INQUIRINGLY INTO EACH OTHER'S FACES WHAT IS THE MATTER WHAT HAS ELSIE DONE ASKED CARRY IN A WHISPER I DON'T KNOW,Mr. Dins were passed out of one door while Elsie left by the other. The three little girls looked inquiringly into each other's faces. What is the matter? What has Elsie done? asked Carrie in a whisper. I don't know.,0.29580026600001474,5.614251921000005,0.5173593300000903,6.42741151700011,0.01676824727190356,0.3182592285366064,0.029327928913584666,0.3643554047220946,1
236,mic_fileid_236_doa56_3spk.wav,15.906,3,"189,236,333",0,189,0.07711237088870068,enhanced_fileid_236_pred189_idx0_loudest.wav,189,0.0,text_fileid_236_doa189_spk1.txt,0.024390243902439025,1,41,ON THE SUMMIT OF WHICH THEY LEFT HER ALONE AND WITH SORROWFUL HEARTS RETURNED HOME WHILE PSYCHE STOOD ON THE RIDGE OF THE MOUNTAIN PANTING WITH FEAR AND WITH EYES FULL OF TEARS THE GENTLE ZEPHYR RAISED HER FROM THE EARTH,"on the summit of which they left for alone, and with sorrowful hearts returned home. While Psyche stood on the ridge of the mountain, panting with fear and with eyes full of tears, the gentle Zephyr raised her from the earth.",0.26783073499996135,4.844341067999949,0.4646965120000459,5.576868314999956,0.016838346221549186,0.30456061033571913,0.029215171130393933,0.35061412768766226,1
237,mic_fileid_237_doa41_3spk.wav,16.51875,3,"38,209,308",0,38,0.09535626350495273,enhanced_fileid_237_pred38_idx0_loudest.wav,41,3.0,text_fileid_237_doa41_spk1.txt,0.10638297872340426,5,47,COME AS OFTEN AS YOU LIKE REPLIED PEWEE THE OFTENER THE BETTER BACK IN THE OLD BRIAR PATCH PETER THOUGHT OVER ALL HE HAD LEARNED ABOUT THE FLYCATCHER FAMILY AND AS HE RECALLED HOW THEY WERE FOREVER CATCHING ALL SORTS OF FLYING INSECTS IT SUDDENLY STRUCK HIM,"Come as often as you like, replied Peewee. The often or the better. Back in the old Briar Patch, Peter thought overall he had learned about the flycatcher family and as he recalled how they were forever catching all sorts of flying insects, it suddenly struck him.",0.28996702199992797,7.088127466999822,0.6169539330001044,7.995048421999854,0.017553811396136387,0.4290958739008594,0.03734870574347964,0.4839983910404755,1
238,mic_fileid_238_doa19_3spk.wav,17.021625,3,"20,133,273",1,133,0.06531503356860628,enhanced_fileid_238_pred133_idx1_loudest.wav,155,22.0,text_fileid_238_doa155_spk1.txt,0.125,5,40,THERE IS ONE OF THE FAMILY HERE TO DAY ON ON BUSINESS SHE SAID AT LAST IF YOU WILL GIVE ME YOUR NAME I WILL ASK IF THAT PERSON WOULD LIKE TO SEE YOU OH THAT IS HARDLY WORTH WHILE,"There is one of the family here today on business, she said at last. If you will give me your name, I will ask if that person would like to see you. Oh, that is hardly worthwhile.",0.31363637699996616,7.026288591999901,0.4197902519999843,7.759715220999851,0.018425759996473084,0.41278600556644274,0.024662172501155696,0.4558739380640715,1
239,mic_fileid_239_doa4_3spk.wav,16.811625,3,"7,92,159",1,92,0.08196441974708313,enhanced_fileid_239_pred92_idx1_loudest.wav,94,2.0,text_fileid_239_doa94_spk1.txt,0.0,0,35,HE IS IN THE LINE OF ALL THOSE TRAMPS AND STAGE IRISHMEN WHO HAVE GONE THROUGH LIFE WITH SO FINE A SWAGGER OF WORDS THIS ONLY MEANS THAT IN HIS LIFE HE IS AN ARTIST,He is in the line of all those tramps and stage Irishmen who have gone through life with so fine a swagger of words. This only means that in his life he is an artist.,0.28808743000013237,5.214971108999862,0.3534759929998472,5.856534531999841,0.017136203668600292,0.31020029943565014,0.02102568865293196,0.3483621917571824,1
240,mic_fileid_240_doa116_3spk.wav,17.00875,3,"118,210,348",0,118,0.11990940073117222,enhanced_fileid_240_pred118_idx0_loudest.wav,116,2.0,text_fileid_240_doa116_spk1.txt,0.0625,3,48,PUT HER INTO A CARRIAGE AND MINISTERED TO HER WANTS WITH THE HELP OF A TEA BASKET CONTAINING THE DELICIOUS NOVELTY OF ENGLISH BREAD AND BUTTER IN HALF AN HOUR'S TIME THEY WERE STEAMING HURRIEDLY TOWARDS LONDON SHE WAS TO LODGE AT A SMALL HOTEL IN JERMYN STREET,"Put her into a carriage and ministered to her once with the help of a tea basket containing the delicious novelty of English bread and butter. In half an hour's time, they were steaming hurriedly toward London. She was to lodge at a small hotel in German Street.",0.29152686999987054,5.207822472000089,0.6016931179999574,6.101042459999917,0.01713981744689472,0.3061849031821909,0.035375504843092966,0.35870022547217856,1
241,mic_fileid_241_doa46_3spk.wav,17.616625,3,"44,219,314",2,314,0.09165520139996984,enhanced_fileid_241_pred314_idx2_loudest.wav,314,0.0,text_fileid_241_doa314_spk1.txt,0.021739130434782608,1,46,WHAT WAS MY DUTY TO DO AND I STATED THE ARGUMENTS WITH WHICH MY BROTHER HAD PRESSED ME TO GO INTO THE COUNTRY AND I SET AGAINST THEM THE STRONG IMPRESSIONS WHICH I HAD ON MY MIND FOR STAYING THE VISIBLE CALL I SEEMED TO HAVE,What was my duty to do? And I stated the arguments with which my brother had pressed me to go into the country. And I said against them the strong impressions which I had on my mind for staying. The visible call I seemed to have.,0.2922852630001671,5.493352373999869,0.49536093799997616,6.280998575000012,0.016591444899358824,0.3118277407846207,0.028118946620023767,0.35653813230400333,1
242,mic_fileid_242_doa20_3spk.wav,17.1795,3,"1,137,186",2,186,0.09732956074992186,enhanced_fileid_242_pred186_idx2_loudest.wav,182,4.0,text_fileid_242_doa182_spk1.txt,0.28205128205128205,11,39,AND EVERY KNIGHT SHALL HAVE A SQUIRE AND TWO YEOMAN AND ALL WELL HORSED FOR THUS IT CHANCED ONE MORN WHEN ALL THE COURT GREEN SUITED BUT WITH PLUMES THAT MOCK'D THE MAY HAD BEEN THEIR WONT A MAYING,"And every night shall have a squire and two yeomen, and all well-horst. For thus it chanced one more when all the court-green suited but with plumes that mocked the may had been their want amaing.",0.30908349800006363,5.41269800699979,0.45830408400001943,6.180085588999873,0.01799141406909768,0.315067260805017,0.026677381995984715,0.3597360568700994,1
243,mic_fileid_243_doa137_3spk.wav,18.450625,3,"121,168,260",1,168,0.0852283626894146,enhanced_fileid_243_pred168_idx1_loudest.wav,169,1.0,text_fileid_243_doa169_spk1.txt,0.05555555555555555,2,36,FIND SOMEONE IN TROUBLE AND CHEER THEM ENCOURAGE THEM HELP THEM AND YOU WILL DELIVER YOURSELF YOU WILL COMFORT YOURSELF WHEN YOU COMFORT ANOTHER YOU CANNOT LOSE A LOVED ONE THO ABSENT FROM THE EARTH PLANE,"Find someone in trouble and cheer them. Encourage them, help them, and you will deliver yourself. You will comfort yourself when you comfort another. You cannot lose a loved one, though absent from the earth playing.",0.33103347099995517,6.00504994899984,0.43379534799987596,6.769878767999671,0.017941585772837245,0.3254659367365518,0.023511146532969804,0.3669186690423588,1
244,mic_fileid_244_doa170_3spk.wav,16.22675,3,"170,243,308",2,308,0.12034011404174147,enhanced_fileid_244_pred308_idx2_loudest.wav,301,7.0,text_fileid_244_doa301_spk1.txt,0.0,0,38,BUT WHICH ARE NECESSARY TO MAKE UP THE TRUE CHARACTER OF A PIRATE THE HISTORIAN JOHN SEEMS TO HAVE BEEN VERY MUCH CUT UP BY THE MANNER IN WHICH HIS FAVORITE HERO HAD ROUNDED OFF HIS PIRATICAL CAREER,but which are necessary to make up the true character of a pirate. The historian John seems to have been very much cut up by the manner in which his favorite hero had rounded off his piratical career.,0.2841224979999879,4.986870341000213,0.3953597790000458,5.666352618000246,0.017509513488529,0.30732403845503337,0.02436469280663385,0.34919824475019623,1
245,mic_fileid_245_doa25_3spk.wav,17.779875,3,"41,255,327",0,41,0.06993289076157529,enhanced_fileid_245_pred41_idx0_loudest.wav,25,16.0,text_fileid_245_doa25_spk1.txt,0.0625,3,48,AND ENDEAVOURED TO COMFORT THEM THEY TREATED THEM AS WELL AS THEIR POVERTY WOULD PERMIT TOOK OFF THEIR HORSE HAIR SHIFTS WHICH WERE VERY UNEASY TO THEM AND PUT ON THEM OTHERS WHICH THEY GAVE THEM WITH SHOES AND SOMETHING TO COVER THEIR HEADS AND SAVE THEIR HAIR,"and endeavored to comfort them. They treated them as well as their poverty would permit, took off their horsehair shifts, which were very uneasy to them, and put on them others which they gave them, with shoes and something to cover their heads, and save their hair.",0.29971584700001586,5.590187363000041,0.531416641000078,6.421319851000135,0.016857027791253643,0.31441094850217116,0.029888660128379867,0.3611566364218047,1
246,mic_fileid_246_doa28_3spk.wav,17.06425,3,"27,124,336",0,27,0.06715830417358078,enhanced_fileid_246_pred27_idx0_loudest.wav,28,1.0,text_fileid_246_doa28_spk1.txt,0.09302325581395349,4,43,LUKASHKA WENT UP TO THE SPEAKER AND SAT DOWN OF WHAT VILLAGE ASKED HE FROM THERE IN THE HILLS REPLIED THE SCOUT POINTING TO THE MISTY BLUISH GORGE BEYOND THE TEREK DO YOU KNOW SUUK SU IT IS ABOUT EIGHT MILES BEYOND THAT,"Lukashka went up to the speaker and sat down. At what village? asked he. From there in the hills, replied the scout, pointing to the misty bluish gorge beyond the therekk. Do you know Tsuksu? It is about eight miles beyond that.",0.3162343220001276,5.346735180000223,0.5214806139999837,6.184450116000335,0.01853197896187219,0.3133296324186661,0.030559832046529067,0.36242144342706734,1
247,mic_fileid_247_doa22_3spk.wav,16.1065,3,"22,273,321",0,22,0.09480054432897352,enhanced_fileid_247_pred22_idx0_loudest.wav,22,0.0,text_fileid_247_doa22_spk1.txt,0.05555555555555555,2,36,WHEN TWO MOUTHS RENDERED SACRED BY LOVE APPROACH TO CREATE IT IS IMPOSSIBLE THAT THERE SHOULD NOT BE ABOVE THAT INEFFABLE KISS A QUIVERING THROUGHOUT THE IMMENSE MYSTERY OF STARS THESE FELICITIES ARE THE TRUE ONES,"When two mouths, rendered sacred by love, approach to create, it is impossible that there should not be above that ineffable kiss aquivering throughout the immense mystery of stars. These felicities are the true ones.",0.2936288789999253,5.248670570000058,0.38406364799993753,5.926363096999921,0.01823045844844785,0.3258728196690813,0.023845258001424115,0.3679485361189533,1
248,mic_fileid_248_doa106_3spk.wav,15.853625,3,"103,233,287",2,287,0.08529994438771044,enhanced_fileid_248_pred287_idx2_loudest.wav,288,1.0,text_fileid_248_doa288_spk1.txt,0.09090909090909091,3,33,THEN THEY TOLD HIM ABOUT THE CELEBRATION AND MISTER CROW BEGAN TO LAUGH WHAT ARE YOU GOING TO DO NEXT HE ASKED WE'RE A GOING TO SEND BROWNIE BEAVER OVER TO PLEASANT VALLEY,"And they told him about the celebration, and Mr. Crow began to laugh. What are you going to do next? he asked. We're going to send Brownie Beaver over to Pleasant Valley.",0.2698824379999678,4.599649229000079,0.3907208319999427,5.260252498999989,0.0170233897925533,0.290132334339943,0.024645519999365616,0.3318012441318619,1
249,mic_fileid_249_doa29_3spk.wav,16.082625,3,"36,85,209",1,85,0.06766519456409259,enhanced_fileid_249_pred85_idx1_loudest.wav,85,0.0,text_fileid_249_doa85_spk1.txt,0.03125,1,32,HE SPOKE I SWORE TO KEEP THE SECRET I HAVE KEPT IT AS LONG AS I COULD MEN OF DARK LIVES ARE FAITHFUL AND HELL HAS ITS HONOUR NOW SILENCE IS USELESS,"He spoke. I swore to keep the secret. I have kept it as long as I could. Men of dark lives are faithful, and hell has its honor. Now silence is useless.",0.2616891190000388,4.790921775999777,0.38526281400004336,5.4378737089998594,0.016271542674161636,0.2978942663899567,0.023955219623664877,0.3381210286877832,1
250,mic_fileid_250_doa95_3spk.wav,16.643875,3,"97,177,245",0,97,0.04805197243026296,enhanced_fileid_250_pred97_idx0_loudest.wav,95,2.0,text_fileid_250_doa95_spk1.txt,0.16216216216216217,6,37,AND VARIOUS OTHER MASCULINE TRIFLES FILLING IN THE INTERSTICES OH THEY GASPED IN BREATHLESS CHORUS THEY BELONG TO HIM CONNY MURMURED FERVENTLY PATTY NODDED AND WHEN I SHOWED UNCLE TOM THAT SUIT CASE HE NEARLY DIED LAUGHING,"and various other masculine triangles filling in the interstices. Oh, they gasped and breathless chorus. They belonged to him, Connie murmured fervently, Patty nodded, and when I showed Uncle Tom that suitcase, he nearly died laughing.",0.27885613300009027,5.138395897000237,0.44272107799997684,5.859973108000304,0.016754279457163086,0.3087259365382302,0.02659963968727095,0.35207985568266426,1
251,mic_fileid_251_doa23_3spk.wav,17.013,3,"13,190,294",0,13,0.08356372427642006,enhanced_fileid_251_pred13_idx0_loudest.wav,23,10.0,text_fileid_251_doa23_spk1.txt,0.125,6,48,AND BIDDING THE OTHERS KEEP A SHARP LOOKOUT MYLES SHINNED UP THIS TREE AND CHOOSING ONE OF THE THICKER LIMBS CLIMBED OUT UPON IT FOR SOME LITTLE DISTANCE THEN LOWERING HIS BODY HE HUNG AT ARM'S LENGTH THE BRANCH BENDING WITH HIS WEIGHT AND SLOWLY LET HIMSELF DOWN,"Embitting the others to keep a sharp lookout, Miles shinned up this tree, and choosing one of the thicker limbs climbed out upon it for some little distance. Then lured his body, he hugged at arm's length, the branch bending with his weight, and slowly let himself down.",0.2865851159999693,5.629912389999845,0.5125493309999456,6.42904683699976,0.0168450664785734,0.3309182619173482,0.030126922412269767,0.37789025080819133,1
252,mic_fileid_252_doa54_3spk.wav,17.0335,3,"60,230,315",0,60,0.11149909149267301,enhanced_fileid_252_pred60_idx0_loudest.wav,54,6.0,text_fileid_252_doa54_spk1.txt,0.06,3,50,HE GREW QUITE OUT OF PATIENCE AT LAST AND CUT HIS WAY THRO THE INSULTING MOB WITH HIS RIVAL'S SABRE BUT HE DID NOT KNOW WHAT MEASURES TO PURSUE OR HOW TO RECTIFY SO GROSS A MISTAKE IT WAS NOT IN HIS POWER TO HAVE A SIGHT OF THE QUEEN,He drew quite out of patience at last and cut his way through the insulting mob with his rival's saver. But he did not know what measures to pursue or how to rectify so gross a mistake. It was not in his power to have a sight of the Queen.,0.2771635160002006,5.299180989999968,0.47224678500015216,6.048591291000321,0.016271671470936718,0.31110347198168126,0.027724588898356307,0.3550997323509743,1
253,mic_fileid_253_doa72_3spk.wav,14.65025,3,"70,205,340",2,340,0.05721070466293996,enhanced_fileid_253_pred340_idx2_loudest.wav,340,0.0,text_fileid_253_doa340_spk1.txt,0.0,0,34,HABITUALLY HARDWORKING RARELY STARTLED BY LIFE'S SURPRISES VERY SKILLFUL WITH HIS HANDS EFFICIENT IN HIS EVERY DUTY AND DESPITE HIS HAVING A NAME THAT MEANS COUNSEL NEVER GIVING ADVICE NOT EVEN THE UNSOLICITED KIND,"habitually hardworking, rarely startled by life's surprises, very skillful with his hands, efficient in his every duty, and despite his having a name that means counsel, never giving advice, not even the unsolicited kind.",0.23446496899987324,4.200925350000034,0.44142201300019224,4.8768123320001,0.01600416163545832,0.28674769031245434,0.03013068125118631,0.33288253319909894,1
254,mic_fileid_254_doa102_3spk.wav,17.137375,3,"105,295,343",1,295,0.0628880092394283,enhanced_fileid_254_pred295_idx1_loudest.wav,304,9.0,text_fileid_254_doa304_spk1.txt,0.046511627906976744,2,43,WE WERE ABLE TO SWALLOW BUT A FEW MOUTHFULS OF THE REPAST AND OUR LUNCH BASKET WAS DRAWN ON AS SOON AS WE WERE ONCE MORE AFLOAT IT IS A GREAT PITY THAT SO MANY FARMERS WIVES ARE THE WRETCHED COOKS THEY ARE,"We were able to swallow but a few mouthfuls of the rapast, and our lunch basket was drawn on as soon as we were once more afloat. It is the great pity that so many farmers' wives are the wretched cooks they are.",0.2923743240003205,5.298584919999939,0.491783709000174,6.082742953000434,0.01706062474564048,0.30918299447843905,0.0286965599457428,0.35494017916982235,1
255,mic_fileid_255_doa122_3spk.wav,17.299125,3,"121,215,269",0,121,0.056104333772745874,enhanced_fileid_255_pred121_idx0_loudest.wav,122,1.0,text_fileid_255_doa122_spk1.txt,0.09375,3,32,SHE ADDED PULLING OUT HER WATCH BY ITS LEATHERN GUARD NOT TILL YOU'VE HAD LUNCH SAID MISSUS WILMINGTON RISING WITH THE LADIES YOU MUST STAY ANNIE I SHALL NOT EXCUSE YOU WELL,"She added, pulling out her watch by its leather guard. Not till you've had lunch, said Mrs. Wilmington, rising with the ladies. You must stay, and I shall not excuse you. Well?",0.33011109500012026,5.562109830999361,0.44968273099993894,6.3419036569994205,0.019082531341910083,0.32152550091402665,0.025994536197636524,0.36660256845357325,1
256,mic_fileid_256_doa87_3spk.wav,18.3735,3,"3,88,174",1,88,0.047614889646569035,enhanced_fileid_256_pred88_idx1_loudest.wav,87,1.0,text_fileid_256_doa87_spk1.txt,0.047619047619047616,2,42,GOOD BYE PRINCESS I WISH YOU HAPPINESS AND CONSOLATION AND HOPE TO MEET YOU AGAIN IN HAPPIER CIRCUMSTANCES IF YOU DON'T WANT TO MAKE ME BLUSH PLEASE DON'T THANK ME BUT THE PRINCESS IF SHE DID NOT AGAIN THANK HIM IN WORDS,"Goodbye, Princess. I wish you happiness and consolation, and hope to meet you again in happier circumstances. If you don't want to make me blush, please don't thank me. But the Princess, if she did not again, thank him in words.",0.3298826650002411,6.029115151000042,0.7503086040001108,7.109306420000394,0.017954263749434846,0.3281418973521671,0.040836454894283114,0.386932615995885,1
257,mic_fileid_257_doa223_3spk.wav,16.83375,3,"217,263,324",2,324,0.08670698268192156,enhanced_fileid_257_pred324_idx2_loudest.wav,323,1.0,text_fileid_257_doa323_spk1.txt,0.10526315789473684,4,38,THE MOST INTERESTING OF THE SHORT EXCURSIONS WE MADE FROM FORT WRANGELL WAS THE ONE UP THE STICKEEN RIVER TO THE HEAD OF STEAM NAVIGATION FROM MT SAINT ELIAS THE COAST RANGE EXTENDS IN A BROAD LOFTY CHAIN,The most interesting of the short excursions we made from Fort Rangel was the one up the sticking river to the head of steam navigation. From Mount St. Elias the coast range extends in a broad lofty chain.,0.2958218469998428,5.718707949999498,0.4631690790001812,6.477698875999522,0.01757314009058248,0.33971681592036823,0.02751431374472006,0.3848042697556708,1
258,mic_fileid_258_doa105_3spk.wav,17.0025,3,"102,234,262",1,234,0.08867207357815998,enhanced_fileid_258_pred234_idx1_loudest.wav,233,1.0,text_fileid_258_doa233_spk1.txt,0.03225806451612903,1,31,IN THE MOST POLITE MANNER TO APPOINT A FRIEND WITH WHOM HE CAPTAIN M M MIGHT COMMUNICATE AND DESIRED THAT THE MEETING MIGHT TAKE PLACE WITH AS LITTLE DELAY AS POSSIBLE,"in the most polite manner to appoint a friend with whom he, Captain M. M., might communicate and desire that the meeting might take place with as little delay as possible.",0.29092230600008406,5.397524529000293,0.348268853999798,6.036715689000175,0.017110560564627793,0.31745475835908205,0.020483390913089133,0.355048709836799,1
259,mic_fileid_259_doa21_3spk.wav,15.717875,3,"29,173,255",1,173,0.07615803174931987,enhanced_fileid_259_pred173_idx1_loudest.wav,171,2.0,text_fileid_259_doa171_spk1.txt,0.3225806451612903,10,31,A FEW HOURS LATER THAT SAME NIGHT HE RETURNS TO THE BATTERY ROOM AND SUCCEEDS IN RECOVERING THE PORTABLE INSTRUMENT TO DAY LIEUTENANT MACKINSON WHILE PURSUING AN INVESTIGATION OF THE AFFAIR,"A few hours later that same night, he returns to the bedroom and succeeds in recovering the chord of one instrument. Today, Lieutenant Neckinson will pursue an investigation of the affair.",0.28127991900009874,5.232773794999957,0.4272925070004021,5.941346221000458,0.017895543704228387,0.3329186543982541,0.027185132023279365,0.3779993301257618,1
260,mic_fileid_260_doa135_3spk.wav,16.526875,3,"139,249,327",1,249,0.08834304295188633,enhanced_fileid_260_pred249_idx1_loudest.wav,250,1.0,text_fileid_260_doa250_spk1.txt,0.0,0,36,WHEN THE MEDICINE I HAVE PUT UP IN THE HANDLE OF THE MACE IS HEATED WITH YOUR HAND IT WILL PENETRATE YOUR WHOLE BODY AND AS SOON AS YOU PERSPIRE YOU MAY LEAVE OFF THE EXERCISE,"When the medicine I have put up in the handle of the mace is heated with your hand, it will penetrate your whole body. And as soon as you perspire, you may leave off the exercise.",0.30317388200001005,5.622034706999784,0.5374634500003594,6.462672039000154,0.018344295700185913,0.3401753027719871,0.03252057330864785,0.39104017178082084,1
261,mic_fileid_261_doa122_3spk.wav,16.36375,3,"134,175,333",1,175,0.09025791725452774,enhanced_fileid_261_pred175_idx1_loudest.wav,176,1.0,text_fileid_261_doa176_spk1.txt,0.0,0,37,FRENCH BY HER MOTHER HER PROFICIENCY IN EITHER WAS NOT REMARKABLE AND SHE SHIRKED HER LESSONS IN BOTH WHENEVER SHE COULD WHAT A STRANGE UNACCOUNTABLE CHARACTER FOR WITH ALL THESE SYMPTOMS OF PROFLIGACY AT TEN YEARS OLD,"French by her mother. Her proficiency in either was not remarkable, and she shirked her lessons in both whenever she could. What a strange, unaccountable character, for with all these symptoms of profligacy at ten years old.",0.30566426199993657,5.644596904000082,0.5310242900000048,6.481285456000023,0.018679352960045012,0.34494519312505273,0.03245125903292368,0.39607580511802143,1
262,mic_fileid_262_doa98_3spk.wav,15.136875,3,"121,223,351",1,223,0.0788536360165371,enhanced_fileid_262_pred223_idx1_loudest.wav,226,3.0,text_fileid_262_doa226_spk1.txt,0.06060606060606061,2,33,FULL OF FLAUNTING BANNERS FULL OF THE MARCH AND PAGEANTRY OF OPENING WAR AND THE FEET OF THE PEOPLE WERE BEATING TIME TRAMP TRAMP HE WAS URGED TOWARDS THE DOOR HE OBEYED MECHANICALLY,"Full of flaunting banners, full of the march and pageantry of opening war, and the feet of the people were beating time. TREMPT! TREMPT! He was urged towards the door. He obeyed mechanically.",0.2603675300001669,4.501701135000076,0.4610745049999423,5.223143170000185,0.01720087732772893,0.2973996373095554,0.030460349642838586,0.3450608642801229,1
263,mic_fileid_263_doa26_3spk.wav,16.489125,3,"28,61,282",1,61,0.09333910132083169,enhanced_fileid_263_pred61_idx1_loudest.wav,62,1.0,text_fileid_263_doa62_spk1.txt,0.02857142857142857,1,35,SHE WAS ANGRY WITH HERSELF BECAUSE SHE FELT THAT IN SPEAKING OF CONNISTON SHE HAD COLORED AND AS A MATTER OF FACT SHE GREATLY ADMIRED THE YOUNG LORD EVEN THOUGH THEY HAD ONLY MET ONCE,"She was angry with herself because she felt that in speaking of Coniston she had colored. And as a matter of fact she greatly admired the young Lord, even though they had only met once.",0.29496540400032245,5.103773502999047,0.3858794120001221,5.784618318999492,0.01788848128692835,0.3095236104401566,0.02340205511208885,0.3508141468391738,1
264,mic_fileid_264_doa124_3spk.wav,17.0365,3,"128,169,226",0,128,0.11401165051917828,enhanced_fileid_264_pred128_idx0_loudest.wav,124,4.0,text_fileid_264_doa124_spk1.txt,0.02702702702702703,1,37,WERE SO FULL OF AFFABILITY THAT THEY WOULD HAVE SHAKEN HANDS EVEN WITH THE BANKER'S SERVANTS SO MUCH DID THEIR GRATITUDE NEED AN OBJECT TO EXPEND ITSELF UPON ONE THING ABOVE ALL THE REST HEIGHTENED THE RESPECT,"were so full of affability that they would have shaken hands even with the bankers' servants. So much did their gratitude need an object to expend itself upon. One thing above all the rest, heighten the respect.",0.3035764649998782,5.488665530000162,0.41158810899969467,6.203830103999735,0.017819180289371538,0.3221709582367365,0.024159194024576332,0.36414933255068443,1
265,mic_fileid_265_doa188_3spk.wav,16.23875,3,"189,221,289",2,289,0.07322073488811097,enhanced_fileid_265_pred289_idx2_loudest.wav,292,3.0,text_fileid_265_doa292_spk1.txt,0.0,0,40,FANCY IF YOU CAN MY EXTREME HORROR AT FINDING A MOUSE DROWNED IN THAT PUDDING SAUCE I LIFTED THE MOUSE OUT WITH A SPOON AND THREW IT OUT IN THE YARD AND THEN I WASHED THE SPOON IN THREE WATERS,"Fancy if you can, my extreme horror at finding a mouse drowned in that pudding sauce. I lifted the mouse out with a spoon and threw it out in the yard, and then I washed the spoon in three waters.",0.2801216220000242,6.836423492999529,0.4249069940001391,7.541452108999692,0.01725019610499726,0.42099444187511537,0.02616623779540538,0.464410875775518,1
266,mic_fileid_266_doa106_3spk.wav,16.622125,3,"106,200,351",2,351,0.09915731369590108,enhanced_fileid_266_pred351_idx2_loudest.wav,359,8.0,text_fileid_266_doa359_spk1.txt,0.044444444444444446,2,45,HE ENUMERATED THE REFORMS PASSED FIFTY YEARS BEFORE ON THIS VERY DAY BY WHICH THE NATION ONCE AND FOR ALL DECLARED THE GLORY OF POVERTY AND MAN'S SYMPATHY WITH THE UNFORTUNATE SO HE HAD TOLD THEM HE WAS TO SING THE PRAISE OF PATIENT POVERTY,"He enumerated the reforms past 50 years before on this very day, by which the nation once and for all declared the glory of poverty and man's sympathy with the unfortunate. So he had told them he was to sing the praise of patient poverty.",0.2991490839999642,7.245451341000262,0.44927515100016535,7.9938755760003914,0.017997042135103915,0.4358920018349195,0.02702874337668411,0.48091778734670754,1
267,mic_fileid_267_doa81_3spk.wav,16.799875,3,"83,186,311",2,311,0.055844983649369205,enhanced_fileid_267_pred311_idx2_loudest.wav,311,0.0,text_fileid_267_doa311_spk1.txt,0.058823529411764705,2,34,WE'LL ALL MEET HERE GREGG SAY ABOUT THE ZERO HOUR WE MUST TAKE SOME PRECAUTIONS THEN HE DISMISSED ME I FOUND VENZA SEATED ALONE IN A STARLIT CORNER OF THE SECLUDED DECK A PORTHOLE,"Well, I'll meet here, Greg. Say about the zero hour. We must take some precautions."" Then he dismissed me. I found Venza seated alone in a starlit corner of the secluded deck, a porthole.",0.2795572179998089,5.103981915000077,0.4573283699996864,5.840867502999572,0.016640434407982733,0.3038107078177711,0.027222129331300762,0.3476732715570546,1
268,mic_fileid_268_doa43_3spk.wav,16.925,3,"41,293,353",2,353,0.08561509330550127,enhanced_fileid_268_pred353_idx2_loudest.wav,354,1.0,text_fileid_268_doa354_spk1.txt,0.06818181818181818,3,44,CLIMBED BACK INTO THE TREE MINUTES LATER HE DISCOVERED THAT THERE WERE MORE THAN TWO OF THE BEASTS WAITING QUIETLY ABOUT THE CAMP AND THAT THEIR SENTRY LINE RAN BETWEEN HIM AND THE CLEARING OF THE L B HE WITHDREW FARTHER INTO THE WOOD,"Clamped back into the tree. Minutes later he discovered that there were more than two of the beasts waiting quietly about the camp, and that their sentry line ran between him and the clearing of the LB. He withdrew farther into the wood.",0.2991853359999368,5.364125811000122,0.4959259929996733,6.159237139999732,0.017677124726731865,0.3169350553028137,0.029301388064973313,0.36391356809451886,1
269,mic_fileid_269_doa18_3spk.wav,16.5305,3,"26,175,342",1,175,0.07456638975476976,enhanced_fileid_269_pred175_idx1_loudest.wav,163,12.0,text_fileid_269_doa163_spk1.txt,0.0,0,26,ONE OF THESE CONCLUSIONS WAS THAT THERE WERE THINGS MORE SOLID IN LIFE THAN FINE WHISKERS AND A TITLE AND THAT IN ACCEPTING A SECOND HUSBAND,"One of these conclusions was that there were things more solid in life than fine whiskers and a title, and that in accepting a second husband.",0.3105680490002669,5.095063534000019,0.28319865200001004,5.688830235000296,0.01878757744776425,0.30822198566286674,0.017131886633798738,0.34414144974442973,1
270,mic_fileid_270_doa4_3spk.wav,17.77675,3,"3,59,201",0,3,0.0956260743486818,enhanced_fileid_270_pred3_idx0_loudest.wav,4,1.0,text_fileid_270_doa4_spk1.txt,0.14705882352941177,5,34,BUT THE GROUND FOR THAT WAS GONE AND MISSUS LOW WAS NO LONGER PAINFULLY SEVERE A FEW WORDS WERE SAID AS TO HIS GREAT LOSS MISSUS LOW ONCE RAISED HER EYEBROWS IN PRETENDED SURPRISE,"But the ground for that was gone, and Mrs. Lowe was no longer painfully severe. A few words were said as to his great loss. Mrs. Lowe once raised her eyebrows in pretendent surprise.",0.3074990700001763,5.869746036000379,0.4484575070000574,6.6257026130006125,0.017297822717885793,0.33019230376758285,0.02522719321586102,0.3727173197013297,1
271,mic_fileid_271_doa16_3spk.wav,16.862375,3,"190,245,350",0,190,0.07217064716539887,enhanced_fileid_271_pred190_idx0_loudest.wav,191,1.0,text_fileid_271_doa191_spk1.txt,0.10714285714285714,3,28,THE LATTER STREAM TRAVERSES DREARY PLAINS WHERE ALMOST NOTHING BUT SAGEBRUSH GROWS THE MAUMEE WATERS A SMILING VALLEY WHERE ORCHARDS FIELDS AND MEADOWS ALTERNATE WITH SUGAR MAPLE GROVES,The ladder stream traverses dreary plains where almost nothing but sagebrush grows. The mommy waters a smiling valley where orchards fields and meadows alternate with sugar maple grows.,0.2936256279999725,5.329907833999641,0.42587519600010637,6.04940865799972,0.01741306476697218,0.31608286697453003,0.025255943839471388,0.3587518755809736,1
272,mic_fileid_272_doa59_3spk.wav,16.6745,3,"58,255,349",2,349,0.04269299561467382,enhanced_fileid_272_pred349_idx2_loudest.wav,354,5.0,text_fileid_272_doa354_spk1.txt,0.05263157894736842,2,38,AND SOCIAL TEMPER BY ENTERING INTO THE MILITIA OF HIS COUNTY THEN EMBODIED CAPTAIN WESTON WAS A GENERAL FAVOURITE AND WHEN THE CHANCES OF HIS MILITARY LIFE HAD INTRODUCED HIM TO MISS CHURCHILL OF A GREAT YORKSHIRE FAMILY,"and social temper by entering into the militia of his county, then embodied. Captain Weston was a general favorite, and when the chances of his military life had introduced him to Miss Churchill, of a great Yerkshire family.",0.37958399399985865,5.491777560999708,0.44656778199987457,6.317929336999441,0.02276434040000352,0.3293518582865878,0.026781479624568928,0.3788976783111603,1
273,mic_fileid_273_doa24_3spk.wav,16.098875,3,"35,164,221",0,35,0.0630165993026002,enhanced_fileid_273_pred35_idx0_loudest.wav,24,11.0,text_fileid_273_doa24_spk1.txt,0.06818181818181818,3,44,THROUGH WHICH I SAW SHRUBS AND A GRASS PLAT LOOKING PLEASANT IN THE SUNSHINE OF THE MILD SPRING EVENING FOR IT WAS NOW THE MIDDLE OF APRIL THIS THEN WAS MY FIRST GLIMPSE OF THE GARDEN BUT I HAD NOT TIME TO LOOK LONG,"Through which I saw shrubs and a grass plot, looking pleasant in the sunshine at the mild spring evening, for it was now the middle of April. This then was my first glimpse at the garden, but I had not time to look long.",0.26478576899990003,5.3917388639997625,0.47603368799991586,6.132558320999578,0.016447470335653892,0.3349140150476206,0.029569375996764735,0.3809308613800392,1
274,mic_fileid_274_doa14_3spk.wav,16.44,3,"14,62,112",2,112,0.09146017289885972,enhanced_fileid_274_pred112_idx2_loudest.wav,111,1.0,text_fileid_274_doa111_spk1.txt,0.0,0,37,EVEN TO A DARK LANTERN THE END OF THE FILM IS SURE TO BE JOLLY GOOD CHEER ATTRACTS GOOD LUCK CHEER UP IF YOU HAVEN'T A SMILE GET ONE OF SOMEBODY AND WEAR IT AS YOUR OWN,Even to a dark lantern. The end of the film is sure to be jolly. Good cheer attracts good luck. Cheer up. If you haven't a smile get one of somebody and wear it as your own.,0.2765771150002365,5.488891384999988,0.5850254560000394,6.350493956000264,0.01682342548663239,0.3338741718369822,0.0355854900243333,0.3862830873479479,1
275,mic_fileid_275_doa2_3spk.wav,16.928625,3,"4,94,329",0,4,0.08708993285576686,enhanced_fileid_275_pred4_idx0_loudest.wav,2,2.0,text_fileid_275_doa2_spk1.txt,0.0625,3,48,TO COME OUT OF IT BRIGHT AND SMILING AND NOW IT HAS MADE TWO PEOPLE HAPPY PHRONSIE POLLY HAD SAID WHEN THE PRESENTATION WAS WELL OVER AND SHE ENDED UP WITH A KISS IT MADE ME HAPPY IN THE FIRST PLACE BECAUSE YOU THOUGHT OF ME AND THEN,"to come out of it bright and smiling. And then it has made two people happy, Fronzie, Polly had said, and the presentation was well over and she ended up with a kiss. It made me happy in the first place because you thought of me, and then...",0.2947480190000533,6.1091496620001635,0.7117779430000155,7.115675624000232,0.017411220285171024,0.36087689708999776,0.0420458213824227,0.4203339387575915,1
276,mic_fileid_276_doa35_3spk.wav,16.7675,3,"34,121,309",1,121,0.08009001457538253,enhanced_fileid_276_pred121_idx1_loudest.wav,127,6.0,text_fileid_276_doa127_spk1.txt,0.26666666666666666,8,30,IS A GROWING HUNTER AT ONE HUNDRED AND THREE GODDARD DIAMOND WAS A GROWING TEACHER OF HEALTH WHEN HE WAS ONE HUNDRED AND ELEVEN I KNOW A BRIGHT CHEERY LADY,"is a growing hunter at 103. Goddard Diamond was a growing teacher of health when he was 111. I know a bright, cheery lady.",0.34738474900041183,5.448876469999959,0.31029631799992785,6.106557537000299,0.02071774259731098,0.324966540629191,0.018505818875797102,0.3641901021022991,1
277,mic_fileid_277_doa52_3spk.wav,14.9415,3,"43,132,307",2,307,0.06614723191157025,enhanced_fileid_277_pred307_idx2_loudest.wav,303,4.0,text_fileid_277_doa303_spk1.txt,0.0,0,22,HE APPEARED CHANGED AS IF HE HAD SUDDENLY MATURED ONE COULDN'T BE SURE HE MUTTERED AH YOU WERE NOT SURE I SAID,"He appeared changed as if he had suddenly matured. One couldn't be sure, he muttered. Ah, you were not sure, I said.",0.25605293799981155,4.764367239999956,0.3646201279998422,5.38504030599961,0.017137030284764685,0.31886806813238,0.024403180938984855,0.36040827935612957,1
278,mic_fileid_278_doa13_3spk.wav,17.2825,3,"12,100,298",1,100,0.08522980354115649,enhanced_fileid_278_pred100_idx1_loudest.wav,102,2.0,text_fileid_278_doa102_spk1.txt,0.0,0,39,AND SO THEY KEPT PLAYING WITH THE FESTOONS AND STEPPING ABOUT THE PEWS TO PLEASE HIM NATHAN FELT A COLD THRILL PARTLY FROM PLEASURE AND PARTLY FROM AWE RUNNING UP HIS BACK AND A STRONG PAIN ACROSS HIS FOREHEAD,"And so they kept playing with the festoons and stepping about the pews to please him. Nathan felt a cold thrill, partly from pleasure and partly from awe, running up his back and a strong pain across his forehead.",0.30693685000005644,6.452698749000319,0.5083682910003517,7.2680038900007276,0.01775997974830357,0.37336604941416573,0.02941520561263427,0.4205412347751036,1
279,mic_fileid_279_doa26_3spk.wav,17.262875,3,"34,121,230",2,230,0.09916044495129753,enhanced_fileid_279_pred230_idx2_loudest.wav,220,10.0,text_fileid_279_doa220_spk1.txt,0.0,0,38,AS I HAVE SAID ELSEWHERE SUCH EFFORTS ARE GENERALLY USELESS AND RESULTED ONLY IN DAMAGE TO HIS FINANCIAL POSITION AND HIS REPUTATION NO DOUBT HE OFTEN INVITED ATTACKS UPON HIMSELF BY A RASHNESS BORN OF HIS ARDENT SYMPATHY,"As I have said elsewhere, such efforts are generally useless and resulted only in damage to his financial position and his reputation. No doubt he often invited attacks upon himself by a rashness born of his ardent sympathy.",0.33323118199996316,7.033632086000125,0.5573916309999731,7.924254899000061,0.019303342114216963,0.4074426818244426,0.03228845896178783,0.4590344829004474,1
280,mic_fileid_280_doa27_3spk.wav,15.44875,3,"24,283,357",0,24,0.0838642998732013,enhanced_fileid_280_pred24_idx0_loudest.wav,27,3.0,text_fileid_280_doa27_spk1.txt,0.0,0,30,CAPRON COULD NOT POSSIBLY HAVE FIRED INTO US AT ANY TIME UNLESS HE HAD TURNED DIRECTLY AROUND IN HIS TRACKS AND AIMED UP THE VERY TRAIL HE HAD JUST DESCENDED,Capron could not possibly have fired into us at any time unless he had turned directly around in his tracks and aimed up the very trail he had just descended.,0.29602765600020575,6.929716080999697,0.38553699799967944,7.611280734999582,0.019161916401016634,0.4485616040779802,0.024955870086555833,0.49267939056555266,1
281,mic_fileid_281_doa220_3spk.wav,17.33225,3,"221,319,354",2,354,0.10434377517630548,enhanced_fileid_281_pred354_idx2_loudest.wav,355,1.0,text_fileid_281_doa355_spk1.txt,0.0,0,48,AND HE ALSO NEEDED A LARGER FORCE THAN HE HAD WITH HIM AND HE THEREFORE CAPTURED SOME MEN WHO WERE FISHING ALONG THE COAST AND PUT THEM INTO HIS CANOES TO HELP WORK THE OARS THEN BY NIGHT HE PROCEEDED SLOWLY IN THE DIRECTION OF THE SPANISH VESSEL,"and he also needed a larger force than he had with him, and he therefore captured some men who were fishing along the coast and put them into his canoes to help work the oars. Then by night he proceeded slowly in the direction of the Spanish vessel.",0.31794403499998225,8.134350807999908,0.5757020800001555,9.027996923000046,0.018344071600627863,0.46931880211743476,0.03321565751706533,0.520878531235128,1
282,mic_fileid_282_doa55_3spk.wav,16.244125,3,"71,128,276",2,276,0.08868514920242411,enhanced_fileid_282_pred276_idx2_loudest.wav,276,0.0,text_fileid_282_doa276_spk1.txt,0.0,0,38,I SUPPOSE YOU CONSIDER YOURSELVES ALMOST YOUNG LADIES BUT YOU SEE I AM AN OLD WOMAN I WAS GOING TO TELL YOU A LITTLE ABOUT MY LIFE BUT I SUPPOSE YOU ALREADY KNOW MOST OF THE IMPORTANT THINGS,"I suppose you consider yourselves almost young ladies, but you see, I am an old woman. I was going to tell you a little about my life, but I suppose you already know most of the important things.",0.3080830670000978,7.182759471999816,0.48692896300008215,7.977771501999996,0.018965814840756136,0.4421758310773782,0.02997569662878623,0.4911173425469206,1
283,mic_fileid_283_doa126_3spk.wav,16.867375,3,"126,177,314",2,314,0.08540304201324324,enhanced_fileid_283_pred314_idx2_loudest.wav,302,12.0,text_fileid_283_doa302_spk1.txt,0.19444444444444445,7,36,AND ALL OF THEM FELL IN SO CHEERILY O DEAR ME IT IS A SCRAP OF OLD EPHREM THE SYRIAN IF THEY DID BUT KNOW IT AND WHEN AFTER THIS HARRY WOULD FAIN HAVE DRIVEN ON,"And all of them fell in so cheerily. Oh, dear me, it is a scrap of old Ephraim the Syrian if they didn't let know it. And when, after this, Harry with Fane had driven on?",0.3199385650000295,5.0546608439995,0.470644479999919,5.845243888999448,0.01896789304797157,0.2996708642571532,0.02790265112383634,0.34654140842896114,1
284,mic_fileid_284_doa4_3spk.wav,15.851625,3,"210,257,357",1,257,0.08022116501067768,enhanced_fileid_284_pred257_idx1_loudest.wav,256,1.0,text_fileid_284_doa256_spk1.txt,0.0,0,47,THEN AS IT WAS DIFFICULT TO SUGGEST A MORE REASONABLE PROPOSAL HE AGREED TO IT BOTH DESCENDED TO THE CHAMBER IN WHICH THE WOUNDED MAN LAY THE LATTER ON SEEING THESE TWO NOBLE LORDS WHO CAME TO VISIT HIM ENDEAVORED TO RAISE HIMSELF UP IN HIS BED,"Then, as it was difficult to suggest a more reasonable proposal, he agreed to it. Both descended to the chamber in which the wounded man lay, the latter on seeing these two noble lords who came to visit him, endeavored to raise himself up in his bed.",0.2759430999999495,4.882419788999869,0.5560109080001894,5.7143737970000075,0.017407874586987105,0.30800752534833925,0.035075956439809125,0.3604913563751355,1
285,mic_fileid_285_doa48_3spk.wav,17.0735,3,"43,228,276",2,276,0.07134032023540215,enhanced_fileid_285_pred276_idx2_loudest.wav,274,2.0,text_fileid_285_doa274_spk1.txt,0.1,3,30,TAKE PART IN THE GAMES OF THE PRINCESS TILL AT LAST ONE FINE MORNING WHEN THE PRINCESS STARTED FROM BED AND HASTENED OUT TO JOIN HER GAY PLAYFELLOWS SHE SHUDDERED,"to take part in the games of the princess till that last one fine morning when the princess started from bed and hastened out to join her gay playfellows, she shattered.",0.31086192999964624,5.272687429000143,0.33729718399990816,5.920846542999698,0.018207276188224222,0.30882287925733704,0.019755596919196892,0.3467857523647581,1
286,mic_fileid_286_doa62_3spk.wav,15.479125,3,"56,224,355",0,56,0.0849150174537173,enhanced_fileid_286_pred56_idx0_loudest.wav,62,6.0,text_fileid_286_doa62_spk1.txt,0.0,0,35,BY WHOM DID THE QUEEN SEND YOU THIS JEWEL SHE GAVE IT TO ME HERSELF WHERE IN THE ROOM ADJOINING THE CHAMBER IN WHICH SHE CHANGED HER TOILET HOW GIVING ME HER HAND TO KISS,"By whom did the queen send you this jewel? She gave it to me herself, where? In the room adjoining the chamber in which she changed her toilet. How? Giving me her hand to kiss?",0.26177371199992194,4.999862206999751,0.4160580160000791,5.677693934999752,0.016911402420997437,0.3230067724758183,0.026878652120199242,0.366796827017015,1
287,mic_fileid_287_doa99_3spk.wav,16.890875,3,"42,98,148",2,148,0.09288180628731231,enhanced_fileid_287_pred148_idx2_loudest.wav,147,1.0,text_fileid_287_doa147_spk1.txt,0.043478260869565216,2,46,NO SOONER HAD CHARLES TAKEN INTO HIS HANDS THE REINS OF GOVERNMENT THAN HE SHOWED AN IMPATIENCE TO ASSEMBLE THE GREAT COUNCIL OF THE NATION AND HE WOULD GLADLY FOR THE SAKE OF DESPATCH HAVE CALLED TOGETHER THE SAME PARLIAMENT WHICH HAD SITTEN UNDER HIS FATHER,"No sooner had Charles taken into his hands the reins of government than he showed an impatience to assemble the great council of the nation, and he would gladly, for the sake of dispatch, have called together the same parliament which had sitting under his father.",0.29786195499991663,5.050693148999926,0.44437602600009996,5.792931129999943,0.017634489332252864,0.2990190353667247,0.026308644519605996,0.3429621692185835,1
288,mic_fileid_288_doa72_3spk.wav,15.811125,3,"72,139,229",1,139,0.08188954059817305,enhanced_fileid_288_pred139_idx1_loudest.wav,139,0.0,text_fileid_288_doa139_spk1.txt,0.045454545454545456,2,44,I COULD NOT HAVE THAT ONE THING AND I WAS NEARER TO MY HEART'S LONGINGS THAN YOU HAVE EVER BEEN I CANNOT HAVE THAT ONE THING BUT I KNOW THAT THERE ARE OTHER THINGS AND I WILL NOT ALLOW MYSELF TO BE BROKEN HEARTED,"I could not have that one thing, and I was nearer to my heart's longings than you have ever been. I cannot have that one thing, but I know that there are other things, and I will not allow myself to be brokenhearted.",0.2583163720000812,4.5682953169998655,0.4411709940000037,5.26778268299995,0.0163376339128355,0.28892917594414474,0.027902568223324,0.3331693780803042,1
289,mic_fileid_289_doa174_3spk.wav,16.992125,3,"177,231,357",1,231,0.1034392838346157,enhanced_fileid_289_pred231_idx1_loudest.wav,232,1.0,text_fileid_289_doa232_spk1.txt,0.0,0,38,NO ANSWER HE STRUCK AGAIN AND TWO KNOCKS NO MOVEMENT WAS HEARD IN THE HOUSE HE KNOCKED A THIRD TIME THERE WAS NO SOUND HE SAW THAT THEY WERE ALL ASLEEP AND DID NOT CARE TO GET UP,No answer. He struck again and two knocks. No movement was heard in the house. He knocked a third time. There was no sound. He saw that they were all asleep and did not care to get up.,0.27934947899984763,5.253032761000213,0.4037671539999792,5.93614939400004,0.01643993785355555,0.30914513405475846,0.023762016463507604,0.3493470883718216,1
290,mic_fileid_290_doa23_3spk.wav,17.44925,3,"22,136,315",1,136,0.110862250163778,enhanced_fileid_290_pred136_idx1_loudest.wav,137,1.0,text_fileid_290_doa137_spk1.txt,0.0,0,39,YOU SPEAK OF JEALOUSIES AND FEARS LAY YOUR HANDS ON YOUR HEARTS AND ASK YOURSELVES WHETHER I MAY NOT LIKEWISE BE DISTURBED WITH FEARS AND JEALOUSIES AND IF SO I ASSURE YOU THAT THIS MESSAGE HAS NOTHING LESSENED THEM,"You speak of jealousies and fears. Lay your hands on your hearts and ask yourselves whether I may not likewise be disturbed with fears and jealousies, and if so, I assure you that this message has nothing lessened them.",0.2954286670001238,5.451034513000195,0.4098839289999887,6.156347109000308,0.01693073725232453,0.31239362797829107,0.023490059973923734,0.3528144252045393,1
291,mic_fileid_291_doa157_3spk.wav,16.552375,3,"166,263,357",1,263,0.06704852393604148,enhanced_fileid_291_pred263_idx1_loudest.wav,263,0.0,text_fileid_291_doa263_spk1.txt,0.058823529411764705,1,17,INTRODUCTION THE HUMOROUS GHOST IS DISTINCTLY A MODERN CHARACTER IN EARLY LITERATURE WRAITHS TOOK THEMSELVES VERY SERIOUSLY,"Introduction. The humorist ghost is distinctly a modern character. In early literature, Wraiths took themselves very seriously.",0.314492909999899,5.0173065060002955,0.25768836399993233,5.589487780000127,0.01899986618233933,0.3031170152923852,0.015568059810144001,0.3376849412848686,1
292,mic_fileid_292_doa44_3spk.wav,15.133,3,"186,223,338",2,338,0.08846265431917807,enhanced_fileid_292_pred338_idx2_loudest.wav,338,0.0,text_fileid_292_doa338_spk1.txt,0.0,0,30,NOTHING COULD SATISFY HIM OF THAT LESS THAN THE CONSCIOUS PRESENCE OF THE PERFECT CHARITY WITHOUT THAT HE WAS STILL OUTSIDE THE KINGDOM WANDERING IN A DREAM AROUND ITS WALLS,"Nothing could satisfy him of that less than the conscious presence of the perfect charity. Without that, he was still outside the kingdom, wandering in a dream around its walls.",0.25498848000006546,4.369862565999938,0.29660302699994645,4.92145407299995,0.016849830172475086,0.2887637987180294,0.019599750677324158,0.3252133795678286,1
293,mic_fileid_293_doa94_3spk.wav,16.107875,3,"181,251,339",2,339,0.08497313740452157,enhanced_fileid_293_pred339_idx2_loudest.wav,340,1.0,text_fileid_293_doa340_spk1.txt,0.03571428571428571,1,28,BUT THE PICTURE BUT THE SIGN OF A KING WAR ON ANY TERMS WAS ESTEEMED BY THE KING AND ALL THE COUNSELLORS PREFERABLE TO SO IGNOMINIOUS A PEACE,"but the picture, but the sign of a king. War on any terms was esteemed by the king and all the counselors, preferable to so ignominious a peace.",0.28376139100009823,4.725904256999911,0.3407571590000771,5.350422807000086,0.017616314442476008,0.2933909194726127,0.021154693527239136,0.3321619274423278,1
294,mic_fileid_294_doa175_3spk.wav,17.35675,3,"170,296,336",1,296,0.09573105908195029,enhanced_fileid_294_pred296_idx1_loudest.wav,296,0.0,text_fileid_294_doa296_spk1.txt,0.043478260869565216,2,46,FOR THEY LAY UNDER A WHOLE BODY OF SHROUDS COMPLICATED BY A MASS OF OTHER GEAR AGAINST WHICH LEANED A PORTION OF THE CABOOSE I VIEWED THEM LONG ENOUGH TO SATISFY MY MIND THAT THEY WERE DEAD AND THEN WITH A HEART OF LEAD TURNED AWAY,"for they lay under a whole body of shrouds, complicated by a mass of other year, against which leaned a portion of the caboose. I viewed them long enough to satisfy my mind that they were dead, and them, with a heart of lead, turned away.",0.2993217309999636,5.258024471999761,0.4564620059995832,6.013808208999308,0.017245263715843322,0.30293830769007796,0.02629881780860951,0.3464823892145308,1
295,mic_fileid_295_doa80_3spk.wav,16.098,3,"81,249,289",0,81,0.05059812007728572,enhanced_fileid_295_pred81_idx0_loudest.wav,80,1.0,text_fileid_295_doa80_spk1.txt,0.075,3,40,A BIG WOMAN HULLO WENDY HE SAID NOT NOTICING ANY DIFFERENCE FOR HE WAS THINKING CHIEFLY OF HIMSELF AND IN THE DIM LIGHT HER WHITE DRESS MIGHT HAVE BEEN THE NIGHTGOWN IN WHICH HE HAD SEEN HER FIRST HULLO PETER,"a big woman. Hello, Wendy,"" he said, not noticing any difference, for he was thinking chiefly of himself. And in the dim light, her white dress might have been the nightgown in which she had seen her first. Hello, Peter.",0.2759780110000065,4.863619716999892,0.5400321899996925,5.679629917999591,0.01714362100882138,0.3021257123245057,0.03354653932163577,0.35281587265496284,1
296,mic_fileid_296_doa65_3spk.wav,15.861625,3,"202,244,327",0,202,0.10752475074456583,enhanced_fileid_296_pred202_idx0_loudest.wav,203,1.0,text_fileid_296_doa203_spk1.txt,0.125,4,32,THE TARTAR TRIBE WHO DWELT EAST OF THE SEA OF AZOF WITH THIS PRINCE THE EXILE SO INGRATIATED HIMSELF THAT HE RECEIVED IN MARRIAGE HIS SISTER WHO WAS BAPTIZED AND CHRISTENED THEODORA,"the Tardar tribe who dwelt east of the Sea of Azar. With this prince, the exile so ingratiated himself that he received in marriage his sister, who was baptized in christen Theodora.",0.2590511440002956,4.669329048999316,0.44614813400039566,5.374528327000007,0.016331942282098815,0.2943789838052101,0.02812751745173623,0.3388384435390452,1
297,mic_fileid_297_doa40_3spk.wav,16.89175,3,"44,168,359",0,44,0.09369069293573794,enhanced_fileid_297_pred44_idx0_loudest.wav,40,4.0,text_fileid_297_doa40_spk1.txt,0.1956521739130435,9,46,THEY HAD HEARD OUR SHOT AND CAME ACROSS TO SEE WHAT LUCK WHAT IVER IS THE MATTER WITH YE ASKED MISSUS O'SHAUGHNESSY MISTER HAYNES TOLD HER THEY HAD HEARD THE NOISE BUT HAD THOUGHT IT THUNDER MISTER HAYNES TOLD ME THAT IF I WOULD CHIRK UP,They had heard our shot and came across to see what luck. What give her is the matter with you? asked Mrs. O'Shaughnessy. Mr. Haynes told her. They had heard the noise but had thought at thunder. Mr. Haynes told me that if I would cheer cup.,0.2849174170000879,5.049539826,0.5469086150001203,5.881365858000208,0.016867252771328483,0.29893526875545756,0.032377261977007736,0.3481797835037938,1
298,mic_fileid_298_doa53_3spk.wav,16.131,3,"44,114,172",1,114,0.059618509635837695,enhanced_fileid_298_pred114_idx1_loudest.wav,113,1.0,text_fileid_298_doa113_spk1.txt,0.03225806451612903,1,31,WHAT HAVE YOU DONE HAVE YOU GIVEN HIM ANYTHING BROKE IN THE BOY HURRIEDLY I TOOK A BLEEDING FROM HIM LITTLE SHORT OF SIXTEEN OUNCES FROM THE TEMPORIAL SAID BILLY PROUDLY,"What have you done? Have you given him anything? Broke in the boy hurriedly. I took a bleeding from him, little short of sixteen ounces, from the temporal, said Billy, proudly.",0.25917312499996115,4.849603474000105,0.38190037200001825,5.4906769710000844,0.01606677360361795,0.3006387374620361,0.023674934721965052,0.34038044578761917,1
299,mic_fileid_299_doa50_3spk.wav,16.634375,3,"52,134,240",1,134,0.08618126132800309,enhanced_fileid_299_pred134_idx1_loudest.wav,134,0.0,text_fileid_299_doa134_spk1.txt,0.05128205128205128,2,39,INDEED MAMMA YOU ARE MISTAKEN SAID ELIZABETH BLUSHING FOR HER MOTHER YOU QUITE MISTOOK MISTER DARCY HE ONLY MEANT THAT THERE WAS NOT SUCH A VARIETY OF PEOPLE TO BE MET WITH IN THE COUNTRY AS IN THE TOWN,"Indeed, Mama, you are mistaken,"" said Elizabeth, blushing for her mother. You quite mistook, Mr. Darcy. He only meant that there was not such a variety of people to be met with in the country as in the town.",0.277199730999655,5.017123794999861,0.46186643300006835,5.756189958999585,0.016664270884818637,0.30161180056358367,0.027765782182983634,0.3460418536313859,1
300,mic_fileid_300_doa68_3spk.wav,16.464375,3,"64,229,284",1,229,0.10285899114921641,enhanced_fileid_300_pred229_idx1_loudest.wav,219,10.0,text_fileid_300_doa219_spk1.txt,0.03333333333333333,1,30,UNDER COLOR OF REDRESSING GRIEVANCES WHICH DURING THIS SHORT REIGN COULD NOT BE VERY NUMEROUS THEY WERE TO PROCEED IN REGULATING AND CONTROLLING EVERY PART OF GOVERNMENT WHICH DISPLEASED THEM,"Under the color of redressing grievances, which during this short reign could not be very numerous, they were to proceed in regulating and controlling every part of government which displeased them.",0.27070320400025594,4.983470993000083,0.3544003059996612,5.608574503,0.01644175402954901,0.30268206312113777,0.02152528146374589,0.34064909861443265,1
301,mic_fileid_301_doa9_3spk.wav,16.061,3,"26,223,268",1,223,0.10536525167647627,enhanced_fileid_301_pred223_idx1_loudest.wav,230,7.0,text_fileid_301_doa230_spk1.txt,0.07894736842105263,3,38,FIVE WERE TO BE TRIED TOGETHER NEXT AS ENEMIES OF THE REPUBLIC FORASMUCH AS THEY HAD NOT ASSISTED IT BY WORD OR DEED SO QUICK WAS THE TRIBUNAL TO COMPENSATE ITSELF AND THE NATION FOR A CHANCE LOST,"Five were to be tried together. Next, as enemies of the Republic. For as much as they had not assisted it by word or deed. So quick was the tribunal to compensate itself and the nation for a chance lost.",0.25890648399990823,4.867738150999685,0.40305338300004223,5.529698017999635,0.016120196998935823,0.303078148994439,0.025095161135672887,0.3442935071290477,1
302,mic_fileid_302_doa36_3spk.wav,16.232375,3,"36,277,343",0,36,0.09698913638572092,enhanced_fileid_302_pred36_idx0_loudest.wav,36,0.0,text_fileid_302_doa36_spk1.txt,0.05405405405405406,2,37,SO THAT NOW ALL OUR EXTENUATIONS ABATED AND IT WAS NO MORE TO BE CONCEALED NAY IT QUICKLY APPEARED THAT THE INFECTION HAD SPREAD ITSELF BEYOND ALL HOPES OF ABATEMENT THAT IN THE PARISH OF SAINT GILES,"So that now all our extensions abated, and it was no more to be concealed. Nay, it quickly appeared that the infection had spread itself beyond all hopes of abatement. That in the parish of St. Giles,",0.27041397499988307,4.844260320000103,0.42654284099990036,5.5412171359998865,0.01665892853016783,0.2984320113353778,0.02627729096942994,0.34136823083497553,1
303,mic_fileid_303_doa40_3spk.wav,16.790875,3,"42,105,155",0,42,0.07535542623931436,enhanced_fileid_303_pred42_idx0_loudest.wav,40,2.0,text_fileid_303_doa40_spk1.txt,0.06896551724137931,2,29,AND THERE'S ONLY A WAY OUT OF IT FOR ONE OF US MAC DO YOU UNDERSTAND I WAS PUT OUT OF THE WAY ARRESTED I FOUND EM ALONE TOGETHER,"And there's only a way out of it for one of us. Matt, do you understand? I was put out of the way, arrested. I found him alone together.",0.2862109289999353,5.057994375999897,0.3605964319999657,5.704801736999798,0.017045623232853278,0.3012347108771816,0.021475737982682007,0.3397560720927169,1
304,mic_fileid_304_doa128_3spk.wav,15.235625,3,"128,316,343",2,343,0.11038130329205269,enhanced_fileid_304_pred343_idx2_loudest.wav,343,0.0,text_fileid_304_doa343_spk1.txt,0.0,0,50,THE OLD WOMAN'S FACE BRIGHTENED SHE SHOWED HIM WHERE TO SEEK THE WATER AND WHEN HE RETURNED A FEW MINUTES LATER WITH HIS POT FILLED TO THE BRIM SHE LED THE WAY WITHOUT A WORD AND HE FOLLOWED IN A SHORT WHILE THEY CAME TO A HUT IN THE FOREST,"The old woman's face brightened. She showed him where to seek the water, and when he returned a few minutes later with his pot filled to the brim, she led the way without a word, and he followed. In a short while, they came to a hut in the forest.",0.2658127049999166,4.4413156159998834,0.4917897400000584,5.198918060999858,0.017446787053364506,0.2915085935759041,0.03227893440538595,0.3412343150346545,1
305,mic_fileid_305_doa32_3spk.wav,15.938625,3,"22,200,276",2,276,0.07768044970415361,enhanced_fileid_305_pred276_idx2_loudest.wav,276,0.0,text_fileid_305_doa276_spk1.txt,0.06451612903225806,2,31,THE APPLICATION AND DISBURSEMENT OF THE PUBLIC MONEYS IN CONFORMITY TO THE GENERAL APPROPRIATIONS OF THE LEGISLATURE THE ARRANGEMENT OF THE ARMY AND NAVY THE DIRECTIONS OF THE OPERATIONS OF WAR,The application and disbursement of the public monies in conformity to the general appropriations of the legislature. The arrangement of the army and navy. The direction of the operations of war.,0.2635422829998788,4.719037667000066,0.33800624700006665,5.3205861970000115,0.016534819220596433,0.296075581613851,0.0212067381596635,0.3338171389941109,1
306,mic_fileid_306_doa57_3spk.wav,17.956625,3,"57,87,113",0,57,0.09147726492816348,enhanced_fileid_306_pred57_idx0_loudest.wav,57,0.0,text_fileid_306_doa57_spk1.txt,0.11538461538461539,6,52,ABOUT CRISTEL AFTER LOOKING ROUND THE KITCHEN AGAIN I ASKED WHERE SHE WAS SITTING FORLORN IN HER BEDROOM CRYING HER FATHER TOLD ME I WENT OUT FOR A WALK BY THE RIVER AND I SAT DOWN AND BEING SUNDAY I FELL ASLEEP WHEN I WOKE AND GOT HOME AGAIN JUST NOW THAT,"about Crystal. After looking around the kitchen again I asked where she was. Sitting for an hour in a bedroom crying, her father told me, I went out for a walk by the river and I sat down and being Sunday I fell asleep. When I woke and got home again just now that...",0.29292866300011156,5.661047700999916,0.5296423400000094,6.483618704000037,0.016313124710245472,0.3152623447334851,0.029495650769563293,0.36107112021329385,1
307,mic_fileid_307_doa86_3spk.wav,17.69675,3,"84,268,354",0,84,0.09877748409334229,enhanced_fileid_307_pred84_idx0_loudest.wav,86,2.0,text_fileid_307_doa86_spk1.txt,0.05,2,40,HE WAS IMMEDIATELY RECOGNIZED AS ONE OF THEM THE HANDKERCHIEF WAS THROWN DOWN AND THE IRON HEELED SHOE REPLACED ON THE FOOT OF THE WRETCH TO WHOM IT BELONGED SOME VOICES WERE HEARD TO SAY THAT THE GENTLEMAN WAS RIGHT,"He was immediately recognized as one of them. The handkerchief was thrown down, and the iron-heeled shoe replaced on the foot of the wretch to whom it belonged. Some voices were heard to say that the gentleman was right.",0.2989652070000375,5.514810660999501,0.424087419999978,6.237863287999517,0.016893791628408462,0.31162844369726084,0.02396414143839846,0.35248637676406774,1
308,mic_fileid_308_doa107_3spk.wav,16.237625,3,"6,103,158",1,103,0.0913710598428216,enhanced_fileid_308_pred103_idx1_loudest.wav,107,4.0,text_fileid_308_doa107_spk1.txt,0.0,0,35,AND YOU STAY YOUNG YOUTH IS GROWTH KEEP GROWING AND YOU KEEP YOUNG A NEW IDEA WILL MAKE YOU FEEL YOUNGER DEVELOP IT AND IT WILL DEVELOP YOU QUICKEN YOUR MENTAL THROB WITH NEW IDEAS,and you stay young. Youth is growth. Keep growing and you keep young. A new idea will make you feel younger. Develop it and it will develop you. Quicken your mental throb with new ideas.,0.26836425100009365,4.857671615000072,0.37579573299990443,5.50183159900007,0.016527309320180362,0.29916146080477113,0.023143515939055396,0.3388322860640069,1
309,mic_fileid_309_doa45_3spk.wav,16.827125,3,"38,100,203",0,38,0.08716929427263938,enhanced_fileid_309_pred38_idx0_loudest.wav,45,7.0,text_fileid_309_doa45_spk1.txt,0.021739130434782608,1,46,THE SUN SHONE ON THEM AND THE RAIN FELL ON THEM SO IT WAS NOT LONG BEFORE THEY GREW TALL OH HOW PRETTY THEY ARE SAID THE GREAT OAK AND STOOPED HIS CROOKED BOUGHS STILL MORE SO THAT THEY COULD GET A GOOD VIEW OF THEM,"The sun shone on them, and the rain fell on them, so it was not long before they grew tall. Oh, how pretty they are, said the great oak, and stooped his crooked bowels still more, so that they could get a good view of them.",0.274803695999708,5.0355924309997135,0.4917086529999324,5.802104779999354,0.016330995104612823,0.29925447341715916,0.029221192152547298,0.34480666067431925,1
310,mic_fileid_310_doa57_3spk.wav,17.172375,3,"40,150,224",0,40,0.07209979776204367,enhanced_fileid_310_pred40_idx0_loudest.wav,57,17.0,text_fileid_310_doa57_spk1.txt,0.06666666666666667,2,30,THOU HAST PUT ALL THINGS UNDER HIS FEET SAYS THE PSALMIST GOD ACCOMPANIED THIS GIFT WITH THESE WORDS ADDRESSED TO OUR FIRST PARENTS AFTER THE CREATION BE FRUITFUL AND MULTIPLY,"Thou hast put all things under his feet, says the psalmist. God, accompanying this gift with these words, address to our first parents after the creation. Be fruitful and multiply.",0.2742758889999095,5.346978969999782,0.3526229889998831,5.973877847999574,0.015971925199624953,0.31137096470347186,0.020534316831532222,0.347877206734629,1
311,mic_fileid_311_doa16_3spk.wav,16.474125,3,"15,84,274",0,15,0.04213979785294126,enhanced_fileid_311_pred15_idx0_loudest.wav,102,87.0,text_fileid_311_doa102_spk1.txt,1.0285714285714285,36,35,AND WE CONCLUDED THAT HE HAD PUSHED ON DOWN THE STREAM I DETERMINED TO KEEP OUT FROM THE RIVER ALONG WHICH IT WAS NEARLY IMPRACTICABLE TO TRAVEL WITH ANIMALS UNTIL IT SHOULD FORM A VALLEY,"Made the beds, did the washing, the cooking, and everything else. Cassette was her only servant, a mouse in service of an elephant. Everything trembled at the sound of her voice. Window panes, furniture, and people.",0.26888615500001833,5.024594784000328,0.44912122100004126,5.742602160000388,0.016321726040079112,0.30499919018462757,0.027262220057213432,0.3485831362819201,1
312,mic_fileid_312_doa88_3spk.wav,14.87775,3,"95,183,235",1,183,0.12772076014681152,enhanced_fileid_312_pred183_idx1_loudest.wav,181,2.0,text_fileid_312_doa181_spk1.txt,0.03225806451612903,1,31,ALL ITS LETHARGIES MINGLE THEIR NIGHTMARES ITS SLUMBERS ARE A CROWD AND FROM ITS HUMAN BODIES LYING PRONE THERE ARISES A VAPOUR OF DREAMS SLEEP HAS GLOOMY ASSOCIATES BEYOND THIS LIFE,"All its lethargies mingle their nightmares, its slumbers are a crowd, and from its human bodies lying prone there arises a vapor of dreams. Sleep has gloomy associates beyond this life.",0.25609094499986895,4.37059665400011,0.3661000619999868,4.992787660999966,0.017213015744979514,0.29376731387475324,0.024607219640065653,0.3355875492597984,1
313,mic_fileid_313_doa50_3spk.wav,17.7145,3,"51,114,297",1,114,0.08198024869113103,enhanced_fileid_313_pred114_idx1_loudest.wav,113,1.0,text_fileid_313_doa113_spk1.txt,0.08,4,50,HERE I FEEL UNEASY ABOUT THE NAME OF THIS LILY FOR THE COMPOSITORS HAVE A PERVERSE TRICK OF MAKING ME SAY ALL KINDS OF ABSURD THINGS WHOLLY UNWARRANTED BY PLAIN COPY AND I FEAR THAT THE LILY OF SAN PITCH WILL APPEAR IN PRINT AS THE WIDOW OF SAM PATCH,"Here, I feel uneasy about the name of this lily, for the compositors have a perverse trick of making me say all kinds of absurd things, wholly unwarranted by plain copy, and I fear that the lily of Sandpitch will appear in print as the widow of Sandpatch.",0.2886142319998726,5.5422366530001455,0.5481079820001469,6.378958867000165,0.016292541816019225,0.31286441350307065,0.03094120534026627,0.3600981606593561,1
314,mic_fileid_314_doa25_3spk.wav,15.247375,3,"24,201,289",0,24,0.09867705447494073,enhanced_fileid_314_pred24_idx0_loudest.wav,25,1.0,text_fileid_314_doa25_spk1.txt,0.02857142857142857,1,35,NONE I'VE NO MORE VIRTUE TO LOSE JUST AS A COOLING POT GIVES OFF HEAT SO ALL THROUGH YOUTH AND ADOLESCENCE WE GIVE OFF CALORIES OF VIRTUE THAT'S WHAT'S CALLED INGENUOUSNESS QUESTION AN INTERESTING IDEA,"None. I've no more virtue to lose. Just as a cooling pot gives off heat, so all through youth and adolescence we give off calories of virtue. That's what's called ingeniousness. Question. An interesting idea.",0.26169065999965824,4.413235722000081,0.421542909999971,5.0964692919997105,0.017162997565132242,0.28944232840079565,0.027646916928321826,0.3342522428942497,1
315,mic_fileid_315_doa207_3spk.wav,17.059875,3,"205,292,345",0,205,0.08679791478181319,enhanced_fileid_315_pred205_idx0_loudest.wav,207,2.0,text_fileid_315_doa207_spk1.txt,0.05555555555555555,3,54,HE DID NOT CONCERN HIMSELF WITH THE INTERESTS OF HIS OWN CLASS AND CONSEQUENTLY SOME THOUGHT HIM PROUD AND OTHERS THOUGHT HIM STUPID THE WHOLE SUMMER FROM SPRING SOWING TO HARVEST HE WAS BUSY WITH THE WORK ON HIS FARM IN AUTUMN HE GAVE HIMSELF UP TO HUNTING WITH THE SAME BUSINESS LIKE SERIOUSNESS,"He did not concern himself with the interests of his own class, and consequently some thought proud, and others thought him stupid. The whole summer, from spring sewing to harvest, he was busy with the work on his farm. In autumn he gave himself up to hunting with the same business life seriousness.",0.27004458000010345,5.229406920000201,0.5477276020001227,6.0471791020004275,0.01582922383664027,0.3065325461060061,0.03210619081324586,0.3544679607558922,1
316,mic_fileid_316_doa105_3spk.wav,16.557375,3,"104,147,181",0,104,0.1158588676260906,enhanced_fileid_316_pred104_idx0_loudest.wav,105,1.0,text_fileid_316_doa105_spk1.txt,0.07317073170731707,3,41,IT WILL BE SEEN THEN THAT THE COLLEGE EDUCATED MEN AND WOMEN OF MY RACE HAVE ACCOMPLISHED QUITE A FEAT CONSIDERING THEIR ANTECEDENTS AND WHOLLY FOREIGN POINT OF VIEW THEY HAVE HAD TO ADJUST THEMSELVES TO A NEW WAY OF THINKING,"It will be seen then that the college-educated men and women of my race have accomplished quite a feat, considering their antecedents and holy foreign point of view. They have had to adjust themselves to a new way of thinking.",0.29465564000020095,4.9538280570004645,0.43237650799983385,5.680860205000499,0.017796035905462124,0.2991916325504776,0.026113831932889957,0.3431015003888297,1
317,mic_fileid_317_doa4_3spk.wav,17.430125,3,"5,113,188",2,188,0.1080389262904045,enhanced_fileid_317_pred188_idx2_loudest.wav,180,8.0,text_fileid_317_doa180_spk1.txt,0.03571428571428571,1,28,IN THE ORDINARILY ACCEPTED SENSE IN THE REALM OF CONJECTURE IN THE SCHEME OF THINGS IN THE TONE OF ONE WHO MORALIZES IN THE TWINKLING OF AN EYE,"in the ordinarily accepted sense, in the realm of conjecture, in the scheme of things, in the tone of one who moralizes, in the dunkling of an eye.",0.28708451000011337,5.495928861000266,0.34825202599995464,6.131265397000334,0.01647059387124954,0.3153120738376957,0.019979892628420887,0.35176256033736614,1
318,mic_fileid_318_doa38_3spk.wav,17.539,3,"34,193,321",0,34,0.0700519491777191,enhanced_fileid_318_pred34_idx0_loudest.wav,38,4.0,text_fileid_318_doa38_spk1.txt,0.20833333333333334,5,24,NAY EDWARD RECOLLECT THAT I HAVE AS EDITH OBSERVED PASSED MY LIFE IN THE WOODS EDWARD WAS MOST KINDLY RECEIVED BY MISTER HEATHERSTONE EDWARD,"Nay, Edward, recollect that I have, as he hath observed, past my life in the woods. Edward was most kindly received by Mr. Heberstam. Edward.",0.2980129540001144,5.483609323999644,0.35502970900006403,6.136651986999823,0.016991445008273813,0.3126523361650974,0.02024230053025053,0.3498860817036218,1
319,mic_fileid_319_doa41_3spk.wav,17.095125,3,"161,205,350",1,205,0.0870923339695986,enhanced_fileid_319_pred205_idx1_loudest.wav,198,7.0,text_fileid_319_doa198_spk1.txt,0.16666666666666666,6,36,THE NEWS FLEW LIKE WILDFIRE GILBERT BLYTHE PORING OVER A TEXT BOOK AT HOME HEARD IT FROM HIS FATHER'S HIRED BOY AT SUNSET AND RUSHED BREATHLESSLY TO GREEN GABLES JOINED ON THE WAY BY FRED WRIGHT,"The news flew like wildfire. Gilbert Blythe, pouring over a textbook at home, heard it from his father's hired boy at sunset and rushed breathlessly to Green Gables, joined on the way by a friend right.",0.2840491510000902,5.258137436999732,0.4575370110001131,5.999723598999935,0.016615798422070047,0.30758110496411883,0.026764180490058607,0.3509610838762475,1
320,mic_fileid_320_doa73_3spk.wav,15.801625,3,"75,171,343",0,75,0.059007736011860004,enhanced_fileid_320_pred75_idx0_loudest.wav,73,2.0,text_fileid_320_doa73_spk1.txt,0.0,0,38,EACH TIME THE FLY TOUCHED HIS FACE IT GAVE HIM A BURNING SENSATION AND YET TO HIS SURPRISE IT DID NOT DESTROY THE STRUCTURE THOUGH IT KNOCKED AGAINST THE VERY REGION OF HIS FACE WHERE IT WAS RISING,"Each time the fly touched his face, it gave him a burning sensation, and yet to his surprise, it did not destroy the structure, though it knocked against the very region of his face where it was rising.",0.27745378400004483,4.668153302999599,0.3573758600000474,5.302982946999691,0.017558560211373503,0.2954223570676813,0.022616399262737053,0.3355973165417918,1
321,mic_fileid_321_doa43_3spk.wav,18.1805,3,"43,203,292",2,292,0.10093061548220003,enhanced_fileid_321_pred292_idx2_loudest.wav,301,9.0,text_fileid_321_doa301_spk1.txt,0.05,2,40,IT WAS FORTUNATE THAT JAMES COULD GO A LONG TIME WITHOUT FOOD FOR IT TOOK NEARLY ALL HE COULD EARN FROM HIS PICTURES TO BUY PAINT AND CANVAS FOR OTHERS I DARE SAY THAT QUITE OFTEN WHEN IT WAS SAID,"It was fortunate that James could go a long time without food, for it took nearly all he could earn from his pictures to buy paint and canvas for others. I daresay that quite often, when it was said...",0.2880802399999993,5.641520932000731,0.3802383140000529,6.309839486000783,0.0158455620032452,0.31030614845580323,0.02091462358021248,0.34706633403926096,1
322,mic_fileid_322_doa9_3spk.wav,15.829625,3,"21,196,237",0,21,0.08852134253294096,enhanced_fileid_322_pred21_idx0_loudest.wav,9,12.0,text_fileid_322_doa9_spk1.txt,0.0,0,33,AND THE STORM BROKE THEM OFF AND CAST THEM ON THE GROUND THE OLD OAK HAD NOW ONLY A FEW LEAVES LEFT AT THE VERY TOP THE END IS NEAR HE SAID GRAVELY,"and the storm broke them off and cast them on the ground. The old oak had now only a few leaves left at the very top. The end is near, he said gravely.",0.2708999720002794,4.671172644000308,0.3543785939996269,5.296451210000214,0.017113480072982107,0.2950905434588822,0.022387049219398873,0.33459107275126315,1
323,mic_fileid_323_doa100_3spk.wav,15.22175,3,"100,189,303",1,189,0.06341369784004912,enhanced_fileid_323_pred189_idx1_loudest.wav,189,0.0,text_fileid_323_doa189_spk1.txt,0.0,0,27,BETWEEN MUNICIPAL AND INTERNATIONAL LAW MOREOVER THE QUESTIONS WHICH SOMETIMES INVOLVE NATIONS IN WAR ARE FAR MORE DIFFICULT AND COMPLEX THAN ANY QUESTIONS THAT AFFECT MERELY INDIVIDUALS,"between municipal and international law. Moreover, the questions which sometimes involve nations in war are far more difficult and complex than any questions that affect merely individuals.",0.24840167199999996,4.483497443999113,0.3589057379999758,5.090804853999089,0.01631886425673789,0.29454546579723834,0.023578480660894827,0.3344428107148711,1
324,mic_fileid_324_doa14_3spk.wav,15.503375,3,"15,54,278",0,15,0.0748561528709723,enhanced_fileid_324_pred15_idx0_loudest.wav,14,1.0,text_fileid_324_doa14_spk1.txt,0.11428571428571428,4,35,WHICH HE TOOK FOR THE OCEAN HE NO LONGER KNEW IN WHAT DIRECTION THE SEA LAY HE RETRACED HIS STEPS STRUCK TO THE LEFT BY MAIDEN STREET AND RETURNED AS FAR AS SAINT ALBAN'S ROW,"which he took for the ocean, he no longer knew in what direction the sea lay. He retraced his steps, struck to the left by Mager's chain, and returned as far as St. Albin's Row.",0.28257040099970254,4.6759997029998885,0.4160282279999592,5.37459833199955,0.018226379804378242,0.30161172667241093,0.026834687801846967,0.3466727942786361,1
325,mic_fileid_325_doa27_3spk.wav,16.922,3,"29,308,338",2,338,0.08936081325422086,enhanced_fileid_325_pred338_idx2_loudest.wav,340,2.0,text_fileid_325_doa340_spk1.txt,0.075,3,40,ALL HIS GLOOM AND MISERY VANISHED IN A MOMENT AND HE ANXIOUSLY QUESTIONED THE WELCOME MESSENGER AS TO THE FATE OF THE PRINCESS BUT THE MAGPIE KNEW NO MORE THAN THE LESSON HE HAD LEARNT SO HE SOON FLUTTERED AWAY,"All his gloom and misery vanished in a moment, and he anxiously questioned the welcome messenger as to the fate of the princess. But the magpie knew more than the lesson he had learned, so he soon flutter away.",0.28034159800017733,5.215722613000253,0.4160205749999477,5.912084786000378,0.016566694126000314,0.30822140485759675,0.024584598451716563,0.34937269743531363,1
326,mic_fileid_326_doa143_3spk.wav,17.102125,3,"142,216,283",0,142,0.08638396775177559,enhanced_fileid_326_pred142_idx0_loudest.wav,143,1.0,text_fileid_326_doa143_spk1.txt,0.045454545454545456,2,44,I'M SURE THAT IS ALL YOU COULD EXPECT FROM US THAT'S A MEASLY SHAME FRANK OBJECTED BLUFF IMPETUOUSLY WHEN IT WAS ANDY LASHER WHO BROKE THE WINDOW ADDED JERRY FILLED WITH RIGHTEOUS INDIGNATION YOU ONLY DUCKED FRANK WHEN YOU SAW IT HEADED YOUR WAY,"I'm sure that is all you could expect from us. That's a measly shame, Frank, objected bluff, impetuously. When it was Andy Ratcher who broke the window, added Jerry filled with righteous indignation, you only dumped Frank when you saw it headed your way.",0.29107530999999653,5.171200393000163,0.5557913500001632,6.018067053000323,0.017019832915500063,0.3023718042640995,0.032498379587341523,0.3518900167669411,1
327,mic_fileid_327_doa189_3spk.wav,15.22,3,"191,265,307",2,307,0.10022338823034202,enhanced_fileid_327_pred307_idx2_loudest.wav,303,4.0,text_fileid_327_doa303_spk1.txt,0.0,0,33,THRILLED EVERY NERVE AND MADE ABSOLUTE EXHAUSTION IMPOSSIBLE I SEEMED TO BE WALKING AND WALLOWING IN A CLOUD BUT HOLDING STEADILY ONWARD BY HALF PAST TEN O'CLOCK I HAD GAINED THE HIGHEST SUMMIT,"Thrilled every nerve and made absolute exhaustion impossible. I seemed to be walking and wallowing in a cloud, but holding steadily onward, by half past ten o'clock, I had gained the highest summit.",0.24955148299977736,4.759017936000419,0.4257654220000404,5.434334841000236,0.016396286662271838,0.3126818617608685,0.027974075032854165,0.35705222345599447,1
328,mic_fileid_328_doa119_3spk.wav,17.21725,3,"121,153,262",0,121,0.06601680054001582,enhanced_fileid_328_pred121_idx0_loudest.wav,119,2.0,text_fileid_328_doa119_spk1.txt,0.08,4,50,LEAVING HARD BROWN DEPOSITS IN THE BOWL IT WAS NOT SO BAD WHERE THERE WERE ONLY MEN OR ELSE ONLY WOMEN IT WAS WHEN THEY WERE VILELY HERDED THAT IT ALL SEEMED SO ROTTEN IT WAS SOME SHAME THAT WOMEN GAVE OFF AT HAVING MEN SEE THEM TIRED AND POOR,"living hard, brown deposits in the bowl. It was not so bad where there were only men or else only women. It was when they were violently hurted that it all seemed so rotten. It was some shame that women gave off it, having men see them tired and poor.",0.2886356750000232,5.4752251400000205,0.6320618499999,6.395922664999944,0.01676433083099933,0.3180081104706048,0.03671096429452439,0.3714834055961285,1
329,mic_fileid_329_doa12_3spk.wav,17.304125,3,"194,280,354",0,194,0.07702835495860039,enhanced_fileid_329_pred194_idx0_loudest.wav,196,2.0,text_fileid_329_doa196_spk1.txt,0.045454545454545456,2,44,HE DID NOT CARE IN THE LEAST WHETHER THEY FOUND OR NOT AND WHEN CAPTAIN GLOMAX WAS HELD TO HAVE DISGRACED HIMSELF THOROUGHLY BY WASTING AN HOUR IN DIGGING OUT AND THEN KILLING A VIXEN HE HAD NOT A WORD TO SAY ABOUT IT,"He did not care in the least whether they found or not. And when Captain Gromax was held to have disgraced himself thoroughly by wasting an hour in digging out and then killing the Vixen, he had not a word to say about it.",0.3037347989998125,5.560910501999388,0.4700745879999886,6.334719888999189,0.017552739534637693,0.3213632877709441,0.02716546418845152,0.3660814914940333,1
330,mic_fileid_330_doa67_3spk.wav,16.471375,3,"70,289,353",0,70,0.0932710744395161,enhanced_fileid_330_pred70_idx0_loudest.wav,67,3.0,text_fileid_330_doa67_spk1.txt,0.05555555555555555,2,36,AND I WOULD HAVE REMOVED MY PALLET BED BUT HE WOULD NOT LET ME TILL HE WAS ABLE TO VENTURE HIMSELF WITHOUT ANYBODY TO SIT UP WITH HIM AND THEN I REMOVED TO MY OWN CHAMBER,"And I would have removed my pallet bed, but he would not let me, tell he was able to venture himself without anybody to sit up with him. And then I removed my own chamber.",0.2797666480000771,5.183645182999953,0.373396393999883,5.836808224999913,0.01698502086195458,0.31470628183742727,0.022669412480736006,0.35436071518011786,1
331,mic_fileid_331_doa39_3spk.wav,17.568875,3,"35,198,275",0,35,0.05913129484037597,enhanced_fileid_331_pred35_idx0_loudest.wav,39,4.0,text_fileid_331_doa39_spk1.txt,0.07142857142857142,3,42,MELANCHOLY FOLLOWED BUT BY DEGREES I GAINED A CLEAR CONCEPTION OF MY MISERIES AND SITUATION AND WAS THEN RELEASED FROM MY PRISON FOR THEY HAD CALLED ME MAD AND DURING MANY MONTHS AS I UNDERSTOOD A SOLITARY CELL HAD BEEN MY HABITATION,"Mellon, calling follow, but by degrees I gained a clear conception of my miseries and situation, and was then released from my prison. For they had called me mad, and during many months as I understood, a solitary cell had been my habitation.",0.31283817099983935,5.617495994000365,0.5077360889999909,6.438070254000195,0.017806386066258617,0.3197413604456953,0.028899749642478014,0.36644749615443195,1
332,mic_fileid_332_doa4_3spk.wav,15.695625,3,"7,80,152",2,152,0.08659195821331313,enhanced_fileid_332_pred152_idx2_loudest.wav,152,0.0,text_fileid_332_doa152_spk1.txt,0.045454545454545456,1,22,WE A COMMERCIAL PEOPLE WERE OBLIGED TO BRING SUCH SCHEMES UNDER CONSIDERATION AND THE QUESTION OF CONTAGION BECAME MATTER OF EARNEST DISQUISITION,"We, a commercial people, were obliged to bring such schemes under consideration, and the question of contagion became a matter of earnest disquisition.",0.2709931639997194,5.100508881999758,0.38968440899998313,5.761186454999461,0.017265522335027716,0.3249637323776376,0.02482758150758464,0.36705683622025,1
333,mic_fileid_333_doa167_3spk.wav,18.04875,3,"49,166,236",1,166,0.0829605379534798,enhanced_fileid_333_pred166_idx1_loudest.wav,167,1.0,text_fileid_333_doa167_spk1.txt,0.022727272727272728,1,44,THESE APARTMENTS ARE MINE NOW THEY HAVE BEEN TRANSFERRED INTO MY NAME AND THEY CAN NEVER AGAIN AFFORD YOU ACCOMMODATION WILL YOU BE SO OBLIGING I AM NOT STRONG AS TO HAND ME THAT WRITING CASE SIR FRANCIS WALKED TO THE TABLE SHE INDICATED,"These apartments are mine now. They have been transferred into my name and they can never again afford you accommodation. Will you be so bludging I am not strong as to hand me that writing case? Sir Francis walked to the table, she indicated.",0.31974069100033375,6.3963489700004175,0.5189810140000191,7.23507067500077,0.017715392534127503,0.35439290643398674,0.028754402050004523,0.40086270101811877,1
334,mic_fileid_334_doa122_3spk.wav,15.262375,3,"121,189,244",2,244,0.06717647976727112,enhanced_fileid_334_pred244_idx2_loudest.wav,245,1.0,text_fileid_334_doa245_spk1.txt,0.08108108108108109,3,37,BUT WHEN HE TOOK POSSESSION OF MECCA HE MADE THE OLD TEMPLE THE CENTRE OF WORSHIP FOR HIS OWN RELIGION AFTER MOHAMMED DIED A PERSON WAS APPOINTED TO BE HIS SUCCESSOR AS HEAD OF THE MOSLEM CHURCH,"But when he took possession of Mecca, he made the Old Temple the center of worship for his own religion. After Muhammad died, a person was appointed to be his successor as head of the Muslim Church.",0.2737842159999673,4.846891159000279,0.3854697380002108,5.506145113000457,0.017938506687194312,0.3175712272172764,0.02525620933833763,0.36076594324280836,1
335,mic_fileid_335_doa43_3spk.wav,14.07575,3,"42,105,330",1,105,0.09089656567547773,enhanced_fileid_335_pred105_idx1_loudest.wav,104,1.0,text_fileid_335_doa104_spk1.txt,0.13513513513513514,5,37,BUT I WAS NATURALLY DESIROUS OF DISCOVERING NEXT WHAT LADY RACHEL HAD SAID AND I ASKED TO SPEAK WITH CRISTEL HER FAR SEEING FATHER MIGHT OR MIGHT NOT HAVE PERCEIVED A CHANCE OF LISTENING TO OUR CONVERSATION,"But I was naturally in desires of discovering next what Lady Rachel had said, and I asked to speak with Crystal. Her far-seeing father might or might not have perceived a chance of listening to our conversation.",0.2520055179998053,4.050091149999844,0.41929824299995744,4.7213949109996065,0.01790352329359397,0.2877353711169809,0.029788696374968116,0.335427590785543,1
336,mic_fileid_336_doa91_3spk.wav,16.955,3,"88,146,209",0,88,0.10509430884869723,enhanced_fileid_336_pred88_idx0_loudest.wav,91,3.0,text_fileid_336_doa91_spk1.txt,0.02857142857142857,1,35,BUT THE MAJESTIC AND IMPOSING ORDER OF HUMAN SOCIETIES THAT I SOMETIMES FIND MYSELF EMBARRASSED IN ATTACKING CERTAIN ABUSES I LIKE TO REBUILD WITH ONE HAND WHEN I AM COMPELLED TO DESTROY WITH THE OTHER,"but the majestic and opposing order of human societies, that I sometimes find myself embarrassed in attacking certain abuses. I like to rebuild with one hand when I am compelled to destroy with the other.",0.3215406079998502,5.5888372399995205,0.3737294410002505,6.284107288999621,0.018964353170147462,0.32962767561188566,0.022042432379843737,0.3706344611618768,1
337,mic_fileid_337_doa165_3spk.wav,17.002,3,"160,210,307",2,307,0.07737335514063624,enhanced_fileid_337_pred307_idx2_loudest.wav,302,5.0,text_fileid_337_doa302_spk1.txt,0.04878048780487805,2,41,WHICH YOU MUST ACKNOWLEDGE TO BE TRUE CERTAINLY MY DEAR NOBODY SAID THERE WERE BUT AS TO NOT MEETING WITH MANY PEOPLE IN THIS NEIGHBOURHOOD I BELIEVE THERE ARE FEW NEIGHBOURHOODS LARGER I KNOW WE DINE WITH FOUR AND TWENTY FAMILIES,"which you must acknowledge to be true. Certainly, my dear, nobody said there were, but as to not meeting with many people in this neighborhood, I believe there are few neighborhoods larger. I know we dine with four and twenty families.",0.2881105970000135,5.378173382000114,0.465840936999939,6.132124916000066,0.016945688566051848,0.31632592530291226,0.02739918462533461,0.3606707984942987,1
338,mic_fileid_338_doa129_3spk.wav,14.89325,3,"52,134,174",2,174,0.08692613975179478,enhanced_fileid_338_pred174_idx2_loudest.wav,175,1.0,text_fileid_338_doa175_spk1.txt,0.03333333333333333,1,30,SHALL MY FEAR SHALL MY ZEAL SHALL MY JEALOUSY HAVE LEAVE TO SAY TO THEE HAST THOU CONSIDERED MY HEART THAT THERE IS NOT SO PERVERSE A HEART UPON EARTH,"Shall my fear, shall my zeal, shall my jealousy have led to say to thee, Hast thou considered my heart, that there is not so perverse a heart upon earth?",0.2726555539998117,4.804755610000029,0.32968309999978374,5.407094263999625,0.01830732405618731,0.3226129696338965,0.022136410790108522,0.36305670448019234,1
339,mic_fileid_339_doa48_3spk.wav,16.987875,3,"48,81,238",0,48,0.10607567583908085,enhanced_fileid_339_pred48_idx0_loudest.wav,48,0.0,text_fileid_339_doa48_spk1.txt,0.0,0,43,BUT HAS ALWAYS SOUGHT POSITIVELY TO PROVE OR TO DISPROVE SOMETHING THAT WAS CONCEIVED OF OR SUSPECTED IN ADVANCE AS I SUSPECTED SAYS THIS CORRESPONDENT I FOUND THAT THE SNAILS WERE OF A FAMILIAR LAND SPECIES THAT THEY HAD BEEN UPON THE GROUND,"but has always sought positively to prove or to disprove something that was conceived of or suspected in advance. As I suspected, says this correspondent, I found that the snails were of a familiar land species, that they had been upon the ground.",0.2853317990002324,5.586279827999988,0.43770386500000313,6.3093154920002235,0.01679620311547103,0.32883923551356414,0.02576566315681056,0.37140110178584573,1
340,mic_fileid_340_doa68_3spk.wav,16.468,3,"68,114,249",0,68,0.08981067273486978,enhanced_fileid_340_pred68_idx0_loudest.wav,68,0.0,text_fileid_340_doa68_spk1.txt,0.04878048780487805,2,41,THOUGH SHE FOUND SOMETHING OF GANEM IN THE OBJETS SHE BEHELD YET IN OTHER RESPECTS HE APPEARED SO DIFFERENT THAT SHE DURST NOT IMAGINE IT WAS HE THAT LAY BEFORE HER UNABLE HOWEVER TO WITHSTAND THE EARNEST DESIRE OF BEING SATISFIED,"Though she found something of Ghanim in the objects she beheld, yet in other respects he appeared so different that she durst not imagine it was he that lay before her. Unable, however, to withstand the earnest desire of being satisfied.",0.2781426520000423,5.080284777000088,0.47879958699968483,5.837227015999815,0.016889886567891806,0.3084943391425849,0.029074543781860872,0.35445876949233757,1
341,mic_fileid_341_doa16_3spk.wav,17.56025,3,"14,141,195",2,195,0.06539087610584665,enhanced_fileid_341_pred195_idx2_loudest.wav,196,1.0,text_fileid_341_doa196_spk1.txt,0.058823529411764705,2,34,ARE LONG SLENDER SHARP NOSED SLIPPERY PEOPLE WITH A FRINGE OF FINS ALONG THEIR BACKS AND ANOTHER FRINGE ALONG THEIR BELLIES THEY BREATHE THROUGH VERY SMALL GILL OPENINGS IN THE BACKS OF THEIR HEADS,"are long, slender, sharp-nosed, slippery people with a fringe of fins along their backs and another fringe along their bellies. They breathe through very small gill openings in the backs of their heads.",0.2973713860001226,5.597652766000465,0.5627670520002539,6.457791204000841,0.01693434808730642,0.3187683982859279,0.032047781324312234,0.3677505276975465,1
342,mic_fileid_342_doa2_3spk.wav,16.911375,3,"58,329,359",0,58,0.07345872097352296,enhanced_fileid_342_pred58_idx0_loudest.wav,60,2.0,text_fileid_342_doa60_spk1.txt,0.06666666666666667,4,60,AND AS I WAS GOING ALONG MY HEART WAS EVEN OVERWHELMED WITH THE THOUGHTS OF MY CONDITION AND THAT I SHOULD HAVE CHILDREN AND A NATION WHICH I KNEW NOT RULED OVER THEM WHEREUPON I EARNESTLY ENTREATED THE LORD THAT HE WOULD CONSIDER MY LOW ESTATE AND SHOW ME A TOKEN FOR GOOD AND IF IT WERE HIS BLESSED WILL,"And as I was going along, my heart was even overwhelmed with the thoughts of my condition, and that I should have children and a nation which I knew not rule over them. Whereupon I earnestly insreated the Lord, that He would consider my lowest state and show me a token for good, and if it were His blessed will.",0.3278555970000525,6.4836878679998335,0.6576823430000331,7.469225807999919,0.01938669073331131,0.3833921173174762,0.0388899390499018,0.4416687471006893,1
343,mic_fileid_343_doa17_3spk.wav,16.14975,3,"21,50,216",1,50,0.11175396938950717,enhanced_fileid_343_pred50_idx1_loudest.wav,53,3.0,text_fileid_343_doa53_spk1.txt,0.07407407407407407,4,54,THEO'S IN GOINGS AND OUT GOINGS ARE SCARCELY OUR BUSINESS SO LONG AS SHE ENJOYS HERSELF SHE SAID PRESENT MY REGARDS TO THE MISS GOWERS MY DEAR AND SAY I REGRET THAT MY HEALTH DOES NOT PERMIT ME TO ACCOMPANY YOU A POLITE FICTION BY THE WAY AS MY LADY WAS LOOKING HER BEST,"Theo's ingoings and outgoings are scarcely our business so long as she enjoys herself, she said. Present my regards to the Miss Gowers, my dear, and say I regret that my health does not permit me to accompany you. A polite fiction, by the way, as my lady was looking her best.",0.3055847850000646,7.101003824000145,0.6487390500001311,8.05532765900034,0.018921951423400644,0.43969744571898295,0.040170222449272035,0.49878961959165563,1
344,mic_fileid_344_doa9_3spk.wav,17.27225,3,"22,212,314",2,314,0.07716306893049751,enhanced_fileid_344_pred314_idx2_loudest.wav,314,0.0,text_fileid_344_doa314_spk1.txt,0.02564102564102564,1,39,ONE SPRING AFTER THEY HAD BEEN IN THAT LAND FOR FOUR YEARS ERIC SAID MY EYES ARE HUNGRY FOR THE SIGHT OF MEN AND GREEN FIELDS AGAIN MY STOMACH IS SICK OF SEAL AND WHALE AND BEAR MY THROAT,"One spring, after they had been in that land for four years, Eric said, My eyes are hungry for the sight of men in green fields again. My stomach is sick of seal and whale and bear. My throat.",0.3250570449999941,6.412076865000017,0.4470837409999149,7.184217650999926,0.018819612094544375,0.3712357605407528,0.025884510761476638,0.4159398833967738,1
345,mic_fileid_345_doa61_3spk.wav,16.96025,3,"69,148,308",0,69,0.06260675895257631,enhanced_fileid_345_pred69_idx0_loudest.wav,61,8.0,text_fileid_345_doa61_spk1.txt,0.06060606060606061,2,33,IN SUCH A WORLD THE MENTAL OR THE PHYSICAL STATUS OF ANY PIECE OF EXPERIENCE WOULD BE UNEQUIVOCAL WHEN ACTIVE IT WOULD FIGURE IN THE PHYSICAL AND WHEN INACTIVE IN THE MENTAL GROUP,"In such a world, the mental or the physical status of any piece of experience would be unequivocal. When active, it would figure into physical, and when inactive, in the mental group.",0.2900542200000018,5.2830000299995845,0.40232151500003965,5.975375764999626,0.017102001444554288,0.31149305169437863,0.023721437773620065,0.35231649091255296,1
346,mic_fileid_346_doa62_3spk.wav,16.81725,3,"63,260,292",2,292,0.06336160941479174,enhanced_fileid_346_pred292_idx2_loudest.wav,292,0.0,text_fileid_346_doa292_spk1.txt,0.0,0,49,IT WAS THAT SAME DAY THAT THE THREE BOYS FROM BRIGHTON WERE FOR THE FIRST TIME ASSIGNED TO A REGULAR UNIT OF THE SIGNAL CORPS ALSO WITH A REAL THRILL THEY LEARNED THAT THEY WERE ALMOST IMMEDIATELY TO SEE WAR SERVICE FOR AMERICAN TROOPS WERE ALREADY IN THE TRENCHES,"It was that same day that the three boys from Brighton were for the first time assigned to a regular unit of the signal corps. Also, with a real thrill, they learned that they were almost immediately to see war service for American troops were already in the trenches.",0.29526003299997683,5.130344985000647,0.4407977490000121,5.866402767000636,0.017556974713462476,0.30506444186776355,0.026211048120234406,0.34883246470146045,1
347,mic_fileid_347_doa18_3spk.wav,17.064625,3,"16,192,313",0,16,0.05556016777181478,enhanced_fileid_347_pred16_idx0_loudest.wav,18,2.0,text_fileid_347_doa18_spk1.txt,0.0,0,33,HE REMEMBERED HAVING HEARD FROM THE OLD OLD PEOPLE OF THE TRIBE THAT THERE WAS A PATH THAT LED TO THE LAND OF SOULS THAT IF YOU SOUGHT CAREFULLY YOU COULD FIND IT,"He remembered having heard from the old, old people of the tribe that there was a path that led to the land of souls. That if you sought carefully, you could find it.",0.2756283879998591,5.285007607999887,0.3303518669999903,5.8909878629997365,0.01615203310942134,0.30970546425719214,0.019358870587545304,0.3452163679541588,1
348,mic_fileid_348_doa57_3spk.wav,17.426125,3,"69,173,233",1,173,0.0722178773632296,enhanced_fileid_348_pred173_idx1_loudest.wav,173,0.0,text_fileid_348_doa173_spk1.txt,0.1956521739130435,9,46,ONLY TO FIND EVERY SEMBLANCE OF A ROAD GONE I LOST MORE THAN A HALF DAY'S PRECIOUS TIME AND AGAIN WAS THROWN INTO ANXIETY LEST I HAD MISSED THE LONG SOUGHT TRAIN THE NEXT INCIDENT THAT I REMEMBER VIVIDLY WAS MY ATTEMPT TO CROSS THE COLUMBIA,only to find every semblance of a road gone. I had lost more than a half a day's precious time and again was thrown in anxiety lest I'd miss the long-stop train. The next incident that I remembered vividly was my attempt to cross the Columbia.,0.2892704640003103,5.447446148999461,0.4993983579997803,6.236114970999552,0.016599815736448024,0.3126022652195747,0.02865802684186991,0.3578601077978926,1
349,mic_fileid_349_doa87_3spk.wav,16.440875,3,"87,169,356",1,169,0.11223036676625948,enhanced_fileid_349_pred169_idx1_loudest.wav,166,3.0,text_fileid_349_doa166_spk1.txt,0.0625,2,32,AND I FOUND NO BETTER OR MORE CONGENIAL COMPANIONS ON BOARD THE SHIP THAN THESE FOUR HONEST HARD WORKING WOMEN SO FULL OF HOPE COURAGE AND GOOD SENSE AS WELL AS CHRISTIANITY,"And I found no better or more congenial companions on board the ship than these four honest, hardworking women, so full of hope, courage, and good sense, as well as Christianity.",0.265556978999939,4.9964557819998845,0.35370482100006484,5.615717581999888,0.01615224122803312,0.303904493039445,0.021513746744018482,0.34157048101149656,1
350,mic_fileid_350_doa97_3spk.wav,15.88575,3,"209,273,333",0,209,0.07300374857092869,enhanced_fileid_350_pred209_idx0_loudest.wav,216,7.0,text_fileid_350_doa216_spk1.txt,0.045454545454545456,2,44,VERY CROSS AND I DON'T WONDER I'M A GREAT TRIAL TO HER SHE WAS TERRIBLY MORTIFIED ABOUT THE PUDDING SAUCE LAST WEEK WE HAD A PLUM PUDDING FOR DINNER ON TUESDAY AND THERE WAS HALF THE PUDDING AND A PITCHERFUL OF SAUCE LEFT OVER,"very cross, and I don't wonder, I'm a great trial to her. She was terribly mortified about the pudding sauce last week. We had a plum pudding for dinner on Tuesday, and there was half the pudding, and a pitcher full of sauce left over.",0.2750141569999869,4.795781610000176,0.49055088599970986,5.561346652999873,0.017312003336322608,0.30189204853407464,0.030879932392220064,0.35008398426261733,1
351,mic_fileid_351_doa35_3spk.wav,15.55575,3,"56,140,223",0,56,0.051322531115494174,enhanced_fileid_351_pred56_idx0_loudest.wav,35,21.0,text_fileid_351_doa35_spk1.txt,0.21428571428571427,6,28,BUT HE WAS RESOLVED TO MARRY HER HAROON THOUGHT THIS SUCH AN EXTRAORDINARY STORY THAT HE ORDERED HIS HISTORIOGRAPHER TO COMMIT IT TO WRITING WITH ALL ITS CIRCUMSTANCES,But who was resolved to marry her? Who thought this such an extraordinary story that he boarded his historiographer to make it to Rhyland with all of circumstances?,0.2601580840000679,4.581852297999831,0.3274033689999669,5.169413750999865,0.016724239204157172,0.2945439659289864,0.021047096347007823,0.3323153014801514,1
352,mic_fileid_352_doa234_3spk.wav,16.027625,3,"233,269,333",0,233,0.09460921339907451,enhanced_fileid_352_pred233_idx0_loudest.wav,234,1.0,text_fileid_352_doa234_spk1.txt,0.02631578947368421,1,38,AND TO SHOW SOME DEGREE OF PRECIPITANCY AND INDISCRETION MOVED BY THIS EXAMPLE THE HOUSE OF PEERS WERE ROUSED FROM THEIR INACTIVITY AND CLAIMED LIBERTY FOR THE EARL OF ARUNDEL WHO HAD BEEN LATELY CONFINED IN THE TOWER,"and to show some degree of precipitancy and discretion. Moved by this example, the House of Peers were roused from their inactivity and claimed liberty for the Earl of Arundel, who had been lately confined in the tower.",0.2817052790001071,4.813188453999828,0.45370840399982626,5.548602136999762,0.01757623347190286,0.30030578167381805,0.02830789989158258,0.3461899150373035,1
353,mic_fileid_353_doa27_3spk.wav,17.324,3,"26,312,353",2,353,0.0978780541566623,enhanced_fileid_353_pred353_idx2_loudest.wav,354,1.0,text_fileid_353_doa354_spk1.txt,0.0,0,39,HOLD YOUR TONGUE SAID UNCLE JOHN I SAY I'VE GOT THREE NIECES AS FINE A TRIO OF INTELLIGENT SWEET AND ATTRACTIVE YOUNG WOMEN AS YOU'LL RUN ACROSS IN A MONTH OF SUNDAYS I DARE YOU TO DENY IT SIR,"Hold your tongue, said Uncle John. I say I've got three nieces, as fine a trio of intelligent, sweet and attractive young women as you'll run across in a month of Sundays. I dare you to deny it, sir.",0.27841084300007424,5.2891613939996205,0.3908079600000747,5.958380196999769,0.01607081753637002,0.3053083233664061,0.022558760101597474,0.34393790100437366,1
354,mic_fileid_354_doa100_3spk.wav,17.23375,3,"199,278,332",2,332,0.11352938689224033,enhanced_fileid_354_pred332_idx2_loudest.wav,331,1.0,text_fileid_354_doa331_spk1.txt,0.038461538461538464,2,52,A PICTURE TO WRING THE HEART OF THE ONLOOKER WITH ENVY OR SYMPATHY ACCORDING TO HIS NATURE BUT THERE WAS ONLY ONE ONLOOKER A MAN OF FORTY OR THEREABOUTS WHO PAUSED FOR AN INSTANT UNDER THE GREAT GATE OF THE CASTLE AND TOOK IN THE FULL CHARM AND MEANING OF THE SCENE,"A picture to ring the heart of the onlooker with envy or sympathy according to his nature. But there was only one onlooker, a man of 40 or thereabouts, who paused for an instant under the great gate of the castle and took in the full charm and meaning of the scene.",0.27888606899978186,5.327446656999655,0.5408748749996448,6.1472076009990815,0.016182552781593203,0.3091286955537625,0.03138463044895306,0.35669587878430875,1
355,mic_fileid_355_doa22_3spk.wav,16.643125,3,"18,160,284",2,284,0.08331625562589998,enhanced_fileid_355_pred284_idx2_loudest.wav,285,1.0,text_fileid_355_doa285_spk1.txt,0.02631578947368421,1,38,CARRIED DAINTY MESSES TO THEIR SICK RESOLVED BEFORE LONG TO TEACH AT THE SCHOOL WHERE HER FATHER WENT EVERY DAY AS TO AN APPOINTED TASK BUT SHE WAS CONTINUALLY TEMPTED OFF TO GO AND SEE SOME INDIVIDUAL FRIEND,"carried dating messes to their sick, resolved before long to teach at the school where her father went every day as to an appointed task, but she was continually tempted off to go and see some individual friend.",0.28699106400017627,5.044993622999755,0.39380417600023065,5.725788863000162,0.017243820736801307,0.30312778537683005,0.023661672672663975,0.3440332787862953,1
356,mic_fileid_356_doa17_3spk.wav,16.634375,3,"27,203,291",1,203,0.10339032178943991,enhanced_fileid_356_pred203_idx1_loudest.wav,181,22.0,text_fileid_356_doa181_spk1.txt,0.05405405405405406,2,37,BUT TO WHOM THEY HAD LATTERLY ADVANCED MONEY THE LETTERS HINTED AT THE UTTER INSOLVENCY OF THIS MANUFACTURER THEY HAD URGED THEIR CORRESPONDENT TO GIVE THEM HIS NAME IN CONFIDENCE AND THIS MORNING'S LETTER HAD BROUGHT IT,"But to whom they had laterally advanced money. The letters hinted at the utter insolvency of this manufacturer. They had urged their correspondent to give them his name and confidence, and this morning's letter had brought it.",0.2795411540000714,5.05598466399988,0.4252209659998698,5.760746783999821,0.01680502898366013,0.303947979049401,0.025562785857591273,0.3463157938906524,1
357,mic_fileid_357_doa155_3spk.wav,15.672625,3,"155,218,329",1,218,0.1105274702851206,enhanced_fileid_357_pred218_idx1_loudest.wav,234,16.0,text_fileid_357_doa234_spk1.txt,0.05405405405405406,2,37,POSSIBLY THERE IS SOMETHING YOU OUGHT TO DO AND ARE NOT DOING AND THAT IS WHY YOU CANNOT REST I THINK JESUS WOULD GIVE NO REST EXCEPT IN THE WAY OF LEARNING OF HIM HELEN'S SOBS CEASED,"Possibly there is something you ought to do and are not doing, and that is why you cannot rest. I think Jesus would give no rest except in the way of learning of Him. Helan Sab ceased.",0.2681025470001259,4.633584804999828,0.39660978899974,5.2982971409996935,0.017106422631826254,0.2956482915274134,0.02530589413067307,0.33806060828991275,1
358,mic_fileid_358_doa96_3spk.wav,15.0745,3,"132,215,301",2,301,0.09849793217753029,enhanced_fileid_358_pred301_idx2_loudest.wav,326,25.0,text_fileid_358_doa326_spk1.txt,0.2,6,30,AND TO WARN YO IF NEED WERE MY MOTHER NIVER BADE YO TO COME SPYING AFTER ME AND BLAMING ME FOR SEEING A LAD AS MY FEYTHER THINKS WELL ON,"And to warn you, if need be, my mother never bids you to come spying after me, and blaming me for seeing a lad as my feather thinks well on.",0.25476026100022864,4.354848154999672,0.3295539410000856,4.9391623569999865,0.016900080334354615,0.2888883979567927,0.02186168304090256,0.3276501613320499,1
359,mic_fileid_359_doa92_3spk.wav,17.17175,3,"93,264,291",2,291,0.08251264739297559,enhanced_fileid_359_pred291_idx2_loudest.wav,291,0.0,text_fileid_359_doa291_spk1.txt,0.045454545454545456,2,44,AND A STORM OF LAUGHTER RIPPLED ROUND THE THRONG OF HEADS SHE HEARD AN INDRAWN HISS BEHIND HER CHAIR AND THE NEXT INSTANT AN EXCLAMATION FROM MABEL WHAT WAS THAT THERE WAS A SHARP CRACK AND THE TINY GESTICULATING FIGURE STAGGERED BACK A STEP,"And a storm of laughter rippled around the throng of heads. She heard an in-rong hiss behind her chair, and the next instant an exclamation from Mabel. What was that? There was a sharp crack, and the tiny gesticulating figure staggered back a step.",0.2878083239997977,5.257455572000254,0.5312527039995985,6.07651659999965,0.016760570355368425,0.3061688862230264,0.030937598322803354,0.3538670549011982,1
360,mic_fileid_360_doa3_3spk.wav,16.78425,3,"6,107,299",1,107,0.0660160149784379,enhanced_fileid_360_pred107_idx1_loudest.wav,104,3.0,text_fileid_360_doa104_spk1.txt,0.11764705882352941,4,34,WHOSE EYES WERE CLOSED HIS COUNTENANCE PALE DISFIGURED AND BATHED IN TEARS SHE GAZED EARNESTLY ON HIM HER HEART BEAT AND SHE FANCIED SHE BEHELD GANEM BUT YET SHE WOULD NOT BELIEVE HER EYES,"whose eyes were closed, his countenance pale, disfigured, and bathed in tears. She gazed earnestly on him, her heart beat, and she fancied to be held gatham, but yet she would not believe her eyes.",0.2754977880003935,5.096736552999573,0.47428113099977054,5.846515471999737,0.016414066044082607,0.3036618587663776,0.028257511119041394,0.3483334359295016,1
361,mic_fileid_361_doa8_3spk.wav,15.306875,3,"17,208,283",0,17,0.037983619057349025,enhanced_fileid_361_pred17_idx0_loudest.wav,230,147.0,text_fileid_361_doa230_spk1.txt,0.9487179487179487,37,39,MODE BEARD THE OYSTERS AND SCALD THEM IN THEIR OWN LIQUOR THEN ADD IT WELL STRAINED TO THE BROTH THICKEN WITH THE BUTTER AND FLOUR AND SIMMER FOR ONE QUARTER OF AN HOUR PUT IN THE OYSTERS STIR WELL,"Wineland green, the great of the fat, Our dragon fed and crawls away, With belly stuffed in the lazy feet, How long her purple trailing tail, She fed and grew to twice her size.",0.2589459830001033,4.4812374780003665,0.39602903200011497,5.136212493000585,0.0169169724715269,0.2927597878731202,0.025872624686627085,0.3355493850312742,1
362,mic_fileid_362_doa47_3spk.wav,16.986,3,"66,143,256",2,256,0.08213429650655972,enhanced_fileid_362_pred256_idx2_loudest.wav,265,9.0,text_fileid_362_doa265_spk1.txt,0.041666666666666664,2,48,QUITE REPLIED THORNDYKE I HAVE ENTERTAINED IT FROM THE FIRST AND THE NEW FACTS THAT YOU HAVE GATHERED INCREASE ITS PROBABILITY YOU REMEMBER I SAID THAT FOUR HYPOTHESES WERE POSSIBLE THAT THE ROBBERY WAS COMMITTED EITHER BY REUBEN BY WALTER BY JOHN HORNBY OR BY SOME OTHER PERSON,"Quite, replied Thorndike, I have entertained it from the first, and the new facts that you have gathered increase its probability. You remember I said that four hypotheses were possible, that the robbery was committed either by Rubin, by Walter, by John Hornby, or by some other person.",0.28463579000026584,5.194178294999347,0.5327070119997188,6.011521096999331,0.016757081714368648,0.305791728187881,0.03136153373364646,0.3539103436358961,1
363,mic_fileid_363_doa95_3spk.wav,16.91775,3,"184,266,337",2,337,0.08943133305468888,enhanced_fileid_363_pred337_idx2_loudest.wav,336,1.0,text_fileid_363_doa336_spk1.txt,0.0,0,25,CHARLES GAVE THEM A GRACIOUS AND A COMPLIANT ANSWER TO ALL THEIR REMONSTRANCES HE WAS HOWEVER IN HIS HEART EXTREMELY AVERSE TO THESE FURIOUS MEASURES,"Charles gave them a gracious and a compliant answer to all their remonstrances. He was, however, in his heart extremely averse to these furious measures.",0.2749032210003861,5.256575424999937,0.31604708099985146,5.847525727000175,0.016249396107661247,0.3107136247432393,0.018681389723802008,0.3456444105747026,1
364,mic_fileid_364_doa50_3spk.wav,16.970625,3,"216,301,348",2,348,0.09070944491947279,enhanced_fileid_364_pred348_idx2_loudest.wav,345,3.0,text_fileid_364_doa345_spk1.txt,0.0,0,32,DEAR ME IT IS A SAD PITY YOU CANNOT FLY YOURSELF BUT I HAVE NO TIME TO LOOK FOR ANOTHER NURSE NOW SO YOU WILL DO YOUR BEST I HOPE DEAR DEAR,"Dear me, it is a sad pity you cannot fly yourself. But I have no time to look for another nurse now. So you will do your best, I hope. Dear, dear.",0.28400312699977803,5.205544488000214,0.3885651810001036,5.878112796000096,0.01673498336094151,0.30673852542261787,0.02289633887968791,0.3463698476632473,1
365,mic_fileid_365_doa174_3spk.wav,17.051875,3,"169,212,263",1,212,0.08700527231418029,enhanced_fileid_365_pred212_idx1_loudest.wav,212,0.0,text_fileid_365_doa212_spk1.txt,0.024390243902439025,1,41,THIS THIRD BOOK THE STORY OF ANCIENT IRISH CIVILISATION GIVES IN SIMPLE PLAIN LANGUAGE AN ACCOUNT OF THE CONDITION OF THE COUNTRY IN THE OLDEN TIME BUT AS IT IS HERE TO SPEAK FOR ITSELF I NEED NOT DESCRIBE IT FURTHER,"This third book, the story of ancient Irish civilization, gives in simple, plain language an account of the condition of the country in the olden time. But as it is here to speak for itself, I need not describe it further.",0.27206447999969896,5.271101991999785,0.4586482959998648,6.001814767999349,0.01595510640323712,0.30912154774766915,0.026897235406655562,0.3519738895575618,1
366,mic_fileid_366_doa75_3spk.wav,15.865125,3,"76,183,358",1,183,0.07763565522644462,enhanced_fileid_366_pred183_idx1_loudest.wav,180,3.0,text_fileid_366_doa180_spk1.txt,0.13157894736842105,5,38,UP STEPPED THE SERVANT'S COMRADE AND KNOCKED UPON THE DOOR RAP TAP TAP BY AND BY IT WAS OPENED A CRACK AND THERE STOOD AN UGLY OLD WOMAN BLEAR EYED AND CROOKED AND GNARLED AS A WINTER TWIG,"Up stepped the servant's comrade and knocked upon the door. RAP! Tap, tap! By and by it was open to crap, and there stood an ugly old woman, Blurried and crooked and gnarled as a winter twig.",0.2627421199999844,4.692496131999633,0.4782490110001163,5.4334872629997335,0.016560986440383195,0.2957742931114399,0.03014467336375328,0.34247995291557637,1
367,mic_fileid_367_doa110_3spk.wav,16.839375,3,"39,262,298",1,262,0.06265365153675671,enhanced_fileid_367_pred262_idx1_loudest.wav,261,1.0,text_fileid_367_doa261_spk1.txt,0.0,0,39,IT WAS HER OWN HEART SINKING WITH ALARM AND TERROR AND OVERFLOWING WITH LOVE SHE OPENED THE DOOR AND STEPPED ACROSS THE THRESHOLD AND ONTO THE COLD DAMP EARTHEN FLOOR OF THE PASSAGE THE COLD SHE FELT REFRESHED HER,"It was her own heart, sinking with alarm and terror and overflowing with love. She opened the door and stepped across the threshold and onto the cold damp earthen floor of the passage. The cold she felt refreshed her.",0.27676298100004715,5.239027010999962,0.41932412599999225,5.935114118000001,0.01643546634005402,0.31111766386816386,0.024901406732731602,0.35245453694094947,1
368,mic_fileid_368_doa76_3spk.wav,15.353375,3,"78,265,293",0,78,0.08883844196928042,enhanced_fileid_368_pred78_idx0_loudest.wav,76,2.0,text_fileid_368_doa76_spk1.txt,0.0,0,32,BUT WITH THE PROSPECT BEFORE HIM OF APPROACHING AN INEVITABLE ANNIHILATION HIS AVARICE WOULD BE LIKELY TO GET THE VICTORY OVER HIS CAUTION HIS VANITY OR HIS AMBITION AN AMBITIOUS MAN TOO,"But with the prospect before him of approaching an inevitable annihilation, his avarice would be likely to get the victory over his caution, his vanity, or his ambition. An ambitious man too.",0.25060326699986035,4.65153269800021,0.4062345639999876,5.308370529000058,0.016322356941054352,0.3029648333347039,0.02645897491593787,0.34574616519169615,1
369,mic_fileid_369_doa27_3spk.wav,15.974,3,"25,75,161",1,75,0.09427594117750267,enhanced_fileid_369_pred75_idx1_loudest.wav,75,0.0,text_fileid_369_doa75_spk1.txt,0.14285714285714285,4,28,WHEN SHE PAUSED IN HER LAMENTATIONS ADORABLE PRINCESS SAID HE WHY DO YOU MOURN YOUR TROUBLES ARE NOT WITHOUT REMEDY WHO SPEAKS TO ME SO GENTLY ASKED SHE,"When she paused in her lanyardation, adorable princess said to her, Why do you mourn? Your troubles are not without remedy. Who speaks to me so gently, after she?",0.3126141990001088,5.218640292000146,0.37977430700038894,5.911028798000643,0.01957018899462306,0.32669589908602387,0.023774527795191496,0.3700406158758384,1
370,mic_fileid_370_doa148_3spk.wav,16.74225,3,"151,292,332",1,292,0.10946085613064183,enhanced_fileid_370_pred292_idx1_loudest.wav,297,5.0,text_fileid_370_doa297_spk1.txt,0.09090909090909091,4,44,BY THE TIME THE WAR VESSEL HAD ARRIVED AT DE LOS CAYOS L'OLONNOIS HAD MADE HIS PREPARATION TO ATTACK THE PLACE HE HAD PROCURED TWO LARGE CANOES AND IN THESE HE HAD INTENDED TO ROW UP TO THE TOWN AND LAND WITH HIS MEN,"By the time the war vessel had arrived at the Los Caos, Long Hua had made his preparation to attack the place. He had procured two large canoes, and in these he had intended to row up to the town and land with his men.",0.2888660379999237,5.638757713000359,0.4643357139998443,6.391959465000127,0.017253716674874867,0.33679808347147844,0.0277343674834532,0.3817861676298065,1
371,mic_fileid_371_doa68_3spk.wav,16.5555,3,"187,249,306",2,306,0.11198892085227753,enhanced_fileid_371_pred306_idx2_loudest.wav,306,0.0,text_fileid_371_doa306_spk1.txt,0.05357142857142857,3,56,AND WHO BEGAN TO RUB A CROW BAR ON A STONE IN ORDER TO REDUCE IT TO THE PROPER SIZE BARTHOLEMY CAREFULLY KNOCKED ALL THE NAILS OUT OF THE BOARD AND THEN FINDING A LARGE FLAT STONE HE RUBBED DOWN ONE OF THEM UNTIL HE HAD FORMED IT INTO THE SHAPE OF A RUDE KNIFE BLADE,"and who began to rub a crowbar on a stone in order to reduce it to the proper size. Bartholomew carefully knocked all the nails out of the board, and then finding a large, flat stone, he rubbed down one of them until he had formed it into the shape of a rude knife blade.",0.27856112900008156,5.052558455000053,0.5678282700000636,5.898947854000198,0.01682589646945617,0.30518911872187815,0.03429846697472524,0.35631348216605957,1
372,mic_fileid_372_doa161_3spk.wav,16.864125,3,"1,159,227",1,159,0.08793492167986673,enhanced_fileid_372_pred159_idx1_loudest.wav,161,2.0,text_fileid_372_doa161_spk1.txt,0.030303030303030304,1,33,AND PERHAPS LOST FOREVER TO THE COUNTRY AT LENGTH CONGRESS HAVING SANCTIONED THE ENLARGEMENT OF THEIR OWN LIBRARY THEIR LIBRARIAN MISTER SPOFFORD INDUCED THEM TO PURCHASE THE WHOLE MASS JUST AS IT STOOD,"and perhaps lost forever to the country. At length, Congress, having sanctioned the enlargement of their own library, their librarian, Mr. Spofford, induced them to purchase the whole mass, just as it stood.",0.2754697249997662,5.122233942999628,0.4009481670000241,5.7986518349994185,0.016334658631845186,0.3037355298896105,0.023775213181829718,0.3438454017032854,1
373,mic_fileid_373_doa55_3spk.wav,18.24525,3,"67,174,278",1,174,0.12752642888826166,enhanced_fileid_373_pred174_idx1_loudest.wav,176,2.0,text_fileid_373_doa176_spk1.txt,0.09090909090909091,3,33,A FEW REMAINED FOR THE SUMMER HERE MEN BUILT BOATS AND ROWED AWAY TO KEECHAWIK AND NEUKLUK CARRYING SUPPLIES FOR HUNTING OR PROSPECTING THE CAPTAIN'S VEGETABLE GARDEN IN THE SAND WAS GROWING RAPIDLY,A few remained for the summer. Here men built boats and rode away to Kuchowit and Newcloc carrying supplies for hunting or prospecting. The captain's vegetable garden in the sand was growing rapidly.,0.30444395099993926,5.747997467000459,0.38756910599977346,6.440010524000172,0.016686203313187778,0.31504076222581,0.021242192132186376,0.35296915767118414,1
374,mic_fileid_374_doa92_3spk.wav,16.93675,3,"85,188,256",2,256,0.09123378369706851,enhanced_fileid_374_pred256_idx2_loudest.wav,253,3.0,text_fileid_374_doa253_spk1.txt,0.06060606060606061,2,33,CORONEL SHOOK HIM SOLEMNLY BY THE HAND I CONGRATULATE YOUR ROYAL HIGHNESS I WILL ANNOUNCE YOUR DECISION TO THE PRINCESS SHE WILL BE MUCH AMU MUCH DELIGHTED AND HE TURNED INTO THE PALACE,Coronel shook him solemnly by the hand. I congratulate your royal highness. I will announce your decision to the princess. She will be much delighted. And he turned into the palace.,0.2777844790002746,5.6462612700001955,0.3926293610002176,6.316675110000688,0.016401285901974972,0.3333733608868405,0.023182095797612743,0.3729567425864282,1
375,mic_fileid_375_doa192_3spk.wav,16.489375,3,"192,294,335",2,335,0.0865023008104792,enhanced_fileid_375_pred335_idx2_loudest.wav,336,1.0,text_fileid_375_doa336_spk1.txt,0.05555555555555555,2,36,AFTER TWENTY FOUR EVENTFUL HOURS OUR TWO STUDENTS OF HUMAN MOTIVES FOUND THEMSELVES TOGETHER AGAIN BY THE FIREPLACE IN THE OLD GEORGE SMOKING ROOM THEY HAD RESUMED THEIR OVERNIGHT CONVERSATION IN A STATE OF CONSIDERABLE TENSION,"After 24 eventful hours, our two students of human motives found themselves together again by the fireplace in the old George smoking room. They had resumed their overnight conversation in a state of considerable tension.",0.26724878799996077,5.022217810000257,0.3894337500000802,5.6789003480002975,0.016207332782471183,0.30457296349923857,0.02361725353447782,0.3443975498161876,1
376,mic_fileid_376_doa40_3spk.wav,16.916,3,"40,94,151",1,94,0.08658283401091406,enhanced_fileid_376_pred94_idx1_loudest.wav,104,10.0,text_fileid_376_doa104_spk1.txt,0.0,0,39,I VISUALIZED THEM JUST AS I COULD CLOSE MY EYES AND VISUALIZE FOR EXAMPLE THE FIREPLACE IN THE LIVING ROOM OF MY OWN HOME I LOOKED DOWN AT THE GIRL SHE WAS FROWNING AND HER EYES WERE VERY WIDE,"I visualized them just as I could close my eyes and visualize, for example, the fireplace in the living room of my own home. I looked down at the girl, she was frowning, and her eyes were very wide.",0.3040517210001781,5.659064534000208,0.4527414750000389,6.415857730000425,0.017974209091994448,0.3345391661149331,0.026764097599907714,0.37927747280683527,1
377,mic_fileid_377_doa285_3spk.wav,15.4635,3,"252,285,337",1,285,0.07103812021894812,enhanced_fileid_377_pred285_idx1_loudest.wav,285,0.0,text_fileid_377_doa285_spk1.txt,0.0625,2,32,IN A LOW TONE AS IF NOT INTENDED FOR THE EAR OF THE VICTIM DIABOLUS FETCH ME THE RED HOT IRON THE EXPEDITION WITH WHICH THAT TONGUE WOULD DISAPPEAR WAS SIMPLY RIDICULOUS,"in a low tone, as if not intended for the ear of the victim. Diabolus! Fetch me the red-hot iron! The expedition with which that tongue would disappear was simply ridiculous.",0.27688364100004037,4.915853440999399,0.40069322399995144,5.593430305999391,0.017905625569893,0.31790043916315186,0.025912194781255955,0.3617182595143008,1
378,mic_fileid_378_doa15_3spk.wav,17.431375,3,"19,84,295",1,84,0.0796348853430422,enhanced_fileid_378_pred84_idx1_loudest.wav,85,1.0,text_fileid_378_doa85_spk1.txt,0.0,0,31,THE HORRIBLE GLOWING TOOL DISAPPEARED INTO THE NIGHT WHIRLING AS IT FLEW AND FELL FAR AWAY ON THE SNOW THE PRISONER RESUMED DO WHAT YOU PLEASE WITH ME HE WAS DISARMED,"The horrible, glowing tool disappeared into the night, whirling as it flew, and fell far away on the snow. The prisoner resumed. Do what you please with me. He was disarmed.",0.2919586010002604,7.796693436999249,0.44869629200002237,8.537348329999531,0.016749028748464213,0.4472793131350366,0.025740728542643504,0.4897690704261443,1
379,mic_fileid_379_doa53_3spk.wav,16.999125,3,"64,205,254",2,254,0.08572549090166211,enhanced_fileid_379_pred254_idx2_loudest.wav,248,6.0,text_fileid_379_doa248_spk1.txt,0.02857142857142857,1,35,HER ENMITY DID NOT STOP AT THIS ABOMINABLE ACTION BUT SHE LIKEWISE CHANGED THE SLAVE INTO A COW AND GAVE HER ALSO TO MY FARMER AT MY RETURN I ENQUIRED FOR THE MOTHER AND CHILD,"Her enmity did not stop at this abominable action, but she likewise changed the slave into a cow and gave her also to my farmer. At my return I inquired for the mother and child.",0.3349124970000048,7.854254603999834,0.4148785500001395,8.604045650999979,0.019701749178266812,0.4620387581125402,0.02440587677307741,0.5061463840638843,1
380,mic_fileid_380_doa120_3spk.wav,16.50125,3,"121,216,302",1,216,0.06687499796408924,enhanced_fileid_380_pred216_idx1_loudest.wav,216,0.0,text_fileid_380_doa216_spk1.txt,0.02631578947368421,1,38,EVEN THE FROGS WHO ARE AFRAID OF CRANES CREPT QUIETLY NEAR TO LOOK ON IT WAS NOT LONG BEFORE ANOTHER YOUNG CRANE BEGAN TO SKIP AND HOP AND CIRCLE AROUND DROOPING HIS WINGS AND WHOOPING AS HE WENT,"Even the frogs who were afraid of cranes crept quietly near to look on. It was not long before another young crane began to skip and hop and circle around, drooping his wings and whooping as he went.",0.29060972199977186,6.805939476999811,0.3899778219997643,7.486527020999347,0.01761137622905973,0.4124499342170933,0.023633229118991853,0.4536945395651449,1
381,mic_fileid_381_doa212_3spk.wav,17.232125,3,"210,251,336",1,251,0.0663601040705659,enhanced_fileid_381_pred251_idx1_loudest.wav,246,5.0,text_fileid_381_doa246_spk1.txt,0.08888888888888889,4,45,AND ON THE SUCCEEDING DAY FAVOURED TO AN UNCOMMON DEGREE BY A FINE EASTERLY BREEZE WE CLOSED IN WITH THE BARNEVELTS AND RUNNING PAST CAPE DECEIT WITH ITS STONY PEAKS ABOUT THREE O'CLOCK DOUBLED THE WEATHER BEATEN CAPE HORN THE EVENING WAS CALM AND BRIGHT,"And on the succeeding day, favored to an uncommon degree by a fine easterly breeze, we closed in with the barnabelt's and running past Cape Deceit with its stony peaks, about three o'clock, doubled the weather-beaten Cape Horn. The evening was calm and bright.",0.2860837650000576,5.288943950999965,0.5408284310001363,6.115856147000159,0.016601769369712534,0.30692349034143873,0.03138489484031345,0.3549101545514647,1
382,mic_fileid_382_doa34_3spk.wav,17.508625,3,"29,78,232",0,29,0.08964624745560637,enhanced_fileid_382_pred29_idx0_loudest.wav,193,164.0,text_fileid_382_doa193_spk1.txt,2.111111111111111,57,27,THE SUMMER'S FLOWER IS TO THE SUMMER SWEET THOUGH TO ITSELF IT ONLY LIVE AND DIE BUT IF THAT FLOWER WITH BASE INFECTION MEET THE BASEST WEED,"Mickey had it the worst, and we had all made up our minds that Sylvia wouldn't marry Mickey. He was so handsome we didn't see how she could help it. I tell you they made a dandy-looking couple when they were together. Well, as I said before, I toddled to the window to have a look at the fair Sylvia.",0.2865537170000607,5.518848119000268,0.6367763070002184,6.442178143000547,0.016366431801472747,0.31520739743984855,0.03636929267719301,0.3679431219185143,1
383,mic_fileid_383_doa0_3spk.wav,16.2795,3,"166,179,246",0,166,0.10291047773151159,enhanced_fileid_383_pred166_idx0_loudest.wav,166,0.0,text_fileid_383_doa166_spk1.txt,0.0,0,42,HE WOULD NOT ADVERTISE IN PAPERS WHICH HE THOUGHT MIGHT BY THEIR PUBLICATION OF OPINION ULTIMATELY HURT CAPITALISM AS A WHOLE STILL LESS IN THOSE WHOSE OPINIONS MIGHT AFFECT HIS OWN PRIVATE FORTUNE ADVERSELY STUPID LIKE ALL PEOPLE GIVEN UP TO GAIN,"He would not advertise in papers which he thought might, by their publication of opinion, ultimately hurt capitalism as a whole. Still less, in those whose opinions, might affect his own private fortune adversely. Stupid, like all people given up to gain.",0.28560828100034996,4.875998003999939,0.46170482500019716,5.623311110000486,0.017544045025974384,0.29951767584999167,0.028361118277600492,0.34542283915356653,1
384,mic_fileid_384_doa36_3spk.wav,16.063875,3,"35,89,163",0,35,0.09744113932614389,enhanced_fileid_384_pred35_idx0_loudest.wav,36,1.0,text_fileid_384_doa36_spk1.txt,0.2631578947368421,10,38,AND BEHOLD PRESENTLY CAME THE KHORASANI SO I CARRIED HIM INTO THE HOUSE AND BROUGHT OUT TO HIM ONE MYRIAD OF DIRHAMS SAYING HERE IS THY MONEY QUOTH HE IT IS NOT MY VERY MONEY HOW COMETH THIS,"And behold, presently came the Khorasan. So I carried him into the house and brought it out to him when my Riyadh had derams, saying, Here is thy money. Quote, it is not my very money. How comeeth this?",0.2713235229998645,4.913696763000189,0.4891321059999427,5.674152391999996,0.01689029097897391,0.30588489782198813,0.03044919771847968,0.3532243865194417,1
385,mic_fileid_385_doa92_3spk.wav,16.99975,3,"93,218,277",0,93,0.06843475021994884,enhanced_fileid_385_pred93_idx0_loudest.wav,92,1.0,text_fileid_385_doa92_spk1.txt,0.13636363636363635,6,44,VERY CROSS AND I DON'T WONDER I'M A GREAT TRIAL TO HER SHE WAS TERRIBLY MORTIFIED ABOUT THE PUDDING SAUCE LAST WEEK WE HAD A PLUM PUDDING FOR DINNER ON TUESDAY AND THERE WAS HALF THE PUDDING AND A PITCHERFUL OF SAUCE LEFT OVER,"very cross. And I doubt wonder, I'm a great child of her. She was terribly mortified about the pudding sauce last week. We had a prom pudding for dinner on Tuesday and there was half the pudding and a pitcher full of sauce left over.",0.2791145119999783,5.296551583999644,0.46022250999976677,6.035888605999389,0.016418742157971636,0.31156643974174,0.02707231047514033,0.35505749237485196,1
386,mic_fileid_386_doa35_3spk.wav,17.709,3,"51,142,221",1,142,0.09440662079132822,enhanced_fileid_386_pred142_idx1_loudest.wav,142,0.0,text_fileid_386_doa142_spk1.txt,0.045454545454545456,2,44,INSTEAD OF MAKING A FUSS ABOUT THIS HE USED TO CALL FOR PENCIL AND PAPER AND PRACTISE DRAWING FEET UNTIL HE COULD MAKE VERY PERFECT ONES MAJOR WHISTLER SENT HIM TO THE ART ACADEMY IN SAINT PETERSBURG WHERE HE WAS PRAISED BY HIS TEACHERS,"Instead of making a fuss about this, he used to call for pencil and paper and practice drawing feet until he could make very perfect ones. Major Whistler sent him to the Art Academy in St. Petersburg, where he was praised by his teachers.",0.29712239499986026,5.575000345999797,0.4763879949996408,6.348510735999298,0.016778044779482765,0.31481169721609337,0.026900897566188988,0.3584906395617651,1
387,mic_fileid_387_doa54_3spk.wav,16.72775,3,"53,88,158",1,88,0.08921738590691934,enhanced_fileid_387_pred88_idx1_loudest.wav,88,0.0,text_fileid_387_doa88_spk1.txt,0.0,0,57,IT WAS NOT UNTIL SOME DAYS LATER THAT THE CASE CAME INTO MY HANDS AND IN THE INTERVAL THE LOCAL AUTHORITIES HAD NOT BEEN IDLE IT WAS NOTED THAT THE MAN WAS POORLY DRESSED THAT HIS HANDS PROVED HE WAS USED TO MANUAL LABOR BUT THERE WAS NO MARK EITHER ON HIS BODY OR ON HIS CLOTHING,"It was not until some days later that the case came into my hands, and in the interval the local authorities had not been idle. It was noted that the man was poorly dressed, that his hands proved he was used to manual labor, but there was no mark either on his body or on his clothing.",0.2914153639999313,5.0366397660000075,0.5758634180001536,5.903918548000092,0.0174210736052327,0.3010948732495409,0.03442563512726778,0.35294158198204134,1
388,mic_fileid_388_doa22_3spk.wav,17.815875,3,"21,61,92",0,21,0.08518370790277896,enhanced_fileid_388_pred21_idx0_loudest.wav,22,1.0,text_fileid_388_doa22_spk1.txt,0.05714285714285714,2,35,REALLY ATTESTED HIS FAILURE BUT THE DISCOVERY OF AMERICA WAS A GREATER SUCCESS THAN WAS ANY FINDING OF A BACK DOOR TO INDIA WHEN DAVID LIVINGSTONE HAD SUPPLEMENTED HIS THEOLOGICAL EDUCATION BY A MEDICAL COURSE,"really attested his failure, but the discovery of America was a greater success than was any finding of a backdoor to India. When David Livingstone had supplemented his theological education by a medical course.",0.3007731740003692,5.539176073999897,0.355175607000092,6.195124855000358,0.01688231276882944,0.31091237865105686,0.019935905870471813,0.3477305972903581,1
389,mic_fileid_389_doa78_3spk.wav,4.962375,3,"80,118,180",0,80,0.08636509681148238,enhanced_fileid_389_pred80_idx0_loudest.wav,78,2.0,text_fileid_389_doa78_spk1.txt,0.625,5,8,CONSEIL I CALLED A THIRD TIME CONSEIL APPEARED,Can't say I called a third time. Can't say I appeared.,0.10147788499989474,0.9674547829999938,0.16554306799980623,1.2344757359996947,0.020449459180310787,0.19495801566789972,0.03335964492804478,0.2487671197762553,1
390,mic_fileid_390_doa110_3spk.wav,15.794625,3,"111,257,348",0,111,0.10586360536525323,enhanced_fileid_390_pred111_idx0_loudest.wav,110,1.0,text_fileid_390_doa110_spk1.txt,0.047619047619047616,2,42,HAD AT LEAST THE ELEMENT OF HUMILITY THAT IT ALWAYS NEEDED TO BE SUPPORTED BY PROOF LORD WARBURTON NOT ONLY SPENT THE NIGHT AT GARDENCOURT BUT HE WAS PERSUADED TO REMAIN OVER THE SECOND DAY AND WHEN THE SECOND DAY WAS ENDED,"had at least the element of humility that it always needed to be supported by proof. Lord Warburton not only spent the night at Garden Court, but he was persuaded to remain over the second day, and when the second day was ended.",0.28088508700011516,4.635926240999197,0.5077386250000018,5.424549952999314,0.01778358694809881,0.2935129033452328,0.03214629185561555,0.34344278214894713,1
391,mic_fileid_391_doa145_3spk.wav,15.792625,3,"145,208,266",1,208,0.09563064812984347,enhanced_fileid_391_pred208_idx1_loudest.wav,208,0.0,text_fileid_391_doa208_spk1.txt,0.18181818181818182,6,33,WAS ULTIMATELY CONDUCTED INTO THE MASTER'S PRIVATE ROOM WHERE HE WAS RECEIVED LIKE A PETITIONER HAVE YOU BROUGHT THE BILL OF EXCHANGE WITH YOU ASKED FALK I THINK SO REPLIED THE CRESTFALLEN LEVIN,"was ultimately conducted into the master's private room, where he was received like a petitioner. Have you brought the bill of exchange with you? Ask Fogg. I think so? replied to Crest Form 11.",0.2653046089999407,4.778520507999929,0.44272962399963944,5.486554740999509,0.01679927238188336,0.30257924239953327,0.028033947744573146,0.3474124625259898,1
392,mic_fileid_392_doa16_3spk.wav,16.223,3,"12,101,206",2,206,0.08031722261832036,enhanced_fileid_392_pred206_idx2_loudest.wav,209,3.0,text_fileid_392_doa209_spk1.txt,0.14634146341463414,6,41,THAT IS WHY I HAVE TO FLY AWAY SOUTH AS SOON AS THE GROUND FREEZES AT ALL IT'S WONDERFUL SIGHED PETER I DON'T SUPPOSE ANY ONE ELSE CAN FIND HIDDEN WORMS THAT WAY MY COUSIN JACK SNIPE CAN REPLIED LONGBILL PROMPTLY,"That is why I have to fly away south as soon as the ground freezes at all. It's wonderful, Sir Peter. I don't suppose anyone else can find hidden worms that way. Why cousin Jack's night can, replied Longbill promptly.",0.2663222730002417,4.954908534999959,0.4845869149999089,5.705817723000109,0.016416339333060574,0.305424923565306,0.029870363989392155,0.3517116268877587,1
393,mic_fileid_393_doa13_3spk.wav,11.4945,3,"19,48,286",2,286,0.08534505261333615,enhanced_fileid_393_pred286_idx2_loudest.wav,293,7.0,text_fileid_393_doa293_spk1.txt,0.0,0,15,BUT HOW WILL YOU PASS THROUGH THE BARRIER WITHOUT EXCITING SUSPICION IT SEEMS TO ME,But how will you pass through the barrier without exciting suspicion? It seems to me.,0.20710340599998744,3.003112859000339,0.2029958620000798,3.4132121270004063,0.018017608943406625,0.2612652015311966,0.017660260298410526,0.29694307077301374,1
394,mic_fileid_394_doa77_3spk.wav,16.922625,3,"78,143,329",2,329,0.09206298994694888,enhanced_fileid_394_pred329_idx2_loudest.wav,332,3.0,text_fileid_394_doa332_spk1.txt,0.022727272727272728,1,44,MARGUERITE GOT ACCUSTOMED TO THIS NEW EXISTENCE WHOSE SALUTARY EFFECTS SHE ALREADY REALIZED SHE BEGAN TO SPEND SOME OF HER EVENINGS AT HOME OR IF THE WEATHER WAS FINE SHE WRAPPED HERSELF IN A SHAWL PUT ON A VEIL AND WE WENT ON FOOT,"Marguerite got accustomed to this new existence, through salutary effects she already realized. She began to spend some of her evenings at home, or, if the weather was fine, she wrapped herself in a shawl, put on a veil, and we went on foot.",0.28764936299967303,5.518414286000279,0.5475881450001907,6.353651794000143,0.01699791628069954,0.32609682516750677,0.03235834541037166,0.375453086858578,1
395,mic_fileid_395_doa31_3spk.wav,15.923125,3,"32,216,292",2,292,0.09335721236184931,enhanced_fileid_395_pred292_idx2_loudest.wav,308,16.0,text_fileid_395_doa308_spk1.txt,0.08823529411764706,3,34,THE ONLY EXPENSE EXCEPT THAT OF BOOKS TO WHICH A HOUSE BOARDER WAS THEN SUBJECT WAS THE FEE TO A TUTOR AMOUNTING I THINK TO TEN GUINEAS MY TUTOR TOOK ME WITHOUT THE FEE,"The only expense except that of books to which a house border was then subject was the fee to a tutor, a mounting I think to ten guineas. My tutor took me without the fee.",0.27768225199997687,4.919390860999556,0.3778397969999787,5.574912909999512,0.017438929355888172,0.30894631933113353,0.023728997731285707,0.3501142464183074,1
396,mic_fileid_396_doa107_3spk.wav,14.402875,3,"109,210,328",1,210,0.10491442477771777,enhanced_fileid_396_pred210_idx1_loudest.wav,212,2.0,text_fileid_396_doa212_spk1.txt,0.0,0,34,STUCK WITH A GALLANT AND FIERY AIR OVER HIS LEFT EYE SUCH WAS THE CHIVALRIC PORT OF PETER THE HEADSTRONG AND WHEN HE MADE A SUDDEN HALT PLANTED HIMSELF FIRMLY ON HIS SOLID SUPPORTER,"stuck with a gallant and fiery air over his left eye. Such was the chivalric port of Peter the Headstrong, and when he made a sudden halt, planted himself firmly on his solid supporter.",0.27125952200003667,4.273434393000116,0.39864824000005683,4.9433421550002095,0.018833706603718817,0.2967070389071707,0.027678379490209893,0.3432191250010994,1
397,mic_fileid_397_doa73_3spk.wav,17.983875,3,"83,199,264",1,199,0.06586060224220497,enhanced_fileid_397_pred199_idx1_loudest.wav,199,0.0,text_fileid_397_doa199_spk1.txt,0.0,0,43,JEFF LAID DOWN WHAT HE WAS READING AND STARTED TO TALK ABOUT CARNEGIE THIS CARNEGIE I BET YOU WOULD BE WORTH SAID JEFF CLOSING UP HIS EYES IN CALCULATION AS MUCH AS PERHAPS TWO MILLION DOLLARS IF YOU WAS TO SELL HIM UP,"Jeff laid down what he was reading and started to talk about Carnegie. This Carnegie I bet you would be worth, said Jeff, closing up his eyes in calculation, as much as perhaps two million dollars if you was to sell him up.",0.30865236499994353,5.865778738999779,0.43826885499993296,6.612699958999656,0.017162728555438888,0.3261687894850125,0.024370101271274012,0.3677016193117254,1
398,mic_fileid_398_doa14_3spk.wav,17.575875,3,"10,88,172",0,10,0.0786178930791697,enhanced_fileid_398_pred10_idx0_loudest.wav,14,4.0,text_fileid_398_doa14_spk1.txt,0.04,2,50,AFTER ONE OF THE GREATEST HURRICANES IN THE HISTORY OF IRELAND SOME FISH WERE FOUND AS FAR AS FIFTEEN YARDS FROM THE EDGE OF A LAKE HAVE ANOTHER THIS IS A GOOD ONE FOR THE EXCLUSIONISTS FALL OF FISH IN PARIS SAID THAT A NEIGHBORING POND HAD BEEN BLOWN DRY,"After one of the greatest hurricanes in the history of Ireland, some fish were found, as far as 15 yards from the edge of the lake. Have another. This is a good one for the exclusionists. Fall of fish in Paris said that a neighboring pond had been blown dry.",0.3054933390003498,5.443401518999963,0.5136105219999081,6.262505380000221,0.01738140143807064,0.3097087069064819,0.029222472394683514,0.35631258073923605,1
399,mic_fileid_399_doa240_3spk.wav,16.995875,3,"53,235,303",2,303,0.07995973523201841,enhanced_fileid_399_pred303_idx2_loudest.wav,281,22.0,text_fileid_399_doa281_spk1.txt,0.88,22,25,AND BLOOD CURDLING EDITORIALS INCREASED PUBLIC SENTIMENT AGAINST KESEBERG STAMPING HIM WITH THE MARK OF CAIN AND CLOSING THE DOOR OF EVERY HOME AGAINST HIM,"and blood-curdling editorials increased public sentiment against Kesley, stamping him with a mark of cane, and closing the door of every quarter against him. Often wide enough to contain within it a winding foot path through a rough cart track.",0.27647782099984397,5.222937047999494,0.42744220799977484,5.926857076999113,0.016267348459543505,0.30730615799418937,0.02514976180983767,0.3487232682635706,1
