fileid,mic_file,duration_sec,predicted_doa_count,predicted_doas,selected_enhanced_index,selected_doa,selected_rms,selected_enhanced_file,gt_dominant_spk1_doa,selected_doa_error_deg,ipdnet_sec,dsenet_sec,whisper_sec,total_sec,ipdnet_rtf,dsenet_rtf,whisper_rtf,total_rtf,under_realtime
0,mic_fileid_0_doa73_3spk.wav,4.0,3,"75,184,271",0,75,0.05809605323936236,enhanced_fileid_0_pred75_idx0_loudest.wav,73,2.0,0.49596015000133775,0.8321850059983262,0.7652863479997905,2.0934315039994544,0.12399003750033444,0.20804625149958156,0.1913215869999476,0.5233578759998636,1
1,mic_fileid_1_doa82_3spk.wav,4.0,3,"78,189,276",1,189,0.054429329535648274,enhanced_fileid_1_pred189_idx1_loudest.wav,187,2.0,0.07225442599883536,0.6220190679996449,0.16823282800032757,0.8625063219988078,0.01806360649970884,0.15550476699991123,0.04205820700008189,0.21562658049970196,1
2,mic_fileid_2_doa36_3spk.wav,4.0,3,"31,126,238",0,31,0.055885024976136205,enhanced_fileid_2_pred31_idx0_loudest.wav,36,5.0,0.07142856999780633,0.6660296999980346,0.13969009799984633,0.8771483679956873,0.017857142499451584,0.16650742499950866,0.03492252449996158,0.21928709199892182,1
3,mic_fileid_3_doa39_3spk.wav,4.0,3,"39,109,202",0,39,0.07263443946982787,enhanced_fileid_3_pred39_idx0_loudest.wav,39,0.0,0.105860820000089,0.6220695550000528,0.2030717889974767,0.9310021639976185,0.02646520500002225,0.1555173887500132,0.05076794724936917,0.23275054099940462,1
4,mic_fileid_4_doa26_3spk.wav,4.0,3,"25,61,125",0,25,0.08456687846525648,enhanced_fileid_4_pred25_idx0_loudest.wav,26,1.0,0.12361813000097754,0.6739180779986782,0.15536012099983054,0.9528963289994863,0.030904532500244386,0.16847951949966955,0.038840030249957636,0.23822408224987157,1
5,mic_fileid_5_doa60_3spk.wav,4.0,3,"51,101,339",2,339,0.0697916355836391,enhanced_fileid_5_pred339_idx2_loudest.wav,338,1.0,0.07257339999705437,0.7063212680004654,0.17806911500156275,0.9569637829990825,0.01814334999926359,0.17658031700011634,0.04451727875039069,0.23924094574977062,1
6,mic_fileid_6_doa30_3spk.wav,4.0,3,"29,87,141",2,141,0.0661243687751045,enhanced_fileid_6_pred141_idx2_loudest.wav,140,1.0,0.07011559500097064,0.6629764180033817,0.15171916899998905,0.8848111820043414,0.01752889875024266,0.16574410450084542,0.03792979224999726,0.22120279550108535,1
7,mic_fileid_7_doa57_3spk.wav,4.0,3,"113,171,215",2,215,0.04599512870964797,enhanced_fileid_7_pred215_idx2_loudest.wav,57,158.0,0.0721906590006256,0.619778154999949,0.19649720700181206,0.8884660210023867,0.0180476647501564,0.15494453874998726,0.049124301750453014,0.22211650525059667,1
8,mic_fileid_8_doa80_3spk.wav,4.0,3,"225,248,333",2,333,0.07393631319718429,enhanced_fileid_8_pred333_idx2_loudest.wav,333,0.0,0.07994420999966678,0.6465618549991632,0.22129077700083144,0.9477968419996614,0.019986052499916696,0.1616404637497908,0.05532269425020786,0.23694921049991535,1
9,mic_fileid_9_doa85_3spk.wav,4.0,3,"88,252,314",2,314,0.050118016070264254,enhanced_fileid_9_pred314_idx2_loudest.wav,314,0.0,0.07632931099942653,0.6235375020005449,0.12267731400061166,0.8225441270005831,0.01908232774985663,0.15588437550013623,0.030669328500152915,0.20563603175014578,1
10,mic_fileid_10_doa3_3spk.wav,4.0,3,"6,116,151",0,6,0.07225283935151224,enhanced_fileid_10_pred6_idx0_loudest.wav,3,3.0,0.07249192999734078,0.6276674170003389,0.15313436100041145,0.8532937079980911,0.018122982499335194,0.15691685425008473,0.03828359025010286,0.21332342699952278,1
11,mic_fileid_11_doa93_3spk.wav,4.0,3,"201,257,266",2,266,0.05606925214426971,enhanced_fileid_11_pred266_idx2_loudest.wav,264,2.0,0.07361947200115537,0.6286845020003966,0.19473145399751957,0.8970354279990715,0.018404868000288843,0.15717112550009915,0.04868286349937989,0.22425885699976789,1
12,mic_fileid_12_doa38_3spk.wav,4.0,3,"37,44,106",0,37,0.06126283428854576,enhanced_fileid_12_pred37_idx0_loudest.wav,38,1.0,0.07706239400067716,0.6385333180005546,0.17336530300235609,0.8889610150035878,0.01926559850016929,0.15963332950013864,0.04334132575058902,0.22224025375089695,1
13,mic_fileid_13_doa5_3spk.wav,4.0,3,"50,195,343",2,343,0.011991803867631034,enhanced_fileid_13_pred343_idx2_loudest.wav,5,22.0,0.07409786999778589,0.6304852360008226,0.3709238119990914,1.0755069179977,0.018524467499446473,0.15762130900020566,0.09273095299977285,0.268876729499425,1
14,mic_fileid_14_doa181_3spk.wav,4.0,3,"180,224,335",0,180,0.08550054634734393,enhanced_fileid_14_pred180_idx0_loudest.wav,181,1.0,0.07455943599779857,0.6333493679994717,0.1520382119997521,0.8599470159970224,0.018639858999449643,0.15833734199986793,0.03800955299993802,0.2149867539992556,1
15,mic_fileid_15_doa78_3spk.wav,4.0,3,"220,266,297",1,266,0.07602521495205698,enhanced_fileid_15_pred266_idx1_loudest.wav,266,0.0,0.07019803100047284,0.6386316329990223,0.13366791900261887,0.842497583002114,0.01754950775011821,0.15965790824975556,0.03341697975065472,0.2106243957505285,1
16,mic_fileid_16_doa36_3spk.wav,4.0,3,"34,147,317",0,34,0.051585138537239714,enhanced_fileid_16_pred34_idx0_loudest.wav,36,2.0,0.12747440900056972,0.67676226399999,0.1733510509984626,0.9775877239990223,0.03186860225014243,0.1691905659999975,0.04333776274961565,0.24439693099975557,1
17,mic_fileid_17_doa99_3spk.wav,4.0,3,"97,139,161",0,97,0.0820649284740303,enhanced_fileid_17_pred97_idx0_loudest.wav,99,2.0,0.07620375899932696,0.7166165179987729,0.22105872000247473,1.0138789970005746,0.01905093974983174,0.17915412949969323,0.05526468000061868,0.25346974925014365,1
18,mic_fileid_18_doa181_3spk.wav,4.0,3,"183,228,262",0,183,0.04992122666981098,enhanced_fileid_18_pred183_idx0_loudest.wav,181,2.0,0.07094937600049889,0.6305906230008986,0.17246851099844207,0.8740085099998396,0.017737344000124722,0.15764765575022466,0.04311712774961052,0.2185021274999599,1
19,mic_fileid_19_doa121_3spk.wav,4.0,3,"120,262,335",2,335,0.0847889416137894,enhanced_fileid_19_pred335_idx2_loudest.wav,340,5.0,0.07561946200075909,0.6448193110009015,0.17897443999754614,0.8994132129992067,0.01890486550018977,0.16120482775022538,0.044743609999386535,0.22485330324980168,1
20,mic_fileid_20_doa68_3spk.wav,4.0,3,"36,165,246",2,246,0.04486744770546838,enhanced_fileid_20_pred246_idx2_loudest.wav,68,178.0,0.07967217799887294,0.6739255899992713,0.20262348200049018,0.9562212499986344,0.019918044499718235,0.16848139749981783,0.050655870500122546,0.2390553124996586,1
21,mic_fileid_21_doa34_3spk.wav,4.0,3,"33,324,350",0,33,0.0738671086746966,enhanced_fileid_21_pred33_idx0_loudest.wav,34,1.0,0.0762696040001174,0.6793484699992405,0.19427244200051064,0.9498905159998685,0.01906740100002935,0.16983711749981012,0.04856811050012766,0.23747262899996713,1
22,mic_fileid_22_doa22_3spk.wav,4.0,3,"21,315,343",2,343,0.06861340687908966,enhanced_fileid_22_pred343_idx2_loudest.wav,345,2.0,0.07607037699926877,0.6591712769986771,0.19448056100009126,0.9297222149980371,0.019017594249817193,0.16479281924966926,0.048620140250022814,0.23243055374950927,1
23,mic_fileid_23_doa6_3spk.wav,4.0,3,"14,115,219",2,219,0.055165781449185554,enhanced_fileid_23_pred219_idx2_loudest.wav,212,7.0,0.07541167400268023,0.663021887998184,0.1812505180023436,0.9196840800032078,0.018852918500670057,0.165755471999546,0.0453126295005859,0.22992102000080195,1
24,mic_fileid_24_doa57_3spk.wav,4.0,3,"56,108,288",2,288,0.08877542304904003,enhanced_fileid_24_pred288_idx2_loudest.wav,289,1.0,0.11867362100019818,0.7182366470005945,0.2471162789988739,1.0840265469996666,0.029668405250049545,0.17955916175014863,0.061779069749718474,0.27100663674991665,1
25,mic_fileid_25_doa112_3spk.wav,4.0,3,"113,153,193",0,113,0.06651341933091841,enhanced_fileid_25_pred113_idx0_loudest.wav,112,1.0,0.07987935700293747,0.6731622480001533,0.17689747500116937,0.9299390800042602,0.019969839250734367,0.16829056200003834,0.04422436875029234,0.23248477000106504,1
26,mic_fileid_26_doa34_3spk.wav,4.0,3,"34,79,337",0,34,0.06626302837222556,enhanced_fileid_26_pred34_idx0_loudest.wav,34,0.0,0.07206983899959596,0.6347992430019076,0.15529131100265658,0.8621603930041601,0.01801745974989899,0.1586998107504769,0.038822827750664146,0.21554009825104004,1
27,mic_fileid_27_doa31_3spk.wav,4.0,3,"33,86,172",2,172,0.08181866732588781,enhanced_fileid_27_pred172_idx2_loudest.wav,173,1.0,0.07434371499766712,0.6345590810014983,0.14379181299955235,0.8526946089987177,0.01858592874941678,0.15863977025037457,0.03594795324988809,0.21317365224967944,1
28,mic_fileid_28_doa124_3spk.wav,4.0,3,"129,217,315",1,217,0.05140370903296711,enhanced_fileid_28_pred217_idx1_loudest.wav,217,0.0,0.07976143500127364,0.6561301840010856,0.21308515399869066,0.9489767730010499,0.01994035875031841,0.1640325460002714,0.053271288499672664,0.23724419325026247,1
29,mic_fileid_29_doa111_3spk.wav,4.0,3,"111,151,346",1,151,0.050993541131004204,enhanced_fileid_29_pred151_idx1_loudest.wav,111,40.0,0.07511438900110079,0.6827320630000031,0.15281111399963265,0.9106575660007366,0.018778597250275197,0.17068301575000078,0.03820277849990816,0.22766439150018414,1
30,mic_fileid_30_doa12_3spk.wav,4.0,3,"13,54,279",0,13,0.04700016455960617,enhanced_fileid_30_pred13_idx0_loudest.wav,12,1.0,0.07278033200054779,0.6331652410008246,0.18220870600271155,0.888154279004084,0.018195083000136947,0.15829131025020615,0.04555217650067789,0.222038569751021,1
31,mic_fileid_31_doa53_3spk.wav,4.0,3,"52,159,217",0,52,0.04461113160281861,enhanced_fileid_31_pred52_idx0_loudest.wav,53,1.0,0.07104335199983325,0.6266510319983354,0.14168508399961866,0.8393794679977873,0.017760837999958312,0.15666275799958385,0.035421270999904664,0.20984486699944682,1
32,mic_fileid_32_doa102_3spk.wav,4.0,3,"98,228,283",2,283,0.049320510698051205,enhanced_fileid_32_pred283_idx2_loudest.wav,102,179.0,0.07109329699960654,0.649323045003257,0.18805122500270954,0.9084675670055731,0.017773324249901634,0.16233076125081425,0.047012806250677386,0.22711689175139327,1
33,mic_fileid_33_doa34_3spk.wav,4.0,3,"29,129,333",0,29,0.04763712559933167,enhanced_fileid_33_pred29_idx0_loudest.wav,345,44.0,0.080937411999912,0.6533097539977462,0.1527619959997537,0.8870091619974119,0.020234352999978,0.16332743849943654,0.03819049899993843,0.22175229049935297,1
34,mic_fileid_34_doa125_3spk.wav,4.0,3,"124,157,261",1,157,0.07079584037040589,enhanced_fileid_34_pred157_idx1_loudest.wav,157,0.0,0.0766313429994625,0.6368826010002522,0.8936976839977433,1.607211627997458,0.019157835749865626,0.15922065025006304,0.22342442099943582,0.4018029069993645,1
35,mic_fileid_35_doa24_3spk.wav,4.0,3,"23,56,125",0,23,0.0670867029385402,enhanced_fileid_35_pred23_idx0_loudest.wav,24,1.0,0.07297920500059263,0.7083695170003921,0.2890057180011354,1.07035444000212,0.018244801250148157,0.17709237925009802,0.07225142950028385,0.26758861000053,1
36,mic_fileid_36_doa24_3spk.wav,4.0,3,"24,205,283",0,24,0.027625100916431843,enhanced_fileid_36_pred24_idx0_loudest.wav,269,115.0,0.07316850899951532,0.7217719110012695,0.19533690399839543,0.9902773239991802,0.01829212724987883,0.18044297775031737,0.04883422599959886,0.24756933099979506,1
37,mic_fileid_37_doa51_3spk.wav,4.0,3,"52,70,104",2,104,0.05943248519050388,enhanced_fileid_37_pred104_idx2_loudest.wav,104,0.0,0.07084347099953447,0.6286618009980884,0.1481387599997106,0.8476440319973335,0.01771086774988362,0.1571654502495221,0.03703468999992765,0.21191100799933338,1
38,mic_fileid_38_doa1_3spk.wav,4.0,3,"5,58,81",0,5,0.055920977772254826,enhanced_fileid_38_pred5_idx0_loudest.wav,1,4.0,0.07950866100145504,0.6173922939997283,0.1494613329996355,0.8463622880008188,0.01987716525036376,0.15434807349993207,0.03736533324990887,0.2115905720002047,1
39,mic_fileid_39_doa156_3spk.wav,4.0,3,"155,249,297",1,249,0.06969178433493316,enhanced_fileid_39_pred249_idx1_loudest.wav,250,1.0,0.07671532300082617,0.6399678660018253,0.22479985500103794,0.9414830440036894,0.019178830750206544,0.15999196650045633,0.056199963750259485,0.23537076100092236,1
40,mic_fileid_40_doa14_3spk.wav,4.0,3,"7,91,245",1,91,0.04530170504570812,enhanced_fileid_40_pred91_idx1_loudest.wav,14,77.0,0.10372942499816418,0.6783589670012589,0.17841841599874897,0.960506807998172,0.025932356249541044,0.16958974175031472,0.04460460399968724,0.240126701999543,1
41,mic_fileid_41_doa86_3spk.wav,4.0,3,"113,235,265",0,113,0.06457944481196592,enhanced_fileid_41_pred113_idx0_loudest.wav,116,3.0,0.07118727099805255,0.6365117620007368,0.4141749599984905,1.1218739929972799,0.01779681774951314,0.1591279405001842,0.10354373999962263,0.28046849824931996,1
42,mic_fileid_42_doa76_3spk.wav,4.0,3,"77,225,325",0,77,0.04815129998872567,enhanced_fileid_42_pred77_idx0_loudest.wav,76,1.0,0.13658949300224776,0.6843145620005089,0.1252958459990623,0.9461999010018189,0.03414737325056194,0.17107864050012722,0.031323961499765574,0.23654997525045474,1
43,mic_fileid_43_doa44_3spk.wav,4.0,3,"44,104,272",2,272,0.059736484629339226,enhanced_fileid_43_pred272_idx2_loudest.wav,273,1.0,0.182171771000867,0.7292545149975922,0.20889878799789585,1.120325073996355,0.04554294275021675,0.18231362874939805,0.05222469699947396,0.28008126849908876,1
44,mic_fileid_44_doa184_3spk.wav,4.0,3,"200,257,318",1,257,0.03135543501384041,enhanced_fileid_44_pred257_idx1_loudest.wav,215,42.0,0.11334150300172041,0.7297889719993691,0.2857956750012818,1.1289261500023713,0.028335375750430103,0.18244724299984227,0.07144891875032044,0.2822315375005928,1
45,mic_fileid_45_doa62_3spk.wav,4.0,3,"200,243,284",2,284,0.06542096125075725,enhanced_fileid_45_pred284_idx2_loudest.wav,278,6.0,0.12483702899771743,0.7354424930017558,0.18130981900321785,1.041589341002691,0.031209257249429356,0.18386062325043895,0.04532745475080446,0.26039733525067277,1
46,mic_fileid_46_doa151_3spk.wav,4.0,3,"149,188,321",1,188,0.080511846506021,enhanced_fileid_46_pred188_idx1_loudest.wav,189,1.0,0.07192073599799187,0.6380710830017051,0.16849276299763005,0.878484581997327,0.017980183999497967,0.15951777075042628,0.04212319074940751,0.21962114549933176,1
47,mic_fileid_47_doa63_3spk.wav,4.0,3,"105,188,240",0,105,0.10070521803671106,enhanced_fileid_47_pred105_idx0_loudest.wav,104,1.0,0.07046253000225988,0.6332076200014853,0.18733235799663817,0.8910025080003834,0.01761563250056497,0.15830190500037133,0.04683308949915954,0.22275062700009585,1
48,mic_fileid_48_doa191_3spk.wav,4.0,3,"192,227,295",0,192,0.04797912991527801,enhanced_fileid_48_pred192_idx0_loudest.wav,227,35.0,0.07795374699708191,0.7092940719994658,0.1537196560020675,0.9409674749986152,0.019488436749270477,0.17732351799986645,0.038429914000516874,0.2352418687496538,1
49,mic_fileid_49_doa63_3spk.wav,4.0,3,"207,240,334",0,207,0.04019231205275783,enhanced_fileid_49_pred207_idx0_loudest.wav,63,144.0,0.07778219999818248,0.7167407189990627,0.16459680100160767,0.9591197199988528,0.01944554999954562,0.17918517974976567,0.04114920025040192,0.2397799299997132,1
50,mic_fileid_50_doa7_3spk.wav,4.0,3,"5,57,88",1,57,0.1286266300155352,enhanced_fileid_50_pred57_idx1_loudest.wav,58,1.0,0.09125631899951259,0.7162241170008201,0.1623485720010649,0.9698290080013976,0.022814079749878147,0.17905602925020503,0.040587143000266224,0.2424572520003494,1
51,mic_fileid_51_doa46_3spk.wav,4.0,3,"68,164,262",1,164,0.05273948217136945,enhanced_fileid_51_pred164_idx1_loudest.wav,46,118.0,0.08669851299782749,0.7435740549990442,0.15967051099869423,0.9899430789955659,0.021674628249456873,0.18589351374976104,0.03991762774967356,0.24748576974889147,1
52,mic_fileid_52_doa46_3spk.wav,4.0,3,"45,86,305",2,305,0.0904805454873585,enhanced_fileid_52_pred305_idx2_loudest.wav,310,5.0,0.07376752499840222,0.7173072939986014,0.16264218799915398,0.9537170069961576,0.018441881249600556,0.17932682349965035,0.040660546999788494,0.2384292517490394,1
53,mic_fileid_53_doa65_3spk.wav,4.0,3,"102,219,259",0,102,0.06975317807883814,enhanced_fileid_53_pred102_idx0_loudest.wav,106,4.0,0.07461461599814356,0.7075946309996652,0.4340251799985708,1.2162344269963796,0.01865365399953589,0.1768986577499163,0.1085062949996427,0.3040586067490949,1
54,mic_fileid_54_doa45_3spk.wav,4.0,3,"44,78,329",2,329,0.0684630831329589,enhanced_fileid_54_pred329_idx2_loudest.wav,327,2.0,0.1079148120006721,0.743746378000651,0.15690217999872402,1.0085633700000471,0.026978703000168025,0.18593659450016276,0.039225544999681006,0.2521408425000118,1
55,mic_fileid_55_doa55_3spk.wav,4.0,3,"140,185,232",1,185,0.09880600038215663,enhanced_fileid_55_pred185_idx1_loudest.wav,144,41.0,0.0781535289970634,0.6796464819999528,0.24074631899929955,0.9985463299963158,0.01953838224926585,0.1699116204999882,0.06018657974982489,0.24963658249907894,1
56,mic_fileid_56_doa11_3spk.wav,4.0,3,"11,65,113",1,65,0.06469425324473463,enhanced_fileid_56_pred65_idx1_loudest.wav,64,1.0,0.07812593000198831,0.7634853240015218,0.22770589100036887,1.069317145003879,0.019531482500497077,0.19087133100038045,0.056926472750092216,0.26732928625096974,1
57,mic_fileid_57_doa15_3spk.wav,4.0,3,"29,174,225",1,174,0.06755400387841921,enhanced_fileid_57_pred174_idx1_loudest.wav,173,1.0,0.0829778309998801,0.7357703689995105,0.16314651799984858,0.9818947179992392,0.020744457749970024,0.18394259224987763,0.040786629499962146,0.2454736794998098,1
58,mic_fileid_58_doa91_3spk.wav,4.0,3,"90,129,182",1,129,0.06864699408140763,enhanced_fileid_58_pred129_idx1_loudest.wav,128,1.0,0.0737754080000741,0.6344590650005557,0.17698571700020693,0.8852201900008367,0.018443852000018524,0.15861476625013893,0.04424642925005173,0.22130504750020918,1
59,mic_fileid_59_doa11_3spk.wav,4.0,3,"11,196,259",2,259,0.06341923485310012,enhanced_fileid_59_pred259_idx2_loudest.wav,257,2.0,0.0766371049976442,0.6614238630027103,0.23685809900052845,0.9749190670008829,0.01915927624941105,0.16535596575067757,0.059214524750132114,0.24372976675022073,1
60,mic_fileid_60_doa144_3spk.wav,4.0,3,"143,184,322",0,143,0.02778108170035488,enhanced_fileid_60_pred143_idx0_loudest.wav,144,1.0,0.07197263700072654,0.691434181000659,0.1884166700001515,0.951823488001537,0.017993159250181634,0.17285854525016475,0.047104167500037875,0.23795587200038426,1
61,mic_fileid_61_doa93_3spk.wav,4.0,3,"93,146,296",0,93,0.07646407672310152,enhanced_fileid_61_pred93_idx0_loudest.wav,149,56.0,0.07627961500111269,0.6262134540011175,0.2162956230022246,0.9187886920044548,0.019069903750278172,0.15655336350027937,0.05407390575055615,0.2296971730011137,1
62,mic_fileid_62_doa56_3spk.wav,4.0,3,"50,159,308",2,308,0.06573780496233787,enhanced_fileid_62_pred308_idx2_loudest.wav,308,0.0,0.07812102100069751,0.7049663959987811,0.1883572639999329,0.9714446809994115,0.019530255250174378,0.17624159899969527,0.04708931599998323,0.24286117024985288,1
63,mic_fileid_63_doa174_3spk.wav,4.0,3,"165,251,317",2,317,0.06740267053503743,enhanced_fileid_63_pred317_idx2_loudest.wav,312,5.0,0.07162715500089689,0.7053439330011315,0.18309970600239467,0.9600707940044231,0.017906788750224223,0.17633598325028288,0.04577492650059867,0.24001769850110577,1
64,mic_fileid_64_doa6_3spk.wav,4.0,3,"9,147,323",2,323,0.055331645099927,enhanced_fileid_64_pred323_idx2_loudest.wav,327,4.0,0.0756539440008055,0.6439008910019766,0.20405932699941332,0.9236141620021954,0.018913486000201374,0.16097522275049414,0.05101483174985333,0.23090354050054884,1
65,mic_fileid_65_doa48_3spk.wav,4.0,3,"47,219,294",1,219,0.05442239064228652,enhanced_fileid_65_pred219_idx1_loudest.wav,218,1.0,0.13320314700104063,0.6964547759998823,0.19310683400181006,1.022764757002733,0.03330078675026016,0.17411369399997056,0.048276708500452514,0.25569118925068324,1
66,mic_fileid_66_doa58_3spk.wav,4.0,3,"94,191,246",2,246,0.05283386190795206,enhanced_fileid_66_pred246_idx2_loudest.wav,242,4.0,0.0751503630017396,0.6411155979985779,1.0332024210001691,1.7494683820004866,0.0187875907504349,0.16027889949964447,0.2583006052500423,0.43736709550012165,1
67,mic_fileid_67_doa77_3spk.wav,4.0,3,"80,275,330",0,80,0.06762308232780549,enhanced_fileid_67_pred80_idx0_loudest.wav,77,3.0,0.09461011500025052,0.6835839229970588,0.21388001300147153,0.9920740509987809,0.02365252875006263,0.1708959807492647,0.05347000325036788,0.24801851274969522,1
68,mic_fileid_68_doa31_3spk.wav,4.0,3,"37,273,355",2,355,0.059358407195043005,enhanced_fileid_68_pred355_idx2_loudest.wav,357,2.0,0.07614585199917201,0.6692581000024802,0.17884305999905337,0.9242470120007056,0.019036462999793002,0.16731452500062005,0.04471076499976334,0.2310617530001764,1
69,mic_fileid_69_doa229_3spk.wav,4.0,3,"227,303,334",1,303,0.0790740007010633,enhanced_fileid_69_pred303_idx1_loudest.wav,304,1.0,0.07595626799957245,0.6265889109999989,0.16452885200124,0.8670740310008114,0.01898906699989311,0.15664722774999973,0.04113221300031,0.21676850775020284,1
70,mic_fileid_70_doa238_3spk.wav,4.0,3,"239,287,344",1,287,0.08021195502037246,enhanced_fileid_70_pred287_idx1_loudest.wav,288,1.0,0.08184211000116193,0.6521338550010114,0.20987473800050793,0.9438507030026813,0.020460527500290482,0.16303346375025285,0.05246868450012698,0.23596267575067031,1
71,mic_fileid_71_doa92_3spk.wav,4.0,3,"93,168,337",0,93,0.0779951262799105,enhanced_fileid_71_pred93_idx0_loudest.wav,92,1.0,0.07252159600102459,0.6337977329967543,0.17761499199696118,0.8839343209947401,0.018130399000256148,0.1584494332491886,0.044403747999240295,0.22098358024868503,1
72,mic_fileid_72_doa57_3spk.wav,4.0,3,"39,120,223",1,120,0.035521986685221066,enhanced_fileid_72_pred120_idx1_loudest.wav,57,63.0,0.07199483899967163,0.6296471870009555,0.1242531730022165,0.8258951990028436,0.017998709749917907,0.15741179675023886,0.031063293250554125,0.2064737997507109,1
73,mic_fileid_73_doa97_3spk.wav,4.0,3,"97,125,235",0,97,0.06527283910241656,enhanced_fileid_73_pred97_idx0_loudest.wav,97,0.0,0.07635804500023369,0.7009178859989333,0.15603826799997478,0.9333141989991418,0.019089511250058422,0.17522947149973334,0.039009566999993694,0.23332854974978545,1
74,mic_fileid_74_doa76_3spk.wav,4.0,3,"75,116,170",1,116,0.04298464145129072,enhanced_fileid_74_pred116_idx1_loudest.wav,116,0.0,0.0815888149991224,0.6677058449968172,0.1918627689992718,0.9411574289952114,0.0203972037497806,0.1669264612492043,0.04796569224981795,0.23528935724880284,1
75,mic_fileid_75_doa172_3spk.wav,4.0,3,"173,204,242",1,204,0.07030519180741791,enhanced_fileid_75_pred204_idx1_loudest.wav,204,0.0,0.07441587999710464,0.6327762470027665,0.18856375999894226,0.8957558869988134,0.01860396999927616,0.15819406175069162,0.047140939999735565,0.22393897174970334,1
76,mic_fileid_76_doa66_3spk.wav,4.0,3,"67,109,177",2,177,0.04756677707904322,enhanced_fileid_76_pred177_idx2_loudest.wav,66,111.0,0.07414997000159929,0.6457300020010734,0.16213522299949545,0.8820151950021682,0.01853749250039982,0.16143250050026836,0.040533805749873864,0.22050379875054205,1
77,mic_fileid_77_doa164_3spk.wav,4.0,3,"165,266,343",1,266,0.09492159205180707,enhanced_fileid_77_pred266_idx1_loudest.wav,267,1.0,0.12310595300004934,0.691774188002455,0.18858484799784492,1.0034649890003493,0.030776488250012335,0.17294354700061376,0.04714621199946123,0.2508662472500873,1
78,mic_fileid_78_doa78_3spk.wav,4.0,3,"66,241,327",2,327,0.028608147193251634,enhanced_fileid_78_pred327_idx2_loudest.wav,78,111.0,0.07859069899859605,0.6586416040008771,0.1880291989982652,0.9252615019977384,0.019647674749649013,0.16466040100021928,0.0470072997495663,0.2313153754994346,1
79,mic_fileid_79_doa98_3spk.wav,4.0,3,"113,242,321",1,242,0.051532203193786666,enhanced_fileid_79_pred242_idx1_loudest.wav,98,144.0,0.07932277900181361,0.6541731630022696,0.14968109599794843,0.8831770380020316,0.019830694750453404,0.1635432907505674,0.03742027399948711,0.2207942595005079,1
80,mic_fileid_80_doa69_3spk.wav,4.0,3,"252,287,314",2,314,0.0445021963292699,enhanced_fileid_80_pred314_idx2_loudest.wav,315,1.0,0.07518356299988227,0.6539845510014857,0.15659094299917342,0.8857590570005414,0.018795890749970567,0.16349613775037142,0.039147735749793355,0.22143976425013534,1
81,mic_fileid_81_doa77_3spk.wav,4.0,3,"79,193,280",2,280,0.04528212544541419,enhanced_fileid_81_pred280_idx2_loudest.wav,289,9.0,0.07670190999851911,0.6760625229981088,0.17212346099768183,0.9248878939943097,0.01917547749962978,0.1690156307495272,0.04303086524942046,0.23122197349857743,1
82,mic_fileid_82_doa185_3spk.wav,4.0,3,"187,244,352",1,244,0.04971618686864076,enhanced_fileid_82_pred244_idx1_loudest.wav,243,1.0,0.07929847299965331,0.6826147079991642,0.2118600100002368,0.9737731909990543,0.01982461824991333,0.17065367699979106,0.0529650025000592,0.2434432977497636,1
83,mic_fileid_83_doa43_3spk.wav,4.0,3,"41,98,206",0,41,0.05919120382565722,enhanced_fileid_83_pred41_idx0_loudest.wav,43,2.0,0.07287214700045297,0.7171412720017543,0.19372438299978967,0.9837378020019969,0.018218036750113242,0.17928531800043856,0.04843109574994742,0.24593445050049922,1
84,mic_fileid_84_doa2_3spk.wav,4.0,3,"8,48,121",2,121,0.07028617125452052,enhanced_fileid_84_pred121_idx2_loudest.wav,41,80.0,0.07282197899985476,0.6629278590007743,0.23336102699977346,0.9691108650004026,0.01820549474996369,0.16573196475019358,0.058340256749943364,0.24227771625010064,1
85,mic_fileid_85_doa23_3spk.wav,4.0,3,"23,140,172",2,172,0.06337593615505288,enhanced_fileid_85_pred172_idx2_loudest.wav,173,1.0,0.09586511100133066,0.7405828000009933,0.17433683600029326,1.0107847470026172,0.023966277750332665,0.18514570000024833,0.043584209000073315,0.2526961867506543,1
86,mic_fileid_86_doa84_3spk.wav,4.0,3,"194,267,290",2,290,0.05151458258822595,enhanced_fileid_86_pred290_idx2_loudest.wav,290,0.0,0.08206867000262719,0.7432443879988568,0.168735570001445,0.994048628002929,0.020517167500656797,0.1858110969997142,0.04218389250036125,0.24851215700073226,1
87,mic_fileid_87_doa124_3spk.wav,4.0,3,"3,118,299",1,118,0.06541678081922313,enhanced_fileid_87_pred118_idx1_loudest.wav,124,6.0,0.07787970099889208,0.741883520000556,0.16906088600080693,0.988824107000255,0.01946992524972302,0.185470880000139,0.04226522150020173,0.24720602675006376,1
88,mic_fileid_88_doa31_3spk.wav,4.0,3,"30,124,343",1,124,0.07275402986688989,enhanced_fileid_88_pred124_idx1_loudest.wav,122,2.0,0.0739941390020249,0.710918100001436,0.22070843999972567,1.0056206790031865,0.018498534750506224,0.177729525000359,0.05517710999993142,0.25140516975079663,1
89,mic_fileid_89_doa150_3spk.wav,4.0,3,"148,225,279",2,279,0.05726193204139073,enhanced_fileid_89_pred279_idx2_loudest.wav,226,53.0,0.07773150800130679,0.6533619630026806,0.14660221199665102,0.8776956830006384,0.019432877000326698,0.16334049075067014,0.036650552999162755,0.2194239207501596,1
90,mic_fileid_90_doa49_3spk.wav,4.0,3,"39,173,290",2,290,0.06787339370709007,enhanced_fileid_90_pred290_idx2_loudest.wav,290,0.0,0.07955098199818167,0.6515144759978284,0.138123369000823,0.8691888269968331,0.019887745499545417,0.1628786189994571,0.03453084225020575,0.21729720674920827,1
91,mic_fileid_91_doa65_3spk.wav,4.0,3,"82,144,259",1,144,0.09176720212810596,enhanced_fileid_91_pred144_idx1_loudest.wav,144,0.0,0.0846068840000953,0.6501994259997446,0.13266882400057511,0.867475134000415,0.021151721000023826,0.16254985649993614,0.03316720600014378,0.21686878350010375,1
92,mic_fileid_92_doa79_3spk.wav,4.0,3,"223,233,259",2,259,0.065324063963126,enhanced_fileid_92_pred259_idx2_loudest.wav,256,3.0,0.07872387899988098,0.6410303080010635,0.20431785400069202,0.9240720410016365,0.019680969749970245,0.16025757700026588,0.051079463500173006,0.23101801025040913,1
93,mic_fileid_93_doa3_3spk.wav,4.0,3,"6,41,153",0,6,0.06978588093806286,enhanced_fileid_93_pred6_idx0_loudest.wav,3,3.0,0.12847786800193717,0.6875242659989453,0.14501488099995186,0.9610170150008344,0.03211946700048429,0.17188106649973633,0.036253720249987964,0.2402542537502086,1
94,mic_fileid_94_doa101_3spk.wav,4.0,3,"116,202,315",1,202,0.06071679078100515,enhanced_fileid_94_pred202_idx1_loudest.wav,101,101.0,0.08066855200013379,0.6471063749995665,0.15989602800254943,0.8876709550022497,0.020167138000033447,0.16177659374989162,0.03997400700063736,0.22191773875056242,1
95,mic_fileid_95_doa59_3spk.wav,4.0,3,"122,217,238",0,122,0.09132502730557286,enhanced_fileid_95_pred122_idx0_loudest.wav,125,3.0,0.07746146000135923,0.655849548002152,0.23494121499970788,0.9682522230032191,0.019365365000339807,0.163962387000538,0.05873530374992697,0.24206305575080478,1
96,mic_fileid_96_doa99_3spk.wav,4.0,3,"100,162,185",1,162,0.06351330752537777,enhanced_fileid_96_pred162_idx1_loudest.wav,160,2.0,0.09584210700268159,0.7024161910012481,0.17960526200113236,0.977863560005062,0.023960526750670397,0.17560404775031202,0.04490131550028309,0.2444658900012655,1
97,mic_fileid_97_doa115_3spk.wav,4.0,3,"112,251,321",1,251,0.0772869886466414,enhanced_fileid_97_pred251_idx1_loudest.wav,251,0.0,0.07351825799923972,0.7078870760014979,0.20076590700045926,0.9821712410011969,0.01837956449980993,0.17697176900037448,0.050191476750114816,0.24554281025029923,1
98,mic_fileid_98_doa46_3spk.wav,4.0,3,"40,90,128",2,128,0.07379530401621948,enhanced_fileid_98_pred128_idx2_loudest.wav,128,0.0,0.07054855499882251,0.695173751002585,0.22628052399886656,0.9920028300002741,0.017637138749705628,0.17379343775064626,0.05657013099971664,0.24800070750006853,1
99,mic_fileid_99_doa33_3spk.wav,4.0,3,"29,84,288",2,288,0.04639840483274259,enhanced_fileid_99_pred288_idx2_loudest.wav,247,41.0,0.08000434199857409,0.701517163997778,0.8912314640001568,1.672752969996509,0.020001085499643523,0.1753792909994445,0.2228078660000392,0.4181882424991272,1
100,mic_fileid_100_doa58_3spk.wav,4.0,3,"71,133,262",1,133,0.0398478113246152,enhanced_fileid_100_pred133_idx1_loudest.wav,258,125.0,0.07483550600227318,0.6796716839999135,0.22183334800138255,0.9763405380035692,0.018708876500568294,0.16991792099997838,0.05545833700034564,0.2440851345008923,1
101,mic_fileid_101_doa238_3spk.wav,4.0,3,"237,272,315",1,272,0.10196660477064054,enhanced_fileid_101_pred272_idx1_loudest.wav,272,0.0,0.13036241900044843,0.7140142409989494,0.20217711700024665,1.0465537769996445,0.03259060475011211,0.17850356024973735,0.05054427925006166,0.2616384442499111,1
102,mic_fileid_102_doa204_3spk.wav,4.0,3,"203,245,324",2,324,0.06511137956511245,enhanced_fileid_102_pred324_idx2_loudest.wav,324,0.0,0.07345588099997258,0.6384448049975617,0.13455867700031376,0.8464593629978481,0.018363970249993145,0.15961120124939043,0.03363966925007844,0.21161484074946202,1
103,mic_fileid_103_doa27_3spk.wav,4.0,3,"26,59,330",1,59,0.057317532976591465,enhanced_fileid_103_pred59_idx1_loudest.wav,59,0.0,0.07517998699768214,0.642114546000812,0.27518564499769127,0.9924801779961854,0.018794996749420534,0.160528636500203,0.06879641124942282,0.24812004449904634,1
104,mic_fileid_104_doa10_3spk.wav,4.0,3,"16,169,301",2,301,0.08438818624120681,enhanced_fileid_104_pred301_idx2_loudest.wav,301,0.0,0.07705264300238923,0.7104689869993308,0.2028562029991008,0.9903778330008208,0.019263160750597308,0.1776172467498327,0.0507140507497752,0.2475944582502052,1
105,mic_fileid_105_doa7_3spk.wav,4.0,3,"10,48,135",2,135,0.07264126837465977,enhanced_fileid_105_pred135_idx2_loudest.wav,134,1.0,0.07148712699927273,0.707494577000034,0.17941257799975574,0.9583942819990625,0.017871781749818183,0.1768736442500085,0.044853144499938935,0.23959857049976563,1
106,mic_fileid_106_doa79_3spk.wav,4.0,3,"86,129,212",1,129,0.0770216620713119,enhanced_fileid_106_pred129_idx1_loudest.wav,130,1.0,0.07180308500028332,0.6365329929976724,0.21802222699989215,0.9263583049978479,0.01795077125007083,0.1591332482494181,0.05450555674997304,0.23158957624946197,1
107,mic_fileid_107_doa58_3spk.wav,4.0,3,"58,125,270",0,58,0.06472561119303989,enhanced_fileid_107_pred58_idx0_loudest.wav,58,0.0,0.15467937900029938,0.7407445050012029,0.1951373380034056,1.090561222004908,0.038669844750074844,0.18518612625030073,0.0487843345008514,0.272640305501227,1
108,mic_fileid_108_doa63_3spk.wav,4.0,3,"25,190,240",1,190,0.051247789482541065,enhanced_fileid_108_pred190_idx1_loudest.wav,63,127.0,0.09713755100165145,0.6989505909987201,0.16363173200079473,0.9597198740011663,0.02428438775041286,0.17473764774968004,0.04090793300019868,0.23992996850029158,1
109,mic_fileid_109_doa236_3spk.wav,4.0,3,"235,279,349",0,235,0.08569539692956599,enhanced_fileid_109_pred235_idx0_loudest.wav,236,1.0,0.07539126999836299,0.7215473140022368,0.2535593690008682,1.050497953001468,0.018847817499590747,0.1803868285005592,0.06338984225021704,0.262624488250367,1
110,mic_fileid_110_doa31_3spk.wav,4.0,3,"5,104,259",2,259,0.07462629845676638,enhanced_fileid_110_pred259_idx2_loudest.wav,265,6.0,0.08183075499982806,0.7440680699983204,0.18996853999851737,1.0158673649966659,0.020457688749957015,0.1860170174995801,0.04749213499962934,0.25396684124916646,1
111,mic_fileid_111_doa38_3spk.wav,4.0,3,"202,257,353",1,257,0.04683470823834226,enhanced_fileid_111_pred257_idx1_loudest.wav,186,71.0,0.0771794989996124,0.7271571099990979,0.3188502539996989,1.1231868629984092,0.0192948747499031,0.18178927749977447,0.07971256349992473,0.2807967157496023,1
112,mic_fileid_112_doa172_3spk.wav,4.0,3,"168,267,300",0,168,0.0682887870649253,enhanced_fileid_112_pred168_idx0_loudest.wav,172,4.0,0.08167922299981001,0.7549551230003999,0.18470929500108468,1.0213436410012946,0.020419805749952502,0.18873878075009998,0.04617732375027117,0.25533591025032365,1
113,mic_fileid_113_doa12_3spk.wav,4.0,3,"33,112,205",2,205,0.044015893712116415,enhanced_fileid_113_pred205_idx2_loudest.wav,64,141.0,0.07643518300028518,0.7470611249991634,0.2565206869985559,1.0800169949980045,0.019108795750071295,0.18676528124979086,0.06413017174963898,0.27000424874950113,1
114,mic_fileid_114_doa42_3spk.wav,4.0,3,"42,259,351",0,42,0.04720382924405935,enhanced_fileid_114_pred42_idx0_loudest.wav,273,129.0,0.07722595199811622,0.7408444899992901,0.1896805239994137,1.00775096599682,0.019306487999529054,0.18521112249982252,0.04742013099985343,0.251937741499205,1
115,mic_fileid_115_doa10_3spk.wav,4.0,3,"2,127,194",1,127,0.04242814363155197,enhanced_fileid_115_pred127_idx1_loudest.wav,201,74.0,0.0793519400031073,0.7670901460005553,0.23896654499912984,1.0854086310027924,0.019837985000776825,0.1917725365001388,0.05974163624978246,0.2713521577506981,1
116,mic_fileid_116_doa41_3spk.wav,4.0,3,"42,145,173",0,42,0.07442973816811398,enhanced_fileid_116_pred42_idx0_loudest.wav,41,1.0,0.081176007999602,0.6704898710013367,0.1388659660005942,0.8905318450015329,0.0202940019999005,0.16762246775033418,0.03471649150014855,0.22263296125038323,1
117,mic_fileid_117_doa283_3spk.wav,4.0,3,"278,326,354",1,326,0.07946253415671001,enhanced_fileid_117_pred326_idx1_loudest.wav,326,0.0,0.0770622390009521,0.6708534010031144,0.18830903100024443,0.936224671004311,0.019265559750238026,0.1677133502507786,0.04707725775006111,0.23405616775107774,1
118,mic_fileid_118_doa22_3spk.wav,4.0,3,"23,206,325",1,206,0.07046928504883912,enhanced_fileid_118_pred206_idx1_loudest.wav,209,3.0,0.0824017820013978,0.7105595229986648,0.16719305200240342,0.960154357002466,0.02060044550034945,0.1776398807496662,0.041798263000600855,0.2400385892506165,1
119,mic_fileid_119_doa74_3spk.wav,4.0,3,"244,262,312",2,312,0.07526297646689613,enhanced_fileid_119_pred312_idx2_loudest.wav,313,1.0,0.08013002299776417,0.6418592640002316,0.21041616900038207,0.9324054559983779,0.020032505749441043,0.1604648160000579,0.05260404225009552,0.23310136399959447,1
120,mic_fileid_120_doa2_3spk.wav,4.0,3,"2,69,290",0,2,0.03784104818240713,enhanced_fileid_120_pred2_idx0_loudest.wav,257,105.0,0.08581033399968874,0.7214337590012292,0.32810971300204983,1.1353538060029678,0.021452583499922184,0.1803584397503073,0.08202742825051246,0.28383845150074194,1
121,mic_fileid_121_doa6_3spk.wav,4.0,3,"6,134,306",0,6,0.06755881383341315,enhanced_fileid_121_pred6_idx0_loudest.wav,6,0.0,0.07975988000180223,0.7260243980017549,0.1788737310016586,0.9846580090052157,0.019939970000450558,0.18150609950043872,0.04471843275041465,0.24616450225130393,1
122,mic_fileid_122_doa14_3spk.wav,4.0,3,"13,151,314",0,13,0.046938769725566966,enhanced_fileid_122_pred13_idx0_loudest.wav,302,71.0,0.07895516000280622,0.6836470630005351,0.18159182599993073,0.9441940490032721,0.019738790000701556,0.17091176575013378,0.04539795649998268,0.23604851225081802,1
123,mic_fileid_123_doa174_3spk.wav,4.0,3,"51,169,298",1,169,0.05013900414185322,enhanced_fileid_123_pred169_idx1_loudest.wav,323,154.0,0.07912371000202256,0.6310105490010756,0.14425969899821212,0.8543939580013102,0.01978092750050564,0.1577526372502689,0.03606492474955303,0.21359848950032756,1
124,mic_fileid_124_doa62_3spk.wav,4.0,3,"56,264,339",0,56,0.04934618592170767,enhanced_fileid_124_pred56_idx0_loudest.wav,251,165.0,0.07589287500013597,0.6297829770010139,0.2121853930002544,0.9178612450014043,0.018973218750033993,0.15744574425025348,0.0530463482500636,0.22946531125035108,1
125,mic_fileid_125_doa76_3spk.wav,4.0,3,"78,194,319",0,78,0.023098397067724482,enhanced_fileid_125_pred78_idx0_loudest.wav,303,135.0,0.07831096999871079,0.6873096210001677,0.21966501400311245,0.9852856050019909,0.019577742499677697,0.17182740525004192,0.05491625350077811,0.24632140125049773,1
126,mic_fileid_126_doa119_3spk.wav,4.0,3,"124,242,323",0,124,0.07010239474864682,enhanced_fileid_126_pred124_idx0_loudest.wav,119,5.0,0.07914212900141138,0.7090579290015739,0.19921218500167015,0.9874122430046555,0.019785532250352844,0.17726448225039348,0.04980304625041754,0.24685306075116387,1
127,mic_fileid_127_doa151_3spk.wav,4.0,3,"151,179,228",2,228,0.09255893733802932,enhanced_fileid_127_pred228_idx2_loudest.wav,231,3.0,0.07230831700144336,0.6317480500001693,0.25014217300122255,0.9541985400028352,0.01807707925036084,0.15793701250004233,0.06253554325030564,0.2385496350007088,1
128,mic_fileid_128_doa219_3spk.wav,4.0,3,"217,300,334",1,300,0.08617057781579869,enhanced_fileid_128_pred300_idx1_loudest.wav,300,0.0,0.0780445559976215,0.7306442570006766,0.1757092330008163,0.9843980459991144,0.019511138999405375,0.18266106425016915,0.04392730825020408,0.2460995114997786,1
129,mic_fileid_129_doa36_3spk.wav,4.0,3,"26,142,188",1,142,0.1067098450115838,enhanced_fileid_129_pred142_idx1_loudest.wav,141,1.0,0.07672685899888165,0.7233863379988179,0.170404463999148,0.9705176609968476,0.019181714749720413,0.18084658449970448,0.042601115999787,0.2426294152492119,1
130,mic_fileid_130_doa67_3spk.wav,4.0,3,"68,112,302",0,68,0.06360938698928097,enhanced_fileid_130_pred68_idx0_loudest.wav,67,1.0,0.09548305999851436,0.7243788240011781,0.20717251800306258,1.027034402002755,0.02387076499962859,0.18109470600029454,0.051793129500765644,0.25675860050068877,1
131,mic_fileid_131_doa55_3spk.wav,4.0,3,"160,205,233",1,205,0.055838444105722924,enhanced_fileid_131_pred205_idx1_loudest.wav,204,1.0,0.07669921000342583,0.7010734100003901,0.14810525299981236,0.9258778730036283,0.019174802500856458,0.17526835250009754,0.03702631324995309,0.23146946825090708,1
132,mic_fileid_132_doa43_3spk.wav,4.0,3,"43,78,119",1,78,0.06379147281857382,enhanced_fileid_132_pred78_idx1_loudest.wav,77,1.0,0.07640511100180447,0.7233776249995572,0.19204544800231815,0.9918281840036798,0.019101277750451118,0.1808444062498893,0.04801136200057954,0.24795704600091995,1
133,mic_fileid_133_doa178_3spk.wav,4.0,3,"196,240,341",2,341,0.08157154071297788,enhanced_fileid_133_pred341_idx2_loudest.wav,336,5.0,0.07670330600012676,0.6498421790020075,0.2851850379993266,1.0117305230014608,0.01917582650003169,0.16246054475050187,0.07129625949983165,0.2529326307503652,1
134,mic_fileid_134_doa125_3spk.wav,4.0,3,"126,170,313",0,126,0.052806717409472397,enhanced_fileid_134_pred126_idx0_loudest.wav,125,1.0,0.07740434899824322,0.729306536999502,0.23849712800074485,1.04520801399849,0.019351087249560806,0.1823266342498755,0.05962428200018621,0.2613020034996225,1
135,mic_fileid_135_doa93_3spk.wav,4.0,3,"89,207,259",2,259,0.09650604976031664,enhanced_fileid_135_pred259_idx2_loudest.wav,258,1.0,0.072693944999628,0.7214971200010041,0.1761146299977554,0.9703056949983875,0.018173486249907,0.18037428000025102,0.04402865749943885,0.24257642374959687,1
136,mic_fileid_136_doa59_3spk.wav,4.0,3,"215,238,253",2,253,0.06954119933113141,enhanced_fileid_136_pred253_idx2_loudest.wav,253,0.0,0.07752332899690373,0.6650282899972808,0.22949492800034932,0.9720465469945339,0.019380832249225932,0.1662570724993202,0.05737373200008733,0.24301163674863346,1
137,mic_fileid_137_doa84_3spk.wav,4.0,3,"85,97,172",2,172,0.07164148504952936,enhanced_fileid_137_pred172_idx2_loudest.wav,173,1.0,0.10925434299861081,0.6783761379992939,0.24522355999943102,1.0328540409973357,0.027313585749652702,0.16959403449982347,0.061305889999857754,0.2582135102493339,1
138,mic_fileid_138_doa68_3spk.wav,4.0,3,"230,311,356",0,230,0.04667487453936236,enhanced_fileid_138_pred230_idx0_loudest.wav,68,162.0,0.07879779599898029,0.6511675330002618,0.17175181899801828,0.9017171479972603,0.019699448999745073,0.16279188325006544,0.04293795474950457,0.22542928699931508,1
139,mic_fileid_139_doa109_3spk.wav,4.0,3,"20,107,140",1,107,0.06647869391780979,enhanced_fileid_139_pred107_idx1_loudest.wav,109,2.0,0.07759169400014798,0.6729755380001734,0.17556623999917065,0.926133471999492,0.019397923500036995,0.16824388450004335,0.04389155999979266,0.231533367999873,1
140,mic_fileid_140_doa211_3spk.wav,4.0,3,"204,254,339",2,339,0.06989428256698721,enhanced_fileid_140_pred339_idx2_loudest.wav,338,1.0,0.08140054599789437,0.7013671230015461,0.15987444799975492,0.9426421169991954,0.020350136499473592,0.17534178075038653,0.03996861199993873,0.23566052924979886,1
141,mic_fileid_141_doa54_3spk.wav,4.0,3,"47,104,167",1,104,0.05250900919731976,enhanced_fileid_141_pred104_idx1_loudest.wav,54,50.0,0.07412240000121528,0.7220846529999108,0.1421669400006067,0.9383739930017327,0.01853060000030382,0.1805211632499777,0.035541735000151675,0.23459349825043319,1
142,mic_fileid_142_doa64_3spk.wav,4.0,3,"98,150,204",2,204,0.04515607121222713,enhanced_fileid_142_pred204_idx2_loudest.wav,193,11.0,0.09229024700107402,0.7366295820029336,0.8911075670002901,1.7200273960042978,0.023072561750268505,0.1841573955007334,0.22277689175007254,0.43000684900107444,1
143,mic_fileid_143_doa172_3spk.wav,4.0,3,"154,315,352",2,352,0.057210879243311814,enhanced_fileid_143_pred352_idx2_loudest.wav,351,1.0,0.07631520400173031,0.7396276609979395,0.20530189800047083,1.0212447630001407,0.019078801000432577,0.18490691524948488,0.05132547450011771,0.25531119075003517,1
144,mic_fileid_144_doa170_3spk.wav,4.0,3,"168,200,249",2,249,0.04441269528485917,enhanced_fileid_144_pred249_idx2_loudest.wav,250,1.0,0.0755905129990424,0.6731627640001534,0.2477380609998363,0.9964913379990321,0.0188976282497606,0.16829069100003835,0.06193451524995908,0.24912283449975803,1
145,mic_fileid_145_doa40_3spk.wav,4.0,3,"39,110,325",0,39,0.06882267924953141,enhanced_fileid_145_pred39_idx0_loudest.wav,40,1.0,0.09888089499872876,0.7292547450015263,0.22993499099902692,1.058070630999282,0.02472022374968219,0.18231368625038158,0.05748374774975673,0.2645176577498205,1
146,mic_fileid_146_doa55_3spk.wav,4.0,3,"54,92,169",2,169,0.03927958988349094,enhanced_fileid_146_pred169_idx2_loudest.wav,170,1.0,0.07605045099990093,0.6945118989970069,0.28562346800026717,1.056185817997175,0.019012612749975233,0.17362797474925173,0.07140586700006679,0.26404645449929376,1
147,mic_fileid_147_doa111_3spk.wav,4.0,3,"103,140,166",2,166,0.037225002931608527,enhanced_fileid_147_pred166_idx2_loudest.wav,323,157.0,0.0965090509998845,0.7813948289986001,0.17186507799851825,1.0497689579970029,0.024127262749971123,0.19534870724965003,0.04296626949962956,0.2624422394992507,1
148,mic_fileid_148_doa52_3spk.wav,4.0,3,"44,179,223",2,223,0.05248942477058622,enhanced_fileid_148_pred223_idx2_loudest.wav,52,171.0,0.07976403000066057,0.7672460210014833,0.19336533399837208,1.040375385000516,0.019941007500165142,0.19181150525037083,0.04834133349959302,0.260093846250129,1
149,mic_fileid_149_doa92_3spk.wav,4.0,3,"93,166,238",0,93,0.08585255202043492,enhanced_fileid_149_pred93_idx0_loudest.wav,92,1.0,0.09905618500124547,0.7263087960018311,0.22619988999940688,1.0515648710024834,0.024764046250311367,0.18157719900045777,0.05654997249985172,0.26289121775062085,1
150,mic_fileid_150_doa91_3spk.wav,4.0,3,"88,121,222",2,222,0.06651539518329945,enhanced_fileid_150_pred222_idx2_loudest.wav,223,1.0,0.10107781199985766,0.7413969269982772,0.2220856130006723,1.0645603519988072,0.025269452999964415,0.1853492317495693,0.05552140325016808,0.2661400879997018,1
151,mic_fileid_151_doa83_3spk.wav,4.0,3,"59,188,286",1,188,0.06058204596553771,enhanced_fileid_151_pred188_idx1_loudest.wav,298,110.0,0.07455460600249353,0.7238711270001659,0.15884803899825783,0.9572737720009172,0.018638651500623382,0.18096778175004147,0.03971200974956446,0.2393184430002293,1
152,mic_fileid_152_doa81_3spk.wav,4.0,3,"79,247,275",0,79,0.08256712364671075,enhanced_fileid_152_pred79_idx0_loudest.wav,81,2.0,0.07584893999955966,0.6384437199994863,0.14874342999974033,0.8630360899987863,0.018962234999889915,0.1596109299998716,0.03718585749993508,0.21575902249969658,1
153,mic_fileid_153_doa13_3spk.wav,4.0,3,"19,101,334",1,101,0.06448510818221002,enhanced_fileid_153_pred101_idx1_loudest.wav,102,1.0,0.13937325699953362,0.675242868001078,0.19559528399986448,1.0102114090004761,0.034843314249883406,0.1688107170002695,0.04889882099996612,0.25255285225011903,1
154,mic_fileid_154_doa109_3spk.wav,4.0,3,"106,213,271",0,106,0.07284600064790052,enhanced_fileid_154_pred106_idx0_loudest.wav,109,3.0,0.07422935900103766,0.6484212180002942,0.2475995269996929,0.9702501040010247,0.018557339750259416,0.16210530450007354,0.061899881749923225,0.24256252600025618,1
155,mic_fileid_155_doa4_3spk.wav,4.0,3,"6,76,175",0,6,0.06758123307530521,enhanced_fileid_155_pred6_idx0_loudest.wav,4,2.0,0.07325077600035002,0.7068703400000231,0.2658868299986352,1.0460079459990084,0.018312694000087504,0.17671758500000578,0.0664717074996588,0.2615019864997521,1
156,mic_fileid_156_doa54_3spk.wav,4.0,3,"53,169,231",1,169,0.07601879002794777,enhanced_fileid_156_pred169_idx1_loudest.wav,169,0.0,0.08210223800051608,0.7435371009996743,0.1783129440009361,1.0039522830011265,0.02052555950012902,0.18588427524991857,0.04457823600023403,0.2509880707502816,1
157,mic_fileid_157_doa8_3spk.wav,4.0,3,"9,119,152",2,152,0.06040882903296505,enhanced_fileid_157_pred152_idx2_loudest.wav,155,3.0,0.08141296400208375,0.7288752290005505,0.23029818800205248,1.0405863810046867,0.02035324100052094,0.18221880725013762,0.05757454700051312,0.2601465952511717,1
158,mic_fileid_158_doa77_3spk.wav,4.0,3,"55,218,253",2,253,0.07135486217379758,enhanced_fileid_158_pred253_idx2_loudest.wav,251,2.0,0.07858706899787649,0.7273371830015094,0.26116089199786074,1.0670851439972466,0.01964676724946912,0.18183429575037735,0.06529022299946519,0.26677128599931166,1
159,mic_fileid_159_doa31_3spk.wav,4.0,3,"32,220,294",0,32,0.08347442623530239,enhanced_fileid_159_pred32_idx0_loudest.wav,31,1.0,0.15186555399850477,0.7156818869989365,0.2313228210005036,1.098870261997945,0.03796638849962619,0.17892047174973413,0.0578307052501259,0.2747175654994862,1
160,mic_fileid_160_doa141_3spk.wav,4.0,3,"70,141,190",1,141,0.09512429466908202,enhanced_fileid_160_pred141_idx1_loudest.wav,141,0.0,0.07671733800088987,0.7252832019985362,0.2253533469993272,1.0273538869987533,0.019179334500222467,0.18132080049963406,0.0563383367498318,0.2568384717496883,1
161,mic_fileid_161_doa59_3spk.wav,4.0,3,"56,304,325",1,304,0.06838027767279943,enhanced_fileid_161_pred304_idx1_loudest.wav,59,115.0,0.09677442099928157,0.6535681399982423,0.23937391499930527,0.9897164759968291,0.024193605249820394,0.16339203499956056,0.05984347874982632,0.24742911899920728,1
162,mic_fileid_162_doa43_3spk.wav,4.0,3,"41,105,336",1,105,0.05225510597741187,enhanced_fileid_162_pred105_idx1_loudest.wav,100,5.0,0.21875818999978947,0.7410211200003687,0.2300788319989806,1.1898581419991388,0.054689547499947366,0.18525528000009217,0.05751970799974515,0.2974645354997847,1
163,mic_fileid_163_doa154_3spk.wav,4.0,3,"49,152,319",1,152,0.03600786839590055,enhanced_fileid_163_pred152_idx1_loudest.wav,302,150.0,0.07713962100024219,0.7543786429996544,0.2556559369986644,1.087174200998561,0.019284905250060547,0.1885946607499136,0.0639139842496661,0.27179355024964025,1
164,mic_fileid_164_doa84_3spk.wav,4.0,3,"87,119,228",1,119,0.04763977670728769,enhanced_fileid_164_pred119_idx1_loudest.wav,84,35.0,0.07826145600120071,0.7676173990003008,0.6540019150015723,1.4998807700030738,0.01956536400030018,0.1919043497500752,0.16350047875039309,0.37497019250076846,1
165,mic_fileid_165_doa32_3spk.wav,4.0,3,"32,86,284",1,86,0.05926316306196506,enhanced_fileid_165_pred86_idx1_loudest.wav,89,3.0,0.11768515000221669,0.754187999998976,0.250480279999465,1.1223534300006577,0.029421287500554172,0.188546999999744,0.06262006999986625,0.2805883575001644,1
166,mic_fileid_166_doa59_3spk.wav,4.0,3,"60,120,321",0,60,0.0399247414210962,enhanced_fileid_166_pred60_idx0_loudest.wav,109,49.0,0.08717199700186029,0.7379699749981228,0.26088307999816607,1.0860250519981491,0.021792999250465073,0.1844924937495307,0.06522076999954152,0.2715062629995373,1
167,mic_fileid_167_doa27_3spk.wav,4.0,3,"25,120,305",0,25,0.06623578018129275,enhanced_fileid_167_pred25_idx0_loudest.wav,27,2.0,0.07740827399902628,0.7599245319979673,0.24971347999962745,1.087046285996621,0.01935206849975657,0.18998113299949182,0.06242836999990686,0.27176157149915525,1
168,mic_fileid_168_doa134_3spk.wav,4.0,3,"131,168,338",2,338,0.06968814497781324,enhanced_fileid_168_pred338_idx2_loudest.wav,343,5.0,0.07797355400180095,0.7392546109986142,0.20508594900093158,1.0223141140013468,0.019493388500450237,0.18481365274965356,0.051271487250232894,0.2555785285003367,1
169,mic_fileid_169_doa149_3spk.wav,4.0,3,"147,263,316",1,263,0.06280921865436491,enhanced_fileid_169_pred263_idx1_loudest.wav,264,1.0,0.15462422299970058,0.7085429140024644,0.18869995899876812,1.051867096000933,0.038656055749925144,0.1771357285006161,0.04717498974969203,0.26296677400023327,1
170,mic_fileid_170_doa57_3spk.wav,4.0,3,"58,136,317",1,136,0.06651170579496432,enhanced_fileid_170_pred136_idx1_loudest.wav,133,3.0,0.07680882999920868,0.7334936930019467,0.2377360470018175,1.0480385700029728,0.01920220749980217,0.18337342325048667,0.059434011750454374,0.2620096425007432,1
171,mic_fileid_171_doa66_3spk.wav,4.0,3,"19,58,350",2,350,0.04583015949010101,enhanced_fileid_171_pred350_idx2_loudest.wav,238,112.0,0.0770113600010518,0.6596787479975319,0.23935140300091007,0.9760415109994938,0.01925284000026295,0.16491968699938298,0.05983785075022752,0.24401037774987344,1
172,mic_fileid_172_doa1_3spk.wav,4.0,3,"235,285,359",1,285,0.065322112280462,enhanced_fileid_172_pred285_idx1_loudest.wav,236,49.0,0.07581970400133287,0.744557405996602,0.16297053000016604,0.9833476399981009,0.018954926000333217,0.1861393514991505,0.04074263250004151,0.24583690999952523,1
173,mic_fileid_173_doa42_3spk.wav,4.0,3,"35,86,148",2,148,0.07000313636398714,enhanced_fileid_173_pred148_idx2_loudest.wav,146,2.0,0.09975877599936211,0.7479688070015982,0.21622028399724513,1.0639478669982054,0.02493969399984053,0.18699220175039954,0.05405507099931128,0.26598696674955136,1
174,mic_fileid_174_doa166_3spk.wav,4.0,3,"157,270,335",0,157,0.04902390421238,enhanced_fileid_174_pred157_idx0_loudest.wav,166,9.0,0.09836377499959781,0.7447386240019114,0.23089460100163706,1.0739970000031462,0.024590943749899452,0.18618465600047784,0.057723650250409264,0.26849925000078656,1
175,mic_fileid_175_doa16_3spk.wav,4.0,3,"15,175,314",0,15,0.07139952883742973,enhanced_fileid_175_pred15_idx0_loudest.wav,144,129.0,0.07666119200075627,0.7465652379978565,0.21103249600128038,1.034258925999893,0.019165298000189068,0.18664130949946411,0.052758124000320095,0.2585647314999733,1
176,mic_fileid_176_doa208_3spk.wav,4.0,3,"209,249,287",0,209,0.09904448248075715,enhanced_fileid_176_pred209_idx0_loudest.wav,208,1.0,0.17252410899891402,0.7272205090011994,0.2476249169994844,1.1473695349995978,0.043131027249728504,0.18180512725029985,0.0619062292498711,0.28684238374989945,1
177,mic_fileid_177_doa189_3spk.wav,4.0,3,"191,287,327",1,287,0.04425101312569976,enhanced_fileid_177_pred287_idx1_loudest.wav,288,1.0,0.0832842889976746,0.7392927170003532,0.1527014910025173,0.975278497000545,0.02082107224941865,0.1848231792500883,0.03817537275062932,0.24381962425013626,1
178,mic_fileid_178_doa161_3spk.wav,4.0,3,"30,161,310",1,161,0.051692696855174344,enhanced_fileid_178_pred161_idx1_loudest.wav,331,170.0,0.07647074700071244,0.6472389920018031,0.14760399400256574,0.8713137330050813,0.01911768675017811,0.16180974800045078,0.036900998500641435,0.21782843325127033,1
179,mic_fileid_179_doa105_3spk.wav,4.0,3,"105,187,358",0,105,0.08149879219717641,enhanced_fileid_179_pred105_idx0_loudest.wav,359,106.0,0.09820118100105901,0.6578589410019049,0.20150459700016654,0.9575647190031304,0.024550295250264753,0.16446473525047622,0.050376149250041635,0.2393911797507826,1
180,mic_fileid_180_doa24_3spk.wav,4.0,3,"29,120,263",0,29,0.06568505257454911,enhanced_fileid_180_pred29_idx0_loudest.wav,273,116.0,0.08113866900021094,0.7328675920034584,0.2826613900033408,1.0966676510070101,0.020284667250052735,0.1832168980008646,0.0706653475008352,0.27416691275175253,1
181,mic_fileid_181_doa88_3spk.wav,4.0,3,"93,174,224",1,174,0.08302353301117481,enhanced_fileid_181_pred174_idx1_loudest.wav,175,1.0,0.07457580800110009,0.7164951110025868,0.17568321399812703,0.9667541330018139,0.01864395200027502,0.1791237777506467,0.04392080349953176,0.24168853325045347,1
182,mic_fileid_182_doa130_3spk.wav,4.0,3,"130,214,337",0,130,0.08270713147546066,enhanced_fileid_182_pred130_idx0_loudest.wav,130,0.0,0.07586196000193013,0.7232276309987355,0.18187329399734153,0.9809628849980072,0.018965490000482532,0.1808069077496839,0.045468323499335384,0.2452407212495018,1
183,mic_fileid_183_doa59_3spk.wav,4.0,3,"57,268,311",0,57,0.057435408619944915,enhanced_fileid_183_pred57_idx0_loudest.wav,59,2.0,0.0726717750003445,0.7439641160017345,0.20489716099837096,1.02153305200045,0.018167943750086124,0.18599102900043363,0.05122429024959274,0.2553832630001125,1
184,mic_fileid_184_doa65_3spk.wav,4.0,3,"64,260,302",1,260,0.05387367041571779,enhanced_fileid_184_pred260_idx1_loudest.wav,260,0.0,0.07393468699956429,0.7298290519975126,0.19533427900023526,0.9990980179973121,0.018483671749891073,0.18245726299937814,0.048833569750058814,0.24977450449932803,1
185,mic_fileid_185_doa35_3spk.wav,4.0,3,"136,192,214",1,192,0.0756428538280804,enhanced_fileid_185_pred192_idx1_loudest.wav,135,57.0,0.10670048899919493,0.718913787000929,0.1499062109978695,0.9755204869979934,0.026675122249798733,0.17972844675023225,0.03747655274946737,0.24388012174949836,1
186,mic_fileid_186_doa43_3spk.wav,4.0,3,"51,169,238",1,169,0.0587821971750295,enhanced_fileid_186_pred169_idx1_loudest.wav,169,0.0,0.08738664100019378,0.7184005489980336,0.3406073939986527,1.14639458399688,0.021846660250048444,0.1796001372495084,0.08515184849966317,0.28659864599922,1
187,mic_fileid_187_doa136_3spk.wav,4.0,3,"138,238,329",0,138,0.06413609888941509,enhanced_fileid_187_pred138_idx0_loudest.wav,136,2.0,0.0852587859990308,0.73306169100033,0.2728361310000764,1.0911566079994373,0.0213146964997577,0.1832654227500825,0.0682090327500191,0.2727891519998593,1
188,mic_fileid_188_doa42_3spk.wav,4.0,3,"60,100,245",2,245,0.08425052106137262,enhanced_fileid_188_pred245_idx2_loudest.wav,247,2.0,0.09379312000237405,0.7216894119992503,0.18274745399685344,0.9982299859984778,0.023448280000593513,0.18042235299981257,0.04568686349921336,0.24955749649961945,1
189,mic_fileid_189_doa19_3spk.wav,4.0,3,"18,51,309",0,18,0.04681133064594828,enhanced_fileid_189_pred18_idx0_loudest.wav,308,70.0,0.06988912799715763,0.6450035470006696,0.1512496100003773,0.8661422849982046,0.017472281999289407,0.1612508867501674,0.03781240250009432,0.21653557124955114,1
190,mic_fileid_190_doa23_3spk.wav,4.0,3,"19,95,202",1,95,0.07106604785502271,enhanced_fileid_190_pred95_idx1_loudest.wav,96,1.0,0.10269936099939514,0.6395530449990474,0.277648451999994,1.0199008579984365,0.025674840249848785,0.15988826124976185,0.0694121129999985,0.25497521449960914,1
191,mic_fileid_191_doa169_3spk.wav,4.0,3,"158,280,314",2,314,0.07006006454115264,enhanced_fileid_191_pred314_idx2_loudest.wav,313,1.0,0.07765858999846387,0.7365433790000679,0.20348826899862615,1.017690237997158,0.019414647499615967,0.18413584475001699,0.05087206724965654,0.2544225594992895,1
192,mic_fileid_192_doa84_3spk.wav,4.0,3,"81,264,348",2,348,0.03911649201928532,enhanced_fileid_192_pred348_idx2_loudest.wav,344,4.0,0.07393744100045296,0.6673399329993117,0.21164865199898486,0.9529260259987495,0.01848436025011324,0.16683498324982793,0.052912162999746215,0.23823150649968738,1
193,mic_fileid_193_doa66_3spk.wav,4.0,3,"41,112,227",1,112,0.0533826226012408,enhanced_fileid_193_pred112_idx1_loudest.wav,110,2.0,0.08148742800040054,0.7126837190007791,0.18621734399857814,0.9803884909997578,0.020371857000100135,0.17817092975019477,0.046554335999644536,0.24509712274993944,1
194,mic_fileid_194_doa63_3spk.wav,4.0,3,"63,100,284",0,63,0.05468597534793572,enhanced_fileid_194_pred63_idx0_loudest.wav,285,138.0,0.08877065100023174,0.6897140469991427,0.2396912180010986,1.018175916000473,0.022192662750057934,0.17242851174978568,0.05992280450027465,0.25454397900011827,1
195,mic_fileid_195_doa40_3spk.wav,4.0,3,"77,175,225",1,175,0.04864197264303631,enhanced_fileid_195_pred175_idx1_loudest.wav,177,2.0,0.08213642800183152,0.7508750380002311,0.15384313599861343,0.9868546020006761,0.02053410700045788,0.18771875950005779,0.03846078399965336,0.24671365050016902,1
196,mic_fileid_196_doa50_3spk.wav,4.0,3,"2,49,111",1,49,0.06279363979617955,enhanced_fileid_196_pred49_idx1_loudest.wav,357,52.0,0.0972295989995473,0.6582795960021031,0.26396985099927406,1.0194790460009244,0.024307399749886827,0.16456989900052577,0.06599246274981851,0.2548697615002311,1
197,mic_fileid_197_doa7_3spk.wav,4.0,3,"8,42,318",2,318,0.07262364320865891,enhanced_fileid_197_pred318_idx2_loudest.wav,318,0.0,0.0817198990007455,0.7162090969977726,0.2980108849988028,1.0959398809973209,0.020429974750186375,0.17905227424944314,0.0745027212497007,0.2739849702493302,1
198,mic_fileid_198_doa5_3spk.wav,4.0,3,"2,111,137",1,111,0.0739128545349592,enhanced_fileid_198_pred111_idx1_loudest.wav,109,2.0,0.11259870999856503,0.7523847570009821,0.18109702699803165,1.0460804939975787,0.028149677499641257,0.18809618925024552,0.04527425674950791,0.2615201234993947,1
199,mic_fileid_199_doa56_3spk.wav,4.0,3,"105,197,248",0,105,0.02743313808078905,enhanced_fileid_199_pred105_idx0_loudest.wav,56,49.0,0.08757228800095618,0.743694806998974,0.34141986000031466,1.1726869550002448,0.021893072000239044,0.1859237017497435,0.08535496500007866,0.2931717387500612,1
200,mic_fileid_200_doa103_3spk.wav,4.0,3,"104,232,308",1,232,0.09093734741059047,enhanced_fileid_200_pred232_idx1_loudest.wav,228,4.0,0.0851234999972803,0.749911658000201,0.2575748460003524,1.0926100039978337,0.021280874999320076,0.18747791450005025,0.0643937115000881,0.2731525009994584,1
201,mic_fileid_201_doa27_3spk.wav,4.0,3,"28,115,208",0,28,0.08895734768046584,enhanced_fileid_201_pred28_idx0_loudest.wav,27,1.0,0.08053289300005417,0.7190519019968633,0.13846854499934125,0.9380533399962587,0.020133223250013543,0.17976297549921583,0.03461713624983531,0.23451333499906468,1
202,mic_fileid_202_doa79_3spk.wav,4.0,3,"82,181,313",0,82,0.03357373024775962,enhanced_fileid_202_pred82_idx0_loudest.wav,293,149.0,0.09333568199872389,0.6804072170016298,0.22776754300139146,1.001510442001745,0.02333392049968097,0.17010180425040744,0.056941885750347865,0.2503776105004363,1
203,mic_fileid_203_doa25_3spk.wav,4.0,3,"26,89,122",1,89,0.08166633999386166,enhanced_fileid_203_pred89_idx1_loudest.wav,88,1.0,0.08057385700158193,0.7761476720006613,0.23598058200150263,1.0927021110037458,0.020143464250395482,0.19403691800016531,0.058995145500375656,0.27317552775093645,1
204,mic_fileid_204_doa190_3spk.wav,4.0,3,"190,262,318",0,190,0.05923806689179543,enhanced_fileid_204_pred190_idx0_loudest.wav,190,0.0,0.08111503699910827,0.7823636149987578,0.25118513599954895,1.114663787997415,0.020278759249777067,0.19559090374968946,0.06279628399988724,0.27866594699935376,1
205,mic_fileid_205_doa68_3spk.wav,4.0,3,"81,149,264",2,264,0.052151423728908665,enhanced_fileid_205_pred264_idx2_loudest.wav,262,2.0,0.08086534299945924,0.7630315499991411,0.23610433399881003,1.0800012269974104,0.02021633574986481,0.19075788749978528,0.05902608349970251,0.2700003067493526,1
206,mic_fileid_206_doa56_3spk.wav,4.0,3,"56,105,266",0,56,0.05053283129259643,enhanced_fileid_206_pred56_idx0_loudest.wav,56,0.0,0.10551675900205737,0.7339160570008971,0.17718483999851742,1.016617656001472,0.026379189750514342,0.18347901425022428,0.044296209999629355,0.254154414000368,1
207,mic_fileid_207_doa138_3spk.wav,4.0,3,"140,203,250",1,203,0.08178920532644048,enhanced_fileid_207_pred203_idx1_loudest.wav,204,1.0,0.10946776299897465,0.6589334929994948,0.252717871000641,1.0211191269991104,0.027366940749743662,0.1647333732498737,0.06317946775016026,0.2552797817497776,1
208,mic_fileid_208_doa73_3spk.wav,4.0,3,"98,228,274",2,274,0.10189928431955575,enhanced_fileid_208_pred274_idx2_loudest.wav,276,2.0,0.1628072819985391,0.6819956639992597,0.1593193929984409,1.0041223389962397,0.04070182049963478,0.17049891599981493,0.03982984824961022,0.2510305847490599,1
209,mic_fileid_209_doa17_3spk.wav,4.0,3,"16,87,188",0,16,0.026967464997821915,enhanced_fileid_209_pred16_idx0_loudest.wav,82,66.0,0.07836476599914022,0.6726403779975954,0.24262631899910048,0.993631462995836,0.019591191499785054,0.16816009449939884,0.06065657974977512,0.248407865748959,1
210,mic_fileid_210_doa278_3spk.wav,4.0,3,"122,293,348",2,348,0.03463253470861035,enhanced_fileid_210_pred348_idx2_loudest.wav,312,36.0,0.08414272799927858,0.7435606420003751,0.2861645029988722,1.1138678729985259,0.021035681999819644,0.18589016050009377,0.07154112574971805,0.27846696824963146,1
211,mic_fileid_211_doa55_3spk.wav,4.0,3,"55,98,174",0,55,0.07192004169524606,enhanced_fileid_211_pred55_idx0_loudest.wav,55,0.0,0.07883325600050739,0.7458346380008152,0.17239682099898346,0.997064715000306,0.019708314000126848,0.1864586595002038,0.043099205249745864,0.2492661787500765,1
212,mic_fileid_212_doa75_3spk.wav,4.0,3,"76,293,338",1,293,0.06646208793466228,enhanced_fileid_212_pred293_idx1_loudest.wav,293,0.0,0.08030575000157114,0.6555090399997425,0.362435953997192,1.0982507439985056,0.020076437500392785,0.16387725999993563,0.090608988499298,0.2745626859996264,1
213,mic_fileid_213_doa78_3spk.wav,4.0,3,"183,196,263",0,183,0.058134520214982055,enhanced_fileid_213_pred183_idx0_loudest.wav,181,2.0,0.07654030100093223,0.6928190020007605,0.3169452629990701,1.0863045660007629,0.019135075250233058,0.17320475050019013,0.07923631574976753,0.2715761415001907,1
214,mic_fileid_214_doa74_3spk.wav,4.0,3,"75,166,288",0,75,0.04044918120978933,enhanced_fileid_214_pred75_idx0_loudest.wav,74,1.0,0.08006199499868671,0.7571069759978855,0.2112832700004219,1.048452240996994,0.02001549874967168,0.18927674399947136,0.05282081750010548,0.2621130602492485,1
215,mic_fileid_215_doa77_3spk.wav,4.0,3,"82,160,261",2,261,0.03704790625037718,enhanced_fileid_215_pred261_idx2_loudest.wav,169,92.0,0.07627586099988548,0.7286129770000116,0.3384645129990531,1.1433533509989502,0.01906896524997137,0.1821532442500029,0.08461612824976328,0.28583833774973755,1
216,mic_fileid_216_doa82_3spk.wav,4.0,3,"83,258,334",2,334,0.08576260219777725,enhanced_fileid_216_pred334_idx2_loudest.wav,334,0.0,0.14297529599934933,0.694501220001257,0.23667995299911126,1.0741564689997176,0.03574382399983733,0.17362530500031426,0.059169988249777816,0.2685391172499294,1
217,mic_fileid_217_doa95_3spk.wav,4.0,3,"189,273,282",2,282,0.09527468223612799,enhanced_fileid_217_pred282_idx2_loudest.wav,285,3.0,0.07991304700044566,0.753006667997397,0.21779375199912465,1.0507134669969673,0.019978261750111415,0.18825166699934925,0.05444843799978116,0.26267836674924183,1
218,mic_fileid_218_doa157_3spk.wav,4.0,3,"150,204,320",0,150,0.05405693549728882,enhanced_fileid_218_pred150_idx0_loudest.wav,157,7.0,0.12628551599846105,0.6886569730013434,0.3067882590003137,1.1217307480001182,0.03157137899961526,0.17216424325033586,0.07669706475007843,0.28043268700002955,1
219,mic_fileid_219_doa56_3spk.wav,4.0,3,"56,121,318",0,56,0.042710460569389666,enhanced_fileid_219_pred56_idx0_loudest.wav,56,0.0,0.15526144100294914,0.7355923430004623,0.14952427499883925,1.0403780590022507,0.038815360250737285,0.18389808575011557,0.03738106874970981,0.26009451475056267,1
220,mic_fileid_220_doa23_3spk.wav,4.0,3,"29,236,331",1,236,0.04918875472222968,enhanced_fileid_220_pred236_idx1_loudest.wav,237,1.0,0.07837934500275878,0.7223025370003597,0.24826389299778384,1.0489457750009024,0.019594836250689696,0.18057563425008993,0.06206597324944596,0.2622364437502256,1
221,mic_fileid_221_doa91_3spk.wav,4.0,3,"219,273,287",0,219,0.0754691539357804,enhanced_fileid_221_pred219_idx0_loudest.wav,220,1.0,0.12351981699976022,0.7439532950011198,0.19695676099945558,1.0644298730003356,0.030879954249940056,0.18598832375027996,0.049239190249863896,0.2661074682500839,1
222,mic_fileid_222_doa144_3spk.wav,4.0,3,"22,155,291",1,155,0.043667788238507574,enhanced_fileid_222_pred155_idx1_loudest.wav,144,11.0,0.07460528500087094,0.732211266997183,0.24998783499904675,1.0568043869971007,0.018651321250217734,0.18305281674929574,0.06249695874976169,0.26420109674927517,1
223,mic_fileid_223_doa16_3spk.wav,4.0,3,"18,85,138",2,138,0.05483300454851874,enhanced_fileid_223_pred138_idx2_loudest.wav,137,1.0,0.07757254299940541,0.7274262810024084,0.3138257610007713,1.118824585002585,0.019393135749851353,0.1818565702506021,0.07845644025019283,0.27970614625064627,1
224,mic_fileid_224_doa124_3spk.wav,4.0,3,"128,244,319",0,128,0.06261264125911088,enhanced_fileid_224_pred128_idx0_loudest.wav,124,4.0,0.14584405999994488,0.7238928680017125,0.2274609740015876,1.097197902003245,0.03646101499998622,0.18097321700042812,0.0568652435003969,0.27429947550081124,1
225,mic_fileid_225_doa14_3spk.wav,4.0,3,"13,55,127",0,13,0.0448231257898487,enhanced_fileid_225_pred13_idx0_loudest.wav,129,116.0,0.10512264299904928,0.7376002819983114,0.23297200999877532,1.075694934996136,0.02628066074976232,0.18440007049957785,0.05824300249969383,0.268923733749034,1
226,mic_fileid_226_doa127_3spk.wav,4.0,3,"131,226,296",2,296,0.0640190966386838,enhanced_fileid_226_pred296_idx2_loudest.wav,292,4.0,0.09062020700002904,0.7409937140000693,0.2750817219966848,1.1066956429967831,0.02265505175000726,0.18524842850001733,0.0687704304991712,0.2766739107491958,1
227,mic_fileid_227_doa143_3spk.wav,4.0,3,"142,207,308",0,142,0.03980693086134571,enhanced_fileid_227_pred142_idx0_loudest.wav,143,1.0,0.08685546099877683,0.7626032450025377,0.2409418019997247,1.0904005080010393,0.02171386524969421,0.19065081125063443,0.060235450499931176,0.2726001270002598,1
228,mic_fileid_228_doa105_3spk.wav,4.0,3,"110,172,301",2,301,0.0644188230134729,enhanced_fileid_228_pred301_idx2_loudest.wav,300,1.0,0.11236759299936239,0.6996868730020651,0.2552145929985272,1.0672690589999547,0.028091898249840597,0.17492171825051628,0.0638036482496318,0.2668172647499887,1
229,mic_fileid_229_doa100_3spk.wav,4.0,3,"100,203,260",0,100,0.06115074171417267,enhanced_fileid_229_pred100_idx0_loudest.wav,100,0.0,0.1451350919996912,0.7575972470003762,0.2387780799981556,1.141510418998223,0.0362837729999228,0.18939931175009406,0.0596945199995389,0.28537760474955576,1
230,mic_fileid_230_doa73_3spk.wav,4.0,3,"213,253,346",2,346,0.03796013680822308,enhanced_fileid_230_pred346_idx2_loudest.wav,73,87.0,0.08962642299957224,0.7548207330000878,0.20166726000024937,1.0461144159999094,0.02240660574989306,0.18870518325002195,0.05041681500006234,0.26152860399997735,1
231,mic_fileid_231_doa125_3spk.wav,4.0,3,"125,205,320",2,320,0.08969875295739961,enhanced_fileid_231_pred320_idx2_loudest.wav,328,8.0,0.14703996300158906,0.7373538389983878,0.3707202040022821,1.255114006002259,0.036759990750397264,0.18433845974959695,0.09268005100057053,0.31377850150056474,1
232,mic_fileid_232_doa59_3spk.wav,4.0,3,"58,298,338",2,338,0.05059770052941988,enhanced_fileid_232_pred338_idx2_loudest.wav,339,1.0,0.1523996559990337,0.7883036489984079,0.23984336700232234,1.180546671999764,0.03809991399975843,0.19707591224960197,0.059960841750580585,0.295136667999941,1
233,mic_fileid_233_doa132_3spk.wav,4.0,3,"132,203,302",1,203,0.0815278768360708,enhanced_fileid_233_pred203_idx1_loudest.wav,203,0.0,0.11422515599770122,0.769710230997589,0.2542497149988776,1.1381851019941678,0.028556288999425306,0.19242755774939724,0.0635624287497194,0.28454627549854195,1
234,mic_fileid_234_doa1_3spk.wav,4.0,3,"0,91,224",1,91,0.059856411464304385,enhanced_fileid_234_pred91_idx1_loudest.wav,89,2.0,0.0788413459995354,0.6806691189995036,0.24782471300204634,1.0073351780010853,0.01971033649988385,0.1701672797498759,0.061956178250511584,0.2518337945002713,1
235,mic_fileid_235_doa20_3spk.wav,4.0,3,"124,202,355",1,202,0.0497057685037502,enhanced_fileid_235_pred202_idx1_loudest.wav,209,7.0,0.07677286199759692,0.6975759919987468,0.707440198999393,1.4817890529957367,0.01919321549939923,0.1743939979996867,0.17686004974984826,0.3704472632489342,1
236,mic_fileid_236_doa56_3spk.wav,4.0,3,"190,235,331",0,190,0.06675176950813273,enhanced_fileid_236_pred190_idx0_loudest.wav,189,1.0,0.07490388899896061,0.7199992509995354,0.2607633640000131,1.0556665039985091,0.018725972249740153,0.17999981274988386,0.06519084100000327,0.2639166259996273,1
237,mic_fileid_237_doa41_3spk.wav,4.0,3,"38,202,310",0,38,0.055354903922204754,enhanced_fileid_237_pred38_idx0_loudest.wav,41,3.0,0.1447829009994166,0.7131914849996974,0.2629618560022209,1.120936242001335,0.03619572524985415,0.17829787124992436,0.06574046400055522,0.2802340605003337,1
238,mic_fileid_238_doa19_3spk.wav,4.0,3,"20,132,275",0,20,0.05457419489932018,enhanced_fileid_238_pred20_idx0_loudest.wav,155,135.0,0.07551614999829326,0.7200624680008332,0.25161390300127096,1.0471925210003974,0.018879037499573315,0.1800156170002083,0.06290347575031774,0.26179813025009935,1
239,mic_fileid_239_doa4_3spk.wav,4.0,3,"8,94,158",1,94,0.06819679108626706,enhanced_fileid_239_pred94_idx1_loudest.wav,94,0.0,0.07429872099964996,0.734693808000884,0.17920433999825036,0.9881968689987843,0.01857468024991249,0.183673452000221,0.04480108499956259,0.24704921724969608,1
240,mic_fileid_240_doa116_3spk.wav,4.0,3,"117,210,347",0,117,0.0527840289652724,enhanced_fileid_240_pred117_idx0_loudest.wav,116,1.0,0.09568047199718421,0.7544749369990313,0.3475143389987352,1.1976697479949507,0.023920117999296053,0.18861873424975784,0.0868785847496838,0.2994174369987377,1
241,mic_fileid_241_doa46_3spk.wav,4.0,3,"136,218,314",2,314,0.07891463041210883,enhanced_fileid_241_pred314_idx2_loudest.wav,314,0.0,0.08286809299897868,0.7312572759983595,0.24513126500096405,1.0592566339983023,0.02071702324974467,0.1828143189995899,0.06128281625024101,0.26481415849957557,1
242,mic_fileid_242_doa20_3spk.wav,4.0,3,"137,186,356",1,186,0.07164981345624738,enhanced_fileid_242_pred186_idx1_loudest.wav,182,4.0,0.08041126399984933,0.7049626000007265,0.27577548699991894,1.0611493510004948,0.02010281599996233,0.17624065000018163,0.06894387174997973,0.2652873377501237,1
243,mic_fileid_243_doa137_3spk.wav,4.0,3,"124,168,261",1,168,0.08520599458909159,enhanced_fileid_243_pred168_idx1_loudest.wav,169,1.0,0.14535204999992857,0.7338255210015632,0.18897226500121178,1.0681498360027035,0.03633801249998214,0.1834563802503908,0.047243066250302945,0.2670374590006759,1
244,mic_fileid_244_doa170_3spk.wav,4.0,3,"173,243,308",2,308,0.11666508859616719,enhanced_fileid_244_pred308_idx2_loudest.wav,301,7.0,0.0969642810014193,0.729670142998657,0.3526737369975308,1.179308160997607,0.024241070250354824,0.18241753574966424,0.0881684342493827,0.29482704024940176,1
245,mic_fileid_245_doa25_3spk.wav,4.0,3,"24,82,315",0,24,0.100140947380415,enhanced_fileid_245_pred24_idx0_loudest.wav,25,1.0,0.08610432699788362,0.7602199760003714,0.2035104050009977,1.0498347079992527,0.021526081749470904,0.19005499400009285,0.05087760125024943,0.2624586769998132,1
246,mic_fileid_246_doa28_3spk.wav,4.0,3,"27,125,337",0,27,0.06976984260644399,enhanced_fileid_246_pred27_idx0_loudest.wav,28,1.0,0.0808765880028659,0.7325909580031293,0.24012696000136202,1.0535945060073573,0.020219147000716475,0.18314773950078234,0.060031740000340506,0.2633986265018393,1
247,mic_fileid_247_doa22_3spk.wav,4.0,3,"22,274,321",0,22,0.07822325780273764,enhanced_fileid_247_pred22_idx0_loudest.wav,22,0.0,0.07485765800083755,0.7201623000000836,0.21158281000316492,1.006602768004086,0.018714414500209386,0.1800405750000209,0.05289570250079123,0.2516506920010215,1
248,mic_fileid_248_doa106_3spk.wav,4.0,3,"87,234,287",2,287,0.08900530898719893,enhanced_fileid_248_pred287_idx2_loudest.wav,288,1.0,0.1170877999975346,0.7265198659988528,0.22371488799763029,1.0673225539940177,0.02927194999938365,0.1816299664997132,0.05592872199940757,0.2668306384985044,1
249,mic_fileid_249_doa29_3spk.wav,4.0,3,"35,83,215",1,83,0.04403474965451333,enhanced_fileid_249_pred83_idx1_loudest.wav,85,2.0,0.07618506899962085,0.6961031649989309,0.21463574900189997,0.9869239830004517,0.019046267249905213,0.17402579124973272,0.05365893725047499,0.24673099575011292,1
250,mic_fileid_250_doa95_3spk.wav,4.0,3,"96,176,244",0,96,0.06905895423654701,enhanced_fileid_250_pred96_idx0_loudest.wav,95,1.0,0.07968717300173012,0.7327155150014732,0.22469088599973475,1.0370935740029381,0.01992179325043253,0.1831788787503683,0.05617272149993369,0.25927339350073453,1
251,mic_fileid_251_doa23_3spk.wav,4.0,3,"11,191,294",2,294,0.07441291251868626,enhanced_fileid_251_pred294_idx2_loudest.wav,23,89.0,0.08024713799750316,0.7379673100003856,0.252961313999549,1.0711757619974378,0.02006178449937579,0.1844918275000964,0.06324032849988726,0.26779394049935945,1
252,mic_fileid_252_doa54_3spk.wav,4.0,3,"54,230,318",0,54,0.06777354993215441,enhanced_fileid_252_pred54_idx0_loudest.wav,54,0.0,0.12439758999971673,0.725536441001168,0.34517756499917596,1.1951115960000607,0.031099397499929182,0.181384110250292,0.08629439124979399,0.29877789900001517,1
253,mic_fileid_253_doa72_3spk.wav,4.0,3,"34,71,340",2,340,0.0843189827067388,enhanced_fileid_253_pred340_idx2_loudest.wav,340,0.0,0.08692267600054038,0.6988967469987983,0.33404126499954145,1.1198606879988802,0.021730669000135094,0.17472418674969958,0.08351031624988536,0.27996517199972004,1
254,mic_fileid_254_doa102_3spk.wav,4.0,3,"112,293,343",2,343,0.03780789316311917,enhanced_fileid_254_pred343_idx2_loudest.wav,304,39.0,0.14530795899918303,0.7235362120009086,0.17798624400165863,1.0468304150017502,0.03632698974979576,0.18088405300022714,0.04449656100041466,0.26170760375043756,1
255,mic_fileid_255_doa122_3spk.wav,4.0,3,"119,216,268",0,119,0.072930104767848,enhanced_fileid_255_pred119_idx0_loudest.wav,122,3.0,0.10244628800137434,0.698137315997883,0.28490116100147134,1.0854847650007287,0.025611572000343585,0.17453432899947074,0.07122529025036783,0.27137119125018216,1
256,mic_fileid_256_doa87_3spk.wav,4.0,3,"4,88,174",1,88,0.04013470537258412,enhanced_fileid_256_pred88_idx1_loudest.wav,87,1.0,0.0865489140014688,0.7167917609986034,0.3646811990001879,1.1680218740002601,0.0216372285003672,0.17919794024965086,0.09117029975004698,0.29200546850006504,1
257,mic_fileid_257_doa223_3spk.wav,4.0,3,"214,262,323",2,323,0.058749706351715315,enhanced_fileid_257_pred323_idx2_loudest.wav,323,0.0,0.14983046099951025,0.7349888640019344,0.20761897400007,1.0924382990015147,0.03745761524987756,0.1837472160004836,0.0519047435000175,0.27310957475037867,1
258,mic_fileid_258_doa105_3spk.wav,4.0,3,"104,235,262",1,235,0.06721311290992749,enhanced_fileid_258_pred235_idx1_loudest.wav,233,2.0,0.07605746500121313,0.7071557080016646,0.17038363599931472,0.9535968090021925,0.019014366250303283,0.17678892700041615,0.04259590899982868,0.23839920225054811,1
259,mic_fileid_259_doa21_3spk.wav,4.0,3,"40,171,245",1,171,0.09105649316963633,enhanced_fileid_259_pred171_idx1_loudest.wav,171,0.0,0.10424027500266675,0.7353150369999639,0.2945638359997247,1.1341191480023554,0.026060068750666687,0.18382875924999098,0.07364095899993117,0.28352978700058884,1
260,mic_fileid_260_doa135_3spk.wav,4.0,3,"132,249,327",1,249,0.07608061910691759,enhanced_fileid_260_pred249_idx1_loudest.wav,250,1.0,0.07502916700104834,0.7695027899972047,0.21928232199934428,1.0638142789975973,0.018757291750262084,0.19237569749930117,0.05482058049983607,0.2659535697493993,1
261,mic_fileid_261_doa122_3spk.wav,4.0,3,"123,150,176",2,176,0.06996028354559225,enhanced_fileid_261_pred176_idx2_loudest.wav,176,0.0,0.07879917199898046,0.7298810619977303,0.37076625599729596,1.1794464899940067,0.019699792999745114,0.18247026549943257,0.09269156399932399,0.2948616224985017,1
262,mic_fileid_262_doa98_3spk.wav,4.0,3,"92,134,226",2,226,0.08149361499593259,enhanced_fileid_262_pred226_idx2_loudest.wav,226,0.0,0.16966150699954596,0.7147764569999708,0.33741742799975327,1.22185539199927,0.04241537674988649,0.1786941142499927,0.08435435699993832,0.3054638479998175,1
263,mic_fileid_263_doa26_3spk.wav,4.0,3,"28,61,283",1,61,0.09208558308359321,enhanced_fileid_263_pred61_idx1_loudest.wav,62,1.0,0.0840228989982279,0.7153993650026678,0.1936099539998395,0.9930322180007352,0.021005724749556975,0.17884984125066694,0.04840248849995987,0.2482580545001838,1
264,mic_fileid_264_doa124_3spk.wav,4.0,3,"127,170,226",0,127,0.07119420794965865,enhanced_fileid_264_pred127_idx0_loudest.wav,124,3.0,0.11363270800211467,0.753038133996597,0.2989231799983827,1.1655940219970944,0.028408177000528667,0.18825953349914926,0.07473079499959567,0.2913985054992736,1
265,mic_fileid_265_doa188_3spk.wav,4.0,3,"190,221,291",2,291,0.06004157518702711,enhanced_fileid_265_pred291_idx2_loudest.wav,292,1.0,0.11127218999899924,0.75799703300072,0.3115375220004353,1.1808067450001545,0.02781804749974981,0.18949925825018,0.07788438050010882,0.2952016862500386,1
266,mic_fileid_266_doa106_3spk.wav,4.0,3,"106,204,348",0,106,0.04126490459306442,enhanced_fileid_266_pred106_idx0_loudest.wav,359,107.0,0.10389279200171586,0.7150412119990506,0.21950621599899023,1.0384402199997567,0.025973198000428965,0.17876030299976264,0.05487655399974756,0.25961005499993917,1
267,mic_fileid_267_doa81_3spk.wav,4.0,3,"82,186,304",2,304,0.04569238400645437,enhanced_fileid_267_pred304_idx2_loudest.wav,311,7.0,0.14503638099995442,0.7514984850022302,0.30638279800041346,1.202917664002598,0.036259095249988604,0.18787462125055754,0.07659569950010336,0.3007294160006495,1
268,mic_fileid_268_doa43_3spk.wav,4.0,3,"41,294,353",2,353,0.08129141942443537,enhanced_fileid_268_pred353_idx2_loudest.wav,354,1.0,0.07742098499875283,0.7623141449985269,0.23579305300154374,1.0755281829988235,0.019355246249688207,0.19057853624963172,0.058948263250385935,0.26888204574970587,1
269,mic_fileid_269_doa18_3spk.wav,4.0,3,"14,40,163",2,163,0.05924301682411386,enhanced_fileid_269_pred163_idx2_loudest.wav,163,0.0,0.09693384999991395,0.7219185249996372,0.34402889600096387,1.162881271000515,0.024233462499978486,0.1804796312499093,0.08600722400024097,0.29072031775012874,1
270,mic_fileid_270_doa4_3spk.wav,4.0,3,"4,57,168",0,4,0.0656464117821322,enhanced_fileid_270_pred4_idx0_loudest.wav,4,0.0,0.1022016459974111,0.713294452001719,0.20993584099778673,1.0254319389969169,0.025550411499352776,0.17832361300042976,0.05248396024944668,0.2563579847492292,1
271,mic_fileid_271_doa16_3spk.wav,4.0,3,"192,244,352",0,192,0.054194196301208676,enhanced_fileid_271_pred192_idx0_loudest.wav,191,1.0,0.10971622099896194,0.7565635329992801,0.23676796099971398,1.103047714997956,0.027429055249740486,0.18914088324982004,0.059191990249928494,0.275761928749489,1
272,mic_fileid_272_doa59_3spk.wav,4.0,3,"253,307,352",0,253,0.038143380173653374,enhanced_fileid_272_pred253_idx0_loudest.wav,354,101.0,0.09660895799970604,0.7709864829994331,0.19408385699716746,1.0616792979963066,0.02415223949992651,0.19274662074985827,0.048520964249291865,0.26541982449907664,1
273,mic_fileid_273_doa24_3spk.wav,4.0,3,"24,43,164",0,24,0.06963899675431512,enhanced_fileid_273_pred24_idx0_loudest.wav,24,0.0,0.19422824000139371,0.7382995810003194,0.2353986599991913,1.1679264810009045,0.04855706000034843,0.18457489525007986,0.058849664999797824,0.2919816202502261,1
274,mic_fileid_274_doa14_3spk.wav,4.0,3,"13,63,113",2,113,0.06697141833168255,enhanced_fileid_274_pred113_idx2_loudest.wav,111,2.0,0.11401399500027765,0.7042481019998377,0.3173388889990747,1.13560098599919,0.02850349875006941,0.17606202549995942,0.07933472224976867,0.2839002464997975,1
275,mic_fileid_275_doa2_3spk.wav,4.0,3,"3,94,329",0,3,0.0684653331649776,enhanced_fileid_275_pred3_idx0_loudest.wav,2,1.0,0.08726729800036992,0.7595464980004181,0.2967536870019103,1.1435674830026983,0.02181682450009248,0.18988662450010452,0.07418842175047757,0.28589187075067457,1
276,mic_fileid_276_doa35_3spk.wav,4.0,3,"34,115,126",2,126,0.0683516904667711,enhanced_fileid_276_pred126_idx2_loudest.wav,127,1.0,0.1314384910001536,0.761982039999566,0.1161617780016968,1.0095823090014164,0.0328596227500384,0.1904955099998915,0.0290404445004242,0.2523955772503541,1
277,mic_fileid_277_doa52_3spk.wav,4.0,3,"45,135,306",2,306,0.0399199105912353,enhanced_fileid_277_pred306_idx2_loudest.wav,303,3.0,0.13184998300130246,0.6927476829987427,0.23756277099892031,1.0621604369989655,0.032962495750325616,0.17318692074968567,0.05939069274973008,0.26554010924974136,1
278,mic_fileid_278_doa13_3spk.wav,4.0,3,"12,102,298",1,102,0.04453626774650997,enhanced_fileid_278_pred102_idx1_loudest.wav,102,0.0,0.137479892000556,0.7578737930016359,0.24434393500268925,1.1396976200048812,0.034369973000139,0.18946844825040898,0.06108598375067231,0.2849244050012203,1
279,mic_fileid_279_doa26_3spk.wav,4.0,3,"35,121,220",2,220,0.06318043955501046,enhanced_fileid_279_pred220_idx2_loudest.wav,220,0.0,0.07660314600070706,0.7599392529991746,0.26999676800187444,1.1065391670017561,0.019150786500176764,0.18998481324979366,0.06749919200046861,0.27663479175043904,1
280,mic_fileid_280_doa27_3spk.wav,4.0,3,"24,284,356",0,24,0.08630459132042957,enhanced_fileid_280_pred24_idx0_loudest.wav,27,3.0,0.16905594900163123,0.7678483500021684,0.22824304400273832,1.165147343006538,0.04226398725040781,0.1919620875005421,0.05706076100068458,0.2912868357516345,1
281,mic_fileid_281_doa220_3spk.wav,4.0,3,"221,320,354",2,354,0.048928984755334394,enhanced_fileid_281_pred354_idx2_loudest.wav,355,1.0,0.08032559200000833,0.7753558399999747,0.32576417500240495,1.181445607002388,0.020081398000002082,0.19383895999999368,0.08144104375060124,0.295361401750597,1
282,mic_fileid_282_doa55_3spk.wav,4.0,3,"74,129,271",2,271,0.051430130833962966,enhanced_fileid_282_pred271_idx2_loudest.wav,276,5.0,0.15636431999882916,0.7586093469981279,0.2872705110021343,1.2022441779990913,0.03909107999970729,0.18965233674953197,0.07181762775053357,0.30056104449977283,1
283,mic_fileid_283_doa126_3spk.wav,4.0,3,"124,177,317",1,177,0.05695707639158178,enhanced_fileid_283_pred177_idx1_loudest.wav,302,125.0,0.09387637799954973,0.7589039699996647,0.17220067599919275,1.0249810239984072,0.023469094499887433,0.18972599249991617,0.04305016899979819,0.2562452559996018,1
284,mic_fileid_284_doa4_3spk.wav,4.0,3,"207,257,355",1,257,0.09932181937931914,enhanced_fileid_284_pred257_idx1_loudest.wav,256,1.0,0.08375085499937995,0.7008064879992162,0.20285184899694286,0.987409191995539,0.02093771374984499,0.17520162199980405,0.050712962249235716,0.24685229799888475,1
285,mic_fileid_285_doa48_3spk.wav,4.0,3,"45,229,275",2,275,0.04578847845425698,enhanced_fileid_285_pred275_idx2_loudest.wav,274,1.0,0.08557495200147969,0.7531802850025997,0.2628702389993123,1.1016254760033917,0.021393738000369922,0.18829507125064993,0.06571755974982807,0.2754063690008479,1
286,mic_fileid_286_doa62_3spk.wav,4.0,3,"61,226,355",0,61,0.08264621733365234,enhanced_fileid_286_pred61_idx0_loudest.wav,62,1.0,0.07915293100086274,0.770265309001843,0.2476620859997638,1.0970803260024695,0.019788232750215684,0.19256632725046074,0.06191552149994095,0.2742700815006174,1
287,mic_fileid_287_doa99_3spk.wav,4.0,3,"53,99,151",1,99,0.059182975215831504,enhanced_fileid_287_pred99_idx1_loudest.wav,147,48.0,0.12906608099729056,0.7157781339992653,0.34165886900154874,1.1865030839981046,0.03226652024932264,0.17894453349981632,0.08541471725038718,0.29662577099952614,1
288,mic_fileid_288_doa72_3spk.wav,4.0,3,"73,138,228",1,138,0.049657312865575454,enhanced_fileid_288_pred138_idx1_loudest.wav,139,1.0,0.09022771699892473,0.7518099029985024,0.32724666600188357,1.1692842859993107,0.022556929249731184,0.1879524757496256,0.08181166650047089,0.29232107149982767,1
289,mic_fileid_289_doa174_3spk.wav,4.0,3,"177,232,357",1,232,0.05898463246902149,enhanced_fileid_289_pred232_idx1_loudest.wav,232,0.0,0.10121719599919743,0.7157738020032411,0.17928516200117883,0.9962761600036174,0.025304298999799357,0.17894345050081029,0.04482129050029471,0.24906904000090435,1
290,mic_fileid_290_doa23_3spk.wav,4.0,3,"23,136,315",1,136,0.07531991292103157,enhanced_fileid_290_pred136_idx1_loudest.wav,137,1.0,0.08185697500084643,0.7081701530005375,0.17527531900122995,0.9653024470026139,0.020464243750211608,0.17704253825013438,0.043818829750307486,0.24132561175065348,1
291,mic_fileid_291_doa157_3spk.wav,4.0,3,"3,170,261",2,261,0.06638272989420421,enhanced_fileid_291_pred261_idx2_loudest.wav,263,2.0,0.1789035369984049,0.7313456580013735,0.2584210910026741,1.1686702860024525,0.04472588424960122,0.18283641450034338,0.06460527275066852,0.2921675715006131,1
292,mic_fileid_292_doa44_3spk.wav,4.0,3,"186,222,338",2,338,0.05483084457117425,enhanced_fileid_292_pred338_idx2_loudest.wav,338,0.0,0.11756964700180106,0.7494839829996636,0.2803409819971421,1.1473946119986067,0.029392411750450265,0.1873709957499159,0.07008524549928552,0.2868486529996517,1
293,mic_fileid_293_doa94_3spk.wav,4.0,3,"189,252,339",2,339,0.08213314329582823,enhanced_fileid_293_pred339_idx2_loudest.wav,340,1.0,0.1408827899977041,0.7560180190012034,0.23386117900008685,1.1307619879989943,0.035220697499426024,0.18900450475030084,0.05846529475002171,0.2826904969997486,1
294,mic_fileid_294_doa175_3spk.wav,4.0,3,"176,296,338",1,296,0.07928805526505256,enhanced_fileid_294_pred296_idx1_loudest.wav,296,0.0,0.08023502600190113,0.7581001709986595,0.17162188600195805,1.0099570830025186,0.020058756500475283,0.18952504274966486,0.04290547150048951,0.25248927075062966,1
295,mic_fileid_295_doa80_3spk.wav,4.0,3,"81,247,289",0,81,0.03249802588906875,enhanced_fileid_295_pred81_idx0_loudest.wav,80,1.0,0.08106793399929302,0.766936980002356,0.15947536499879789,1.007480279000447,0.020266983499823255,0.191734245000589,0.03986884124969947,0.2518700697501117,1
296,mic_fileid_296_doa65_3spk.wav,4.0,3,"65,221,325",2,325,0.054526812497572366,enhanced_fileid_296_pred325_idx2_loudest.wav,203,122.0,0.08097852300124941,0.7060986500000581,0.17795212300188723,0.9650292960031948,0.020244630750312353,0.17652466250001453,0.04448803075047181,0.2412573240007987,1
297,mic_fileid_297_doa40_3spk.wav,4.0,3,"44,169,359",0,44,0.062225797089443605,enhanced_fileid_297_pred44_idx0_loudest.wav,40,4.0,0.09214087799773552,0.7316576740013261,0.1808633809996536,1.0046619329987152,0.02303521949943388,0.18291441850033152,0.0452158452499134,0.2511654832496788,1
298,mic_fileid_298_doa53_3spk.wav,4.0,3,"45,114,171",1,114,0.048582188109101185,enhanced_fileid_298_pred114_idx1_loudest.wav,113,1.0,0.07712003300184733,0.6671192479989259,0.2031630919991585,0.9474023729999317,0.019280008250461833,0.16677981199973146,0.050790772999789624,0.23685059324998292,1
299,mic_fileid_299_doa50_3spk.wav,4.0,3,"54,134,240",1,134,0.04679077867810862,enhanced_fileid_299_pred134_idx1_loudest.wav,134,0.0,0.09719208899696241,0.7582355250015098,2.203169082997192,3.0585966969956644,0.024298022249240603,0.18955888125037745,0.550792270749298,0.7646491742489161,1
300,mic_fileid_300_doa68_3spk.wav,4.0,3,"53,228,286",1,228,0.038759948586974055,enhanced_fileid_300_pred228_idx1_loudest.wav,219,9.0,0.09011526600079378,0.7713924700001371,0.3212488850003865,1.1827566210013174,0.022528816500198445,0.19284811750003428,0.08031222125009663,0.29568915525032935,1
301,mic_fileid_301_doa9_3spk.wav,4.0,3,"23,214,267",2,267,0.04318567703933923,enhanced_fileid_301_pred267_idx2_loudest.wav,230,37.0,0.0933121489979385,0.7093314379999356,0.23092342100062524,1.0335670079984993,0.023328037249484623,0.1773328594999839,0.05773085525015631,0.25839175199962483,1
302,mic_fileid_302_doa36_3spk.wav,4.0,3,"36,279,343",0,36,0.10180325687805593,enhanced_fileid_302_pred36_idx0_loudest.wav,36,0.0,0.14257302100304514,0.7099433729999873,0.3177979960019002,1.1703143900049326,0.035643255250761285,0.17748584324999683,0.07944949900047504,0.29257859750123316,1
303,mic_fileid_303_doa40_3spk.wav,4.0,3,"43,93,154",0,43,0.05024852978757433,enhanced_fileid_303_pred43_idx0_loudest.wav,40,3.0,0.15672594300122,0.711003073000029,0.21576359400205547,1.0834926100033044,0.039181485750305,0.17775076825000724,0.05394089850051387,0.2708731525008261,1
304,mic_fileid_304_doa128_3spk.wav,4.0,3,"129,316,343",2,343,0.07732120322984093,enhanced_fileid_304_pred343_idx2_loudest.wav,343,0.0,0.08284665999963181,0.7608932039984211,0.26549160799913807,1.109231471997191,0.020711664999907953,0.19022330099960527,0.06637290199978452,0.27730786799929774,1
305,mic_fileid_305_doa32_3spk.wav,4.0,3,"195,205,276",2,276,0.06722649681894696,enhanced_fileid_305_pred276_idx2_loudest.wav,276,0.0,0.07676689800064196,0.6926050210022368,0.30137446399749024,1.070746383000369,0.01919172450016049,0.1731512552505592,0.07534361599937256,0.26768659575009224,1
306,mic_fileid_306_doa57_3spk.wav,4.0,3,"56,88,112",0,56,0.062044127835450553,enhanced_fileid_306_pred56_idx0_loudest.wav,57,1.0,0.13555540399829624,0.7434402689978015,0.25477800500084413,1.1337736779969418,0.03388885099957406,0.18586006724945037,0.06369450125021103,0.28344341949923546,1
307,mic_fileid_307_doa86_3spk.wav,4.0,3,"85,270,353",0,85,0.07723365265843976,enhanced_fileid_307_pred85_idx0_loudest.wav,86,1.0,0.07558179299667245,0.737049826002476,0.17377040999781457,0.986402028996963,0.018895448249168112,0.184262456500619,0.04344260249945364,0.24660050724924076,1
308,mic_fileid_308_doa107_3spk.wav,4.0,3,"102,158,273",0,102,0.06295745886187364,enhanced_fileid_308_pred102_idx0_loudest.wav,107,5.0,0.08231873700060532,0.7194187479981338,0.16653937199953361,0.9682768569982727,0.02057968425015133,0.17985468699953344,0.041634842999883404,0.24206921424956818,1
309,mic_fileid_309_doa45_3spk.wav,4.0,3,"40,99,200",0,40,0.05539165237303431,enhanced_fileid_309_pred40_idx0_loudest.wav,45,5.0,0.08066108000275563,0.7368387110000185,0.21103774700168287,1.028537538004457,0.020165270000688906,0.18420967775000463,0.05275943675042072,0.25713438450111425,1
310,mic_fileid_310_doa57_3spk.wav,4.0,3,"41,149,222",1,149,0.028957418714538156,enhanced_fileid_310_pred149_idx1_loudest.wav,57,92.0,0.10897759900035453,0.73174384399681,0.3650052569973923,1.2057266999945568,0.027244399750088633,0.1829359609992025,0.09125131424934807,0.3014316749986392,1
311,mic_fileid_311_doa16_3spk.wav,4.0,3,"12,64,99",2,99,0.05159290051745865,enhanced_fileid_311_pred99_idx2_loudest.wav,102,3.0,0.08019560400134651,0.7253787289992033,0.16656807999970624,0.9721424130002561,0.020048901000336627,0.18134468224980083,0.04164201999992656,0.24303560325006401,1
312,mic_fileid_312_doa88_3spk.wav,4.0,3,"179,219,256",0,179,0.06407679168184086,enhanced_fileid_312_pred179_idx0_loudest.wav,181,2.0,0.07716643899766495,0.684619018000376,0.23019196099994588,0.9919774179979868,0.01929160974941624,0.171154754500094,0.05754799024998647,0.2479943544994967,1
313,mic_fileid_313_doa50_3spk.wav,4.0,3,"50,114,297",1,114,0.07233495478608896,enhanced_fileid_313_pred114_idx1_loudest.wav,113,1.0,0.1009962540010747,0.7337486500000523,0.4029760740013444,1.2377209780024714,0.025249063500268676,0.18343716250001307,0.1007440185003361,0.30943024450061785,1
314,mic_fileid_314_doa25_3spk.wav,4.0,3,"23,199,291",0,23,0.0928317298215223,enhanced_fileid_314_pred23_idx0_loudest.wav,25,2.0,0.15754217699941364,0.7269473300002574,0.2360806130018318,1.1205701200015028,0.03938554424985341,0.18173683250006434,0.05902015325045795,0.2801425300003757,1
315,mic_fileid_315_doa207_3spk.wav,4.0,3,"205,292,344",0,205,0.11479785486545863,enhanced_fileid_315_pred205_idx0_loudest.wav,207,2.0,0.08404470499954186,0.7489501509990077,0.20233743599965237,1.035332291998202,0.021011176249885466,0.18723753774975194,0.05058435899991309,0.2588330729995505,1
316,mic_fileid_316_doa105_3spk.wav,4.0,3,"101,148,180",0,101,0.09335773584521015,enhanced_fileid_316_pred101_idx0_loudest.wav,105,4.0,0.07618289700258174,0.6855942279980809,0.18742692500018165,0.9492040500008443,0.019045724250645435,0.17139855699952022,0.046856731250045414,0.23730101250021107,1
317,mic_fileid_317_doa4_3spk.wav,4.0,3,"4,111,189",0,4,0.06585653176216094,enhanced_fileid_317_pred4_idx0_loudest.wav,180,176.0,0.07294240999908652,0.6523752029970638,0.26593339999817545,0.9912510129943257,0.01823560249977163,0.16309380074926594,0.06648334999954386,0.24781275324858143,1
318,mic_fileid_318_doa38_3spk.wav,4.0,3,"35,207,327",0,35,0.07786527167657224,enhanced_fileid_318_pred35_idx0_loudest.wav,38,3.0,0.09111995099738124,0.7068960190008511,0.18909549100135337,0.9871114609995857,0.02277998774934531,0.17672400475021277,0.04727387275033834,0.24677786524989642,1
319,mic_fileid_319_doa41_3spk.wav,4.0,3,"160,206,352",1,206,0.0600832984946383,enhanced_fileid_319_pred206_idx1_loudest.wav,198,8.0,0.07685172900164616,0.6751396380022925,0.2294639330029895,0.9814553000069282,0.01921293225041154,0.16878490950057312,0.05736598325074738,0.24536382500173204,1
320,mic_fileid_320_doa73_3spk.wav,4.0,3,"75,162,350",0,75,0.07094027629849625,enhanced_fileid_320_pred75_idx0_loudest.wav,73,2.0,0.07801867200032575,0.6854007410001941,0.2858333859985578,1.0492527989990776,0.019504668000081438,0.17135018525004853,0.07145834649963945,0.2623131997497694,1
321,mic_fileid_321_doa43_3spk.wav,4.0,3,"195,222,293",2,293,0.0718830365634835,enhanced_fileid_321_pred293_idx2_loudest.wav,301,8.0,0.07978824599922518,0.7240083289980248,0.17868025500138174,0.9824768299986317,0.019947061499806296,0.1810020822495062,0.044670063750345435,0.24561920749965793,1
322,mic_fileid_322_doa9_3spk.wav,4.0,3,"18,197,237",0,18,0.05942092745894498,enhanced_fileid_322_pred18_idx0_loudest.wav,9,9.0,0.07574721600030898,0.6784360180026852,0.1640043199986394,0.9181875540016335,0.018936804000077245,0.1696090045006713,0.04100107999965985,0.22954688850040839,1
323,mic_fileid_323_doa100_3spk.wav,4.0,3,"100,189,303",1,189,0.0461818190063745,enhanced_fileid_323_pred189_idx1_loudest.wav,189,0.0,0.07519409800079302,0.7355571779989987,0.1648472449996916,0.9755985209994833,0.018798524500198255,0.18388929449974967,0.0412118112499229,0.24389963024987082,1
324,mic_fileid_324_doa14_3spk.wav,4.0,3,"14,52,279",1,52,0.07217311000183903,enhanced_fileid_324_pred52_idx1_loudest.wav,14,38.0,0.07716145400263485,0.7558318069968664,0.18952378999892971,1.022517050998431,0.019290363500658714,0.1889579517492166,0.04738094749973243,0.25562926274960773,1
325,mic_fileid_325_doa27_3spk.wav,4.0,3,"30,311,339",0,30,0.06800146228800777,enhanced_fileid_325_pred30_idx0_loudest.wav,340,50.0,0.09102415499728522,0.6661071450034797,0.18300831499800552,0.9401396149987704,0.022756038749321306,0.16652678625086992,0.04575207874950138,0.2350349037496926,1
326,mic_fileid_326_doa143_3spk.wav,4.0,3,"141,217,283",0,141,0.038613579000126935,enhanced_fileid_326_pred141_idx0_loudest.wav,143,2.0,0.07608489600170287,0.6647474650017102,0.24383265299911727,0.9846650140025304,0.019021224000425718,0.16618686625042756,0.06095816324977932,0.2461662535006326,1
327,mic_fileid_327_doa189_3spk.wav,4.0,3,"190,264,305",2,305,0.05853539659628147,enhanced_fileid_327_pred305_idx2_loudest.wav,303,2.0,0.07896611999967718,0.6875326549998135,0.18955509200168308,0.9560538670011738,0.019741529999919294,0.17188316374995338,0.04738877300042077,0.23901346675029345,1
328,mic_fileid_328_doa119_3spk.wav,4.0,3,"121,153,262",0,121,0.08110744934819371,enhanced_fileid_328_pred121_idx0_loudest.wav,119,2.0,0.07530584200139856,0.6453850590005459,0.11156137800207944,0.8322522790040239,0.01882646050034964,0.16134626475013647,0.02789034450051986,0.20806306975100597,1
329,mic_fileid_329_doa12_3spk.wav,4.0,3,"1,194,281",1,194,0.06042785442981089,enhanced_fileid_329_pred194_idx1_loudest.wav,196,2.0,0.07810264699946856,0.6490857509998023,0.2153685260018392,0.94255692400111,0.01952566174986714,0.16227143774995056,0.0538421315004598,0.2356392310002775,1
330,mic_fileid_330_doa67_3spk.wav,4.0,3,"67,287,354",0,67,0.0911219913567052,enhanced_fileid_330_pred67_idx0_loudest.wav,67,0.0,0.09764202400037902,0.7281378429979668,0.21888458199828165,1.0446644489966275,0.024410506000094756,0.1820344607494917,0.05472114549957041,0.26116611224915687,1
331,mic_fileid_331_doa39_3spk.wav,4.0,3,"22,197,270",1,197,0.02823864874645527,enhanced_fileid_331_pred197_idx1_loudest.wav,39,158.0,0.0731955810006184,0.7322993050001969,0.13277570100035518,0.9382705870011705,0.0182988952501546,0.18307482625004923,0.033193925250088796,0.23456764675029262,1
332,mic_fileid_332_doa4_3spk.wav,4.0,3,"7,79,151",2,151,0.06265952412646095,enhanced_fileid_332_pred151_idx2_loudest.wav,152,1.0,0.09447994700167328,0.6730092779980623,0.3125740819996281,1.0800633069993637,0.02361998675041832,0.16825231949951558,0.07814352049990703,0.2700158267498409,1
333,mic_fileid_333_doa167_3spk.wav,4.0,3,"46,166,237",1,166,0.08656015019781718,enhanced_fileid_333_pred166_idx1_loudest.wav,167,1.0,0.09049658500225632,0.7399063339980785,0.34533397300037905,1.1757368920007139,0.02262414625056408,0.18497658349951962,0.08633349325009476,0.29393422300017846,1
334,mic_fileid_334_doa122_3spk.wav,4.0,3,"122,188,241",2,241,0.08207143343391392,enhanced_fileid_334_pred241_idx2_loudest.wav,245,4.0,0.07824590000018361,0.671955825000623,0.21365190199867357,0.9638536269994802,0.019561475000045903,0.16798895625015575,0.05341297549966839,0.24096340674987005,1
335,mic_fileid_335_doa43_3spk.wav,4.0,3,"41,104,332",1,104,0.07206057730611122,enhanced_fileid_335_pred104_idx1_loudest.wav,104,0.0,0.15330042699861224,0.6970887140014383,0.20284630700189155,1.0532354480019421,0.03832510674965306,0.1742721785003596,0.050711576750472886,0.26330886200048553,1
336,mic_fileid_336_doa91_3spk.wav,4.0,3,"85,145,209",0,85,0.0590601105978461,enhanced_fileid_336_pred85_idx0_loudest.wav,91,6.0,0.07537094999861438,0.7226088249990426,0.17504748400097014,0.9730272589986271,0.018842737499653595,0.18065220624976064,0.043761871000242536,0.24325681474965677,1
337,mic_fileid_337_doa165_3spk.wav,4.0,3,"156,211,300",2,300,0.06691576759526292,enhanced_fileid_337_pred300_idx2_loudest.wav,302,2.0,0.07281458500074223,0.6433956540022336,0.12020340999879409,0.83641364900177,0.018203646250185557,0.1608489135005584,0.03005085249969852,0.2091034122504425,1
338,mic_fileid_338_doa129_3spk.wav,4.0,3,"11,134,174",2,174,0.08599364725391766,enhanced_fileid_338_pred174_idx2_loudest.wav,175,1.0,0.16515884199907305,0.7288212460007344,0.16054925400021602,1.0545293420000235,0.04128971049976826,0.1822053115001836,0.040137313500054006,0.26363233550000587,1
339,mic_fileid_339_doa48_3spk.wav,4.0,3,"48,80,87",0,48,0.05462951997953908,enhanced_fileid_339_pred48_idx0_loudest.wav,48,0.0,0.07427214799827198,0.6752674119998119,0.1742337640025653,0.9237733240006492,0.018568036999567994,0.16881685299995297,0.043558441000641324,0.2309433310001623,1
340,mic_fileid_340_doa68_3spk.wav,4.0,3,"68,110,122",0,68,0.080285043785279,enhanced_fileid_340_pred68_idx0_loudest.wav,68,0.0,0.07586258900118992,0.6426314460004505,0.27822101800120436,0.9967150530028448,0.01896564725029748,0.16065786150011263,0.06955525450030109,0.2491787632507112,1
341,mic_fileid_341_doa16_3spk.wav,4.0,3,"15,140,195",2,195,0.05088924045808256,enhanced_fileid_341_pred195_idx2_loudest.wav,196,1.0,0.1490775010024663,0.7108021149979322,0.21130623800127069,1.0711858540016692,0.037269375250616577,0.17770052874948306,0.05282655950031767,0.2677964635004173,1
342,mic_fileid_342_doa2_3spk.wav,4.0,3,"59,328,359",0,59,0.07809440036761053,enhanced_fileid_342_pred59_idx0_loudest.wav,60,1.0,0.08152906300165341,0.7326814099978947,0.24440094000237877,1.0586114130019268,0.020382265750413353,0.18317035249947367,0.061100235000594694,0.2646528532504817,1
343,mic_fileid_343_doa17_3spk.wav,4.0,3,"18,31,51",2,51,0.09735110137193846,enhanced_fileid_343_pred51_idx2_loudest.wav,53,2.0,0.07822780199785484,0.7244247810012894,0.34079703300085384,1.143449615999998,0.01955695049946371,0.18110619525032234,0.08519925825021346,0.2858624039999995,1
344,mic_fileid_344_doa9_3spk.wav,4.0,3,"10,44,315",2,315,0.06877593522773354,enhanced_fileid_344_pred315_idx2_loudest.wav,314,1.0,0.13253028599865502,0.760800896998262,0.23096101299961447,1.1242921959965315,0.033132571499663754,0.1902002242495655,0.05774025324990362,0.2810730489991329,1
345,mic_fileid_345_doa61_3spk.wav,4.0,3,"66,152,307",0,66,0.060675515848455236,enhanced_fileid_345_pred66_idx0_loudest.wav,61,5.0,0.08485986300001969,0.6611900989992137,0.21042305800074246,0.9564730199999758,0.02121496575000492,0.16529752474980342,0.052605764500185614,0.23911825499999395,1
346,mic_fileid_346_doa62_3spk.wav,4.0,3,"63,260,291",2,291,0.043772858832680714,enhanced_fileid_346_pred291_idx2_loudest.wav,292,1.0,0.09596328100087703,0.6638963340010378,0.2831096100017021,1.0429692250036169,0.023990820250219258,0.16597408350025944,0.07077740250042552,0.2607423062509042,1
347,mic_fileid_347_doa18_3spk.wav,4.0,3,"17,194,313",0,17,0.09360664135441468,enhanced_fileid_347_pred17_idx0_loudest.wav,18,1.0,0.0748639639969042,0.7385026079973613,0.15396321200023522,0.9673297839945008,0.01871599099922605,0.18462565199934033,0.038490803000058804,0.2418324459986252,1
348,mic_fileid_348_doa57_3spk.wav,4.0,3,"77,174,235",1,174,0.07506766569064247,enhanced_fileid_348_pred174_idx1_loudest.wav,173,1.0,0.07758165699851816,0.6519760899973335,0.227187786000286,0.9567455329961376,0.01939541424962954,0.16299402249933337,0.0567969465000715,0.2391863832490344,1
349,mic_fileid_349_doa87_3spk.wav,4.0,3,"86,169,358",1,169,0.08968216310111558,enhanced_fileid_349_pred169_idx1_loudest.wav,166,3.0,0.07394525299969246,0.704885071998433,0.25245972699849517,1.0312900519966206,0.018486313249923114,0.17622126799960824,0.06311493174962379,0.25782251299915515,1
350,mic_fileid_350_doa97_3spk.wav,4.0,3,"214,273,333",0,214,0.07622845812043019,enhanced_fileid_350_pred214_idx0_loudest.wav,216,2.0,0.07633464600075968,0.6678577829989081,0.20361821099868394,0.9478106399983517,0.01908366150018992,0.16696444574972702,0.050904552749670984,0.23695265999958792,1
351,mic_fileid_351_doa35_3spk.wav,4.0,3,"36,84,148",0,36,0.05965036303155946,enhanced_fileid_351_pred36_idx0_loudest.wav,35,1.0,0.07568779199937126,0.6687206419992435,0.16998946199964848,0.9143978959982633,0.018921947999842814,0.16718016049981088,0.04249736549991212,0.22859947399956582,1
352,mic_fileid_352_doa234_3spk.wav,4.0,3,"233,269,333",0,233,0.05753966805408537,enhanced_fileid_352_pred233_idx0_loudest.wav,234,1.0,0.07260565800243057,0.6630026170023484,0.277802985998278,1.013411261003057,0.018151414500607643,0.1657506542505871,0.0694507464995695,0.25335281525076425,1
353,mic_fileid_353_doa27_3spk.wav,4.0,3,"27,313,353",2,353,0.09248596176713035,enhanced_fileid_353_pred353_idx2_loudest.wav,354,1.0,0.07885908100070083,0.682686690997798,0.23263501700057532,0.9941807889990741,0.019714770250175206,0.1706716727494495,0.05815875425014383,0.24854519724976853,1
354,mic_fileid_354_doa100_3spk.wav,4.0,3,"202,277,332",2,332,0.07425834011163006,enhanced_fileid_354_pred332_idx2_loudest.wav,331,1.0,0.07263918600074248,0.6540001100001973,0.16725356399911107,0.8938928600000509,0.01815979650018562,0.16350002750004933,0.041813390999777766,0.22347321500001271,1
355,mic_fileid_355_doa22_3spk.wav,4.0,3,"19,172,286",2,286,0.06825934860476608,enhanced_fileid_355_pred286_idx2_loudest.wav,285,1.0,0.0818792249992839,0.6898220670009323,0.1672298010016675,0.9389310930018837,0.020469806249820977,0.17245551675023307,0.04180745025041688,0.23473277325047093,1
356,mic_fileid_356_doa17_3spk.wav,4.0,3,"183,220,290",0,183,0.06073152700226097,enhanced_fileid_356_pred183_idx0_loudest.wav,181,2.0,0.07660673200007295,0.7368740970014187,0.2141637430031551,1.0276445720046468,0.019151683000018238,0.18421852425035468,0.053540935750788776,0.2569111430011617,1
357,mic_fileid_357_doa155_3spk.wav,4.0,3,"155,219,328",2,328,0.06807296529823402,enhanced_fileid_357_pred328_idx2_loudest.wav,234,94.0,0.0758644199995615,0.7235351470008027,0.24515198199878796,1.0445515489991521,0.018966104999890376,0.18088378675020067,0.06128799549969699,0.26113788724978804,1
358,mic_fileid_358_doa96_3spk.wav,4.0,3,"95,213,300",0,95,0.057584751228822645,enhanced_fileid_358_pred95_idx0_loudest.wav,326,129.0,0.08009659799790825,0.725253951997729,0.2589264070011268,1.064276956996764,0.020024149499477062,0.18131348799943225,0.0647316017502817,0.266069239249191,1
359,mic_fileid_359_doa92_3spk.wav,4.0,3,"252,270,291",2,291,0.09436073425512381,enhanced_fileid_359_pred291_idx2_loudest.wav,291,0.0,0.07729533800011268,0.7268437219972839,0.18260358599945903,0.9867426459968556,0.01932383450002817,0.18171093049932097,0.04565089649986476,0.2466856614992139,1
360,mic_fileid_360_doa3_3spk.wav,4.0,3,"6,106,300",1,106,0.06919181875384546,enhanced_fileid_360_pred106_idx1_loudest.wav,104,2.0,0.07477551199917798,0.645007594001072,0.26813353600300616,0.9879166420032561,0.018693877999794495,0.161251898500268,0.06703338400075154,0.24697916050081403,1
361,mic_fileid_361_doa8_3spk.wav,4.0,3,"15,206,283",0,15,0.03907321684108824,enhanced_fileid_361_pred15_idx0_loudest.wav,230,145.0,0.08138117400085321,0.7239859549990797,0.23010440199868754,1.0354715309986204,0.020345293500213302,0.18099648874976992,0.057526100499671884,0.2588678827496551,1
362,mic_fileid_362_doa47_3spk.wav,4.0,3,"70,142,252",1,142,0.03170025783445732,enhanced_fileid_362_pred142_idx1_loudest.wav,265,123.0,0.08723489099793369,0.6855202400001872,0.23064643199904822,1.003401562997169,0.021808722749483422,0.1713800600000468,0.057661607999762055,0.2508503907492923,1
363,mic_fileid_363_doa95_3spk.wav,4.0,3,"175,267,337",2,337,0.06678069820291128,enhanced_fileid_363_pred337_idx2_loudest.wav,336,1.0,0.08861451099801343,0.6552917799999705,0.24702263500148547,0.9909289259994694,0.022153627749503357,0.16382294499999261,0.06175565875037137,0.24773223149986734,1
364,mic_fileid_364_doa50_3spk.wav,4.0,3,"217,301,345",2,345,0.048718834120125995,enhanced_fileid_364_pred345_idx2_loudest.wav,345,0.0,0.09812652400069055,0.7380849400033185,0.16206400199735072,0.9982754660013597,0.024531631000172638,0.18452123500082962,0.04051600049933768,0.24956886650033994,1
365,mic_fileid_365_doa174_3spk.wav,4.0,3,"174,212,263",1,212,0.05435618547356147,enhanced_fileid_365_pred212_idx1_loudest.wav,212,0.0,0.07506082899999456,0.7241803319993778,0.18034664900187636,0.9795878100012487,0.01876520724999864,0.18104508299984445,0.04508666225046909,0.24489695250031218,1
366,mic_fileid_366_doa75_3spk.wav,4.0,3,"76,181,359",1,181,0.06441920210128461,enhanced_fileid_366_pred181_idx1_loudest.wav,180,1.0,0.08221924400277203,0.6906812050001463,0.18695561200001976,0.9598560610029381,0.020554811000693007,0.17267030125003657,0.04673890300000494,0.23996401525073452,1
367,mic_fileid_367_doa110_3spk.wav,4.0,3,"25,261,296",1,261,0.07666416099912654,enhanced_fileid_367_pred261_idx1_loudest.wav,261,0.0,0.07800558300004923,0.6713751600000251,0.1813638230014476,0.9307445660015219,0.019501395750012307,0.16784379000000627,0.0453409557503619,0.23268614150038047,1
368,mic_fileid_368_doa76_3spk.wav,4.0,3,"79,268,293",0,79,0.06043604164553101,enhanced_fileid_368_pred79_idx0_loudest.wav,76,3.0,0.07529635099854204,0.6434223750002275,0.155457706998277,0.8741764329970465,0.01882408774963551,0.16085559375005687,0.03886442674956925,0.21854410824926163,1
369,mic_fileid_369_doa27_3spk.wav,4.0,3,"27,76,165",2,165,0.04194406951353121,enhanced_fileid_369_pred165_idx2_loudest.wav,75,90.0,0.08836901099857641,0.6635275849985192,0.23591102299906197,0.9878076189961575,0.022092252749644103,0.1658818962496298,0.05897775574976549,0.24695190474903939,1
370,mic_fileid_370_doa148_3spk.wav,4.0,3,"150,258,314",0,150,0.04585493623463549,enhanced_fileid_370_pred150_idx0_loudest.wav,297,147.0,0.0856360149991815,0.7355048319986963,0.1312102629999572,0.952351109997835,0.021409003749795374,0.18387620799967408,0.0328025657499893,0.23808777749945875,1
371,mic_fileid_371_doa68_3spk.wav,4.0,3,"189,250,305",2,305,0.05847234013689572,enhanced_fileid_371_pred305_idx2_loudest.wav,306,1.0,0.07950967299984768,0.6631038539999281,0.2068623649975052,0.949475891997281,0.01987741824996192,0.16577596349998203,0.0517155912493763,0.23736897299932025,1
372,mic_fileid_372_doa161_3spk.wav,4.0,3,"41,160,228",1,160,0.05363332657824093,enhanced_fileid_372_pred160_idx1_loudest.wav,161,1.0,0.08102816400059965,0.6557748999985051,0.21630858299977263,0.9531116469988774,0.02025704100014991,0.16394372499962628,0.054077145749943156,0.23827791174971935,1
373,mic_fileid_373_doa55_3spk.wav,4.0,3,"68,173,277",1,173,0.07826817011384647,enhanced_fileid_373_pred173_idx1_loudest.wav,176,3.0,0.12500417800038122,0.6836249200023303,0.1626760210019711,0.9713051190046826,0.031251044500095304,0.17090623000058258,0.040669005250492773,0.24282627975117066,1
374,mic_fileid_374_doa92_3spk.wav,4.0,3,"69,190,256",2,256,0.05556645386148273,enhanced_fileid_374_pred256_idx2_loudest.wav,253,3.0,0.08025602099951357,0.6741185989994847,0.2785409969983448,1.032915616997343,0.02006400524987839,0.16852964974987117,0.0696352492495862,0.25822890424933576,1
375,mic_fileid_375_doa192_3spk.wav,4.0,3,"193,292,335",2,335,0.060000314632342615,enhanced_fileid_375_pred335_idx2_loudest.wav,336,1.0,0.07700606799699017,0.6843772410029487,0.22064295900054276,0.9820262680004817,0.019251516999247542,0.17109431025073718,0.05516073975013569,0.2455065670001204,1
376,mic_fileid_376_doa40_3spk.wav,4.0,3,"43,100,151",1,100,0.10621359731242375,enhanced_fileid_376_pred100_idx1_loudest.wav,104,4.0,0.11062106399913318,0.7360740599979181,0.20649629100080347,1.0531914149978547,0.027655265999783296,0.18401851499947952,0.05162407275020087,0.2632978537494637,1
377,mic_fileid_377_doa285_3spk.wav,4.0,3,"255,285,343",1,285,0.04265216172902517,enhanced_fileid_377_pred285_idx1_loudest.wav,285,0.0,0.07539580699813087,0.7234643600022537,0.18988586100022076,0.9887460280006053,0.018848951749532716,0.18086609000056342,0.04747146525005519,0.24718650700015132,1
378,mic_fileid_378_doa15_3spk.wav,4.0,3,"21,84,296",1,84,0.05271961747422897,enhanced_fileid_378_pred84_idx1_loudest.wav,85,1.0,0.0755457019986352,0.7421384120025323,0.16078435700183036,0.9784684710029978,0.0188864254996588,0.18553460300063307,0.04019608925045759,0.24461711775074946,1
379,mic_fileid_379_doa53_3spk.wav,4.0,3,"62,204,250",2,250,0.06057813277272181,enhanced_fileid_379_pred250_idx2_loudest.wav,248,2.0,0.10478589000194916,0.7264092580007855,0.16745403299864847,0.9986491810013831,0.02619647250048729,0.18160231450019637,0.04186350824966212,0.24966229525034578,1
380,mic_fileid_380_doa120_3spk.wav,4.0,3,"120,216,302",1,216,0.08869322922687038,enhanced_fileid_380_pred216_idx1_loudest.wav,216,0.0,0.07695397100178525,0.6431201810009952,0.14132184999834863,0.8613960020011291,0.019238492750446312,0.1607800452502488,0.035330462499587156,0.21534900050028227,1
381,mic_fileid_381_doa212_3spk.wav,4.0,3,"211,249,336",1,249,0.11026612243510658,enhanced_fileid_381_pred249_idx1_loudest.wav,246,3.0,0.07527166599902557,0.672263678003219,0.3259687469981145,1.073504091000359,0.018817916499756393,0.16806591950080474,0.08149218674952863,0.26837602275008976,1
382,mic_fileid_382_doa34_3spk.wav,4.0,3,"27,78,226",0,27,0.04129394108336952,enhanced_fileid_382_pred27_idx0_loudest.wav,193,166.0,0.081592828999419,0.7291531010014296,0.37512421299834386,1.1858701429991925,0.02039820724985475,0.1822882752503574,0.09378105324958597,0.2964675357497981,1
383,mic_fileid_383_doa0_3spk.wav,4.0,3,"166,179,246",0,166,0.07636075209812103,enhanced_fileid_383_pred166_idx0_loudest.wav,166,0.0,0.08862636100093368,0.6654600379988551,0.34312402899740846,1.0972104279971973,0.02215659025023342,0.16636500949971378,0.08578100724935211,0.2743026069992993,1
384,mic_fileid_384_doa36_3spk.wav,4.0,3,"60,154,265",2,265,0.05180708147061483,enhanced_fileid_384_pred265_idx2_loudest.wav,36,131.0,0.1377838980006345,0.6983435799993458,0.17423482400045032,1.0103623020004306,0.03444597450015863,0.17458589499983646,0.04355870600011258,0.25259057550010766,1
385,mic_fileid_385_doa92_3spk.wav,4.0,3,"222,274,279",2,279,0.08370222311548144,enhanced_fileid_385_pred279_idx2_loudest.wav,92,173.0,0.07648468999832403,0.7220396560005611,0.21315259100083495,1.01167693699972,0.019121172499581007,0.18050991400014027,0.053288147750208736,0.25291923424993,1
386,mic_fileid_386_doa35_3spk.wav,4.0,3,"37,67,145",1,67,0.05669839146926348,enhanced_fileid_386_pred67_idx1_loudest.wav,142,75.0,0.07467792199895484,0.6414430340009858,0.2005541659964365,0.9166751219963771,0.01866948049973871,0.16036075850024645,0.050138541499109124,0.22916878049909428,1
387,mic_fileid_387_doa54_3spk.wav,4.0,3,"53,87,158",1,87,0.056403309498791965,enhanced_fileid_387_pred87_idx1_loudest.wav,88,1.0,0.0885799700008647,0.690738256998884,0.25356989599822555,1.0328881229979743,0.022144992500216176,0.172684564249721,0.06339247399955639,0.25822203074949357,1
388,mic_fileid_388_doa22_3spk.wav,4.0,3,"22,60,93",0,22,0.07380475409676487,enhanced_fileid_388_pred22_idx0_loudest.wav,22,0.0,0.07554086100208224,0.7317759269972157,0.1570248790012556,0.9643416670005536,0.01888521525052056,0.18294398174930393,0.0392562197503139,0.2410854167501384,1
389,mic_fileid_389_doa35_3spk.wav,4.0,3,"34,73,130",2,130,0.08374865147729982,enhanced_fileid_389_pred130_idx2_loudest.wav,130,0.0,0.07956866099993931,0.7186928379996971,0.16428928499954054,0.9625507839991769,0.019892165249984828,0.17967320949992427,0.041072321249885135,0.24063769599979423,1
390,mic_fileid_390_doa61_3spk.wav,4.0,3,"67,162,272",2,272,0.07936542741791174,enhanced_fileid_390_pred272_idx2_loudest.wav,275,3.0,0.08211676899736631,0.7099837720015785,0.23502880000160076,1.0271293410005455,0.020529192249341577,0.17749594300039462,0.05875720000040019,0.2567823352501364,1
391,mic_fileid_391_doa41_3spk.wav,4.0,3,"39,277,339",0,39,0.08057524019935035,enhanced_fileid_391_pred39_idx0_loudest.wav,41,2.0,0.08557482299875119,0.6789020199976221,0.2245190560024639,0.9889958989988372,0.021393705749687797,0.16972550499940553,0.05612976400061598,0.2472489747497093,1
392,mic_fileid_392_doa7_3spk.wav,4.0,3,"17,173,265",1,173,0.06328431868370028,enhanced_fileid_392_pred173_idx1_loudest.wav,174,1.0,0.07783366600051522,0.7332212670007721,0.15924115300003905,0.9702960860013263,0.019458416500128806,0.18330531675019301,0.03981028825000976,0.24257402150033158,1
393,mic_fileid_393_doa2_3spk.wav,4.0,3,"37,287,351",0,37,0.06449559789679801,enhanced_fileid_393_pred37_idx0_loudest.wav,38,1.0,0.07859662199916784,0.6588364189992717,0.21337491600206704,0.9508079570005066,0.01964915549979196,0.16470910474981793,0.05334372900051676,0.23770198925012664,1
394,mic_fileid_394_doa173_3spk.wav,4.0,3,"190,276,345",2,345,0.06261141046787039,enhanced_fileid_394_pred345_idx2_loudest.wav,343,2.0,0.10023002600064501,0.7357908070007397,0.26943240300170146,1.1054532360030862,0.025057506500161253,0.18394770175018493,0.06735810075042536,0.27636330900077155,1
395,mic_fileid_395_doa200_3spk.wav,4.0,3,"199,233,320",1,233,0.04207740097280881,enhanced_fileid_395_pred233_idx1_loudest.wav,237,4.0,0.07806504500331357,0.7440190449997317,0.29167583899834426,1.1137599290013895,0.019516261250828393,0.18600476124993293,0.07291895974958607,0.2784399822503474,1
396,mic_fileid_396_doa77_3spk.wav,4.0,3,"84,219,312",2,312,0.06765741199875883,enhanced_fileid_396_pred312_idx2_loudest.wav,77,125.0,0.10257063400058541,0.6547042790007254,0.24006838200148195,0.9973432950027927,0.025642658500146354,0.16367606975018134,0.06001709550037049,0.24933582375069818,1
397,mic_fileid_397_doa90_3spk.wav,4.0,3,"92,151,251",1,151,0.05163281428230004,enhanced_fileid_397_pred151_idx1_loudest.wav,153,2.0,0.08781650799937779,0.7088089349999791,0.12785743700078456,0.9244828800001414,0.021954126999844448,0.17720223374999478,0.03196435925019614,0.23112072000003536,1
398,mic_fileid_398_doa16_3spk.wav,4.0,3,"16,102,301",2,301,0.08181768994896209,enhanced_fileid_398_pred301_idx2_loudest.wav,302,1.0,0.07893303200035007,0.6934414479983388,0.2568717949980055,1.0292462749966944,0.019733258000087517,0.1733603619995847,0.06421794874950137,0.2573115687491736,1
399,mic_fileid_399_doa266_3spk.wav,4.0,3,"266,308,347",1,308,0.07301399561173127,enhanced_fileid_399_pred308_idx1_loudest.wav,307,1.0,0.07615924699712195,0.700949280999339,0.34918668400132447,1.1262952119977854,0.01903981174928049,0.17523732024983474,0.08729667100033112,0.28157380299944634,1
