fileid,mic_file,output_dir,output_prefix,command,returncode,elapsed_sec,stdout_log,stderr_log,separated_wav_count
0,/mnt/d/邵鹏远/UCL/博1/code/audition_pipeline/data/dataset_4mic_3spk/Eval/mic/mic_fileid_0_doa73_3spk.wav,/mnt/d/邵鹏远/UCL/博1/code/audition_pipeline/ablation_study/baseline/results/HARK_n/official_hark_outputs/fileid_0,/mnt/d/邵鹏远/UCL/博1/code/audition_pipeline/ablation_study/baseline/results/HARK_n/official_hark_outputs/fileid_0/hark_fileid_0_mic_fileid_0_doa73_3spk,batchflow '/mnt/d/邵鹏远/UCL/博1/code/audition_pipeline/ablation_study/baseline/results/HARK_n/official_hark_outputs/fileid_0/runtime_fileid_0.n' '/mnt/d/邵鹏远/UCL/博1/code/audition_pipeline/data/dataset_4mic_3spk/Eval/mic/mic_fileid_0_doa73_3spk.wav' '/mnt/d/邵鹏远/UCL/博1/code/audition_pipeline/ablation_study/baseline/results/HARK_n/official_hark_outputs/fileid_0/hark_fileid_0_mic_fileid_0_doa73_3spk',0,6.8575936630004435,/mnt/d/邵鹏远/UCL/博1/code/audition_pipeline/ablation_study/baseline/results/HARK_n/official_hark_logs/hark_fileid_0.stdout.log,/mnt/d/邵鹏远/UCL/博1/code/audition_pipeline/ablation_study/baseline/results/HARK_n/official_hark_logs/hark_fileid_0.stderr.log,5
1,/mnt/d/邵鹏远/UCL/博1/code/audition_pipeline/data/dataset_4mic_3spk/Eval/mic/mic_fileid_1_doa82_3spk.wav,/mnt/d/邵鹏远/UCL/博1/code/audition_pipeline/ablation_study/baseline/results/HARK_n/official_hark_outputs/fileid_1,/mnt/d/邵鹏远/UCL/博1/code/audition_pipeline/ablation_study/baseline/results/HARK_n/official_hark_outputs/fileid_1/hark_fileid_1_mic_fileid_1_doa82_3spk,batchflow '/mnt/d/邵鹏远/UCL/博1/code/audition_pipeline/ablation_study/baseline/results/HARK_n/official_hark_outputs/fileid_1/runtime_fileid_1.n' '/mnt/d/邵鹏远/UCL/博1/code/audition_pipeline/data/dataset_4mic_3spk/Eval/mic/mic_fileid_1_doa82_3spk.wav' '/mnt/d/邵鹏远/UCL/博1/code/audition_pipeline/ablation_study/baseline/results/HARK_n/official_hark_outputs/fileid_1/hark_fileid_1_mic_fileid_1_doa82_3spk',0,6.83593680299964,/mnt/d/邵鹏远/UCL/博1/code/audition_pipeline/ablation_study/baseline/results/HARK_n/official_hark_logs/hark_fileid_1.stdout.log,/mnt/d/邵鹏远/UCL/博1/code/audition_pipeline/ablation_study/baseline/results/HARK_n/official_hark_logs/hark_fileid_1.stderr.log,5
2,/mnt/d/邵鹏远/UCL/博1/code/audition_pipeline/data/dataset_4mic_3spk/Eval/mic/mic_fileid_2_doa36_3spk.wav,/mnt/d/邵鹏远/UCL/博1/code/audition_pipeline/ablation_study/baseline/results/HARK_n/official_hark_outputs/fileid_2,/mnt/d/邵鹏远/UCL/博1/code/audition_pipeline/ablation_study/baseline/results/HARK_n/official_hark_outputs/fileid_2/hark_fileid_2_mic_fileid_2_doa36_3spk,batchflow '/mnt/d/邵鹏远/UCL/博1/code/audition_pipeline/ablation_study/baseline/results/HARK_n/official_hark_outputs/fileid_2/runtime_fileid_2.n' '/mnt/d/邵鹏远/UCL/博1/code/audition_pipeline/data/dataset_4mic_3spk/Eval/mic/mic_fileid_2_doa36_3spk.wav' '/mnt/d/邵鹏远/UCL/博1/code/audition_pipeline/ablation_study/baseline/results/HARK_n/official_hark_outputs/fileid_2/hark_fileid_2_mic_fileid_2_doa36_3spk',0,6.592114858000059,/mnt/d/邵鹏远/UCL/博1/code/audition_pipeline/ablation_study/baseline/results/HARK_n/official_hark_logs/hark_fileid_2.stdout.log,/mnt/d/邵鹏远/UCL/博1/code/audition_pipeline/ablation_study/baseline/results/HARK_n/official_hark_logs/hark_fileid_2.stderr.log,6
3,/mnt/d/邵鹏远/UCL/博1/code/audition_pipeline/data/dataset_4mic_3spk/Eval/mic/mic_fileid_3_doa39_3spk.wav,/mnt/d/邵鹏远/UCL/博1/code/audition_pipeline/ablation_study/baseline/results/HARK_n/official_hark_outputs/fileid_3,/mnt/d/邵鹏远/UCL/博1/code/audition_pipeline/ablation_study/baseline/results/HARK_n/official_hark_outputs/fileid_3/hark_fileid_3_mic_fileid_3_doa39_3spk,batchflow '/mnt/d/邵鹏远/UCL/博1/code/audition_pipeline/ablation_study/baseline/results/HARK_n/official_hark_outputs/fileid_3/runtime_fileid_3.n' '/mnt/d/邵鹏远/UCL/博1/code/audition_pipeline/data/dataset_4mic_3spk/Eval/mic/mic_fileid_3_doa39_3spk.wav' '/mnt/d/邵鹏远/UCL/博1/code/audition_pipeline/ablation_study/baseline/results/HARK_n/official_hark_outputs/fileid_3/hark_fileid_3_mic_fileid_3_doa39_3spk',0,6.156292315999963,/mnt/d/邵鹏远/UCL/博1/code/audition_pipeline/ablation_study/baseline/results/HARK_n/official_hark_logs/hark_fileid_3.stdout.log,/mnt/d/邵鹏远/UCL/博1/code/audition_pipeline/ablation_study/baseline/results/HARK_n/official_hark_logs/hark_fileid_3.stderr.log,5
4,/mnt/d/邵鹏远/UCL/博1/code/audition_pipeline/data/dataset_4mic_3spk/Eval/mic/mic_fileid_4_doa26_3spk.wav,/mnt/d/邵鹏远/UCL/博1/code/audition_pipeline/ablation_study/baseline/results/HARK_n/official_hark_outputs/fileid_4,/mnt/d/邵鹏远/UCL/博1/code/audition_pipeline/ablation_study/baseline/results/HARK_n/official_hark_outputs/fileid_4/hark_fileid_4_mic_fileid_4_doa26_3spk,batchflow '/mnt/d/邵鹏远/UCL/博1/code/audition_pipeline/ablation_study/baseline/results/HARK_n/official_hark_outputs/fileid_4/runtime_fileid_4.n' '/mnt/d/邵鹏远/UCL/博1/code/audition_pipeline/data/dataset_4mic_3spk/Eval/mic/mic_fileid_4_doa26_3spk.wav' '/mnt/d/邵鹏远/UCL/博1/code/audition_pipeline/ablation_study/baseline/results/HARK_n/official_hark_outputs/fileid_4/hark_fileid_4_mic_fileid_4_doa26_3spk',0,6.199076636000427,/mnt/d/邵鹏远/UCL/博1/code/audition_pipeline/ablation_study/baseline/results/HARK_n/official_hark_logs/hark_fileid_4.stdout.log,/mnt/d/邵鹏远/UCL/博1/code/audition_pipeline/ablation_study/baseline/results/HARK_n/official_hark_logs/hark_fileid_4.stderr.log,5
5,/mnt/d/邵鹏远/UCL/博1/code/audition_pipeline/data/dataset_4mic_3spk/Eval/mic/mic_fileid_5_doa60_3spk.wav,/mnt/d/邵鹏远/UCL/博1/code/audition_pipeline/ablation_study/baseline/results/HARK_n/official_hark_outputs/fileid_5,/mnt/d/邵鹏远/UCL/博1/code/audition_pipeline/ablation_study/baseline/results/HARK_n/official_hark_outputs/fileid_5/hark_fileid_5_mic_fileid_5_doa60_3spk,batchflow '/mnt/d/邵鹏远/UCL/博1/code/audition_pipeline/ablation_study/baseline/results/HARK_n/official_hark_outputs/fileid_5/runtime_fileid_5.n' '/mnt/d/邵鹏远/UCL/博1/code/audition_pipeline/data/dataset_4mic_3spk/Eval/mic/mic_fileid_5_doa60_3spk.wav' '/mnt/d/邵鹏远/UCL/博1/code/audition_pipeline/ablation_study/baseline/results/HARK_n/official_hark_outputs/fileid_5/hark_fileid_5_mic_fileid_5_doa60_3spk',0,7.451107791999675,/mnt/d/邵鹏远/UCL/博1/code/audition_pipeline/ablation_study/baseline/results/HARK_n/official_hark_logs/hark_fileid_5.stdout.log,/mnt/d/邵鹏远/UCL/博1/code/audition_pipeline/ablation_study/baseline/results/HARK_n/official_hark_logs/hark_fileid_5.stderr.log,5
6,/mnt/d/邵鹏远/UCL/博1/code/audition_pipeline/data/dataset_4mic_3spk/Eval/mic/mic_fileid_6_doa30_3spk.wav,/mnt/d/邵鹏远/UCL/博1/code/audition_pipeline/ablation_study/baseline/results/HARK_n/official_hark_outputs/fileid_6,/mnt/d/邵鹏远/UCL/博1/code/audition_pipeline/ablation_study/baseline/results/HARK_n/official_hark_outputs/fileid_6/hark_fileid_6_mic_fileid_6_doa30_3spk,batchflow '/mnt/d/邵鹏远/UCL/博1/code/audition_pipeline/ablation_study/baseline/results/HARK_n/official_hark_outputs/fileid_6/runtime_fileid_6.n' '/mnt/d/邵鹏远/UCL/博1/code/audition_pipeline/data/dataset_4mic_3spk/Eval/mic/mic_fileid_6_doa30_3spk.wav' '/mnt/d/邵鹏远/UCL/博1/code/audition_pipeline/ablation_study/baseline/results/HARK_n/official_hark_outputs/fileid_6/hark_fileid_6_mic_fileid_6_doa30_3spk',0,6.076901424000425,/mnt/d/邵鹏远/UCL/博1/code/audition_pipeline/ablation_study/baseline/results/HARK_n/official_hark_logs/hark_fileid_6.stdout.log,/mnt/d/邵鹏远/UCL/博1/code/audition_pipeline/ablation_study/baseline/results/HARK_n/official_hark_logs/hark_fileid_6.stderr.log,5
7,/mnt/d/邵鹏远/UCL/博1/code/audition_pipeline/data/dataset_4mic_3spk/Eval/mic/mic_fileid_7_doa57_3spk.wav,/mnt/d/邵鹏远/UCL/博1/code/audition_pipeline/ablation_study/baseline/results/HARK_n/official_hark_outputs/fileid_7,/mnt/d/邵鹏远/UCL/博1/code/audition_pipeline/ablation_study/baseline/results/HARK_n/official_hark_outputs/fileid_7/hark_fileid_7_mic_fileid_7_doa57_3spk,batchflow '/mnt/d/邵鹏远/UCL/博1/code/audition_pipeline/ablation_study/baseline/results/HARK_n/official_hark_outputs/fileid_7/runtime_fileid_7.n' '/mnt/d/邵鹏远/UCL/博1/code/audition_pipeline/data/dataset_4mic_3spk/Eval/mic/mic_fileid_7_doa57_3spk.wav' '/mnt/d/邵鹏远/UCL/博1/code/audition_pipeline/ablation_study/baseline/results/HARK_n/official_hark_outputs/fileid_7/hark_fileid_7_mic_fileid_7_doa57_3spk',0,5.4162772190002215,/mnt/d/邵鹏远/UCL/博1/code/audition_pipeline/ablation_study/baseline/results/HARK_n/official_hark_logs/hark_fileid_7.stdout.log,/mnt/d/邵鹏远/UCL/博1/code/audition_pipeline/ablation_study/baseline/results/HARK_n/official_hark_logs/hark_fileid_7.stderr.log,3
8,/mnt/d/邵鹏远/UCL/博1/code/audition_pipeline/data/dataset_4mic_3spk/Eval/mic/mic_fileid_8_doa80_3spk.wav,/mnt/d/邵鹏远/UCL/博1/code/audition_pipeline/ablation_study/baseline/results/HARK_n/official_hark_outputs/fileid_8,/mnt/d/邵鹏远/UCL/博1/code/audition_pipeline/ablation_study/baseline/results/HARK_n/official_hark_outputs/fileid_8/hark_fileid_8_mic_fileid_8_doa80_3spk,batchflow '/mnt/d/邵鹏远/UCL/博1/code/audition_pipeline/ablation_study/baseline/results/HARK_n/official_hark_outputs/fileid_8/runtime_fileid_8.n' '/mnt/d/邵鹏远/UCL/博1/code/audition_pipeline/data/dataset_4mic_3spk/Eval/mic/mic_fileid_8_doa80_3spk.wav' '/mnt/d/邵鹏远/UCL/博1/code/audition_pipeline/ablation_study/baseline/results/HARK_n/official_hark_outputs/fileid_8/hark_fileid_8_mic_fileid_8_doa80_3spk',0,7.409924595999655,/mnt/d/邵鹏远/UCL/博1/code/audition_pipeline/ablation_study/baseline/results/HARK_n/official_hark_logs/hark_fileid_8.stdout.log,/mnt/d/邵鹏远/UCL/博1/code/audition_pipeline/ablation_study/baseline/results/HARK_n/official_hark_logs/hark_fileid_8.stderr.log,7
9,/mnt/d/邵鹏远/UCL/博1/code/audition_pipeline/data/dataset_4mic_3spk/Eval/mic/mic_fileid_9_doa85_3spk.wav,/mnt/d/邵鹏远/UCL/博1/code/audition_pipeline/ablation_study/baseline/results/HARK_n/official_hark_outputs/fileid_9,/mnt/d/邵鹏远/UCL/博1/code/audition_pipeline/ablation_study/baseline/results/HARK_n/official_hark_outputs/fileid_9/hark_fileid_9_mic_fileid_9_doa85_3spk,batchflow '/mnt/d/邵鹏远/UCL/博1/code/audition_pipeline/ablation_study/baseline/results/HARK_n/official_hark_outputs/fileid_9/runtime_fileid_9.n' '/mnt/d/邵鹏远/UCL/博1/code/audition_pipeline/data/dataset_4mic_3spk/Eval/mic/mic_fileid_9_doa85_3spk.wav' '/mnt/d/邵鹏远/UCL/博1/code/audition_pipeline/ablation_study/baseline/results/HARK_n/official_hark_outputs/fileid_9/hark_fileid_9_mic_fileid_9_doa85_3spk',0,7.289996436000365,/mnt/d/邵鹏远/UCL/博1/code/audition_pipeline/ablation_study/baseline/results/HARK_n/official_hark_logs/hark_fileid_9.stdout.log,/mnt/d/邵鹏远/UCL/博1/code/audition_pipeline/ablation_study/baseline/results/HARK_n/official_hark_logs/hark_fileid_9.stderr.log,5
10,/mnt/d/邵鹏远/UCL/博1/code/audition_pipeline/data/dataset_4mic_3spk/Eval/mic/mic_fileid_10_doa3_3spk.wav,/mnt/d/邵鹏远/UCL/博1/code/audition_pipeline/ablation_study/baseline/results/HARK_n/official_hark_outputs/fileid_10,/mnt/d/邵鹏远/UCL/博1/code/audition_pipeline/ablation_study/baseline/results/HARK_n/official_hark_outputs/fileid_10/hark_fileid_10_mic_fileid_10_doa3_3spk,batchflow '/mnt/d/邵鹏远/UCL/博1/code/audition_pipeline/ablation_study/baseline/results/HARK_n/official_hark_outputs/fileid_10/runtime_fileid_10.n' '/mnt/d/邵鹏远/UCL/博1/code/audition_pipeline/data/dataset_4mic_3spk/Eval/mic/mic_fileid_10_doa3_3spk.wav' '/mnt/d/邵鹏远/UCL/博1/code/audition_pipeline/ablation_study/baseline/results/HARK_n/official_hark_outputs/fileid_10/hark_fileid_10_mic_fileid_10_doa3_3spk',0,6.143351427000198,/mnt/d/邵鹏远/UCL/博1/code/audition_pipeline/ablation_study/baseline/results/HARK_n/official_hark_logs/hark_fileid_10.stdout.log,/mnt/d/邵鹏远/UCL/博1/code/audition_pipeline/ablation_study/baseline/results/HARK_n/official_hark_logs/hark_fileid_10.stderr.log,3
11,/mnt/d/邵鹏远/UCL/博1/code/audition_pipeline/data/dataset_4mic_3spk/Eval/mic/mic_fileid_11_doa93_3spk.wav,/mnt/d/邵鹏远/UCL/博1/code/audition_pipeline/ablation_study/baseline/results/HARK_n/official_hark_outputs/fileid_11,/mnt/d/邵鹏远/UCL/博1/code/audition_pipeline/ablation_study/baseline/results/HARK_n/official_hark_outputs/fileid_11/hark_fileid_11_mic_fileid_11_doa93_3spk,batchflow '/mnt/d/邵鹏远/UCL/博1/code/audition_pipeline/ablation_study/baseline/results/HARK_n/official_hark_outputs/fileid_11/runtime_fileid_11.n' '/mnt/d/邵鹏远/UCL/博1/code/audition_pipeline/data/dataset_4mic_3spk/Eval/mic/mic_fileid_11_doa93_3spk.wav' '/mnt/d/邵鹏远/UCL/博1/code/audition_pipeline/ablation_study/baseline/results/HARK_n/official_hark_outputs/fileid_11/hark_fileid_11_mic_fileid_11_doa93_3spk',0,6.130226668000432,/mnt/d/邵鹏远/UCL/博1/code/audition_pipeline/ablation_study/baseline/results/HARK_n/official_hark_logs/hark_fileid_11.stdout.log,/mnt/d/邵鹏远/UCL/博1/code/audition_pipeline/ablation_study/baseline/results/HARK_n/official_hark_logs/hark_fileid_11.stderr.log,3
12,/mnt/d/邵鹏远/UCL/博1/code/audition_pipeline/data/dataset_4mic_3spk/Eval/mic/mic_fileid_12_doa38_3spk.wav,/mnt/d/邵鹏远/UCL/博1/code/audition_pipeline/ablation_study/baseline/results/HARK_n/official_hark_outputs/fileid_12,/mnt/d/邵鹏远/UCL/博1/code/audition_pipeline/ablation_study/baseline/results/HARK_n/official_hark_outputs/fileid_12/hark_fileid_12_mic_fileid_12_doa38_3spk,batchflow '/mnt/d/邵鹏远/UCL/博1/code/audition_pipeline/ablation_study/baseline/results/HARK_n/official_hark_outputs/fileid_12/runtime_fileid_12.n' '/mnt/d/邵鹏远/UCL/博1/code/audition_pipeline/data/dataset_4mic_3spk/Eval/mic/mic_fileid_12_doa38_3spk.wav' '/mnt/d/邵鹏远/UCL/博1/code/audition_pipeline/ablation_study/baseline/results/HARK_n/official_hark_outputs/fileid_12/hark_fileid_12_mic_fileid_12_doa38_3spk',0,8.287395965000542,/mnt/d/邵鹏远/UCL/博1/code/audition_pipeline/ablation_study/baseline/results/HARK_n/official_hark_logs/hark_fileid_12.stdout.log,/mnt/d/邵鹏远/UCL/博1/code/audition_pipeline/ablation_study/baseline/results/HARK_n/official_hark_logs/hark_fileid_12.stderr.log,6
13,/mnt/d/邵鹏远/UCL/博1/code/audition_pipeline/data/dataset_4mic_3spk/Eval/mic/mic_fileid_13_doa5_3spk.wav,/mnt/d/邵鹏远/UCL/博1/code/audition_pipeline/ablation_study/baseline/results/HARK_n/official_hark_outputs/fileid_13,/mnt/d/邵鹏远/UCL/博1/code/audition_pipeline/ablation_study/baseline/results/HARK_n/official_hark_outputs/fileid_13/hark_fileid_13_mic_fileid_13_doa5_3spk,batchflow '/mnt/d/邵鹏远/UCL/博1/code/audition_pipeline/ablation_study/baseline/results/HARK_n/official_hark_outputs/fileid_13/runtime_fileid_13.n' '/mnt/d/邵鹏远/UCL/博1/code/audition_pipeline/data/dataset_4mic_3spk/Eval/mic/mic_fileid_13_doa5_3spk.wav' '/mnt/d/邵鹏远/UCL/博1/code/audition_pipeline/ablation_study/baseline/results/HARK_n/official_hark_outputs/fileid_13/hark_fileid_13_mic_fileid_13_doa5_3spk',0,6.748989669999901,/mnt/d/邵鹏远/UCL/博1/code/audition_pipeline/ablation_study/baseline/results/HARK_n/official_hark_logs/hark_fileid_13.stdout.log,/mnt/d/邵鹏远/UCL/博1/code/audition_pipeline/ablation_study/baseline/results/HARK_n/official_hark_logs/hark_fileid_13.stderr.log,4
14,/mnt/d/邵鹏远/UCL/博1/code/audition_pipeline/data/dataset_4mic_3spk/Eval/mic/mic_fileid_14_doa181_3spk.wav,/mnt/d/邵鹏远/UCL/博1/code/audition_pipeline/ablation_study/baseline/results/HARK_n/official_hark_outputs/fileid_14,/mnt/d/邵鹏远/UCL/博1/code/audition_pipeline/ablation_study/baseline/results/HARK_n/official_hark_outputs/fileid_14/hark_fileid_14_mic_fileid_14_doa181_3spk,batchflow '/mnt/d/邵鹏远/UCL/博1/code/audition_pipeline/ablation_study/baseline/results/HARK_n/official_hark_outputs/fileid_14/runtime_fileid_14.n' '/mnt/d/邵鹏远/UCL/博1/code/audition_pipeline/data/dataset_4mic_3spk/Eval/mic/mic_fileid_14_doa181_3spk.wav' '/mnt/d/邵鹏远/UCL/博1/code/audition_pipeline/ablation_study/baseline/results/HARK_n/official_hark_outputs/fileid_14/hark_fileid_14_mic_fileid_14_doa181_3spk',0,6.9671380990002945,/mnt/d/邵鹏远/UCL/博1/code/audition_pipeline/ablation_study/baseline/results/HARK_n/official_hark_logs/hark_fileid_14.stdout.log,/mnt/d/邵鹏远/UCL/博1/code/audition_pipeline/ablation_study/baseline/results/HARK_n/official_hark_logs/hark_fileid_14.stderr.log,6
15,/mnt/d/邵鹏远/UCL/博1/code/audition_pipeline/data/dataset_4mic_3spk/Eval/mic/mic_fileid_15_doa78_3spk.wav,/mnt/d/邵鹏远/UCL/博1/code/audition_pipeline/ablation_study/baseline/results/HARK_n/official_hark_outputs/fileid_15,/mnt/d/邵鹏远/UCL/博1/code/audition_pipeline/ablation_study/baseline/results/HARK_n/official_hark_outputs/fileid_15/hark_fileid_15_mic_fileid_15_doa78_3spk,batchflow '/mnt/d/邵鹏远/UCL/博1/code/audition_pipeline/ablation_study/baseline/results/HARK_n/official_hark_outputs/fileid_15/runtime_fileid_15.n' '/mnt/d/邵鹏远/UCL/博1/code/audition_pipeline/data/dataset_4mic_3spk/Eval/mic/mic_fileid_15_doa78_3spk.wav' '/mnt/d/邵鹏远/UCL/博1/code/audition_pipeline/ablation_study/baseline/results/HARK_n/official_hark_outputs/fileid_15/hark_fileid_15_mic_fileid_15_doa78_3spk',0,6.093803194999964,/mnt/d/邵鹏远/UCL/博1/code/audition_pipeline/ablation_study/baseline/results/HARK_n/official_hark_logs/hark_fileid_15.stdout.log,/mnt/d/邵鹏远/UCL/博1/code/audition_pipeline/ablation_study/baseline/results/HARK_n/official_hark_logs/hark_fileid_15.stderr.log,4
16,/mnt/d/邵鹏远/UCL/博1/code/audition_pipeline/data/dataset_4mic_3spk/Eval/mic/mic_fileid_16_doa36_3spk.wav,/mnt/d/邵鹏远/UCL/博1/code/audition_pipeline/ablation_study/baseline/results/HARK_n/official_hark_outputs/fileid_16,/mnt/d/邵鹏远/UCL/博1/code/audition_pipeline/ablation_study/baseline/results/HARK_n/official_hark_outputs/fileid_16/hark_fileid_16_mic_fileid_16_doa36_3spk,batchflow '/mnt/d/邵鹏远/UCL/博1/code/audition_pipeline/ablation_study/baseline/results/HARK_n/official_hark_outputs/fileid_16/runtime_fileid_16.n' '/mnt/d/邵鹏远/UCL/博1/code/audition_pipeline/data/dataset_4mic_3spk/Eval/mic/mic_fileid_16_doa36_3spk.wav' '/mnt/d/邵鹏远/UCL/博1/code/audition_pipeline/ablation_study/baseline/results/HARK_n/official_hark_outputs/fileid_16/hark_fileid_16_mic_fileid_16_doa36_3spk',0,6.089754720999736,/mnt/d/邵鹏远/UCL/博1/code/audition_pipeline/ablation_study/baseline/results/HARK_n/official_hark_logs/hark_fileid_16.stdout.log,/mnt/d/邵鹏远/UCL/博1/code/audition_pipeline/ablation_study/baseline/results/HARK_n/official_hark_logs/hark_fileid_16.stderr.log,3
17,/mnt/d/邵鹏远/UCL/博1/code/audition_pipeline/data/dataset_4mic_3spk/Eval/mic/mic_fileid_17_doa99_3spk.wav,/mnt/d/邵鹏远/UCL/博1/code/audition_pipeline/ablation_study/baseline/results/HARK_n/official_hark_outputs/fileid_17,/mnt/d/邵鹏远/UCL/博1/code/audition_pipeline/ablation_study/baseline/results/HARK_n/official_hark_outputs/fileid_17/hark_fileid_17_mic_fileid_17_doa99_3spk,batchflow '/mnt/d/邵鹏远/UCL/博1/code/audition_pipeline/ablation_study/baseline/results/HARK_n/official_hark_outputs/fileid_17/runtime_fileid_17.n' '/mnt/d/邵鹏远/UCL/博1/code/audition_pipeline/data/dataset_4mic_3spk/Eval/mic/mic_fileid_17_doa99_3spk.wav' '/mnt/d/邵鹏远/UCL/博1/code/audition_pipeline/ablation_study/baseline/results/HARK_n/official_hark_outputs/fileid_17/hark_fileid_17_mic_fileid_17_doa99_3spk',0,6.455313041999943,/mnt/d/邵鹏远/UCL/博1/code/audition_pipeline/ablation_study/baseline/results/HARK_n/official_hark_logs/hark_fileid_17.stdout.log,/mnt/d/邵鹏远/UCL/博1/code/audition_pipeline/ablation_study/baseline/results/HARK_n/official_hark_logs/hark_fileid_17.stderr.log,3
18,/mnt/d/邵鹏远/UCL/博1/code/audition_pipeline/data/dataset_4mic_3spk/Eval/mic/mic_fileid_18_doa181_3spk.wav,/mnt/d/邵鹏远/UCL/博1/code/audition_pipeline/ablation_study/baseline/results/HARK_n/official_hark_outputs/fileid_18,/mnt/d/邵鹏远/UCL/博1/code/audition_pipeline/ablation_study/baseline/results/HARK_n/official_hark_outputs/fileid_18/hark_fileid_18_mic_fileid_18_doa181_3spk,batchflow '/mnt/d/邵鹏远/UCL/博1/code/audition_pipeline/ablation_study/baseline/results/HARK_n/official_hark_outputs/fileid_18/runtime_fileid_18.n' '/mnt/d/邵鹏远/UCL/博1/code/audition_pipeline/data/dataset_4mic_3spk/Eval/mic/mic_fileid_18_doa181_3spk.wav' '/mnt/d/邵鹏远/UCL/博1/code/audition_pipeline/ablation_study/baseline/results/HARK_n/official_hark_outputs/fileid_18/hark_fileid_18_mic_fileid_18_doa181_3spk',0,6.521207376999882,/mnt/d/邵鹏远/UCL/博1/code/audition_pipeline/ablation_study/baseline/results/HARK_n/official_hark_logs/hark_fileid_18.stdout.log,/mnt/d/邵鹏远/UCL/博1/code/audition_pipeline/ablation_study/baseline/results/HARK_n/official_hark_logs/hark_fileid_18.stderr.log,5
19,/mnt/d/邵鹏远/UCL/博1/code/audition_pipeline/data/dataset_4mic_3spk/Eval/mic/mic_fileid_19_doa121_3spk.wav,/mnt/d/邵鹏远/UCL/博1/code/audition_pipeline/ablation_study/baseline/results/HARK_n/official_hark_outputs/fileid_19,/mnt/d/邵鹏远/UCL/博1/code/audition_pipeline/ablation_study/baseline/results/HARK_n/official_hark_outputs/fileid_19/hark_fileid_19_mic_fileid_19_doa121_3spk,batchflow '/mnt/d/邵鹏远/UCL/博1/code/audition_pipeline/ablation_study/baseline/results/HARK_n/official_hark_outputs/fileid_19/runtime_fileid_19.n' '/mnt/d/邵鹏远/UCL/博1/code/audition_pipeline/data/dataset_4mic_3spk/Eval/mic/mic_fileid_19_doa121_3spk.wav' '/mnt/d/邵鹏远/UCL/博1/code/audition_pipeline/ablation_study/baseline/results/HARK_n/official_hark_outputs/fileid_19/hark_fileid_19_mic_fileid_19_doa121_3spk',0,6.815749112000049,/mnt/d/邵鹏远/UCL/博1/code/audition_pipeline/ablation_study/baseline/results/HARK_n/official_hark_logs/hark_fileid_19.stdout.log,/mnt/d/邵鹏远/UCL/博1/code/audition_pipeline/ablation_study/baseline/results/HARK_n/official_hark_logs/hark_fileid_19.stderr.log,5
20,/mnt/d/邵鹏远/UCL/博1/code/audition_pipeline/data/dataset_4mic_3spk/Eval/mic/mic_fileid_20_doa68_3spk.wav,/mnt/d/邵鹏远/UCL/博1/code/audition_pipeline/ablation_study/baseline/results/HARK_n/official_hark_outputs/fileid_20,/mnt/d/邵鹏远/UCL/博1/code/audition_pipeline/ablation_study/baseline/results/HARK_n/official_hark_outputs/fileid_20/hark_fileid_20_mic_fileid_20_doa68_3spk,batchflow '/mnt/d/邵鹏远/UCL/博1/code/audition_pipeline/ablation_study/baseline/results/HARK_n/official_hark_outputs/fileid_20/runtime_fileid_20.n' '/mnt/d/邵鹏远/UCL/博1/code/audition_pipeline/data/dataset_4mic_3spk/Eval/mic/mic_fileid_20_doa68_3spk.wav' '/mnt/d/邵鹏远/UCL/博1/code/audition_pipeline/ablation_study/baseline/results/HARK_n/official_hark_outputs/fileid_20/hark_fileid_20_mic_fileid_20_doa68_3spk',0,6.488747430999865,/mnt/d/邵鹏远/UCL/博1/code/audition_pipeline/ablation_study/baseline/results/HARK_n/official_hark_logs/hark_fileid_20.stdout.log,/mnt/d/邵鹏远/UCL/博1/code/audition_pipeline/ablation_study/baseline/results/HARK_n/official_hark_logs/hark_fileid_20.stderr.log,4
21,/mnt/d/邵鹏远/UCL/博1/code/audition_pipeline/data/dataset_4mic_3spk/Eval/mic/mic_fileid_21_doa34_3spk.wav,/mnt/d/邵鹏远/UCL/博1/code/audition_pipeline/ablation_study/baseline/results/HARK_n/official_hark_outputs/fileid_21,/mnt/d/邵鹏远/UCL/博1/code/audition_pipeline/ablation_study/baseline/results/HARK_n/official_hark_outputs/fileid_21/hark_fileid_21_mic_fileid_21_doa34_3spk,batchflow '/mnt/d/邵鹏远/UCL/博1/code/audition_pipeline/ablation_study/baseline/results/HARK_n/official_hark_outputs/fileid_21/runtime_fileid_21.n' '/mnt/d/邵鹏远/UCL/博1/code/audition_pipeline/data/dataset_4mic_3spk/Eval/mic/mic_fileid_21_doa34_3spk.wav' '/mnt/d/邵鹏远/UCL/博1/code/audition_pipeline/ablation_study/baseline/results/HARK_n/official_hark_outputs/fileid_21/hark_fileid_21_mic_fileid_21_doa34_3spk',0,6.599004951000097,/mnt/d/邵鹏远/UCL/博1/code/audition_pipeline/ablation_study/baseline/results/HARK_n/official_hark_logs/hark_fileid_21.stdout.log,/mnt/d/邵鹏远/UCL/博1/code/audition_pipeline/ablation_study/baseline/results/HARK_n/official_hark_logs/hark_fileid_21.stderr.log,4
22,/mnt/d/邵鹏远/UCL/博1/code/audition_pipeline/data/dataset_4mic_3spk/Eval/mic/mic_fileid_22_doa22_3spk.wav,/mnt/d/邵鹏远/UCL/博1/code/audition_pipeline/ablation_study/baseline/results/HARK_n/official_hark_outputs/fileid_22,/mnt/d/邵鹏远/UCL/博1/code/audition_pipeline/ablation_study/baseline/results/HARK_n/official_hark_outputs/fileid_22/hark_fileid_22_mic_fileid_22_doa22_3spk,batchflow '/mnt/d/邵鹏远/UCL/博1/code/audition_pipeline/ablation_study/baseline/results/HARK_n/official_hark_outputs/fileid_22/runtime_fileid_22.n' '/mnt/d/邵鹏远/UCL/博1/code/audition_pipeline/data/dataset_4mic_3spk/Eval/mic/mic_fileid_22_doa22_3spk.wav' '/mnt/d/邵鹏远/UCL/博1/code/audition_pipeline/ablation_study/baseline/results/HARK_n/official_hark_outputs/fileid_22/hark_fileid_22_mic_fileid_22_doa22_3spk',0,6.53778972300006,/mnt/d/邵鹏远/UCL/博1/code/audition_pipeline/ablation_study/baseline/results/HARK_n/official_hark_logs/hark_fileid_22.stdout.log,/mnt/d/邵鹏远/UCL/博1/code/audition_pipeline/ablation_study/baseline/results/HARK_n/official_hark_logs/hark_fileid_22.stderr.log,3
23,/mnt/d/邵鹏远/UCL/博1/code/audition_pipeline/data/dataset_4mic_3spk/Eval/mic/mic_fileid_23_doa6_3spk.wav,/mnt/d/邵鹏远/UCL/博1/code/audition_pipeline/ablation_study/baseline/results/HARK_n/official_hark_outputs/fileid_23,/mnt/d/邵鹏远/UCL/博1/code/audition_pipeline/ablation_study/baseline/results/HARK_n/official_hark_outputs/fileid_23/hark_fileid_23_mic_fileid_23_doa6_3spk,batchflow '/mnt/d/邵鹏远/UCL/博1/code/audition_pipeline/ablation_study/baseline/results/HARK_n/official_hark_outputs/fileid_23/runtime_fileid_23.n' '/mnt/d/邵鹏远/UCL/博1/code/audition_pipeline/data/dataset_4mic_3spk/Eval/mic/mic_fileid_23_doa6_3spk.wav' '/mnt/d/邵鹏远/UCL/博1/code/audition_pipeline/ablation_study/baseline/results/HARK_n/official_hark_outputs/fileid_23/hark_fileid_23_mic_fileid_23_doa6_3spk',0,6.936466776000088,/mnt/d/邵鹏远/UCL/博1/code/audition_pipeline/ablation_study/baseline/results/HARK_n/official_hark_logs/hark_fileid_23.stdout.log,/mnt/d/邵鹏远/UCL/博1/code/audition_pipeline/ablation_study/baseline/results/HARK_n/official_hark_logs/hark_fileid_23.stderr.log,5
24,/mnt/d/邵鹏远/UCL/博1/code/audition_pipeline/data/dataset_4mic_3spk/Eval/mic/mic_fileid_24_doa57_3spk.wav,/mnt/d/邵鹏远/UCL/博1/code/audition_pipeline/ablation_study/baseline/results/HARK_n/official_hark_outputs/fileid_24,/mnt/d/邵鹏远/UCL/博1/code/audition_pipeline/ablation_study/baseline/results/HARK_n/official_hark_outputs/fileid_24/hark_fileid_24_mic_fileid_24_doa57_3spk,batchflow '/mnt/d/邵鹏远/UCL/博1/code/audition_pipeline/ablation_study/baseline/results/HARK_n/official_hark_outputs/fileid_24/runtime_fileid_24.n' '/mnt/d/邵鹏远/UCL/博1/code/audition_pipeline/data/dataset_4mic_3spk/Eval/mic/mic_fileid_24_doa57_3spk.wav' '/mnt/d/邵鹏远/UCL/博1/code/audition_pipeline/ablation_study/baseline/results/HARK_n/official_hark_outputs/fileid_24/hark_fileid_24_mic_fileid_24_doa57_3spk',0,7.163738132000617,/mnt/d/邵鹏远/UCL/博1/code/audition_pipeline/ablation_study/baseline/results/HARK_n/official_hark_logs/hark_fileid_24.stdout.log,/mnt/d/邵鹏远/UCL/博1/code/audition_pipeline/ablation_study/baseline/results/HARK_n/official_hark_logs/hark_fileid_24.stderr.log,5
25,/mnt/d/邵鹏远/UCL/博1/code/audition_pipeline/data/dataset_4mic_3spk/Eval/mic/mic_fileid_25_doa112_3spk.wav,/mnt/d/邵鹏远/UCL/博1/code/audition_pipeline/ablation_study/baseline/results/HARK_n/official_hark_outputs/fileid_25,/mnt/d/邵鹏远/UCL/博1/code/audition_pipeline/ablation_study/baseline/results/HARK_n/official_hark_outputs/fileid_25/hark_fileid_25_mic_fileid_25_doa112_3spk,batchflow '/mnt/d/邵鹏远/UCL/博1/code/audition_pipeline/ablation_study/baseline/results/HARK_n/official_hark_outputs/fileid_25/runtime_fileid_25.n' '/mnt/d/邵鹏远/UCL/博1/code/audition_pipeline/data/dataset_4mic_3spk/Eval/mic/mic_fileid_25_doa112_3spk.wav' '/mnt/d/邵鹏远/UCL/博1/code/audition_pipeline/ablation_study/baseline/results/HARK_n/official_hark_outputs/fileid_25/hark_fileid_25_mic_fileid_25_doa112_3spk',0,5.8114634129997285,/mnt/d/邵鹏远/UCL/博1/code/audition_pipeline/ablation_study/baseline/results/HARK_n/official_hark_logs/hark_fileid_25.stdout.log,/mnt/d/邵鹏远/UCL/博1/code/audition_pipeline/ablation_study/baseline/results/HARK_n/official_hark_logs/hark_fileid_25.stderr.log,3
26,/mnt/d/邵鹏远/UCL/博1/code/audition_pipeline/data/dataset_4mic_3spk/Eval/mic/mic_fileid_26_doa34_3spk.wav,/mnt/d/邵鹏远/UCL/博1/code/audition_pipeline/ablation_study/baseline/results/HARK_n/official_hark_outputs/fileid_26,/mnt/d/邵鹏远/UCL/博1/code/audition_pipeline/ablation_study/baseline/results/HARK_n/official_hark_outputs/fileid_26/hark_fileid_26_mic_fileid_26_doa34_3spk,batchflow '/mnt/d/邵鹏远/UCL/博1/code/audition_pipeline/ablation_study/baseline/results/HARK_n/official_hark_outputs/fileid_26/runtime_fileid_26.n' '/mnt/d/邵鹏远/UCL/博1/code/audition_pipeline/data/dataset_4mic_3spk/Eval/mic/mic_fileid_26_doa34_3spk.wav' '/mnt/d/邵鹏远/UCL/博1/code/audition_pipeline/ablation_study/baseline/results/HARK_n/official_hark_outputs/fileid_26/hark_fileid_26_mic_fileid_26_doa34_3spk',0,6.817044812999484,/mnt/d/邵鹏远/UCL/博1/code/audition_pipeline/ablation_study/baseline/results/HARK_n/official_hark_logs/hark_fileid_26.stdout.log,/mnt/d/邵鹏远/UCL/博1/code/audition_pipeline/ablation_study/baseline/results/HARK_n/official_hark_logs/hark_fileid_26.stderr.log,5
27,/mnt/d/邵鹏远/UCL/博1/code/audition_pipeline/data/dataset_4mic_3spk/Eval/mic/mic_fileid_27_doa31_3spk.wav,/mnt/d/邵鹏远/UCL/博1/code/audition_pipeline/ablation_study/baseline/results/HARK_n/official_hark_outputs/fileid_27,/mnt/d/邵鹏远/UCL/博1/code/audition_pipeline/ablation_study/baseline/results/HARK_n/official_hark_outputs/fileid_27/hark_fileid_27_mic_fileid_27_doa31_3spk,batchflow '/mnt/d/邵鹏远/UCL/博1/code/audition_pipeline/ablation_study/baseline/results/HARK_n/official_hark_outputs/fileid_27/runtime_fileid_27.n' '/mnt/d/邵鹏远/UCL/博1/code/audition_pipeline/data/dataset_4mic_3spk/Eval/mic/mic_fileid_27_doa31_3spk.wav' '/mnt/d/邵鹏远/UCL/博1/code/audition_pipeline/ablation_study/baseline/results/HARK_n/official_hark_outputs/fileid_27/hark_fileid_27_mic_fileid_27_doa31_3spk',0,7.142206019999321,/mnt/d/邵鹏远/UCL/博1/code/audition_pipeline/ablation_study/baseline/results/HARK_n/official_hark_logs/hark_fileid_27.stdout.log,/mnt/d/邵鹏远/UCL/博1/code/audition_pipeline/ablation_study/baseline/results/HARK_n/official_hark_logs/hark_fileid_27.stderr.log,3
28,/mnt/d/邵鹏远/UCL/博1/code/audition_pipeline/data/dataset_4mic_3spk/Eval/mic/mic_fileid_28_doa124_3spk.wav,/mnt/d/邵鹏远/UCL/博1/code/audition_pipeline/ablation_study/baseline/results/HARK_n/official_hark_outputs/fileid_28,/mnt/d/邵鹏远/UCL/博1/code/audition_pipeline/ablation_study/baseline/results/HARK_n/official_hark_outputs/fileid_28/hark_fileid_28_mic_fileid_28_doa124_3spk,batchflow '/mnt/d/邵鹏远/UCL/博1/code/audition_pipeline/ablation_study/baseline/results/HARK_n/official_hark_outputs/fileid_28/runtime_fileid_28.n' '/mnt/d/邵鹏远/UCL/博1/code/audition_pipeline/data/dataset_4mic_3spk/Eval/mic/mic_fileid_28_doa124_3spk.wav' '/mnt/d/邵鹏远/UCL/博1/code/audition_pipeline/ablation_study/baseline/results/HARK_n/official_hark_outputs/fileid_28/hark_fileid_28_mic_fileid_28_doa124_3spk',0,6.8757770209995215,/mnt/d/邵鹏远/UCL/博1/code/audition_pipeline/ablation_study/baseline/results/HARK_n/official_hark_logs/hark_fileid_28.stdout.log,/mnt/d/邵鹏远/UCL/博1/code/audition_pipeline/ablation_study/baseline/results/HARK_n/official_hark_logs/hark_fileid_28.stderr.log,6
29,/mnt/d/邵鹏远/UCL/博1/code/audition_pipeline/data/dataset_4mic_3spk/Eval/mic/mic_fileid_29_doa111_3spk.wav,/mnt/d/邵鹏远/UCL/博1/code/audition_pipeline/ablation_study/baseline/results/HARK_n/official_hark_outputs/fileid_29,/mnt/d/邵鹏远/UCL/博1/code/audition_pipeline/ablation_study/baseline/results/HARK_n/official_hark_outputs/fileid_29/hark_fileid_29_mic_fileid_29_doa111_3spk,batchflow '/mnt/d/邵鹏远/UCL/博1/code/audition_pipeline/ablation_study/baseline/results/HARK_n/official_hark_outputs/fileid_29/runtime_fileid_29.n' '/mnt/d/邵鹏远/UCL/博1/code/audition_pipeline/data/dataset_4mic_3spk/Eval/mic/mic_fileid_29_doa111_3spk.wav' '/mnt/d/邵鹏远/UCL/博1/code/audition_pipeline/ablation_study/baseline/results/HARK_n/official_hark_outputs/fileid_29/hark_fileid_29_mic_fileid_29_doa111_3spk',0,6.641971454000668,/mnt/d/邵鹏远/UCL/博1/code/audition_pipeline/ablation_study/baseline/results/HARK_n/official_hark_logs/hark_fileid_29.stdout.log,/mnt/d/邵鹏远/UCL/博1/code/audition_pipeline/ablation_study/baseline/results/HARK_n/official_hark_logs/hark_fileid_29.stderr.log,7
30,/mnt/d/邵鹏远/UCL/博1/code/audition_pipeline/data/dataset_4mic_3spk/Eval/mic/mic_fileid_30_doa12_3spk.wav,/mnt/d/邵鹏远/UCL/博1/code/audition_pipeline/ablation_study/baseline/results/HARK_n/official_hark_outputs/fileid_30,/mnt/d/邵鹏远/UCL/博1/code/audition_pipeline/ablation_study/baseline/results/HARK_n/official_hark_outputs/fileid_30/hark_fileid_30_mic_fileid_30_doa12_3spk,batchflow '/mnt/d/邵鹏远/UCL/博1/code/audition_pipeline/ablation_study/baseline/results/HARK_n/official_hark_outputs/fileid_30/runtime_fileid_30.n' '/mnt/d/邵鹏远/UCL/博1/code/audition_pipeline/data/dataset_4mic_3spk/Eval/mic/mic_fileid_30_doa12_3spk.wav' '/mnt/d/邵鹏远/UCL/博1/code/audition_pipeline/ablation_study/baseline/results/HARK_n/official_hark_outputs/fileid_30/hark_fileid_30_mic_fileid_30_doa12_3spk',0,6.8050048409995725,/mnt/d/邵鹏远/UCL/博1/code/audition_pipeline/ablation_study/baseline/results/HARK_n/official_hark_logs/hark_fileid_30.stdout.log,/mnt/d/邵鹏远/UCL/博1/code/audition_pipeline/ablation_study/baseline/results/HARK_n/official_hark_logs/hark_fileid_30.stderr.log,4
31,/mnt/d/邵鹏远/UCL/博1/code/audition_pipeline/data/dataset_4mic_3spk/Eval/mic/mic_fileid_31_doa53_3spk.wav,/mnt/d/邵鹏远/UCL/博1/code/audition_pipeline/ablation_study/baseline/results/HARK_n/official_hark_outputs/fileid_31,/mnt/d/邵鹏远/UCL/博1/code/audition_pipeline/ablation_study/baseline/results/HARK_n/official_hark_outputs/fileid_31/hark_fileid_31_mic_fileid_31_doa53_3spk,batchflow '/mnt/d/邵鹏远/UCL/博1/code/audition_pipeline/ablation_study/baseline/results/HARK_n/official_hark_outputs/fileid_31/runtime_fileid_31.n' '/mnt/d/邵鹏远/UCL/博1/code/audition_pipeline/data/dataset_4mic_3spk/Eval/mic/mic_fileid_31_doa53_3spk.wav' '/mnt/d/邵鹏远/UCL/博1/code/audition_pipeline/ablation_study/baseline/results/HARK_n/official_hark_outputs/fileid_31/hark_fileid_31_mic_fileid_31_doa53_3spk',0,7.886700942000061,/mnt/d/邵鹏远/UCL/博1/code/audition_pipeline/ablation_study/baseline/results/HARK_n/official_hark_logs/hark_fileid_31.stdout.log,/mnt/d/邵鹏远/UCL/博1/code/audition_pipeline/ablation_study/baseline/results/HARK_n/official_hark_logs/hark_fileid_31.stderr.log,5
32,/mnt/d/邵鹏远/UCL/博1/code/audition_pipeline/data/dataset_4mic_3spk/Eval/mic/mic_fileid_32_doa102_3spk.wav,/mnt/d/邵鹏远/UCL/博1/code/audition_pipeline/ablation_study/baseline/results/HARK_n/official_hark_outputs/fileid_32,/mnt/d/邵鹏远/UCL/博1/code/audition_pipeline/ablation_study/baseline/results/HARK_n/official_hark_outputs/fileid_32/hark_fileid_32_mic_fileid_32_doa102_3spk,batchflow '/mnt/d/邵鹏远/UCL/博1/code/audition_pipeline/ablation_study/baseline/results/HARK_n/official_hark_outputs/fileid_32/runtime_fileid_32.n' '/mnt/d/邵鹏远/UCL/博1/code/audition_pipeline/data/dataset_4mic_3spk/Eval/mic/mic_fileid_32_doa102_3spk.wav' '/mnt/d/邵鹏远/UCL/博1/code/audition_pipeline/ablation_study/baseline/results/HARK_n/official_hark_outputs/fileid_32/hark_fileid_32_mic_fileid_32_doa102_3spk',0,7.004715005999969,/mnt/d/邵鹏远/UCL/博1/code/audition_pipeline/ablation_study/baseline/results/HARK_n/official_hark_logs/hark_fileid_32.stdout.log,/mnt/d/邵鹏远/UCL/博1/code/audition_pipeline/ablation_study/baseline/results/HARK_n/official_hark_logs/hark_fileid_32.stderr.log,5
33,/mnt/d/邵鹏远/UCL/博1/code/audition_pipeline/data/dataset_4mic_3spk/Eval/mic/mic_fileid_33_doa34_3spk.wav,/mnt/d/邵鹏远/UCL/博1/code/audition_pipeline/ablation_study/baseline/results/HARK_n/official_hark_outputs/fileid_33,/mnt/d/邵鹏远/UCL/博1/code/audition_pipeline/ablation_study/baseline/results/HARK_n/official_hark_outputs/fileid_33/hark_fileid_33_mic_fileid_33_doa34_3spk,batchflow '/mnt/d/邵鹏远/UCL/博1/code/audition_pipeline/ablation_study/baseline/results/HARK_n/official_hark_outputs/fileid_33/runtime_fileid_33.n' '/mnt/d/邵鹏远/UCL/博1/code/audition_pipeline/data/dataset_4mic_3spk/Eval/mic/mic_fileid_33_doa34_3spk.wav' '/mnt/d/邵鹏远/UCL/博1/code/audition_pipeline/ablation_study/baseline/results/HARK_n/official_hark_outputs/fileid_33/hark_fileid_33_mic_fileid_33_doa34_3spk',0,7.932418488999247,/mnt/d/邵鹏远/UCL/博1/code/audition_pipeline/ablation_study/baseline/results/HARK_n/official_hark_logs/hark_fileid_33.stdout.log,/mnt/d/邵鹏远/UCL/博1/code/audition_pipeline/ablation_study/baseline/results/HARK_n/official_hark_logs/hark_fileid_33.stderr.log,6
34,/mnt/d/邵鹏远/UCL/博1/code/audition_pipeline/data/dataset_4mic_3spk/Eval/mic/mic_fileid_34_doa125_3spk.wav,/mnt/d/邵鹏远/UCL/博1/code/audition_pipeline/ablation_study/baseline/results/HARK_n/official_hark_outputs/fileid_34,/mnt/d/邵鹏远/UCL/博1/code/audition_pipeline/ablation_study/baseline/results/HARK_n/official_hark_outputs/fileid_34/hark_fileid_34_mic_fileid_34_doa125_3spk,batchflow '/mnt/d/邵鹏远/UCL/博1/code/audition_pipeline/ablation_study/baseline/results/HARK_n/official_hark_outputs/fileid_34/runtime_fileid_34.n' '/mnt/d/邵鹏远/UCL/博1/code/audition_pipeline/data/dataset_4mic_3spk/Eval/mic/mic_fileid_34_doa125_3spk.wav' '/mnt/d/邵鹏远/UCL/博1/code/audition_pipeline/ablation_study/baseline/results/HARK_n/official_hark_outputs/fileid_34/hark_fileid_34_mic_fileid_34_doa125_3spk',0,7.812503721999747,/mnt/d/邵鹏远/UCL/博1/code/audition_pipeline/ablation_study/baseline/results/HARK_n/official_hark_logs/hark_fileid_34.stdout.log,/mnt/d/邵鹏远/UCL/博1/code/audition_pipeline/ablation_study/baseline/results/HARK_n/official_hark_logs/hark_fileid_34.stderr.log,6
35,/mnt/d/邵鹏远/UCL/博1/code/audition_pipeline/data/dataset_4mic_3spk/Eval/mic/mic_fileid_35_doa24_3spk.wav,/mnt/d/邵鹏远/UCL/博1/code/audition_pipeline/ablation_study/baseline/results/HARK_n/official_hark_outputs/fileid_35,/mnt/d/邵鹏远/UCL/博1/code/audition_pipeline/ablation_study/baseline/results/HARK_n/official_hark_outputs/fileid_35/hark_fileid_35_mic_fileid_35_doa24_3spk,batchflow '/mnt/d/邵鹏远/UCL/博1/code/audition_pipeline/ablation_study/baseline/results/HARK_n/official_hark_outputs/fileid_35/runtime_fileid_35.n' '/mnt/d/邵鹏远/UCL/博1/code/audition_pipeline/data/dataset_4mic_3spk/Eval/mic/mic_fileid_35_doa24_3spk.wav' '/mnt/d/邵鹏远/UCL/博1/code/audition_pipeline/ablation_study/baseline/results/HARK_n/official_hark_outputs/fileid_35/hark_fileid_35_mic_fileid_35_doa24_3spk',0,8.479748437000126,/mnt/d/邵鹏远/UCL/博1/code/audition_pipeline/ablation_study/baseline/results/HARK_n/official_hark_logs/hark_fileid_35.stdout.log,/mnt/d/邵鹏远/UCL/博1/code/audition_pipeline/ablation_study/baseline/results/HARK_n/official_hark_logs/hark_fileid_35.stderr.log,5
36,/mnt/d/邵鹏远/UCL/博1/code/audition_pipeline/data/dataset_4mic_3spk/Eval/mic/mic_fileid_36_doa24_3spk.wav,/mnt/d/邵鹏远/UCL/博1/code/audition_pipeline/ablation_study/baseline/results/HARK_n/official_hark_outputs/fileid_36,/mnt/d/邵鹏远/UCL/博1/code/audition_pipeline/ablation_study/baseline/results/HARK_n/official_hark_outputs/fileid_36/hark_fileid_36_mic_fileid_36_doa24_3spk,batchflow '/mnt/d/邵鹏远/UCL/博1/code/audition_pipeline/ablation_study/baseline/results/HARK_n/official_hark_outputs/fileid_36/runtime_fileid_36.n' '/mnt/d/邵鹏远/UCL/博1/code/audition_pipeline/data/dataset_4mic_3spk/Eval/mic/mic_fileid_36_doa24_3spk.wav' '/mnt/d/邵鹏远/UCL/博1/code/audition_pipeline/ablation_study/baseline/results/HARK_n/official_hark_outputs/fileid_36/hark_fileid_36_mic_fileid_36_doa24_3spk',0,7.960283272000197,/mnt/d/邵鹏远/UCL/博1/code/audition_pipeline/ablation_study/baseline/results/HARK_n/official_hark_logs/hark_fileid_36.stdout.log,/mnt/d/邵鹏远/UCL/博1/code/audition_pipeline/ablation_study/baseline/results/HARK_n/official_hark_logs/hark_fileid_36.stderr.log,4
37,/mnt/d/邵鹏远/UCL/博1/code/audition_pipeline/data/dataset_4mic_3spk/Eval/mic/mic_fileid_37_doa51_3spk.wav,/mnt/d/邵鹏远/UCL/博1/code/audition_pipeline/ablation_study/baseline/results/HARK_n/official_hark_outputs/fileid_37,/mnt/d/邵鹏远/UCL/博1/code/audition_pipeline/ablation_study/baseline/results/HARK_n/official_hark_outputs/fileid_37/hark_fileid_37_mic_fileid_37_doa51_3spk,batchflow '/mnt/d/邵鹏远/UCL/博1/code/audition_pipeline/ablation_study/baseline/results/HARK_n/official_hark_outputs/fileid_37/runtime_fileid_37.n' '/mnt/d/邵鹏远/UCL/博1/code/audition_pipeline/data/dataset_4mic_3spk/Eval/mic/mic_fileid_37_doa51_3spk.wav' '/mnt/d/邵鹏远/UCL/博1/code/audition_pipeline/ablation_study/baseline/results/HARK_n/official_hark_outputs/fileid_37/hark_fileid_37_mic_fileid_37_doa51_3spk',0,7.381279643999733,/mnt/d/邵鹏远/UCL/博1/code/audition_pipeline/ablation_study/baseline/results/HARK_n/official_hark_logs/hark_fileid_37.stdout.log,/mnt/d/邵鹏远/UCL/博1/code/audition_pipeline/ablation_study/baseline/results/HARK_n/official_hark_logs/hark_fileid_37.stderr.log,6
38,/mnt/d/邵鹏远/UCL/博1/code/audition_pipeline/data/dataset_4mic_3spk/Eval/mic/mic_fileid_38_doa1_3spk.wav,/mnt/d/邵鹏远/UCL/博1/code/audition_pipeline/ablation_study/baseline/results/HARK_n/official_hark_outputs/fileid_38,/mnt/d/邵鹏远/UCL/博1/code/audition_pipeline/ablation_study/baseline/results/HARK_n/official_hark_outputs/fileid_38/hark_fileid_38_mic_fileid_38_doa1_3spk,batchflow '/mnt/d/邵鹏远/UCL/博1/code/audition_pipeline/ablation_study/baseline/results/HARK_n/official_hark_outputs/fileid_38/runtime_fileid_38.n' '/mnt/d/邵鹏远/UCL/博1/code/audition_pipeline/data/dataset_4mic_3spk/Eval/mic/mic_fileid_38_doa1_3spk.wav' '/mnt/d/邵鹏远/UCL/博1/code/audition_pipeline/ablation_study/baseline/results/HARK_n/official_hark_outputs/fileid_38/hark_fileid_38_mic_fileid_38_doa1_3spk',0,8.803838771999835,/mnt/d/邵鹏远/UCL/博1/code/audition_pipeline/ablation_study/baseline/results/HARK_n/official_hark_logs/hark_fileid_38.stdout.log,/mnt/d/邵鹏远/UCL/博1/code/audition_pipeline/ablation_study/baseline/results/HARK_n/official_hark_logs/hark_fileid_38.stderr.log,5
39,/mnt/d/邵鹏远/UCL/博1/code/audition_pipeline/data/dataset_4mic_3spk/Eval/mic/mic_fileid_39_doa156_3spk.wav,/mnt/d/邵鹏远/UCL/博1/code/audition_pipeline/ablation_study/baseline/results/HARK_n/official_hark_outputs/fileid_39,/mnt/d/邵鹏远/UCL/博1/code/audition_pipeline/ablation_study/baseline/results/HARK_n/official_hark_outputs/fileid_39/hark_fileid_39_mic_fileid_39_doa156_3spk,batchflow '/mnt/d/邵鹏远/UCL/博1/code/audition_pipeline/ablation_study/baseline/results/HARK_n/official_hark_outputs/fileid_39/runtime_fileid_39.n' '/mnt/d/邵鹏远/UCL/博1/code/audition_pipeline/data/dataset_4mic_3spk/Eval/mic/mic_fileid_39_doa156_3spk.wav' '/mnt/d/邵鹏远/UCL/博1/code/audition_pipeline/ablation_study/baseline/results/HARK_n/official_hark_outputs/fileid_39/hark_fileid_39_mic_fileid_39_doa156_3spk',0,6.9937295390000145,/mnt/d/邵鹏远/UCL/博1/code/audition_pipeline/ablation_study/baseline/results/HARK_n/official_hark_logs/hark_fileid_39.stdout.log,/mnt/d/邵鹏远/UCL/博1/code/audition_pipeline/ablation_study/baseline/results/HARK_n/official_hark_logs/hark_fileid_39.stderr.log,5
40,/mnt/d/邵鹏远/UCL/博1/code/audition_pipeline/data/dataset_4mic_3spk/Eval/mic/mic_fileid_40_doa14_3spk.wav,/mnt/d/邵鹏远/UCL/博1/code/audition_pipeline/ablation_study/baseline/results/HARK_n/official_hark_outputs/fileid_40,/mnt/d/邵鹏远/UCL/博1/code/audition_pipeline/ablation_study/baseline/results/HARK_n/official_hark_outputs/fileid_40/hark_fileid_40_mic_fileid_40_doa14_3spk,batchflow '/mnt/d/邵鹏远/UCL/博1/code/audition_pipeline/ablation_study/baseline/results/HARK_n/official_hark_outputs/fileid_40/runtime_fileid_40.n' '/mnt/d/邵鹏远/UCL/博1/code/audition_pipeline/data/dataset_4mic_3spk/Eval/mic/mic_fileid_40_doa14_3spk.wav' '/mnt/d/邵鹏远/UCL/博1/code/audition_pipeline/ablation_study/baseline/results/HARK_n/official_hark_outputs/fileid_40/hark_fileid_40_mic_fileid_40_doa14_3spk',0,5.606294088999675,/mnt/d/邵鹏远/UCL/博1/code/audition_pipeline/ablation_study/baseline/results/HARK_n/official_hark_logs/hark_fileid_40.stdout.log,/mnt/d/邵鹏远/UCL/博1/code/audition_pipeline/ablation_study/baseline/results/HARK_n/official_hark_logs/hark_fileid_40.stderr.log,3
41,/mnt/d/邵鹏远/UCL/博1/code/audition_pipeline/data/dataset_4mic_3spk/Eval/mic/mic_fileid_41_doa86_3spk.wav,/mnt/d/邵鹏远/UCL/博1/code/audition_pipeline/ablation_study/baseline/results/HARK_n/official_hark_outputs/fileid_41,/mnt/d/邵鹏远/UCL/博1/code/audition_pipeline/ablation_study/baseline/results/HARK_n/official_hark_outputs/fileid_41/hark_fileid_41_mic_fileid_41_doa86_3spk,batchflow '/mnt/d/邵鹏远/UCL/博1/code/audition_pipeline/ablation_study/baseline/results/HARK_n/official_hark_outputs/fileid_41/runtime_fileid_41.n' '/mnt/d/邵鹏远/UCL/博1/code/audition_pipeline/data/dataset_4mic_3spk/Eval/mic/mic_fileid_41_doa86_3spk.wav' '/mnt/d/邵鹏远/UCL/博1/code/audition_pipeline/ablation_study/baseline/results/HARK_n/official_hark_outputs/fileid_41/hark_fileid_41_mic_fileid_41_doa86_3spk',0,7.02901287900022,/mnt/d/邵鹏远/UCL/博1/code/audition_pipeline/ablation_study/baseline/results/HARK_n/official_hark_logs/hark_fileid_41.stdout.log,/mnt/d/邵鹏远/UCL/博1/code/audition_pipeline/ablation_study/baseline/results/HARK_n/official_hark_logs/hark_fileid_41.stderr.log,3
42,/mnt/d/邵鹏远/UCL/博1/code/audition_pipeline/data/dataset_4mic_3spk/Eval/mic/mic_fileid_42_doa76_3spk.wav,/mnt/d/邵鹏远/UCL/博1/code/audition_pipeline/ablation_study/baseline/results/HARK_n/official_hark_outputs/fileid_42,/mnt/d/邵鹏远/UCL/博1/code/audition_pipeline/ablation_study/baseline/results/HARK_n/official_hark_outputs/fileid_42/hark_fileid_42_mic_fileid_42_doa76_3spk,batchflow '/mnt/d/邵鹏远/UCL/博1/code/audition_pipeline/ablation_study/baseline/results/HARK_n/official_hark_outputs/fileid_42/runtime_fileid_42.n' '/mnt/d/邵鹏远/UCL/博1/code/audition_pipeline/data/dataset_4mic_3spk/Eval/mic/mic_fileid_42_doa76_3spk.wav' '/mnt/d/邵鹏远/UCL/博1/code/audition_pipeline/ablation_study/baseline/results/HARK_n/official_hark_outputs/fileid_42/hark_fileid_42_mic_fileid_42_doa76_3spk',0,8.579286440999567,/mnt/d/邵鹏远/UCL/博1/code/audition_pipeline/ablation_study/baseline/results/HARK_n/official_hark_logs/hark_fileid_42.stdout.log,/mnt/d/邵鹏远/UCL/博1/code/audition_pipeline/ablation_study/baseline/results/HARK_n/official_hark_logs/hark_fileid_42.stderr.log,5
43,/mnt/d/邵鹏远/UCL/博1/code/audition_pipeline/data/dataset_4mic_3spk/Eval/mic/mic_fileid_43_doa44_3spk.wav,/mnt/d/邵鹏远/UCL/博1/code/audition_pipeline/ablation_study/baseline/results/HARK_n/official_hark_outputs/fileid_43,/mnt/d/邵鹏远/UCL/博1/code/audition_pipeline/ablation_study/baseline/results/HARK_n/official_hark_outputs/fileid_43/hark_fileid_43_mic_fileid_43_doa44_3spk,batchflow '/mnt/d/邵鹏远/UCL/博1/code/audition_pipeline/ablation_study/baseline/results/HARK_n/official_hark_outputs/fileid_43/runtime_fileid_43.n' '/mnt/d/邵鹏远/UCL/博1/code/audition_pipeline/data/dataset_4mic_3spk/Eval/mic/mic_fileid_43_doa44_3spk.wav' '/mnt/d/邵鹏远/UCL/博1/code/audition_pipeline/ablation_study/baseline/results/HARK_n/official_hark_outputs/fileid_43/hark_fileid_43_mic_fileid_43_doa44_3spk',0,7.0127382599994235,/mnt/d/邵鹏远/UCL/博1/code/audition_pipeline/ablation_study/baseline/results/HARK_n/official_hark_logs/hark_fileid_43.stdout.log,/mnt/d/邵鹏远/UCL/博1/code/audition_pipeline/ablation_study/baseline/results/HARK_n/official_hark_logs/hark_fileid_43.stderr.log,6
44,/mnt/d/邵鹏远/UCL/博1/code/audition_pipeline/data/dataset_4mic_3spk/Eval/mic/mic_fileid_44_doa184_3spk.wav,/mnt/d/邵鹏远/UCL/博1/code/audition_pipeline/ablation_study/baseline/results/HARK_n/official_hark_outputs/fileid_44,/mnt/d/邵鹏远/UCL/博1/code/audition_pipeline/ablation_study/baseline/results/HARK_n/official_hark_outputs/fileid_44/hark_fileid_44_mic_fileid_44_doa184_3spk,batchflow '/mnt/d/邵鹏远/UCL/博1/code/audition_pipeline/ablation_study/baseline/results/HARK_n/official_hark_outputs/fileid_44/runtime_fileid_44.n' '/mnt/d/邵鹏远/UCL/博1/code/audition_pipeline/data/dataset_4mic_3spk/Eval/mic/mic_fileid_44_doa184_3spk.wav' '/mnt/d/邵鹏远/UCL/博1/code/audition_pipeline/ablation_study/baseline/results/HARK_n/official_hark_outputs/fileid_44/hark_fileid_44_mic_fileid_44_doa184_3spk',0,7.144516049000231,/mnt/d/邵鹏远/UCL/博1/code/audition_pipeline/ablation_study/baseline/results/HARK_n/official_hark_logs/hark_fileid_44.stdout.log,/mnt/d/邵鹏远/UCL/博1/code/audition_pipeline/ablation_study/baseline/results/HARK_n/official_hark_logs/hark_fileid_44.stderr.log,5
45,/mnt/d/邵鹏远/UCL/博1/code/audition_pipeline/data/dataset_4mic_3spk/Eval/mic/mic_fileid_45_doa62_3spk.wav,/mnt/d/邵鹏远/UCL/博1/code/audition_pipeline/ablation_study/baseline/results/HARK_n/official_hark_outputs/fileid_45,/mnt/d/邵鹏远/UCL/博1/code/audition_pipeline/ablation_study/baseline/results/HARK_n/official_hark_outputs/fileid_45/hark_fileid_45_mic_fileid_45_doa62_3spk,batchflow '/mnt/d/邵鹏远/UCL/博1/code/audition_pipeline/ablation_study/baseline/results/HARK_n/official_hark_outputs/fileid_45/runtime_fileid_45.n' '/mnt/d/邵鹏远/UCL/博1/code/audition_pipeline/data/dataset_4mic_3spk/Eval/mic/mic_fileid_45_doa62_3spk.wav' '/mnt/d/邵鹏远/UCL/博1/code/audition_pipeline/ablation_study/baseline/results/HARK_n/official_hark_outputs/fileid_45/hark_fileid_45_mic_fileid_45_doa62_3spk',0,7.930745865999597,/mnt/d/邵鹏远/UCL/博1/code/audition_pipeline/ablation_study/baseline/results/HARK_n/official_hark_logs/hark_fileid_45.stdout.log,/mnt/d/邵鹏远/UCL/博1/code/audition_pipeline/ablation_study/baseline/results/HARK_n/official_hark_logs/hark_fileid_45.stderr.log,8
46,/mnt/d/邵鹏远/UCL/博1/code/audition_pipeline/data/dataset_4mic_3spk/Eval/mic/mic_fileid_46_doa151_3spk.wav,/mnt/d/邵鹏远/UCL/博1/code/audition_pipeline/ablation_study/baseline/results/HARK_n/official_hark_outputs/fileid_46,/mnt/d/邵鹏远/UCL/博1/code/audition_pipeline/ablation_study/baseline/results/HARK_n/official_hark_outputs/fileid_46/hark_fileid_46_mic_fileid_46_doa151_3spk,batchflow '/mnt/d/邵鹏远/UCL/博1/code/audition_pipeline/ablation_study/baseline/results/HARK_n/official_hark_outputs/fileid_46/runtime_fileid_46.n' '/mnt/d/邵鹏远/UCL/博1/code/audition_pipeline/data/dataset_4mic_3spk/Eval/mic/mic_fileid_46_doa151_3spk.wav' '/mnt/d/邵鹏远/UCL/博1/code/audition_pipeline/ablation_study/baseline/results/HARK_n/official_hark_outputs/fileid_46/hark_fileid_46_mic_fileid_46_doa151_3spk',0,7.322491306000302,/mnt/d/邵鹏远/UCL/博1/code/audition_pipeline/ablation_study/baseline/results/HARK_n/official_hark_logs/hark_fileid_46.stdout.log,/mnt/d/邵鹏远/UCL/博1/code/audition_pipeline/ablation_study/baseline/results/HARK_n/official_hark_logs/hark_fileid_46.stderr.log,5
47,/mnt/d/邵鹏远/UCL/博1/code/audition_pipeline/data/dataset_4mic_3spk/Eval/mic/mic_fileid_47_doa63_3spk.wav,/mnt/d/邵鹏远/UCL/博1/code/audition_pipeline/ablation_study/baseline/results/HARK_n/official_hark_outputs/fileid_47,/mnt/d/邵鹏远/UCL/博1/code/audition_pipeline/ablation_study/baseline/results/HARK_n/official_hark_outputs/fileid_47/hark_fileid_47_mic_fileid_47_doa63_3spk,batchflow '/mnt/d/邵鹏远/UCL/博1/code/audition_pipeline/ablation_study/baseline/results/HARK_n/official_hark_outputs/fileid_47/runtime_fileid_47.n' '/mnt/d/邵鹏远/UCL/博1/code/audition_pipeline/data/dataset_4mic_3spk/Eval/mic/mic_fileid_47_doa63_3spk.wav' '/mnt/d/邵鹏远/UCL/博1/code/audition_pipeline/ablation_study/baseline/results/HARK_n/official_hark_outputs/fileid_47/hark_fileid_47_mic_fileid_47_doa63_3spk',0,7.820460301000821,/mnt/d/邵鹏远/UCL/博1/code/audition_pipeline/ablation_study/baseline/results/HARK_n/official_hark_logs/hark_fileid_47.stdout.log,/mnt/d/邵鹏远/UCL/博1/code/audition_pipeline/ablation_study/baseline/results/HARK_n/official_hark_logs/hark_fileid_47.stderr.log,5
48,/mnt/d/邵鹏远/UCL/博1/code/audition_pipeline/data/dataset_4mic_3spk/Eval/mic/mic_fileid_48_doa191_3spk.wav,/mnt/d/邵鹏远/UCL/博1/code/audition_pipeline/ablation_study/baseline/results/HARK_n/official_hark_outputs/fileid_48,/mnt/d/邵鹏远/UCL/博1/code/audition_pipeline/ablation_study/baseline/results/HARK_n/official_hark_outputs/fileid_48/hark_fileid_48_mic_fileid_48_doa191_3spk,batchflow '/mnt/d/邵鹏远/UCL/博1/code/audition_pipeline/ablation_study/baseline/results/HARK_n/official_hark_outputs/fileid_48/runtime_fileid_48.n' '/mnt/d/邵鹏远/UCL/博1/code/audition_pipeline/data/dataset_4mic_3spk/Eval/mic/mic_fileid_48_doa191_3spk.wav' '/mnt/d/邵鹏远/UCL/博1/code/audition_pipeline/ablation_study/baseline/results/HARK_n/official_hark_outputs/fileid_48/hark_fileid_48_mic_fileid_48_doa191_3spk',0,6.761822004999885,/mnt/d/邵鹏远/UCL/博1/code/audition_pipeline/ablation_study/baseline/results/HARK_n/official_hark_logs/hark_fileid_48.stdout.log,/mnt/d/邵鹏远/UCL/博1/code/audition_pipeline/ablation_study/baseline/results/HARK_n/official_hark_logs/hark_fileid_48.stderr.log,5
49,/mnt/d/邵鹏远/UCL/博1/code/audition_pipeline/data/dataset_4mic_3spk/Eval/mic/mic_fileid_49_doa63_3spk.wav,/mnt/d/邵鹏远/UCL/博1/code/audition_pipeline/ablation_study/baseline/results/HARK_n/official_hark_outputs/fileid_49,/mnt/d/邵鹏远/UCL/博1/code/audition_pipeline/ablation_study/baseline/results/HARK_n/official_hark_outputs/fileid_49/hark_fileid_49_mic_fileid_49_doa63_3spk,batchflow '/mnt/d/邵鹏远/UCL/博1/code/audition_pipeline/ablation_study/baseline/results/HARK_n/official_hark_outputs/fileid_49/runtime_fileid_49.n' '/mnt/d/邵鹏远/UCL/博1/code/audition_pipeline/data/dataset_4mic_3spk/Eval/mic/mic_fileid_49_doa63_3spk.wav' '/mnt/d/邵鹏远/UCL/博1/code/audition_pipeline/ablation_study/baseline/results/HARK_n/official_hark_outputs/fileid_49/hark_fileid_49_mic_fileid_49_doa63_3spk',0,6.635134561999621,/mnt/d/邵鹏远/UCL/博1/code/audition_pipeline/ablation_study/baseline/results/HARK_n/official_hark_logs/hark_fileid_49.stdout.log,/mnt/d/邵鹏远/UCL/博1/code/audition_pipeline/ablation_study/baseline/results/HARK_n/official_hark_logs/hark_fileid_49.stderr.log,7
50,/mnt/d/邵鹏远/UCL/博1/code/audition_pipeline/data/dataset_4mic_3spk/Eval/mic/mic_fileid_50_doa7_3spk.wav,/mnt/d/邵鹏远/UCL/博1/code/audition_pipeline/ablation_study/baseline/results/HARK_n/official_hark_outputs/fileid_50,/mnt/d/邵鹏远/UCL/博1/code/audition_pipeline/ablation_study/baseline/results/HARK_n/official_hark_outputs/fileid_50/hark_fileid_50_mic_fileid_50_doa7_3spk,batchflow '/mnt/d/邵鹏远/UCL/博1/code/audition_pipeline/ablation_study/baseline/results/HARK_n/official_hark_outputs/fileid_50/runtime_fileid_50.n' '/mnt/d/邵鹏远/UCL/博1/code/audition_pipeline/data/dataset_4mic_3spk/Eval/mic/mic_fileid_50_doa7_3spk.wav' '/mnt/d/邵鹏远/UCL/博1/code/audition_pipeline/ablation_study/baseline/results/HARK_n/official_hark_outputs/fileid_50/hark_fileid_50_mic_fileid_50_doa7_3spk',0,7.129865740000241,/mnt/d/邵鹏远/UCL/博1/code/audition_pipeline/ablation_study/baseline/results/HARK_n/official_hark_logs/hark_fileid_50.stdout.log,/mnt/d/邵鹏远/UCL/博1/code/audition_pipeline/ablation_study/baseline/results/HARK_n/official_hark_logs/hark_fileid_50.stderr.log,6
51,/mnt/d/邵鹏远/UCL/博1/code/audition_pipeline/data/dataset_4mic_3spk/Eval/mic/mic_fileid_51_doa46_3spk.wav,/mnt/d/邵鹏远/UCL/博1/code/audition_pipeline/ablation_study/baseline/results/HARK_n/official_hark_outputs/fileid_51,/mnt/d/邵鹏远/UCL/博1/code/audition_pipeline/ablation_study/baseline/results/HARK_n/official_hark_outputs/fileid_51/hark_fileid_51_mic_fileid_51_doa46_3spk,batchflow '/mnt/d/邵鹏远/UCL/博1/code/audition_pipeline/ablation_study/baseline/results/HARK_n/official_hark_outputs/fileid_51/runtime_fileid_51.n' '/mnt/d/邵鹏远/UCL/博1/code/audition_pipeline/data/dataset_4mic_3spk/Eval/mic/mic_fileid_51_doa46_3spk.wav' '/mnt/d/邵鹏远/UCL/博1/code/audition_pipeline/ablation_study/baseline/results/HARK_n/official_hark_outputs/fileid_51/hark_fileid_51_mic_fileid_51_doa46_3spk',0,6.380448247999993,/mnt/d/邵鹏远/UCL/博1/code/audition_pipeline/ablation_study/baseline/results/HARK_n/official_hark_logs/hark_fileid_51.stdout.log,/mnt/d/邵鹏远/UCL/博1/code/audition_pipeline/ablation_study/baseline/results/HARK_n/official_hark_logs/hark_fileid_51.stderr.log,3
52,/mnt/d/邵鹏远/UCL/博1/code/audition_pipeline/data/dataset_4mic_3spk/Eval/mic/mic_fileid_52_doa46_3spk.wav,/mnt/d/邵鹏远/UCL/博1/code/audition_pipeline/ablation_study/baseline/results/HARK_n/official_hark_outputs/fileid_52,/mnt/d/邵鹏远/UCL/博1/code/audition_pipeline/ablation_study/baseline/results/HARK_n/official_hark_outputs/fileid_52/hark_fileid_52_mic_fileid_52_doa46_3spk,batchflow '/mnt/d/邵鹏远/UCL/博1/code/audition_pipeline/ablation_study/baseline/results/HARK_n/official_hark_outputs/fileid_52/runtime_fileid_52.n' '/mnt/d/邵鹏远/UCL/博1/code/audition_pipeline/data/dataset_4mic_3spk/Eval/mic/mic_fileid_52_doa46_3spk.wav' '/mnt/d/邵鹏远/UCL/博1/code/audition_pipeline/ablation_study/baseline/results/HARK_n/official_hark_outputs/fileid_52/hark_fileid_52_mic_fileid_52_doa46_3spk',0,7.137377822999952,/mnt/d/邵鹏远/UCL/博1/code/audition_pipeline/ablation_study/baseline/results/HARK_n/official_hark_logs/hark_fileid_52.stdout.log,/mnt/d/邵鹏远/UCL/博1/code/audition_pipeline/ablation_study/baseline/results/HARK_n/official_hark_logs/hark_fileid_52.stderr.log,5
53,/mnt/d/邵鹏远/UCL/博1/code/audition_pipeline/data/dataset_4mic_3spk/Eval/mic/mic_fileid_53_doa65_3spk.wav,/mnt/d/邵鹏远/UCL/博1/code/audition_pipeline/ablation_study/baseline/results/HARK_n/official_hark_outputs/fileid_53,/mnt/d/邵鹏远/UCL/博1/code/audition_pipeline/ablation_study/baseline/results/HARK_n/official_hark_outputs/fileid_53/hark_fileid_53_mic_fileid_53_doa65_3spk,batchflow '/mnt/d/邵鹏远/UCL/博1/code/audition_pipeline/ablation_study/baseline/results/HARK_n/official_hark_outputs/fileid_53/runtime_fileid_53.n' '/mnt/d/邵鹏远/UCL/博1/code/audition_pipeline/data/dataset_4mic_3spk/Eval/mic/mic_fileid_53_doa65_3spk.wav' '/mnt/d/邵鹏远/UCL/博1/code/audition_pipeline/ablation_study/baseline/results/HARK_n/official_hark_outputs/fileid_53/hark_fileid_53_mic_fileid_53_doa65_3spk',0,6.875662325000121,/mnt/d/邵鹏远/UCL/博1/code/audition_pipeline/ablation_study/baseline/results/HARK_n/official_hark_logs/hark_fileid_53.stdout.log,/mnt/d/邵鹏远/UCL/博1/code/audition_pipeline/ablation_study/baseline/results/HARK_n/official_hark_logs/hark_fileid_53.stderr.log,5
54,/mnt/d/邵鹏远/UCL/博1/code/audition_pipeline/data/dataset_4mic_3spk/Eval/mic/mic_fileid_54_doa45_3spk.wav,/mnt/d/邵鹏远/UCL/博1/code/audition_pipeline/ablation_study/baseline/results/HARK_n/official_hark_outputs/fileid_54,/mnt/d/邵鹏远/UCL/博1/code/audition_pipeline/ablation_study/baseline/results/HARK_n/official_hark_outputs/fileid_54/hark_fileid_54_mic_fileid_54_doa45_3spk,batchflow '/mnt/d/邵鹏远/UCL/博1/code/audition_pipeline/ablation_study/baseline/results/HARK_n/official_hark_outputs/fileid_54/runtime_fileid_54.n' '/mnt/d/邵鹏远/UCL/博1/code/audition_pipeline/data/dataset_4mic_3spk/Eval/mic/mic_fileid_54_doa45_3spk.wav' '/mnt/d/邵鹏远/UCL/博1/code/audition_pipeline/ablation_study/baseline/results/HARK_n/official_hark_outputs/fileid_54/hark_fileid_54_mic_fileid_54_doa45_3spk',0,6.057584259000578,/mnt/d/邵鹏远/UCL/博1/code/audition_pipeline/ablation_study/baseline/results/HARK_n/official_hark_logs/hark_fileid_54.stdout.log,/mnt/d/邵鹏远/UCL/博1/code/audition_pipeline/ablation_study/baseline/results/HARK_n/official_hark_logs/hark_fileid_54.stderr.log,5
55,/mnt/d/邵鹏远/UCL/博1/code/audition_pipeline/data/dataset_4mic_3spk/Eval/mic/mic_fileid_55_doa55_3spk.wav,/mnt/d/邵鹏远/UCL/博1/code/audition_pipeline/ablation_study/baseline/results/HARK_n/official_hark_outputs/fileid_55,/mnt/d/邵鹏远/UCL/博1/code/audition_pipeline/ablation_study/baseline/results/HARK_n/official_hark_outputs/fileid_55/hark_fileid_55_mic_fileid_55_doa55_3spk,batchflow '/mnt/d/邵鹏远/UCL/博1/code/audition_pipeline/ablation_study/baseline/results/HARK_n/official_hark_outputs/fileid_55/runtime_fileid_55.n' '/mnt/d/邵鹏远/UCL/博1/code/audition_pipeline/data/dataset_4mic_3spk/Eval/mic/mic_fileid_55_doa55_3spk.wav' '/mnt/d/邵鹏远/UCL/博1/code/audition_pipeline/ablation_study/baseline/results/HARK_n/official_hark_outputs/fileid_55/hark_fileid_55_mic_fileid_55_doa55_3spk',0,6.545629022999492,/mnt/d/邵鹏远/UCL/博1/code/audition_pipeline/ablation_study/baseline/results/HARK_n/official_hark_logs/hark_fileid_55.stdout.log,/mnt/d/邵鹏远/UCL/博1/code/audition_pipeline/ablation_study/baseline/results/HARK_n/official_hark_logs/hark_fileid_55.stderr.log,5
56,/mnt/d/邵鹏远/UCL/博1/code/audition_pipeline/data/dataset_4mic_3spk/Eval/mic/mic_fileid_56_doa11_3spk.wav,/mnt/d/邵鹏远/UCL/博1/code/audition_pipeline/ablation_study/baseline/results/HARK_n/official_hark_outputs/fileid_56,/mnt/d/邵鹏远/UCL/博1/code/audition_pipeline/ablation_study/baseline/results/HARK_n/official_hark_outputs/fileid_56/hark_fileid_56_mic_fileid_56_doa11_3spk,batchflow '/mnt/d/邵鹏远/UCL/博1/code/audition_pipeline/ablation_study/baseline/results/HARK_n/official_hark_outputs/fileid_56/runtime_fileid_56.n' '/mnt/d/邵鹏远/UCL/博1/code/audition_pipeline/data/dataset_4mic_3spk/Eval/mic/mic_fileid_56_doa11_3spk.wav' '/mnt/d/邵鹏远/UCL/博1/code/audition_pipeline/ablation_study/baseline/results/HARK_n/official_hark_outputs/fileid_56/hark_fileid_56_mic_fileid_56_doa11_3spk',0,7.213194603000375,/mnt/d/邵鹏远/UCL/博1/code/audition_pipeline/ablation_study/baseline/results/HARK_n/official_hark_logs/hark_fileid_56.stdout.log,/mnt/d/邵鹏远/UCL/博1/code/audition_pipeline/ablation_study/baseline/results/HARK_n/official_hark_logs/hark_fileid_56.stderr.log,5
57,/mnt/d/邵鹏远/UCL/博1/code/audition_pipeline/data/dataset_4mic_3spk/Eval/mic/mic_fileid_57_doa15_3spk.wav,/mnt/d/邵鹏远/UCL/博1/code/audition_pipeline/ablation_study/baseline/results/HARK_n/official_hark_outputs/fileid_57,/mnt/d/邵鹏远/UCL/博1/code/audition_pipeline/ablation_study/baseline/results/HARK_n/official_hark_outputs/fileid_57/hark_fileid_57_mic_fileid_57_doa15_3spk,batchflow '/mnt/d/邵鹏远/UCL/博1/code/audition_pipeline/ablation_study/baseline/results/HARK_n/official_hark_outputs/fileid_57/runtime_fileid_57.n' '/mnt/d/邵鹏远/UCL/博1/code/audition_pipeline/data/dataset_4mic_3spk/Eval/mic/mic_fileid_57_doa15_3spk.wav' '/mnt/d/邵鹏远/UCL/博1/code/audition_pipeline/ablation_study/baseline/results/HARK_n/official_hark_outputs/fileid_57/hark_fileid_57_mic_fileid_57_doa15_3spk',0,7.298181748999923,/mnt/d/邵鹏远/UCL/博1/code/audition_pipeline/ablation_study/baseline/results/HARK_n/official_hark_logs/hark_fileid_57.stdout.log,/mnt/d/邵鹏远/UCL/博1/code/audition_pipeline/ablation_study/baseline/results/HARK_n/official_hark_logs/hark_fileid_57.stderr.log,5
58,/mnt/d/邵鹏远/UCL/博1/code/audition_pipeline/data/dataset_4mic_3spk/Eval/mic/mic_fileid_58_doa91_3spk.wav,/mnt/d/邵鹏远/UCL/博1/code/audition_pipeline/ablation_study/baseline/results/HARK_n/official_hark_outputs/fileid_58,/mnt/d/邵鹏远/UCL/博1/code/audition_pipeline/ablation_study/baseline/results/HARK_n/official_hark_outputs/fileid_58/hark_fileid_58_mic_fileid_58_doa91_3spk,batchflow '/mnt/d/邵鹏远/UCL/博1/code/audition_pipeline/ablation_study/baseline/results/HARK_n/official_hark_outputs/fileid_58/runtime_fileid_58.n' '/mnt/d/邵鹏远/UCL/博1/code/audition_pipeline/data/dataset_4mic_3spk/Eval/mic/mic_fileid_58_doa91_3spk.wav' '/mnt/d/邵鹏远/UCL/博1/code/audition_pipeline/ablation_study/baseline/results/HARK_n/official_hark_outputs/fileid_58/hark_fileid_58_mic_fileid_58_doa91_3spk',0,6.984725885000444,/mnt/d/邵鹏远/UCL/博1/code/audition_pipeline/ablation_study/baseline/results/HARK_n/official_hark_logs/hark_fileid_58.stdout.log,/mnt/d/邵鹏远/UCL/博1/code/audition_pipeline/ablation_study/baseline/results/HARK_n/official_hark_logs/hark_fileid_58.stderr.log,5
59,/mnt/d/邵鹏远/UCL/博1/code/audition_pipeline/data/dataset_4mic_3spk/Eval/mic/mic_fileid_59_doa11_3spk.wav,/mnt/d/邵鹏远/UCL/博1/code/audition_pipeline/ablation_study/baseline/results/HARK_n/official_hark_outputs/fileid_59,/mnt/d/邵鹏远/UCL/博1/code/audition_pipeline/ablation_study/baseline/results/HARK_n/official_hark_outputs/fileid_59/hark_fileid_59_mic_fileid_59_doa11_3spk,batchflow '/mnt/d/邵鹏远/UCL/博1/code/audition_pipeline/ablation_study/baseline/results/HARK_n/official_hark_outputs/fileid_59/runtime_fileid_59.n' '/mnt/d/邵鹏远/UCL/博1/code/audition_pipeline/data/dataset_4mic_3spk/Eval/mic/mic_fileid_59_doa11_3spk.wav' '/mnt/d/邵鹏远/UCL/博1/code/audition_pipeline/ablation_study/baseline/results/HARK_n/official_hark_outputs/fileid_59/hark_fileid_59_mic_fileid_59_doa11_3spk',0,6.11736580699926,/mnt/d/邵鹏远/UCL/博1/code/audition_pipeline/ablation_study/baseline/results/HARK_n/official_hark_logs/hark_fileid_59.stdout.log,/mnt/d/邵鹏远/UCL/博1/code/audition_pipeline/ablation_study/baseline/results/HARK_n/official_hark_logs/hark_fileid_59.stderr.log,3
60,/mnt/d/邵鹏远/UCL/博1/code/audition_pipeline/data/dataset_4mic_3spk/Eval/mic/mic_fileid_60_doa144_3spk.wav,/mnt/d/邵鹏远/UCL/博1/code/audition_pipeline/ablation_study/baseline/results/HARK_n/official_hark_outputs/fileid_60,/mnt/d/邵鹏远/UCL/博1/code/audition_pipeline/ablation_study/baseline/results/HARK_n/official_hark_outputs/fileid_60/hark_fileid_60_mic_fileid_60_doa144_3spk,batchflow '/mnt/d/邵鹏远/UCL/博1/code/audition_pipeline/ablation_study/baseline/results/HARK_n/official_hark_outputs/fileid_60/runtime_fileid_60.n' '/mnt/d/邵鹏远/UCL/博1/code/audition_pipeline/data/dataset_4mic_3spk/Eval/mic/mic_fileid_60_doa144_3spk.wav' '/mnt/d/邵鹏远/UCL/博1/code/audition_pipeline/ablation_study/baseline/results/HARK_n/official_hark_outputs/fileid_60/hark_fileid_60_mic_fileid_60_doa144_3spk',0,6.389630374999797,/mnt/d/邵鹏远/UCL/博1/code/audition_pipeline/ablation_study/baseline/results/HARK_n/official_hark_logs/hark_fileid_60.stdout.log,/mnt/d/邵鹏远/UCL/博1/code/audition_pipeline/ablation_study/baseline/results/HARK_n/official_hark_logs/hark_fileid_60.stderr.log,4
61,/mnt/d/邵鹏远/UCL/博1/code/audition_pipeline/data/dataset_4mic_3spk/Eval/mic/mic_fileid_61_doa93_3spk.wav,/mnt/d/邵鹏远/UCL/博1/code/audition_pipeline/ablation_study/baseline/results/HARK_n/official_hark_outputs/fileid_61,/mnt/d/邵鹏远/UCL/博1/code/audition_pipeline/ablation_study/baseline/results/HARK_n/official_hark_outputs/fileid_61/hark_fileid_61_mic_fileid_61_doa93_3spk,batchflow '/mnt/d/邵鹏远/UCL/博1/code/audition_pipeline/ablation_study/baseline/results/HARK_n/official_hark_outputs/fileid_61/runtime_fileid_61.n' '/mnt/d/邵鹏远/UCL/博1/code/audition_pipeline/data/dataset_4mic_3spk/Eval/mic/mic_fileid_61_doa93_3spk.wav' '/mnt/d/邵鹏远/UCL/博1/code/audition_pipeline/ablation_study/baseline/results/HARK_n/official_hark_outputs/fileid_61/hark_fileid_61_mic_fileid_61_doa93_3spk',0,6.870123679999779,/mnt/d/邵鹏远/UCL/博1/code/audition_pipeline/ablation_study/baseline/results/HARK_n/official_hark_logs/hark_fileid_61.stdout.log,/mnt/d/邵鹏远/UCL/博1/code/audition_pipeline/ablation_study/baseline/results/HARK_n/official_hark_logs/hark_fileid_61.stderr.log,6
62,/mnt/d/邵鹏远/UCL/博1/code/audition_pipeline/data/dataset_4mic_3spk/Eval/mic/mic_fileid_62_doa56_3spk.wav,/mnt/d/邵鹏远/UCL/博1/code/audition_pipeline/ablation_study/baseline/results/HARK_n/official_hark_outputs/fileid_62,/mnt/d/邵鹏远/UCL/博1/code/audition_pipeline/ablation_study/baseline/results/HARK_n/official_hark_outputs/fileid_62/hark_fileid_62_mic_fileid_62_doa56_3spk,batchflow '/mnt/d/邵鹏远/UCL/博1/code/audition_pipeline/ablation_study/baseline/results/HARK_n/official_hark_outputs/fileid_62/runtime_fileid_62.n' '/mnt/d/邵鹏远/UCL/博1/code/audition_pipeline/data/dataset_4mic_3spk/Eval/mic/mic_fileid_62_doa56_3spk.wav' '/mnt/d/邵鹏远/UCL/博1/code/audition_pipeline/ablation_study/baseline/results/HARK_n/official_hark_outputs/fileid_62/hark_fileid_62_mic_fileid_62_doa56_3spk',0,7.090539927000464,/mnt/d/邵鹏远/UCL/博1/code/audition_pipeline/ablation_study/baseline/results/HARK_n/official_hark_logs/hark_fileid_62.stdout.log,/mnt/d/邵鹏远/UCL/博1/code/audition_pipeline/ablation_study/baseline/results/HARK_n/official_hark_logs/hark_fileid_62.stderr.log,4
63,/mnt/d/邵鹏远/UCL/博1/code/audition_pipeline/data/dataset_4mic_3spk/Eval/mic/mic_fileid_63_doa174_3spk.wav,/mnt/d/邵鹏远/UCL/博1/code/audition_pipeline/ablation_study/baseline/results/HARK_n/official_hark_outputs/fileid_63,/mnt/d/邵鹏远/UCL/博1/code/audition_pipeline/ablation_study/baseline/results/HARK_n/official_hark_outputs/fileid_63/hark_fileid_63_mic_fileid_63_doa174_3spk,batchflow '/mnt/d/邵鹏远/UCL/博1/code/audition_pipeline/ablation_study/baseline/results/HARK_n/official_hark_outputs/fileid_63/runtime_fileid_63.n' '/mnt/d/邵鹏远/UCL/博1/code/audition_pipeline/data/dataset_4mic_3spk/Eval/mic/mic_fileid_63_doa174_3spk.wav' '/mnt/d/邵鹏远/UCL/博1/code/audition_pipeline/ablation_study/baseline/results/HARK_n/official_hark_outputs/fileid_63/hark_fileid_63_mic_fileid_63_doa174_3spk',0,7.895345559000816,/mnt/d/邵鹏远/UCL/博1/code/audition_pipeline/ablation_study/baseline/results/HARK_n/official_hark_logs/hark_fileid_63.stdout.log,/mnt/d/邵鹏远/UCL/博1/code/audition_pipeline/ablation_study/baseline/results/HARK_n/official_hark_logs/hark_fileid_63.stderr.log,7
64,/mnt/d/邵鹏远/UCL/博1/code/audition_pipeline/data/dataset_4mic_3spk/Eval/mic/mic_fileid_64_doa6_3spk.wav,/mnt/d/邵鹏远/UCL/博1/code/audition_pipeline/ablation_study/baseline/results/HARK_n/official_hark_outputs/fileid_64,/mnt/d/邵鹏远/UCL/博1/code/audition_pipeline/ablation_study/baseline/results/HARK_n/official_hark_outputs/fileid_64/hark_fileid_64_mic_fileid_64_doa6_3spk,batchflow '/mnt/d/邵鹏远/UCL/博1/code/audition_pipeline/ablation_study/baseline/results/HARK_n/official_hark_outputs/fileid_64/runtime_fileid_64.n' '/mnt/d/邵鹏远/UCL/博1/code/audition_pipeline/data/dataset_4mic_3spk/Eval/mic/mic_fileid_64_doa6_3spk.wav' '/mnt/d/邵鹏远/UCL/博1/code/audition_pipeline/ablation_study/baseline/results/HARK_n/official_hark_outputs/fileid_64/hark_fileid_64_mic_fileid_64_doa6_3spk',0,6.348446644000433,/mnt/d/邵鹏远/UCL/博1/code/audition_pipeline/ablation_study/baseline/results/HARK_n/official_hark_logs/hark_fileid_64.stdout.log,/mnt/d/邵鹏远/UCL/博1/code/audition_pipeline/ablation_study/baseline/results/HARK_n/official_hark_logs/hark_fileid_64.stderr.log,4
65,/mnt/d/邵鹏远/UCL/博1/code/audition_pipeline/data/dataset_4mic_3spk/Eval/mic/mic_fileid_65_doa48_3spk.wav,/mnt/d/邵鹏远/UCL/博1/code/audition_pipeline/ablation_study/baseline/results/HARK_n/official_hark_outputs/fileid_65,/mnt/d/邵鹏远/UCL/博1/code/audition_pipeline/ablation_study/baseline/results/HARK_n/official_hark_outputs/fileid_65/hark_fileid_65_mic_fileid_65_doa48_3spk,batchflow '/mnt/d/邵鹏远/UCL/博1/code/audition_pipeline/ablation_study/baseline/results/HARK_n/official_hark_outputs/fileid_65/runtime_fileid_65.n' '/mnt/d/邵鹏远/UCL/博1/code/audition_pipeline/data/dataset_4mic_3spk/Eval/mic/mic_fileid_65_doa48_3spk.wav' '/mnt/d/邵鹏远/UCL/博1/code/audition_pipeline/ablation_study/baseline/results/HARK_n/official_hark_outputs/fileid_65/hark_fileid_65_mic_fileid_65_doa48_3spk',0,6.454138398000396,/mnt/d/邵鹏远/UCL/博1/code/audition_pipeline/ablation_study/baseline/results/HARK_n/official_hark_logs/hark_fileid_65.stdout.log,/mnt/d/邵鹏远/UCL/博1/code/audition_pipeline/ablation_study/baseline/results/HARK_n/official_hark_logs/hark_fileid_65.stderr.log,3
66,/mnt/d/邵鹏远/UCL/博1/code/audition_pipeline/data/dataset_4mic_3spk/Eval/mic/mic_fileid_66_doa58_3spk.wav,/mnt/d/邵鹏远/UCL/博1/code/audition_pipeline/ablation_study/baseline/results/HARK_n/official_hark_outputs/fileid_66,/mnt/d/邵鹏远/UCL/博1/code/audition_pipeline/ablation_study/baseline/results/HARK_n/official_hark_outputs/fileid_66/hark_fileid_66_mic_fileid_66_doa58_3spk,batchflow '/mnt/d/邵鹏远/UCL/博1/code/audition_pipeline/ablation_study/baseline/results/HARK_n/official_hark_outputs/fileid_66/runtime_fileid_66.n' '/mnt/d/邵鹏远/UCL/博1/code/audition_pipeline/data/dataset_4mic_3spk/Eval/mic/mic_fileid_66_doa58_3spk.wav' '/mnt/d/邵鹏远/UCL/博1/code/audition_pipeline/ablation_study/baseline/results/HARK_n/official_hark_outputs/fileid_66/hark_fileid_66_mic_fileid_66_doa58_3spk',0,7.173099222000019,/mnt/d/邵鹏远/UCL/博1/code/audition_pipeline/ablation_study/baseline/results/HARK_n/official_hark_logs/hark_fileid_66.stdout.log,/mnt/d/邵鹏远/UCL/博1/code/audition_pipeline/ablation_study/baseline/results/HARK_n/official_hark_logs/hark_fileid_66.stderr.log,5
67,/mnt/d/邵鹏远/UCL/博1/code/audition_pipeline/data/dataset_4mic_3spk/Eval/mic/mic_fileid_67_doa77_3spk.wav,/mnt/d/邵鹏远/UCL/博1/code/audition_pipeline/ablation_study/baseline/results/HARK_n/official_hark_outputs/fileid_67,/mnt/d/邵鹏远/UCL/博1/code/audition_pipeline/ablation_study/baseline/results/HARK_n/official_hark_outputs/fileid_67/hark_fileid_67_mic_fileid_67_doa77_3spk,batchflow '/mnt/d/邵鹏远/UCL/博1/code/audition_pipeline/ablation_study/baseline/results/HARK_n/official_hark_outputs/fileid_67/runtime_fileid_67.n' '/mnt/d/邵鹏远/UCL/博1/code/audition_pipeline/data/dataset_4mic_3spk/Eval/mic/mic_fileid_67_doa77_3spk.wav' '/mnt/d/邵鹏远/UCL/博1/code/audition_pipeline/ablation_study/baseline/results/HARK_n/official_hark_outputs/fileid_67/hark_fileid_67_mic_fileid_67_doa77_3spk',0,7.249956388000101,/mnt/d/邵鹏远/UCL/博1/code/audition_pipeline/ablation_study/baseline/results/HARK_n/official_hark_logs/hark_fileid_67.stdout.log,/mnt/d/邵鹏远/UCL/博1/code/audition_pipeline/ablation_study/baseline/results/HARK_n/official_hark_logs/hark_fileid_67.stderr.log,3
68,/mnt/d/邵鹏远/UCL/博1/code/audition_pipeline/data/dataset_4mic_3spk/Eval/mic/mic_fileid_68_doa31_3spk.wav,/mnt/d/邵鹏远/UCL/博1/code/audition_pipeline/ablation_study/baseline/results/HARK_n/official_hark_outputs/fileid_68,/mnt/d/邵鹏远/UCL/博1/code/audition_pipeline/ablation_study/baseline/results/HARK_n/official_hark_outputs/fileid_68/hark_fileid_68_mic_fileid_68_doa31_3spk,batchflow '/mnt/d/邵鹏远/UCL/博1/code/audition_pipeline/ablation_study/baseline/results/HARK_n/official_hark_outputs/fileid_68/runtime_fileid_68.n' '/mnt/d/邵鹏远/UCL/博1/code/audition_pipeline/data/dataset_4mic_3spk/Eval/mic/mic_fileid_68_doa31_3spk.wav' '/mnt/d/邵鹏远/UCL/博1/code/audition_pipeline/ablation_study/baseline/results/HARK_n/official_hark_outputs/fileid_68/hark_fileid_68_mic_fileid_68_doa31_3spk',0,6.897543809000126,/mnt/d/邵鹏远/UCL/博1/code/audition_pipeline/ablation_study/baseline/results/HARK_n/official_hark_logs/hark_fileid_68.stdout.log,/mnt/d/邵鹏远/UCL/博1/code/audition_pipeline/ablation_study/baseline/results/HARK_n/official_hark_logs/hark_fileid_68.stderr.log,6
69,/mnt/d/邵鹏远/UCL/博1/code/audition_pipeline/data/dataset_4mic_3spk/Eval/mic/mic_fileid_69_doa229_3spk.wav,/mnt/d/邵鹏远/UCL/博1/code/audition_pipeline/ablation_study/baseline/results/HARK_n/official_hark_outputs/fileid_69,/mnt/d/邵鹏远/UCL/博1/code/audition_pipeline/ablation_study/baseline/results/HARK_n/official_hark_outputs/fileid_69/hark_fileid_69_mic_fileid_69_doa229_3spk,batchflow '/mnt/d/邵鹏远/UCL/博1/code/audition_pipeline/ablation_study/baseline/results/HARK_n/official_hark_outputs/fileid_69/runtime_fileid_69.n' '/mnt/d/邵鹏远/UCL/博1/code/audition_pipeline/data/dataset_4mic_3spk/Eval/mic/mic_fileid_69_doa229_3spk.wav' '/mnt/d/邵鹏远/UCL/博1/code/audition_pipeline/ablation_study/baseline/results/HARK_n/official_hark_outputs/fileid_69/hark_fileid_69_mic_fileid_69_doa229_3spk',0,6.540329413999643,/mnt/d/邵鹏远/UCL/博1/code/audition_pipeline/ablation_study/baseline/results/HARK_n/official_hark_logs/hark_fileid_69.stdout.log,/mnt/d/邵鹏远/UCL/博1/code/audition_pipeline/ablation_study/baseline/results/HARK_n/official_hark_logs/hark_fileid_69.stderr.log,4
70,/mnt/d/邵鹏远/UCL/博1/code/audition_pipeline/data/dataset_4mic_3spk/Eval/mic/mic_fileid_70_doa238_3spk.wav,/mnt/d/邵鹏远/UCL/博1/code/audition_pipeline/ablation_study/baseline/results/HARK_n/official_hark_outputs/fileid_70,/mnt/d/邵鹏远/UCL/博1/code/audition_pipeline/ablation_study/baseline/results/HARK_n/official_hark_outputs/fileid_70/hark_fileid_70_mic_fileid_70_doa238_3spk,batchflow '/mnt/d/邵鹏远/UCL/博1/code/audition_pipeline/ablation_study/baseline/results/HARK_n/official_hark_outputs/fileid_70/runtime_fileid_70.n' '/mnt/d/邵鹏远/UCL/博1/code/audition_pipeline/data/dataset_4mic_3spk/Eval/mic/mic_fileid_70_doa238_3spk.wav' '/mnt/d/邵鹏远/UCL/博1/code/audition_pipeline/ablation_study/baseline/results/HARK_n/official_hark_outputs/fileid_70/hark_fileid_70_mic_fileid_70_doa238_3spk',0,7.5496419660003085,/mnt/d/邵鹏远/UCL/博1/code/audition_pipeline/ablation_study/baseline/results/HARK_n/official_hark_logs/hark_fileid_70.stdout.log,/mnt/d/邵鹏远/UCL/博1/code/audition_pipeline/ablation_study/baseline/results/HARK_n/official_hark_logs/hark_fileid_70.stderr.log,5
71,/mnt/d/邵鹏远/UCL/博1/code/audition_pipeline/data/dataset_4mic_3spk/Eval/mic/mic_fileid_71_doa92_3spk.wav,/mnt/d/邵鹏远/UCL/博1/code/audition_pipeline/ablation_study/baseline/results/HARK_n/official_hark_outputs/fileid_71,/mnt/d/邵鹏远/UCL/博1/code/audition_pipeline/ablation_study/baseline/results/HARK_n/official_hark_outputs/fileid_71/hark_fileid_71_mic_fileid_71_doa92_3spk,batchflow '/mnt/d/邵鹏远/UCL/博1/code/audition_pipeline/ablation_study/baseline/results/HARK_n/official_hark_outputs/fileid_71/runtime_fileid_71.n' '/mnt/d/邵鹏远/UCL/博1/code/audition_pipeline/data/dataset_4mic_3spk/Eval/mic/mic_fileid_71_doa92_3spk.wav' '/mnt/d/邵鹏远/UCL/博1/code/audition_pipeline/ablation_study/baseline/results/HARK_n/official_hark_outputs/fileid_71/hark_fileid_71_mic_fileid_71_doa92_3spk',0,7.184126176000063,/mnt/d/邵鹏远/UCL/博1/code/audition_pipeline/ablation_study/baseline/results/HARK_n/official_hark_logs/hark_fileid_71.stdout.log,/mnt/d/邵鹏远/UCL/博1/code/audition_pipeline/ablation_study/baseline/results/HARK_n/official_hark_logs/hark_fileid_71.stderr.log,3
72,/mnt/d/邵鹏远/UCL/博1/code/audition_pipeline/data/dataset_4mic_3spk/Eval/mic/mic_fileid_72_doa57_3spk.wav,/mnt/d/邵鹏远/UCL/博1/code/audition_pipeline/ablation_study/baseline/results/HARK_n/official_hark_outputs/fileid_72,/mnt/d/邵鹏远/UCL/博1/code/audition_pipeline/ablation_study/baseline/results/HARK_n/official_hark_outputs/fileid_72/hark_fileid_72_mic_fileid_72_doa57_3spk,batchflow '/mnt/d/邵鹏远/UCL/博1/code/audition_pipeline/ablation_study/baseline/results/HARK_n/official_hark_outputs/fileid_72/runtime_fileid_72.n' '/mnt/d/邵鹏远/UCL/博1/code/audition_pipeline/data/dataset_4mic_3spk/Eval/mic/mic_fileid_72_doa57_3spk.wav' '/mnt/d/邵鹏远/UCL/博1/code/audition_pipeline/ablation_study/baseline/results/HARK_n/official_hark_outputs/fileid_72/hark_fileid_72_mic_fileid_72_doa57_3spk',0,7.13374929100064,/mnt/d/邵鹏远/UCL/博1/code/audition_pipeline/ablation_study/baseline/results/HARK_n/official_hark_logs/hark_fileid_72.stdout.log,/mnt/d/邵鹏远/UCL/博1/code/audition_pipeline/ablation_study/baseline/results/HARK_n/official_hark_logs/hark_fileid_72.stderr.log,8
73,/mnt/d/邵鹏远/UCL/博1/code/audition_pipeline/data/dataset_4mic_3spk/Eval/mic/mic_fileid_73_doa97_3spk.wav,/mnt/d/邵鹏远/UCL/博1/code/audition_pipeline/ablation_study/baseline/results/HARK_n/official_hark_outputs/fileid_73,/mnt/d/邵鹏远/UCL/博1/code/audition_pipeline/ablation_study/baseline/results/HARK_n/official_hark_outputs/fileid_73/hark_fileid_73_mic_fileid_73_doa97_3spk,batchflow '/mnt/d/邵鹏远/UCL/博1/code/audition_pipeline/ablation_study/baseline/results/HARK_n/official_hark_outputs/fileid_73/runtime_fileid_73.n' '/mnt/d/邵鹏远/UCL/博1/code/audition_pipeline/data/dataset_4mic_3spk/Eval/mic/mic_fileid_73_doa97_3spk.wav' '/mnt/d/邵鹏远/UCL/博1/code/audition_pipeline/ablation_study/baseline/results/HARK_n/official_hark_outputs/fileid_73/hark_fileid_73_mic_fileid_73_doa97_3spk',0,5.699779179999496,/mnt/d/邵鹏远/UCL/博1/code/audition_pipeline/ablation_study/baseline/results/HARK_n/official_hark_logs/hark_fileid_73.stdout.log,/mnt/d/邵鹏远/UCL/博1/code/audition_pipeline/ablation_study/baseline/results/HARK_n/official_hark_logs/hark_fileid_73.stderr.log,3
74,/mnt/d/邵鹏远/UCL/博1/code/audition_pipeline/data/dataset_4mic_3spk/Eval/mic/mic_fileid_74_doa76_3spk.wav,/mnt/d/邵鹏远/UCL/博1/code/audition_pipeline/ablation_study/baseline/results/HARK_n/official_hark_outputs/fileid_74,/mnt/d/邵鹏远/UCL/博1/code/audition_pipeline/ablation_study/baseline/results/HARK_n/official_hark_outputs/fileid_74/hark_fileid_74_mic_fileid_74_doa76_3spk,batchflow '/mnt/d/邵鹏远/UCL/博1/code/audition_pipeline/ablation_study/baseline/results/HARK_n/official_hark_outputs/fileid_74/runtime_fileid_74.n' '/mnt/d/邵鹏远/UCL/博1/code/audition_pipeline/data/dataset_4mic_3spk/Eval/mic/mic_fileid_74_doa76_3spk.wav' '/mnt/d/邵鹏远/UCL/博1/code/audition_pipeline/ablation_study/baseline/results/HARK_n/official_hark_outputs/fileid_74/hark_fileid_74_mic_fileid_74_doa76_3spk',0,6.723384726999939,/mnt/d/邵鹏远/UCL/博1/code/audition_pipeline/ablation_study/baseline/results/HARK_n/official_hark_logs/hark_fileid_74.stdout.log,/mnt/d/邵鹏远/UCL/博1/code/audition_pipeline/ablation_study/baseline/results/HARK_n/official_hark_logs/hark_fileid_74.stderr.log,3
75,/mnt/d/邵鹏远/UCL/博1/code/audition_pipeline/data/dataset_4mic_3spk/Eval/mic/mic_fileid_75_doa172_3spk.wav,/mnt/d/邵鹏远/UCL/博1/code/audition_pipeline/ablation_study/baseline/results/HARK_n/official_hark_outputs/fileid_75,/mnt/d/邵鹏远/UCL/博1/code/audition_pipeline/ablation_study/baseline/results/HARK_n/official_hark_outputs/fileid_75/hark_fileid_75_mic_fileid_75_doa172_3spk,batchflow '/mnt/d/邵鹏远/UCL/博1/code/audition_pipeline/ablation_study/baseline/results/HARK_n/official_hark_outputs/fileid_75/runtime_fileid_75.n' '/mnt/d/邵鹏远/UCL/博1/code/audition_pipeline/data/dataset_4mic_3spk/Eval/mic/mic_fileid_75_doa172_3spk.wav' '/mnt/d/邵鹏远/UCL/博1/code/audition_pipeline/ablation_study/baseline/results/HARK_n/official_hark_outputs/fileid_75/hark_fileid_75_mic_fileid_75_doa172_3spk',0,6.917169196000032,/mnt/d/邵鹏远/UCL/博1/code/audition_pipeline/ablation_study/baseline/results/HARK_n/official_hark_logs/hark_fileid_75.stdout.log,/mnt/d/邵鹏远/UCL/博1/code/audition_pipeline/ablation_study/baseline/results/HARK_n/official_hark_logs/hark_fileid_75.stderr.log,4
76,/mnt/d/邵鹏远/UCL/博1/code/audition_pipeline/data/dataset_4mic_3spk/Eval/mic/mic_fileid_76_doa66_3spk.wav,/mnt/d/邵鹏远/UCL/博1/code/audition_pipeline/ablation_study/baseline/results/HARK_n/official_hark_outputs/fileid_76,/mnt/d/邵鹏远/UCL/博1/code/audition_pipeline/ablation_study/baseline/results/HARK_n/official_hark_outputs/fileid_76/hark_fileid_76_mic_fileid_76_doa66_3spk,batchflow '/mnt/d/邵鹏远/UCL/博1/code/audition_pipeline/ablation_study/baseline/results/HARK_n/official_hark_outputs/fileid_76/runtime_fileid_76.n' '/mnt/d/邵鹏远/UCL/博1/code/audition_pipeline/data/dataset_4mic_3spk/Eval/mic/mic_fileid_76_doa66_3spk.wav' '/mnt/d/邵鹏远/UCL/博1/code/audition_pipeline/ablation_study/baseline/results/HARK_n/official_hark_outputs/fileid_76/hark_fileid_76_mic_fileid_76_doa66_3spk',0,6.659489472000132,/mnt/d/邵鹏远/UCL/博1/code/audition_pipeline/ablation_study/baseline/results/HARK_n/official_hark_logs/hark_fileid_76.stdout.log,/mnt/d/邵鹏远/UCL/博1/code/audition_pipeline/ablation_study/baseline/results/HARK_n/official_hark_logs/hark_fileid_76.stderr.log,3
77,/mnt/d/邵鹏远/UCL/博1/code/audition_pipeline/data/dataset_4mic_3spk/Eval/mic/mic_fileid_77_doa164_3spk.wav,/mnt/d/邵鹏远/UCL/博1/code/audition_pipeline/ablation_study/baseline/results/HARK_n/official_hark_outputs/fileid_77,/mnt/d/邵鹏远/UCL/博1/code/audition_pipeline/ablation_study/baseline/results/HARK_n/official_hark_outputs/fileid_77/hark_fileid_77_mic_fileid_77_doa164_3spk,batchflow '/mnt/d/邵鹏远/UCL/博1/code/audition_pipeline/ablation_study/baseline/results/HARK_n/official_hark_outputs/fileid_77/runtime_fileid_77.n' '/mnt/d/邵鹏远/UCL/博1/code/audition_pipeline/data/dataset_4mic_3spk/Eval/mic/mic_fileid_77_doa164_3spk.wav' '/mnt/d/邵鹏远/UCL/博1/code/audition_pipeline/ablation_study/baseline/results/HARK_n/official_hark_outputs/fileid_77/hark_fileid_77_mic_fileid_77_doa164_3spk',0,6.50517906999994,/mnt/d/邵鹏远/UCL/博1/code/audition_pipeline/ablation_study/baseline/results/HARK_n/official_hark_logs/hark_fileid_77.stdout.log,/mnt/d/邵鹏远/UCL/博1/code/audition_pipeline/ablation_study/baseline/results/HARK_n/official_hark_logs/hark_fileid_77.stderr.log,4
78,/mnt/d/邵鹏远/UCL/博1/code/audition_pipeline/data/dataset_4mic_3spk/Eval/mic/mic_fileid_78_doa78_3spk.wav,/mnt/d/邵鹏远/UCL/博1/code/audition_pipeline/ablation_study/baseline/results/HARK_n/official_hark_outputs/fileid_78,/mnt/d/邵鹏远/UCL/博1/code/audition_pipeline/ablation_study/baseline/results/HARK_n/official_hark_outputs/fileid_78/hark_fileid_78_mic_fileid_78_doa78_3spk,batchflow '/mnt/d/邵鹏远/UCL/博1/code/audition_pipeline/ablation_study/baseline/results/HARK_n/official_hark_outputs/fileid_78/runtime_fileid_78.n' '/mnt/d/邵鹏远/UCL/博1/code/audition_pipeline/data/dataset_4mic_3spk/Eval/mic/mic_fileid_78_doa78_3spk.wav' '/mnt/d/邵鹏远/UCL/博1/code/audition_pipeline/ablation_study/baseline/results/HARK_n/official_hark_outputs/fileid_78/hark_fileid_78_mic_fileid_78_doa78_3spk',0,6.821696021999742,/mnt/d/邵鹏远/UCL/博1/code/audition_pipeline/ablation_study/baseline/results/HARK_n/official_hark_logs/hark_fileid_78.stdout.log,/mnt/d/邵鹏远/UCL/博1/code/audition_pipeline/ablation_study/baseline/results/HARK_n/official_hark_logs/hark_fileid_78.stderr.log,3
79,/mnt/d/邵鹏远/UCL/博1/code/audition_pipeline/data/dataset_4mic_3spk/Eval/mic/mic_fileid_79_doa98_3spk.wav,/mnt/d/邵鹏远/UCL/博1/code/audition_pipeline/ablation_study/baseline/results/HARK_n/official_hark_outputs/fileid_79,/mnt/d/邵鹏远/UCL/博1/code/audition_pipeline/ablation_study/baseline/results/HARK_n/official_hark_outputs/fileid_79/hark_fileid_79_mic_fileid_79_doa98_3spk,batchflow '/mnt/d/邵鹏远/UCL/博1/code/audition_pipeline/ablation_study/baseline/results/HARK_n/official_hark_outputs/fileid_79/runtime_fileid_79.n' '/mnt/d/邵鹏远/UCL/博1/code/audition_pipeline/data/dataset_4mic_3spk/Eval/mic/mic_fileid_79_doa98_3spk.wav' '/mnt/d/邵鹏远/UCL/博1/code/audition_pipeline/ablation_study/baseline/results/HARK_n/official_hark_outputs/fileid_79/hark_fileid_79_mic_fileid_79_doa98_3spk',0,6.3591856939992795,/mnt/d/邵鹏远/UCL/博1/code/audition_pipeline/ablation_study/baseline/results/HARK_n/official_hark_logs/hark_fileid_79.stdout.log,/mnt/d/邵鹏远/UCL/博1/code/audition_pipeline/ablation_study/baseline/results/HARK_n/official_hark_logs/hark_fileid_79.stderr.log,3
80,/mnt/d/邵鹏远/UCL/博1/code/audition_pipeline/data/dataset_4mic_3spk/Eval/mic/mic_fileid_80_doa69_3spk.wav,/mnt/d/邵鹏远/UCL/博1/code/audition_pipeline/ablation_study/baseline/results/HARK_n/official_hark_outputs/fileid_80,/mnt/d/邵鹏远/UCL/博1/code/audition_pipeline/ablation_study/baseline/results/HARK_n/official_hark_outputs/fileid_80/hark_fileid_80_mic_fileid_80_doa69_3spk,batchflow '/mnt/d/邵鹏远/UCL/博1/code/audition_pipeline/ablation_study/baseline/results/HARK_n/official_hark_outputs/fileid_80/runtime_fileid_80.n' '/mnt/d/邵鹏远/UCL/博1/code/audition_pipeline/data/dataset_4mic_3spk/Eval/mic/mic_fileid_80_doa69_3spk.wav' '/mnt/d/邵鹏远/UCL/博1/code/audition_pipeline/ablation_study/baseline/results/HARK_n/official_hark_outputs/fileid_80/hark_fileid_80_mic_fileid_80_doa69_3spk',0,6.873566279000443,/mnt/d/邵鹏远/UCL/博1/code/audition_pipeline/ablation_study/baseline/results/HARK_n/official_hark_logs/hark_fileid_80.stdout.log,/mnt/d/邵鹏远/UCL/博1/code/audition_pipeline/ablation_study/baseline/results/HARK_n/official_hark_logs/hark_fileid_80.stderr.log,3
81,/mnt/d/邵鹏远/UCL/博1/code/audition_pipeline/data/dataset_4mic_3spk/Eval/mic/mic_fileid_81_doa77_3spk.wav,/mnt/d/邵鹏远/UCL/博1/code/audition_pipeline/ablation_study/baseline/results/HARK_n/official_hark_outputs/fileid_81,/mnt/d/邵鹏远/UCL/博1/code/audition_pipeline/ablation_study/baseline/results/HARK_n/official_hark_outputs/fileid_81/hark_fileid_81_mic_fileid_81_doa77_3spk,batchflow '/mnt/d/邵鹏远/UCL/博1/code/audition_pipeline/ablation_study/baseline/results/HARK_n/official_hark_outputs/fileid_81/runtime_fileid_81.n' '/mnt/d/邵鹏远/UCL/博1/code/audition_pipeline/data/dataset_4mic_3spk/Eval/mic/mic_fileid_81_doa77_3spk.wav' '/mnt/d/邵鹏远/UCL/博1/code/audition_pipeline/ablation_study/baseline/results/HARK_n/official_hark_outputs/fileid_81/hark_fileid_81_mic_fileid_81_doa77_3spk',0,5.925352604000182,/mnt/d/邵鹏远/UCL/博1/code/audition_pipeline/ablation_study/baseline/results/HARK_n/official_hark_logs/hark_fileid_81.stdout.log,/mnt/d/邵鹏远/UCL/博1/code/audition_pipeline/ablation_study/baseline/results/HARK_n/official_hark_logs/hark_fileid_81.stderr.log,3
82,/mnt/d/邵鹏远/UCL/博1/code/audition_pipeline/data/dataset_4mic_3spk/Eval/mic/mic_fileid_82_doa185_3spk.wav,/mnt/d/邵鹏远/UCL/博1/code/audition_pipeline/ablation_study/baseline/results/HARK_n/official_hark_outputs/fileid_82,/mnt/d/邵鹏远/UCL/博1/code/audition_pipeline/ablation_study/baseline/results/HARK_n/official_hark_outputs/fileid_82/hark_fileid_82_mic_fileid_82_doa185_3spk,batchflow '/mnt/d/邵鹏远/UCL/博1/code/audition_pipeline/ablation_study/baseline/results/HARK_n/official_hark_outputs/fileid_82/runtime_fileid_82.n' '/mnt/d/邵鹏远/UCL/博1/code/audition_pipeline/data/dataset_4mic_3spk/Eval/mic/mic_fileid_82_doa185_3spk.wav' '/mnt/d/邵鹏远/UCL/博1/code/audition_pipeline/ablation_study/baseline/results/HARK_n/official_hark_outputs/fileid_82/hark_fileid_82_mic_fileid_82_doa185_3spk',0,6.472075556999698,/mnt/d/邵鹏远/UCL/博1/code/audition_pipeline/ablation_study/baseline/results/HARK_n/official_hark_logs/hark_fileid_82.stdout.log,/mnt/d/邵鹏远/UCL/博1/code/audition_pipeline/ablation_study/baseline/results/HARK_n/official_hark_logs/hark_fileid_82.stderr.log,4
83,/mnt/d/邵鹏远/UCL/博1/code/audition_pipeline/data/dataset_4mic_3spk/Eval/mic/mic_fileid_83_doa43_3spk.wav,/mnt/d/邵鹏远/UCL/博1/code/audition_pipeline/ablation_study/baseline/results/HARK_n/official_hark_outputs/fileid_83,/mnt/d/邵鹏远/UCL/博1/code/audition_pipeline/ablation_study/baseline/results/HARK_n/official_hark_outputs/fileid_83/hark_fileid_83_mic_fileid_83_doa43_3spk,batchflow '/mnt/d/邵鹏远/UCL/博1/code/audition_pipeline/ablation_study/baseline/results/HARK_n/official_hark_outputs/fileid_83/runtime_fileid_83.n' '/mnt/d/邵鹏远/UCL/博1/code/audition_pipeline/data/dataset_4mic_3spk/Eval/mic/mic_fileid_83_doa43_3spk.wav' '/mnt/d/邵鹏远/UCL/博1/code/audition_pipeline/ablation_study/baseline/results/HARK_n/official_hark_outputs/fileid_83/hark_fileid_83_mic_fileid_83_doa43_3spk',0,7.256742567000401,/mnt/d/邵鹏远/UCL/博1/code/audition_pipeline/ablation_study/baseline/results/HARK_n/official_hark_logs/hark_fileid_83.stdout.log,/mnt/d/邵鹏远/UCL/博1/code/audition_pipeline/ablation_study/baseline/results/HARK_n/official_hark_logs/hark_fileid_83.stderr.log,6
84,/mnt/d/邵鹏远/UCL/博1/code/audition_pipeline/data/dataset_4mic_3spk/Eval/mic/mic_fileid_84_doa2_3spk.wav,/mnt/d/邵鹏远/UCL/博1/code/audition_pipeline/ablation_study/baseline/results/HARK_n/official_hark_outputs/fileid_84,/mnt/d/邵鹏远/UCL/博1/code/audition_pipeline/ablation_study/baseline/results/HARK_n/official_hark_outputs/fileid_84/hark_fileid_84_mic_fileid_84_doa2_3spk,batchflow '/mnt/d/邵鹏远/UCL/博1/code/audition_pipeline/ablation_study/baseline/results/HARK_n/official_hark_outputs/fileid_84/runtime_fileid_84.n' '/mnt/d/邵鹏远/UCL/博1/code/audition_pipeline/data/dataset_4mic_3spk/Eval/mic/mic_fileid_84_doa2_3spk.wav' '/mnt/d/邵鹏远/UCL/博1/code/audition_pipeline/ablation_study/baseline/results/HARK_n/official_hark_outputs/fileid_84/hark_fileid_84_mic_fileid_84_doa2_3spk',0,7.05821151300006,/mnt/d/邵鹏远/UCL/博1/code/audition_pipeline/ablation_study/baseline/results/HARK_n/official_hark_logs/hark_fileid_84.stdout.log,/mnt/d/邵鹏远/UCL/博1/code/audition_pipeline/ablation_study/baseline/results/HARK_n/official_hark_logs/hark_fileid_84.stderr.log,4
85,/mnt/d/邵鹏远/UCL/博1/code/audition_pipeline/data/dataset_4mic_3spk/Eval/mic/mic_fileid_85_doa23_3spk.wav,/mnt/d/邵鹏远/UCL/博1/code/audition_pipeline/ablation_study/baseline/results/HARK_n/official_hark_outputs/fileid_85,/mnt/d/邵鹏远/UCL/博1/code/audition_pipeline/ablation_study/baseline/results/HARK_n/official_hark_outputs/fileid_85/hark_fileid_85_mic_fileid_85_doa23_3spk,batchflow '/mnt/d/邵鹏远/UCL/博1/code/audition_pipeline/ablation_study/baseline/results/HARK_n/official_hark_outputs/fileid_85/runtime_fileid_85.n' '/mnt/d/邵鹏远/UCL/博1/code/audition_pipeline/data/dataset_4mic_3spk/Eval/mic/mic_fileid_85_doa23_3spk.wav' '/mnt/d/邵鹏远/UCL/博1/code/audition_pipeline/ablation_study/baseline/results/HARK_n/official_hark_outputs/fileid_85/hark_fileid_85_mic_fileid_85_doa23_3spk',0,7.036998904999564,/mnt/d/邵鹏远/UCL/博1/code/audition_pipeline/ablation_study/baseline/results/HARK_n/official_hark_logs/hark_fileid_85.stdout.log,/mnt/d/邵鹏远/UCL/博1/code/audition_pipeline/ablation_study/baseline/results/HARK_n/official_hark_logs/hark_fileid_85.stderr.log,6
86,/mnt/d/邵鹏远/UCL/博1/code/audition_pipeline/data/dataset_4mic_3spk/Eval/mic/mic_fileid_86_doa84_3spk.wav,/mnt/d/邵鹏远/UCL/博1/code/audition_pipeline/ablation_study/baseline/results/HARK_n/official_hark_outputs/fileid_86,/mnt/d/邵鹏远/UCL/博1/code/audition_pipeline/ablation_study/baseline/results/HARK_n/official_hark_outputs/fileid_86/hark_fileid_86_mic_fileid_86_doa84_3spk,batchflow '/mnt/d/邵鹏远/UCL/博1/code/audition_pipeline/ablation_study/baseline/results/HARK_n/official_hark_outputs/fileid_86/runtime_fileid_86.n' '/mnt/d/邵鹏远/UCL/博1/code/audition_pipeline/data/dataset_4mic_3spk/Eval/mic/mic_fileid_86_doa84_3spk.wav' '/mnt/d/邵鹏远/UCL/博1/code/audition_pipeline/ablation_study/baseline/results/HARK_n/official_hark_outputs/fileid_86/hark_fileid_86_mic_fileid_86_doa84_3spk',0,6.6665999369997735,/mnt/d/邵鹏远/UCL/博1/code/audition_pipeline/ablation_study/baseline/results/HARK_n/official_hark_logs/hark_fileid_86.stdout.log,/mnt/d/邵鹏远/UCL/博1/code/audition_pipeline/ablation_study/baseline/results/HARK_n/official_hark_logs/hark_fileid_86.stderr.log,4
87,/mnt/d/邵鹏远/UCL/博1/code/audition_pipeline/data/dataset_4mic_3spk/Eval/mic/mic_fileid_87_doa124_3spk.wav,/mnt/d/邵鹏远/UCL/博1/code/audition_pipeline/ablation_study/baseline/results/HARK_n/official_hark_outputs/fileid_87,/mnt/d/邵鹏远/UCL/博1/code/audition_pipeline/ablation_study/baseline/results/HARK_n/official_hark_outputs/fileid_87/hark_fileid_87_mic_fileid_87_doa124_3spk,batchflow '/mnt/d/邵鹏远/UCL/博1/code/audition_pipeline/ablation_study/baseline/results/HARK_n/official_hark_outputs/fileid_87/runtime_fileid_87.n' '/mnt/d/邵鹏远/UCL/博1/code/audition_pipeline/data/dataset_4mic_3spk/Eval/mic/mic_fileid_87_doa124_3spk.wav' '/mnt/d/邵鹏远/UCL/博1/code/audition_pipeline/ablation_study/baseline/results/HARK_n/official_hark_outputs/fileid_87/hark_fileid_87_mic_fileid_87_doa124_3spk',0,7.255674195000211,/mnt/d/邵鹏远/UCL/博1/code/audition_pipeline/ablation_study/baseline/results/HARK_n/official_hark_logs/hark_fileid_87.stdout.log,/mnt/d/邵鹏远/UCL/博1/code/audition_pipeline/ablation_study/baseline/results/HARK_n/official_hark_logs/hark_fileid_87.stderr.log,5
88,/mnt/d/邵鹏远/UCL/博1/code/audition_pipeline/data/dataset_4mic_3spk/Eval/mic/mic_fileid_88_doa31_3spk.wav,/mnt/d/邵鹏远/UCL/博1/code/audition_pipeline/ablation_study/baseline/results/HARK_n/official_hark_outputs/fileid_88,/mnt/d/邵鹏远/UCL/博1/code/audition_pipeline/ablation_study/baseline/results/HARK_n/official_hark_outputs/fileid_88/hark_fileid_88_mic_fileid_88_doa31_3spk,batchflow '/mnt/d/邵鹏远/UCL/博1/code/audition_pipeline/ablation_study/baseline/results/HARK_n/official_hark_outputs/fileid_88/runtime_fileid_88.n' '/mnt/d/邵鹏远/UCL/博1/code/audition_pipeline/data/dataset_4mic_3spk/Eval/mic/mic_fileid_88_doa31_3spk.wav' '/mnt/d/邵鹏远/UCL/博1/code/audition_pipeline/ablation_study/baseline/results/HARK_n/official_hark_outputs/fileid_88/hark_fileid_88_mic_fileid_88_doa31_3spk',0,6.296469971000079,/mnt/d/邵鹏远/UCL/博1/code/audition_pipeline/ablation_study/baseline/results/HARK_n/official_hark_logs/hark_fileid_88.stdout.log,/mnt/d/邵鹏远/UCL/博1/code/audition_pipeline/ablation_study/baseline/results/HARK_n/official_hark_logs/hark_fileid_88.stderr.log,3
89,/mnt/d/邵鹏远/UCL/博1/code/audition_pipeline/data/dataset_4mic_3spk/Eval/mic/mic_fileid_89_doa150_3spk.wav,/mnt/d/邵鹏远/UCL/博1/code/audition_pipeline/ablation_study/baseline/results/HARK_n/official_hark_outputs/fileid_89,/mnt/d/邵鹏远/UCL/博1/code/audition_pipeline/ablation_study/baseline/results/HARK_n/official_hark_outputs/fileid_89/hark_fileid_89_mic_fileid_89_doa150_3spk,batchflow '/mnt/d/邵鹏远/UCL/博1/code/audition_pipeline/ablation_study/baseline/results/HARK_n/official_hark_outputs/fileid_89/runtime_fileid_89.n' '/mnt/d/邵鹏远/UCL/博1/code/audition_pipeline/data/dataset_4mic_3spk/Eval/mic/mic_fileid_89_doa150_3spk.wav' '/mnt/d/邵鹏远/UCL/博1/code/audition_pipeline/ablation_study/baseline/results/HARK_n/official_hark_outputs/fileid_89/hark_fileid_89_mic_fileid_89_doa150_3spk',0,6.888377730000684,/mnt/d/邵鹏远/UCL/博1/code/audition_pipeline/ablation_study/baseline/results/HARK_n/official_hark_logs/hark_fileid_89.stdout.log,/mnt/d/邵鹏远/UCL/博1/code/audition_pipeline/ablation_study/baseline/results/HARK_n/official_hark_logs/hark_fileid_89.stderr.log,3
90,/mnt/d/邵鹏远/UCL/博1/code/audition_pipeline/data/dataset_4mic_3spk/Eval/mic/mic_fileid_90_doa49_3spk.wav,/mnt/d/邵鹏远/UCL/博1/code/audition_pipeline/ablation_study/baseline/results/HARK_n/official_hark_outputs/fileid_90,/mnt/d/邵鹏远/UCL/博1/code/audition_pipeline/ablation_study/baseline/results/HARK_n/official_hark_outputs/fileid_90/hark_fileid_90_mic_fileid_90_doa49_3spk,batchflow '/mnt/d/邵鹏远/UCL/博1/code/audition_pipeline/ablation_study/baseline/results/HARK_n/official_hark_outputs/fileid_90/runtime_fileid_90.n' '/mnt/d/邵鹏远/UCL/博1/code/audition_pipeline/data/dataset_4mic_3spk/Eval/mic/mic_fileid_90_doa49_3spk.wav' '/mnt/d/邵鹏远/UCL/博1/code/audition_pipeline/ablation_study/baseline/results/HARK_n/official_hark_outputs/fileid_90/hark_fileid_90_mic_fileid_90_doa49_3spk',0,7.216796357000021,/mnt/d/邵鹏远/UCL/博1/code/audition_pipeline/ablation_study/baseline/results/HARK_n/official_hark_logs/hark_fileid_90.stdout.log,/mnt/d/邵鹏远/UCL/博1/code/audition_pipeline/ablation_study/baseline/results/HARK_n/official_hark_logs/hark_fileid_90.stderr.log,6
91,/mnt/d/邵鹏远/UCL/博1/code/audition_pipeline/data/dataset_4mic_3spk/Eval/mic/mic_fileid_91_doa65_3spk.wav,/mnt/d/邵鹏远/UCL/博1/code/audition_pipeline/ablation_study/baseline/results/HARK_n/official_hark_outputs/fileid_91,/mnt/d/邵鹏远/UCL/博1/code/audition_pipeline/ablation_study/baseline/results/HARK_n/official_hark_outputs/fileid_91/hark_fileid_91_mic_fileid_91_doa65_3spk,batchflow '/mnt/d/邵鹏远/UCL/博1/code/audition_pipeline/ablation_study/baseline/results/HARK_n/official_hark_outputs/fileid_91/runtime_fileid_91.n' '/mnt/d/邵鹏远/UCL/博1/code/audition_pipeline/data/dataset_4mic_3spk/Eval/mic/mic_fileid_91_doa65_3spk.wav' '/mnt/d/邵鹏远/UCL/博1/code/audition_pipeline/ablation_study/baseline/results/HARK_n/official_hark_outputs/fileid_91/hark_fileid_91_mic_fileid_91_doa65_3spk',0,5.6247271649999675,/mnt/d/邵鹏远/UCL/博1/code/audition_pipeline/ablation_study/baseline/results/HARK_n/official_hark_logs/hark_fileid_91.stdout.log,/mnt/d/邵鹏远/UCL/博1/code/audition_pipeline/ablation_study/baseline/results/HARK_n/official_hark_logs/hark_fileid_91.stderr.log,5
92,/mnt/d/邵鹏远/UCL/博1/code/audition_pipeline/data/dataset_4mic_3spk/Eval/mic/mic_fileid_92_doa79_3spk.wav,/mnt/d/邵鹏远/UCL/博1/code/audition_pipeline/ablation_study/baseline/results/HARK_n/official_hark_outputs/fileid_92,/mnt/d/邵鹏远/UCL/博1/code/audition_pipeline/ablation_study/baseline/results/HARK_n/official_hark_outputs/fileid_92/hark_fileid_92_mic_fileid_92_doa79_3spk,batchflow '/mnt/d/邵鹏远/UCL/博1/code/audition_pipeline/ablation_study/baseline/results/HARK_n/official_hark_outputs/fileid_92/runtime_fileid_92.n' '/mnt/d/邵鹏远/UCL/博1/code/audition_pipeline/data/dataset_4mic_3spk/Eval/mic/mic_fileid_92_doa79_3spk.wav' '/mnt/d/邵鹏远/UCL/博1/code/audition_pipeline/ablation_study/baseline/results/HARK_n/official_hark_outputs/fileid_92/hark_fileid_92_mic_fileid_92_doa79_3spk',0,6.904222268000012,/mnt/d/邵鹏远/UCL/博1/code/audition_pipeline/ablation_study/baseline/results/HARK_n/official_hark_logs/hark_fileid_92.stdout.log,/mnt/d/邵鹏远/UCL/博1/code/audition_pipeline/ablation_study/baseline/results/HARK_n/official_hark_logs/hark_fileid_92.stderr.log,3
93,/mnt/d/邵鹏远/UCL/博1/code/audition_pipeline/data/dataset_4mic_3spk/Eval/mic/mic_fileid_93_doa3_3spk.wav,/mnt/d/邵鹏远/UCL/博1/code/audition_pipeline/ablation_study/baseline/results/HARK_n/official_hark_outputs/fileid_93,/mnt/d/邵鹏远/UCL/博1/code/audition_pipeline/ablation_study/baseline/results/HARK_n/official_hark_outputs/fileid_93/hark_fileid_93_mic_fileid_93_doa3_3spk,batchflow '/mnt/d/邵鹏远/UCL/博1/code/audition_pipeline/ablation_study/baseline/results/HARK_n/official_hark_outputs/fileid_93/runtime_fileid_93.n' '/mnt/d/邵鹏远/UCL/博1/code/audition_pipeline/data/dataset_4mic_3spk/Eval/mic/mic_fileid_93_doa3_3spk.wav' '/mnt/d/邵鹏远/UCL/博1/code/audition_pipeline/ablation_study/baseline/results/HARK_n/official_hark_outputs/fileid_93/hark_fileid_93_mic_fileid_93_doa3_3spk',0,7.550359679999929,/mnt/d/邵鹏远/UCL/博1/code/audition_pipeline/ablation_study/baseline/results/HARK_n/official_hark_logs/hark_fileid_93.stdout.log,/mnt/d/邵鹏远/UCL/博1/code/audition_pipeline/ablation_study/baseline/results/HARK_n/official_hark_logs/hark_fileid_93.stderr.log,6
94,/mnt/d/邵鹏远/UCL/博1/code/audition_pipeline/data/dataset_4mic_3spk/Eval/mic/mic_fileid_94_doa101_3spk.wav,/mnt/d/邵鹏远/UCL/博1/code/audition_pipeline/ablation_study/baseline/results/HARK_n/official_hark_outputs/fileid_94,/mnt/d/邵鹏远/UCL/博1/code/audition_pipeline/ablation_study/baseline/results/HARK_n/official_hark_outputs/fileid_94/hark_fileid_94_mic_fileid_94_doa101_3spk,batchflow '/mnt/d/邵鹏远/UCL/博1/code/audition_pipeline/ablation_study/baseline/results/HARK_n/official_hark_outputs/fileid_94/runtime_fileid_94.n' '/mnt/d/邵鹏远/UCL/博1/code/audition_pipeline/data/dataset_4mic_3spk/Eval/mic/mic_fileid_94_doa101_3spk.wav' '/mnt/d/邵鹏远/UCL/博1/code/audition_pipeline/ablation_study/baseline/results/HARK_n/official_hark_outputs/fileid_94/hark_fileid_94_mic_fileid_94_doa101_3spk',0,5.965363960000104,/mnt/d/邵鹏远/UCL/博1/code/audition_pipeline/ablation_study/baseline/results/HARK_n/official_hark_logs/hark_fileid_94.stdout.log,/mnt/d/邵鹏远/UCL/博1/code/audition_pipeline/ablation_study/baseline/results/HARK_n/official_hark_logs/hark_fileid_94.stderr.log,5
95,/mnt/d/邵鹏远/UCL/博1/code/audition_pipeline/data/dataset_4mic_3spk/Eval/mic/mic_fileid_95_doa59_3spk.wav,/mnt/d/邵鹏远/UCL/博1/code/audition_pipeline/ablation_study/baseline/results/HARK_n/official_hark_outputs/fileid_95,/mnt/d/邵鹏远/UCL/博1/code/audition_pipeline/ablation_study/baseline/results/HARK_n/official_hark_outputs/fileid_95/hark_fileid_95_mic_fileid_95_doa59_3spk,batchflow '/mnt/d/邵鹏远/UCL/博1/code/audition_pipeline/ablation_study/baseline/results/HARK_n/official_hark_outputs/fileid_95/runtime_fileid_95.n' '/mnt/d/邵鹏远/UCL/博1/code/audition_pipeline/data/dataset_4mic_3spk/Eval/mic/mic_fileid_95_doa59_3spk.wav' '/mnt/d/邵鹏远/UCL/博1/code/audition_pipeline/ablation_study/baseline/results/HARK_n/official_hark_outputs/fileid_95/hark_fileid_95_mic_fileid_95_doa59_3spk',0,6.589101444999869,/mnt/d/邵鹏远/UCL/博1/code/audition_pipeline/ablation_study/baseline/results/HARK_n/official_hark_logs/hark_fileid_95.stdout.log,/mnt/d/邵鹏远/UCL/博1/code/audition_pipeline/ablation_study/baseline/results/HARK_n/official_hark_logs/hark_fileid_95.stderr.log,4
96,/mnt/d/邵鹏远/UCL/博1/code/audition_pipeline/data/dataset_4mic_3spk/Eval/mic/mic_fileid_96_doa99_3spk.wav,/mnt/d/邵鹏远/UCL/博1/code/audition_pipeline/ablation_study/baseline/results/HARK_n/official_hark_outputs/fileid_96,/mnt/d/邵鹏远/UCL/博1/code/audition_pipeline/ablation_study/baseline/results/HARK_n/official_hark_outputs/fileid_96/hark_fileid_96_mic_fileid_96_doa99_3spk,batchflow '/mnt/d/邵鹏远/UCL/博1/code/audition_pipeline/ablation_study/baseline/results/HARK_n/official_hark_outputs/fileid_96/runtime_fileid_96.n' '/mnt/d/邵鹏远/UCL/博1/code/audition_pipeline/data/dataset_4mic_3spk/Eval/mic/mic_fileid_96_doa99_3spk.wav' '/mnt/d/邵鹏远/UCL/博1/code/audition_pipeline/ablation_study/baseline/results/HARK_n/official_hark_outputs/fileid_96/hark_fileid_96_mic_fileid_96_doa99_3spk',0,6.979388564000146,/mnt/d/邵鹏远/UCL/博1/code/audition_pipeline/ablation_study/baseline/results/HARK_n/official_hark_logs/hark_fileid_96.stdout.log,/mnt/d/邵鹏远/UCL/博1/code/audition_pipeline/ablation_study/baseline/results/HARK_n/official_hark_logs/hark_fileid_96.stderr.log,4
97,/mnt/d/邵鹏远/UCL/博1/code/audition_pipeline/data/dataset_4mic_3spk/Eval/mic/mic_fileid_97_doa115_3spk.wav,/mnt/d/邵鹏远/UCL/博1/code/audition_pipeline/ablation_study/baseline/results/HARK_n/official_hark_outputs/fileid_97,/mnt/d/邵鹏远/UCL/博1/code/audition_pipeline/ablation_study/baseline/results/HARK_n/official_hark_outputs/fileid_97/hark_fileid_97_mic_fileid_97_doa115_3spk,batchflow '/mnt/d/邵鹏远/UCL/博1/code/audition_pipeline/ablation_study/baseline/results/HARK_n/official_hark_outputs/fileid_97/runtime_fileid_97.n' '/mnt/d/邵鹏远/UCL/博1/code/audition_pipeline/data/dataset_4mic_3spk/Eval/mic/mic_fileid_97_doa115_3spk.wav' '/mnt/d/邵鹏远/UCL/博1/code/audition_pipeline/ablation_study/baseline/results/HARK_n/official_hark_outputs/fileid_97/hark_fileid_97_mic_fileid_97_doa115_3spk',0,6.815027044999624,/mnt/d/邵鹏远/UCL/博1/code/audition_pipeline/ablation_study/baseline/results/HARK_n/official_hark_logs/hark_fileid_97.stdout.log,/mnt/d/邵鹏远/UCL/博1/code/audition_pipeline/ablation_study/baseline/results/HARK_n/official_hark_logs/hark_fileid_97.stderr.log,7
98,/mnt/d/邵鹏远/UCL/博1/code/audition_pipeline/data/dataset_4mic_3spk/Eval/mic/mic_fileid_98_doa46_3spk.wav,/mnt/d/邵鹏远/UCL/博1/code/audition_pipeline/ablation_study/baseline/results/HARK_n/official_hark_outputs/fileid_98,/mnt/d/邵鹏远/UCL/博1/code/audition_pipeline/ablation_study/baseline/results/HARK_n/official_hark_outputs/fileid_98/hark_fileid_98_mic_fileid_98_doa46_3spk,batchflow '/mnt/d/邵鹏远/UCL/博1/code/audition_pipeline/ablation_study/baseline/results/HARK_n/official_hark_outputs/fileid_98/runtime_fileid_98.n' '/mnt/d/邵鹏远/UCL/博1/code/audition_pipeline/data/dataset_4mic_3spk/Eval/mic/mic_fileid_98_doa46_3spk.wav' '/mnt/d/邵鹏远/UCL/博1/code/audition_pipeline/ablation_study/baseline/results/HARK_n/official_hark_outputs/fileid_98/hark_fileid_98_mic_fileid_98_doa46_3spk',0,6.476634163999734,/mnt/d/邵鹏远/UCL/博1/code/audition_pipeline/ablation_study/baseline/results/HARK_n/official_hark_logs/hark_fileid_98.stdout.log,/mnt/d/邵鹏远/UCL/博1/code/audition_pipeline/ablation_study/baseline/results/HARK_n/official_hark_logs/hark_fileid_98.stderr.log,3
99,/mnt/d/邵鹏远/UCL/博1/code/audition_pipeline/data/dataset_4mic_3spk/Eval/mic/mic_fileid_99_doa33_3spk.wav,/mnt/d/邵鹏远/UCL/博1/code/audition_pipeline/ablation_study/baseline/results/HARK_n/official_hark_outputs/fileid_99,/mnt/d/邵鹏远/UCL/博1/code/audition_pipeline/ablation_study/baseline/results/HARK_n/official_hark_outputs/fileid_99/hark_fileid_99_mic_fileid_99_doa33_3spk,batchflow '/mnt/d/邵鹏远/UCL/博1/code/audition_pipeline/ablation_study/baseline/results/HARK_n/official_hark_outputs/fileid_99/runtime_fileid_99.n' '/mnt/d/邵鹏远/UCL/博1/code/audition_pipeline/data/dataset_4mic_3spk/Eval/mic/mic_fileid_99_doa33_3spk.wav' '/mnt/d/邵鹏远/UCL/博1/code/audition_pipeline/ablation_study/baseline/results/HARK_n/official_hark_outputs/fileid_99/hark_fileid_99_mic_fileid_99_doa33_3spk',0,7.002728206000029,/mnt/d/邵鹏远/UCL/博1/code/audition_pipeline/ablation_study/baseline/results/HARK_n/official_hark_logs/hark_fileid_99.stdout.log,/mnt/d/邵鹏远/UCL/博1/code/audition_pipeline/ablation_study/baseline/results/HARK_n/official_hark_logs/hark_fileid_99.stderr.log,5
100,/mnt/d/邵鹏远/UCL/博1/code/audition_pipeline/data/dataset_4mic_3spk/Eval/mic/mic_fileid_100_doa58_3spk.wav,/mnt/d/邵鹏远/UCL/博1/code/audition_pipeline/ablation_study/baseline/results/HARK_n/official_hark_outputs/fileid_100,/mnt/d/邵鹏远/UCL/博1/code/audition_pipeline/ablation_study/baseline/results/HARK_n/official_hark_outputs/fileid_100/hark_fileid_100_mic_fileid_100_doa58_3spk,batchflow '/mnt/d/邵鹏远/UCL/博1/code/audition_pipeline/ablation_study/baseline/results/HARK_n/official_hark_outputs/fileid_100/runtime_fileid_100.n' '/mnt/d/邵鹏远/UCL/博1/code/audition_pipeline/data/dataset_4mic_3spk/Eval/mic/mic_fileid_100_doa58_3spk.wav' '/mnt/d/邵鹏远/UCL/博1/code/audition_pipeline/ablation_study/baseline/results/HARK_n/official_hark_outputs/fileid_100/hark_fileid_100_mic_fileid_100_doa58_3spk',0,6.263480390000041,/mnt/d/邵鹏远/UCL/博1/code/audition_pipeline/ablation_study/baseline/results/HARK_n/official_hark_logs/hark_fileid_100.stdout.log,/mnt/d/邵鹏远/UCL/博1/code/audition_pipeline/ablation_study/baseline/results/HARK_n/official_hark_logs/hark_fileid_100.stderr.log,5
101,/mnt/d/邵鹏远/UCL/博1/code/audition_pipeline/data/dataset_4mic_3spk/Eval/mic/mic_fileid_101_doa238_3spk.wav,/mnt/d/邵鹏远/UCL/博1/code/audition_pipeline/ablation_study/baseline/results/HARK_n/official_hark_outputs/fileid_101,/mnt/d/邵鹏远/UCL/博1/code/audition_pipeline/ablation_study/baseline/results/HARK_n/official_hark_outputs/fileid_101/hark_fileid_101_mic_fileid_101_doa238_3spk,batchflow '/mnt/d/邵鹏远/UCL/博1/code/audition_pipeline/ablation_study/baseline/results/HARK_n/official_hark_outputs/fileid_101/runtime_fileid_101.n' '/mnt/d/邵鹏远/UCL/博1/code/audition_pipeline/data/dataset_4mic_3spk/Eval/mic/mic_fileid_101_doa238_3spk.wav' '/mnt/d/邵鹏远/UCL/博1/code/audition_pipeline/ablation_study/baseline/results/HARK_n/official_hark_outputs/fileid_101/hark_fileid_101_mic_fileid_101_doa238_3spk',0,6.641381940999963,/mnt/d/邵鹏远/UCL/博1/code/audition_pipeline/ablation_study/baseline/results/HARK_n/official_hark_logs/hark_fileid_101.stdout.log,/mnt/d/邵鹏远/UCL/博1/code/audition_pipeline/ablation_study/baseline/results/HARK_n/official_hark_logs/hark_fileid_101.stderr.log,5
102,/mnt/d/邵鹏远/UCL/博1/code/audition_pipeline/data/dataset_4mic_3spk/Eval/mic/mic_fileid_102_doa204_3spk.wav,/mnt/d/邵鹏远/UCL/博1/code/audition_pipeline/ablation_study/baseline/results/HARK_n/official_hark_outputs/fileid_102,/mnt/d/邵鹏远/UCL/博1/code/audition_pipeline/ablation_study/baseline/results/HARK_n/official_hark_outputs/fileid_102/hark_fileid_102_mic_fileid_102_doa204_3spk,batchflow '/mnt/d/邵鹏远/UCL/博1/code/audition_pipeline/ablation_study/baseline/results/HARK_n/official_hark_outputs/fileid_102/runtime_fileid_102.n' '/mnt/d/邵鹏远/UCL/博1/code/audition_pipeline/data/dataset_4mic_3spk/Eval/mic/mic_fileid_102_doa204_3spk.wav' '/mnt/d/邵鹏远/UCL/博1/code/audition_pipeline/ablation_study/baseline/results/HARK_n/official_hark_outputs/fileid_102/hark_fileid_102_mic_fileid_102_doa204_3spk',0,6.824473303999184,/mnt/d/邵鹏远/UCL/博1/code/audition_pipeline/ablation_study/baseline/results/HARK_n/official_hark_logs/hark_fileid_102.stdout.log,/mnt/d/邵鹏远/UCL/博1/code/audition_pipeline/ablation_study/baseline/results/HARK_n/official_hark_logs/hark_fileid_102.stderr.log,3
103,/mnt/d/邵鹏远/UCL/博1/code/audition_pipeline/data/dataset_4mic_3spk/Eval/mic/mic_fileid_103_doa27_3spk.wav,/mnt/d/邵鹏远/UCL/博1/code/audition_pipeline/ablation_study/baseline/results/HARK_n/official_hark_outputs/fileid_103,/mnt/d/邵鹏远/UCL/博1/code/audition_pipeline/ablation_study/baseline/results/HARK_n/official_hark_outputs/fileid_103/hark_fileid_103_mic_fileid_103_doa27_3spk,batchflow '/mnt/d/邵鹏远/UCL/博1/code/audition_pipeline/ablation_study/baseline/results/HARK_n/official_hark_outputs/fileid_103/runtime_fileid_103.n' '/mnt/d/邵鹏远/UCL/博1/code/audition_pipeline/data/dataset_4mic_3spk/Eval/mic/mic_fileid_103_doa27_3spk.wav' '/mnt/d/邵鹏远/UCL/博1/code/audition_pipeline/ablation_study/baseline/results/HARK_n/official_hark_outputs/fileid_103/hark_fileid_103_mic_fileid_103_doa27_3spk',0,6.389515507999931,/mnt/d/邵鹏远/UCL/博1/code/audition_pipeline/ablation_study/baseline/results/HARK_n/official_hark_logs/hark_fileid_103.stdout.log,/mnt/d/邵鹏远/UCL/博1/code/audition_pipeline/ablation_study/baseline/results/HARK_n/official_hark_logs/hark_fileid_103.stderr.log,5
104,/mnt/d/邵鹏远/UCL/博1/code/audition_pipeline/data/dataset_4mic_3spk/Eval/mic/mic_fileid_104_doa10_3spk.wav,/mnt/d/邵鹏远/UCL/博1/code/audition_pipeline/ablation_study/baseline/results/HARK_n/official_hark_outputs/fileid_104,/mnt/d/邵鹏远/UCL/博1/code/audition_pipeline/ablation_study/baseline/results/HARK_n/official_hark_outputs/fileid_104/hark_fileid_104_mic_fileid_104_doa10_3spk,batchflow '/mnt/d/邵鹏远/UCL/博1/code/audition_pipeline/ablation_study/baseline/results/HARK_n/official_hark_outputs/fileid_104/runtime_fileid_104.n' '/mnt/d/邵鹏远/UCL/博1/code/audition_pipeline/data/dataset_4mic_3spk/Eval/mic/mic_fileid_104_doa10_3spk.wav' '/mnt/d/邵鹏远/UCL/博1/code/audition_pipeline/ablation_study/baseline/results/HARK_n/official_hark_outputs/fileid_104/hark_fileid_104_mic_fileid_104_doa10_3spk',0,7.052858410999761,/mnt/d/邵鹏远/UCL/博1/code/audition_pipeline/ablation_study/baseline/results/HARK_n/official_hark_logs/hark_fileid_104.stdout.log,/mnt/d/邵鹏远/UCL/博1/code/audition_pipeline/ablation_study/baseline/results/HARK_n/official_hark_logs/hark_fileid_104.stderr.log,5
105,/mnt/d/邵鹏远/UCL/博1/code/audition_pipeline/data/dataset_4mic_3spk/Eval/mic/mic_fileid_105_doa7_3spk.wav,/mnt/d/邵鹏远/UCL/博1/code/audition_pipeline/ablation_study/baseline/results/HARK_n/official_hark_outputs/fileid_105,/mnt/d/邵鹏远/UCL/博1/code/audition_pipeline/ablation_study/baseline/results/HARK_n/official_hark_outputs/fileid_105/hark_fileid_105_mic_fileid_105_doa7_3spk,batchflow '/mnt/d/邵鹏远/UCL/博1/code/audition_pipeline/ablation_study/baseline/results/HARK_n/official_hark_outputs/fileid_105/runtime_fileid_105.n' '/mnt/d/邵鹏远/UCL/博1/code/audition_pipeline/data/dataset_4mic_3spk/Eval/mic/mic_fileid_105_doa7_3spk.wav' '/mnt/d/邵鹏远/UCL/博1/code/audition_pipeline/ablation_study/baseline/results/HARK_n/official_hark_outputs/fileid_105/hark_fileid_105_mic_fileid_105_doa7_3spk',0,6.461070100000143,/mnt/d/邵鹏远/UCL/博1/code/audition_pipeline/ablation_study/baseline/results/HARK_n/official_hark_logs/hark_fileid_105.stdout.log,/mnt/d/邵鹏远/UCL/博1/code/audition_pipeline/ablation_study/baseline/results/HARK_n/official_hark_logs/hark_fileid_105.stderr.log,4
106,/mnt/d/邵鹏远/UCL/博1/code/audition_pipeline/data/dataset_4mic_3spk/Eval/mic/mic_fileid_106_doa79_3spk.wav,/mnt/d/邵鹏远/UCL/博1/code/audition_pipeline/ablation_study/baseline/results/HARK_n/official_hark_outputs/fileid_106,/mnt/d/邵鹏远/UCL/博1/code/audition_pipeline/ablation_study/baseline/results/HARK_n/official_hark_outputs/fileid_106/hark_fileid_106_mic_fileid_106_doa79_3spk,batchflow '/mnt/d/邵鹏远/UCL/博1/code/audition_pipeline/ablation_study/baseline/results/HARK_n/official_hark_outputs/fileid_106/runtime_fileid_106.n' '/mnt/d/邵鹏远/UCL/博1/code/audition_pipeline/data/dataset_4mic_3spk/Eval/mic/mic_fileid_106_doa79_3spk.wav' '/mnt/d/邵鹏远/UCL/博1/code/audition_pipeline/ablation_study/baseline/results/HARK_n/official_hark_outputs/fileid_106/hark_fileid_106_mic_fileid_106_doa79_3spk',0,6.632265530999575,/mnt/d/邵鹏远/UCL/博1/code/audition_pipeline/ablation_study/baseline/results/HARK_n/official_hark_logs/hark_fileid_106.stdout.log,/mnt/d/邵鹏远/UCL/博1/code/audition_pipeline/ablation_study/baseline/results/HARK_n/official_hark_logs/hark_fileid_106.stderr.log,3
107,/mnt/d/邵鹏远/UCL/博1/code/audition_pipeline/data/dataset_4mic_3spk/Eval/mic/mic_fileid_107_doa58_3spk.wav,/mnt/d/邵鹏远/UCL/博1/code/audition_pipeline/ablation_study/baseline/results/HARK_n/official_hark_outputs/fileid_107,/mnt/d/邵鹏远/UCL/博1/code/audition_pipeline/ablation_study/baseline/results/HARK_n/official_hark_outputs/fileid_107/hark_fileid_107_mic_fileid_107_doa58_3spk,batchflow '/mnt/d/邵鹏远/UCL/博1/code/audition_pipeline/ablation_study/baseline/results/HARK_n/official_hark_outputs/fileid_107/runtime_fileid_107.n' '/mnt/d/邵鹏远/UCL/博1/code/audition_pipeline/data/dataset_4mic_3spk/Eval/mic/mic_fileid_107_doa58_3spk.wav' '/mnt/d/邵鹏远/UCL/博1/code/audition_pipeline/ablation_study/baseline/results/HARK_n/official_hark_outputs/fileid_107/hark_fileid_107_mic_fileid_107_doa58_3spk',0,6.271617993999826,/mnt/d/邵鹏远/UCL/博1/code/audition_pipeline/ablation_study/baseline/results/HARK_n/official_hark_logs/hark_fileid_107.stdout.log,/mnt/d/邵鹏远/UCL/博1/code/audition_pipeline/ablation_study/baseline/results/HARK_n/official_hark_logs/hark_fileid_107.stderr.log,6
108,/mnt/d/邵鹏远/UCL/博1/code/audition_pipeline/data/dataset_4mic_3spk/Eval/mic/mic_fileid_108_doa63_3spk.wav,/mnt/d/邵鹏远/UCL/博1/code/audition_pipeline/ablation_study/baseline/results/HARK_n/official_hark_outputs/fileid_108,/mnt/d/邵鹏远/UCL/博1/code/audition_pipeline/ablation_study/baseline/results/HARK_n/official_hark_outputs/fileid_108/hark_fileid_108_mic_fileid_108_doa63_3spk,batchflow '/mnt/d/邵鹏远/UCL/博1/code/audition_pipeline/ablation_study/baseline/results/HARK_n/official_hark_outputs/fileid_108/runtime_fileid_108.n' '/mnt/d/邵鹏远/UCL/博1/code/audition_pipeline/data/dataset_4mic_3spk/Eval/mic/mic_fileid_108_doa63_3spk.wav' '/mnt/d/邵鹏远/UCL/博1/code/audition_pipeline/ablation_study/baseline/results/HARK_n/official_hark_outputs/fileid_108/hark_fileid_108_mic_fileid_108_doa63_3spk',0,6.091420124999786,/mnt/d/邵鹏远/UCL/博1/code/audition_pipeline/ablation_study/baseline/results/HARK_n/official_hark_logs/hark_fileid_108.stdout.log,/mnt/d/邵鹏远/UCL/博1/code/audition_pipeline/ablation_study/baseline/results/HARK_n/official_hark_logs/hark_fileid_108.stderr.log,6
109,/mnt/d/邵鹏远/UCL/博1/code/audition_pipeline/data/dataset_4mic_3spk/Eval/mic/mic_fileid_109_doa236_3spk.wav,/mnt/d/邵鹏远/UCL/博1/code/audition_pipeline/ablation_study/baseline/results/HARK_n/official_hark_outputs/fileid_109,/mnt/d/邵鹏远/UCL/博1/code/audition_pipeline/ablation_study/baseline/results/HARK_n/official_hark_outputs/fileid_109/hark_fileid_109_mic_fileid_109_doa236_3spk,batchflow '/mnt/d/邵鹏远/UCL/博1/code/audition_pipeline/ablation_study/baseline/results/HARK_n/official_hark_outputs/fileid_109/runtime_fileid_109.n' '/mnt/d/邵鹏远/UCL/博1/code/audition_pipeline/data/dataset_4mic_3spk/Eval/mic/mic_fileid_109_doa236_3spk.wav' '/mnt/d/邵鹏远/UCL/博1/code/audition_pipeline/ablation_study/baseline/results/HARK_n/official_hark_outputs/fileid_109/hark_fileid_109_mic_fileid_109_doa236_3spk',0,7.456583371000306,/mnt/d/邵鹏远/UCL/博1/code/audition_pipeline/ablation_study/baseline/results/HARK_n/official_hark_logs/hark_fileid_109.stdout.log,/mnt/d/邵鹏远/UCL/博1/code/audition_pipeline/ablation_study/baseline/results/HARK_n/official_hark_logs/hark_fileid_109.stderr.log,7
110,/mnt/d/邵鹏远/UCL/博1/code/audition_pipeline/data/dataset_4mic_3spk/Eval/mic/mic_fileid_110_doa31_3spk.wav,/mnt/d/邵鹏远/UCL/博1/code/audition_pipeline/ablation_study/baseline/results/HARK_n/official_hark_outputs/fileid_110,/mnt/d/邵鹏远/UCL/博1/code/audition_pipeline/ablation_study/baseline/results/HARK_n/official_hark_outputs/fileid_110/hark_fileid_110_mic_fileid_110_doa31_3spk,batchflow '/mnt/d/邵鹏远/UCL/博1/code/audition_pipeline/ablation_study/baseline/results/HARK_n/official_hark_outputs/fileid_110/runtime_fileid_110.n' '/mnt/d/邵鹏远/UCL/博1/code/audition_pipeline/data/dataset_4mic_3spk/Eval/mic/mic_fileid_110_doa31_3spk.wav' '/mnt/d/邵鹏远/UCL/博1/code/audition_pipeline/ablation_study/baseline/results/HARK_n/official_hark_outputs/fileid_110/hark_fileid_110_mic_fileid_110_doa31_3spk',0,4.641342261999853,/mnt/d/邵鹏远/UCL/博1/code/audition_pipeline/ablation_study/baseline/results/HARK_n/official_hark_logs/hark_fileid_110.stdout.log,/mnt/d/邵鹏远/UCL/博1/code/audition_pipeline/ablation_study/baseline/results/HARK_n/official_hark_logs/hark_fileid_110.stderr.log,5
111,/mnt/d/邵鹏远/UCL/博1/code/audition_pipeline/data/dataset_4mic_3spk/Eval/mic/mic_fileid_111_doa38_3spk.wav,/mnt/d/邵鹏远/UCL/博1/code/audition_pipeline/ablation_study/baseline/results/HARK_n/official_hark_outputs/fileid_111,/mnt/d/邵鹏远/UCL/博1/code/audition_pipeline/ablation_study/baseline/results/HARK_n/official_hark_outputs/fileid_111/hark_fileid_111_mic_fileid_111_doa38_3spk,batchflow '/mnt/d/邵鹏远/UCL/博1/code/audition_pipeline/ablation_study/baseline/results/HARK_n/official_hark_outputs/fileid_111/runtime_fileid_111.n' '/mnt/d/邵鹏远/UCL/博1/code/audition_pipeline/data/dataset_4mic_3spk/Eval/mic/mic_fileid_111_doa38_3spk.wav' '/mnt/d/邵鹏远/UCL/博1/code/audition_pipeline/ablation_study/baseline/results/HARK_n/official_hark_outputs/fileid_111/hark_fileid_111_mic_fileid_111_doa38_3spk',0,8.016230092000114,/mnt/d/邵鹏远/UCL/博1/code/audition_pipeline/ablation_study/baseline/results/HARK_n/official_hark_logs/hark_fileid_111.stdout.log,/mnt/d/邵鹏远/UCL/博1/code/audition_pipeline/ablation_study/baseline/results/HARK_n/official_hark_logs/hark_fileid_111.stderr.log,6
112,/mnt/d/邵鹏远/UCL/博1/code/audition_pipeline/data/dataset_4mic_3spk/Eval/mic/mic_fileid_112_doa172_3spk.wav,/mnt/d/邵鹏远/UCL/博1/code/audition_pipeline/ablation_study/baseline/results/HARK_n/official_hark_outputs/fileid_112,/mnt/d/邵鹏远/UCL/博1/code/audition_pipeline/ablation_study/baseline/results/HARK_n/official_hark_outputs/fileid_112/hark_fileid_112_mic_fileid_112_doa172_3spk,batchflow '/mnt/d/邵鹏远/UCL/博1/code/audition_pipeline/ablation_study/baseline/results/HARK_n/official_hark_outputs/fileid_112/runtime_fileid_112.n' '/mnt/d/邵鹏远/UCL/博1/code/audition_pipeline/data/dataset_4mic_3spk/Eval/mic/mic_fileid_112_doa172_3spk.wav' '/mnt/d/邵鹏远/UCL/博1/code/audition_pipeline/ablation_study/baseline/results/HARK_n/official_hark_outputs/fileid_112/hark_fileid_112_mic_fileid_112_doa172_3spk',0,7.0899978859997645,/mnt/d/邵鹏远/UCL/博1/code/audition_pipeline/ablation_study/baseline/results/HARK_n/official_hark_logs/hark_fileid_112.stdout.log,/mnt/d/邵鹏远/UCL/博1/code/audition_pipeline/ablation_study/baseline/results/HARK_n/official_hark_logs/hark_fileid_112.stderr.log,3
113,/mnt/d/邵鹏远/UCL/博1/code/audition_pipeline/data/dataset_4mic_3spk/Eval/mic/mic_fileid_113_doa12_3spk.wav,/mnt/d/邵鹏远/UCL/博1/code/audition_pipeline/ablation_study/baseline/results/HARK_n/official_hark_outputs/fileid_113,/mnt/d/邵鹏远/UCL/博1/code/audition_pipeline/ablation_study/baseline/results/HARK_n/official_hark_outputs/fileid_113/hark_fileid_113_mic_fileid_113_doa12_3spk,batchflow '/mnt/d/邵鹏远/UCL/博1/code/audition_pipeline/ablation_study/baseline/results/HARK_n/official_hark_outputs/fileid_113/runtime_fileid_113.n' '/mnt/d/邵鹏远/UCL/博1/code/audition_pipeline/data/dataset_4mic_3spk/Eval/mic/mic_fileid_113_doa12_3spk.wav' '/mnt/d/邵鹏远/UCL/博1/code/audition_pipeline/ablation_study/baseline/results/HARK_n/official_hark_outputs/fileid_113/hark_fileid_113_mic_fileid_113_doa12_3spk',0,6.714318308999282,/mnt/d/邵鹏远/UCL/博1/code/audition_pipeline/ablation_study/baseline/results/HARK_n/official_hark_logs/hark_fileid_113.stdout.log,/mnt/d/邵鹏远/UCL/博1/code/audition_pipeline/ablation_study/baseline/results/HARK_n/official_hark_logs/hark_fileid_113.stderr.log,5
114,/mnt/d/邵鹏远/UCL/博1/code/audition_pipeline/data/dataset_4mic_3spk/Eval/mic/mic_fileid_114_doa42_3spk.wav,/mnt/d/邵鹏远/UCL/博1/code/audition_pipeline/ablation_study/baseline/results/HARK_n/official_hark_outputs/fileid_114,/mnt/d/邵鹏远/UCL/博1/code/audition_pipeline/ablation_study/baseline/results/HARK_n/official_hark_outputs/fileid_114/hark_fileid_114_mic_fileid_114_doa42_3spk,batchflow '/mnt/d/邵鹏远/UCL/博1/code/audition_pipeline/ablation_study/baseline/results/HARK_n/official_hark_outputs/fileid_114/runtime_fileid_114.n' '/mnt/d/邵鹏远/UCL/博1/code/audition_pipeline/data/dataset_4mic_3spk/Eval/mic/mic_fileid_114_doa42_3spk.wav' '/mnt/d/邵鹏远/UCL/博1/code/audition_pipeline/ablation_study/baseline/results/HARK_n/official_hark_outputs/fileid_114/hark_fileid_114_mic_fileid_114_doa42_3spk',0,7.1625788500005,/mnt/d/邵鹏远/UCL/博1/code/audition_pipeline/ablation_study/baseline/results/HARK_n/official_hark_logs/hark_fileid_114.stdout.log,/mnt/d/邵鹏远/UCL/博1/code/audition_pipeline/ablation_study/baseline/results/HARK_n/official_hark_logs/hark_fileid_114.stderr.log,6
115,/mnt/d/邵鹏远/UCL/博1/code/audition_pipeline/data/dataset_4mic_3spk/Eval/mic/mic_fileid_115_doa10_3spk.wav,/mnt/d/邵鹏远/UCL/博1/code/audition_pipeline/ablation_study/baseline/results/HARK_n/official_hark_outputs/fileid_115,/mnt/d/邵鹏远/UCL/博1/code/audition_pipeline/ablation_study/baseline/results/HARK_n/official_hark_outputs/fileid_115/hark_fileid_115_mic_fileid_115_doa10_3spk,batchflow '/mnt/d/邵鹏远/UCL/博1/code/audition_pipeline/ablation_study/baseline/results/HARK_n/official_hark_outputs/fileid_115/runtime_fileid_115.n' '/mnt/d/邵鹏远/UCL/博1/code/audition_pipeline/data/dataset_4mic_3spk/Eval/mic/mic_fileid_115_doa10_3spk.wav' '/mnt/d/邵鹏远/UCL/博1/code/audition_pipeline/ablation_study/baseline/results/HARK_n/official_hark_outputs/fileid_115/hark_fileid_115_mic_fileid_115_doa10_3spk',0,6.664809993000745,/mnt/d/邵鹏远/UCL/博1/code/audition_pipeline/ablation_study/baseline/results/HARK_n/official_hark_logs/hark_fileid_115.stdout.log,/mnt/d/邵鹏远/UCL/博1/code/audition_pipeline/ablation_study/baseline/results/HARK_n/official_hark_logs/hark_fileid_115.stderr.log,4
116,/mnt/d/邵鹏远/UCL/博1/code/audition_pipeline/data/dataset_4mic_3spk/Eval/mic/mic_fileid_116_doa41_3spk.wav,/mnt/d/邵鹏远/UCL/博1/code/audition_pipeline/ablation_study/baseline/results/HARK_n/official_hark_outputs/fileid_116,/mnt/d/邵鹏远/UCL/博1/code/audition_pipeline/ablation_study/baseline/results/HARK_n/official_hark_outputs/fileid_116/hark_fileid_116_mic_fileid_116_doa41_3spk,batchflow '/mnt/d/邵鹏远/UCL/博1/code/audition_pipeline/ablation_study/baseline/results/HARK_n/official_hark_outputs/fileid_116/runtime_fileid_116.n' '/mnt/d/邵鹏远/UCL/博1/code/audition_pipeline/data/dataset_4mic_3spk/Eval/mic/mic_fileid_116_doa41_3spk.wav' '/mnt/d/邵鹏远/UCL/博1/code/audition_pipeline/ablation_study/baseline/results/HARK_n/official_hark_outputs/fileid_116/hark_fileid_116_mic_fileid_116_doa41_3spk',0,6.630661729000167,/mnt/d/邵鹏远/UCL/博1/code/audition_pipeline/ablation_study/baseline/results/HARK_n/official_hark_logs/hark_fileid_116.stdout.log,/mnt/d/邵鹏远/UCL/博1/code/audition_pipeline/ablation_study/baseline/results/HARK_n/official_hark_logs/hark_fileid_116.stderr.log,3
117,/mnt/d/邵鹏远/UCL/博1/code/audition_pipeline/data/dataset_4mic_3spk/Eval/mic/mic_fileid_117_doa283_3spk.wav,/mnt/d/邵鹏远/UCL/博1/code/audition_pipeline/ablation_study/baseline/results/HARK_n/official_hark_outputs/fileid_117,/mnt/d/邵鹏远/UCL/博1/code/audition_pipeline/ablation_study/baseline/results/HARK_n/official_hark_outputs/fileid_117/hark_fileid_117_mic_fileid_117_doa283_3spk,batchflow '/mnt/d/邵鹏远/UCL/博1/code/audition_pipeline/ablation_study/baseline/results/HARK_n/official_hark_outputs/fileid_117/runtime_fileid_117.n' '/mnt/d/邵鹏远/UCL/博1/code/audition_pipeline/data/dataset_4mic_3spk/Eval/mic/mic_fileid_117_doa283_3spk.wav' '/mnt/d/邵鹏远/UCL/博1/code/audition_pipeline/ablation_study/baseline/results/HARK_n/official_hark_outputs/fileid_117/hark_fileid_117_mic_fileid_117_doa283_3spk',0,6.366674357999727,/mnt/d/邵鹏远/UCL/博1/code/audition_pipeline/ablation_study/baseline/results/HARK_n/official_hark_logs/hark_fileid_117.stdout.log,/mnt/d/邵鹏远/UCL/博1/code/audition_pipeline/ablation_study/baseline/results/HARK_n/official_hark_logs/hark_fileid_117.stderr.log,4
118,/mnt/d/邵鹏远/UCL/博1/code/audition_pipeline/data/dataset_4mic_3spk/Eval/mic/mic_fileid_118_doa22_3spk.wav,/mnt/d/邵鹏远/UCL/博1/code/audition_pipeline/ablation_study/baseline/results/HARK_n/official_hark_outputs/fileid_118,/mnt/d/邵鹏远/UCL/博1/code/audition_pipeline/ablation_study/baseline/results/HARK_n/official_hark_outputs/fileid_118/hark_fileid_118_mic_fileid_118_doa22_3spk,batchflow '/mnt/d/邵鹏远/UCL/博1/code/audition_pipeline/ablation_study/baseline/results/HARK_n/official_hark_outputs/fileid_118/runtime_fileid_118.n' '/mnt/d/邵鹏远/UCL/博1/code/audition_pipeline/data/dataset_4mic_3spk/Eval/mic/mic_fileid_118_doa22_3spk.wav' '/mnt/d/邵鹏远/UCL/博1/code/audition_pipeline/ablation_study/baseline/results/HARK_n/official_hark_outputs/fileid_118/hark_fileid_118_mic_fileid_118_doa22_3spk',0,7.448328388999471,/mnt/d/邵鹏远/UCL/博1/code/audition_pipeline/ablation_study/baseline/results/HARK_n/official_hark_logs/hark_fileid_118.stdout.log,/mnt/d/邵鹏远/UCL/博1/code/audition_pipeline/ablation_study/baseline/results/HARK_n/official_hark_logs/hark_fileid_118.stderr.log,6
119,/mnt/d/邵鹏远/UCL/博1/code/audition_pipeline/data/dataset_4mic_3spk/Eval/mic/mic_fileid_119_doa74_3spk.wav,/mnt/d/邵鹏远/UCL/博1/code/audition_pipeline/ablation_study/baseline/results/HARK_n/official_hark_outputs/fileid_119,/mnt/d/邵鹏远/UCL/博1/code/audition_pipeline/ablation_study/baseline/results/HARK_n/official_hark_outputs/fileid_119/hark_fileid_119_mic_fileid_119_doa74_3spk,batchflow '/mnt/d/邵鹏远/UCL/博1/code/audition_pipeline/ablation_study/baseline/results/HARK_n/official_hark_outputs/fileid_119/runtime_fileid_119.n' '/mnt/d/邵鹏远/UCL/博1/code/audition_pipeline/data/dataset_4mic_3spk/Eval/mic/mic_fileid_119_doa74_3spk.wav' '/mnt/d/邵鹏远/UCL/博1/code/audition_pipeline/ablation_study/baseline/results/HARK_n/official_hark_outputs/fileid_119/hark_fileid_119_mic_fileid_119_doa74_3spk',0,7.329616741999416,/mnt/d/邵鹏远/UCL/博1/code/audition_pipeline/ablation_study/baseline/results/HARK_n/official_hark_logs/hark_fileid_119.stdout.log,/mnt/d/邵鹏远/UCL/博1/code/audition_pipeline/ablation_study/baseline/results/HARK_n/official_hark_logs/hark_fileid_119.stderr.log,5
120,/mnt/d/邵鹏远/UCL/博1/code/audition_pipeline/data/dataset_4mic_3spk/Eval/mic/mic_fileid_120_doa2_3spk.wav,/mnt/d/邵鹏远/UCL/博1/code/audition_pipeline/ablation_study/baseline/results/HARK_n/official_hark_outputs/fileid_120,/mnt/d/邵鹏远/UCL/博1/code/audition_pipeline/ablation_study/baseline/results/HARK_n/official_hark_outputs/fileid_120/hark_fileid_120_mic_fileid_120_doa2_3spk,batchflow '/mnt/d/邵鹏远/UCL/博1/code/audition_pipeline/ablation_study/baseline/results/HARK_n/official_hark_outputs/fileid_120/runtime_fileid_120.n' '/mnt/d/邵鹏远/UCL/博1/code/audition_pipeline/data/dataset_4mic_3spk/Eval/mic/mic_fileid_120_doa2_3spk.wav' '/mnt/d/邵鹏远/UCL/博1/code/audition_pipeline/ablation_study/baseline/results/HARK_n/official_hark_outputs/fileid_120/hark_fileid_120_mic_fileid_120_doa2_3spk',0,6.843160628000078,/mnt/d/邵鹏远/UCL/博1/code/audition_pipeline/ablation_study/baseline/results/HARK_n/official_hark_logs/hark_fileid_120.stdout.log,/mnt/d/邵鹏远/UCL/博1/code/audition_pipeline/ablation_study/baseline/results/HARK_n/official_hark_logs/hark_fileid_120.stderr.log,4
121,/mnt/d/邵鹏远/UCL/博1/code/audition_pipeline/data/dataset_4mic_3spk/Eval/mic/mic_fileid_121_doa6_3spk.wav,/mnt/d/邵鹏远/UCL/博1/code/audition_pipeline/ablation_study/baseline/results/HARK_n/official_hark_outputs/fileid_121,/mnt/d/邵鹏远/UCL/博1/code/audition_pipeline/ablation_study/baseline/results/HARK_n/official_hark_outputs/fileid_121/hark_fileid_121_mic_fileid_121_doa6_3spk,batchflow '/mnt/d/邵鹏远/UCL/博1/code/audition_pipeline/ablation_study/baseline/results/HARK_n/official_hark_outputs/fileid_121/runtime_fileid_121.n' '/mnt/d/邵鹏远/UCL/博1/code/audition_pipeline/data/dataset_4mic_3spk/Eval/mic/mic_fileid_121_doa6_3spk.wav' '/mnt/d/邵鹏远/UCL/博1/code/audition_pipeline/ablation_study/baseline/results/HARK_n/official_hark_outputs/fileid_121/hark_fileid_121_mic_fileid_121_doa6_3spk',0,6.267584677999366,/mnt/d/邵鹏远/UCL/博1/code/audition_pipeline/ablation_study/baseline/results/HARK_n/official_hark_logs/hark_fileid_121.stdout.log,/mnt/d/邵鹏远/UCL/博1/code/audition_pipeline/ablation_study/baseline/results/HARK_n/official_hark_logs/hark_fileid_121.stderr.log,4
122,/mnt/d/邵鹏远/UCL/博1/code/audition_pipeline/data/dataset_4mic_3spk/Eval/mic/mic_fileid_122_doa14_3spk.wav,/mnt/d/邵鹏远/UCL/博1/code/audition_pipeline/ablation_study/baseline/results/HARK_n/official_hark_outputs/fileid_122,/mnt/d/邵鹏远/UCL/博1/code/audition_pipeline/ablation_study/baseline/results/HARK_n/official_hark_outputs/fileid_122/hark_fileid_122_mic_fileid_122_doa14_3spk,batchflow '/mnt/d/邵鹏远/UCL/博1/code/audition_pipeline/ablation_study/baseline/results/HARK_n/official_hark_outputs/fileid_122/runtime_fileid_122.n' '/mnt/d/邵鹏远/UCL/博1/code/audition_pipeline/data/dataset_4mic_3spk/Eval/mic/mic_fileid_122_doa14_3spk.wav' '/mnt/d/邵鹏远/UCL/博1/code/audition_pipeline/ablation_study/baseline/results/HARK_n/official_hark_outputs/fileid_122/hark_fileid_122_mic_fileid_122_doa14_3spk',0,7.47235472400007,/mnt/d/邵鹏远/UCL/博1/code/audition_pipeline/ablation_study/baseline/results/HARK_n/official_hark_logs/hark_fileid_122.stdout.log,/mnt/d/邵鹏远/UCL/博1/code/audition_pipeline/ablation_study/baseline/results/HARK_n/official_hark_logs/hark_fileid_122.stderr.log,5
123,/mnt/d/邵鹏远/UCL/博1/code/audition_pipeline/data/dataset_4mic_3spk/Eval/mic/mic_fileid_123_doa174_3spk.wav,/mnt/d/邵鹏远/UCL/博1/code/audition_pipeline/ablation_study/baseline/results/HARK_n/official_hark_outputs/fileid_123,/mnt/d/邵鹏远/UCL/博1/code/audition_pipeline/ablation_study/baseline/results/HARK_n/official_hark_outputs/fileid_123/hark_fileid_123_mic_fileid_123_doa174_3spk,batchflow '/mnt/d/邵鹏远/UCL/博1/code/audition_pipeline/ablation_study/baseline/results/HARK_n/official_hark_outputs/fileid_123/runtime_fileid_123.n' '/mnt/d/邵鹏远/UCL/博1/code/audition_pipeline/data/dataset_4mic_3spk/Eval/mic/mic_fileid_123_doa174_3spk.wav' '/mnt/d/邵鹏远/UCL/博1/code/audition_pipeline/ablation_study/baseline/results/HARK_n/official_hark_outputs/fileid_123/hark_fileid_123_mic_fileid_123_doa174_3spk',0,6.802112667000074,/mnt/d/邵鹏远/UCL/博1/code/audition_pipeline/ablation_study/baseline/results/HARK_n/official_hark_logs/hark_fileid_123.stdout.log,/mnt/d/邵鹏远/UCL/博1/code/audition_pipeline/ablation_study/baseline/results/HARK_n/official_hark_logs/hark_fileid_123.stderr.log,5
124,/mnt/d/邵鹏远/UCL/博1/code/audition_pipeline/data/dataset_4mic_3spk/Eval/mic/mic_fileid_124_doa62_3spk.wav,/mnt/d/邵鹏远/UCL/博1/code/audition_pipeline/ablation_study/baseline/results/HARK_n/official_hark_outputs/fileid_124,/mnt/d/邵鹏远/UCL/博1/code/audition_pipeline/ablation_study/baseline/results/HARK_n/official_hark_outputs/fileid_124/hark_fileid_124_mic_fileid_124_doa62_3spk,batchflow '/mnt/d/邵鹏远/UCL/博1/code/audition_pipeline/ablation_study/baseline/results/HARK_n/official_hark_outputs/fileid_124/runtime_fileid_124.n' '/mnt/d/邵鹏远/UCL/博1/code/audition_pipeline/data/dataset_4mic_3spk/Eval/mic/mic_fileid_124_doa62_3spk.wav' '/mnt/d/邵鹏远/UCL/博1/code/audition_pipeline/ablation_study/baseline/results/HARK_n/official_hark_outputs/fileid_124/hark_fileid_124_mic_fileid_124_doa62_3spk',0,7.110841476000132,/mnt/d/邵鹏远/UCL/博1/code/audition_pipeline/ablation_study/baseline/results/HARK_n/official_hark_logs/hark_fileid_124.stdout.log,/mnt/d/邵鹏远/UCL/博1/code/audition_pipeline/ablation_study/baseline/results/HARK_n/official_hark_logs/hark_fileid_124.stderr.log,5
125,/mnt/d/邵鹏远/UCL/博1/code/audition_pipeline/data/dataset_4mic_3spk/Eval/mic/mic_fileid_125_doa76_3spk.wav,/mnt/d/邵鹏远/UCL/博1/code/audition_pipeline/ablation_study/baseline/results/HARK_n/official_hark_outputs/fileid_125,/mnt/d/邵鹏远/UCL/博1/code/audition_pipeline/ablation_study/baseline/results/HARK_n/official_hark_outputs/fileid_125/hark_fileid_125_mic_fileid_125_doa76_3spk,batchflow '/mnt/d/邵鹏远/UCL/博1/code/audition_pipeline/ablation_study/baseline/results/HARK_n/official_hark_outputs/fileid_125/runtime_fileid_125.n' '/mnt/d/邵鹏远/UCL/博1/code/audition_pipeline/data/dataset_4mic_3spk/Eval/mic/mic_fileid_125_doa76_3spk.wav' '/mnt/d/邵鹏远/UCL/博1/code/audition_pipeline/ablation_study/baseline/results/HARK_n/official_hark_outputs/fileid_125/hark_fileid_125_mic_fileid_125_doa76_3spk',0,7.185109183999884,/mnt/d/邵鹏远/UCL/博1/code/audition_pipeline/ablation_study/baseline/results/HARK_n/official_hark_logs/hark_fileid_125.stdout.log,/mnt/d/邵鹏远/UCL/博1/code/audition_pipeline/ablation_study/baseline/results/HARK_n/official_hark_logs/hark_fileid_125.stderr.log,6
126,/mnt/d/邵鹏远/UCL/博1/code/audition_pipeline/data/dataset_4mic_3spk/Eval/mic/mic_fileid_126_doa119_3spk.wav,/mnt/d/邵鹏远/UCL/博1/code/audition_pipeline/ablation_study/baseline/results/HARK_n/official_hark_outputs/fileid_126,/mnt/d/邵鹏远/UCL/博1/code/audition_pipeline/ablation_study/baseline/results/HARK_n/official_hark_outputs/fileid_126/hark_fileid_126_mic_fileid_126_doa119_3spk,batchflow '/mnt/d/邵鹏远/UCL/博1/code/audition_pipeline/ablation_study/baseline/results/HARK_n/official_hark_outputs/fileid_126/runtime_fileid_126.n' '/mnt/d/邵鹏远/UCL/博1/code/audition_pipeline/data/dataset_4mic_3spk/Eval/mic/mic_fileid_126_doa119_3spk.wav' '/mnt/d/邵鹏远/UCL/博1/code/audition_pipeline/ablation_study/baseline/results/HARK_n/official_hark_outputs/fileid_126/hark_fileid_126_mic_fileid_126_doa119_3spk',0,6.313102926999818,/mnt/d/邵鹏远/UCL/博1/code/audition_pipeline/ablation_study/baseline/results/HARK_n/official_hark_logs/hark_fileid_126.stdout.log,/mnt/d/邵鹏远/UCL/博1/code/audition_pipeline/ablation_study/baseline/results/HARK_n/official_hark_logs/hark_fileid_126.stderr.log,7
127,/mnt/d/邵鹏远/UCL/博1/code/audition_pipeline/data/dataset_4mic_3spk/Eval/mic/mic_fileid_127_doa151_3spk.wav,/mnt/d/邵鹏远/UCL/博1/code/audition_pipeline/ablation_study/baseline/results/HARK_n/official_hark_outputs/fileid_127,/mnt/d/邵鹏远/UCL/博1/code/audition_pipeline/ablation_study/baseline/results/HARK_n/official_hark_outputs/fileid_127/hark_fileid_127_mic_fileid_127_doa151_3spk,batchflow '/mnt/d/邵鹏远/UCL/博1/code/audition_pipeline/ablation_study/baseline/results/HARK_n/official_hark_outputs/fileid_127/runtime_fileid_127.n' '/mnt/d/邵鹏远/UCL/博1/code/audition_pipeline/data/dataset_4mic_3spk/Eval/mic/mic_fileid_127_doa151_3spk.wav' '/mnt/d/邵鹏远/UCL/博1/code/audition_pipeline/ablation_study/baseline/results/HARK_n/official_hark_outputs/fileid_127/hark_fileid_127_mic_fileid_127_doa151_3spk',0,7.40627209899958,/mnt/d/邵鹏远/UCL/博1/code/audition_pipeline/ablation_study/baseline/results/HARK_n/official_hark_logs/hark_fileid_127.stdout.log,/mnt/d/邵鹏远/UCL/博1/code/audition_pipeline/ablation_study/baseline/results/HARK_n/official_hark_logs/hark_fileid_127.stderr.log,5
128,/mnt/d/邵鹏远/UCL/博1/code/audition_pipeline/data/dataset_4mic_3spk/Eval/mic/mic_fileid_128_doa219_3spk.wav,/mnt/d/邵鹏远/UCL/博1/code/audition_pipeline/ablation_study/baseline/results/HARK_n/official_hark_outputs/fileid_128,/mnt/d/邵鹏远/UCL/博1/code/audition_pipeline/ablation_study/baseline/results/HARK_n/official_hark_outputs/fileid_128/hark_fileid_128_mic_fileid_128_doa219_3spk,batchflow '/mnt/d/邵鹏远/UCL/博1/code/audition_pipeline/ablation_study/baseline/results/HARK_n/official_hark_outputs/fileid_128/runtime_fileid_128.n' '/mnt/d/邵鹏远/UCL/博1/code/audition_pipeline/data/dataset_4mic_3spk/Eval/mic/mic_fileid_128_doa219_3spk.wav' '/mnt/d/邵鹏远/UCL/博1/code/audition_pipeline/ablation_study/baseline/results/HARK_n/official_hark_outputs/fileid_128/hark_fileid_128_mic_fileid_128_doa219_3spk',0,5.512989245999961,/mnt/d/邵鹏远/UCL/博1/code/audition_pipeline/ablation_study/baseline/results/HARK_n/official_hark_logs/hark_fileid_128.stdout.log,/mnt/d/邵鹏远/UCL/博1/code/audition_pipeline/ablation_study/baseline/results/HARK_n/official_hark_logs/hark_fileid_128.stderr.log,5
129,/mnt/d/邵鹏远/UCL/博1/code/audition_pipeline/data/dataset_4mic_3spk/Eval/mic/mic_fileid_129_doa36_3spk.wav,/mnt/d/邵鹏远/UCL/博1/code/audition_pipeline/ablation_study/baseline/results/HARK_n/official_hark_outputs/fileid_129,/mnt/d/邵鹏远/UCL/博1/code/audition_pipeline/ablation_study/baseline/results/HARK_n/official_hark_outputs/fileid_129/hark_fileid_129_mic_fileid_129_doa36_3spk,batchflow '/mnt/d/邵鹏远/UCL/博1/code/audition_pipeline/ablation_study/baseline/results/HARK_n/official_hark_outputs/fileid_129/runtime_fileid_129.n' '/mnt/d/邵鹏远/UCL/博1/code/audition_pipeline/data/dataset_4mic_3spk/Eval/mic/mic_fileid_129_doa36_3spk.wav' '/mnt/d/邵鹏远/UCL/博1/code/audition_pipeline/ablation_study/baseline/results/HARK_n/official_hark_outputs/fileid_129/hark_fileid_129_mic_fileid_129_doa36_3spk',0,6.757706317000157,/mnt/d/邵鹏远/UCL/博1/code/audition_pipeline/ablation_study/baseline/results/HARK_n/official_hark_logs/hark_fileid_129.stdout.log,/mnt/d/邵鹏远/UCL/博1/code/audition_pipeline/ablation_study/baseline/results/HARK_n/official_hark_logs/hark_fileid_129.stderr.log,3
130,/mnt/d/邵鹏远/UCL/博1/code/audition_pipeline/data/dataset_4mic_3spk/Eval/mic/mic_fileid_130_doa67_3spk.wav,/mnt/d/邵鹏远/UCL/博1/code/audition_pipeline/ablation_study/baseline/results/HARK_n/official_hark_outputs/fileid_130,/mnt/d/邵鹏远/UCL/博1/code/audition_pipeline/ablation_study/baseline/results/HARK_n/official_hark_outputs/fileid_130/hark_fileid_130_mic_fileid_130_doa67_3spk,batchflow '/mnt/d/邵鹏远/UCL/博1/code/audition_pipeline/ablation_study/baseline/results/HARK_n/official_hark_outputs/fileid_130/runtime_fileid_130.n' '/mnt/d/邵鹏远/UCL/博1/code/audition_pipeline/data/dataset_4mic_3spk/Eval/mic/mic_fileid_130_doa67_3spk.wav' '/mnt/d/邵鹏远/UCL/博1/code/audition_pipeline/ablation_study/baseline/results/HARK_n/official_hark_outputs/fileid_130/hark_fileid_130_mic_fileid_130_doa67_3spk',0,7.637630465999791,/mnt/d/邵鹏远/UCL/博1/code/audition_pipeline/ablation_study/baseline/results/HARK_n/official_hark_logs/hark_fileid_130.stdout.log,/mnt/d/邵鹏远/UCL/博1/code/audition_pipeline/ablation_study/baseline/results/HARK_n/official_hark_logs/hark_fileid_130.stderr.log,6
131,/mnt/d/邵鹏远/UCL/博1/code/audition_pipeline/data/dataset_4mic_3spk/Eval/mic/mic_fileid_131_doa55_3spk.wav,/mnt/d/邵鹏远/UCL/博1/code/audition_pipeline/ablation_study/baseline/results/HARK_n/official_hark_outputs/fileid_131,/mnt/d/邵鹏远/UCL/博1/code/audition_pipeline/ablation_study/baseline/results/HARK_n/official_hark_outputs/fileid_131/hark_fileid_131_mic_fileid_131_doa55_3spk,batchflow '/mnt/d/邵鹏远/UCL/博1/code/audition_pipeline/ablation_study/baseline/results/HARK_n/official_hark_outputs/fileid_131/runtime_fileid_131.n' '/mnt/d/邵鹏远/UCL/博1/code/audition_pipeline/data/dataset_4mic_3spk/Eval/mic/mic_fileid_131_doa55_3spk.wav' '/mnt/d/邵鹏远/UCL/博1/code/audition_pipeline/ablation_study/baseline/results/HARK_n/official_hark_outputs/fileid_131/hark_fileid_131_mic_fileid_131_doa55_3spk',0,7.075156661000619,/mnt/d/邵鹏远/UCL/博1/code/audition_pipeline/ablation_study/baseline/results/HARK_n/official_hark_logs/hark_fileid_131.stdout.log,/mnt/d/邵鹏远/UCL/博1/code/audition_pipeline/ablation_study/baseline/results/HARK_n/official_hark_logs/hark_fileid_131.stderr.log,3
132,/mnt/d/邵鹏远/UCL/博1/code/audition_pipeline/data/dataset_4mic_3spk/Eval/mic/mic_fileid_132_doa43_3spk.wav,/mnt/d/邵鹏远/UCL/博1/code/audition_pipeline/ablation_study/baseline/results/HARK_n/official_hark_outputs/fileid_132,/mnt/d/邵鹏远/UCL/博1/code/audition_pipeline/ablation_study/baseline/results/HARK_n/official_hark_outputs/fileid_132/hark_fileid_132_mic_fileid_132_doa43_3spk,batchflow '/mnt/d/邵鹏远/UCL/博1/code/audition_pipeline/ablation_study/baseline/results/HARK_n/official_hark_outputs/fileid_132/runtime_fileid_132.n' '/mnt/d/邵鹏远/UCL/博1/code/audition_pipeline/data/dataset_4mic_3spk/Eval/mic/mic_fileid_132_doa43_3spk.wav' '/mnt/d/邵鹏远/UCL/博1/code/audition_pipeline/ablation_study/baseline/results/HARK_n/official_hark_outputs/fileid_132/hark_fileid_132_mic_fileid_132_doa43_3spk',0,7.035280930999761,/mnt/d/邵鹏远/UCL/博1/code/audition_pipeline/ablation_study/baseline/results/HARK_n/official_hark_logs/hark_fileid_132.stdout.log,/mnt/d/邵鹏远/UCL/博1/code/audition_pipeline/ablation_study/baseline/results/HARK_n/official_hark_logs/hark_fileid_132.stderr.log,3
133,/mnt/d/邵鹏远/UCL/博1/code/audition_pipeline/data/dataset_4mic_3spk/Eval/mic/mic_fileid_133_doa178_3spk.wav,/mnt/d/邵鹏远/UCL/博1/code/audition_pipeline/ablation_study/baseline/results/HARK_n/official_hark_outputs/fileid_133,/mnt/d/邵鹏远/UCL/博1/code/audition_pipeline/ablation_study/baseline/results/HARK_n/official_hark_outputs/fileid_133/hark_fileid_133_mic_fileid_133_doa178_3spk,batchflow '/mnt/d/邵鹏远/UCL/博1/code/audition_pipeline/ablation_study/baseline/results/HARK_n/official_hark_outputs/fileid_133/runtime_fileid_133.n' '/mnt/d/邵鹏远/UCL/博1/code/audition_pipeline/data/dataset_4mic_3spk/Eval/mic/mic_fileid_133_doa178_3spk.wav' '/mnt/d/邵鹏远/UCL/博1/code/audition_pipeline/ablation_study/baseline/results/HARK_n/official_hark_outputs/fileid_133/hark_fileid_133_mic_fileid_133_doa178_3spk',0,6.187101591999635,/mnt/d/邵鹏远/UCL/博1/code/audition_pipeline/ablation_study/baseline/results/HARK_n/official_hark_logs/hark_fileid_133.stdout.log,/mnt/d/邵鹏远/UCL/博1/code/audition_pipeline/ablation_study/baseline/results/HARK_n/official_hark_logs/hark_fileid_133.stderr.log,4
134,/mnt/d/邵鹏远/UCL/博1/code/audition_pipeline/data/dataset_4mic_3spk/Eval/mic/mic_fileid_134_doa125_3spk.wav,/mnt/d/邵鹏远/UCL/博1/code/audition_pipeline/ablation_study/baseline/results/HARK_n/official_hark_outputs/fileid_134,/mnt/d/邵鹏远/UCL/博1/code/audition_pipeline/ablation_study/baseline/results/HARK_n/official_hark_outputs/fileid_134/hark_fileid_134_mic_fileid_134_doa125_3spk,batchflow '/mnt/d/邵鹏远/UCL/博1/code/audition_pipeline/ablation_study/baseline/results/HARK_n/official_hark_outputs/fileid_134/runtime_fileid_134.n' '/mnt/d/邵鹏远/UCL/博1/code/audition_pipeline/data/dataset_4mic_3spk/Eval/mic/mic_fileid_134_doa125_3spk.wav' '/mnt/d/邵鹏远/UCL/博1/code/audition_pipeline/ablation_study/baseline/results/HARK_n/official_hark_outputs/fileid_134/hark_fileid_134_mic_fileid_134_doa125_3spk',0,6.272749832000045,/mnt/d/邵鹏远/UCL/博1/code/audition_pipeline/ablation_study/baseline/results/HARK_n/official_hark_logs/hark_fileid_134.stdout.log,/mnt/d/邵鹏远/UCL/博1/code/audition_pipeline/ablation_study/baseline/results/HARK_n/official_hark_logs/hark_fileid_134.stderr.log,3
135,/mnt/d/邵鹏远/UCL/博1/code/audition_pipeline/data/dataset_4mic_3spk/Eval/mic/mic_fileid_135_doa93_3spk.wav,/mnt/d/邵鹏远/UCL/博1/code/audition_pipeline/ablation_study/baseline/results/HARK_n/official_hark_outputs/fileid_135,/mnt/d/邵鹏远/UCL/博1/code/audition_pipeline/ablation_study/baseline/results/HARK_n/official_hark_outputs/fileid_135/hark_fileid_135_mic_fileid_135_doa93_3spk,batchflow '/mnt/d/邵鹏远/UCL/博1/code/audition_pipeline/ablation_study/baseline/results/HARK_n/official_hark_outputs/fileid_135/runtime_fileid_135.n' '/mnt/d/邵鹏远/UCL/博1/code/audition_pipeline/data/dataset_4mic_3spk/Eval/mic/mic_fileid_135_doa93_3spk.wav' '/mnt/d/邵鹏远/UCL/博1/code/audition_pipeline/ablation_study/baseline/results/HARK_n/official_hark_outputs/fileid_135/hark_fileid_135_mic_fileid_135_doa93_3spk',0,6.5821006449996275,/mnt/d/邵鹏远/UCL/博1/code/audition_pipeline/ablation_study/baseline/results/HARK_n/official_hark_logs/hark_fileid_135.stdout.log,/mnt/d/邵鹏远/UCL/博1/code/audition_pipeline/ablation_study/baseline/results/HARK_n/official_hark_logs/hark_fileid_135.stderr.log,3
136,/mnt/d/邵鹏远/UCL/博1/code/audition_pipeline/data/dataset_4mic_3spk/Eval/mic/mic_fileid_136_doa59_3spk.wav,/mnt/d/邵鹏远/UCL/博1/code/audition_pipeline/ablation_study/baseline/results/HARK_n/official_hark_outputs/fileid_136,/mnt/d/邵鹏远/UCL/博1/code/audition_pipeline/ablation_study/baseline/results/HARK_n/official_hark_outputs/fileid_136/hark_fileid_136_mic_fileid_136_doa59_3spk,batchflow '/mnt/d/邵鹏远/UCL/博1/code/audition_pipeline/ablation_study/baseline/results/HARK_n/official_hark_outputs/fileid_136/runtime_fileid_136.n' '/mnt/d/邵鹏远/UCL/博1/code/audition_pipeline/data/dataset_4mic_3spk/Eval/mic/mic_fileid_136_doa59_3spk.wav' '/mnt/d/邵鹏远/UCL/博1/code/audition_pipeline/ablation_study/baseline/results/HARK_n/official_hark_outputs/fileid_136/hark_fileid_136_mic_fileid_136_doa59_3spk',0,6.776767542000016,/mnt/d/邵鹏远/UCL/博1/code/audition_pipeline/ablation_study/baseline/results/HARK_n/official_hark_logs/hark_fileid_136.stdout.log,/mnt/d/邵鹏远/UCL/博1/code/audition_pipeline/ablation_study/baseline/results/HARK_n/official_hark_logs/hark_fileid_136.stderr.log,4
137,/mnt/d/邵鹏远/UCL/博1/code/audition_pipeline/data/dataset_4mic_3spk/Eval/mic/mic_fileid_137_doa84_3spk.wav,/mnt/d/邵鹏远/UCL/博1/code/audition_pipeline/ablation_study/baseline/results/HARK_n/official_hark_outputs/fileid_137,/mnt/d/邵鹏远/UCL/博1/code/audition_pipeline/ablation_study/baseline/results/HARK_n/official_hark_outputs/fileid_137/hark_fileid_137_mic_fileid_137_doa84_3spk,batchflow '/mnt/d/邵鹏远/UCL/博1/code/audition_pipeline/ablation_study/baseline/results/HARK_n/official_hark_outputs/fileid_137/runtime_fileid_137.n' '/mnt/d/邵鹏远/UCL/博1/code/audition_pipeline/data/dataset_4mic_3spk/Eval/mic/mic_fileid_137_doa84_3spk.wav' '/mnt/d/邵鹏远/UCL/博1/code/audition_pipeline/ablation_study/baseline/results/HARK_n/official_hark_outputs/fileid_137/hark_fileid_137_mic_fileid_137_doa84_3spk',0,7.768162819999816,/mnt/d/邵鹏远/UCL/博1/code/audition_pipeline/ablation_study/baseline/results/HARK_n/official_hark_logs/hark_fileid_137.stdout.log,/mnt/d/邵鹏远/UCL/博1/code/audition_pipeline/ablation_study/baseline/results/HARK_n/official_hark_logs/hark_fileid_137.stderr.log,5
138,/mnt/d/邵鹏远/UCL/博1/code/audition_pipeline/data/dataset_4mic_3spk/Eval/mic/mic_fileid_138_doa68_3spk.wav,/mnt/d/邵鹏远/UCL/博1/code/audition_pipeline/ablation_study/baseline/results/HARK_n/official_hark_outputs/fileid_138,/mnt/d/邵鹏远/UCL/博1/code/audition_pipeline/ablation_study/baseline/results/HARK_n/official_hark_outputs/fileid_138/hark_fileid_138_mic_fileid_138_doa68_3spk,batchflow '/mnt/d/邵鹏远/UCL/博1/code/audition_pipeline/ablation_study/baseline/results/HARK_n/official_hark_outputs/fileid_138/runtime_fileid_138.n' '/mnt/d/邵鹏远/UCL/博1/code/audition_pipeline/data/dataset_4mic_3spk/Eval/mic/mic_fileid_138_doa68_3spk.wav' '/mnt/d/邵鹏远/UCL/博1/code/audition_pipeline/ablation_study/baseline/results/HARK_n/official_hark_outputs/fileid_138/hark_fileid_138_mic_fileid_138_doa68_3spk',0,6.772343843000272,/mnt/d/邵鹏远/UCL/博1/code/audition_pipeline/ablation_study/baseline/results/HARK_n/official_hark_logs/hark_fileid_138.stdout.log,/mnt/d/邵鹏远/UCL/博1/code/audition_pipeline/ablation_study/baseline/results/HARK_n/official_hark_logs/hark_fileid_138.stderr.log,5
139,/mnt/d/邵鹏远/UCL/博1/code/audition_pipeline/data/dataset_4mic_3spk/Eval/mic/mic_fileid_139_doa109_3spk.wav,/mnt/d/邵鹏远/UCL/博1/code/audition_pipeline/ablation_study/baseline/results/HARK_n/official_hark_outputs/fileid_139,/mnt/d/邵鹏远/UCL/博1/code/audition_pipeline/ablation_study/baseline/results/HARK_n/official_hark_outputs/fileid_139/hark_fileid_139_mic_fileid_139_doa109_3spk,batchflow '/mnt/d/邵鹏远/UCL/博1/code/audition_pipeline/ablation_study/baseline/results/HARK_n/official_hark_outputs/fileid_139/runtime_fileid_139.n' '/mnt/d/邵鹏远/UCL/博1/code/audition_pipeline/data/dataset_4mic_3spk/Eval/mic/mic_fileid_139_doa109_3spk.wav' '/mnt/d/邵鹏远/UCL/博1/code/audition_pipeline/ablation_study/baseline/results/HARK_n/official_hark_outputs/fileid_139/hark_fileid_139_mic_fileid_139_doa109_3spk',0,6.60092022400022,/mnt/d/邵鹏远/UCL/博1/code/audition_pipeline/ablation_study/baseline/results/HARK_n/official_hark_logs/hark_fileid_139.stdout.log,/mnt/d/邵鹏远/UCL/博1/code/audition_pipeline/ablation_study/baseline/results/HARK_n/official_hark_logs/hark_fileid_139.stderr.log,6
140,/mnt/d/邵鹏远/UCL/博1/code/audition_pipeline/data/dataset_4mic_3spk/Eval/mic/mic_fileid_140_doa211_3spk.wav,/mnt/d/邵鹏远/UCL/博1/code/audition_pipeline/ablation_study/baseline/results/HARK_n/official_hark_outputs/fileid_140,/mnt/d/邵鹏远/UCL/博1/code/audition_pipeline/ablation_study/baseline/results/HARK_n/official_hark_outputs/fileid_140/hark_fileid_140_mic_fileid_140_doa211_3spk,batchflow '/mnt/d/邵鹏远/UCL/博1/code/audition_pipeline/ablation_study/baseline/results/HARK_n/official_hark_outputs/fileid_140/runtime_fileid_140.n' '/mnt/d/邵鹏远/UCL/博1/code/audition_pipeline/data/dataset_4mic_3spk/Eval/mic/mic_fileid_140_doa211_3spk.wav' '/mnt/d/邵鹏远/UCL/博1/code/audition_pipeline/ablation_study/baseline/results/HARK_n/official_hark_outputs/fileid_140/hark_fileid_140_mic_fileid_140_doa211_3spk',0,7.3795452840004145,/mnt/d/邵鹏远/UCL/博1/code/audition_pipeline/ablation_study/baseline/results/HARK_n/official_hark_logs/hark_fileid_140.stdout.log,/mnt/d/邵鹏远/UCL/博1/code/audition_pipeline/ablation_study/baseline/results/HARK_n/official_hark_logs/hark_fileid_140.stderr.log,6
141,/mnt/d/邵鹏远/UCL/博1/code/audition_pipeline/data/dataset_4mic_3spk/Eval/mic/mic_fileid_141_doa54_3spk.wav,/mnt/d/邵鹏远/UCL/博1/code/audition_pipeline/ablation_study/baseline/results/HARK_n/official_hark_outputs/fileid_141,/mnt/d/邵鹏远/UCL/博1/code/audition_pipeline/ablation_study/baseline/results/HARK_n/official_hark_outputs/fileid_141/hark_fileid_141_mic_fileid_141_doa54_3spk,batchflow '/mnt/d/邵鹏远/UCL/博1/code/audition_pipeline/ablation_study/baseline/results/HARK_n/official_hark_outputs/fileid_141/runtime_fileid_141.n' '/mnt/d/邵鹏远/UCL/博1/code/audition_pipeline/data/dataset_4mic_3spk/Eval/mic/mic_fileid_141_doa54_3spk.wav' '/mnt/d/邵鹏远/UCL/博1/code/audition_pipeline/ablation_study/baseline/results/HARK_n/official_hark_outputs/fileid_141/hark_fileid_141_mic_fileid_141_doa54_3spk',0,6.744464474999404,/mnt/d/邵鹏远/UCL/博1/code/audition_pipeline/ablation_study/baseline/results/HARK_n/official_hark_logs/hark_fileid_141.stdout.log,/mnt/d/邵鹏远/UCL/博1/code/audition_pipeline/ablation_study/baseline/results/HARK_n/official_hark_logs/hark_fileid_141.stderr.log,4
142,/mnt/d/邵鹏远/UCL/博1/code/audition_pipeline/data/dataset_4mic_3spk/Eval/mic/mic_fileid_142_doa64_3spk.wav,/mnt/d/邵鹏远/UCL/博1/code/audition_pipeline/ablation_study/baseline/results/HARK_n/official_hark_outputs/fileid_142,/mnt/d/邵鹏远/UCL/博1/code/audition_pipeline/ablation_study/baseline/results/HARK_n/official_hark_outputs/fileid_142/hark_fileid_142_mic_fileid_142_doa64_3spk,batchflow '/mnt/d/邵鹏远/UCL/博1/code/audition_pipeline/ablation_study/baseline/results/HARK_n/official_hark_outputs/fileid_142/runtime_fileid_142.n' '/mnt/d/邵鹏远/UCL/博1/code/audition_pipeline/data/dataset_4mic_3spk/Eval/mic/mic_fileid_142_doa64_3spk.wav' '/mnt/d/邵鹏远/UCL/博1/code/audition_pipeline/ablation_study/baseline/results/HARK_n/official_hark_outputs/fileid_142/hark_fileid_142_mic_fileid_142_doa64_3spk',0,7.619063868000012,/mnt/d/邵鹏远/UCL/博1/code/audition_pipeline/ablation_study/baseline/results/HARK_n/official_hark_logs/hark_fileid_142.stdout.log,/mnt/d/邵鹏远/UCL/博1/code/audition_pipeline/ablation_study/baseline/results/HARK_n/official_hark_logs/hark_fileid_142.stderr.log,5
143,/mnt/d/邵鹏远/UCL/博1/code/audition_pipeline/data/dataset_4mic_3spk/Eval/mic/mic_fileid_143_doa172_3spk.wav,/mnt/d/邵鹏远/UCL/博1/code/audition_pipeline/ablation_study/baseline/results/HARK_n/official_hark_outputs/fileid_143,/mnt/d/邵鹏远/UCL/博1/code/audition_pipeline/ablation_study/baseline/results/HARK_n/official_hark_outputs/fileid_143/hark_fileid_143_mic_fileid_143_doa172_3spk,batchflow '/mnt/d/邵鹏远/UCL/博1/code/audition_pipeline/ablation_study/baseline/results/HARK_n/official_hark_outputs/fileid_143/runtime_fileid_143.n' '/mnt/d/邵鹏远/UCL/博1/code/audition_pipeline/data/dataset_4mic_3spk/Eval/mic/mic_fileid_143_doa172_3spk.wav' '/mnt/d/邵鹏远/UCL/博1/code/audition_pipeline/ablation_study/baseline/results/HARK_n/official_hark_outputs/fileid_143/hark_fileid_143_mic_fileid_143_doa172_3spk',0,6.869104668000546,/mnt/d/邵鹏远/UCL/博1/code/audition_pipeline/ablation_study/baseline/results/HARK_n/official_hark_logs/hark_fileid_143.stdout.log,/mnt/d/邵鹏远/UCL/博1/code/audition_pipeline/ablation_study/baseline/results/HARK_n/official_hark_logs/hark_fileid_143.stderr.log,3
144,/mnt/d/邵鹏远/UCL/博1/code/audition_pipeline/data/dataset_4mic_3spk/Eval/mic/mic_fileid_144_doa170_3spk.wav,/mnt/d/邵鹏远/UCL/博1/code/audition_pipeline/ablation_study/baseline/results/HARK_n/official_hark_outputs/fileid_144,/mnt/d/邵鹏远/UCL/博1/code/audition_pipeline/ablation_study/baseline/results/HARK_n/official_hark_outputs/fileid_144/hark_fileid_144_mic_fileid_144_doa170_3spk,batchflow '/mnt/d/邵鹏远/UCL/博1/code/audition_pipeline/ablation_study/baseline/results/HARK_n/official_hark_outputs/fileid_144/runtime_fileid_144.n' '/mnt/d/邵鹏远/UCL/博1/code/audition_pipeline/data/dataset_4mic_3spk/Eval/mic/mic_fileid_144_doa170_3spk.wav' '/mnt/d/邵鹏远/UCL/博1/code/audition_pipeline/ablation_study/baseline/results/HARK_n/official_hark_outputs/fileid_144/hark_fileid_144_mic_fileid_144_doa170_3spk',0,6.760104689999935,/mnt/d/邵鹏远/UCL/博1/code/audition_pipeline/ablation_study/baseline/results/HARK_n/official_hark_logs/hark_fileid_144.stdout.log,/mnt/d/邵鹏远/UCL/博1/code/audition_pipeline/ablation_study/baseline/results/HARK_n/official_hark_logs/hark_fileid_144.stderr.log,4
145,/mnt/d/邵鹏远/UCL/博1/code/audition_pipeline/data/dataset_4mic_3spk/Eval/mic/mic_fileid_145_doa40_3spk.wav,/mnt/d/邵鹏远/UCL/博1/code/audition_pipeline/ablation_study/baseline/results/HARK_n/official_hark_outputs/fileid_145,/mnt/d/邵鹏远/UCL/博1/code/audition_pipeline/ablation_study/baseline/results/HARK_n/official_hark_outputs/fileid_145/hark_fileid_145_mic_fileid_145_doa40_3spk,batchflow '/mnt/d/邵鹏远/UCL/博1/code/audition_pipeline/ablation_study/baseline/results/HARK_n/official_hark_outputs/fileid_145/runtime_fileid_145.n' '/mnt/d/邵鹏远/UCL/博1/code/audition_pipeline/data/dataset_4mic_3spk/Eval/mic/mic_fileid_145_doa40_3spk.wav' '/mnt/d/邵鹏远/UCL/博1/code/audition_pipeline/ablation_study/baseline/results/HARK_n/official_hark_outputs/fileid_145/hark_fileid_145_mic_fileid_145_doa40_3spk',0,6.335510287999568,/mnt/d/邵鹏远/UCL/博1/code/audition_pipeline/ablation_study/baseline/results/HARK_n/official_hark_logs/hark_fileid_145.stdout.log,/mnt/d/邵鹏远/UCL/博1/code/audition_pipeline/ablation_study/baseline/results/HARK_n/official_hark_logs/hark_fileid_145.stderr.log,8
146,/mnt/d/邵鹏远/UCL/博1/code/audition_pipeline/data/dataset_4mic_3spk/Eval/mic/mic_fileid_146_doa55_3spk.wav,/mnt/d/邵鹏远/UCL/博1/code/audition_pipeline/ablation_study/baseline/results/HARK_n/official_hark_outputs/fileid_146,/mnt/d/邵鹏远/UCL/博1/code/audition_pipeline/ablation_study/baseline/results/HARK_n/official_hark_outputs/fileid_146/hark_fileid_146_mic_fileid_146_doa55_3spk,batchflow '/mnt/d/邵鹏远/UCL/博1/code/audition_pipeline/ablation_study/baseline/results/HARK_n/official_hark_outputs/fileid_146/runtime_fileid_146.n' '/mnt/d/邵鹏远/UCL/博1/code/audition_pipeline/data/dataset_4mic_3spk/Eval/mic/mic_fileid_146_doa55_3spk.wav' '/mnt/d/邵鹏远/UCL/博1/code/audition_pipeline/ablation_study/baseline/results/HARK_n/official_hark_outputs/fileid_146/hark_fileid_146_mic_fileid_146_doa55_3spk',0,6.41532600499977,/mnt/d/邵鹏远/UCL/博1/code/audition_pipeline/ablation_study/baseline/results/HARK_n/official_hark_logs/hark_fileid_146.stdout.log,/mnt/d/邵鹏远/UCL/博1/code/audition_pipeline/ablation_study/baseline/results/HARK_n/official_hark_logs/hark_fileid_146.stderr.log,3
147,/mnt/d/邵鹏远/UCL/博1/code/audition_pipeline/data/dataset_4mic_3spk/Eval/mic/mic_fileid_147_doa111_3spk.wav,/mnt/d/邵鹏远/UCL/博1/code/audition_pipeline/ablation_study/baseline/results/HARK_n/official_hark_outputs/fileid_147,/mnt/d/邵鹏远/UCL/博1/code/audition_pipeline/ablation_study/baseline/results/HARK_n/official_hark_outputs/fileid_147/hark_fileid_147_mic_fileid_147_doa111_3spk,batchflow '/mnt/d/邵鹏远/UCL/博1/code/audition_pipeline/ablation_study/baseline/results/HARK_n/official_hark_outputs/fileid_147/runtime_fileid_147.n' '/mnt/d/邵鹏远/UCL/博1/code/audition_pipeline/data/dataset_4mic_3spk/Eval/mic/mic_fileid_147_doa111_3spk.wav' '/mnt/d/邵鹏远/UCL/博1/code/audition_pipeline/ablation_study/baseline/results/HARK_n/official_hark_outputs/fileid_147/hark_fileid_147_mic_fileid_147_doa111_3spk',0,6.821755877000214,/mnt/d/邵鹏远/UCL/博1/code/audition_pipeline/ablation_study/baseline/results/HARK_n/official_hark_logs/hark_fileid_147.stdout.log,/mnt/d/邵鹏远/UCL/博1/code/audition_pipeline/ablation_study/baseline/results/HARK_n/official_hark_logs/hark_fileid_147.stderr.log,4
148,/mnt/d/邵鹏远/UCL/博1/code/audition_pipeline/data/dataset_4mic_3spk/Eval/mic/mic_fileid_148_doa52_3spk.wav,/mnt/d/邵鹏远/UCL/博1/code/audition_pipeline/ablation_study/baseline/results/HARK_n/official_hark_outputs/fileid_148,/mnt/d/邵鹏远/UCL/博1/code/audition_pipeline/ablation_study/baseline/results/HARK_n/official_hark_outputs/fileid_148/hark_fileid_148_mic_fileid_148_doa52_3spk,batchflow '/mnt/d/邵鹏远/UCL/博1/code/audition_pipeline/ablation_study/baseline/results/HARK_n/official_hark_outputs/fileid_148/runtime_fileid_148.n' '/mnt/d/邵鹏远/UCL/博1/code/audition_pipeline/data/dataset_4mic_3spk/Eval/mic/mic_fileid_148_doa52_3spk.wav' '/mnt/d/邵鹏远/UCL/博1/code/audition_pipeline/ablation_study/baseline/results/HARK_n/official_hark_outputs/fileid_148/hark_fileid_148_mic_fileid_148_doa52_3spk',0,6.609647579999546,/mnt/d/邵鹏远/UCL/博1/code/audition_pipeline/ablation_study/baseline/results/HARK_n/official_hark_logs/hark_fileid_148.stdout.log,/mnt/d/邵鹏远/UCL/博1/code/audition_pipeline/ablation_study/baseline/results/HARK_n/official_hark_logs/hark_fileid_148.stderr.log,8
149,/mnt/d/邵鹏远/UCL/博1/code/audition_pipeline/data/dataset_4mic_3spk/Eval/mic/mic_fileid_149_doa92_3spk.wav,/mnt/d/邵鹏远/UCL/博1/code/audition_pipeline/ablation_study/baseline/results/HARK_n/official_hark_outputs/fileid_149,/mnt/d/邵鹏远/UCL/博1/code/audition_pipeline/ablation_study/baseline/results/HARK_n/official_hark_outputs/fileid_149/hark_fileid_149_mic_fileid_149_doa92_3spk,batchflow '/mnt/d/邵鹏远/UCL/博1/code/audition_pipeline/ablation_study/baseline/results/HARK_n/official_hark_outputs/fileid_149/runtime_fileid_149.n' '/mnt/d/邵鹏远/UCL/博1/code/audition_pipeline/data/dataset_4mic_3spk/Eval/mic/mic_fileid_149_doa92_3spk.wav' '/mnt/d/邵鹏远/UCL/博1/code/audition_pipeline/ablation_study/baseline/results/HARK_n/official_hark_outputs/fileid_149/hark_fileid_149_mic_fileid_149_doa92_3spk',0,6.963602731000719,/mnt/d/邵鹏远/UCL/博1/code/audition_pipeline/ablation_study/baseline/results/HARK_n/official_hark_logs/hark_fileid_149.stdout.log,/mnt/d/邵鹏远/UCL/博1/code/audition_pipeline/ablation_study/baseline/results/HARK_n/official_hark_logs/hark_fileid_149.stderr.log,3
150,/mnt/d/邵鹏远/UCL/博1/code/audition_pipeline/data/dataset_4mic_3spk/Eval/mic/mic_fileid_150_doa91_3spk.wav,/mnt/d/邵鹏远/UCL/博1/code/audition_pipeline/ablation_study/baseline/results/HARK_n/official_hark_outputs/fileid_150,/mnt/d/邵鹏远/UCL/博1/code/audition_pipeline/ablation_study/baseline/results/HARK_n/official_hark_outputs/fileid_150/hark_fileid_150_mic_fileid_150_doa91_3spk,batchflow '/mnt/d/邵鹏远/UCL/博1/code/audition_pipeline/ablation_study/baseline/results/HARK_n/official_hark_outputs/fileid_150/runtime_fileid_150.n' '/mnt/d/邵鹏远/UCL/博1/code/audition_pipeline/data/dataset_4mic_3spk/Eval/mic/mic_fileid_150_doa91_3spk.wav' '/mnt/d/邵鹏远/UCL/博1/code/audition_pipeline/ablation_study/baseline/results/HARK_n/official_hark_outputs/fileid_150/hark_fileid_150_mic_fileid_150_doa91_3spk',0,7.21576016400013,/mnt/d/邵鹏远/UCL/博1/code/audition_pipeline/ablation_study/baseline/results/HARK_n/official_hark_logs/hark_fileid_150.stdout.log,/mnt/d/邵鹏远/UCL/博1/code/audition_pipeline/ablation_study/baseline/results/HARK_n/official_hark_logs/hark_fileid_150.stderr.log,5
151,/mnt/d/邵鹏远/UCL/博1/code/audition_pipeline/data/dataset_4mic_3spk/Eval/mic/mic_fileid_151_doa83_3spk.wav,/mnt/d/邵鹏远/UCL/博1/code/audition_pipeline/ablation_study/baseline/results/HARK_n/official_hark_outputs/fileid_151,/mnt/d/邵鹏远/UCL/博1/code/audition_pipeline/ablation_study/baseline/results/HARK_n/official_hark_outputs/fileid_151/hark_fileid_151_mic_fileid_151_doa83_3spk,batchflow '/mnt/d/邵鹏远/UCL/博1/code/audition_pipeline/ablation_study/baseline/results/HARK_n/official_hark_outputs/fileid_151/runtime_fileid_151.n' '/mnt/d/邵鹏远/UCL/博1/code/audition_pipeline/data/dataset_4mic_3spk/Eval/mic/mic_fileid_151_doa83_3spk.wav' '/mnt/d/邵鹏远/UCL/博1/code/audition_pipeline/ablation_study/baseline/results/HARK_n/official_hark_outputs/fileid_151/hark_fileid_151_mic_fileid_151_doa83_3spk',0,6.6073902549997,/mnt/d/邵鹏远/UCL/博1/code/audition_pipeline/ablation_study/baseline/results/HARK_n/official_hark_logs/hark_fileid_151.stdout.log,/mnt/d/邵鹏远/UCL/博1/code/audition_pipeline/ablation_study/baseline/results/HARK_n/official_hark_logs/hark_fileid_151.stderr.log,4
152,/mnt/d/邵鹏远/UCL/博1/code/audition_pipeline/data/dataset_4mic_3spk/Eval/mic/mic_fileid_152_doa81_3spk.wav,/mnt/d/邵鹏远/UCL/博1/code/audition_pipeline/ablation_study/baseline/results/HARK_n/official_hark_outputs/fileid_152,/mnt/d/邵鹏远/UCL/博1/code/audition_pipeline/ablation_study/baseline/results/HARK_n/official_hark_outputs/fileid_152/hark_fileid_152_mic_fileid_152_doa81_3spk,batchflow '/mnt/d/邵鹏远/UCL/博1/code/audition_pipeline/ablation_study/baseline/results/HARK_n/official_hark_outputs/fileid_152/runtime_fileid_152.n' '/mnt/d/邵鹏远/UCL/博1/code/audition_pipeline/data/dataset_4mic_3spk/Eval/mic/mic_fileid_152_doa81_3spk.wav' '/mnt/d/邵鹏远/UCL/博1/code/audition_pipeline/ablation_study/baseline/results/HARK_n/official_hark_outputs/fileid_152/hark_fileid_152_mic_fileid_152_doa81_3spk',0,6.246777784000187,/mnt/d/邵鹏远/UCL/博1/code/audition_pipeline/ablation_study/baseline/results/HARK_n/official_hark_logs/hark_fileid_152.stdout.log,/mnt/d/邵鹏远/UCL/博1/code/audition_pipeline/ablation_study/baseline/results/HARK_n/official_hark_logs/hark_fileid_152.stderr.log,3
153,/mnt/d/邵鹏远/UCL/博1/code/audition_pipeline/data/dataset_4mic_3spk/Eval/mic/mic_fileid_153_doa13_3spk.wav,/mnt/d/邵鹏远/UCL/博1/code/audition_pipeline/ablation_study/baseline/results/HARK_n/official_hark_outputs/fileid_153,/mnt/d/邵鹏远/UCL/博1/code/audition_pipeline/ablation_study/baseline/results/HARK_n/official_hark_outputs/fileid_153/hark_fileid_153_mic_fileid_153_doa13_3spk,batchflow '/mnt/d/邵鹏远/UCL/博1/code/audition_pipeline/ablation_study/baseline/results/HARK_n/official_hark_outputs/fileid_153/runtime_fileid_153.n' '/mnt/d/邵鹏远/UCL/博1/code/audition_pipeline/data/dataset_4mic_3spk/Eval/mic/mic_fileid_153_doa13_3spk.wav' '/mnt/d/邵鹏远/UCL/博1/code/audition_pipeline/ablation_study/baseline/results/HARK_n/official_hark_outputs/fileid_153/hark_fileid_153_mic_fileid_153_doa13_3spk',0,6.075749809999252,/mnt/d/邵鹏远/UCL/博1/code/audition_pipeline/ablation_study/baseline/results/HARK_n/official_hark_logs/hark_fileid_153.stdout.log,/mnt/d/邵鹏远/UCL/博1/code/audition_pipeline/ablation_study/baseline/results/HARK_n/official_hark_logs/hark_fileid_153.stderr.log,3
154,/mnt/d/邵鹏远/UCL/博1/code/audition_pipeline/data/dataset_4mic_3spk/Eval/mic/mic_fileid_154_doa109_3spk.wav,/mnt/d/邵鹏远/UCL/博1/code/audition_pipeline/ablation_study/baseline/results/HARK_n/official_hark_outputs/fileid_154,/mnt/d/邵鹏远/UCL/博1/code/audition_pipeline/ablation_study/baseline/results/HARK_n/official_hark_outputs/fileid_154/hark_fileid_154_mic_fileid_154_doa109_3spk,batchflow '/mnt/d/邵鹏远/UCL/博1/code/audition_pipeline/ablation_study/baseline/results/HARK_n/official_hark_outputs/fileid_154/runtime_fileid_154.n' '/mnt/d/邵鹏远/UCL/博1/code/audition_pipeline/data/dataset_4mic_3spk/Eval/mic/mic_fileid_154_doa109_3spk.wav' '/mnt/d/邵鹏远/UCL/博1/code/audition_pipeline/ablation_study/baseline/results/HARK_n/official_hark_outputs/fileid_154/hark_fileid_154_mic_fileid_154_doa109_3spk',0,6.655382875000214,/mnt/d/邵鹏远/UCL/博1/code/audition_pipeline/ablation_study/baseline/results/HARK_n/official_hark_logs/hark_fileid_154.stdout.log,/mnt/d/邵鹏远/UCL/博1/code/audition_pipeline/ablation_study/baseline/results/HARK_n/official_hark_logs/hark_fileid_154.stderr.log,3
155,/mnt/d/邵鹏远/UCL/博1/code/audition_pipeline/data/dataset_4mic_3spk/Eval/mic/mic_fileid_155_doa4_3spk.wav,/mnt/d/邵鹏远/UCL/博1/code/audition_pipeline/ablation_study/baseline/results/HARK_n/official_hark_outputs/fileid_155,/mnt/d/邵鹏远/UCL/博1/code/audition_pipeline/ablation_study/baseline/results/HARK_n/official_hark_outputs/fileid_155/hark_fileid_155_mic_fileid_155_doa4_3spk,batchflow '/mnt/d/邵鹏远/UCL/博1/code/audition_pipeline/ablation_study/baseline/results/HARK_n/official_hark_outputs/fileid_155/runtime_fileid_155.n' '/mnt/d/邵鹏远/UCL/博1/code/audition_pipeline/data/dataset_4mic_3spk/Eval/mic/mic_fileid_155_doa4_3spk.wav' '/mnt/d/邵鹏远/UCL/博1/code/audition_pipeline/ablation_study/baseline/results/HARK_n/official_hark_outputs/fileid_155/hark_fileid_155_mic_fileid_155_doa4_3spk',0,8.187348006999855,/mnt/d/邵鹏远/UCL/博1/code/audition_pipeline/ablation_study/baseline/results/HARK_n/official_hark_logs/hark_fileid_155.stdout.log,/mnt/d/邵鹏远/UCL/博1/code/audition_pipeline/ablation_study/baseline/results/HARK_n/official_hark_logs/hark_fileid_155.stderr.log,5
156,/mnt/d/邵鹏远/UCL/博1/code/audition_pipeline/data/dataset_4mic_3spk/Eval/mic/mic_fileid_156_doa54_3spk.wav,/mnt/d/邵鹏远/UCL/博1/code/audition_pipeline/ablation_study/baseline/results/HARK_n/official_hark_outputs/fileid_156,/mnt/d/邵鹏远/UCL/博1/code/audition_pipeline/ablation_study/baseline/results/HARK_n/official_hark_outputs/fileid_156/hark_fileid_156_mic_fileid_156_doa54_3spk,batchflow '/mnt/d/邵鹏远/UCL/博1/code/audition_pipeline/ablation_study/baseline/results/HARK_n/official_hark_outputs/fileid_156/runtime_fileid_156.n' '/mnt/d/邵鹏远/UCL/博1/code/audition_pipeline/data/dataset_4mic_3spk/Eval/mic/mic_fileid_156_doa54_3spk.wav' '/mnt/d/邵鹏远/UCL/博1/code/audition_pipeline/ablation_study/baseline/results/HARK_n/official_hark_outputs/fileid_156/hark_fileid_156_mic_fileid_156_doa54_3spk',0,7.279486884000107,/mnt/d/邵鹏远/UCL/博1/code/audition_pipeline/ablation_study/baseline/results/HARK_n/official_hark_logs/hark_fileid_156.stdout.log,/mnt/d/邵鹏远/UCL/博1/code/audition_pipeline/ablation_study/baseline/results/HARK_n/official_hark_logs/hark_fileid_156.stderr.log,5
157,/mnt/d/邵鹏远/UCL/博1/code/audition_pipeline/data/dataset_4mic_3spk/Eval/mic/mic_fileid_157_doa8_3spk.wav,/mnt/d/邵鹏远/UCL/博1/code/audition_pipeline/ablation_study/baseline/results/HARK_n/official_hark_outputs/fileid_157,/mnt/d/邵鹏远/UCL/博1/code/audition_pipeline/ablation_study/baseline/results/HARK_n/official_hark_outputs/fileid_157/hark_fileid_157_mic_fileid_157_doa8_3spk,batchflow '/mnt/d/邵鹏远/UCL/博1/code/audition_pipeline/ablation_study/baseline/results/HARK_n/official_hark_outputs/fileid_157/runtime_fileid_157.n' '/mnt/d/邵鹏远/UCL/博1/code/audition_pipeline/data/dataset_4mic_3spk/Eval/mic/mic_fileid_157_doa8_3spk.wav' '/mnt/d/邵鹏远/UCL/博1/code/audition_pipeline/ablation_study/baseline/results/HARK_n/official_hark_outputs/fileid_157/hark_fileid_157_mic_fileid_157_doa8_3spk',0,6.796042609000324,/mnt/d/邵鹏远/UCL/博1/code/audition_pipeline/ablation_study/baseline/results/HARK_n/official_hark_logs/hark_fileid_157.stdout.log,/mnt/d/邵鹏远/UCL/博1/code/audition_pipeline/ablation_study/baseline/results/HARK_n/official_hark_logs/hark_fileid_157.stderr.log,7
158,/mnt/d/邵鹏远/UCL/博1/code/audition_pipeline/data/dataset_4mic_3spk/Eval/mic/mic_fileid_158_doa77_3spk.wav,/mnt/d/邵鹏远/UCL/博1/code/audition_pipeline/ablation_study/baseline/results/HARK_n/official_hark_outputs/fileid_158,/mnt/d/邵鹏远/UCL/博1/code/audition_pipeline/ablation_study/baseline/results/HARK_n/official_hark_outputs/fileid_158/hark_fileid_158_mic_fileid_158_doa77_3spk,batchflow '/mnt/d/邵鹏远/UCL/博1/code/audition_pipeline/ablation_study/baseline/results/HARK_n/official_hark_outputs/fileid_158/runtime_fileid_158.n' '/mnt/d/邵鹏远/UCL/博1/code/audition_pipeline/data/dataset_4mic_3spk/Eval/mic/mic_fileid_158_doa77_3spk.wav' '/mnt/d/邵鹏远/UCL/博1/code/audition_pipeline/ablation_study/baseline/results/HARK_n/official_hark_outputs/fileid_158/hark_fileid_158_mic_fileid_158_doa77_3spk',0,5.943855401999826,/mnt/d/邵鹏远/UCL/博1/code/audition_pipeline/ablation_study/baseline/results/HARK_n/official_hark_logs/hark_fileid_158.stdout.log,/mnt/d/邵鹏远/UCL/博1/code/audition_pipeline/ablation_study/baseline/results/HARK_n/official_hark_logs/hark_fileid_158.stderr.log,5
159,/mnt/d/邵鹏远/UCL/博1/code/audition_pipeline/data/dataset_4mic_3spk/Eval/mic/mic_fileid_159_doa31_3spk.wav,/mnt/d/邵鹏远/UCL/博1/code/audition_pipeline/ablation_study/baseline/results/HARK_n/official_hark_outputs/fileid_159,/mnt/d/邵鹏远/UCL/博1/code/audition_pipeline/ablation_study/baseline/results/HARK_n/official_hark_outputs/fileid_159/hark_fileid_159_mic_fileid_159_doa31_3spk,batchflow '/mnt/d/邵鹏远/UCL/博1/code/audition_pipeline/ablation_study/baseline/results/HARK_n/official_hark_outputs/fileid_159/runtime_fileid_159.n' '/mnt/d/邵鹏远/UCL/博1/code/audition_pipeline/data/dataset_4mic_3spk/Eval/mic/mic_fileid_159_doa31_3spk.wav' '/mnt/d/邵鹏远/UCL/博1/code/audition_pipeline/ablation_study/baseline/results/HARK_n/official_hark_outputs/fileid_159/hark_fileid_159_mic_fileid_159_doa31_3spk',0,6.947431204000168,/mnt/d/邵鹏远/UCL/博1/code/audition_pipeline/ablation_study/baseline/results/HARK_n/official_hark_logs/hark_fileid_159.stdout.log,/mnt/d/邵鹏远/UCL/博1/code/audition_pipeline/ablation_study/baseline/results/HARK_n/official_hark_logs/hark_fileid_159.stderr.log,5
160,/mnt/d/邵鹏远/UCL/博1/code/audition_pipeline/data/dataset_4mic_3spk/Eval/mic/mic_fileid_160_doa141_3spk.wav,/mnt/d/邵鹏远/UCL/博1/code/audition_pipeline/ablation_study/baseline/results/HARK_n/official_hark_outputs/fileid_160,/mnt/d/邵鹏远/UCL/博1/code/audition_pipeline/ablation_study/baseline/results/HARK_n/official_hark_outputs/fileid_160/hark_fileid_160_mic_fileid_160_doa141_3spk,batchflow '/mnt/d/邵鹏远/UCL/博1/code/audition_pipeline/ablation_study/baseline/results/HARK_n/official_hark_outputs/fileid_160/runtime_fileid_160.n' '/mnt/d/邵鹏远/UCL/博1/code/audition_pipeline/data/dataset_4mic_3spk/Eval/mic/mic_fileid_160_doa141_3spk.wav' '/mnt/d/邵鹏远/UCL/博1/code/audition_pipeline/ablation_study/baseline/results/HARK_n/official_hark_outputs/fileid_160/hark_fileid_160_mic_fileid_160_doa141_3spk',0,7.16567618299996,/mnt/d/邵鹏远/UCL/博1/code/audition_pipeline/ablation_study/baseline/results/HARK_n/official_hark_logs/hark_fileid_160.stdout.log,/mnt/d/邵鹏远/UCL/博1/code/audition_pipeline/ablation_study/baseline/results/HARK_n/official_hark_logs/hark_fileid_160.stderr.log,3
161,/mnt/d/邵鹏远/UCL/博1/code/audition_pipeline/data/dataset_4mic_3spk/Eval/mic/mic_fileid_161_doa59_3spk.wav,/mnt/d/邵鹏远/UCL/博1/code/audition_pipeline/ablation_study/baseline/results/HARK_n/official_hark_outputs/fileid_161,/mnt/d/邵鹏远/UCL/博1/code/audition_pipeline/ablation_study/baseline/results/HARK_n/official_hark_outputs/fileid_161/hark_fileid_161_mic_fileid_161_doa59_3spk,batchflow '/mnt/d/邵鹏远/UCL/博1/code/audition_pipeline/ablation_study/baseline/results/HARK_n/official_hark_outputs/fileid_161/runtime_fileid_161.n' '/mnt/d/邵鹏远/UCL/博1/code/audition_pipeline/data/dataset_4mic_3spk/Eval/mic/mic_fileid_161_doa59_3spk.wav' '/mnt/d/邵鹏远/UCL/博1/code/audition_pipeline/ablation_study/baseline/results/HARK_n/official_hark_outputs/fileid_161/hark_fileid_161_mic_fileid_161_doa59_3spk',0,7.89743882699986,/mnt/d/邵鹏远/UCL/博1/code/audition_pipeline/ablation_study/baseline/results/HARK_n/official_hark_logs/hark_fileid_161.stdout.log,/mnt/d/邵鹏远/UCL/博1/code/audition_pipeline/ablation_study/baseline/results/HARK_n/official_hark_logs/hark_fileid_161.stderr.log,5
162,/mnt/d/邵鹏远/UCL/博1/code/audition_pipeline/data/dataset_4mic_3spk/Eval/mic/mic_fileid_162_doa43_3spk.wav,/mnt/d/邵鹏远/UCL/博1/code/audition_pipeline/ablation_study/baseline/results/HARK_n/official_hark_outputs/fileid_162,/mnt/d/邵鹏远/UCL/博1/code/audition_pipeline/ablation_study/baseline/results/HARK_n/official_hark_outputs/fileid_162/hark_fileid_162_mic_fileid_162_doa43_3spk,batchflow '/mnt/d/邵鹏远/UCL/博1/code/audition_pipeline/ablation_study/baseline/results/HARK_n/official_hark_outputs/fileid_162/runtime_fileid_162.n' '/mnt/d/邵鹏远/UCL/博1/code/audition_pipeline/data/dataset_4mic_3spk/Eval/mic/mic_fileid_162_doa43_3spk.wav' '/mnt/d/邵鹏远/UCL/博1/code/audition_pipeline/ablation_study/baseline/results/HARK_n/official_hark_outputs/fileid_162/hark_fileid_162_mic_fileid_162_doa43_3spk',0,6.270287936000386,/mnt/d/邵鹏远/UCL/博1/code/audition_pipeline/ablation_study/baseline/results/HARK_n/official_hark_logs/hark_fileid_162.stdout.log,/mnt/d/邵鹏远/UCL/博1/code/audition_pipeline/ablation_study/baseline/results/HARK_n/official_hark_logs/hark_fileid_162.stderr.log,7
163,/mnt/d/邵鹏远/UCL/博1/code/audition_pipeline/data/dataset_4mic_3spk/Eval/mic/mic_fileid_163_doa154_3spk.wav,/mnt/d/邵鹏远/UCL/博1/code/audition_pipeline/ablation_study/baseline/results/HARK_n/official_hark_outputs/fileid_163,/mnt/d/邵鹏远/UCL/博1/code/audition_pipeline/ablation_study/baseline/results/HARK_n/official_hark_outputs/fileid_163/hark_fileid_163_mic_fileid_163_doa154_3spk,batchflow '/mnt/d/邵鹏远/UCL/博1/code/audition_pipeline/ablation_study/baseline/results/HARK_n/official_hark_outputs/fileid_163/runtime_fileid_163.n' '/mnt/d/邵鹏远/UCL/博1/code/audition_pipeline/data/dataset_4mic_3spk/Eval/mic/mic_fileid_163_doa154_3spk.wav' '/mnt/d/邵鹏远/UCL/博1/code/audition_pipeline/ablation_study/baseline/results/HARK_n/official_hark_outputs/fileid_163/hark_fileid_163_mic_fileid_163_doa154_3spk',0,7.088022784999339,/mnt/d/邵鹏远/UCL/博1/code/audition_pipeline/ablation_study/baseline/results/HARK_n/official_hark_logs/hark_fileid_163.stdout.log,/mnt/d/邵鹏远/UCL/博1/code/audition_pipeline/ablation_study/baseline/results/HARK_n/official_hark_logs/hark_fileid_163.stderr.log,7
164,/mnt/d/邵鹏远/UCL/博1/code/audition_pipeline/data/dataset_4mic_3spk/Eval/mic/mic_fileid_164_doa84_3spk.wav,/mnt/d/邵鹏远/UCL/博1/code/audition_pipeline/ablation_study/baseline/results/HARK_n/official_hark_outputs/fileid_164,/mnt/d/邵鹏远/UCL/博1/code/audition_pipeline/ablation_study/baseline/results/HARK_n/official_hark_outputs/fileid_164/hark_fileid_164_mic_fileid_164_doa84_3spk,batchflow '/mnt/d/邵鹏远/UCL/博1/code/audition_pipeline/ablation_study/baseline/results/HARK_n/official_hark_outputs/fileid_164/runtime_fileid_164.n' '/mnt/d/邵鹏远/UCL/博1/code/audition_pipeline/data/dataset_4mic_3spk/Eval/mic/mic_fileid_164_doa84_3spk.wav' '/mnt/d/邵鹏远/UCL/博1/code/audition_pipeline/ablation_study/baseline/results/HARK_n/official_hark_outputs/fileid_164/hark_fileid_164_mic_fileid_164_doa84_3spk',0,6.308632923999539,/mnt/d/邵鹏远/UCL/博1/code/audition_pipeline/ablation_study/baseline/results/HARK_n/official_hark_logs/hark_fileid_164.stdout.log,/mnt/d/邵鹏远/UCL/博1/code/audition_pipeline/ablation_study/baseline/results/HARK_n/official_hark_logs/hark_fileid_164.stderr.log,4
165,/mnt/d/邵鹏远/UCL/博1/code/audition_pipeline/data/dataset_4mic_3spk/Eval/mic/mic_fileid_165_doa32_3spk.wav,/mnt/d/邵鹏远/UCL/博1/code/audition_pipeline/ablation_study/baseline/results/HARK_n/official_hark_outputs/fileid_165,/mnt/d/邵鹏远/UCL/博1/code/audition_pipeline/ablation_study/baseline/results/HARK_n/official_hark_outputs/fileid_165/hark_fileid_165_mic_fileid_165_doa32_3spk,batchflow '/mnt/d/邵鹏远/UCL/博1/code/audition_pipeline/ablation_study/baseline/results/HARK_n/official_hark_outputs/fileid_165/runtime_fileid_165.n' '/mnt/d/邵鹏远/UCL/博1/code/audition_pipeline/data/dataset_4mic_3spk/Eval/mic/mic_fileid_165_doa32_3spk.wav' '/mnt/d/邵鹏远/UCL/博1/code/audition_pipeline/ablation_study/baseline/results/HARK_n/official_hark_outputs/fileid_165/hark_fileid_165_mic_fileid_165_doa32_3spk',0,6.6711589629994705,/mnt/d/邵鹏远/UCL/博1/code/audition_pipeline/ablation_study/baseline/results/HARK_n/official_hark_logs/hark_fileid_165.stdout.log,/mnt/d/邵鹏远/UCL/博1/code/audition_pipeline/ablation_study/baseline/results/HARK_n/official_hark_logs/hark_fileid_165.stderr.log,4
166,/mnt/d/邵鹏远/UCL/博1/code/audition_pipeline/data/dataset_4mic_3spk/Eval/mic/mic_fileid_166_doa59_3spk.wav,/mnt/d/邵鹏远/UCL/博1/code/audition_pipeline/ablation_study/baseline/results/HARK_n/official_hark_outputs/fileid_166,/mnt/d/邵鹏远/UCL/博1/code/audition_pipeline/ablation_study/baseline/results/HARK_n/official_hark_outputs/fileid_166/hark_fileid_166_mic_fileid_166_doa59_3spk,batchflow '/mnt/d/邵鹏远/UCL/博1/code/audition_pipeline/ablation_study/baseline/results/HARK_n/official_hark_outputs/fileid_166/runtime_fileid_166.n' '/mnt/d/邵鹏远/UCL/博1/code/audition_pipeline/data/dataset_4mic_3spk/Eval/mic/mic_fileid_166_doa59_3spk.wav' '/mnt/d/邵鹏远/UCL/博1/code/audition_pipeline/ablation_study/baseline/results/HARK_n/official_hark_outputs/fileid_166/hark_fileid_166_mic_fileid_166_doa59_3spk',0,6.957526809999763,/mnt/d/邵鹏远/UCL/博1/code/audition_pipeline/ablation_study/baseline/results/HARK_n/official_hark_logs/hark_fileid_166.stdout.log,/mnt/d/邵鹏远/UCL/博1/code/audition_pipeline/ablation_study/baseline/results/HARK_n/official_hark_logs/hark_fileid_166.stderr.log,6
167,/mnt/d/邵鹏远/UCL/博1/code/audition_pipeline/data/dataset_4mic_3spk/Eval/mic/mic_fileid_167_doa27_3spk.wav,/mnt/d/邵鹏远/UCL/博1/code/audition_pipeline/ablation_study/baseline/results/HARK_n/official_hark_outputs/fileid_167,/mnt/d/邵鹏远/UCL/博1/code/audition_pipeline/ablation_study/baseline/results/HARK_n/official_hark_outputs/fileid_167/hark_fileid_167_mic_fileid_167_doa27_3spk,batchflow '/mnt/d/邵鹏远/UCL/博1/code/audition_pipeline/ablation_study/baseline/results/HARK_n/official_hark_outputs/fileid_167/runtime_fileid_167.n' '/mnt/d/邵鹏远/UCL/博1/code/audition_pipeline/data/dataset_4mic_3spk/Eval/mic/mic_fileid_167_doa27_3spk.wav' '/mnt/d/邵鹏远/UCL/博1/code/audition_pipeline/ablation_study/baseline/results/HARK_n/official_hark_outputs/fileid_167/hark_fileid_167_mic_fileid_167_doa27_3spk',0,5.899327396999979,/mnt/d/邵鹏远/UCL/博1/code/audition_pipeline/ablation_study/baseline/results/HARK_n/official_hark_logs/hark_fileid_167.stdout.log,/mnt/d/邵鹏远/UCL/博1/code/audition_pipeline/ablation_study/baseline/results/HARK_n/official_hark_logs/hark_fileid_167.stderr.log,3
168,/mnt/d/邵鹏远/UCL/博1/code/audition_pipeline/data/dataset_4mic_3spk/Eval/mic/mic_fileid_168_doa134_3spk.wav,/mnt/d/邵鹏远/UCL/博1/code/audition_pipeline/ablation_study/baseline/results/HARK_n/official_hark_outputs/fileid_168,/mnt/d/邵鹏远/UCL/博1/code/audition_pipeline/ablation_study/baseline/results/HARK_n/official_hark_outputs/fileid_168/hark_fileid_168_mic_fileid_168_doa134_3spk,batchflow '/mnt/d/邵鹏远/UCL/博1/code/audition_pipeline/ablation_study/baseline/results/HARK_n/official_hark_outputs/fileid_168/runtime_fileid_168.n' '/mnt/d/邵鹏远/UCL/博1/code/audition_pipeline/data/dataset_4mic_3spk/Eval/mic/mic_fileid_168_doa134_3spk.wav' '/mnt/d/邵鹏远/UCL/博1/code/audition_pipeline/ablation_study/baseline/results/HARK_n/official_hark_outputs/fileid_168/hark_fileid_168_mic_fileid_168_doa134_3spk',0,7.4234458150003775,/mnt/d/邵鹏远/UCL/博1/code/audition_pipeline/ablation_study/baseline/results/HARK_n/official_hark_logs/hark_fileid_168.stdout.log,/mnt/d/邵鹏远/UCL/博1/code/audition_pipeline/ablation_study/baseline/results/HARK_n/official_hark_logs/hark_fileid_168.stderr.log,5
169,/mnt/d/邵鹏远/UCL/博1/code/audition_pipeline/data/dataset_4mic_3spk/Eval/mic/mic_fileid_169_doa149_3spk.wav,/mnt/d/邵鹏远/UCL/博1/code/audition_pipeline/ablation_study/baseline/results/HARK_n/official_hark_outputs/fileid_169,/mnt/d/邵鹏远/UCL/博1/code/audition_pipeline/ablation_study/baseline/results/HARK_n/official_hark_outputs/fileid_169/hark_fileid_169_mic_fileid_169_doa149_3spk,batchflow '/mnt/d/邵鹏远/UCL/博1/code/audition_pipeline/ablation_study/baseline/results/HARK_n/official_hark_outputs/fileid_169/runtime_fileid_169.n' '/mnt/d/邵鹏远/UCL/博1/code/audition_pipeline/data/dataset_4mic_3spk/Eval/mic/mic_fileid_169_doa149_3spk.wav' '/mnt/d/邵鹏远/UCL/博1/code/audition_pipeline/ablation_study/baseline/results/HARK_n/official_hark_outputs/fileid_169/hark_fileid_169_mic_fileid_169_doa149_3spk',0,6.5222514500001125,/mnt/d/邵鹏远/UCL/博1/code/audition_pipeline/ablation_study/baseline/results/HARK_n/official_hark_logs/hark_fileid_169.stdout.log,/mnt/d/邵鹏远/UCL/博1/code/audition_pipeline/ablation_study/baseline/results/HARK_n/official_hark_logs/hark_fileid_169.stderr.log,3
170,/mnt/d/邵鹏远/UCL/博1/code/audition_pipeline/data/dataset_4mic_3spk/Eval/mic/mic_fileid_170_doa57_3spk.wav,/mnt/d/邵鹏远/UCL/博1/code/audition_pipeline/ablation_study/baseline/results/HARK_n/official_hark_outputs/fileid_170,/mnt/d/邵鹏远/UCL/博1/code/audition_pipeline/ablation_study/baseline/results/HARK_n/official_hark_outputs/fileid_170/hark_fileid_170_mic_fileid_170_doa57_3spk,batchflow '/mnt/d/邵鹏远/UCL/博1/code/audition_pipeline/ablation_study/baseline/results/HARK_n/official_hark_outputs/fileid_170/runtime_fileid_170.n' '/mnt/d/邵鹏远/UCL/博1/code/audition_pipeline/data/dataset_4mic_3spk/Eval/mic/mic_fileid_170_doa57_3spk.wav' '/mnt/d/邵鹏远/UCL/博1/code/audition_pipeline/ablation_study/baseline/results/HARK_n/official_hark_outputs/fileid_170/hark_fileid_170_mic_fileid_170_doa57_3spk',0,7.572865047999585,/mnt/d/邵鹏远/UCL/博1/code/audition_pipeline/ablation_study/baseline/results/HARK_n/official_hark_logs/hark_fileid_170.stdout.log,/mnt/d/邵鹏远/UCL/博1/code/audition_pipeline/ablation_study/baseline/results/HARK_n/official_hark_logs/hark_fileid_170.stderr.log,5
171,/mnt/d/邵鹏远/UCL/博1/code/audition_pipeline/data/dataset_4mic_3spk/Eval/mic/mic_fileid_171_doa66_3spk.wav,/mnt/d/邵鹏远/UCL/博1/code/audition_pipeline/ablation_study/baseline/results/HARK_n/official_hark_outputs/fileid_171,/mnt/d/邵鹏远/UCL/博1/code/audition_pipeline/ablation_study/baseline/results/HARK_n/official_hark_outputs/fileid_171/hark_fileid_171_mic_fileid_171_doa66_3spk,batchflow '/mnt/d/邵鹏远/UCL/博1/code/audition_pipeline/ablation_study/baseline/results/HARK_n/official_hark_outputs/fileid_171/runtime_fileid_171.n' '/mnt/d/邵鹏远/UCL/博1/code/audition_pipeline/data/dataset_4mic_3spk/Eval/mic/mic_fileid_171_doa66_3spk.wav' '/mnt/d/邵鹏远/UCL/博1/code/audition_pipeline/ablation_study/baseline/results/HARK_n/official_hark_outputs/fileid_171/hark_fileid_171_mic_fileid_171_doa66_3spk',0,6.692699158000323,/mnt/d/邵鹏远/UCL/博1/code/audition_pipeline/ablation_study/baseline/results/HARK_n/official_hark_logs/hark_fileid_171.stdout.log,/mnt/d/邵鹏远/UCL/博1/code/audition_pipeline/ablation_study/baseline/results/HARK_n/official_hark_logs/hark_fileid_171.stderr.log,4
172,/mnt/d/邵鹏远/UCL/博1/code/audition_pipeline/data/dataset_4mic_3spk/Eval/mic/mic_fileid_172_doa1_3spk.wav,/mnt/d/邵鹏远/UCL/博1/code/audition_pipeline/ablation_study/baseline/results/HARK_n/official_hark_outputs/fileid_172,/mnt/d/邵鹏远/UCL/博1/code/audition_pipeline/ablation_study/baseline/results/HARK_n/official_hark_outputs/fileid_172/hark_fileid_172_mic_fileid_172_doa1_3spk,batchflow '/mnt/d/邵鹏远/UCL/博1/code/audition_pipeline/ablation_study/baseline/results/HARK_n/official_hark_outputs/fileid_172/runtime_fileid_172.n' '/mnt/d/邵鹏远/UCL/博1/code/audition_pipeline/data/dataset_4mic_3spk/Eval/mic/mic_fileid_172_doa1_3spk.wav' '/mnt/d/邵鹏远/UCL/博1/code/audition_pipeline/ablation_study/baseline/results/HARK_n/official_hark_outputs/fileid_172/hark_fileid_172_mic_fileid_172_doa1_3spk',0,7.016128418000335,/mnt/d/邵鹏远/UCL/博1/code/audition_pipeline/ablation_study/baseline/results/HARK_n/official_hark_logs/hark_fileid_172.stdout.log,/mnt/d/邵鹏远/UCL/博1/code/audition_pipeline/ablation_study/baseline/results/HARK_n/official_hark_logs/hark_fileid_172.stderr.log,6
173,/mnt/d/邵鹏远/UCL/博1/code/audition_pipeline/data/dataset_4mic_3spk/Eval/mic/mic_fileid_173_doa42_3spk.wav,/mnt/d/邵鹏远/UCL/博1/code/audition_pipeline/ablation_study/baseline/results/HARK_n/official_hark_outputs/fileid_173,/mnt/d/邵鹏远/UCL/博1/code/audition_pipeline/ablation_study/baseline/results/HARK_n/official_hark_outputs/fileid_173/hark_fileid_173_mic_fileid_173_doa42_3spk,batchflow '/mnt/d/邵鹏远/UCL/博1/code/audition_pipeline/ablation_study/baseline/results/HARK_n/official_hark_outputs/fileid_173/runtime_fileid_173.n' '/mnt/d/邵鹏远/UCL/博1/code/audition_pipeline/data/dataset_4mic_3spk/Eval/mic/mic_fileid_173_doa42_3spk.wav' '/mnt/d/邵鹏远/UCL/博1/code/audition_pipeline/ablation_study/baseline/results/HARK_n/official_hark_outputs/fileid_173/hark_fileid_173_mic_fileid_173_doa42_3spk',0,7.060376484999324,/mnt/d/邵鹏远/UCL/博1/code/audition_pipeline/ablation_study/baseline/results/HARK_n/official_hark_logs/hark_fileid_173.stdout.log,/mnt/d/邵鹏远/UCL/博1/code/audition_pipeline/ablation_study/baseline/results/HARK_n/official_hark_logs/hark_fileid_173.stderr.log,6
174,/mnt/d/邵鹏远/UCL/博1/code/audition_pipeline/data/dataset_4mic_3spk/Eval/mic/mic_fileid_174_doa166_3spk.wav,/mnt/d/邵鹏远/UCL/博1/code/audition_pipeline/ablation_study/baseline/results/HARK_n/official_hark_outputs/fileid_174,/mnt/d/邵鹏远/UCL/博1/code/audition_pipeline/ablation_study/baseline/results/HARK_n/official_hark_outputs/fileid_174/hark_fileid_174_mic_fileid_174_doa166_3spk,batchflow '/mnt/d/邵鹏远/UCL/博1/code/audition_pipeline/ablation_study/baseline/results/HARK_n/official_hark_outputs/fileid_174/runtime_fileid_174.n' '/mnt/d/邵鹏远/UCL/博1/code/audition_pipeline/data/dataset_4mic_3spk/Eval/mic/mic_fileid_174_doa166_3spk.wav' '/mnt/d/邵鹏远/UCL/博1/code/audition_pipeline/ablation_study/baseline/results/HARK_n/official_hark_outputs/fileid_174/hark_fileid_174_mic_fileid_174_doa166_3spk',0,6.453632757999912,/mnt/d/邵鹏远/UCL/博1/code/audition_pipeline/ablation_study/baseline/results/HARK_n/official_hark_logs/hark_fileid_174.stdout.log,/mnt/d/邵鹏远/UCL/博1/code/audition_pipeline/ablation_study/baseline/results/HARK_n/official_hark_logs/hark_fileid_174.stderr.log,5
175,/mnt/d/邵鹏远/UCL/博1/code/audition_pipeline/data/dataset_4mic_3spk/Eval/mic/mic_fileid_175_doa16_3spk.wav,/mnt/d/邵鹏远/UCL/博1/code/audition_pipeline/ablation_study/baseline/results/HARK_n/official_hark_outputs/fileid_175,/mnt/d/邵鹏远/UCL/博1/code/audition_pipeline/ablation_study/baseline/results/HARK_n/official_hark_outputs/fileid_175/hark_fileid_175_mic_fileid_175_doa16_3spk,batchflow '/mnt/d/邵鹏远/UCL/博1/code/audition_pipeline/ablation_study/baseline/results/HARK_n/official_hark_outputs/fileid_175/runtime_fileid_175.n' '/mnt/d/邵鹏远/UCL/博1/code/audition_pipeline/data/dataset_4mic_3spk/Eval/mic/mic_fileid_175_doa16_3spk.wav' '/mnt/d/邵鹏远/UCL/博1/code/audition_pipeline/ablation_study/baseline/results/HARK_n/official_hark_outputs/fileid_175/hark_fileid_175_mic_fileid_175_doa16_3spk',0,7.189130386000215,/mnt/d/邵鹏远/UCL/博1/code/audition_pipeline/ablation_study/baseline/results/HARK_n/official_hark_logs/hark_fileid_175.stdout.log,/mnt/d/邵鹏远/UCL/博1/code/audition_pipeline/ablation_study/baseline/results/HARK_n/official_hark_logs/hark_fileid_175.stderr.log,5
176,/mnt/d/邵鹏远/UCL/博1/code/audition_pipeline/data/dataset_4mic_3spk/Eval/mic/mic_fileid_176_doa208_3spk.wav,/mnt/d/邵鹏远/UCL/博1/code/audition_pipeline/ablation_study/baseline/results/HARK_n/official_hark_outputs/fileid_176,/mnt/d/邵鹏远/UCL/博1/code/audition_pipeline/ablation_study/baseline/results/HARK_n/official_hark_outputs/fileid_176/hark_fileid_176_mic_fileid_176_doa208_3spk,batchflow '/mnt/d/邵鹏远/UCL/博1/code/audition_pipeline/ablation_study/baseline/results/HARK_n/official_hark_outputs/fileid_176/runtime_fileid_176.n' '/mnt/d/邵鹏远/UCL/博1/code/audition_pipeline/data/dataset_4mic_3spk/Eval/mic/mic_fileid_176_doa208_3spk.wav' '/mnt/d/邵鹏远/UCL/博1/code/audition_pipeline/ablation_study/baseline/results/HARK_n/official_hark_outputs/fileid_176/hark_fileid_176_mic_fileid_176_doa208_3spk',0,7.242593736999879,/mnt/d/邵鹏远/UCL/博1/code/audition_pipeline/ablation_study/baseline/results/HARK_n/official_hark_logs/hark_fileid_176.stdout.log,/mnt/d/邵鹏远/UCL/博1/code/audition_pipeline/ablation_study/baseline/results/HARK_n/official_hark_logs/hark_fileid_176.stderr.log,6
177,/mnt/d/邵鹏远/UCL/博1/code/audition_pipeline/data/dataset_4mic_3spk/Eval/mic/mic_fileid_177_doa189_3spk.wav,/mnt/d/邵鹏远/UCL/博1/code/audition_pipeline/ablation_study/baseline/results/HARK_n/official_hark_outputs/fileid_177,/mnt/d/邵鹏远/UCL/博1/code/audition_pipeline/ablation_study/baseline/results/HARK_n/official_hark_outputs/fileid_177/hark_fileid_177_mic_fileid_177_doa189_3spk,batchflow '/mnt/d/邵鹏远/UCL/博1/code/audition_pipeline/ablation_study/baseline/results/HARK_n/official_hark_outputs/fileid_177/runtime_fileid_177.n' '/mnt/d/邵鹏远/UCL/博1/code/audition_pipeline/data/dataset_4mic_3spk/Eval/mic/mic_fileid_177_doa189_3spk.wav' '/mnt/d/邵鹏远/UCL/博1/code/audition_pipeline/ablation_study/baseline/results/HARK_n/official_hark_outputs/fileid_177/hark_fileid_177_mic_fileid_177_doa189_3spk',0,6.24708727000052,/mnt/d/邵鹏远/UCL/博1/code/audition_pipeline/ablation_study/baseline/results/HARK_n/official_hark_logs/hark_fileid_177.stdout.log,/mnt/d/邵鹏远/UCL/博1/code/audition_pipeline/ablation_study/baseline/results/HARK_n/official_hark_logs/hark_fileid_177.stderr.log,3
178,/mnt/d/邵鹏远/UCL/博1/code/audition_pipeline/data/dataset_4mic_3spk/Eval/mic/mic_fileid_178_doa161_3spk.wav,/mnt/d/邵鹏远/UCL/博1/code/audition_pipeline/ablation_study/baseline/results/HARK_n/official_hark_outputs/fileid_178,/mnt/d/邵鹏远/UCL/博1/code/audition_pipeline/ablation_study/baseline/results/HARK_n/official_hark_outputs/fileid_178/hark_fileid_178_mic_fileid_178_doa161_3spk,batchflow '/mnt/d/邵鹏远/UCL/博1/code/audition_pipeline/ablation_study/baseline/results/HARK_n/official_hark_outputs/fileid_178/runtime_fileid_178.n' '/mnt/d/邵鹏远/UCL/博1/code/audition_pipeline/data/dataset_4mic_3spk/Eval/mic/mic_fileid_178_doa161_3spk.wav' '/mnt/d/邵鹏远/UCL/博1/code/audition_pipeline/ablation_study/baseline/results/HARK_n/official_hark_outputs/fileid_178/hark_fileid_178_mic_fileid_178_doa161_3spk',0,5.934596223999506,/mnt/d/邵鹏远/UCL/博1/code/audition_pipeline/ablation_study/baseline/results/HARK_n/official_hark_logs/hark_fileid_178.stdout.log,/mnt/d/邵鹏远/UCL/博1/code/audition_pipeline/ablation_study/baseline/results/HARK_n/official_hark_logs/hark_fileid_178.stderr.log,5
179,/mnt/d/邵鹏远/UCL/博1/code/audition_pipeline/data/dataset_4mic_3spk/Eval/mic/mic_fileid_179_doa105_3spk.wav,/mnt/d/邵鹏远/UCL/博1/code/audition_pipeline/ablation_study/baseline/results/HARK_n/official_hark_outputs/fileid_179,/mnt/d/邵鹏远/UCL/博1/code/audition_pipeline/ablation_study/baseline/results/HARK_n/official_hark_outputs/fileid_179/hark_fileid_179_mic_fileid_179_doa105_3spk,batchflow '/mnt/d/邵鹏远/UCL/博1/code/audition_pipeline/ablation_study/baseline/results/HARK_n/official_hark_outputs/fileid_179/runtime_fileid_179.n' '/mnt/d/邵鹏远/UCL/博1/code/audition_pipeline/data/dataset_4mic_3spk/Eval/mic/mic_fileid_179_doa105_3spk.wav' '/mnt/d/邵鹏远/UCL/博1/code/audition_pipeline/ablation_study/baseline/results/HARK_n/official_hark_outputs/fileid_179/hark_fileid_179_mic_fileid_179_doa105_3spk',0,7.807582563999858,/mnt/d/邵鹏远/UCL/博1/code/audition_pipeline/ablation_study/baseline/results/HARK_n/official_hark_logs/hark_fileid_179.stdout.log,/mnt/d/邵鹏远/UCL/博1/code/audition_pipeline/ablation_study/baseline/results/HARK_n/official_hark_logs/hark_fileid_179.stderr.log,5
180,/mnt/d/邵鹏远/UCL/博1/code/audition_pipeline/data/dataset_4mic_3spk/Eval/mic/mic_fileid_180_doa24_3spk.wav,/mnt/d/邵鹏远/UCL/博1/code/audition_pipeline/ablation_study/baseline/results/HARK_n/official_hark_outputs/fileid_180,/mnt/d/邵鹏远/UCL/博1/code/audition_pipeline/ablation_study/baseline/results/HARK_n/official_hark_outputs/fileid_180/hark_fileid_180_mic_fileid_180_doa24_3spk,batchflow '/mnt/d/邵鹏远/UCL/博1/code/audition_pipeline/ablation_study/baseline/results/HARK_n/official_hark_outputs/fileid_180/runtime_fileid_180.n' '/mnt/d/邵鹏远/UCL/博1/code/audition_pipeline/data/dataset_4mic_3spk/Eval/mic/mic_fileid_180_doa24_3spk.wav' '/mnt/d/邵鹏远/UCL/博1/code/audition_pipeline/ablation_study/baseline/results/HARK_n/official_hark_outputs/fileid_180/hark_fileid_180_mic_fileid_180_doa24_3spk',0,7.586975066000377,/mnt/d/邵鹏远/UCL/博1/code/audition_pipeline/ablation_study/baseline/results/HARK_n/official_hark_logs/hark_fileid_180.stdout.log,/mnt/d/邵鹏远/UCL/博1/code/audition_pipeline/ablation_study/baseline/results/HARK_n/official_hark_logs/hark_fileid_180.stderr.log,7
181,/mnt/d/邵鹏远/UCL/博1/code/audition_pipeline/data/dataset_4mic_3spk/Eval/mic/mic_fileid_181_doa88_3spk.wav,/mnt/d/邵鹏远/UCL/博1/code/audition_pipeline/ablation_study/baseline/results/HARK_n/official_hark_outputs/fileid_181,/mnt/d/邵鹏远/UCL/博1/code/audition_pipeline/ablation_study/baseline/results/HARK_n/official_hark_outputs/fileid_181/hark_fileid_181_mic_fileid_181_doa88_3spk,batchflow '/mnt/d/邵鹏远/UCL/博1/code/audition_pipeline/ablation_study/baseline/results/HARK_n/official_hark_outputs/fileid_181/runtime_fileid_181.n' '/mnt/d/邵鹏远/UCL/博1/code/audition_pipeline/data/dataset_4mic_3spk/Eval/mic/mic_fileid_181_doa88_3spk.wav' '/mnt/d/邵鹏远/UCL/博1/code/audition_pipeline/ablation_study/baseline/results/HARK_n/official_hark_outputs/fileid_181/hark_fileid_181_mic_fileid_181_doa88_3spk',0,6.5360600089998115,/mnt/d/邵鹏远/UCL/博1/code/audition_pipeline/ablation_study/baseline/results/HARK_n/official_hark_logs/hark_fileid_181.stdout.log,/mnt/d/邵鹏远/UCL/博1/code/audition_pipeline/ablation_study/baseline/results/HARK_n/official_hark_logs/hark_fileid_181.stderr.log,5
182,/mnt/d/邵鹏远/UCL/博1/code/audition_pipeline/data/dataset_4mic_3spk/Eval/mic/mic_fileid_182_doa130_3spk.wav,/mnt/d/邵鹏远/UCL/博1/code/audition_pipeline/ablation_study/baseline/results/HARK_n/official_hark_outputs/fileid_182,/mnt/d/邵鹏远/UCL/博1/code/audition_pipeline/ablation_study/baseline/results/HARK_n/official_hark_outputs/fileid_182/hark_fileid_182_mic_fileid_182_doa130_3spk,batchflow '/mnt/d/邵鹏远/UCL/博1/code/audition_pipeline/ablation_study/baseline/results/HARK_n/official_hark_outputs/fileid_182/runtime_fileid_182.n' '/mnt/d/邵鹏远/UCL/博1/code/audition_pipeline/data/dataset_4mic_3spk/Eval/mic/mic_fileid_182_doa130_3spk.wav' '/mnt/d/邵鹏远/UCL/博1/code/audition_pipeline/ablation_study/baseline/results/HARK_n/official_hark_outputs/fileid_182/hark_fileid_182_mic_fileid_182_doa130_3spk',0,7.120411193999644,/mnt/d/邵鹏远/UCL/博1/code/audition_pipeline/ablation_study/baseline/results/HARK_n/official_hark_logs/hark_fileid_182.stdout.log,/mnt/d/邵鹏远/UCL/博1/code/audition_pipeline/ablation_study/baseline/results/HARK_n/official_hark_logs/hark_fileid_182.stderr.log,5
183,/mnt/d/邵鹏远/UCL/博1/code/audition_pipeline/data/dataset_4mic_3spk/Eval/mic/mic_fileid_183_doa59_3spk.wav,/mnt/d/邵鹏远/UCL/博1/code/audition_pipeline/ablation_study/baseline/results/HARK_n/official_hark_outputs/fileid_183,/mnt/d/邵鹏远/UCL/博1/code/audition_pipeline/ablation_study/baseline/results/HARK_n/official_hark_outputs/fileid_183/hark_fileid_183_mic_fileid_183_doa59_3spk,batchflow '/mnt/d/邵鹏远/UCL/博1/code/audition_pipeline/ablation_study/baseline/results/HARK_n/official_hark_outputs/fileid_183/runtime_fileid_183.n' '/mnt/d/邵鹏远/UCL/博1/code/audition_pipeline/data/dataset_4mic_3spk/Eval/mic/mic_fileid_183_doa59_3spk.wav' '/mnt/d/邵鹏远/UCL/博1/code/audition_pipeline/ablation_study/baseline/results/HARK_n/official_hark_outputs/fileid_183/hark_fileid_183_mic_fileid_183_doa59_3spk',0,6.321177900999828,/mnt/d/邵鹏远/UCL/博1/code/audition_pipeline/ablation_study/baseline/results/HARK_n/official_hark_logs/hark_fileid_183.stdout.log,/mnt/d/邵鹏远/UCL/博1/code/audition_pipeline/ablation_study/baseline/results/HARK_n/official_hark_logs/hark_fileid_183.stderr.log,3
184,/mnt/d/邵鹏远/UCL/博1/code/audition_pipeline/data/dataset_4mic_3spk/Eval/mic/mic_fileid_184_doa65_3spk.wav,/mnt/d/邵鹏远/UCL/博1/code/audition_pipeline/ablation_study/baseline/results/HARK_n/official_hark_outputs/fileid_184,/mnt/d/邵鹏远/UCL/博1/code/audition_pipeline/ablation_study/baseline/results/HARK_n/official_hark_outputs/fileid_184/hark_fileid_184_mic_fileid_184_doa65_3spk,batchflow '/mnt/d/邵鹏远/UCL/博1/code/audition_pipeline/ablation_study/baseline/results/HARK_n/official_hark_outputs/fileid_184/runtime_fileid_184.n' '/mnt/d/邵鹏远/UCL/博1/code/audition_pipeline/data/dataset_4mic_3spk/Eval/mic/mic_fileid_184_doa65_3spk.wav' '/mnt/d/邵鹏远/UCL/博1/code/audition_pipeline/ablation_study/baseline/results/HARK_n/official_hark_outputs/fileid_184/hark_fileid_184_mic_fileid_184_doa65_3spk',0,7.148174828000265,/mnt/d/邵鹏远/UCL/博1/code/audition_pipeline/ablation_study/baseline/results/HARK_n/official_hark_logs/hark_fileid_184.stdout.log,/mnt/d/邵鹏远/UCL/博1/code/audition_pipeline/ablation_study/baseline/results/HARK_n/official_hark_logs/hark_fileid_184.stderr.log,6
185,/mnt/d/邵鹏远/UCL/博1/code/audition_pipeline/data/dataset_4mic_3spk/Eval/mic/mic_fileid_185_doa35_3spk.wav,/mnt/d/邵鹏远/UCL/博1/code/audition_pipeline/ablation_study/baseline/results/HARK_n/official_hark_outputs/fileid_185,/mnt/d/邵鹏远/UCL/博1/code/audition_pipeline/ablation_study/baseline/results/HARK_n/official_hark_outputs/fileid_185/hark_fileid_185_mic_fileid_185_doa35_3spk,batchflow '/mnt/d/邵鹏远/UCL/博1/code/audition_pipeline/ablation_study/baseline/results/HARK_n/official_hark_outputs/fileid_185/runtime_fileid_185.n' '/mnt/d/邵鹏远/UCL/博1/code/audition_pipeline/data/dataset_4mic_3spk/Eval/mic/mic_fileid_185_doa35_3spk.wav' '/mnt/d/邵鹏远/UCL/博1/code/audition_pipeline/ablation_study/baseline/results/HARK_n/official_hark_outputs/fileid_185/hark_fileid_185_mic_fileid_185_doa35_3spk',0,7.181866229999287,/mnt/d/邵鹏远/UCL/博1/code/audition_pipeline/ablation_study/baseline/results/HARK_n/official_hark_logs/hark_fileid_185.stdout.log,/mnt/d/邵鹏远/UCL/博1/code/audition_pipeline/ablation_study/baseline/results/HARK_n/official_hark_logs/hark_fileid_185.stderr.log,3
186,/mnt/d/邵鹏远/UCL/博1/code/audition_pipeline/data/dataset_4mic_3spk/Eval/mic/mic_fileid_186_doa43_3spk.wav,/mnt/d/邵鹏远/UCL/博1/code/audition_pipeline/ablation_study/baseline/results/HARK_n/official_hark_outputs/fileid_186,/mnt/d/邵鹏远/UCL/博1/code/audition_pipeline/ablation_study/baseline/results/HARK_n/official_hark_outputs/fileid_186/hark_fileid_186_mic_fileid_186_doa43_3spk,batchflow '/mnt/d/邵鹏远/UCL/博1/code/audition_pipeline/ablation_study/baseline/results/HARK_n/official_hark_outputs/fileid_186/runtime_fileid_186.n' '/mnt/d/邵鹏远/UCL/博1/code/audition_pipeline/data/dataset_4mic_3spk/Eval/mic/mic_fileid_186_doa43_3spk.wav' '/mnt/d/邵鹏远/UCL/博1/code/audition_pipeline/ablation_study/baseline/results/HARK_n/official_hark_outputs/fileid_186/hark_fileid_186_mic_fileid_186_doa43_3spk',0,7.4298508430001675,/mnt/d/邵鹏远/UCL/博1/code/audition_pipeline/ablation_study/baseline/results/HARK_n/official_hark_logs/hark_fileid_186.stdout.log,/mnt/d/邵鹏远/UCL/博1/code/audition_pipeline/ablation_study/baseline/results/HARK_n/official_hark_logs/hark_fileid_186.stderr.log,5
187,/mnt/d/邵鹏远/UCL/博1/code/audition_pipeline/data/dataset_4mic_3spk/Eval/mic/mic_fileid_187_doa136_3spk.wav,/mnt/d/邵鹏远/UCL/博1/code/audition_pipeline/ablation_study/baseline/results/HARK_n/official_hark_outputs/fileid_187,/mnt/d/邵鹏远/UCL/博1/code/audition_pipeline/ablation_study/baseline/results/HARK_n/official_hark_outputs/fileid_187/hark_fileid_187_mic_fileid_187_doa136_3spk,batchflow '/mnt/d/邵鹏远/UCL/博1/code/audition_pipeline/ablation_study/baseline/results/HARK_n/official_hark_outputs/fileid_187/runtime_fileid_187.n' '/mnt/d/邵鹏远/UCL/博1/code/audition_pipeline/data/dataset_4mic_3spk/Eval/mic/mic_fileid_187_doa136_3spk.wav' '/mnt/d/邵鹏远/UCL/博1/code/audition_pipeline/ablation_study/baseline/results/HARK_n/official_hark_outputs/fileid_187/hark_fileid_187_mic_fileid_187_doa136_3spk',0,7.407035404999988,/mnt/d/邵鹏远/UCL/博1/code/audition_pipeline/ablation_study/baseline/results/HARK_n/official_hark_logs/hark_fileid_187.stdout.log,/mnt/d/邵鹏远/UCL/博1/code/audition_pipeline/ablation_study/baseline/results/HARK_n/official_hark_logs/hark_fileid_187.stderr.log,5
188,/mnt/d/邵鹏远/UCL/博1/code/audition_pipeline/data/dataset_4mic_3spk/Eval/mic/mic_fileid_188_doa42_3spk.wav,/mnt/d/邵鹏远/UCL/博1/code/audition_pipeline/ablation_study/baseline/results/HARK_n/official_hark_outputs/fileid_188,/mnt/d/邵鹏远/UCL/博1/code/audition_pipeline/ablation_study/baseline/results/HARK_n/official_hark_outputs/fileid_188/hark_fileid_188_mic_fileid_188_doa42_3spk,batchflow '/mnt/d/邵鹏远/UCL/博1/code/audition_pipeline/ablation_study/baseline/results/HARK_n/official_hark_outputs/fileid_188/runtime_fileid_188.n' '/mnt/d/邵鹏远/UCL/博1/code/audition_pipeline/data/dataset_4mic_3spk/Eval/mic/mic_fileid_188_doa42_3spk.wav' '/mnt/d/邵鹏远/UCL/博1/code/audition_pipeline/ablation_study/baseline/results/HARK_n/official_hark_outputs/fileid_188/hark_fileid_188_mic_fileid_188_doa42_3spk',0,6.995520607999424,/mnt/d/邵鹏远/UCL/博1/code/audition_pipeline/ablation_study/baseline/results/HARK_n/official_hark_logs/hark_fileid_188.stdout.log,/mnt/d/邵鹏远/UCL/博1/code/audition_pipeline/ablation_study/baseline/results/HARK_n/official_hark_logs/hark_fileid_188.stderr.log,4
189,/mnt/d/邵鹏远/UCL/博1/code/audition_pipeline/data/dataset_4mic_3spk/Eval/mic/mic_fileid_189_doa19_3spk.wav,/mnt/d/邵鹏远/UCL/博1/code/audition_pipeline/ablation_study/baseline/results/HARK_n/official_hark_outputs/fileid_189,/mnt/d/邵鹏远/UCL/博1/code/audition_pipeline/ablation_study/baseline/results/HARK_n/official_hark_outputs/fileid_189/hark_fileid_189_mic_fileid_189_doa19_3spk,batchflow '/mnt/d/邵鹏远/UCL/博1/code/audition_pipeline/ablation_study/baseline/results/HARK_n/official_hark_outputs/fileid_189/runtime_fileid_189.n' '/mnt/d/邵鹏远/UCL/博1/code/audition_pipeline/data/dataset_4mic_3spk/Eval/mic/mic_fileid_189_doa19_3spk.wav' '/mnt/d/邵鹏远/UCL/博1/code/audition_pipeline/ablation_study/baseline/results/HARK_n/official_hark_outputs/fileid_189/hark_fileid_189_mic_fileid_189_doa19_3spk',0,7.080372099999295,/mnt/d/邵鹏远/UCL/博1/code/audition_pipeline/ablation_study/baseline/results/HARK_n/official_hark_logs/hark_fileid_189.stdout.log,/mnt/d/邵鹏远/UCL/博1/code/audition_pipeline/ablation_study/baseline/results/HARK_n/official_hark_logs/hark_fileid_189.stderr.log,5
190,/mnt/d/邵鹏远/UCL/博1/code/audition_pipeline/data/dataset_4mic_3spk/Eval/mic/mic_fileid_190_doa23_3spk.wav,/mnt/d/邵鹏远/UCL/博1/code/audition_pipeline/ablation_study/baseline/results/HARK_n/official_hark_outputs/fileid_190,/mnt/d/邵鹏远/UCL/博1/code/audition_pipeline/ablation_study/baseline/results/HARK_n/official_hark_outputs/fileid_190/hark_fileid_190_mic_fileid_190_doa23_3spk,batchflow '/mnt/d/邵鹏远/UCL/博1/code/audition_pipeline/ablation_study/baseline/results/HARK_n/official_hark_outputs/fileid_190/runtime_fileid_190.n' '/mnt/d/邵鹏远/UCL/博1/code/audition_pipeline/data/dataset_4mic_3spk/Eval/mic/mic_fileid_190_doa23_3spk.wav' '/mnt/d/邵鹏远/UCL/博1/code/audition_pipeline/ablation_study/baseline/results/HARK_n/official_hark_outputs/fileid_190/hark_fileid_190_mic_fileid_190_doa23_3spk',0,6.621412258000419,/mnt/d/邵鹏远/UCL/博1/code/audition_pipeline/ablation_study/baseline/results/HARK_n/official_hark_logs/hark_fileid_190.stdout.log,/mnt/d/邵鹏远/UCL/博1/code/audition_pipeline/ablation_study/baseline/results/HARK_n/official_hark_logs/hark_fileid_190.stderr.log,4
191,/mnt/d/邵鹏远/UCL/博1/code/audition_pipeline/data/dataset_4mic_3spk/Eval/mic/mic_fileid_191_doa169_3spk.wav,/mnt/d/邵鹏远/UCL/博1/code/audition_pipeline/ablation_study/baseline/results/HARK_n/official_hark_outputs/fileid_191,/mnt/d/邵鹏远/UCL/博1/code/audition_pipeline/ablation_study/baseline/results/HARK_n/official_hark_outputs/fileid_191/hark_fileid_191_mic_fileid_191_doa169_3spk,batchflow '/mnt/d/邵鹏远/UCL/博1/code/audition_pipeline/ablation_study/baseline/results/HARK_n/official_hark_outputs/fileid_191/runtime_fileid_191.n' '/mnt/d/邵鹏远/UCL/博1/code/audition_pipeline/data/dataset_4mic_3spk/Eval/mic/mic_fileid_191_doa169_3spk.wav' '/mnt/d/邵鹏远/UCL/博1/code/audition_pipeline/ablation_study/baseline/results/HARK_n/official_hark_outputs/fileid_191/hark_fileid_191_mic_fileid_191_doa169_3spk',0,6.858115585999258,/mnt/d/邵鹏远/UCL/博1/code/audition_pipeline/ablation_study/baseline/results/HARK_n/official_hark_logs/hark_fileid_191.stdout.log,/mnt/d/邵鹏远/UCL/博1/code/audition_pipeline/ablation_study/baseline/results/HARK_n/official_hark_logs/hark_fileid_191.stderr.log,3
192,/mnt/d/邵鹏远/UCL/博1/code/audition_pipeline/data/dataset_4mic_3spk/Eval/mic/mic_fileid_192_doa84_3spk.wav,/mnt/d/邵鹏远/UCL/博1/code/audition_pipeline/ablation_study/baseline/results/HARK_n/official_hark_outputs/fileid_192,/mnt/d/邵鹏远/UCL/博1/code/audition_pipeline/ablation_study/baseline/results/HARK_n/official_hark_outputs/fileid_192/hark_fileid_192_mic_fileid_192_doa84_3spk,batchflow '/mnt/d/邵鹏远/UCL/博1/code/audition_pipeline/ablation_study/baseline/results/HARK_n/official_hark_outputs/fileid_192/runtime_fileid_192.n' '/mnt/d/邵鹏远/UCL/博1/code/audition_pipeline/data/dataset_4mic_3spk/Eval/mic/mic_fileid_192_doa84_3spk.wav' '/mnt/d/邵鹏远/UCL/博1/code/audition_pipeline/ablation_study/baseline/results/HARK_n/official_hark_outputs/fileid_192/hark_fileid_192_mic_fileid_192_doa84_3spk',0,7.231010214999515,/mnt/d/邵鹏远/UCL/博1/code/audition_pipeline/ablation_study/baseline/results/HARK_n/official_hark_logs/hark_fileid_192.stdout.log,/mnt/d/邵鹏远/UCL/博1/code/audition_pipeline/ablation_study/baseline/results/HARK_n/official_hark_logs/hark_fileid_192.stderr.log,5
193,/mnt/d/邵鹏远/UCL/博1/code/audition_pipeline/data/dataset_4mic_3spk/Eval/mic/mic_fileid_193_doa66_3spk.wav,/mnt/d/邵鹏远/UCL/博1/code/audition_pipeline/ablation_study/baseline/results/HARK_n/official_hark_outputs/fileid_193,/mnt/d/邵鹏远/UCL/博1/code/audition_pipeline/ablation_study/baseline/results/HARK_n/official_hark_outputs/fileid_193/hark_fileid_193_mic_fileid_193_doa66_3spk,batchflow '/mnt/d/邵鹏远/UCL/博1/code/audition_pipeline/ablation_study/baseline/results/HARK_n/official_hark_outputs/fileid_193/runtime_fileid_193.n' '/mnt/d/邵鹏远/UCL/博1/code/audition_pipeline/data/dataset_4mic_3spk/Eval/mic/mic_fileid_193_doa66_3spk.wav' '/mnt/d/邵鹏远/UCL/博1/code/audition_pipeline/ablation_study/baseline/results/HARK_n/official_hark_outputs/fileid_193/hark_fileid_193_mic_fileid_193_doa66_3spk',0,7.9802223390006475,/mnt/d/邵鹏远/UCL/博1/code/audition_pipeline/ablation_study/baseline/results/HARK_n/official_hark_logs/hark_fileid_193.stdout.log,/mnt/d/邵鹏远/UCL/博1/code/audition_pipeline/ablation_study/baseline/results/HARK_n/official_hark_logs/hark_fileid_193.stderr.log,6
194,/mnt/d/邵鹏远/UCL/博1/code/audition_pipeline/data/dataset_4mic_3spk/Eval/mic/mic_fileid_194_doa63_3spk.wav,/mnt/d/邵鹏远/UCL/博1/code/audition_pipeline/ablation_study/baseline/results/HARK_n/official_hark_outputs/fileid_194,/mnt/d/邵鹏远/UCL/博1/code/audition_pipeline/ablation_study/baseline/results/HARK_n/official_hark_outputs/fileid_194/hark_fileid_194_mic_fileid_194_doa63_3spk,batchflow '/mnt/d/邵鹏远/UCL/博1/code/audition_pipeline/ablation_study/baseline/results/HARK_n/official_hark_outputs/fileid_194/runtime_fileid_194.n' '/mnt/d/邵鹏远/UCL/博1/code/audition_pipeline/data/dataset_4mic_3spk/Eval/mic/mic_fileid_194_doa63_3spk.wav' '/mnt/d/邵鹏远/UCL/博1/code/audition_pipeline/ablation_study/baseline/results/HARK_n/official_hark_outputs/fileid_194/hark_fileid_194_mic_fileid_194_doa63_3spk',0,6.6604580299999725,/mnt/d/邵鹏远/UCL/博1/code/audition_pipeline/ablation_study/baseline/results/HARK_n/official_hark_logs/hark_fileid_194.stdout.log,/mnt/d/邵鹏远/UCL/博1/code/audition_pipeline/ablation_study/baseline/results/HARK_n/official_hark_logs/hark_fileid_194.stderr.log,3
195,/mnt/d/邵鹏远/UCL/博1/code/audition_pipeline/data/dataset_4mic_3spk/Eval/mic/mic_fileid_195_doa40_3spk.wav,/mnt/d/邵鹏远/UCL/博1/code/audition_pipeline/ablation_study/baseline/results/HARK_n/official_hark_outputs/fileid_195,/mnt/d/邵鹏远/UCL/博1/code/audition_pipeline/ablation_study/baseline/results/HARK_n/official_hark_outputs/fileid_195/hark_fileid_195_mic_fileid_195_doa40_3spk,batchflow '/mnt/d/邵鹏远/UCL/博1/code/audition_pipeline/ablation_study/baseline/results/HARK_n/official_hark_outputs/fileid_195/runtime_fileid_195.n' '/mnt/d/邵鹏远/UCL/博1/code/audition_pipeline/data/dataset_4mic_3spk/Eval/mic/mic_fileid_195_doa40_3spk.wav' '/mnt/d/邵鹏远/UCL/博1/code/audition_pipeline/ablation_study/baseline/results/HARK_n/official_hark_outputs/fileid_195/hark_fileid_195_mic_fileid_195_doa40_3spk',0,7.128302672000245,/mnt/d/邵鹏远/UCL/博1/code/audition_pipeline/ablation_study/baseline/results/HARK_n/official_hark_logs/hark_fileid_195.stdout.log,/mnt/d/邵鹏远/UCL/博1/code/audition_pipeline/ablation_study/baseline/results/HARK_n/official_hark_logs/hark_fileid_195.stderr.log,6
196,/mnt/d/邵鹏远/UCL/博1/code/audition_pipeline/data/dataset_4mic_3spk/Eval/mic/mic_fileid_196_doa50_3spk.wav,/mnt/d/邵鹏远/UCL/博1/code/audition_pipeline/ablation_study/baseline/results/HARK_n/official_hark_outputs/fileid_196,/mnt/d/邵鹏远/UCL/博1/code/audition_pipeline/ablation_study/baseline/results/HARK_n/official_hark_outputs/fileid_196/hark_fileid_196_mic_fileid_196_doa50_3spk,batchflow '/mnt/d/邵鹏远/UCL/博1/code/audition_pipeline/ablation_study/baseline/results/HARK_n/official_hark_outputs/fileid_196/runtime_fileid_196.n' '/mnt/d/邵鹏远/UCL/博1/code/audition_pipeline/data/dataset_4mic_3spk/Eval/mic/mic_fileid_196_doa50_3spk.wav' '/mnt/d/邵鹏远/UCL/博1/code/audition_pipeline/ablation_study/baseline/results/HARK_n/official_hark_outputs/fileid_196/hark_fileid_196_mic_fileid_196_doa50_3spk',0,6.449508661999971,/mnt/d/邵鹏远/UCL/博1/code/audition_pipeline/ablation_study/baseline/results/HARK_n/official_hark_logs/hark_fileid_196.stdout.log,/mnt/d/邵鹏远/UCL/博1/code/audition_pipeline/ablation_study/baseline/results/HARK_n/official_hark_logs/hark_fileid_196.stderr.log,5
197,/mnt/d/邵鹏远/UCL/博1/code/audition_pipeline/data/dataset_4mic_3spk/Eval/mic/mic_fileid_197_doa7_3spk.wav,/mnt/d/邵鹏远/UCL/博1/code/audition_pipeline/ablation_study/baseline/results/HARK_n/official_hark_outputs/fileid_197,/mnt/d/邵鹏远/UCL/博1/code/audition_pipeline/ablation_study/baseline/results/HARK_n/official_hark_outputs/fileid_197/hark_fileid_197_mic_fileid_197_doa7_3spk,batchflow '/mnt/d/邵鹏远/UCL/博1/code/audition_pipeline/ablation_study/baseline/results/HARK_n/official_hark_outputs/fileid_197/runtime_fileid_197.n' '/mnt/d/邵鹏远/UCL/博1/code/audition_pipeline/data/dataset_4mic_3spk/Eval/mic/mic_fileid_197_doa7_3spk.wav' '/mnt/d/邵鹏远/UCL/博1/code/audition_pipeline/ablation_study/baseline/results/HARK_n/official_hark_outputs/fileid_197/hark_fileid_197_mic_fileid_197_doa7_3spk',0,8.424506074999954,/mnt/d/邵鹏远/UCL/博1/code/audition_pipeline/ablation_study/baseline/results/HARK_n/official_hark_logs/hark_fileid_197.stdout.log,/mnt/d/邵鹏远/UCL/博1/code/audition_pipeline/ablation_study/baseline/results/HARK_n/official_hark_logs/hark_fileid_197.stderr.log,6
198,/mnt/d/邵鹏远/UCL/博1/code/audition_pipeline/data/dataset_4mic_3spk/Eval/mic/mic_fileid_198_doa5_3spk.wav,/mnt/d/邵鹏远/UCL/博1/code/audition_pipeline/ablation_study/baseline/results/HARK_n/official_hark_outputs/fileid_198,/mnt/d/邵鹏远/UCL/博1/code/audition_pipeline/ablation_study/baseline/results/HARK_n/official_hark_outputs/fileid_198/hark_fileid_198_mic_fileid_198_doa5_3spk,batchflow '/mnt/d/邵鹏远/UCL/博1/code/audition_pipeline/ablation_study/baseline/results/HARK_n/official_hark_outputs/fileid_198/runtime_fileid_198.n' '/mnt/d/邵鹏远/UCL/博1/code/audition_pipeline/data/dataset_4mic_3spk/Eval/mic/mic_fileid_198_doa5_3spk.wav' '/mnt/d/邵鹏远/UCL/博1/code/audition_pipeline/ablation_study/baseline/results/HARK_n/official_hark_outputs/fileid_198/hark_fileid_198_mic_fileid_198_doa5_3spk',0,6.975475688000188,/mnt/d/邵鹏远/UCL/博1/code/audition_pipeline/ablation_study/baseline/results/HARK_n/official_hark_logs/hark_fileid_198.stdout.log,/mnt/d/邵鹏远/UCL/博1/code/audition_pipeline/ablation_study/baseline/results/HARK_n/official_hark_logs/hark_fileid_198.stderr.log,5
199,/mnt/d/邵鹏远/UCL/博1/code/audition_pipeline/data/dataset_4mic_3spk/Eval/mic/mic_fileid_199_doa56_3spk.wav,/mnt/d/邵鹏远/UCL/博1/code/audition_pipeline/ablation_study/baseline/results/HARK_n/official_hark_outputs/fileid_199,/mnt/d/邵鹏远/UCL/博1/code/audition_pipeline/ablation_study/baseline/results/HARK_n/official_hark_outputs/fileid_199/hark_fileid_199_mic_fileid_199_doa56_3spk,batchflow '/mnt/d/邵鹏远/UCL/博1/code/audition_pipeline/ablation_study/baseline/results/HARK_n/official_hark_outputs/fileid_199/runtime_fileid_199.n' '/mnt/d/邵鹏远/UCL/博1/code/audition_pipeline/data/dataset_4mic_3spk/Eval/mic/mic_fileid_199_doa56_3spk.wav' '/mnt/d/邵鹏远/UCL/博1/code/audition_pipeline/ablation_study/baseline/results/HARK_n/official_hark_outputs/fileid_199/hark_fileid_199_mic_fileid_199_doa56_3spk',0,6.687629246999677,/mnt/d/邵鹏远/UCL/博1/code/audition_pipeline/ablation_study/baseline/results/HARK_n/official_hark_logs/hark_fileid_199.stdout.log,/mnt/d/邵鹏远/UCL/博1/code/audition_pipeline/ablation_study/baseline/results/HARK_n/official_hark_logs/hark_fileid_199.stderr.log,5
200,/mnt/d/邵鹏远/UCL/博1/code/audition_pipeline/data/dataset_4mic_3spk/Eval/mic/mic_fileid_200_doa103_3spk.wav,/mnt/d/邵鹏远/UCL/博1/code/audition_pipeline/ablation_study/baseline/results/HARK_n/official_hark_outputs/fileid_200,/mnt/d/邵鹏远/UCL/博1/code/audition_pipeline/ablation_study/baseline/results/HARK_n/official_hark_outputs/fileid_200/hark_fileid_200_mic_fileid_200_doa103_3spk,batchflow '/mnt/d/邵鹏远/UCL/博1/code/audition_pipeline/ablation_study/baseline/results/HARK_n/official_hark_outputs/fileid_200/runtime_fileid_200.n' '/mnt/d/邵鹏远/UCL/博1/code/audition_pipeline/data/dataset_4mic_3spk/Eval/mic/mic_fileid_200_doa103_3spk.wav' '/mnt/d/邵鹏远/UCL/博1/code/audition_pipeline/ablation_study/baseline/results/HARK_n/official_hark_outputs/fileid_200/hark_fileid_200_mic_fileid_200_doa103_3spk',0,7.642893754999932,/mnt/d/邵鹏远/UCL/博1/code/audition_pipeline/ablation_study/baseline/results/HARK_n/official_hark_logs/hark_fileid_200.stdout.log,/mnt/d/邵鹏远/UCL/博1/code/audition_pipeline/ablation_study/baseline/results/HARK_n/official_hark_logs/hark_fileid_200.stderr.log,6
201,/mnt/d/邵鹏远/UCL/博1/code/audition_pipeline/data/dataset_4mic_3spk/Eval/mic/mic_fileid_201_doa27_3spk.wav,/mnt/d/邵鹏远/UCL/博1/code/audition_pipeline/ablation_study/baseline/results/HARK_n/official_hark_outputs/fileid_201,/mnt/d/邵鹏远/UCL/博1/code/audition_pipeline/ablation_study/baseline/results/HARK_n/official_hark_outputs/fileid_201/hark_fileid_201_mic_fileid_201_doa27_3spk,batchflow '/mnt/d/邵鹏远/UCL/博1/code/audition_pipeline/ablation_study/baseline/results/HARK_n/official_hark_outputs/fileid_201/runtime_fileid_201.n' '/mnt/d/邵鹏远/UCL/博1/code/audition_pipeline/data/dataset_4mic_3spk/Eval/mic/mic_fileid_201_doa27_3spk.wav' '/mnt/d/邵鹏远/UCL/博1/code/audition_pipeline/ablation_study/baseline/results/HARK_n/official_hark_outputs/fileid_201/hark_fileid_201_mic_fileid_201_doa27_3spk',0,6.47487888500018,/mnt/d/邵鹏远/UCL/博1/code/audition_pipeline/ablation_study/baseline/results/HARK_n/official_hark_logs/hark_fileid_201.stdout.log,/mnt/d/邵鹏远/UCL/博1/code/audition_pipeline/ablation_study/baseline/results/HARK_n/official_hark_logs/hark_fileid_201.stderr.log,3
202,/mnt/d/邵鹏远/UCL/博1/code/audition_pipeline/data/dataset_4mic_3spk/Eval/mic/mic_fileid_202_doa79_3spk.wav,/mnt/d/邵鹏远/UCL/博1/code/audition_pipeline/ablation_study/baseline/results/HARK_n/official_hark_outputs/fileid_202,/mnt/d/邵鹏远/UCL/博1/code/audition_pipeline/ablation_study/baseline/results/HARK_n/official_hark_outputs/fileid_202/hark_fileid_202_mic_fileid_202_doa79_3spk,batchflow '/mnt/d/邵鹏远/UCL/博1/code/audition_pipeline/ablation_study/baseline/results/HARK_n/official_hark_outputs/fileid_202/runtime_fileid_202.n' '/mnt/d/邵鹏远/UCL/博1/code/audition_pipeline/data/dataset_4mic_3spk/Eval/mic/mic_fileid_202_doa79_3spk.wav' '/mnt/d/邵鹏远/UCL/博1/code/audition_pipeline/ablation_study/baseline/results/HARK_n/official_hark_outputs/fileid_202/hark_fileid_202_mic_fileid_202_doa79_3spk',0,4.7157427849997475,/mnt/d/邵鹏远/UCL/博1/code/audition_pipeline/ablation_study/baseline/results/HARK_n/official_hark_logs/hark_fileid_202.stdout.log,/mnt/d/邵鹏远/UCL/博1/code/audition_pipeline/ablation_study/baseline/results/HARK_n/official_hark_logs/hark_fileid_202.stderr.log,5
203,/mnt/d/邵鹏远/UCL/博1/code/audition_pipeline/data/dataset_4mic_3spk/Eval/mic/mic_fileid_203_doa25_3spk.wav,/mnt/d/邵鹏远/UCL/博1/code/audition_pipeline/ablation_study/baseline/results/HARK_n/official_hark_outputs/fileid_203,/mnt/d/邵鹏远/UCL/博1/code/audition_pipeline/ablation_study/baseline/results/HARK_n/official_hark_outputs/fileid_203/hark_fileid_203_mic_fileid_203_doa25_3spk,batchflow '/mnt/d/邵鹏远/UCL/博1/code/audition_pipeline/ablation_study/baseline/results/HARK_n/official_hark_outputs/fileid_203/runtime_fileid_203.n' '/mnt/d/邵鹏远/UCL/博1/code/audition_pipeline/data/dataset_4mic_3spk/Eval/mic/mic_fileid_203_doa25_3spk.wav' '/mnt/d/邵鹏远/UCL/博1/code/audition_pipeline/ablation_study/baseline/results/HARK_n/official_hark_outputs/fileid_203/hark_fileid_203_mic_fileid_203_doa25_3spk',0,7.314871350999965,/mnt/d/邵鹏远/UCL/博1/code/audition_pipeline/ablation_study/baseline/results/HARK_n/official_hark_logs/hark_fileid_203.stdout.log,/mnt/d/邵鹏远/UCL/博1/code/audition_pipeline/ablation_study/baseline/results/HARK_n/official_hark_logs/hark_fileid_203.stderr.log,5
204,/mnt/d/邵鹏远/UCL/博1/code/audition_pipeline/data/dataset_4mic_3spk/Eval/mic/mic_fileid_204_doa190_3spk.wav,/mnt/d/邵鹏远/UCL/博1/code/audition_pipeline/ablation_study/baseline/results/HARK_n/official_hark_outputs/fileid_204,/mnt/d/邵鹏远/UCL/博1/code/audition_pipeline/ablation_study/baseline/results/HARK_n/official_hark_outputs/fileid_204/hark_fileid_204_mic_fileid_204_doa190_3spk,batchflow '/mnt/d/邵鹏远/UCL/博1/code/audition_pipeline/ablation_study/baseline/results/HARK_n/official_hark_outputs/fileid_204/runtime_fileid_204.n' '/mnt/d/邵鹏远/UCL/博1/code/audition_pipeline/data/dataset_4mic_3spk/Eval/mic/mic_fileid_204_doa190_3spk.wav' '/mnt/d/邵鹏远/UCL/博1/code/audition_pipeline/ablation_study/baseline/results/HARK_n/official_hark_outputs/fileid_204/hark_fileid_204_mic_fileid_204_doa190_3spk',0,6.833704665999903,/mnt/d/邵鹏远/UCL/博1/code/audition_pipeline/ablation_study/baseline/results/HARK_n/official_hark_logs/hark_fileid_204.stdout.log,/mnt/d/邵鹏远/UCL/博1/code/audition_pipeline/ablation_study/baseline/results/HARK_n/official_hark_logs/hark_fileid_204.stderr.log,5
205,/mnt/d/邵鹏远/UCL/博1/code/audition_pipeline/data/dataset_4mic_3spk/Eval/mic/mic_fileid_205_doa68_3spk.wav,/mnt/d/邵鹏远/UCL/博1/code/audition_pipeline/ablation_study/baseline/results/HARK_n/official_hark_outputs/fileid_205,/mnt/d/邵鹏远/UCL/博1/code/audition_pipeline/ablation_study/baseline/results/HARK_n/official_hark_outputs/fileid_205/hark_fileid_205_mic_fileid_205_doa68_3spk,batchflow '/mnt/d/邵鹏远/UCL/博1/code/audition_pipeline/ablation_study/baseline/results/HARK_n/official_hark_outputs/fileid_205/runtime_fileid_205.n' '/mnt/d/邵鹏远/UCL/博1/code/audition_pipeline/data/dataset_4mic_3spk/Eval/mic/mic_fileid_205_doa68_3spk.wav' '/mnt/d/邵鹏远/UCL/博1/code/audition_pipeline/ablation_study/baseline/results/HARK_n/official_hark_outputs/fileid_205/hark_fileid_205_mic_fileid_205_doa68_3spk',0,7.552764340999602,/mnt/d/邵鹏远/UCL/博1/code/audition_pipeline/ablation_study/baseline/results/HARK_n/official_hark_logs/hark_fileid_205.stdout.log,/mnt/d/邵鹏远/UCL/博1/code/audition_pipeline/ablation_study/baseline/results/HARK_n/official_hark_logs/hark_fileid_205.stderr.log,5
206,/mnt/d/邵鹏远/UCL/博1/code/audition_pipeline/data/dataset_4mic_3spk/Eval/mic/mic_fileid_206_doa56_3spk.wav,/mnt/d/邵鹏远/UCL/博1/code/audition_pipeline/ablation_study/baseline/results/HARK_n/official_hark_outputs/fileid_206,/mnt/d/邵鹏远/UCL/博1/code/audition_pipeline/ablation_study/baseline/results/HARK_n/official_hark_outputs/fileid_206/hark_fileid_206_mic_fileid_206_doa56_3spk,batchflow '/mnt/d/邵鹏远/UCL/博1/code/audition_pipeline/ablation_study/baseline/results/HARK_n/official_hark_outputs/fileid_206/runtime_fileid_206.n' '/mnt/d/邵鹏远/UCL/博1/code/audition_pipeline/data/dataset_4mic_3spk/Eval/mic/mic_fileid_206_doa56_3spk.wav' '/mnt/d/邵鹏远/UCL/博1/code/audition_pipeline/ablation_study/baseline/results/HARK_n/official_hark_outputs/fileid_206/hark_fileid_206_mic_fileid_206_doa56_3spk',0,6.777854425999976,/mnt/d/邵鹏远/UCL/博1/code/audition_pipeline/ablation_study/baseline/results/HARK_n/official_hark_logs/hark_fileid_206.stdout.log,/mnt/d/邵鹏远/UCL/博1/code/audition_pipeline/ablation_study/baseline/results/HARK_n/official_hark_logs/hark_fileid_206.stderr.log,5
207,/mnt/d/邵鹏远/UCL/博1/code/audition_pipeline/data/dataset_4mic_3spk/Eval/mic/mic_fileid_207_doa138_3spk.wav,/mnt/d/邵鹏远/UCL/博1/code/audition_pipeline/ablation_study/baseline/results/HARK_n/official_hark_outputs/fileid_207,/mnt/d/邵鹏远/UCL/博1/code/audition_pipeline/ablation_study/baseline/results/HARK_n/official_hark_outputs/fileid_207/hark_fileid_207_mic_fileid_207_doa138_3spk,batchflow '/mnt/d/邵鹏远/UCL/博1/code/audition_pipeline/ablation_study/baseline/results/HARK_n/official_hark_outputs/fileid_207/runtime_fileid_207.n' '/mnt/d/邵鹏远/UCL/博1/code/audition_pipeline/data/dataset_4mic_3spk/Eval/mic/mic_fileid_207_doa138_3spk.wav' '/mnt/d/邵鹏远/UCL/博1/code/audition_pipeline/ablation_study/baseline/results/HARK_n/official_hark_outputs/fileid_207/hark_fileid_207_mic_fileid_207_doa138_3spk',0,7.940682028000083,/mnt/d/邵鹏远/UCL/博1/code/audition_pipeline/ablation_study/baseline/results/HARK_n/official_hark_logs/hark_fileid_207.stdout.log,/mnt/d/邵鹏远/UCL/博1/code/audition_pipeline/ablation_study/baseline/results/HARK_n/official_hark_logs/hark_fileid_207.stderr.log,5
208,/mnt/d/邵鹏远/UCL/博1/code/audition_pipeline/data/dataset_4mic_3spk/Eval/mic/mic_fileid_208_doa73_3spk.wav,/mnt/d/邵鹏远/UCL/博1/code/audition_pipeline/ablation_study/baseline/results/HARK_n/official_hark_outputs/fileid_208,/mnt/d/邵鹏远/UCL/博1/code/audition_pipeline/ablation_study/baseline/results/HARK_n/official_hark_outputs/fileid_208/hark_fileid_208_mic_fileid_208_doa73_3spk,batchflow '/mnt/d/邵鹏远/UCL/博1/code/audition_pipeline/ablation_study/baseline/results/HARK_n/official_hark_outputs/fileid_208/runtime_fileid_208.n' '/mnt/d/邵鹏远/UCL/博1/code/audition_pipeline/data/dataset_4mic_3spk/Eval/mic/mic_fileid_208_doa73_3spk.wav' '/mnt/d/邵鹏远/UCL/博1/code/audition_pipeline/ablation_study/baseline/results/HARK_n/official_hark_outputs/fileid_208/hark_fileid_208_mic_fileid_208_doa73_3spk',0,6.565811199000564,/mnt/d/邵鹏远/UCL/博1/code/audition_pipeline/ablation_study/baseline/results/HARK_n/official_hark_logs/hark_fileid_208.stdout.log,/mnt/d/邵鹏远/UCL/博1/code/audition_pipeline/ablation_study/baseline/results/HARK_n/official_hark_logs/hark_fileid_208.stderr.log,5
209,/mnt/d/邵鹏远/UCL/博1/code/audition_pipeline/data/dataset_4mic_3spk/Eval/mic/mic_fileid_209_doa17_3spk.wav,/mnt/d/邵鹏远/UCL/博1/code/audition_pipeline/ablation_study/baseline/results/HARK_n/official_hark_outputs/fileid_209,/mnt/d/邵鹏远/UCL/博1/code/audition_pipeline/ablation_study/baseline/results/HARK_n/official_hark_outputs/fileid_209/hark_fileid_209_mic_fileid_209_doa17_3spk,batchflow '/mnt/d/邵鹏远/UCL/博1/code/audition_pipeline/ablation_study/baseline/results/HARK_n/official_hark_outputs/fileid_209/runtime_fileid_209.n' '/mnt/d/邵鹏远/UCL/博1/code/audition_pipeline/data/dataset_4mic_3spk/Eval/mic/mic_fileid_209_doa17_3spk.wav' '/mnt/d/邵鹏远/UCL/博1/code/audition_pipeline/ablation_study/baseline/results/HARK_n/official_hark_outputs/fileid_209/hark_fileid_209_mic_fileid_209_doa17_3spk',0,6.4337669959995765,/mnt/d/邵鹏远/UCL/博1/code/audition_pipeline/ablation_study/baseline/results/HARK_n/official_hark_logs/hark_fileid_209.stdout.log,/mnt/d/邵鹏远/UCL/博1/code/audition_pipeline/ablation_study/baseline/results/HARK_n/official_hark_logs/hark_fileid_209.stderr.log,5
210,/mnt/d/邵鹏远/UCL/博1/code/audition_pipeline/data/dataset_4mic_3spk/Eval/mic/mic_fileid_210_doa278_3spk.wav,/mnt/d/邵鹏远/UCL/博1/code/audition_pipeline/ablation_study/baseline/results/HARK_n/official_hark_outputs/fileid_210,/mnt/d/邵鹏远/UCL/博1/code/audition_pipeline/ablation_study/baseline/results/HARK_n/official_hark_outputs/fileid_210/hark_fileid_210_mic_fileid_210_doa278_3spk,batchflow '/mnt/d/邵鹏远/UCL/博1/code/audition_pipeline/ablation_study/baseline/results/HARK_n/official_hark_outputs/fileid_210/runtime_fileid_210.n' '/mnt/d/邵鹏远/UCL/博1/code/audition_pipeline/data/dataset_4mic_3spk/Eval/mic/mic_fileid_210_doa278_3spk.wav' '/mnt/d/邵鹏远/UCL/博1/code/audition_pipeline/ablation_study/baseline/results/HARK_n/official_hark_outputs/fileid_210/hark_fileid_210_mic_fileid_210_doa278_3spk',0,7.1556695270001,/mnt/d/邵鹏远/UCL/博1/code/audition_pipeline/ablation_study/baseline/results/HARK_n/official_hark_logs/hark_fileid_210.stdout.log,/mnt/d/邵鹏远/UCL/博1/code/audition_pipeline/ablation_study/baseline/results/HARK_n/official_hark_logs/hark_fileid_210.stderr.log,5
211,/mnt/d/邵鹏远/UCL/博1/code/audition_pipeline/data/dataset_4mic_3spk/Eval/mic/mic_fileid_211_doa55_3spk.wav,/mnt/d/邵鹏远/UCL/博1/code/audition_pipeline/ablation_study/baseline/results/HARK_n/official_hark_outputs/fileid_211,/mnt/d/邵鹏远/UCL/博1/code/audition_pipeline/ablation_study/baseline/results/HARK_n/official_hark_outputs/fileid_211/hark_fileid_211_mic_fileid_211_doa55_3spk,batchflow '/mnt/d/邵鹏远/UCL/博1/code/audition_pipeline/ablation_study/baseline/results/HARK_n/official_hark_outputs/fileid_211/runtime_fileid_211.n' '/mnt/d/邵鹏远/UCL/博1/code/audition_pipeline/data/dataset_4mic_3spk/Eval/mic/mic_fileid_211_doa55_3spk.wav' '/mnt/d/邵鹏远/UCL/博1/code/audition_pipeline/ablation_study/baseline/results/HARK_n/official_hark_outputs/fileid_211/hark_fileid_211_mic_fileid_211_doa55_3spk',0,7.142845515999397,/mnt/d/邵鹏远/UCL/博1/code/audition_pipeline/ablation_study/baseline/results/HARK_n/official_hark_logs/hark_fileid_211.stdout.log,/mnt/d/邵鹏远/UCL/博1/code/audition_pipeline/ablation_study/baseline/results/HARK_n/official_hark_logs/hark_fileid_211.stderr.log,5
212,/mnt/d/邵鹏远/UCL/博1/code/audition_pipeline/data/dataset_4mic_3spk/Eval/mic/mic_fileid_212_doa75_3spk.wav,/mnt/d/邵鹏远/UCL/博1/code/audition_pipeline/ablation_study/baseline/results/HARK_n/official_hark_outputs/fileid_212,/mnt/d/邵鹏远/UCL/博1/code/audition_pipeline/ablation_study/baseline/results/HARK_n/official_hark_outputs/fileid_212/hark_fileid_212_mic_fileid_212_doa75_3spk,batchflow '/mnt/d/邵鹏远/UCL/博1/code/audition_pipeline/ablation_study/baseline/results/HARK_n/official_hark_outputs/fileid_212/runtime_fileid_212.n' '/mnt/d/邵鹏远/UCL/博1/code/audition_pipeline/data/dataset_4mic_3spk/Eval/mic/mic_fileid_212_doa75_3spk.wav' '/mnt/d/邵鹏远/UCL/博1/code/audition_pipeline/ablation_study/baseline/results/HARK_n/official_hark_outputs/fileid_212/hark_fileid_212_mic_fileid_212_doa75_3spk',0,6.98611696900025,/mnt/d/邵鹏远/UCL/博1/code/audition_pipeline/ablation_study/baseline/results/HARK_n/official_hark_logs/hark_fileid_212.stdout.log,/mnt/d/邵鹏远/UCL/博1/code/audition_pipeline/ablation_study/baseline/results/HARK_n/official_hark_logs/hark_fileid_212.stderr.log,4
213,/mnt/d/邵鹏远/UCL/博1/code/audition_pipeline/data/dataset_4mic_3spk/Eval/mic/mic_fileid_213_doa78_3spk.wav,/mnt/d/邵鹏远/UCL/博1/code/audition_pipeline/ablation_study/baseline/results/HARK_n/official_hark_outputs/fileid_213,/mnt/d/邵鹏远/UCL/博1/code/audition_pipeline/ablation_study/baseline/results/HARK_n/official_hark_outputs/fileid_213/hark_fileid_213_mic_fileid_213_doa78_3spk,batchflow '/mnt/d/邵鹏远/UCL/博1/code/audition_pipeline/ablation_study/baseline/results/HARK_n/official_hark_outputs/fileid_213/runtime_fileid_213.n' '/mnt/d/邵鹏远/UCL/博1/code/audition_pipeline/data/dataset_4mic_3spk/Eval/mic/mic_fileid_213_doa78_3spk.wav' '/mnt/d/邵鹏远/UCL/博1/code/audition_pipeline/ablation_study/baseline/results/HARK_n/official_hark_outputs/fileid_213/hark_fileid_213_mic_fileid_213_doa78_3spk',0,6.770436952000637,/mnt/d/邵鹏远/UCL/博1/code/audition_pipeline/ablation_study/baseline/results/HARK_n/official_hark_logs/hark_fileid_213.stdout.log,/mnt/d/邵鹏远/UCL/博1/code/audition_pipeline/ablation_study/baseline/results/HARK_n/official_hark_logs/hark_fileid_213.stderr.log,3
214,/mnt/d/邵鹏远/UCL/博1/code/audition_pipeline/data/dataset_4mic_3spk/Eval/mic/mic_fileid_214_doa74_3spk.wav,/mnt/d/邵鹏远/UCL/博1/code/audition_pipeline/ablation_study/baseline/results/HARK_n/official_hark_outputs/fileid_214,/mnt/d/邵鹏远/UCL/博1/code/audition_pipeline/ablation_study/baseline/results/HARK_n/official_hark_outputs/fileid_214/hark_fileid_214_mic_fileid_214_doa74_3spk,batchflow '/mnt/d/邵鹏远/UCL/博1/code/audition_pipeline/ablation_study/baseline/results/HARK_n/official_hark_outputs/fileid_214/runtime_fileid_214.n' '/mnt/d/邵鹏远/UCL/博1/code/audition_pipeline/data/dataset_4mic_3spk/Eval/mic/mic_fileid_214_doa74_3spk.wav' '/mnt/d/邵鹏远/UCL/博1/code/audition_pipeline/ablation_study/baseline/results/HARK_n/official_hark_outputs/fileid_214/hark_fileid_214_mic_fileid_214_doa74_3spk',0,7.046073014000285,/mnt/d/邵鹏远/UCL/博1/code/audition_pipeline/ablation_study/baseline/results/HARK_n/official_hark_logs/hark_fileid_214.stdout.log,/mnt/d/邵鹏远/UCL/博1/code/audition_pipeline/ablation_study/baseline/results/HARK_n/official_hark_logs/hark_fileid_214.stderr.log,3
215,/mnt/d/邵鹏远/UCL/博1/code/audition_pipeline/data/dataset_4mic_3spk/Eval/mic/mic_fileid_215_doa77_3spk.wav,/mnt/d/邵鹏远/UCL/博1/code/audition_pipeline/ablation_study/baseline/results/HARK_n/official_hark_outputs/fileid_215,/mnt/d/邵鹏远/UCL/博1/code/audition_pipeline/ablation_study/baseline/results/HARK_n/official_hark_outputs/fileid_215/hark_fileid_215_mic_fileid_215_doa77_3spk,batchflow '/mnt/d/邵鹏远/UCL/博1/code/audition_pipeline/ablation_study/baseline/results/HARK_n/official_hark_outputs/fileid_215/runtime_fileid_215.n' '/mnt/d/邵鹏远/UCL/博1/code/audition_pipeline/data/dataset_4mic_3spk/Eval/mic/mic_fileid_215_doa77_3spk.wav' '/mnt/d/邵鹏远/UCL/博1/code/audition_pipeline/ablation_study/baseline/results/HARK_n/official_hark_outputs/fileid_215/hark_fileid_215_mic_fileid_215_doa77_3spk',0,6.574896995000017,/mnt/d/邵鹏远/UCL/博1/code/audition_pipeline/ablation_study/baseline/results/HARK_n/official_hark_logs/hark_fileid_215.stdout.log,/mnt/d/邵鹏远/UCL/博1/code/audition_pipeline/ablation_study/baseline/results/HARK_n/official_hark_logs/hark_fileid_215.stderr.log,4
216,/mnt/d/邵鹏远/UCL/博1/code/audition_pipeline/data/dataset_4mic_3spk/Eval/mic/mic_fileid_216_doa82_3spk.wav,/mnt/d/邵鹏远/UCL/博1/code/audition_pipeline/ablation_study/baseline/results/HARK_n/official_hark_outputs/fileid_216,/mnt/d/邵鹏远/UCL/博1/code/audition_pipeline/ablation_study/baseline/results/HARK_n/official_hark_outputs/fileid_216/hark_fileid_216_mic_fileid_216_doa82_3spk,batchflow '/mnt/d/邵鹏远/UCL/博1/code/audition_pipeline/ablation_study/baseline/results/HARK_n/official_hark_outputs/fileid_216/runtime_fileid_216.n' '/mnt/d/邵鹏远/UCL/博1/code/audition_pipeline/data/dataset_4mic_3spk/Eval/mic/mic_fileid_216_doa82_3spk.wav' '/mnt/d/邵鹏远/UCL/博1/code/audition_pipeline/ablation_study/baseline/results/HARK_n/official_hark_outputs/fileid_216/hark_fileid_216_mic_fileid_216_doa82_3spk',0,7.07317281900032,/mnt/d/邵鹏远/UCL/博1/code/audition_pipeline/ablation_study/baseline/results/HARK_n/official_hark_logs/hark_fileid_216.stdout.log,/mnt/d/邵鹏远/UCL/博1/code/audition_pipeline/ablation_study/baseline/results/HARK_n/official_hark_logs/hark_fileid_216.stderr.log,4
217,/mnt/d/邵鹏远/UCL/博1/code/audition_pipeline/data/dataset_4mic_3spk/Eval/mic/mic_fileid_217_doa95_3spk.wav,/mnt/d/邵鹏远/UCL/博1/code/audition_pipeline/ablation_study/baseline/results/HARK_n/official_hark_outputs/fileid_217,/mnt/d/邵鹏远/UCL/博1/code/audition_pipeline/ablation_study/baseline/results/HARK_n/official_hark_outputs/fileid_217/hark_fileid_217_mic_fileid_217_doa95_3spk,batchflow '/mnt/d/邵鹏远/UCL/博1/code/audition_pipeline/ablation_study/baseline/results/HARK_n/official_hark_outputs/fileid_217/runtime_fileid_217.n' '/mnt/d/邵鹏远/UCL/博1/code/audition_pipeline/data/dataset_4mic_3spk/Eval/mic/mic_fileid_217_doa95_3spk.wav' '/mnt/d/邵鹏远/UCL/博1/code/audition_pipeline/ablation_study/baseline/results/HARK_n/official_hark_outputs/fileid_217/hark_fileid_217_mic_fileid_217_doa95_3spk',0,7.116170790000069,/mnt/d/邵鹏远/UCL/博1/code/audition_pipeline/ablation_study/baseline/results/HARK_n/official_hark_logs/hark_fileid_217.stdout.log,/mnt/d/邵鹏远/UCL/博1/code/audition_pipeline/ablation_study/baseline/results/HARK_n/official_hark_logs/hark_fileid_217.stderr.log,6
218,/mnt/d/邵鹏远/UCL/博1/code/audition_pipeline/data/dataset_4mic_3spk/Eval/mic/mic_fileid_218_doa157_3spk.wav,/mnt/d/邵鹏远/UCL/博1/code/audition_pipeline/ablation_study/baseline/results/HARK_n/official_hark_outputs/fileid_218,/mnt/d/邵鹏远/UCL/博1/code/audition_pipeline/ablation_study/baseline/results/HARK_n/official_hark_outputs/fileid_218/hark_fileid_218_mic_fileid_218_doa157_3spk,batchflow '/mnt/d/邵鹏远/UCL/博1/code/audition_pipeline/ablation_study/baseline/results/HARK_n/official_hark_outputs/fileid_218/runtime_fileid_218.n' '/mnt/d/邵鹏远/UCL/博1/code/audition_pipeline/data/dataset_4mic_3spk/Eval/mic/mic_fileid_218_doa157_3spk.wav' '/mnt/d/邵鹏远/UCL/博1/code/audition_pipeline/ablation_study/baseline/results/HARK_n/official_hark_outputs/fileid_218/hark_fileid_218_mic_fileid_218_doa157_3spk',0,6.199717452000186,/mnt/d/邵鹏远/UCL/博1/code/audition_pipeline/ablation_study/baseline/results/HARK_n/official_hark_logs/hark_fileid_218.stdout.log,/mnt/d/邵鹏远/UCL/博1/code/audition_pipeline/ablation_study/baseline/results/HARK_n/official_hark_logs/hark_fileid_218.stderr.log,4
219,/mnt/d/邵鹏远/UCL/博1/code/audition_pipeline/data/dataset_4mic_3spk/Eval/mic/mic_fileid_219_doa56_3spk.wav,/mnt/d/邵鹏远/UCL/博1/code/audition_pipeline/ablation_study/baseline/results/HARK_n/official_hark_outputs/fileid_219,/mnt/d/邵鹏远/UCL/博1/code/audition_pipeline/ablation_study/baseline/results/HARK_n/official_hark_outputs/fileid_219/hark_fileid_219_mic_fileid_219_doa56_3spk,batchflow '/mnt/d/邵鹏远/UCL/博1/code/audition_pipeline/ablation_study/baseline/results/HARK_n/official_hark_outputs/fileid_219/runtime_fileid_219.n' '/mnt/d/邵鹏远/UCL/博1/code/audition_pipeline/data/dataset_4mic_3spk/Eval/mic/mic_fileid_219_doa56_3spk.wav' '/mnt/d/邵鹏远/UCL/博1/code/audition_pipeline/ablation_study/baseline/results/HARK_n/official_hark_outputs/fileid_219/hark_fileid_219_mic_fileid_219_doa56_3spk',0,6.804812110000057,/mnt/d/邵鹏远/UCL/博1/code/audition_pipeline/ablation_study/baseline/results/HARK_n/official_hark_logs/hark_fileid_219.stdout.log,/mnt/d/邵鹏远/UCL/博1/code/audition_pipeline/ablation_study/baseline/results/HARK_n/official_hark_logs/hark_fileid_219.stderr.log,7
220,/mnt/d/邵鹏远/UCL/博1/code/audition_pipeline/data/dataset_4mic_3spk/Eval/mic/mic_fileid_220_doa23_3spk.wav,/mnt/d/邵鹏远/UCL/博1/code/audition_pipeline/ablation_study/baseline/results/HARK_n/official_hark_outputs/fileid_220,/mnt/d/邵鹏远/UCL/博1/code/audition_pipeline/ablation_study/baseline/results/HARK_n/official_hark_outputs/fileid_220/hark_fileid_220_mic_fileid_220_doa23_3spk,batchflow '/mnt/d/邵鹏远/UCL/博1/code/audition_pipeline/ablation_study/baseline/results/HARK_n/official_hark_outputs/fileid_220/runtime_fileid_220.n' '/mnt/d/邵鹏远/UCL/博1/code/audition_pipeline/data/dataset_4mic_3spk/Eval/mic/mic_fileid_220_doa23_3spk.wav' '/mnt/d/邵鹏远/UCL/博1/code/audition_pipeline/ablation_study/baseline/results/HARK_n/official_hark_outputs/fileid_220/hark_fileid_220_mic_fileid_220_doa23_3spk',0,7.728506796000147,/mnt/d/邵鹏远/UCL/博1/code/audition_pipeline/ablation_study/baseline/results/HARK_n/official_hark_logs/hark_fileid_220.stdout.log,/mnt/d/邵鹏远/UCL/博1/code/audition_pipeline/ablation_study/baseline/results/HARK_n/official_hark_logs/hark_fileid_220.stderr.log,6
221,/mnt/d/邵鹏远/UCL/博1/code/audition_pipeline/data/dataset_4mic_3spk/Eval/mic/mic_fileid_221_doa91_3spk.wav,/mnt/d/邵鹏远/UCL/博1/code/audition_pipeline/ablation_study/baseline/results/HARK_n/official_hark_outputs/fileid_221,/mnt/d/邵鹏远/UCL/博1/code/audition_pipeline/ablation_study/baseline/results/HARK_n/official_hark_outputs/fileid_221/hark_fileid_221_mic_fileid_221_doa91_3spk,batchflow '/mnt/d/邵鹏远/UCL/博1/code/audition_pipeline/ablation_study/baseline/results/HARK_n/official_hark_outputs/fileid_221/runtime_fileid_221.n' '/mnt/d/邵鹏远/UCL/博1/code/audition_pipeline/data/dataset_4mic_3spk/Eval/mic/mic_fileid_221_doa91_3spk.wav' '/mnt/d/邵鹏远/UCL/博1/code/audition_pipeline/ablation_study/baseline/results/HARK_n/official_hark_outputs/fileid_221/hark_fileid_221_mic_fileid_221_doa91_3spk',0,6.583161855000071,/mnt/d/邵鹏远/UCL/博1/code/audition_pipeline/ablation_study/baseline/results/HARK_n/official_hark_logs/hark_fileid_221.stdout.log,/mnt/d/邵鹏远/UCL/博1/code/audition_pipeline/ablation_study/baseline/results/HARK_n/official_hark_logs/hark_fileid_221.stderr.log,5
222,/mnt/d/邵鹏远/UCL/博1/code/audition_pipeline/data/dataset_4mic_3spk/Eval/mic/mic_fileid_222_doa144_3spk.wav,/mnt/d/邵鹏远/UCL/博1/code/audition_pipeline/ablation_study/baseline/results/HARK_n/official_hark_outputs/fileid_222,/mnt/d/邵鹏远/UCL/博1/code/audition_pipeline/ablation_study/baseline/results/HARK_n/official_hark_outputs/fileid_222/hark_fileid_222_mic_fileid_222_doa144_3spk,batchflow '/mnt/d/邵鹏远/UCL/博1/code/audition_pipeline/ablation_study/baseline/results/HARK_n/official_hark_outputs/fileid_222/runtime_fileid_222.n' '/mnt/d/邵鹏远/UCL/博1/code/audition_pipeline/data/dataset_4mic_3spk/Eval/mic/mic_fileid_222_doa144_3spk.wav' '/mnt/d/邵鹏远/UCL/博1/code/audition_pipeline/ablation_study/baseline/results/HARK_n/official_hark_outputs/fileid_222/hark_fileid_222_mic_fileid_222_doa144_3spk',0,6.595759668000028,/mnt/d/邵鹏远/UCL/博1/code/audition_pipeline/ablation_study/baseline/results/HARK_n/official_hark_logs/hark_fileid_222.stdout.log,/mnt/d/邵鹏远/UCL/博1/code/audition_pipeline/ablation_study/baseline/results/HARK_n/official_hark_logs/hark_fileid_222.stderr.log,5
223,/mnt/d/邵鹏远/UCL/博1/code/audition_pipeline/data/dataset_4mic_3spk/Eval/mic/mic_fileid_223_doa16_3spk.wav,/mnt/d/邵鹏远/UCL/博1/code/audition_pipeline/ablation_study/baseline/results/HARK_n/official_hark_outputs/fileid_223,/mnt/d/邵鹏远/UCL/博1/code/audition_pipeline/ablation_study/baseline/results/HARK_n/official_hark_outputs/fileid_223/hark_fileid_223_mic_fileid_223_doa16_3spk,batchflow '/mnt/d/邵鹏远/UCL/博1/code/audition_pipeline/ablation_study/baseline/results/HARK_n/official_hark_outputs/fileid_223/runtime_fileid_223.n' '/mnt/d/邵鹏远/UCL/博1/code/audition_pipeline/data/dataset_4mic_3spk/Eval/mic/mic_fileid_223_doa16_3spk.wav' '/mnt/d/邵鹏远/UCL/博1/code/audition_pipeline/ablation_study/baseline/results/HARK_n/official_hark_outputs/fileid_223/hark_fileid_223_mic_fileid_223_doa16_3spk',0,7.286237223000171,/mnt/d/邵鹏远/UCL/博1/code/audition_pipeline/ablation_study/baseline/results/HARK_n/official_hark_logs/hark_fileid_223.stdout.log,/mnt/d/邵鹏远/UCL/博1/code/audition_pipeline/ablation_study/baseline/results/HARK_n/official_hark_logs/hark_fileid_223.stderr.log,5
224,/mnt/d/邵鹏远/UCL/博1/code/audition_pipeline/data/dataset_4mic_3spk/Eval/mic/mic_fileid_224_doa124_3spk.wav,/mnt/d/邵鹏远/UCL/博1/code/audition_pipeline/ablation_study/baseline/results/HARK_n/official_hark_outputs/fileid_224,/mnt/d/邵鹏远/UCL/博1/code/audition_pipeline/ablation_study/baseline/results/HARK_n/official_hark_outputs/fileid_224/hark_fileid_224_mic_fileid_224_doa124_3spk,batchflow '/mnt/d/邵鹏远/UCL/博1/code/audition_pipeline/ablation_study/baseline/results/HARK_n/official_hark_outputs/fileid_224/runtime_fileid_224.n' '/mnt/d/邵鹏远/UCL/博1/code/audition_pipeline/data/dataset_4mic_3spk/Eval/mic/mic_fileid_224_doa124_3spk.wav' '/mnt/d/邵鹏远/UCL/博1/code/audition_pipeline/ablation_study/baseline/results/HARK_n/official_hark_outputs/fileid_224/hark_fileid_224_mic_fileid_224_doa124_3spk',0,6.854384152999955,/mnt/d/邵鹏远/UCL/博1/code/audition_pipeline/ablation_study/baseline/results/HARK_n/official_hark_logs/hark_fileid_224.stdout.log,/mnt/d/邵鹏远/UCL/博1/code/audition_pipeline/ablation_study/baseline/results/HARK_n/official_hark_logs/hark_fileid_224.stderr.log,3
225,/mnt/d/邵鹏远/UCL/博1/code/audition_pipeline/data/dataset_4mic_3spk/Eval/mic/mic_fileid_225_doa14_3spk.wav,/mnt/d/邵鹏远/UCL/博1/code/audition_pipeline/ablation_study/baseline/results/HARK_n/official_hark_outputs/fileid_225,/mnt/d/邵鹏远/UCL/博1/code/audition_pipeline/ablation_study/baseline/results/HARK_n/official_hark_outputs/fileid_225/hark_fileid_225_mic_fileid_225_doa14_3spk,batchflow '/mnt/d/邵鹏远/UCL/博1/code/audition_pipeline/ablation_study/baseline/results/HARK_n/official_hark_outputs/fileid_225/runtime_fileid_225.n' '/mnt/d/邵鹏远/UCL/博1/code/audition_pipeline/data/dataset_4mic_3spk/Eval/mic/mic_fileid_225_doa14_3spk.wav' '/mnt/d/邵鹏远/UCL/博1/code/audition_pipeline/ablation_study/baseline/results/HARK_n/official_hark_outputs/fileid_225/hark_fileid_225_mic_fileid_225_doa14_3spk',0,6.743213219000609,/mnt/d/邵鹏远/UCL/博1/code/audition_pipeline/ablation_study/baseline/results/HARK_n/official_hark_logs/hark_fileid_225.stdout.log,/mnt/d/邵鹏远/UCL/博1/code/audition_pipeline/ablation_study/baseline/results/HARK_n/official_hark_logs/hark_fileid_225.stderr.log,5
226,/mnt/d/邵鹏远/UCL/博1/code/audition_pipeline/data/dataset_4mic_3spk/Eval/mic/mic_fileid_226_doa127_3spk.wav,/mnt/d/邵鹏远/UCL/博1/code/audition_pipeline/ablation_study/baseline/results/HARK_n/official_hark_outputs/fileid_226,/mnt/d/邵鹏远/UCL/博1/code/audition_pipeline/ablation_study/baseline/results/HARK_n/official_hark_outputs/fileid_226/hark_fileid_226_mic_fileid_226_doa127_3spk,batchflow '/mnt/d/邵鹏远/UCL/博1/code/audition_pipeline/ablation_study/baseline/results/HARK_n/official_hark_outputs/fileid_226/runtime_fileid_226.n' '/mnt/d/邵鹏远/UCL/博1/code/audition_pipeline/data/dataset_4mic_3spk/Eval/mic/mic_fileid_226_doa127_3spk.wav' '/mnt/d/邵鹏远/UCL/博1/code/audition_pipeline/ablation_study/baseline/results/HARK_n/official_hark_outputs/fileid_226/hark_fileid_226_mic_fileid_226_doa127_3spk',0,6.381754365999768,/mnt/d/邵鹏远/UCL/博1/code/audition_pipeline/ablation_study/baseline/results/HARK_n/official_hark_logs/hark_fileid_226.stdout.log,/mnt/d/邵鹏远/UCL/博1/code/audition_pipeline/ablation_study/baseline/results/HARK_n/official_hark_logs/hark_fileid_226.stderr.log,8
227,/mnt/d/邵鹏远/UCL/博1/code/audition_pipeline/data/dataset_4mic_3spk/Eval/mic/mic_fileid_227_doa143_3spk.wav,/mnt/d/邵鹏远/UCL/博1/code/audition_pipeline/ablation_study/baseline/results/HARK_n/official_hark_outputs/fileid_227,/mnt/d/邵鹏远/UCL/博1/code/audition_pipeline/ablation_study/baseline/results/HARK_n/official_hark_outputs/fileid_227/hark_fileid_227_mic_fileid_227_doa143_3spk,batchflow '/mnt/d/邵鹏远/UCL/博1/code/audition_pipeline/ablation_study/baseline/results/HARK_n/official_hark_outputs/fileid_227/runtime_fileid_227.n' '/mnt/d/邵鹏远/UCL/博1/code/audition_pipeline/data/dataset_4mic_3spk/Eval/mic/mic_fileid_227_doa143_3spk.wav' '/mnt/d/邵鹏远/UCL/博1/code/audition_pipeline/ablation_study/baseline/results/HARK_n/official_hark_outputs/fileid_227/hark_fileid_227_mic_fileid_227_doa143_3spk',0,7.028158006000012,/mnt/d/邵鹏远/UCL/博1/code/audition_pipeline/ablation_study/baseline/results/HARK_n/official_hark_logs/hark_fileid_227.stdout.log,/mnt/d/邵鹏远/UCL/博1/code/audition_pipeline/ablation_study/baseline/results/HARK_n/official_hark_logs/hark_fileid_227.stderr.log,5
228,/mnt/d/邵鹏远/UCL/博1/code/audition_pipeline/data/dataset_4mic_3spk/Eval/mic/mic_fileid_228_doa105_3spk.wav,/mnt/d/邵鹏远/UCL/博1/code/audition_pipeline/ablation_study/baseline/results/HARK_n/official_hark_outputs/fileid_228,/mnt/d/邵鹏远/UCL/博1/code/audition_pipeline/ablation_study/baseline/results/HARK_n/official_hark_outputs/fileid_228/hark_fileid_228_mic_fileid_228_doa105_3spk,batchflow '/mnt/d/邵鹏远/UCL/博1/code/audition_pipeline/ablation_study/baseline/results/HARK_n/official_hark_outputs/fileid_228/runtime_fileid_228.n' '/mnt/d/邵鹏远/UCL/博1/code/audition_pipeline/data/dataset_4mic_3spk/Eval/mic/mic_fileid_228_doa105_3spk.wav' '/mnt/d/邵鹏远/UCL/博1/code/audition_pipeline/ablation_study/baseline/results/HARK_n/official_hark_outputs/fileid_228/hark_fileid_228_mic_fileid_228_doa105_3spk',0,6.479977555000005,/mnt/d/邵鹏远/UCL/博1/code/audition_pipeline/ablation_study/baseline/results/HARK_n/official_hark_logs/hark_fileid_228.stdout.log,/mnt/d/邵鹏远/UCL/博1/code/audition_pipeline/ablation_study/baseline/results/HARK_n/official_hark_logs/hark_fileid_228.stderr.log,6
229,/mnt/d/邵鹏远/UCL/博1/code/audition_pipeline/data/dataset_4mic_3spk/Eval/mic/mic_fileid_229_doa100_3spk.wav,/mnt/d/邵鹏远/UCL/博1/code/audition_pipeline/ablation_study/baseline/results/HARK_n/official_hark_outputs/fileid_229,/mnt/d/邵鹏远/UCL/博1/code/audition_pipeline/ablation_study/baseline/results/HARK_n/official_hark_outputs/fileid_229/hark_fileid_229_mic_fileid_229_doa100_3spk,batchflow '/mnt/d/邵鹏远/UCL/博1/code/audition_pipeline/ablation_study/baseline/results/HARK_n/official_hark_outputs/fileid_229/runtime_fileid_229.n' '/mnt/d/邵鹏远/UCL/博1/code/audition_pipeline/data/dataset_4mic_3spk/Eval/mic/mic_fileid_229_doa100_3spk.wav' '/mnt/d/邵鹏远/UCL/博1/code/audition_pipeline/ablation_study/baseline/results/HARK_n/official_hark_outputs/fileid_229/hark_fileid_229_mic_fileid_229_doa100_3spk',0,6.992674047000037,/mnt/d/邵鹏远/UCL/博1/code/audition_pipeline/ablation_study/baseline/results/HARK_n/official_hark_logs/hark_fileid_229.stdout.log,/mnt/d/邵鹏远/UCL/博1/code/audition_pipeline/ablation_study/baseline/results/HARK_n/official_hark_logs/hark_fileid_229.stderr.log,3
230,/mnt/d/邵鹏远/UCL/博1/code/audition_pipeline/data/dataset_4mic_3spk/Eval/mic/mic_fileid_230_doa73_3spk.wav,/mnt/d/邵鹏远/UCL/博1/code/audition_pipeline/ablation_study/baseline/results/HARK_n/official_hark_outputs/fileid_230,/mnt/d/邵鹏远/UCL/博1/code/audition_pipeline/ablation_study/baseline/results/HARK_n/official_hark_outputs/fileid_230/hark_fileid_230_mic_fileid_230_doa73_3spk,batchflow '/mnt/d/邵鹏远/UCL/博1/code/audition_pipeline/ablation_study/baseline/results/HARK_n/official_hark_outputs/fileid_230/runtime_fileid_230.n' '/mnt/d/邵鹏远/UCL/博1/code/audition_pipeline/data/dataset_4mic_3spk/Eval/mic/mic_fileid_230_doa73_3spk.wav' '/mnt/d/邵鹏远/UCL/博1/code/audition_pipeline/ablation_study/baseline/results/HARK_n/official_hark_outputs/fileid_230/hark_fileid_230_mic_fileid_230_doa73_3spk',0,7.251598824000212,/mnt/d/邵鹏远/UCL/博1/code/audition_pipeline/ablation_study/baseline/results/HARK_n/official_hark_logs/hark_fileid_230.stdout.log,/mnt/d/邵鹏远/UCL/博1/code/audition_pipeline/ablation_study/baseline/results/HARK_n/official_hark_logs/hark_fileid_230.stderr.log,5
231,/mnt/d/邵鹏远/UCL/博1/code/audition_pipeline/data/dataset_4mic_3spk/Eval/mic/mic_fileid_231_doa125_3spk.wav,/mnt/d/邵鹏远/UCL/博1/code/audition_pipeline/ablation_study/baseline/results/HARK_n/official_hark_outputs/fileid_231,/mnt/d/邵鹏远/UCL/博1/code/audition_pipeline/ablation_study/baseline/results/HARK_n/official_hark_outputs/fileid_231/hark_fileid_231_mic_fileid_231_doa125_3spk,batchflow '/mnt/d/邵鹏远/UCL/博1/code/audition_pipeline/ablation_study/baseline/results/HARK_n/official_hark_outputs/fileid_231/runtime_fileid_231.n' '/mnt/d/邵鹏远/UCL/博1/code/audition_pipeline/data/dataset_4mic_3spk/Eval/mic/mic_fileid_231_doa125_3spk.wav' '/mnt/d/邵鹏远/UCL/博1/code/audition_pipeline/ablation_study/baseline/results/HARK_n/official_hark_outputs/fileid_231/hark_fileid_231_mic_fileid_231_doa125_3spk',0,6.388599455000076,/mnt/d/邵鹏远/UCL/博1/code/audition_pipeline/ablation_study/baseline/results/HARK_n/official_hark_logs/hark_fileid_231.stdout.log,/mnt/d/邵鹏远/UCL/博1/code/audition_pipeline/ablation_study/baseline/results/HARK_n/official_hark_logs/hark_fileid_231.stderr.log,3
232,/mnt/d/邵鹏远/UCL/博1/code/audition_pipeline/data/dataset_4mic_3spk/Eval/mic/mic_fileid_232_doa59_3spk.wav,/mnt/d/邵鹏远/UCL/博1/code/audition_pipeline/ablation_study/baseline/results/HARK_n/official_hark_outputs/fileid_232,/mnt/d/邵鹏远/UCL/博1/code/audition_pipeline/ablation_study/baseline/results/HARK_n/official_hark_outputs/fileid_232/hark_fileid_232_mic_fileid_232_doa59_3spk,batchflow '/mnt/d/邵鹏远/UCL/博1/code/audition_pipeline/ablation_study/baseline/results/HARK_n/official_hark_outputs/fileid_232/runtime_fileid_232.n' '/mnt/d/邵鹏远/UCL/博1/code/audition_pipeline/data/dataset_4mic_3spk/Eval/mic/mic_fileid_232_doa59_3spk.wav' '/mnt/d/邵鹏远/UCL/博1/code/audition_pipeline/ablation_study/baseline/results/HARK_n/official_hark_outputs/fileid_232/hark_fileid_232_mic_fileid_232_doa59_3spk',0,7.343128726000032,/mnt/d/邵鹏远/UCL/博1/code/audition_pipeline/ablation_study/baseline/results/HARK_n/official_hark_logs/hark_fileid_232.stdout.log,/mnt/d/邵鹏远/UCL/博1/code/audition_pipeline/ablation_study/baseline/results/HARK_n/official_hark_logs/hark_fileid_232.stderr.log,5
233,/mnt/d/邵鹏远/UCL/博1/code/audition_pipeline/data/dataset_4mic_3spk/Eval/mic/mic_fileid_233_doa132_3spk.wav,/mnt/d/邵鹏远/UCL/博1/code/audition_pipeline/ablation_study/baseline/results/HARK_n/official_hark_outputs/fileid_233,/mnt/d/邵鹏远/UCL/博1/code/audition_pipeline/ablation_study/baseline/results/HARK_n/official_hark_outputs/fileid_233/hark_fileid_233_mic_fileid_233_doa132_3spk,batchflow '/mnt/d/邵鹏远/UCL/博1/code/audition_pipeline/ablation_study/baseline/results/HARK_n/official_hark_outputs/fileid_233/runtime_fileid_233.n' '/mnt/d/邵鹏远/UCL/博1/code/audition_pipeline/data/dataset_4mic_3spk/Eval/mic/mic_fileid_233_doa132_3spk.wav' '/mnt/d/邵鹏远/UCL/博1/code/audition_pipeline/ablation_study/baseline/results/HARK_n/official_hark_outputs/fileid_233/hark_fileid_233_mic_fileid_233_doa132_3spk',0,7.4985708819995125,/mnt/d/邵鹏远/UCL/博1/code/audition_pipeline/ablation_study/baseline/results/HARK_n/official_hark_logs/hark_fileid_233.stdout.log,/mnt/d/邵鹏远/UCL/博1/code/audition_pipeline/ablation_study/baseline/results/HARK_n/official_hark_logs/hark_fileid_233.stderr.log,5
234,/mnt/d/邵鹏远/UCL/博1/code/audition_pipeline/data/dataset_4mic_3spk/Eval/mic/mic_fileid_234_doa1_3spk.wav,/mnt/d/邵鹏远/UCL/博1/code/audition_pipeline/ablation_study/baseline/results/HARK_n/official_hark_outputs/fileid_234,/mnt/d/邵鹏远/UCL/博1/code/audition_pipeline/ablation_study/baseline/results/HARK_n/official_hark_outputs/fileid_234/hark_fileid_234_mic_fileid_234_doa1_3spk,batchflow '/mnt/d/邵鹏远/UCL/博1/code/audition_pipeline/ablation_study/baseline/results/HARK_n/official_hark_outputs/fileid_234/runtime_fileid_234.n' '/mnt/d/邵鹏远/UCL/博1/code/audition_pipeline/data/dataset_4mic_3spk/Eval/mic/mic_fileid_234_doa1_3spk.wav' '/mnt/d/邵鹏远/UCL/博1/code/audition_pipeline/ablation_study/baseline/results/HARK_n/official_hark_outputs/fileid_234/hark_fileid_234_mic_fileid_234_doa1_3spk',0,6.919675723000182,/mnt/d/邵鹏远/UCL/博1/code/audition_pipeline/ablation_study/baseline/results/HARK_n/official_hark_logs/hark_fileid_234.stdout.log,/mnt/d/邵鹏远/UCL/博1/code/audition_pipeline/ablation_study/baseline/results/HARK_n/official_hark_logs/hark_fileid_234.stderr.log,3
235,/mnt/d/邵鹏远/UCL/博1/code/audition_pipeline/data/dataset_4mic_3spk/Eval/mic/mic_fileid_235_doa20_3spk.wav,/mnt/d/邵鹏远/UCL/博1/code/audition_pipeline/ablation_study/baseline/results/HARK_n/official_hark_outputs/fileid_235,/mnt/d/邵鹏远/UCL/博1/code/audition_pipeline/ablation_study/baseline/results/HARK_n/official_hark_outputs/fileid_235/hark_fileid_235_mic_fileid_235_doa20_3spk,batchflow '/mnt/d/邵鹏远/UCL/博1/code/audition_pipeline/ablation_study/baseline/results/HARK_n/official_hark_outputs/fileid_235/runtime_fileid_235.n' '/mnt/d/邵鹏远/UCL/博1/code/audition_pipeline/data/dataset_4mic_3spk/Eval/mic/mic_fileid_235_doa20_3spk.wav' '/mnt/d/邵鹏远/UCL/博1/code/audition_pipeline/ablation_study/baseline/results/HARK_n/official_hark_outputs/fileid_235/hark_fileid_235_mic_fileid_235_doa20_3spk',0,7.522642447999715,/mnt/d/邵鹏远/UCL/博1/code/audition_pipeline/ablation_study/baseline/results/HARK_n/official_hark_logs/hark_fileid_235.stdout.log,/mnt/d/邵鹏远/UCL/博1/code/audition_pipeline/ablation_study/baseline/results/HARK_n/official_hark_logs/hark_fileid_235.stderr.log,5
236,/mnt/d/邵鹏远/UCL/博1/code/audition_pipeline/data/dataset_4mic_3spk/Eval/mic/mic_fileid_236_doa56_3spk.wav,/mnt/d/邵鹏远/UCL/博1/code/audition_pipeline/ablation_study/baseline/results/HARK_n/official_hark_outputs/fileid_236,/mnt/d/邵鹏远/UCL/博1/code/audition_pipeline/ablation_study/baseline/results/HARK_n/official_hark_outputs/fileid_236/hark_fileid_236_mic_fileid_236_doa56_3spk,batchflow '/mnt/d/邵鹏远/UCL/博1/code/audition_pipeline/ablation_study/baseline/results/HARK_n/official_hark_outputs/fileid_236/runtime_fileid_236.n' '/mnt/d/邵鹏远/UCL/博1/code/audition_pipeline/data/dataset_4mic_3spk/Eval/mic/mic_fileid_236_doa56_3spk.wav' '/mnt/d/邵鹏远/UCL/博1/code/audition_pipeline/ablation_study/baseline/results/HARK_n/official_hark_outputs/fileid_236/hark_fileid_236_mic_fileid_236_doa56_3spk',0,6.426840564000486,/mnt/d/邵鹏远/UCL/博1/code/audition_pipeline/ablation_study/baseline/results/HARK_n/official_hark_logs/hark_fileid_236.stdout.log,/mnt/d/邵鹏远/UCL/博1/code/audition_pipeline/ablation_study/baseline/results/HARK_n/official_hark_logs/hark_fileid_236.stderr.log,5
237,/mnt/d/邵鹏远/UCL/博1/code/audition_pipeline/data/dataset_4mic_3spk/Eval/mic/mic_fileid_237_doa41_3spk.wav,/mnt/d/邵鹏远/UCL/博1/code/audition_pipeline/ablation_study/baseline/results/HARK_n/official_hark_outputs/fileid_237,/mnt/d/邵鹏远/UCL/博1/code/audition_pipeline/ablation_study/baseline/results/HARK_n/official_hark_outputs/fileid_237/hark_fileid_237_mic_fileid_237_doa41_3spk,batchflow '/mnt/d/邵鹏远/UCL/博1/code/audition_pipeline/ablation_study/baseline/results/HARK_n/official_hark_outputs/fileid_237/runtime_fileid_237.n' '/mnt/d/邵鹏远/UCL/博1/code/audition_pipeline/data/dataset_4mic_3spk/Eval/mic/mic_fileid_237_doa41_3spk.wav' '/mnt/d/邵鹏远/UCL/博1/code/audition_pipeline/ablation_study/baseline/results/HARK_n/official_hark_outputs/fileid_237/hark_fileid_237_mic_fileid_237_doa41_3spk',0,7.545981451999978,/mnt/d/邵鹏远/UCL/博1/code/audition_pipeline/ablation_study/baseline/results/HARK_n/official_hark_logs/hark_fileid_237.stdout.log,/mnt/d/邵鹏远/UCL/博1/code/audition_pipeline/ablation_study/baseline/results/HARK_n/official_hark_logs/hark_fileid_237.stderr.log,6
238,/mnt/d/邵鹏远/UCL/博1/code/audition_pipeline/data/dataset_4mic_3spk/Eval/mic/mic_fileid_238_doa19_3spk.wav,/mnt/d/邵鹏远/UCL/博1/code/audition_pipeline/ablation_study/baseline/results/HARK_n/official_hark_outputs/fileid_238,/mnt/d/邵鹏远/UCL/博1/code/audition_pipeline/ablation_study/baseline/results/HARK_n/official_hark_outputs/fileid_238/hark_fileid_238_mic_fileid_238_doa19_3spk,batchflow '/mnt/d/邵鹏远/UCL/博1/code/audition_pipeline/ablation_study/baseline/results/HARK_n/official_hark_outputs/fileid_238/runtime_fileid_238.n' '/mnt/d/邵鹏远/UCL/博1/code/audition_pipeline/data/dataset_4mic_3spk/Eval/mic/mic_fileid_238_doa19_3spk.wav' '/mnt/d/邵鹏远/UCL/博1/code/audition_pipeline/ablation_study/baseline/results/HARK_n/official_hark_outputs/fileid_238/hark_fileid_238_mic_fileid_238_doa19_3spk',0,7.3108864549994905,/mnt/d/邵鹏远/UCL/博1/code/audition_pipeline/ablation_study/baseline/results/HARK_n/official_hark_logs/hark_fileid_238.stdout.log,/mnt/d/邵鹏远/UCL/博1/code/audition_pipeline/ablation_study/baseline/results/HARK_n/official_hark_logs/hark_fileid_238.stderr.log,8
239,/mnt/d/邵鹏远/UCL/博1/code/audition_pipeline/data/dataset_4mic_3spk/Eval/mic/mic_fileid_239_doa4_3spk.wav,/mnt/d/邵鹏远/UCL/博1/code/audition_pipeline/ablation_study/baseline/results/HARK_n/official_hark_outputs/fileid_239,/mnt/d/邵鹏远/UCL/博1/code/audition_pipeline/ablation_study/baseline/results/HARK_n/official_hark_outputs/fileid_239/hark_fileid_239_mic_fileid_239_doa4_3spk,batchflow '/mnt/d/邵鹏远/UCL/博1/code/audition_pipeline/ablation_study/baseline/results/HARK_n/official_hark_outputs/fileid_239/runtime_fileid_239.n' '/mnt/d/邵鹏远/UCL/博1/code/audition_pipeline/data/dataset_4mic_3spk/Eval/mic/mic_fileid_239_doa4_3spk.wav' '/mnt/d/邵鹏远/UCL/博1/code/audition_pipeline/ablation_study/baseline/results/HARK_n/official_hark_outputs/fileid_239/hark_fileid_239_mic_fileid_239_doa4_3spk',0,7.011369238000043,/mnt/d/邵鹏远/UCL/博1/code/audition_pipeline/ablation_study/baseline/results/HARK_n/official_hark_logs/hark_fileid_239.stdout.log,/mnt/d/邵鹏远/UCL/博1/code/audition_pipeline/ablation_study/baseline/results/HARK_n/official_hark_logs/hark_fileid_239.stderr.log,5
240,/mnt/d/邵鹏远/UCL/博1/code/audition_pipeline/data/dataset_4mic_3spk/Eval/mic/mic_fileid_240_doa116_3spk.wav,/mnt/d/邵鹏远/UCL/博1/code/audition_pipeline/ablation_study/baseline/results/HARK_n/official_hark_outputs/fileid_240,/mnt/d/邵鹏远/UCL/博1/code/audition_pipeline/ablation_study/baseline/results/HARK_n/official_hark_outputs/fileid_240/hark_fileid_240_mic_fileid_240_doa116_3spk,batchflow '/mnt/d/邵鹏远/UCL/博1/code/audition_pipeline/ablation_study/baseline/results/HARK_n/official_hark_outputs/fileid_240/runtime_fileid_240.n' '/mnt/d/邵鹏远/UCL/博1/code/audition_pipeline/data/dataset_4mic_3spk/Eval/mic/mic_fileid_240_doa116_3spk.wav' '/mnt/d/邵鹏远/UCL/博1/code/audition_pipeline/ablation_study/baseline/results/HARK_n/official_hark_outputs/fileid_240/hark_fileid_240_mic_fileid_240_doa116_3spk',0,6.950758345000395,/mnt/d/邵鹏远/UCL/博1/code/audition_pipeline/ablation_study/baseline/results/HARK_n/official_hark_logs/hark_fileid_240.stdout.log,/mnt/d/邵鹏远/UCL/博1/code/audition_pipeline/ablation_study/baseline/results/HARK_n/official_hark_logs/hark_fileid_240.stderr.log,7
241,/mnt/d/邵鹏远/UCL/博1/code/audition_pipeline/data/dataset_4mic_3spk/Eval/mic/mic_fileid_241_doa46_3spk.wav,/mnt/d/邵鹏远/UCL/博1/code/audition_pipeline/ablation_study/baseline/results/HARK_n/official_hark_outputs/fileid_241,/mnt/d/邵鹏远/UCL/博1/code/audition_pipeline/ablation_study/baseline/results/HARK_n/official_hark_outputs/fileid_241/hark_fileid_241_mic_fileid_241_doa46_3spk,batchflow '/mnt/d/邵鹏远/UCL/博1/code/audition_pipeline/ablation_study/baseline/results/HARK_n/official_hark_outputs/fileid_241/runtime_fileid_241.n' '/mnt/d/邵鹏远/UCL/博1/code/audition_pipeline/data/dataset_4mic_3spk/Eval/mic/mic_fileid_241_doa46_3spk.wav' '/mnt/d/邵鹏远/UCL/博1/code/audition_pipeline/ablation_study/baseline/results/HARK_n/official_hark_outputs/fileid_241/hark_fileid_241_mic_fileid_241_doa46_3spk',0,7.131104604000029,/mnt/d/邵鹏远/UCL/博1/code/audition_pipeline/ablation_study/baseline/results/HARK_n/official_hark_logs/hark_fileid_241.stdout.log,/mnt/d/邵鹏远/UCL/博1/code/audition_pipeline/ablation_study/baseline/results/HARK_n/official_hark_logs/hark_fileid_241.stderr.log,4
242,/mnt/d/邵鹏远/UCL/博1/code/audition_pipeline/data/dataset_4mic_3spk/Eval/mic/mic_fileid_242_doa20_3spk.wav,/mnt/d/邵鹏远/UCL/博1/code/audition_pipeline/ablation_study/baseline/results/HARK_n/official_hark_outputs/fileid_242,/mnt/d/邵鹏远/UCL/博1/code/audition_pipeline/ablation_study/baseline/results/HARK_n/official_hark_outputs/fileid_242/hark_fileid_242_mic_fileid_242_doa20_3spk,batchflow '/mnt/d/邵鹏远/UCL/博1/code/audition_pipeline/ablation_study/baseline/results/HARK_n/official_hark_outputs/fileid_242/runtime_fileid_242.n' '/mnt/d/邵鹏远/UCL/博1/code/audition_pipeline/data/dataset_4mic_3spk/Eval/mic/mic_fileid_242_doa20_3spk.wav' '/mnt/d/邵鹏远/UCL/博1/code/audition_pipeline/ablation_study/baseline/results/HARK_n/official_hark_outputs/fileid_242/hark_fileid_242_mic_fileid_242_doa20_3spk',0,6.917452968000362,/mnt/d/邵鹏远/UCL/博1/code/audition_pipeline/ablation_study/baseline/results/HARK_n/official_hark_logs/hark_fileid_242.stdout.log,/mnt/d/邵鹏远/UCL/博1/code/audition_pipeline/ablation_study/baseline/results/HARK_n/official_hark_logs/hark_fileid_242.stderr.log,3
243,/mnt/d/邵鹏远/UCL/博1/code/audition_pipeline/data/dataset_4mic_3spk/Eval/mic/mic_fileid_243_doa137_3spk.wav,/mnt/d/邵鹏远/UCL/博1/code/audition_pipeline/ablation_study/baseline/results/HARK_n/official_hark_outputs/fileid_243,/mnt/d/邵鹏远/UCL/博1/code/audition_pipeline/ablation_study/baseline/results/HARK_n/official_hark_outputs/fileid_243/hark_fileid_243_mic_fileid_243_doa137_3spk,batchflow '/mnt/d/邵鹏远/UCL/博1/code/audition_pipeline/ablation_study/baseline/results/HARK_n/official_hark_outputs/fileid_243/runtime_fileid_243.n' '/mnt/d/邵鹏远/UCL/博1/code/audition_pipeline/data/dataset_4mic_3spk/Eval/mic/mic_fileid_243_doa137_3spk.wav' '/mnt/d/邵鹏远/UCL/博1/code/audition_pipeline/ablation_study/baseline/results/HARK_n/official_hark_outputs/fileid_243/hark_fileid_243_mic_fileid_243_doa137_3spk',0,7.370191875999808,/mnt/d/邵鹏远/UCL/博1/code/audition_pipeline/ablation_study/baseline/results/HARK_n/official_hark_logs/hark_fileid_243.stdout.log,/mnt/d/邵鹏远/UCL/博1/code/audition_pipeline/ablation_study/baseline/results/HARK_n/official_hark_logs/hark_fileid_243.stderr.log,4
244,/mnt/d/邵鹏远/UCL/博1/code/audition_pipeline/data/dataset_4mic_3spk/Eval/mic/mic_fileid_244_doa170_3spk.wav,/mnt/d/邵鹏远/UCL/博1/code/audition_pipeline/ablation_study/baseline/results/HARK_n/official_hark_outputs/fileid_244,/mnt/d/邵鹏远/UCL/博1/code/audition_pipeline/ablation_study/baseline/results/HARK_n/official_hark_outputs/fileid_244/hark_fileid_244_mic_fileid_244_doa170_3spk,batchflow '/mnt/d/邵鹏远/UCL/博1/code/audition_pipeline/ablation_study/baseline/results/HARK_n/official_hark_outputs/fileid_244/runtime_fileid_244.n' '/mnt/d/邵鹏远/UCL/博1/code/audition_pipeline/data/dataset_4mic_3spk/Eval/mic/mic_fileid_244_doa170_3spk.wav' '/mnt/d/邵鹏远/UCL/博1/code/audition_pipeline/ablation_study/baseline/results/HARK_n/official_hark_outputs/fileid_244/hark_fileid_244_mic_fileid_244_doa170_3spk',0,6.950227868999718,/mnt/d/邵鹏远/UCL/博1/code/audition_pipeline/ablation_study/baseline/results/HARK_n/official_hark_logs/hark_fileid_244.stdout.log,/mnt/d/邵鹏远/UCL/博1/code/audition_pipeline/ablation_study/baseline/results/HARK_n/official_hark_logs/hark_fileid_244.stderr.log,5
245,/mnt/d/邵鹏远/UCL/博1/code/audition_pipeline/data/dataset_4mic_3spk/Eval/mic/mic_fileid_245_doa25_3spk.wav,/mnt/d/邵鹏远/UCL/博1/code/audition_pipeline/ablation_study/baseline/results/HARK_n/official_hark_outputs/fileid_245,/mnt/d/邵鹏远/UCL/博1/code/audition_pipeline/ablation_study/baseline/results/HARK_n/official_hark_outputs/fileid_245/hark_fileid_245_mic_fileid_245_doa25_3spk,batchflow '/mnt/d/邵鹏远/UCL/博1/code/audition_pipeline/ablation_study/baseline/results/HARK_n/official_hark_outputs/fileid_245/runtime_fileid_245.n' '/mnt/d/邵鹏远/UCL/博1/code/audition_pipeline/data/dataset_4mic_3spk/Eval/mic/mic_fileid_245_doa25_3spk.wav' '/mnt/d/邵鹏远/UCL/博1/code/audition_pipeline/ablation_study/baseline/results/HARK_n/official_hark_outputs/fileid_245/hark_fileid_245_mic_fileid_245_doa25_3spk',0,8.084910639000555,/mnt/d/邵鹏远/UCL/博1/code/audition_pipeline/ablation_study/baseline/results/HARK_n/official_hark_logs/hark_fileid_245.stdout.log,/mnt/d/邵鹏远/UCL/博1/code/audition_pipeline/ablation_study/baseline/results/HARK_n/official_hark_logs/hark_fileid_245.stderr.log,5
246,/mnt/d/邵鹏远/UCL/博1/code/audition_pipeline/data/dataset_4mic_3spk/Eval/mic/mic_fileid_246_doa28_3spk.wav,/mnt/d/邵鹏远/UCL/博1/code/audition_pipeline/ablation_study/baseline/results/HARK_n/official_hark_outputs/fileid_246,/mnt/d/邵鹏远/UCL/博1/code/audition_pipeline/ablation_study/baseline/results/HARK_n/official_hark_outputs/fileid_246/hark_fileid_246_mic_fileid_246_doa28_3spk,batchflow '/mnt/d/邵鹏远/UCL/博1/code/audition_pipeline/ablation_study/baseline/results/HARK_n/official_hark_outputs/fileid_246/runtime_fileid_246.n' '/mnt/d/邵鹏远/UCL/博1/code/audition_pipeline/data/dataset_4mic_3spk/Eval/mic/mic_fileid_246_doa28_3spk.wav' '/mnt/d/邵鹏远/UCL/博1/code/audition_pipeline/ablation_study/baseline/results/HARK_n/official_hark_outputs/fileid_246/hark_fileid_246_mic_fileid_246_doa28_3spk',0,7.46826979799971,/mnt/d/邵鹏远/UCL/博1/code/audition_pipeline/ablation_study/baseline/results/HARK_n/official_hark_logs/hark_fileid_246.stdout.log,/mnt/d/邵鹏远/UCL/博1/code/audition_pipeline/ablation_study/baseline/results/HARK_n/official_hark_logs/hark_fileid_246.stderr.log,5
247,/mnt/d/邵鹏远/UCL/博1/code/audition_pipeline/data/dataset_4mic_3spk/Eval/mic/mic_fileid_247_doa22_3spk.wav,/mnt/d/邵鹏远/UCL/博1/code/audition_pipeline/ablation_study/baseline/results/HARK_n/official_hark_outputs/fileid_247,/mnt/d/邵鹏远/UCL/博1/code/audition_pipeline/ablation_study/baseline/results/HARK_n/official_hark_outputs/fileid_247/hark_fileid_247_mic_fileid_247_doa22_3spk,batchflow '/mnt/d/邵鹏远/UCL/博1/code/audition_pipeline/ablation_study/baseline/results/HARK_n/official_hark_outputs/fileid_247/runtime_fileid_247.n' '/mnt/d/邵鹏远/UCL/博1/code/audition_pipeline/data/dataset_4mic_3spk/Eval/mic/mic_fileid_247_doa22_3spk.wav' '/mnt/d/邵鹏远/UCL/博1/code/audition_pipeline/ablation_study/baseline/results/HARK_n/official_hark_outputs/fileid_247/hark_fileid_247_mic_fileid_247_doa22_3spk',0,6.716365637999843,/mnt/d/邵鹏远/UCL/博1/code/audition_pipeline/ablation_study/baseline/results/HARK_n/official_hark_logs/hark_fileid_247.stdout.log,/mnt/d/邵鹏远/UCL/博1/code/audition_pipeline/ablation_study/baseline/results/HARK_n/official_hark_logs/hark_fileid_247.stderr.log,3
248,/mnt/d/邵鹏远/UCL/博1/code/audition_pipeline/data/dataset_4mic_3spk/Eval/mic/mic_fileid_248_doa106_3spk.wav,/mnt/d/邵鹏远/UCL/博1/code/audition_pipeline/ablation_study/baseline/results/HARK_n/official_hark_outputs/fileid_248,/mnt/d/邵鹏远/UCL/博1/code/audition_pipeline/ablation_study/baseline/results/HARK_n/official_hark_outputs/fileid_248/hark_fileid_248_mic_fileid_248_doa106_3spk,batchflow '/mnt/d/邵鹏远/UCL/博1/code/audition_pipeline/ablation_study/baseline/results/HARK_n/official_hark_outputs/fileid_248/runtime_fileid_248.n' '/mnt/d/邵鹏远/UCL/博1/code/audition_pipeline/data/dataset_4mic_3spk/Eval/mic/mic_fileid_248_doa106_3spk.wav' '/mnt/d/邵鹏远/UCL/博1/code/audition_pipeline/ablation_study/baseline/results/HARK_n/official_hark_outputs/fileid_248/hark_fileid_248_mic_fileid_248_doa106_3spk',0,7.428013978000308,/mnt/d/邵鹏远/UCL/博1/code/audition_pipeline/ablation_study/baseline/results/HARK_n/official_hark_logs/hark_fileid_248.stdout.log,/mnt/d/邵鹏远/UCL/博1/code/audition_pipeline/ablation_study/baseline/results/HARK_n/official_hark_logs/hark_fileid_248.stderr.log,5
249,/mnt/d/邵鹏远/UCL/博1/code/audition_pipeline/data/dataset_4mic_3spk/Eval/mic/mic_fileid_249_doa29_3spk.wav,/mnt/d/邵鹏远/UCL/博1/code/audition_pipeline/ablation_study/baseline/results/HARK_n/official_hark_outputs/fileid_249,/mnt/d/邵鹏远/UCL/博1/code/audition_pipeline/ablation_study/baseline/results/HARK_n/official_hark_outputs/fileid_249/hark_fileid_249_mic_fileid_249_doa29_3spk,batchflow '/mnt/d/邵鹏远/UCL/博1/code/audition_pipeline/ablation_study/baseline/results/HARK_n/official_hark_outputs/fileid_249/runtime_fileid_249.n' '/mnt/d/邵鹏远/UCL/博1/code/audition_pipeline/data/dataset_4mic_3spk/Eval/mic/mic_fileid_249_doa29_3spk.wav' '/mnt/d/邵鹏远/UCL/博1/code/audition_pipeline/ablation_study/baseline/results/HARK_n/official_hark_outputs/fileid_249/hark_fileid_249_mic_fileid_249_doa29_3spk',0,7.2646899880001,/mnt/d/邵鹏远/UCL/博1/code/audition_pipeline/ablation_study/baseline/results/HARK_n/official_hark_logs/hark_fileid_249.stdout.log,/mnt/d/邵鹏远/UCL/博1/code/audition_pipeline/ablation_study/baseline/results/HARK_n/official_hark_logs/hark_fileid_249.stderr.log,5
250,/mnt/d/邵鹏远/UCL/博1/code/audition_pipeline/data/dataset_4mic_3spk/Eval/mic/mic_fileid_250_doa95_3spk.wav,/mnt/d/邵鹏远/UCL/博1/code/audition_pipeline/ablation_study/baseline/results/HARK_n/official_hark_outputs/fileid_250,/mnt/d/邵鹏远/UCL/博1/code/audition_pipeline/ablation_study/baseline/results/HARK_n/official_hark_outputs/fileid_250/hark_fileid_250_mic_fileid_250_doa95_3spk,batchflow '/mnt/d/邵鹏远/UCL/博1/code/audition_pipeline/ablation_study/baseline/results/HARK_n/official_hark_outputs/fileid_250/runtime_fileid_250.n' '/mnt/d/邵鹏远/UCL/博1/code/audition_pipeline/data/dataset_4mic_3spk/Eval/mic/mic_fileid_250_doa95_3spk.wav' '/mnt/d/邵鹏远/UCL/博1/code/audition_pipeline/ablation_study/baseline/results/HARK_n/official_hark_outputs/fileid_250/hark_fileid_250_mic_fileid_250_doa95_3spk',0,7.324316639000244,/mnt/d/邵鹏远/UCL/博1/code/audition_pipeline/ablation_study/baseline/results/HARK_n/official_hark_logs/hark_fileid_250.stdout.log,/mnt/d/邵鹏远/UCL/博1/code/audition_pipeline/ablation_study/baseline/results/HARK_n/official_hark_logs/hark_fileid_250.stderr.log,5
251,/mnt/d/邵鹏远/UCL/博1/code/audition_pipeline/data/dataset_4mic_3spk/Eval/mic/mic_fileid_251_doa23_3spk.wav,/mnt/d/邵鹏远/UCL/博1/code/audition_pipeline/ablation_study/baseline/results/HARK_n/official_hark_outputs/fileid_251,/mnt/d/邵鹏远/UCL/博1/code/audition_pipeline/ablation_study/baseline/results/HARK_n/official_hark_outputs/fileid_251/hark_fileid_251_mic_fileid_251_doa23_3spk,batchflow '/mnt/d/邵鹏远/UCL/博1/code/audition_pipeline/ablation_study/baseline/results/HARK_n/official_hark_outputs/fileid_251/runtime_fileid_251.n' '/mnt/d/邵鹏远/UCL/博1/code/audition_pipeline/data/dataset_4mic_3spk/Eval/mic/mic_fileid_251_doa23_3spk.wav' '/mnt/d/邵鹏远/UCL/博1/code/audition_pipeline/ablation_study/baseline/results/HARK_n/official_hark_outputs/fileid_251/hark_fileid_251_mic_fileid_251_doa23_3spk',0,7.336438549999912,/mnt/d/邵鹏远/UCL/博1/code/audition_pipeline/ablation_study/baseline/results/HARK_n/official_hark_logs/hark_fileid_251.stdout.log,/mnt/d/邵鹏远/UCL/博1/code/audition_pipeline/ablation_study/baseline/results/HARK_n/official_hark_logs/hark_fileid_251.stderr.log,6
252,/mnt/d/邵鹏远/UCL/博1/code/audition_pipeline/data/dataset_4mic_3spk/Eval/mic/mic_fileid_252_doa54_3spk.wav,/mnt/d/邵鹏远/UCL/博1/code/audition_pipeline/ablation_study/baseline/results/HARK_n/official_hark_outputs/fileid_252,/mnt/d/邵鹏远/UCL/博1/code/audition_pipeline/ablation_study/baseline/results/HARK_n/official_hark_outputs/fileid_252/hark_fileid_252_mic_fileid_252_doa54_3spk,batchflow '/mnt/d/邵鹏远/UCL/博1/code/audition_pipeline/ablation_study/baseline/results/HARK_n/official_hark_outputs/fileid_252/runtime_fileid_252.n' '/mnt/d/邵鹏远/UCL/博1/code/audition_pipeline/data/dataset_4mic_3spk/Eval/mic/mic_fileid_252_doa54_3spk.wav' '/mnt/d/邵鹏远/UCL/博1/code/audition_pipeline/ablation_study/baseline/results/HARK_n/official_hark_outputs/fileid_252/hark_fileid_252_mic_fileid_252_doa54_3spk',0,6.82069329100068,/mnt/d/邵鹏远/UCL/博1/code/audition_pipeline/ablation_study/baseline/results/HARK_n/official_hark_logs/hark_fileid_252.stdout.log,/mnt/d/邵鹏远/UCL/博1/code/audition_pipeline/ablation_study/baseline/results/HARK_n/official_hark_logs/hark_fileid_252.stderr.log,6
253,/mnt/d/邵鹏远/UCL/博1/code/audition_pipeline/data/dataset_4mic_3spk/Eval/mic/mic_fileid_253_doa72_3spk.wav,/mnt/d/邵鹏远/UCL/博1/code/audition_pipeline/ablation_study/baseline/results/HARK_n/official_hark_outputs/fileid_253,/mnt/d/邵鹏远/UCL/博1/code/audition_pipeline/ablation_study/baseline/results/HARK_n/official_hark_outputs/fileid_253/hark_fileid_253_mic_fileid_253_doa72_3spk,batchflow '/mnt/d/邵鹏远/UCL/博1/code/audition_pipeline/ablation_study/baseline/results/HARK_n/official_hark_outputs/fileid_253/runtime_fileid_253.n' '/mnt/d/邵鹏远/UCL/博1/code/audition_pipeline/data/dataset_4mic_3spk/Eval/mic/mic_fileid_253_doa72_3spk.wav' '/mnt/d/邵鹏远/UCL/博1/code/audition_pipeline/ablation_study/baseline/results/HARK_n/official_hark_outputs/fileid_253/hark_fileid_253_mic_fileid_253_doa72_3spk',0,6.317376840000179,/mnt/d/邵鹏远/UCL/博1/code/audition_pipeline/ablation_study/baseline/results/HARK_n/official_hark_logs/hark_fileid_253.stdout.log,/mnt/d/邵鹏远/UCL/博1/code/audition_pipeline/ablation_study/baseline/results/HARK_n/official_hark_logs/hark_fileid_253.stderr.log,7
254,/mnt/d/邵鹏远/UCL/博1/code/audition_pipeline/data/dataset_4mic_3spk/Eval/mic/mic_fileid_254_doa102_3spk.wav,/mnt/d/邵鹏远/UCL/博1/code/audition_pipeline/ablation_study/baseline/results/HARK_n/official_hark_outputs/fileid_254,/mnt/d/邵鹏远/UCL/博1/code/audition_pipeline/ablation_study/baseline/results/HARK_n/official_hark_outputs/fileid_254/hark_fileid_254_mic_fileid_254_doa102_3spk,batchflow '/mnt/d/邵鹏远/UCL/博1/code/audition_pipeline/ablation_study/baseline/results/HARK_n/official_hark_outputs/fileid_254/runtime_fileid_254.n' '/mnt/d/邵鹏远/UCL/博1/code/audition_pipeline/data/dataset_4mic_3spk/Eval/mic/mic_fileid_254_doa102_3spk.wav' '/mnt/d/邵鹏远/UCL/博1/code/audition_pipeline/ablation_study/baseline/results/HARK_n/official_hark_outputs/fileid_254/hark_fileid_254_mic_fileid_254_doa102_3spk',0,6.811690522999925,/mnt/d/邵鹏远/UCL/博1/code/audition_pipeline/ablation_study/baseline/results/HARK_n/official_hark_logs/hark_fileid_254.stdout.log,/mnt/d/邵鹏远/UCL/博1/code/audition_pipeline/ablation_study/baseline/results/HARK_n/official_hark_logs/hark_fileid_254.stderr.log,3
255,/mnt/d/邵鹏远/UCL/博1/code/audition_pipeline/data/dataset_4mic_3spk/Eval/mic/mic_fileid_255_doa122_3spk.wav,/mnt/d/邵鹏远/UCL/博1/code/audition_pipeline/ablation_study/baseline/results/HARK_n/official_hark_outputs/fileid_255,/mnt/d/邵鹏远/UCL/博1/code/audition_pipeline/ablation_study/baseline/results/HARK_n/official_hark_outputs/fileid_255/hark_fileid_255_mic_fileid_255_doa122_3spk,batchflow '/mnt/d/邵鹏远/UCL/博1/code/audition_pipeline/ablation_study/baseline/results/HARK_n/official_hark_outputs/fileid_255/runtime_fileid_255.n' '/mnt/d/邵鹏远/UCL/博1/code/audition_pipeline/data/dataset_4mic_3spk/Eval/mic/mic_fileid_255_doa122_3spk.wav' '/mnt/d/邵鹏远/UCL/博1/code/audition_pipeline/ablation_study/baseline/results/HARK_n/official_hark_outputs/fileid_255/hark_fileid_255_mic_fileid_255_doa122_3spk',0,7.422403927999767,/mnt/d/邵鹏远/UCL/博1/code/audition_pipeline/ablation_study/baseline/results/HARK_n/official_hark_logs/hark_fileid_255.stdout.log,/mnt/d/邵鹏远/UCL/博1/code/audition_pipeline/ablation_study/baseline/results/HARK_n/official_hark_logs/hark_fileid_255.stderr.log,7
256,/mnt/d/邵鹏远/UCL/博1/code/audition_pipeline/data/dataset_4mic_3spk/Eval/mic/mic_fileid_256_doa87_3spk.wav,/mnt/d/邵鹏远/UCL/博1/code/audition_pipeline/ablation_study/baseline/results/HARK_n/official_hark_outputs/fileid_256,/mnt/d/邵鹏远/UCL/博1/code/audition_pipeline/ablation_study/baseline/results/HARK_n/official_hark_outputs/fileid_256/hark_fileid_256_mic_fileid_256_doa87_3spk,batchflow '/mnt/d/邵鹏远/UCL/博1/code/audition_pipeline/ablation_study/baseline/results/HARK_n/official_hark_outputs/fileid_256/runtime_fileid_256.n' '/mnt/d/邵鹏远/UCL/博1/code/audition_pipeline/data/dataset_4mic_3spk/Eval/mic/mic_fileid_256_doa87_3spk.wav' '/mnt/d/邵鹏远/UCL/博1/code/audition_pipeline/ablation_study/baseline/results/HARK_n/official_hark_outputs/fileid_256/hark_fileid_256_mic_fileid_256_doa87_3spk',0,7.813753262999853,/mnt/d/邵鹏远/UCL/博1/code/audition_pipeline/ablation_study/baseline/results/HARK_n/official_hark_logs/hark_fileid_256.stdout.log,/mnt/d/邵鹏远/UCL/博1/code/audition_pipeline/ablation_study/baseline/results/HARK_n/official_hark_logs/hark_fileid_256.stderr.log,3
257,/mnt/d/邵鹏远/UCL/博1/code/audition_pipeline/data/dataset_4mic_3spk/Eval/mic/mic_fileid_257_doa223_3spk.wav,/mnt/d/邵鹏远/UCL/博1/code/audition_pipeline/ablation_study/baseline/results/HARK_n/official_hark_outputs/fileid_257,/mnt/d/邵鹏远/UCL/博1/code/audition_pipeline/ablation_study/baseline/results/HARK_n/official_hark_outputs/fileid_257/hark_fileid_257_mic_fileid_257_doa223_3spk,batchflow '/mnt/d/邵鹏远/UCL/博1/code/audition_pipeline/ablation_study/baseline/results/HARK_n/official_hark_outputs/fileid_257/runtime_fileid_257.n' '/mnt/d/邵鹏远/UCL/博1/code/audition_pipeline/data/dataset_4mic_3spk/Eval/mic/mic_fileid_257_doa223_3spk.wav' '/mnt/d/邵鹏远/UCL/博1/code/audition_pipeline/ablation_study/baseline/results/HARK_n/official_hark_outputs/fileid_257/hark_fileid_257_mic_fileid_257_doa223_3spk',0,7.74179193100008,/mnt/d/邵鹏远/UCL/博1/code/audition_pipeline/ablation_study/baseline/results/HARK_n/official_hark_logs/hark_fileid_257.stdout.log,/mnt/d/邵鹏远/UCL/博1/code/audition_pipeline/ablation_study/baseline/results/HARK_n/official_hark_logs/hark_fileid_257.stderr.log,5
258,/mnt/d/邵鹏远/UCL/博1/code/audition_pipeline/data/dataset_4mic_3spk/Eval/mic/mic_fileid_258_doa105_3spk.wav,/mnt/d/邵鹏远/UCL/博1/code/audition_pipeline/ablation_study/baseline/results/HARK_n/official_hark_outputs/fileid_258,/mnt/d/邵鹏远/UCL/博1/code/audition_pipeline/ablation_study/baseline/results/HARK_n/official_hark_outputs/fileid_258/hark_fileid_258_mic_fileid_258_doa105_3spk,batchflow '/mnt/d/邵鹏远/UCL/博1/code/audition_pipeline/ablation_study/baseline/results/HARK_n/official_hark_outputs/fileid_258/runtime_fileid_258.n' '/mnt/d/邵鹏远/UCL/博1/code/audition_pipeline/data/dataset_4mic_3spk/Eval/mic/mic_fileid_258_doa105_3spk.wav' '/mnt/d/邵鹏远/UCL/博1/code/audition_pipeline/ablation_study/baseline/results/HARK_n/official_hark_outputs/fileid_258/hark_fileid_258_mic_fileid_258_doa105_3spk',0,7.092166325999642,/mnt/d/邵鹏远/UCL/博1/code/audition_pipeline/ablation_study/baseline/results/HARK_n/official_hark_logs/hark_fileid_258.stdout.log,/mnt/d/邵鹏远/UCL/博1/code/audition_pipeline/ablation_study/baseline/results/HARK_n/official_hark_logs/hark_fileid_258.stderr.log,4
259,/mnt/d/邵鹏远/UCL/博1/code/audition_pipeline/data/dataset_4mic_3spk/Eval/mic/mic_fileid_259_doa21_3spk.wav,/mnt/d/邵鹏远/UCL/博1/code/audition_pipeline/ablation_study/baseline/results/HARK_n/official_hark_outputs/fileid_259,/mnt/d/邵鹏远/UCL/博1/code/audition_pipeline/ablation_study/baseline/results/HARK_n/official_hark_outputs/fileid_259/hark_fileid_259_mic_fileid_259_doa21_3spk,batchflow '/mnt/d/邵鹏远/UCL/博1/code/audition_pipeline/ablation_study/baseline/results/HARK_n/official_hark_outputs/fileid_259/runtime_fileid_259.n' '/mnt/d/邵鹏远/UCL/博1/code/audition_pipeline/data/dataset_4mic_3spk/Eval/mic/mic_fileid_259_doa21_3spk.wav' '/mnt/d/邵鹏远/UCL/博1/code/audition_pipeline/ablation_study/baseline/results/HARK_n/official_hark_outputs/fileid_259/hark_fileid_259_mic_fileid_259_doa21_3spk',0,6.700326702999519,/mnt/d/邵鹏远/UCL/博1/code/audition_pipeline/ablation_study/baseline/results/HARK_n/official_hark_logs/hark_fileid_259.stdout.log,/mnt/d/邵鹏远/UCL/博1/code/audition_pipeline/ablation_study/baseline/results/HARK_n/official_hark_logs/hark_fileid_259.stderr.log,5
260,/mnt/d/邵鹏远/UCL/博1/code/audition_pipeline/data/dataset_4mic_3spk/Eval/mic/mic_fileid_260_doa135_3spk.wav,/mnt/d/邵鹏远/UCL/博1/code/audition_pipeline/ablation_study/baseline/results/HARK_n/official_hark_outputs/fileid_260,/mnt/d/邵鹏远/UCL/博1/code/audition_pipeline/ablation_study/baseline/results/HARK_n/official_hark_outputs/fileid_260/hark_fileid_260_mic_fileid_260_doa135_3spk,batchflow '/mnt/d/邵鹏远/UCL/博1/code/audition_pipeline/ablation_study/baseline/results/HARK_n/official_hark_outputs/fileid_260/runtime_fileid_260.n' '/mnt/d/邵鹏远/UCL/博1/code/audition_pipeline/data/dataset_4mic_3spk/Eval/mic/mic_fileid_260_doa135_3spk.wav' '/mnt/d/邵鹏远/UCL/博1/code/audition_pipeline/ablation_study/baseline/results/HARK_n/official_hark_outputs/fileid_260/hark_fileid_260_mic_fileid_260_doa135_3spk',0,6.9681335799996305,/mnt/d/邵鹏远/UCL/博1/code/audition_pipeline/ablation_study/baseline/results/HARK_n/official_hark_logs/hark_fileid_260.stdout.log,/mnt/d/邵鹏远/UCL/博1/code/audition_pipeline/ablation_study/baseline/results/HARK_n/official_hark_logs/hark_fileid_260.stderr.log,5
261,/mnt/d/邵鹏远/UCL/博1/code/audition_pipeline/data/dataset_4mic_3spk/Eval/mic/mic_fileid_261_doa122_3spk.wav,/mnt/d/邵鹏远/UCL/博1/code/audition_pipeline/ablation_study/baseline/results/HARK_n/official_hark_outputs/fileid_261,/mnt/d/邵鹏远/UCL/博1/code/audition_pipeline/ablation_study/baseline/results/HARK_n/official_hark_outputs/fileid_261/hark_fileid_261_mic_fileid_261_doa122_3spk,batchflow '/mnt/d/邵鹏远/UCL/博1/code/audition_pipeline/ablation_study/baseline/results/HARK_n/official_hark_outputs/fileid_261/runtime_fileid_261.n' '/mnt/d/邵鹏远/UCL/博1/code/audition_pipeline/data/dataset_4mic_3spk/Eval/mic/mic_fileid_261_doa122_3spk.wav' '/mnt/d/邵鹏远/UCL/博1/code/audition_pipeline/ablation_study/baseline/results/HARK_n/official_hark_outputs/fileid_261/hark_fileid_261_mic_fileid_261_doa122_3spk',0,6.626061410999682,/mnt/d/邵鹏远/UCL/博1/code/audition_pipeline/ablation_study/baseline/results/HARK_n/official_hark_logs/hark_fileid_261.stdout.log,/mnt/d/邵鹏远/UCL/博1/code/audition_pipeline/ablation_study/baseline/results/HARK_n/official_hark_logs/hark_fileid_261.stderr.log,3
262,/mnt/d/邵鹏远/UCL/博1/code/audition_pipeline/data/dataset_4mic_3spk/Eval/mic/mic_fileid_262_doa98_3spk.wav,/mnt/d/邵鹏远/UCL/博1/code/audition_pipeline/ablation_study/baseline/results/HARK_n/official_hark_outputs/fileid_262,/mnt/d/邵鹏远/UCL/博1/code/audition_pipeline/ablation_study/baseline/results/HARK_n/official_hark_outputs/fileid_262/hark_fileid_262_mic_fileid_262_doa98_3spk,batchflow '/mnt/d/邵鹏远/UCL/博1/code/audition_pipeline/ablation_study/baseline/results/HARK_n/official_hark_outputs/fileid_262/runtime_fileid_262.n' '/mnt/d/邵鹏远/UCL/博1/code/audition_pipeline/data/dataset_4mic_3spk/Eval/mic/mic_fileid_262_doa98_3spk.wav' '/mnt/d/邵鹏远/UCL/博1/code/audition_pipeline/ablation_study/baseline/results/HARK_n/official_hark_outputs/fileid_262/hark_fileid_262_mic_fileid_262_doa98_3spk',0,6.146321797999917,/mnt/d/邵鹏远/UCL/博1/code/audition_pipeline/ablation_study/baseline/results/HARK_n/official_hark_logs/hark_fileid_262.stdout.log,/mnt/d/邵鹏远/UCL/博1/code/audition_pipeline/ablation_study/baseline/results/HARK_n/official_hark_logs/hark_fileid_262.stderr.log,5
263,/mnt/d/邵鹏远/UCL/博1/code/audition_pipeline/data/dataset_4mic_3spk/Eval/mic/mic_fileid_263_doa26_3spk.wav,/mnt/d/邵鹏远/UCL/博1/code/audition_pipeline/ablation_study/baseline/results/HARK_n/official_hark_outputs/fileid_263,/mnt/d/邵鹏远/UCL/博1/code/audition_pipeline/ablation_study/baseline/results/HARK_n/official_hark_outputs/fileid_263/hark_fileid_263_mic_fileid_263_doa26_3spk,batchflow '/mnt/d/邵鹏远/UCL/博1/code/audition_pipeline/ablation_study/baseline/results/HARK_n/official_hark_outputs/fileid_263/runtime_fileid_263.n' '/mnt/d/邵鹏远/UCL/博1/code/audition_pipeline/data/dataset_4mic_3spk/Eval/mic/mic_fileid_263_doa26_3spk.wav' '/mnt/d/邵鹏远/UCL/博1/code/audition_pipeline/ablation_study/baseline/results/HARK_n/official_hark_outputs/fileid_263/hark_fileid_263_mic_fileid_263_doa26_3spk',0,6.682575857000302,/mnt/d/邵鹏远/UCL/博1/code/audition_pipeline/ablation_study/baseline/results/HARK_n/official_hark_logs/hark_fileid_263.stdout.log,/mnt/d/邵鹏远/UCL/博1/code/audition_pipeline/ablation_study/baseline/results/HARK_n/official_hark_logs/hark_fileid_263.stderr.log,3
264,/mnt/d/邵鹏远/UCL/博1/code/audition_pipeline/data/dataset_4mic_3spk/Eval/mic/mic_fileid_264_doa124_3spk.wav,/mnt/d/邵鹏远/UCL/博1/code/audition_pipeline/ablation_study/baseline/results/HARK_n/official_hark_outputs/fileid_264,/mnt/d/邵鹏远/UCL/博1/code/audition_pipeline/ablation_study/baseline/results/HARK_n/official_hark_outputs/fileid_264/hark_fileid_264_mic_fileid_264_doa124_3spk,batchflow '/mnt/d/邵鹏远/UCL/博1/code/audition_pipeline/ablation_study/baseline/results/HARK_n/official_hark_outputs/fileid_264/runtime_fileid_264.n' '/mnt/d/邵鹏远/UCL/博1/code/audition_pipeline/data/dataset_4mic_3spk/Eval/mic/mic_fileid_264_doa124_3spk.wav' '/mnt/d/邵鹏远/UCL/博1/code/audition_pipeline/ablation_study/baseline/results/HARK_n/official_hark_outputs/fileid_264/hark_fileid_264_mic_fileid_264_doa124_3spk',0,7.368855132000135,/mnt/d/邵鹏远/UCL/博1/code/audition_pipeline/ablation_study/baseline/results/HARK_n/official_hark_logs/hark_fileid_264.stdout.log,/mnt/d/邵鹏远/UCL/博1/code/audition_pipeline/ablation_study/baseline/results/HARK_n/official_hark_logs/hark_fileid_264.stderr.log,5
265,/mnt/d/邵鹏远/UCL/博1/code/audition_pipeline/data/dataset_4mic_3spk/Eval/mic/mic_fileid_265_doa188_3spk.wav,/mnt/d/邵鹏远/UCL/博1/code/audition_pipeline/ablation_study/baseline/results/HARK_n/official_hark_outputs/fileid_265,/mnt/d/邵鹏远/UCL/博1/code/audition_pipeline/ablation_study/baseline/results/HARK_n/official_hark_outputs/fileid_265/hark_fileid_265_mic_fileid_265_doa188_3spk,batchflow '/mnt/d/邵鹏远/UCL/博1/code/audition_pipeline/ablation_study/baseline/results/HARK_n/official_hark_outputs/fileid_265/runtime_fileid_265.n' '/mnt/d/邵鹏远/UCL/博1/code/audition_pipeline/data/dataset_4mic_3spk/Eval/mic/mic_fileid_265_doa188_3spk.wav' '/mnt/d/邵鹏远/UCL/博1/code/audition_pipeline/ablation_study/baseline/results/HARK_n/official_hark_outputs/fileid_265/hark_fileid_265_mic_fileid_265_doa188_3spk',0,6.956375176999245,/mnt/d/邵鹏远/UCL/博1/code/audition_pipeline/ablation_study/baseline/results/HARK_n/official_hark_logs/hark_fileid_265.stdout.log,/mnt/d/邵鹏远/UCL/博1/code/audition_pipeline/ablation_study/baseline/results/HARK_n/official_hark_logs/hark_fileid_265.stderr.log,3
266,/mnt/d/邵鹏远/UCL/博1/code/audition_pipeline/data/dataset_4mic_3spk/Eval/mic/mic_fileid_266_doa106_3spk.wav,/mnt/d/邵鹏远/UCL/博1/code/audition_pipeline/ablation_study/baseline/results/HARK_n/official_hark_outputs/fileid_266,/mnt/d/邵鹏远/UCL/博1/code/audition_pipeline/ablation_study/baseline/results/HARK_n/official_hark_outputs/fileid_266/hark_fileid_266_mic_fileid_266_doa106_3spk,batchflow '/mnt/d/邵鹏远/UCL/博1/code/audition_pipeline/ablation_study/baseline/results/HARK_n/official_hark_outputs/fileid_266/runtime_fileid_266.n' '/mnt/d/邵鹏远/UCL/博1/code/audition_pipeline/data/dataset_4mic_3spk/Eval/mic/mic_fileid_266_doa106_3spk.wav' '/mnt/d/邵鹏远/UCL/博1/code/audition_pipeline/ablation_study/baseline/results/HARK_n/official_hark_outputs/fileid_266/hark_fileid_266_mic_fileid_266_doa106_3spk',0,7.49890817799951,/mnt/d/邵鹏远/UCL/博1/code/audition_pipeline/ablation_study/baseline/results/HARK_n/official_hark_logs/hark_fileid_266.stdout.log,/mnt/d/邵鹏远/UCL/博1/code/audition_pipeline/ablation_study/baseline/results/HARK_n/official_hark_logs/hark_fileid_266.stderr.log,5
267,/mnt/d/邵鹏远/UCL/博1/code/audition_pipeline/data/dataset_4mic_3spk/Eval/mic/mic_fileid_267_doa81_3spk.wav,/mnt/d/邵鹏远/UCL/博1/code/audition_pipeline/ablation_study/baseline/results/HARK_n/official_hark_outputs/fileid_267,/mnt/d/邵鹏远/UCL/博1/code/audition_pipeline/ablation_study/baseline/results/HARK_n/official_hark_outputs/fileid_267/hark_fileid_267_mic_fileid_267_doa81_3spk,batchflow '/mnt/d/邵鹏远/UCL/博1/code/audition_pipeline/ablation_study/baseline/results/HARK_n/official_hark_outputs/fileid_267/runtime_fileid_267.n' '/mnt/d/邵鹏远/UCL/博1/code/audition_pipeline/data/dataset_4mic_3spk/Eval/mic/mic_fileid_267_doa81_3spk.wav' '/mnt/d/邵鹏远/UCL/博1/code/audition_pipeline/ablation_study/baseline/results/HARK_n/official_hark_outputs/fileid_267/hark_fileid_267_mic_fileid_267_doa81_3spk',0,7.687876495000637,/mnt/d/邵鹏远/UCL/博1/code/audition_pipeline/ablation_study/baseline/results/HARK_n/official_hark_logs/hark_fileid_267.stdout.log,/mnt/d/邵鹏远/UCL/博1/code/audition_pipeline/ablation_study/baseline/results/HARK_n/official_hark_logs/hark_fileid_267.stderr.log,6
268,/mnt/d/邵鹏远/UCL/博1/code/audition_pipeline/data/dataset_4mic_3spk/Eval/mic/mic_fileid_268_doa43_3spk.wav,/mnt/d/邵鹏远/UCL/博1/code/audition_pipeline/ablation_study/baseline/results/HARK_n/official_hark_outputs/fileid_268,/mnt/d/邵鹏远/UCL/博1/code/audition_pipeline/ablation_study/baseline/results/HARK_n/official_hark_outputs/fileid_268/hark_fileid_268_mic_fileid_268_doa43_3spk,batchflow '/mnt/d/邵鹏远/UCL/博1/code/audition_pipeline/ablation_study/baseline/results/HARK_n/official_hark_outputs/fileid_268/runtime_fileid_268.n' '/mnt/d/邵鹏远/UCL/博1/code/audition_pipeline/data/dataset_4mic_3spk/Eval/mic/mic_fileid_268_doa43_3spk.wav' '/mnt/d/邵鹏远/UCL/博1/code/audition_pipeline/ablation_study/baseline/results/HARK_n/official_hark_outputs/fileid_268/hark_fileid_268_mic_fileid_268_doa43_3spk',0,7.389354131999426,/mnt/d/邵鹏远/UCL/博1/code/audition_pipeline/ablation_study/baseline/results/HARK_n/official_hark_logs/hark_fileid_268.stdout.log,/mnt/d/邵鹏远/UCL/博1/code/audition_pipeline/ablation_study/baseline/results/HARK_n/official_hark_logs/hark_fileid_268.stderr.log,5
269,/mnt/d/邵鹏远/UCL/博1/code/audition_pipeline/data/dataset_4mic_3spk/Eval/mic/mic_fileid_269_doa18_3spk.wav,/mnt/d/邵鹏远/UCL/博1/code/audition_pipeline/ablation_study/baseline/results/HARK_n/official_hark_outputs/fileid_269,/mnt/d/邵鹏远/UCL/博1/code/audition_pipeline/ablation_study/baseline/results/HARK_n/official_hark_outputs/fileid_269/hark_fileid_269_mic_fileid_269_doa18_3spk,batchflow '/mnt/d/邵鹏远/UCL/博1/code/audition_pipeline/ablation_study/baseline/results/HARK_n/official_hark_outputs/fileid_269/runtime_fileid_269.n' '/mnt/d/邵鹏远/UCL/博1/code/audition_pipeline/data/dataset_4mic_3spk/Eval/mic/mic_fileid_269_doa18_3spk.wav' '/mnt/d/邵鹏远/UCL/博1/code/audition_pipeline/ablation_study/baseline/results/HARK_n/official_hark_outputs/fileid_269/hark_fileid_269_mic_fileid_269_doa18_3spk',0,6.594000230000347,/mnt/d/邵鹏远/UCL/博1/code/audition_pipeline/ablation_study/baseline/results/HARK_n/official_hark_logs/hark_fileid_269.stdout.log,/mnt/d/邵鹏远/UCL/博1/code/audition_pipeline/ablation_study/baseline/results/HARK_n/official_hark_logs/hark_fileid_269.stderr.log,3
270,/mnt/d/邵鹏远/UCL/博1/code/audition_pipeline/data/dataset_4mic_3spk/Eval/mic/mic_fileid_270_doa4_3spk.wav,/mnt/d/邵鹏远/UCL/博1/code/audition_pipeline/ablation_study/baseline/results/HARK_n/official_hark_outputs/fileid_270,/mnt/d/邵鹏远/UCL/博1/code/audition_pipeline/ablation_study/baseline/results/HARK_n/official_hark_outputs/fileid_270/hark_fileid_270_mic_fileid_270_doa4_3spk,batchflow '/mnt/d/邵鹏远/UCL/博1/code/audition_pipeline/ablation_study/baseline/results/HARK_n/official_hark_outputs/fileid_270/runtime_fileid_270.n' '/mnt/d/邵鹏远/UCL/博1/code/audition_pipeline/data/dataset_4mic_3spk/Eval/mic/mic_fileid_270_doa4_3spk.wav' '/mnt/d/邵鹏远/UCL/博1/code/audition_pipeline/ablation_study/baseline/results/HARK_n/official_hark_outputs/fileid_270/hark_fileid_270_mic_fileid_270_doa4_3spk',0,7.407597529999293,/mnt/d/邵鹏远/UCL/博1/code/audition_pipeline/ablation_study/baseline/results/HARK_n/official_hark_logs/hark_fileid_270.stdout.log,/mnt/d/邵鹏远/UCL/博1/code/audition_pipeline/ablation_study/baseline/results/HARK_n/official_hark_logs/hark_fileid_270.stderr.log,3
271,/mnt/d/邵鹏远/UCL/博1/code/audition_pipeline/data/dataset_4mic_3spk/Eval/mic/mic_fileid_271_doa16_3spk.wav,/mnt/d/邵鹏远/UCL/博1/code/audition_pipeline/ablation_study/baseline/results/HARK_n/official_hark_outputs/fileid_271,/mnt/d/邵鹏远/UCL/博1/code/audition_pipeline/ablation_study/baseline/results/HARK_n/official_hark_outputs/fileid_271/hark_fileid_271_mic_fileid_271_doa16_3spk,batchflow '/mnt/d/邵鹏远/UCL/博1/code/audition_pipeline/ablation_study/baseline/results/HARK_n/official_hark_outputs/fileid_271/runtime_fileid_271.n' '/mnt/d/邵鹏远/UCL/博1/code/audition_pipeline/data/dataset_4mic_3spk/Eval/mic/mic_fileid_271_doa16_3spk.wav' '/mnt/d/邵鹏远/UCL/博1/code/audition_pipeline/ablation_study/baseline/results/HARK_n/official_hark_outputs/fileid_271/hark_fileid_271_mic_fileid_271_doa16_3spk',0,7.2603516899998795,/mnt/d/邵鹏远/UCL/博1/code/audition_pipeline/ablation_study/baseline/results/HARK_n/official_hark_logs/hark_fileid_271.stdout.log,/mnt/d/邵鹏远/UCL/博1/code/audition_pipeline/ablation_study/baseline/results/HARK_n/official_hark_logs/hark_fileid_271.stderr.log,5
272,/mnt/d/邵鹏远/UCL/博1/code/audition_pipeline/data/dataset_4mic_3spk/Eval/mic/mic_fileid_272_doa59_3spk.wav,/mnt/d/邵鹏远/UCL/博1/code/audition_pipeline/ablation_study/baseline/results/HARK_n/official_hark_outputs/fileid_272,/mnt/d/邵鹏远/UCL/博1/code/audition_pipeline/ablation_study/baseline/results/HARK_n/official_hark_outputs/fileid_272/hark_fileid_272_mic_fileid_272_doa59_3spk,batchflow '/mnt/d/邵鹏远/UCL/博1/code/audition_pipeline/ablation_study/baseline/results/HARK_n/official_hark_outputs/fileid_272/runtime_fileid_272.n' '/mnt/d/邵鹏远/UCL/博1/code/audition_pipeline/data/dataset_4mic_3spk/Eval/mic/mic_fileid_272_doa59_3spk.wav' '/mnt/d/邵鹏远/UCL/博1/code/audition_pipeline/ablation_study/baseline/results/HARK_n/official_hark_outputs/fileid_272/hark_fileid_272_mic_fileid_272_doa59_3spk',0,6.859596395999688,/mnt/d/邵鹏远/UCL/博1/code/audition_pipeline/ablation_study/baseline/results/HARK_n/official_hark_logs/hark_fileid_272.stdout.log,/mnt/d/邵鹏远/UCL/博1/code/audition_pipeline/ablation_study/baseline/results/HARK_n/official_hark_logs/hark_fileid_272.stderr.log,5
273,/mnt/d/邵鹏远/UCL/博1/code/audition_pipeline/data/dataset_4mic_3spk/Eval/mic/mic_fileid_273_doa24_3spk.wav,/mnt/d/邵鹏远/UCL/博1/code/audition_pipeline/ablation_study/baseline/results/HARK_n/official_hark_outputs/fileid_273,/mnt/d/邵鹏远/UCL/博1/code/audition_pipeline/ablation_study/baseline/results/HARK_n/official_hark_outputs/fileid_273/hark_fileid_273_mic_fileid_273_doa24_3spk,batchflow '/mnt/d/邵鹏远/UCL/博1/code/audition_pipeline/ablation_study/baseline/results/HARK_n/official_hark_outputs/fileid_273/runtime_fileid_273.n' '/mnt/d/邵鹏远/UCL/博1/code/audition_pipeline/data/dataset_4mic_3spk/Eval/mic/mic_fileid_273_doa24_3spk.wav' '/mnt/d/邵鹏远/UCL/博1/code/audition_pipeline/ablation_study/baseline/results/HARK_n/official_hark_outputs/fileid_273/hark_fileid_273_mic_fileid_273_doa24_3spk',0,7.638788055999612,/mnt/d/邵鹏远/UCL/博1/code/audition_pipeline/ablation_study/baseline/results/HARK_n/official_hark_logs/hark_fileid_273.stdout.log,/mnt/d/邵鹏远/UCL/博1/code/audition_pipeline/ablation_study/baseline/results/HARK_n/official_hark_logs/hark_fileid_273.stderr.log,6
274,/mnt/d/邵鹏远/UCL/博1/code/audition_pipeline/data/dataset_4mic_3spk/Eval/mic/mic_fileid_274_doa14_3spk.wav,/mnt/d/邵鹏远/UCL/博1/code/audition_pipeline/ablation_study/baseline/results/HARK_n/official_hark_outputs/fileid_274,/mnt/d/邵鹏远/UCL/博1/code/audition_pipeline/ablation_study/baseline/results/HARK_n/official_hark_outputs/fileid_274/hark_fileid_274_mic_fileid_274_doa14_3spk,batchflow '/mnt/d/邵鹏远/UCL/博1/code/audition_pipeline/ablation_study/baseline/results/HARK_n/official_hark_outputs/fileid_274/runtime_fileid_274.n' '/mnt/d/邵鹏远/UCL/博1/code/audition_pipeline/data/dataset_4mic_3spk/Eval/mic/mic_fileid_274_doa14_3spk.wav' '/mnt/d/邵鹏远/UCL/博1/code/audition_pipeline/ablation_study/baseline/results/HARK_n/official_hark_outputs/fileid_274/hark_fileid_274_mic_fileid_274_doa14_3spk',0,6.70800078100001,/mnt/d/邵鹏远/UCL/博1/code/audition_pipeline/ablation_study/baseline/results/HARK_n/official_hark_logs/hark_fileid_274.stdout.log,/mnt/d/邵鹏远/UCL/博1/code/audition_pipeline/ablation_study/baseline/results/HARK_n/official_hark_logs/hark_fileid_274.stderr.log,3
275,/mnt/d/邵鹏远/UCL/博1/code/audition_pipeline/data/dataset_4mic_3spk/Eval/mic/mic_fileid_275_doa2_3spk.wav,/mnt/d/邵鹏远/UCL/博1/code/audition_pipeline/ablation_study/baseline/results/HARK_n/official_hark_outputs/fileid_275,/mnt/d/邵鹏远/UCL/博1/code/audition_pipeline/ablation_study/baseline/results/HARK_n/official_hark_outputs/fileid_275/hark_fileid_275_mic_fileid_275_doa2_3spk,batchflow '/mnt/d/邵鹏远/UCL/博1/code/audition_pipeline/ablation_study/baseline/results/HARK_n/official_hark_outputs/fileid_275/runtime_fileid_275.n' '/mnt/d/邵鹏远/UCL/博1/code/audition_pipeline/data/dataset_4mic_3spk/Eval/mic/mic_fileid_275_doa2_3spk.wav' '/mnt/d/邵鹏远/UCL/博1/code/audition_pipeline/ablation_study/baseline/results/HARK_n/official_hark_outputs/fileid_275/hark_fileid_275_mic_fileid_275_doa2_3spk',0,7.513467301000674,/mnt/d/邵鹏远/UCL/博1/code/audition_pipeline/ablation_study/baseline/results/HARK_n/official_hark_logs/hark_fileid_275.stdout.log,/mnt/d/邵鹏远/UCL/博1/code/audition_pipeline/ablation_study/baseline/results/HARK_n/official_hark_logs/hark_fileid_275.stderr.log,5
276,/mnt/d/邵鹏远/UCL/博1/code/audition_pipeline/data/dataset_4mic_3spk/Eval/mic/mic_fileid_276_doa35_3spk.wav,/mnt/d/邵鹏远/UCL/博1/code/audition_pipeline/ablation_study/baseline/results/HARK_n/official_hark_outputs/fileid_276,/mnt/d/邵鹏远/UCL/博1/code/audition_pipeline/ablation_study/baseline/results/HARK_n/official_hark_outputs/fileid_276/hark_fileid_276_mic_fileid_276_doa35_3spk,batchflow '/mnt/d/邵鹏远/UCL/博1/code/audition_pipeline/ablation_study/baseline/results/HARK_n/official_hark_outputs/fileid_276/runtime_fileid_276.n' '/mnt/d/邵鹏远/UCL/博1/code/audition_pipeline/data/dataset_4mic_3spk/Eval/mic/mic_fileid_276_doa35_3spk.wav' '/mnt/d/邵鹏远/UCL/博1/code/audition_pipeline/ablation_study/baseline/results/HARK_n/official_hark_outputs/fileid_276/hark_fileid_276_mic_fileid_276_doa35_3spk',0,6.984363076000591,/mnt/d/邵鹏远/UCL/博1/code/audition_pipeline/ablation_study/baseline/results/HARK_n/official_hark_logs/hark_fileid_276.stdout.log,/mnt/d/邵鹏远/UCL/博1/code/audition_pipeline/ablation_study/baseline/results/HARK_n/official_hark_logs/hark_fileid_276.stderr.log,5
277,/mnt/d/邵鹏远/UCL/博1/code/audition_pipeline/data/dataset_4mic_3spk/Eval/mic/mic_fileid_277_doa52_3spk.wav,/mnt/d/邵鹏远/UCL/博1/code/audition_pipeline/ablation_study/baseline/results/HARK_n/official_hark_outputs/fileid_277,/mnt/d/邵鹏远/UCL/博1/code/audition_pipeline/ablation_study/baseline/results/HARK_n/official_hark_outputs/fileid_277/hark_fileid_277_mic_fileid_277_doa52_3spk,batchflow '/mnt/d/邵鹏远/UCL/博1/code/audition_pipeline/ablation_study/baseline/results/HARK_n/official_hark_outputs/fileid_277/runtime_fileid_277.n' '/mnt/d/邵鹏远/UCL/博1/code/audition_pipeline/data/dataset_4mic_3spk/Eval/mic/mic_fileid_277_doa52_3spk.wav' '/mnt/d/邵鹏远/UCL/博1/code/audition_pipeline/ablation_study/baseline/results/HARK_n/official_hark_outputs/fileid_277/hark_fileid_277_mic_fileid_277_doa52_3spk',0,6.208664058999602,/mnt/d/邵鹏远/UCL/博1/code/audition_pipeline/ablation_study/baseline/results/HARK_n/official_hark_logs/hark_fileid_277.stdout.log,/mnt/d/邵鹏远/UCL/博1/code/audition_pipeline/ablation_study/baseline/results/HARK_n/official_hark_logs/hark_fileid_277.stderr.log,5
278,/mnt/d/邵鹏远/UCL/博1/code/audition_pipeline/data/dataset_4mic_3spk/Eval/mic/mic_fileid_278_doa13_3spk.wav,/mnt/d/邵鹏远/UCL/博1/code/audition_pipeline/ablation_study/baseline/results/HARK_n/official_hark_outputs/fileid_278,/mnt/d/邵鹏远/UCL/博1/code/audition_pipeline/ablation_study/baseline/results/HARK_n/official_hark_outputs/fileid_278/hark_fileid_278_mic_fileid_278_doa13_3spk,batchflow '/mnt/d/邵鹏远/UCL/博1/code/audition_pipeline/ablation_study/baseline/results/HARK_n/official_hark_outputs/fileid_278/runtime_fileid_278.n' '/mnt/d/邵鹏远/UCL/博1/code/audition_pipeline/data/dataset_4mic_3spk/Eval/mic/mic_fileid_278_doa13_3spk.wav' '/mnt/d/邵鹏远/UCL/博1/code/audition_pipeline/ablation_study/baseline/results/HARK_n/official_hark_outputs/fileid_278/hark_fileid_278_mic_fileid_278_doa13_3spk',0,7.804049393999776,/mnt/d/邵鹏远/UCL/博1/code/audition_pipeline/ablation_study/baseline/results/HARK_n/official_hark_logs/hark_fileid_278.stdout.log,/mnt/d/邵鹏远/UCL/博1/code/audition_pipeline/ablation_study/baseline/results/HARK_n/official_hark_logs/hark_fileid_278.stderr.log,5
279,/mnt/d/邵鹏远/UCL/博1/code/audition_pipeline/data/dataset_4mic_3spk/Eval/mic/mic_fileid_279_doa26_3spk.wav,/mnt/d/邵鹏远/UCL/博1/code/audition_pipeline/ablation_study/baseline/results/HARK_n/official_hark_outputs/fileid_279,/mnt/d/邵鹏远/UCL/博1/code/audition_pipeline/ablation_study/baseline/results/HARK_n/official_hark_outputs/fileid_279/hark_fileid_279_mic_fileid_279_doa26_3spk,batchflow '/mnt/d/邵鹏远/UCL/博1/code/audition_pipeline/ablation_study/baseline/results/HARK_n/official_hark_outputs/fileid_279/runtime_fileid_279.n' '/mnt/d/邵鹏远/UCL/博1/code/audition_pipeline/data/dataset_4mic_3spk/Eval/mic/mic_fileid_279_doa26_3spk.wav' '/mnt/d/邵鹏远/UCL/博1/code/audition_pipeline/ablation_study/baseline/results/HARK_n/official_hark_outputs/fileid_279/hark_fileid_279_mic_fileid_279_doa26_3spk',0,7.062765837999905,/mnt/d/邵鹏远/UCL/博1/code/audition_pipeline/ablation_study/baseline/results/HARK_n/official_hark_logs/hark_fileid_279.stdout.log,/mnt/d/邵鹏远/UCL/博1/code/audition_pipeline/ablation_study/baseline/results/HARK_n/official_hark_logs/hark_fileid_279.stderr.log,6
280,/mnt/d/邵鹏远/UCL/博1/code/audition_pipeline/data/dataset_4mic_3spk/Eval/mic/mic_fileid_280_doa27_3spk.wav,/mnt/d/邵鹏远/UCL/博1/code/audition_pipeline/ablation_study/baseline/results/HARK_n/official_hark_outputs/fileid_280,/mnt/d/邵鹏远/UCL/博1/code/audition_pipeline/ablation_study/baseline/results/HARK_n/official_hark_outputs/fileid_280/hark_fileid_280_mic_fileid_280_doa27_3spk,batchflow '/mnt/d/邵鹏远/UCL/博1/code/audition_pipeline/ablation_study/baseline/results/HARK_n/official_hark_outputs/fileid_280/runtime_fileid_280.n' '/mnt/d/邵鹏远/UCL/博1/code/audition_pipeline/data/dataset_4mic_3spk/Eval/mic/mic_fileid_280_doa27_3spk.wav' '/mnt/d/邵鹏远/UCL/博1/code/audition_pipeline/ablation_study/baseline/results/HARK_n/official_hark_outputs/fileid_280/hark_fileid_280_mic_fileid_280_doa27_3spk',0,6.675885859000118,/mnt/d/邵鹏远/UCL/博1/code/audition_pipeline/ablation_study/baseline/results/HARK_n/official_hark_logs/hark_fileid_280.stdout.log,/mnt/d/邵鹏远/UCL/博1/code/audition_pipeline/ablation_study/baseline/results/HARK_n/official_hark_logs/hark_fileid_280.stderr.log,5
281,/mnt/d/邵鹏远/UCL/博1/code/audition_pipeline/data/dataset_4mic_3spk/Eval/mic/mic_fileid_281_doa220_3spk.wav,/mnt/d/邵鹏远/UCL/博1/code/audition_pipeline/ablation_study/baseline/results/HARK_n/official_hark_outputs/fileid_281,/mnt/d/邵鹏远/UCL/博1/code/audition_pipeline/ablation_study/baseline/results/HARK_n/official_hark_outputs/fileid_281/hark_fileid_281_mic_fileid_281_doa220_3spk,batchflow '/mnt/d/邵鹏远/UCL/博1/code/audition_pipeline/ablation_study/baseline/results/HARK_n/official_hark_outputs/fileid_281/runtime_fileid_281.n' '/mnt/d/邵鹏远/UCL/博1/code/audition_pipeline/data/dataset_4mic_3spk/Eval/mic/mic_fileid_281_doa220_3spk.wav' '/mnt/d/邵鹏远/UCL/博1/code/audition_pipeline/ablation_study/baseline/results/HARK_n/official_hark_outputs/fileid_281/hark_fileid_281_mic_fileid_281_doa220_3spk',0,7.29249684000024,/mnt/d/邵鹏远/UCL/博1/code/audition_pipeline/ablation_study/baseline/results/HARK_n/official_hark_logs/hark_fileid_281.stdout.log,/mnt/d/邵鹏远/UCL/博1/code/audition_pipeline/ablation_study/baseline/results/HARK_n/official_hark_logs/hark_fileid_281.stderr.log,5
282,/mnt/d/邵鹏远/UCL/博1/code/audition_pipeline/data/dataset_4mic_3spk/Eval/mic/mic_fileid_282_doa55_3spk.wav,/mnt/d/邵鹏远/UCL/博1/code/audition_pipeline/ablation_study/baseline/results/HARK_n/official_hark_outputs/fileid_282,/mnt/d/邵鹏远/UCL/博1/code/audition_pipeline/ablation_study/baseline/results/HARK_n/official_hark_outputs/fileid_282/hark_fileid_282_mic_fileid_282_doa55_3spk,batchflow '/mnt/d/邵鹏远/UCL/博1/code/audition_pipeline/ablation_study/baseline/results/HARK_n/official_hark_outputs/fileid_282/runtime_fileid_282.n' '/mnt/d/邵鹏远/UCL/博1/code/audition_pipeline/data/dataset_4mic_3spk/Eval/mic/mic_fileid_282_doa55_3spk.wav' '/mnt/d/邵鹏远/UCL/博1/code/audition_pipeline/ablation_study/baseline/results/HARK_n/official_hark_outputs/fileid_282/hark_fileid_282_mic_fileid_282_doa55_3spk',0,7.177035978999811,/mnt/d/邵鹏远/UCL/博1/code/audition_pipeline/ablation_study/baseline/results/HARK_n/official_hark_logs/hark_fileid_282.stdout.log,/mnt/d/邵鹏远/UCL/博1/code/audition_pipeline/ablation_study/baseline/results/HARK_n/official_hark_logs/hark_fileid_282.stderr.log,5
283,/mnt/d/邵鹏远/UCL/博1/code/audition_pipeline/data/dataset_4mic_3spk/Eval/mic/mic_fileid_283_doa126_3spk.wav,/mnt/d/邵鹏远/UCL/博1/code/audition_pipeline/ablation_study/baseline/results/HARK_n/official_hark_outputs/fileid_283,/mnt/d/邵鹏远/UCL/博1/code/audition_pipeline/ablation_study/baseline/results/HARK_n/official_hark_outputs/fileid_283/hark_fileid_283_mic_fileid_283_doa126_3spk,batchflow '/mnt/d/邵鹏远/UCL/博1/code/audition_pipeline/ablation_study/baseline/results/HARK_n/official_hark_outputs/fileid_283/runtime_fileid_283.n' '/mnt/d/邵鹏远/UCL/博1/code/audition_pipeline/data/dataset_4mic_3spk/Eval/mic/mic_fileid_283_doa126_3spk.wav' '/mnt/d/邵鹏远/UCL/博1/code/audition_pipeline/ablation_study/baseline/results/HARK_n/official_hark_outputs/fileid_283/hark_fileid_283_mic_fileid_283_doa126_3spk',0,7.12591194200013,/mnt/d/邵鹏远/UCL/博1/code/audition_pipeline/ablation_study/baseline/results/HARK_n/official_hark_logs/hark_fileid_283.stdout.log,/mnt/d/邵鹏远/UCL/博1/code/audition_pipeline/ablation_study/baseline/results/HARK_n/official_hark_logs/hark_fileid_283.stderr.log,3
284,/mnt/d/邵鹏远/UCL/博1/code/audition_pipeline/data/dataset_4mic_3spk/Eval/mic/mic_fileid_284_doa4_3spk.wav,/mnt/d/邵鹏远/UCL/博1/code/audition_pipeline/ablation_study/baseline/results/HARK_n/official_hark_outputs/fileid_284,/mnt/d/邵鹏远/UCL/博1/code/audition_pipeline/ablation_study/baseline/results/HARK_n/official_hark_outputs/fileid_284/hark_fileid_284_mic_fileid_284_doa4_3spk,batchflow '/mnt/d/邵鹏远/UCL/博1/code/audition_pipeline/ablation_study/baseline/results/HARK_n/official_hark_outputs/fileid_284/runtime_fileid_284.n' '/mnt/d/邵鹏远/UCL/博1/code/audition_pipeline/data/dataset_4mic_3spk/Eval/mic/mic_fileid_284_doa4_3spk.wav' '/mnt/d/邵鹏远/UCL/博1/code/audition_pipeline/ablation_study/baseline/results/HARK_n/official_hark_outputs/fileid_284/hark_fileid_284_mic_fileid_284_doa4_3spk',0,6.589527332999751,/mnt/d/邵鹏远/UCL/博1/code/audition_pipeline/ablation_study/baseline/results/HARK_n/official_hark_logs/hark_fileid_284.stdout.log,/mnt/d/邵鹏远/UCL/博1/code/audition_pipeline/ablation_study/baseline/results/HARK_n/official_hark_logs/hark_fileid_284.stderr.log,4
285,/mnt/d/邵鹏远/UCL/博1/code/audition_pipeline/data/dataset_4mic_3spk/Eval/mic/mic_fileid_285_doa48_3spk.wav,/mnt/d/邵鹏远/UCL/博1/code/audition_pipeline/ablation_study/baseline/results/HARK_n/official_hark_outputs/fileid_285,/mnt/d/邵鹏远/UCL/博1/code/audition_pipeline/ablation_study/baseline/results/HARK_n/official_hark_outputs/fileid_285/hark_fileid_285_mic_fileid_285_doa48_3spk,batchflow '/mnt/d/邵鹏远/UCL/博1/code/audition_pipeline/ablation_study/baseline/results/HARK_n/official_hark_outputs/fileid_285/runtime_fileid_285.n' '/mnt/d/邵鹏远/UCL/博1/code/audition_pipeline/data/dataset_4mic_3spk/Eval/mic/mic_fileid_285_doa48_3spk.wav' '/mnt/d/邵鹏远/UCL/博1/code/audition_pipeline/ablation_study/baseline/results/HARK_n/official_hark_outputs/fileid_285/hark_fileid_285_mic_fileid_285_doa48_3spk',0,7.684724896999796,/mnt/d/邵鹏远/UCL/博1/code/audition_pipeline/ablation_study/baseline/results/HARK_n/official_hark_logs/hark_fileid_285.stdout.log,/mnt/d/邵鹏远/UCL/博1/code/audition_pipeline/ablation_study/baseline/results/HARK_n/official_hark_logs/hark_fileid_285.stderr.log,7
286,/mnt/d/邵鹏远/UCL/博1/code/audition_pipeline/data/dataset_4mic_3spk/Eval/mic/mic_fileid_286_doa62_3spk.wav,/mnt/d/邵鹏远/UCL/博1/code/audition_pipeline/ablation_study/baseline/results/HARK_n/official_hark_outputs/fileid_286,/mnt/d/邵鹏远/UCL/博1/code/audition_pipeline/ablation_study/baseline/results/HARK_n/official_hark_outputs/fileid_286/hark_fileid_286_mic_fileid_286_doa62_3spk,batchflow '/mnt/d/邵鹏远/UCL/博1/code/audition_pipeline/ablation_study/baseline/results/HARK_n/official_hark_outputs/fileid_286/runtime_fileid_286.n' '/mnt/d/邵鹏远/UCL/博1/code/audition_pipeline/data/dataset_4mic_3spk/Eval/mic/mic_fileid_286_doa62_3spk.wav' '/mnt/d/邵鹏远/UCL/博1/code/audition_pipeline/ablation_study/baseline/results/HARK_n/official_hark_outputs/fileid_286/hark_fileid_286_mic_fileid_286_doa62_3spk',0,6.896769023000161,/mnt/d/邵鹏远/UCL/博1/code/audition_pipeline/ablation_study/baseline/results/HARK_n/official_hark_logs/hark_fileid_286.stdout.log,/mnt/d/邵鹏远/UCL/博1/code/audition_pipeline/ablation_study/baseline/results/HARK_n/official_hark_logs/hark_fileid_286.stderr.log,6
287,/mnt/d/邵鹏远/UCL/博1/code/audition_pipeline/data/dataset_4mic_3spk/Eval/mic/mic_fileid_287_doa99_3spk.wav,/mnt/d/邵鹏远/UCL/博1/code/audition_pipeline/ablation_study/baseline/results/HARK_n/official_hark_outputs/fileid_287,/mnt/d/邵鹏远/UCL/博1/code/audition_pipeline/ablation_study/baseline/results/HARK_n/official_hark_outputs/fileid_287/hark_fileid_287_mic_fileid_287_doa99_3spk,batchflow '/mnt/d/邵鹏远/UCL/博1/code/audition_pipeline/ablation_study/baseline/results/HARK_n/official_hark_outputs/fileid_287/runtime_fileid_287.n' '/mnt/d/邵鹏远/UCL/博1/code/audition_pipeline/data/dataset_4mic_3spk/Eval/mic/mic_fileid_287_doa99_3spk.wav' '/mnt/d/邵鹏远/UCL/博1/code/audition_pipeline/ablation_study/baseline/results/HARK_n/official_hark_outputs/fileid_287/hark_fileid_287_mic_fileid_287_doa99_3spk',0,6.714410180000414,/mnt/d/邵鹏远/UCL/博1/code/audition_pipeline/ablation_study/baseline/results/HARK_n/official_hark_logs/hark_fileid_287.stdout.log,/mnt/d/邵鹏远/UCL/博1/code/audition_pipeline/ablation_study/baseline/results/HARK_n/official_hark_logs/hark_fileid_287.stderr.log,5
288,/mnt/d/邵鹏远/UCL/博1/code/audition_pipeline/data/dataset_4mic_3spk/Eval/mic/mic_fileid_288_doa72_3spk.wav,/mnt/d/邵鹏远/UCL/博1/code/audition_pipeline/ablation_study/baseline/results/HARK_n/official_hark_outputs/fileid_288,/mnt/d/邵鹏远/UCL/博1/code/audition_pipeline/ablation_study/baseline/results/HARK_n/official_hark_outputs/fileid_288/hark_fileid_288_mic_fileid_288_doa72_3spk,batchflow '/mnt/d/邵鹏远/UCL/博1/code/audition_pipeline/ablation_study/baseline/results/HARK_n/official_hark_outputs/fileid_288/runtime_fileid_288.n' '/mnt/d/邵鹏远/UCL/博1/code/audition_pipeline/data/dataset_4mic_3spk/Eval/mic/mic_fileid_288_doa72_3spk.wav' '/mnt/d/邵鹏远/UCL/博1/code/audition_pipeline/ablation_study/baseline/results/HARK_n/official_hark_outputs/fileid_288/hark_fileid_288_mic_fileid_288_doa72_3spk',0,7.414928680999765,/mnt/d/邵鹏远/UCL/博1/code/audition_pipeline/ablation_study/baseline/results/HARK_n/official_hark_logs/hark_fileid_288.stdout.log,/mnt/d/邵鹏远/UCL/博1/code/audition_pipeline/ablation_study/baseline/results/HARK_n/official_hark_logs/hark_fileid_288.stderr.log,6
289,/mnt/d/邵鹏远/UCL/博1/code/audition_pipeline/data/dataset_4mic_3spk/Eval/mic/mic_fileid_289_doa174_3spk.wav,/mnt/d/邵鹏远/UCL/博1/code/audition_pipeline/ablation_study/baseline/results/HARK_n/official_hark_outputs/fileid_289,/mnt/d/邵鹏远/UCL/博1/code/audition_pipeline/ablation_study/baseline/results/HARK_n/official_hark_outputs/fileid_289/hark_fileid_289_mic_fileid_289_doa174_3spk,batchflow '/mnt/d/邵鹏远/UCL/博1/code/audition_pipeline/ablation_study/baseline/results/HARK_n/official_hark_outputs/fileid_289/runtime_fileid_289.n' '/mnt/d/邵鹏远/UCL/博1/code/audition_pipeline/data/dataset_4mic_3spk/Eval/mic/mic_fileid_289_doa174_3spk.wav' '/mnt/d/邵鹏远/UCL/博1/code/audition_pipeline/ablation_study/baseline/results/HARK_n/official_hark_outputs/fileid_289/hark_fileid_289_mic_fileid_289_doa174_3spk',0,6.9321828460006145,/mnt/d/邵鹏远/UCL/博1/code/audition_pipeline/ablation_study/baseline/results/HARK_n/official_hark_logs/hark_fileid_289.stdout.log,/mnt/d/邵鹏远/UCL/博1/code/audition_pipeline/ablation_study/baseline/results/HARK_n/official_hark_logs/hark_fileid_289.stderr.log,3
290,/mnt/d/邵鹏远/UCL/博1/code/audition_pipeline/data/dataset_4mic_3spk/Eval/mic/mic_fileid_290_doa23_3spk.wav,/mnt/d/邵鹏远/UCL/博1/code/audition_pipeline/ablation_study/baseline/results/HARK_n/official_hark_outputs/fileid_290,/mnt/d/邵鹏远/UCL/博1/code/audition_pipeline/ablation_study/baseline/results/HARK_n/official_hark_outputs/fileid_290/hark_fileid_290_mic_fileid_290_doa23_3spk,batchflow '/mnt/d/邵鹏远/UCL/博1/code/audition_pipeline/ablation_study/baseline/results/HARK_n/official_hark_outputs/fileid_290/runtime_fileid_290.n' '/mnt/d/邵鹏远/UCL/博1/code/audition_pipeline/data/dataset_4mic_3spk/Eval/mic/mic_fileid_290_doa23_3spk.wav' '/mnt/d/邵鹏远/UCL/博1/code/audition_pipeline/ablation_study/baseline/results/HARK_n/official_hark_outputs/fileid_290/hark_fileid_290_mic_fileid_290_doa23_3spk',0,8.210340860000542,/mnt/d/邵鹏远/UCL/博1/code/audition_pipeline/ablation_study/baseline/results/HARK_n/official_hark_logs/hark_fileid_290.stdout.log,/mnt/d/邵鹏远/UCL/博1/code/audition_pipeline/ablation_study/baseline/results/HARK_n/official_hark_logs/hark_fileid_290.stderr.log,6
291,/mnt/d/邵鹏远/UCL/博1/code/audition_pipeline/data/dataset_4mic_3spk/Eval/mic/mic_fileid_291_doa157_3spk.wav,/mnt/d/邵鹏远/UCL/博1/code/audition_pipeline/ablation_study/baseline/results/HARK_n/official_hark_outputs/fileid_291,/mnt/d/邵鹏远/UCL/博1/code/audition_pipeline/ablation_study/baseline/results/HARK_n/official_hark_outputs/fileid_291/hark_fileid_291_mic_fileid_291_doa157_3spk,batchflow '/mnt/d/邵鹏远/UCL/博1/code/audition_pipeline/ablation_study/baseline/results/HARK_n/official_hark_outputs/fileid_291/runtime_fileid_291.n' '/mnt/d/邵鹏远/UCL/博1/code/audition_pipeline/data/dataset_4mic_3spk/Eval/mic/mic_fileid_291_doa157_3spk.wav' '/mnt/d/邵鹏远/UCL/博1/code/audition_pipeline/ablation_study/baseline/results/HARK_n/official_hark_outputs/fileid_291/hark_fileid_291_mic_fileid_291_doa157_3spk',0,7.026862233999964,/mnt/d/邵鹏远/UCL/博1/code/audition_pipeline/ablation_study/baseline/results/HARK_n/official_hark_logs/hark_fileid_291.stdout.log,/mnt/d/邵鹏远/UCL/博1/code/audition_pipeline/ablation_study/baseline/results/HARK_n/official_hark_logs/hark_fileid_291.stderr.log,4
292,/mnt/d/邵鹏远/UCL/博1/code/audition_pipeline/data/dataset_4mic_3spk/Eval/mic/mic_fileid_292_doa44_3spk.wav,/mnt/d/邵鹏远/UCL/博1/code/audition_pipeline/ablation_study/baseline/results/HARK_n/official_hark_outputs/fileid_292,/mnt/d/邵鹏远/UCL/博1/code/audition_pipeline/ablation_study/baseline/results/HARK_n/official_hark_outputs/fileid_292/hark_fileid_292_mic_fileid_292_doa44_3spk,batchflow '/mnt/d/邵鹏远/UCL/博1/code/audition_pipeline/ablation_study/baseline/results/HARK_n/official_hark_outputs/fileid_292/runtime_fileid_292.n' '/mnt/d/邵鹏远/UCL/博1/code/audition_pipeline/data/dataset_4mic_3spk/Eval/mic/mic_fileid_292_doa44_3spk.wav' '/mnt/d/邵鹏远/UCL/博1/code/audition_pipeline/ablation_study/baseline/results/HARK_n/official_hark_outputs/fileid_292/hark_fileid_292_mic_fileid_292_doa44_3spk',0,7.198536068000067,/mnt/d/邵鹏远/UCL/博1/code/audition_pipeline/ablation_study/baseline/results/HARK_n/official_hark_logs/hark_fileid_292.stdout.log,/mnt/d/邵鹏远/UCL/博1/code/audition_pipeline/ablation_study/baseline/results/HARK_n/official_hark_logs/hark_fileid_292.stderr.log,6
293,/mnt/d/邵鹏远/UCL/博1/code/audition_pipeline/data/dataset_4mic_3spk/Eval/mic/mic_fileid_293_doa94_3spk.wav,/mnt/d/邵鹏远/UCL/博1/code/audition_pipeline/ablation_study/baseline/results/HARK_n/official_hark_outputs/fileid_293,/mnt/d/邵鹏远/UCL/博1/code/audition_pipeline/ablation_study/baseline/results/HARK_n/official_hark_outputs/fileid_293/hark_fileid_293_mic_fileid_293_doa94_3spk,batchflow '/mnt/d/邵鹏远/UCL/博1/code/audition_pipeline/ablation_study/baseline/results/HARK_n/official_hark_outputs/fileid_293/runtime_fileid_293.n' '/mnt/d/邵鹏远/UCL/博1/code/audition_pipeline/data/dataset_4mic_3spk/Eval/mic/mic_fileid_293_doa94_3spk.wav' '/mnt/d/邵鹏远/UCL/博1/code/audition_pipeline/ablation_study/baseline/results/HARK_n/official_hark_outputs/fileid_293/hark_fileid_293_mic_fileid_293_doa94_3spk',0,6.955045789999531,/mnt/d/邵鹏远/UCL/博1/code/audition_pipeline/ablation_study/baseline/results/HARK_n/official_hark_logs/hark_fileid_293.stdout.log,/mnt/d/邵鹏远/UCL/博1/code/audition_pipeline/ablation_study/baseline/results/HARK_n/official_hark_logs/hark_fileid_293.stderr.log,6
294,/mnt/d/邵鹏远/UCL/博1/code/audition_pipeline/data/dataset_4mic_3spk/Eval/mic/mic_fileid_294_doa175_3spk.wav,/mnt/d/邵鹏远/UCL/博1/code/audition_pipeline/ablation_study/baseline/results/HARK_n/official_hark_outputs/fileid_294,/mnt/d/邵鹏远/UCL/博1/code/audition_pipeline/ablation_study/baseline/results/HARK_n/official_hark_outputs/fileid_294/hark_fileid_294_mic_fileid_294_doa175_3spk,batchflow '/mnt/d/邵鹏远/UCL/博1/code/audition_pipeline/ablation_study/baseline/results/HARK_n/official_hark_outputs/fileid_294/runtime_fileid_294.n' '/mnt/d/邵鹏远/UCL/博1/code/audition_pipeline/data/dataset_4mic_3spk/Eval/mic/mic_fileid_294_doa175_3spk.wav' '/mnt/d/邵鹏远/UCL/博1/code/audition_pipeline/ablation_study/baseline/results/HARK_n/official_hark_outputs/fileid_294/hark_fileid_294_mic_fileid_294_doa175_3spk',0,7.092196736000005,/mnt/d/邵鹏远/UCL/博1/code/audition_pipeline/ablation_study/baseline/results/HARK_n/official_hark_logs/hark_fileid_294.stdout.log,/mnt/d/邵鹏远/UCL/博1/code/audition_pipeline/ablation_study/baseline/results/HARK_n/official_hark_logs/hark_fileid_294.stderr.log,5
295,/mnt/d/邵鹏远/UCL/博1/code/audition_pipeline/data/dataset_4mic_3spk/Eval/mic/mic_fileid_295_doa80_3spk.wav,/mnt/d/邵鹏远/UCL/博1/code/audition_pipeline/ablation_study/baseline/results/HARK_n/official_hark_outputs/fileid_295,/mnt/d/邵鹏远/UCL/博1/code/audition_pipeline/ablation_study/baseline/results/HARK_n/official_hark_outputs/fileid_295/hark_fileid_295_mic_fileid_295_doa80_3spk,batchflow '/mnt/d/邵鹏远/UCL/博1/code/audition_pipeline/ablation_study/baseline/results/HARK_n/official_hark_outputs/fileid_295/runtime_fileid_295.n' '/mnt/d/邵鹏远/UCL/博1/code/audition_pipeline/data/dataset_4mic_3spk/Eval/mic/mic_fileid_295_doa80_3spk.wav' '/mnt/d/邵鹏远/UCL/博1/code/audition_pipeline/ablation_study/baseline/results/HARK_n/official_hark_outputs/fileid_295/hark_fileid_295_mic_fileid_295_doa80_3spk',0,6.2464777699997285,/mnt/d/邵鹏远/UCL/博1/code/audition_pipeline/ablation_study/baseline/results/HARK_n/official_hark_logs/hark_fileid_295.stdout.log,/mnt/d/邵鹏远/UCL/博1/code/audition_pipeline/ablation_study/baseline/results/HARK_n/official_hark_logs/hark_fileid_295.stderr.log,3
296,/mnt/d/邵鹏远/UCL/博1/code/audition_pipeline/data/dataset_4mic_3spk/Eval/mic/mic_fileid_296_doa65_3spk.wav,/mnt/d/邵鹏远/UCL/博1/code/audition_pipeline/ablation_study/baseline/results/HARK_n/official_hark_outputs/fileid_296,/mnt/d/邵鹏远/UCL/博1/code/audition_pipeline/ablation_study/baseline/results/HARK_n/official_hark_outputs/fileid_296/hark_fileid_296_mic_fileid_296_doa65_3spk,batchflow '/mnt/d/邵鹏远/UCL/博1/code/audition_pipeline/ablation_study/baseline/results/HARK_n/official_hark_outputs/fileid_296/runtime_fileid_296.n' '/mnt/d/邵鹏远/UCL/博1/code/audition_pipeline/data/dataset_4mic_3spk/Eval/mic/mic_fileid_296_doa65_3spk.wav' '/mnt/d/邵鹏远/UCL/博1/code/audition_pipeline/ablation_study/baseline/results/HARK_n/official_hark_outputs/fileid_296/hark_fileid_296_mic_fileid_296_doa65_3spk',0,6.515230400000291,/mnt/d/邵鹏远/UCL/博1/code/audition_pipeline/ablation_study/baseline/results/HARK_n/official_hark_logs/hark_fileid_296.stdout.log,/mnt/d/邵鹏远/UCL/博1/code/audition_pipeline/ablation_study/baseline/results/HARK_n/official_hark_logs/hark_fileid_296.stderr.log,5
297,/mnt/d/邵鹏远/UCL/博1/code/audition_pipeline/data/dataset_4mic_3spk/Eval/mic/mic_fileid_297_doa40_3spk.wav,/mnt/d/邵鹏远/UCL/博1/code/audition_pipeline/ablation_study/baseline/results/HARK_n/official_hark_outputs/fileid_297,/mnt/d/邵鹏远/UCL/博1/code/audition_pipeline/ablation_study/baseline/results/HARK_n/official_hark_outputs/fileid_297/hark_fileid_297_mic_fileid_297_doa40_3spk,batchflow '/mnt/d/邵鹏远/UCL/博1/code/audition_pipeline/ablation_study/baseline/results/HARK_n/official_hark_outputs/fileid_297/runtime_fileid_297.n' '/mnt/d/邵鹏远/UCL/博1/code/audition_pipeline/data/dataset_4mic_3spk/Eval/mic/mic_fileid_297_doa40_3spk.wav' '/mnt/d/邵鹏远/UCL/博1/code/audition_pipeline/ablation_study/baseline/results/HARK_n/official_hark_outputs/fileid_297/hark_fileid_297_mic_fileid_297_doa40_3spk',0,6.545085228999596,/mnt/d/邵鹏远/UCL/博1/code/audition_pipeline/ablation_study/baseline/results/HARK_n/official_hark_logs/hark_fileid_297.stdout.log,/mnt/d/邵鹏远/UCL/博1/code/audition_pipeline/ablation_study/baseline/results/HARK_n/official_hark_logs/hark_fileid_297.stderr.log,4
298,/mnt/d/邵鹏远/UCL/博1/code/audition_pipeline/data/dataset_4mic_3spk/Eval/mic/mic_fileid_298_doa53_3spk.wav,/mnt/d/邵鹏远/UCL/博1/code/audition_pipeline/ablation_study/baseline/results/HARK_n/official_hark_outputs/fileid_298,/mnt/d/邵鹏远/UCL/博1/code/audition_pipeline/ablation_study/baseline/results/HARK_n/official_hark_outputs/fileid_298/hark_fileid_298_mic_fileid_298_doa53_3spk,batchflow '/mnt/d/邵鹏远/UCL/博1/code/audition_pipeline/ablation_study/baseline/results/HARK_n/official_hark_outputs/fileid_298/runtime_fileid_298.n' '/mnt/d/邵鹏远/UCL/博1/code/audition_pipeline/data/dataset_4mic_3spk/Eval/mic/mic_fileid_298_doa53_3spk.wav' '/mnt/d/邵鹏远/UCL/博1/code/audition_pipeline/ablation_study/baseline/results/HARK_n/official_hark_outputs/fileid_298/hark_fileid_298_mic_fileid_298_doa53_3spk',0,6.396897843000261,/mnt/d/邵鹏远/UCL/博1/code/audition_pipeline/ablation_study/baseline/results/HARK_n/official_hark_logs/hark_fileid_298.stdout.log,/mnt/d/邵鹏远/UCL/博1/code/audition_pipeline/ablation_study/baseline/results/HARK_n/official_hark_logs/hark_fileid_298.stderr.log,4
299,/mnt/d/邵鹏远/UCL/博1/code/audition_pipeline/data/dataset_4mic_3spk/Eval/mic/mic_fileid_299_doa50_3spk.wav,/mnt/d/邵鹏远/UCL/博1/code/audition_pipeline/ablation_study/baseline/results/HARK_n/official_hark_outputs/fileid_299,/mnt/d/邵鹏远/UCL/博1/code/audition_pipeline/ablation_study/baseline/results/HARK_n/official_hark_outputs/fileid_299/hark_fileid_299_mic_fileid_299_doa50_3spk,batchflow '/mnt/d/邵鹏远/UCL/博1/code/audition_pipeline/ablation_study/baseline/results/HARK_n/official_hark_outputs/fileid_299/runtime_fileid_299.n' '/mnt/d/邵鹏远/UCL/博1/code/audition_pipeline/data/dataset_4mic_3spk/Eval/mic/mic_fileid_299_doa50_3spk.wav' '/mnt/d/邵鹏远/UCL/博1/code/audition_pipeline/ablation_study/baseline/results/HARK_n/official_hark_outputs/fileid_299/hark_fileid_299_mic_fileid_299_doa50_3spk',0,7.019831526999951,/mnt/d/邵鹏远/UCL/博1/code/audition_pipeline/ablation_study/baseline/results/HARK_n/official_hark_logs/hark_fileid_299.stdout.log,/mnt/d/邵鹏远/UCL/博1/code/audition_pipeline/ablation_study/baseline/results/HARK_n/official_hark_logs/hark_fileid_299.stderr.log,7
300,/mnt/d/邵鹏远/UCL/博1/code/audition_pipeline/data/dataset_4mic_3spk/Eval/mic/mic_fileid_300_doa68_3spk.wav,/mnt/d/邵鹏远/UCL/博1/code/audition_pipeline/ablation_study/baseline/results/HARK_n/official_hark_outputs/fileid_300,/mnt/d/邵鹏远/UCL/博1/code/audition_pipeline/ablation_study/baseline/results/HARK_n/official_hark_outputs/fileid_300/hark_fileid_300_mic_fileid_300_doa68_3spk,batchflow '/mnt/d/邵鹏远/UCL/博1/code/audition_pipeline/ablation_study/baseline/results/HARK_n/official_hark_outputs/fileid_300/runtime_fileid_300.n' '/mnt/d/邵鹏远/UCL/博1/code/audition_pipeline/data/dataset_4mic_3spk/Eval/mic/mic_fileid_300_doa68_3spk.wav' '/mnt/d/邵鹏远/UCL/博1/code/audition_pipeline/ablation_study/baseline/results/HARK_n/official_hark_outputs/fileid_300/hark_fileid_300_mic_fileid_300_doa68_3spk',0,6.775828870000623,/mnt/d/邵鹏远/UCL/博1/code/audition_pipeline/ablation_study/baseline/results/HARK_n/official_hark_logs/hark_fileid_300.stdout.log,/mnt/d/邵鹏远/UCL/博1/code/audition_pipeline/ablation_study/baseline/results/HARK_n/official_hark_logs/hark_fileid_300.stderr.log,3
301,/mnt/d/邵鹏远/UCL/博1/code/audition_pipeline/data/dataset_4mic_3spk/Eval/mic/mic_fileid_301_doa9_3spk.wav,/mnt/d/邵鹏远/UCL/博1/code/audition_pipeline/ablation_study/baseline/results/HARK_n/official_hark_outputs/fileid_301,/mnt/d/邵鹏远/UCL/博1/code/audition_pipeline/ablation_study/baseline/results/HARK_n/official_hark_outputs/fileid_301/hark_fileid_301_mic_fileid_301_doa9_3spk,batchflow '/mnt/d/邵鹏远/UCL/博1/code/audition_pipeline/ablation_study/baseline/results/HARK_n/official_hark_outputs/fileid_301/runtime_fileid_301.n' '/mnt/d/邵鹏远/UCL/博1/code/audition_pipeline/data/dataset_4mic_3spk/Eval/mic/mic_fileid_301_doa9_3spk.wav' '/mnt/d/邵鹏远/UCL/博1/code/audition_pipeline/ablation_study/baseline/results/HARK_n/official_hark_outputs/fileid_301/hark_fileid_301_mic_fileid_301_doa9_3spk',0,7.8141999360004775,/mnt/d/邵鹏远/UCL/博1/code/audition_pipeline/ablation_study/baseline/results/HARK_n/official_hark_logs/hark_fileid_301.stdout.log,/mnt/d/邵鹏远/UCL/博1/code/audition_pipeline/ablation_study/baseline/results/HARK_n/official_hark_logs/hark_fileid_301.stderr.log,6
302,/mnt/d/邵鹏远/UCL/博1/code/audition_pipeline/data/dataset_4mic_3spk/Eval/mic/mic_fileid_302_doa36_3spk.wav,/mnt/d/邵鹏远/UCL/博1/code/audition_pipeline/ablation_study/baseline/results/HARK_n/official_hark_outputs/fileid_302,/mnt/d/邵鹏远/UCL/博1/code/audition_pipeline/ablation_study/baseline/results/HARK_n/official_hark_outputs/fileid_302/hark_fileid_302_mic_fileid_302_doa36_3spk,batchflow '/mnt/d/邵鹏远/UCL/博1/code/audition_pipeline/ablation_study/baseline/results/HARK_n/official_hark_outputs/fileid_302/runtime_fileid_302.n' '/mnt/d/邵鹏远/UCL/博1/code/audition_pipeline/data/dataset_4mic_3spk/Eval/mic/mic_fileid_302_doa36_3spk.wav' '/mnt/d/邵鹏远/UCL/博1/code/audition_pipeline/ablation_study/baseline/results/HARK_n/official_hark_outputs/fileid_302/hark_fileid_302_mic_fileid_302_doa36_3spk',0,7.017557977999786,/mnt/d/邵鹏远/UCL/博1/code/audition_pipeline/ablation_study/baseline/results/HARK_n/official_hark_logs/hark_fileid_302.stdout.log,/mnt/d/邵鹏远/UCL/博1/code/audition_pipeline/ablation_study/baseline/results/HARK_n/official_hark_logs/hark_fileid_302.stderr.log,5
303,/mnt/d/邵鹏远/UCL/博1/code/audition_pipeline/data/dataset_4mic_3spk/Eval/mic/mic_fileid_303_doa40_3spk.wav,/mnt/d/邵鹏远/UCL/博1/code/audition_pipeline/ablation_study/baseline/results/HARK_n/official_hark_outputs/fileid_303,/mnt/d/邵鹏远/UCL/博1/code/audition_pipeline/ablation_study/baseline/results/HARK_n/official_hark_outputs/fileid_303/hark_fileid_303_mic_fileid_303_doa40_3spk,batchflow '/mnt/d/邵鹏远/UCL/博1/code/audition_pipeline/ablation_study/baseline/results/HARK_n/official_hark_outputs/fileid_303/runtime_fileid_303.n' '/mnt/d/邵鹏远/UCL/博1/code/audition_pipeline/data/dataset_4mic_3spk/Eval/mic/mic_fileid_303_doa40_3spk.wav' '/mnt/d/邵鹏远/UCL/博1/code/audition_pipeline/ablation_study/baseline/results/HARK_n/official_hark_outputs/fileid_303/hark_fileid_303_mic_fileid_303_doa40_3spk',0,7.404037218999292,/mnt/d/邵鹏远/UCL/博1/code/audition_pipeline/ablation_study/baseline/results/HARK_n/official_hark_logs/hark_fileid_303.stdout.log,/mnt/d/邵鹏远/UCL/博1/code/audition_pipeline/ablation_study/baseline/results/HARK_n/official_hark_logs/hark_fileid_303.stderr.log,5
304,/mnt/d/邵鹏远/UCL/博1/code/audition_pipeline/data/dataset_4mic_3spk/Eval/mic/mic_fileid_304_doa128_3spk.wav,/mnt/d/邵鹏远/UCL/博1/code/audition_pipeline/ablation_study/baseline/results/HARK_n/official_hark_outputs/fileid_304,/mnt/d/邵鹏远/UCL/博1/code/audition_pipeline/ablation_study/baseline/results/HARK_n/official_hark_outputs/fileid_304/hark_fileid_304_mic_fileid_304_doa128_3spk,batchflow '/mnt/d/邵鹏远/UCL/博1/code/audition_pipeline/ablation_study/baseline/results/HARK_n/official_hark_outputs/fileid_304/runtime_fileid_304.n' '/mnt/d/邵鹏远/UCL/博1/code/audition_pipeline/data/dataset_4mic_3spk/Eval/mic/mic_fileid_304_doa128_3spk.wav' '/mnt/d/邵鹏远/UCL/博1/code/audition_pipeline/ablation_study/baseline/results/HARK_n/official_hark_outputs/fileid_304/hark_fileid_304_mic_fileid_304_doa128_3spk',0,7.324229958000615,/mnt/d/邵鹏远/UCL/博1/code/audition_pipeline/ablation_study/baseline/results/HARK_n/official_hark_logs/hark_fileid_304.stdout.log,/mnt/d/邵鹏远/UCL/博1/code/audition_pipeline/ablation_study/baseline/results/HARK_n/official_hark_logs/hark_fileid_304.stderr.log,6
305,/mnt/d/邵鹏远/UCL/博1/code/audition_pipeline/data/dataset_4mic_3spk/Eval/mic/mic_fileid_305_doa32_3spk.wav,/mnt/d/邵鹏远/UCL/博1/code/audition_pipeline/ablation_study/baseline/results/HARK_n/official_hark_outputs/fileid_305,/mnt/d/邵鹏远/UCL/博1/code/audition_pipeline/ablation_study/baseline/results/HARK_n/official_hark_outputs/fileid_305/hark_fileid_305_mic_fileid_305_doa32_3spk,batchflow '/mnt/d/邵鹏远/UCL/博1/code/audition_pipeline/ablation_study/baseline/results/HARK_n/official_hark_outputs/fileid_305/runtime_fileid_305.n' '/mnt/d/邵鹏远/UCL/博1/code/audition_pipeline/data/dataset_4mic_3spk/Eval/mic/mic_fileid_305_doa32_3spk.wav' '/mnt/d/邵鹏远/UCL/博1/code/audition_pipeline/ablation_study/baseline/results/HARK_n/official_hark_outputs/fileid_305/hark_fileid_305_mic_fileid_305_doa32_3spk',0,6.698609897000097,/mnt/d/邵鹏远/UCL/博1/code/audition_pipeline/ablation_study/baseline/results/HARK_n/official_hark_logs/hark_fileid_305.stdout.log,/mnt/d/邵鹏远/UCL/博1/code/audition_pipeline/ablation_study/baseline/results/HARK_n/official_hark_logs/hark_fileid_305.stderr.log,3
306,/mnt/d/邵鹏远/UCL/博1/code/audition_pipeline/data/dataset_4mic_3spk/Eval/mic/mic_fileid_306_doa57_3spk.wav,/mnt/d/邵鹏远/UCL/博1/code/audition_pipeline/ablation_study/baseline/results/HARK_n/official_hark_outputs/fileid_306,/mnt/d/邵鹏远/UCL/博1/code/audition_pipeline/ablation_study/baseline/results/HARK_n/official_hark_outputs/fileid_306/hark_fileid_306_mic_fileid_306_doa57_3spk,batchflow '/mnt/d/邵鹏远/UCL/博1/code/audition_pipeline/ablation_study/baseline/results/HARK_n/official_hark_outputs/fileid_306/runtime_fileid_306.n' '/mnt/d/邵鹏远/UCL/博1/code/audition_pipeline/data/dataset_4mic_3spk/Eval/mic/mic_fileid_306_doa57_3spk.wav' '/mnt/d/邵鹏远/UCL/博1/code/audition_pipeline/ablation_study/baseline/results/HARK_n/official_hark_outputs/fileid_306/hark_fileid_306_mic_fileid_306_doa57_3spk',0,7.286324471000626,/mnt/d/邵鹏远/UCL/博1/code/audition_pipeline/ablation_study/baseline/results/HARK_n/official_hark_logs/hark_fileid_306.stdout.log,/mnt/d/邵鹏远/UCL/博1/code/audition_pipeline/ablation_study/baseline/results/HARK_n/official_hark_logs/hark_fileid_306.stderr.log,5
307,/mnt/d/邵鹏远/UCL/博1/code/audition_pipeline/data/dataset_4mic_3spk/Eval/mic/mic_fileid_307_doa86_3spk.wav,/mnt/d/邵鹏远/UCL/博1/code/audition_pipeline/ablation_study/baseline/results/HARK_n/official_hark_outputs/fileid_307,/mnt/d/邵鹏远/UCL/博1/code/audition_pipeline/ablation_study/baseline/results/HARK_n/official_hark_outputs/fileid_307/hark_fileid_307_mic_fileid_307_doa86_3spk,batchflow '/mnt/d/邵鹏远/UCL/博1/code/audition_pipeline/ablation_study/baseline/results/HARK_n/official_hark_outputs/fileid_307/runtime_fileid_307.n' '/mnt/d/邵鹏远/UCL/博1/code/audition_pipeline/data/dataset_4mic_3spk/Eval/mic/mic_fileid_307_doa86_3spk.wav' '/mnt/d/邵鹏远/UCL/博1/code/audition_pipeline/ablation_study/baseline/results/HARK_n/official_hark_outputs/fileid_307/hark_fileid_307_mic_fileid_307_doa86_3spk',0,7.048407095000584,/mnt/d/邵鹏远/UCL/博1/code/audition_pipeline/ablation_study/baseline/results/HARK_n/official_hark_logs/hark_fileid_307.stdout.log,/mnt/d/邵鹏远/UCL/博1/code/audition_pipeline/ablation_study/baseline/results/HARK_n/official_hark_logs/hark_fileid_307.stderr.log,3
308,/mnt/d/邵鹏远/UCL/博1/code/audition_pipeline/data/dataset_4mic_3spk/Eval/mic/mic_fileid_308_doa107_3spk.wav,/mnt/d/邵鹏远/UCL/博1/code/audition_pipeline/ablation_study/baseline/results/HARK_n/official_hark_outputs/fileid_308,/mnt/d/邵鹏远/UCL/博1/code/audition_pipeline/ablation_study/baseline/results/HARK_n/official_hark_outputs/fileid_308/hark_fileid_308_mic_fileid_308_doa107_3spk,batchflow '/mnt/d/邵鹏远/UCL/博1/code/audition_pipeline/ablation_study/baseline/results/HARK_n/official_hark_outputs/fileid_308/runtime_fileid_308.n' '/mnt/d/邵鹏远/UCL/博1/code/audition_pipeline/data/dataset_4mic_3spk/Eval/mic/mic_fileid_308_doa107_3spk.wav' '/mnt/d/邵鹏远/UCL/博1/code/audition_pipeline/ablation_study/baseline/results/HARK_n/official_hark_outputs/fileid_308/hark_fileid_308_mic_fileid_308_doa107_3spk',0,6.703895683000155,/mnt/d/邵鹏远/UCL/博1/code/audition_pipeline/ablation_study/baseline/results/HARK_n/official_hark_logs/hark_fileid_308.stdout.log,/mnt/d/邵鹏远/UCL/博1/code/audition_pipeline/ablation_study/baseline/results/HARK_n/official_hark_logs/hark_fileid_308.stderr.log,5
309,/mnt/d/邵鹏远/UCL/博1/code/audition_pipeline/data/dataset_4mic_3spk/Eval/mic/mic_fileid_309_doa45_3spk.wav,/mnt/d/邵鹏远/UCL/博1/code/audition_pipeline/ablation_study/baseline/results/HARK_n/official_hark_outputs/fileid_309,/mnt/d/邵鹏远/UCL/博1/code/audition_pipeline/ablation_study/baseline/results/HARK_n/official_hark_outputs/fileid_309/hark_fileid_309_mic_fileid_309_doa45_3spk,batchflow '/mnt/d/邵鹏远/UCL/博1/code/audition_pipeline/ablation_study/baseline/results/HARK_n/official_hark_outputs/fileid_309/runtime_fileid_309.n' '/mnt/d/邵鹏远/UCL/博1/code/audition_pipeline/data/dataset_4mic_3spk/Eval/mic/mic_fileid_309_doa45_3spk.wav' '/mnt/d/邵鹏远/UCL/博1/code/audition_pipeline/ablation_study/baseline/results/HARK_n/official_hark_outputs/fileid_309/hark_fileid_309_mic_fileid_309_doa45_3spk',0,7.558624680999856,/mnt/d/邵鹏远/UCL/博1/code/audition_pipeline/ablation_study/baseline/results/HARK_n/official_hark_logs/hark_fileid_309.stdout.log,/mnt/d/邵鹏远/UCL/博1/code/audition_pipeline/ablation_study/baseline/results/HARK_n/official_hark_logs/hark_fileid_309.stderr.log,5
310,/mnt/d/邵鹏远/UCL/博1/code/audition_pipeline/data/dataset_4mic_3spk/Eval/mic/mic_fileid_310_doa57_3spk.wav,/mnt/d/邵鹏远/UCL/博1/code/audition_pipeline/ablation_study/baseline/results/HARK_n/official_hark_outputs/fileid_310,/mnt/d/邵鹏远/UCL/博1/code/audition_pipeline/ablation_study/baseline/results/HARK_n/official_hark_outputs/fileid_310/hark_fileid_310_mic_fileid_310_doa57_3spk,batchflow '/mnt/d/邵鹏远/UCL/博1/code/audition_pipeline/ablation_study/baseline/results/HARK_n/official_hark_outputs/fileid_310/runtime_fileid_310.n' '/mnt/d/邵鹏远/UCL/博1/code/audition_pipeline/data/dataset_4mic_3spk/Eval/mic/mic_fileid_310_doa57_3spk.wav' '/mnt/d/邵鹏远/UCL/博1/code/audition_pipeline/ablation_study/baseline/results/HARK_n/official_hark_outputs/fileid_310/hark_fileid_310_mic_fileid_310_doa57_3spk',0,7.870879604000038,/mnt/d/邵鹏远/UCL/博1/code/audition_pipeline/ablation_study/baseline/results/HARK_n/official_hark_logs/hark_fileid_310.stdout.log,/mnt/d/邵鹏远/UCL/博1/code/audition_pipeline/ablation_study/baseline/results/HARK_n/official_hark_logs/hark_fileid_310.stderr.log,5
311,/mnt/d/邵鹏远/UCL/博1/code/audition_pipeline/data/dataset_4mic_3spk/Eval/mic/mic_fileid_311_doa16_3spk.wav,/mnt/d/邵鹏远/UCL/博1/code/audition_pipeline/ablation_study/baseline/results/HARK_n/official_hark_outputs/fileid_311,/mnt/d/邵鹏远/UCL/博1/code/audition_pipeline/ablation_study/baseline/results/HARK_n/official_hark_outputs/fileid_311/hark_fileid_311_mic_fileid_311_doa16_3spk,batchflow '/mnt/d/邵鹏远/UCL/博1/code/audition_pipeline/ablation_study/baseline/results/HARK_n/official_hark_outputs/fileid_311/runtime_fileid_311.n' '/mnt/d/邵鹏远/UCL/博1/code/audition_pipeline/data/dataset_4mic_3spk/Eval/mic/mic_fileid_311_doa16_3spk.wav' '/mnt/d/邵鹏远/UCL/博1/code/audition_pipeline/ablation_study/baseline/results/HARK_n/official_hark_outputs/fileid_311/hark_fileid_311_mic_fileid_311_doa16_3spk',0,7.310025279000001,/mnt/d/邵鹏远/UCL/博1/code/audition_pipeline/ablation_study/baseline/results/HARK_n/official_hark_logs/hark_fileid_311.stdout.log,/mnt/d/邵鹏远/UCL/博1/code/audition_pipeline/ablation_study/baseline/results/HARK_n/official_hark_logs/hark_fileid_311.stderr.log,5
312,/mnt/d/邵鹏远/UCL/博1/code/audition_pipeline/data/dataset_4mic_3spk/Eval/mic/mic_fileid_312_doa88_3spk.wav,/mnt/d/邵鹏远/UCL/博1/code/audition_pipeline/ablation_study/baseline/results/HARK_n/official_hark_outputs/fileid_312,/mnt/d/邵鹏远/UCL/博1/code/audition_pipeline/ablation_study/baseline/results/HARK_n/official_hark_outputs/fileid_312/hark_fileid_312_mic_fileid_312_doa88_3spk,batchflow '/mnt/d/邵鹏远/UCL/博1/code/audition_pipeline/ablation_study/baseline/results/HARK_n/official_hark_outputs/fileid_312/runtime_fileid_312.n' '/mnt/d/邵鹏远/UCL/博1/code/audition_pipeline/data/dataset_4mic_3spk/Eval/mic/mic_fileid_312_doa88_3spk.wav' '/mnt/d/邵鹏远/UCL/博1/code/audition_pipeline/ablation_study/baseline/results/HARK_n/official_hark_outputs/fileid_312/hark_fileid_312_mic_fileid_312_doa88_3spk',0,6.558572224000272,/mnt/d/邵鹏远/UCL/博1/code/audition_pipeline/ablation_study/baseline/results/HARK_n/official_hark_logs/hark_fileid_312.stdout.log,/mnt/d/邵鹏远/UCL/博1/code/audition_pipeline/ablation_study/baseline/results/HARK_n/official_hark_logs/hark_fileid_312.stderr.log,5
313,/mnt/d/邵鹏远/UCL/博1/code/audition_pipeline/data/dataset_4mic_3spk/Eval/mic/mic_fileid_313_doa50_3spk.wav,/mnt/d/邵鹏远/UCL/博1/code/audition_pipeline/ablation_study/baseline/results/HARK_n/official_hark_outputs/fileid_313,/mnt/d/邵鹏远/UCL/博1/code/audition_pipeline/ablation_study/baseline/results/HARK_n/official_hark_outputs/fileid_313/hark_fileid_313_mic_fileid_313_doa50_3spk,batchflow '/mnt/d/邵鹏远/UCL/博1/code/audition_pipeline/ablation_study/baseline/results/HARK_n/official_hark_outputs/fileid_313/runtime_fileid_313.n' '/mnt/d/邵鹏远/UCL/博1/code/audition_pipeline/data/dataset_4mic_3spk/Eval/mic/mic_fileid_313_doa50_3spk.wav' '/mnt/d/邵鹏远/UCL/博1/code/audition_pipeline/ablation_study/baseline/results/HARK_n/official_hark_outputs/fileid_313/hark_fileid_313_mic_fileid_313_doa50_3spk',0,7.630092892999528,/mnt/d/邵鹏远/UCL/博1/code/audition_pipeline/ablation_study/baseline/results/HARK_n/official_hark_logs/hark_fileid_313.stdout.log,/mnt/d/邵鹏远/UCL/博1/code/audition_pipeline/ablation_study/baseline/results/HARK_n/official_hark_logs/hark_fileid_313.stderr.log,5
314,/mnt/d/邵鹏远/UCL/博1/code/audition_pipeline/data/dataset_4mic_3spk/Eval/mic/mic_fileid_314_doa25_3spk.wav,/mnt/d/邵鹏远/UCL/博1/code/audition_pipeline/ablation_study/baseline/results/HARK_n/official_hark_outputs/fileid_314,/mnt/d/邵鹏远/UCL/博1/code/audition_pipeline/ablation_study/baseline/results/HARK_n/official_hark_outputs/fileid_314/hark_fileid_314_mic_fileid_314_doa25_3spk,batchflow '/mnt/d/邵鹏远/UCL/博1/code/audition_pipeline/ablation_study/baseline/results/HARK_n/official_hark_outputs/fileid_314/runtime_fileid_314.n' '/mnt/d/邵鹏远/UCL/博1/code/audition_pipeline/data/dataset_4mic_3spk/Eval/mic/mic_fileid_314_doa25_3spk.wav' '/mnt/d/邵鹏远/UCL/博1/code/audition_pipeline/ablation_study/baseline/results/HARK_n/official_hark_outputs/fileid_314/hark_fileid_314_mic_fileid_314_doa25_3spk',0,6.115871193000203,/mnt/d/邵鹏远/UCL/博1/code/audition_pipeline/ablation_study/baseline/results/HARK_n/official_hark_logs/hark_fileid_314.stdout.log,/mnt/d/邵鹏远/UCL/博1/code/audition_pipeline/ablation_study/baseline/results/HARK_n/official_hark_logs/hark_fileid_314.stderr.log,3
315,/mnt/d/邵鹏远/UCL/博1/code/audition_pipeline/data/dataset_4mic_3spk/Eval/mic/mic_fileid_315_doa207_3spk.wav,/mnt/d/邵鹏远/UCL/博1/code/audition_pipeline/ablation_study/baseline/results/HARK_n/official_hark_outputs/fileid_315,/mnt/d/邵鹏远/UCL/博1/code/audition_pipeline/ablation_study/baseline/results/HARK_n/official_hark_outputs/fileid_315/hark_fileid_315_mic_fileid_315_doa207_3spk,batchflow '/mnt/d/邵鹏远/UCL/博1/code/audition_pipeline/ablation_study/baseline/results/HARK_n/official_hark_outputs/fileid_315/runtime_fileid_315.n' '/mnt/d/邵鹏远/UCL/博1/code/audition_pipeline/data/dataset_4mic_3spk/Eval/mic/mic_fileid_315_doa207_3spk.wav' '/mnt/d/邵鹏远/UCL/博1/code/audition_pipeline/ablation_study/baseline/results/HARK_n/official_hark_outputs/fileid_315/hark_fileid_315_mic_fileid_315_doa207_3spk',0,7.565060553999501,/mnt/d/邵鹏远/UCL/博1/code/audition_pipeline/ablation_study/baseline/results/HARK_n/official_hark_logs/hark_fileid_315.stdout.log,/mnt/d/邵鹏远/UCL/博1/code/audition_pipeline/ablation_study/baseline/results/HARK_n/official_hark_logs/hark_fileid_315.stderr.log,9
316,/mnt/d/邵鹏远/UCL/博1/code/audition_pipeline/data/dataset_4mic_3spk/Eval/mic/mic_fileid_316_doa105_3spk.wav,/mnt/d/邵鹏远/UCL/博1/code/audition_pipeline/ablation_study/baseline/results/HARK_n/official_hark_outputs/fileid_316,/mnt/d/邵鹏远/UCL/博1/code/audition_pipeline/ablation_study/baseline/results/HARK_n/official_hark_outputs/fileid_316/hark_fileid_316_mic_fileid_316_doa105_3spk,batchflow '/mnt/d/邵鹏远/UCL/博1/code/audition_pipeline/ablation_study/baseline/results/HARK_n/official_hark_outputs/fileid_316/runtime_fileid_316.n' '/mnt/d/邵鹏远/UCL/博1/code/audition_pipeline/data/dataset_4mic_3spk/Eval/mic/mic_fileid_316_doa105_3spk.wav' '/mnt/d/邵鹏远/UCL/博1/code/audition_pipeline/ablation_study/baseline/results/HARK_n/official_hark_outputs/fileid_316/hark_fileid_316_mic_fileid_316_doa105_3spk',0,6.7506491779995486,/mnt/d/邵鹏远/UCL/博1/code/audition_pipeline/ablation_study/baseline/results/HARK_n/official_hark_logs/hark_fileid_316.stdout.log,/mnt/d/邵鹏远/UCL/博1/code/audition_pipeline/ablation_study/baseline/results/HARK_n/official_hark_logs/hark_fileid_316.stderr.log,7
317,/mnt/d/邵鹏远/UCL/博1/code/audition_pipeline/data/dataset_4mic_3spk/Eval/mic/mic_fileid_317_doa4_3spk.wav,/mnt/d/邵鹏远/UCL/博1/code/audition_pipeline/ablation_study/baseline/results/HARK_n/official_hark_outputs/fileid_317,/mnt/d/邵鹏远/UCL/博1/code/audition_pipeline/ablation_study/baseline/results/HARK_n/official_hark_outputs/fileid_317/hark_fileid_317_mic_fileid_317_doa4_3spk,batchflow '/mnt/d/邵鹏远/UCL/博1/code/audition_pipeline/ablation_study/baseline/results/HARK_n/official_hark_outputs/fileid_317/runtime_fileid_317.n' '/mnt/d/邵鹏远/UCL/博1/code/audition_pipeline/data/dataset_4mic_3spk/Eval/mic/mic_fileid_317_doa4_3spk.wav' '/mnt/d/邵鹏远/UCL/博1/code/audition_pipeline/ablation_study/baseline/results/HARK_n/official_hark_outputs/fileid_317/hark_fileid_317_mic_fileid_317_doa4_3spk',0,7.822355293999863,/mnt/d/邵鹏远/UCL/博1/code/audition_pipeline/ablation_study/baseline/results/HARK_n/official_hark_logs/hark_fileid_317.stdout.log,/mnt/d/邵鹏远/UCL/博1/code/audition_pipeline/ablation_study/baseline/results/HARK_n/official_hark_logs/hark_fileid_317.stderr.log,7
318,/mnt/d/邵鹏远/UCL/博1/code/audition_pipeline/data/dataset_4mic_3spk/Eval/mic/mic_fileid_318_doa38_3spk.wav,/mnt/d/邵鹏远/UCL/博1/code/audition_pipeline/ablation_study/baseline/results/HARK_n/official_hark_outputs/fileid_318,/mnt/d/邵鹏远/UCL/博1/code/audition_pipeline/ablation_study/baseline/results/HARK_n/official_hark_outputs/fileid_318/hark_fileid_318_mic_fileid_318_doa38_3spk,batchflow '/mnt/d/邵鹏远/UCL/博1/code/audition_pipeline/ablation_study/baseline/results/HARK_n/official_hark_outputs/fileid_318/runtime_fileid_318.n' '/mnt/d/邵鹏远/UCL/博1/code/audition_pipeline/data/dataset_4mic_3spk/Eval/mic/mic_fileid_318_doa38_3spk.wav' '/mnt/d/邵鹏远/UCL/博1/code/audition_pipeline/ablation_study/baseline/results/HARK_n/official_hark_outputs/fileid_318/hark_fileid_318_mic_fileid_318_doa38_3spk',0,7.672886778999782,/mnt/d/邵鹏远/UCL/博1/code/audition_pipeline/ablation_study/baseline/results/HARK_n/official_hark_logs/hark_fileid_318.stdout.log,/mnt/d/邵鹏远/UCL/博1/code/audition_pipeline/ablation_study/baseline/results/HARK_n/official_hark_logs/hark_fileid_318.stderr.log,8
319,/mnt/d/邵鹏远/UCL/博1/code/audition_pipeline/data/dataset_4mic_3spk/Eval/mic/mic_fileid_319_doa41_3spk.wav,/mnt/d/邵鹏远/UCL/博1/code/audition_pipeline/ablation_study/baseline/results/HARK_n/official_hark_outputs/fileid_319,/mnt/d/邵鹏远/UCL/博1/code/audition_pipeline/ablation_study/baseline/results/HARK_n/official_hark_outputs/fileid_319/hark_fileid_319_mic_fileid_319_doa41_3spk,batchflow '/mnt/d/邵鹏远/UCL/博1/code/audition_pipeline/ablation_study/baseline/results/HARK_n/official_hark_outputs/fileid_319/runtime_fileid_319.n' '/mnt/d/邵鹏远/UCL/博1/code/audition_pipeline/data/dataset_4mic_3spk/Eval/mic/mic_fileid_319_doa41_3spk.wav' '/mnt/d/邵鹏远/UCL/博1/code/audition_pipeline/ablation_study/baseline/results/HARK_n/official_hark_outputs/fileid_319/hark_fileid_319_mic_fileid_319_doa41_3spk',0,6.847794272000101,/mnt/d/邵鹏远/UCL/博1/code/audition_pipeline/ablation_study/baseline/results/HARK_n/official_hark_logs/hark_fileid_319.stdout.log,/mnt/d/邵鹏远/UCL/博1/code/audition_pipeline/ablation_study/baseline/results/HARK_n/official_hark_logs/hark_fileid_319.stderr.log,5
320,/mnt/d/邵鹏远/UCL/博1/code/audition_pipeline/data/dataset_4mic_3spk/Eval/mic/mic_fileid_320_doa73_3spk.wav,/mnt/d/邵鹏远/UCL/博1/code/audition_pipeline/ablation_study/baseline/results/HARK_n/official_hark_outputs/fileid_320,/mnt/d/邵鹏远/UCL/博1/code/audition_pipeline/ablation_study/baseline/results/HARK_n/official_hark_outputs/fileid_320/hark_fileid_320_mic_fileid_320_doa73_3spk,batchflow '/mnt/d/邵鹏远/UCL/博1/code/audition_pipeline/ablation_study/baseline/results/HARK_n/official_hark_outputs/fileid_320/runtime_fileid_320.n' '/mnt/d/邵鹏远/UCL/博1/code/audition_pipeline/data/dataset_4mic_3spk/Eval/mic/mic_fileid_320_doa73_3spk.wav' '/mnt/d/邵鹏远/UCL/博1/code/audition_pipeline/ablation_study/baseline/results/HARK_n/official_hark_outputs/fileid_320/hark_fileid_320_mic_fileid_320_doa73_3spk',0,6.694320650000918,/mnt/d/邵鹏远/UCL/博1/code/audition_pipeline/ablation_study/baseline/results/HARK_n/official_hark_logs/hark_fileid_320.stdout.log,/mnt/d/邵鹏远/UCL/博1/code/audition_pipeline/ablation_study/baseline/results/HARK_n/official_hark_logs/hark_fileid_320.stderr.log,3
321,/mnt/d/邵鹏远/UCL/博1/code/audition_pipeline/data/dataset_4mic_3spk/Eval/mic/mic_fileid_321_doa43_3spk.wav,/mnt/d/邵鹏远/UCL/博1/code/audition_pipeline/ablation_study/baseline/results/HARK_n/official_hark_outputs/fileid_321,/mnt/d/邵鹏远/UCL/博1/code/audition_pipeline/ablation_study/baseline/results/HARK_n/official_hark_outputs/fileid_321/hark_fileid_321_mic_fileid_321_doa43_3spk,batchflow '/mnt/d/邵鹏远/UCL/博1/code/audition_pipeline/ablation_study/baseline/results/HARK_n/official_hark_outputs/fileid_321/runtime_fileid_321.n' '/mnt/d/邵鹏远/UCL/博1/code/audition_pipeline/data/dataset_4mic_3spk/Eval/mic/mic_fileid_321_doa43_3spk.wav' '/mnt/d/邵鹏远/UCL/博1/code/audition_pipeline/ablation_study/baseline/results/HARK_n/official_hark_outputs/fileid_321/hark_fileid_321_mic_fileid_321_doa43_3spk',0,7.935974379999607,/mnt/d/邵鹏远/UCL/博1/code/audition_pipeline/ablation_study/baseline/results/HARK_n/official_hark_logs/hark_fileid_321.stdout.log,/mnt/d/邵鹏远/UCL/博1/code/audition_pipeline/ablation_study/baseline/results/HARK_n/official_hark_logs/hark_fileid_321.stderr.log,8
322,/mnt/d/邵鹏远/UCL/博1/code/audition_pipeline/data/dataset_4mic_3spk/Eval/mic/mic_fileid_322_doa9_3spk.wav,/mnt/d/邵鹏远/UCL/博1/code/audition_pipeline/ablation_study/baseline/results/HARK_n/official_hark_outputs/fileid_322,/mnt/d/邵鹏远/UCL/博1/code/audition_pipeline/ablation_study/baseline/results/HARK_n/official_hark_outputs/fileid_322/hark_fileid_322_mic_fileid_322_doa9_3spk,batchflow '/mnt/d/邵鹏远/UCL/博1/code/audition_pipeline/ablation_study/baseline/results/HARK_n/official_hark_outputs/fileid_322/runtime_fileid_322.n' '/mnt/d/邵鹏远/UCL/博1/code/audition_pipeline/data/dataset_4mic_3spk/Eval/mic/mic_fileid_322_doa9_3spk.wav' '/mnt/d/邵鹏远/UCL/博1/code/audition_pipeline/ablation_study/baseline/results/HARK_n/official_hark_outputs/fileid_322/hark_fileid_322_mic_fileid_322_doa9_3spk',0,6.386692867999955,/mnt/d/邵鹏远/UCL/博1/code/audition_pipeline/ablation_study/baseline/results/HARK_n/official_hark_logs/hark_fileid_322.stdout.log,/mnt/d/邵鹏远/UCL/博1/code/audition_pipeline/ablation_study/baseline/results/HARK_n/official_hark_logs/hark_fileid_322.stderr.log,5
323,/mnt/d/邵鹏远/UCL/博1/code/audition_pipeline/data/dataset_4mic_3spk/Eval/mic/mic_fileid_323_doa100_3spk.wav,/mnt/d/邵鹏远/UCL/博1/code/audition_pipeline/ablation_study/baseline/results/HARK_n/official_hark_outputs/fileid_323,/mnt/d/邵鹏远/UCL/博1/code/audition_pipeline/ablation_study/baseline/results/HARK_n/official_hark_outputs/fileid_323/hark_fileid_323_mic_fileid_323_doa100_3spk,batchflow '/mnt/d/邵鹏远/UCL/博1/code/audition_pipeline/ablation_study/baseline/results/HARK_n/official_hark_outputs/fileid_323/runtime_fileid_323.n' '/mnt/d/邵鹏远/UCL/博1/code/audition_pipeline/data/dataset_4mic_3spk/Eval/mic/mic_fileid_323_doa100_3spk.wav' '/mnt/d/邵鹏远/UCL/博1/code/audition_pipeline/ablation_study/baseline/results/HARK_n/official_hark_outputs/fileid_323/hark_fileid_323_mic_fileid_323_doa100_3spk',0,6.155711608000274,/mnt/d/邵鹏远/UCL/博1/code/audition_pipeline/ablation_study/baseline/results/HARK_n/official_hark_logs/hark_fileid_323.stdout.log,/mnt/d/邵鹏远/UCL/博1/code/audition_pipeline/ablation_study/baseline/results/HARK_n/official_hark_logs/hark_fileid_323.stderr.log,5
324,/mnt/d/邵鹏远/UCL/博1/code/audition_pipeline/data/dataset_4mic_3spk/Eval/mic/mic_fileid_324_doa14_3spk.wav,/mnt/d/邵鹏远/UCL/博1/code/audition_pipeline/ablation_study/baseline/results/HARK_n/official_hark_outputs/fileid_324,/mnt/d/邵鹏远/UCL/博1/code/audition_pipeline/ablation_study/baseline/results/HARK_n/official_hark_outputs/fileid_324/hark_fileid_324_mic_fileid_324_doa14_3spk,batchflow '/mnt/d/邵鹏远/UCL/博1/code/audition_pipeline/ablation_study/baseline/results/HARK_n/official_hark_outputs/fileid_324/runtime_fileid_324.n' '/mnt/d/邵鹏远/UCL/博1/code/audition_pipeline/data/dataset_4mic_3spk/Eval/mic/mic_fileid_324_doa14_3spk.wav' '/mnt/d/邵鹏远/UCL/博1/code/audition_pipeline/ablation_study/baseline/results/HARK_n/official_hark_outputs/fileid_324/hark_fileid_324_mic_fileid_324_doa14_3spk',0,6.843697326999973,/mnt/d/邵鹏远/UCL/博1/code/audition_pipeline/ablation_study/baseline/results/HARK_n/official_hark_logs/hark_fileid_324.stdout.log,/mnt/d/邵鹏远/UCL/博1/code/audition_pipeline/ablation_study/baseline/results/HARK_n/official_hark_logs/hark_fileid_324.stderr.log,5
325,/mnt/d/邵鹏远/UCL/博1/code/audition_pipeline/data/dataset_4mic_3spk/Eval/mic/mic_fileid_325_doa27_3spk.wav,/mnt/d/邵鹏远/UCL/博1/code/audition_pipeline/ablation_study/baseline/results/HARK_n/official_hark_outputs/fileid_325,/mnt/d/邵鹏远/UCL/博1/code/audition_pipeline/ablation_study/baseline/results/HARK_n/official_hark_outputs/fileid_325/hark_fileid_325_mic_fileid_325_doa27_3spk,batchflow '/mnt/d/邵鹏远/UCL/博1/code/audition_pipeline/ablation_study/baseline/results/HARK_n/official_hark_outputs/fileid_325/runtime_fileid_325.n' '/mnt/d/邵鹏远/UCL/博1/code/audition_pipeline/data/dataset_4mic_3spk/Eval/mic/mic_fileid_325_doa27_3spk.wav' '/mnt/d/邵鹏远/UCL/博1/code/audition_pipeline/ablation_study/baseline/results/HARK_n/official_hark_outputs/fileid_325/hark_fileid_325_mic_fileid_325_doa27_3spk',0,6.939253896000082,/mnt/d/邵鹏远/UCL/博1/code/audition_pipeline/ablation_study/baseline/results/HARK_n/official_hark_logs/hark_fileid_325.stdout.log,/mnt/d/邵鹏远/UCL/博1/code/audition_pipeline/ablation_study/baseline/results/HARK_n/official_hark_logs/hark_fileid_325.stderr.log,4
326,/mnt/d/邵鹏远/UCL/博1/code/audition_pipeline/data/dataset_4mic_3spk/Eval/mic/mic_fileid_326_doa143_3spk.wav,/mnt/d/邵鹏远/UCL/博1/code/audition_pipeline/ablation_study/baseline/results/HARK_n/official_hark_outputs/fileid_326,/mnt/d/邵鹏远/UCL/博1/code/audition_pipeline/ablation_study/baseline/results/HARK_n/official_hark_outputs/fileid_326/hark_fileid_326_mic_fileid_326_doa143_3spk,batchflow '/mnt/d/邵鹏远/UCL/博1/code/audition_pipeline/ablation_study/baseline/results/HARK_n/official_hark_outputs/fileid_326/runtime_fileid_326.n' '/mnt/d/邵鹏远/UCL/博1/code/audition_pipeline/data/dataset_4mic_3spk/Eval/mic/mic_fileid_326_doa143_3spk.wav' '/mnt/d/邵鹏远/UCL/博1/code/audition_pipeline/ablation_study/baseline/results/HARK_n/official_hark_outputs/fileid_326/hark_fileid_326_mic_fileid_326_doa143_3spk',0,7.181437916000505,/mnt/d/邵鹏远/UCL/博1/code/audition_pipeline/ablation_study/baseline/results/HARK_n/official_hark_logs/hark_fileid_326.stdout.log,/mnt/d/邵鹏远/UCL/博1/code/audition_pipeline/ablation_study/baseline/results/HARK_n/official_hark_logs/hark_fileid_326.stderr.log,4
327,/mnt/d/邵鹏远/UCL/博1/code/audition_pipeline/data/dataset_4mic_3spk/Eval/mic/mic_fileid_327_doa189_3spk.wav,/mnt/d/邵鹏远/UCL/博1/code/audition_pipeline/ablation_study/baseline/results/HARK_n/official_hark_outputs/fileid_327,/mnt/d/邵鹏远/UCL/博1/code/audition_pipeline/ablation_study/baseline/results/HARK_n/official_hark_outputs/fileid_327/hark_fileid_327_mic_fileid_327_doa189_3spk,batchflow '/mnt/d/邵鹏远/UCL/博1/code/audition_pipeline/ablation_study/baseline/results/HARK_n/official_hark_outputs/fileid_327/runtime_fileid_327.n' '/mnt/d/邵鹏远/UCL/博1/code/audition_pipeline/data/dataset_4mic_3spk/Eval/mic/mic_fileid_327_doa189_3spk.wav' '/mnt/d/邵鹏远/UCL/博1/code/audition_pipeline/ablation_study/baseline/results/HARK_n/official_hark_outputs/fileid_327/hark_fileid_327_mic_fileid_327_doa189_3spk',0,5.826881900999069,/mnt/d/邵鹏远/UCL/博1/code/audition_pipeline/ablation_study/baseline/results/HARK_n/official_hark_logs/hark_fileid_327.stdout.log,/mnt/d/邵鹏远/UCL/博1/code/audition_pipeline/ablation_study/baseline/results/HARK_n/official_hark_logs/hark_fileid_327.stderr.log,3
328,/mnt/d/邵鹏远/UCL/博1/code/audition_pipeline/data/dataset_4mic_3spk/Eval/mic/mic_fileid_328_doa119_3spk.wav,/mnt/d/邵鹏远/UCL/博1/code/audition_pipeline/ablation_study/baseline/results/HARK_n/official_hark_outputs/fileid_328,/mnt/d/邵鹏远/UCL/博1/code/audition_pipeline/ablation_study/baseline/results/HARK_n/official_hark_outputs/fileid_328/hark_fileid_328_mic_fileid_328_doa119_3spk,batchflow '/mnt/d/邵鹏远/UCL/博1/code/audition_pipeline/ablation_study/baseline/results/HARK_n/official_hark_outputs/fileid_328/runtime_fileid_328.n' '/mnt/d/邵鹏远/UCL/博1/code/audition_pipeline/data/dataset_4mic_3spk/Eval/mic/mic_fileid_328_doa119_3spk.wav' '/mnt/d/邵鹏远/UCL/博1/code/audition_pipeline/ablation_study/baseline/results/HARK_n/official_hark_outputs/fileid_328/hark_fileid_328_mic_fileid_328_doa119_3spk',0,8.155472667998765,/mnt/d/邵鹏远/UCL/博1/code/audition_pipeline/ablation_study/baseline/results/HARK_n/official_hark_logs/hark_fileid_328.stdout.log,/mnt/d/邵鹏远/UCL/博1/code/audition_pipeline/ablation_study/baseline/results/HARK_n/official_hark_logs/hark_fileid_328.stderr.log,6
329,/mnt/d/邵鹏远/UCL/博1/code/audition_pipeline/data/dataset_4mic_3spk/Eval/mic/mic_fileid_329_doa12_3spk.wav,/mnt/d/邵鹏远/UCL/博1/code/audition_pipeline/ablation_study/baseline/results/HARK_n/official_hark_outputs/fileid_329,/mnt/d/邵鹏远/UCL/博1/code/audition_pipeline/ablation_study/baseline/results/HARK_n/official_hark_outputs/fileid_329/hark_fileid_329_mic_fileid_329_doa12_3spk,batchflow '/mnt/d/邵鹏远/UCL/博1/code/audition_pipeline/ablation_study/baseline/results/HARK_n/official_hark_outputs/fileid_329/runtime_fileid_329.n' '/mnt/d/邵鹏远/UCL/博1/code/audition_pipeline/data/dataset_4mic_3spk/Eval/mic/mic_fileid_329_doa12_3spk.wav' '/mnt/d/邵鹏远/UCL/博1/code/audition_pipeline/ablation_study/baseline/results/HARK_n/official_hark_outputs/fileid_329/hark_fileid_329_mic_fileid_329_doa12_3spk',0,7.412198333999186,/mnt/d/邵鹏远/UCL/博1/code/audition_pipeline/ablation_study/baseline/results/HARK_n/official_hark_logs/hark_fileid_329.stdout.log,/mnt/d/邵鹏远/UCL/博1/code/audition_pipeline/ablation_study/baseline/results/HARK_n/official_hark_logs/hark_fileid_329.stderr.log,5
330,/mnt/d/邵鹏远/UCL/博1/code/audition_pipeline/data/dataset_4mic_3spk/Eval/mic/mic_fileid_330_doa67_3spk.wav,/mnt/d/邵鹏远/UCL/博1/code/audition_pipeline/ablation_study/baseline/results/HARK_n/official_hark_outputs/fileid_330,/mnt/d/邵鹏远/UCL/博1/code/audition_pipeline/ablation_study/baseline/results/HARK_n/official_hark_outputs/fileid_330/hark_fileid_330_mic_fileid_330_doa67_3spk,batchflow '/mnt/d/邵鹏远/UCL/博1/code/audition_pipeline/ablation_study/baseline/results/HARK_n/official_hark_outputs/fileid_330/runtime_fileid_330.n' '/mnt/d/邵鹏远/UCL/博1/code/audition_pipeline/data/dataset_4mic_3spk/Eval/mic/mic_fileid_330_doa67_3spk.wav' '/mnt/d/邵鹏远/UCL/博1/code/audition_pipeline/ablation_study/baseline/results/HARK_n/official_hark_outputs/fileid_330/hark_fileid_330_mic_fileid_330_doa67_3spk',0,6.688650776999566,/mnt/d/邵鹏远/UCL/博1/code/audition_pipeline/ablation_study/baseline/results/HARK_n/official_hark_logs/hark_fileid_330.stdout.log,/mnt/d/邵鹏远/UCL/博1/code/audition_pipeline/ablation_study/baseline/results/HARK_n/official_hark_logs/hark_fileid_330.stderr.log,3
331,/mnt/d/邵鹏远/UCL/博1/code/audition_pipeline/data/dataset_4mic_3spk/Eval/mic/mic_fileid_331_doa39_3spk.wav,/mnt/d/邵鹏远/UCL/博1/code/audition_pipeline/ablation_study/baseline/results/HARK_n/official_hark_outputs/fileid_331,/mnt/d/邵鹏远/UCL/博1/code/audition_pipeline/ablation_study/baseline/results/HARK_n/official_hark_outputs/fileid_331/hark_fileid_331_mic_fileid_331_doa39_3spk,batchflow '/mnt/d/邵鹏远/UCL/博1/code/audition_pipeline/ablation_study/baseline/results/HARK_n/official_hark_outputs/fileid_331/runtime_fileid_331.n' '/mnt/d/邵鹏远/UCL/博1/code/audition_pipeline/data/dataset_4mic_3spk/Eval/mic/mic_fileid_331_doa39_3spk.wav' '/mnt/d/邵鹏远/UCL/博1/code/audition_pipeline/ablation_study/baseline/results/HARK_n/official_hark_outputs/fileid_331/hark_fileid_331_mic_fileid_331_doa39_3spk',0,7.009439215000384,/mnt/d/邵鹏远/UCL/博1/code/audition_pipeline/ablation_study/baseline/results/HARK_n/official_hark_logs/hark_fileid_331.stdout.log,/mnt/d/邵鹏远/UCL/博1/code/audition_pipeline/ablation_study/baseline/results/HARK_n/official_hark_logs/hark_fileid_331.stderr.log,5
332,/mnt/d/邵鹏远/UCL/博1/code/audition_pipeline/data/dataset_4mic_3spk/Eval/mic/mic_fileid_332_doa4_3spk.wav,/mnt/d/邵鹏远/UCL/博1/code/audition_pipeline/ablation_study/baseline/results/HARK_n/official_hark_outputs/fileid_332,/mnt/d/邵鹏远/UCL/博1/code/audition_pipeline/ablation_study/baseline/results/HARK_n/official_hark_outputs/fileid_332/hark_fileid_332_mic_fileid_332_doa4_3spk,batchflow '/mnt/d/邵鹏远/UCL/博1/code/audition_pipeline/ablation_study/baseline/results/HARK_n/official_hark_outputs/fileid_332/runtime_fileid_332.n' '/mnt/d/邵鹏远/UCL/博1/code/audition_pipeline/data/dataset_4mic_3spk/Eval/mic/mic_fileid_332_doa4_3spk.wav' '/mnt/d/邵鹏远/UCL/博1/code/audition_pipeline/ablation_study/baseline/results/HARK_n/official_hark_outputs/fileid_332/hark_fileid_332_mic_fileid_332_doa4_3spk',0,6.050008181000521,/mnt/d/邵鹏远/UCL/博1/code/audition_pipeline/ablation_study/baseline/results/HARK_n/official_hark_logs/hark_fileid_332.stdout.log,/mnt/d/邵鹏远/UCL/博1/code/audition_pipeline/ablation_study/baseline/results/HARK_n/official_hark_logs/hark_fileid_332.stderr.log,4
333,/mnt/d/邵鹏远/UCL/博1/code/audition_pipeline/data/dataset_4mic_3spk/Eval/mic/mic_fileid_333_doa167_3spk.wav,/mnt/d/邵鹏远/UCL/博1/code/audition_pipeline/ablation_study/baseline/results/HARK_n/official_hark_outputs/fileid_333,/mnt/d/邵鹏远/UCL/博1/code/audition_pipeline/ablation_study/baseline/results/HARK_n/official_hark_outputs/fileid_333/hark_fileid_333_mic_fileid_333_doa167_3spk,batchflow '/mnt/d/邵鹏远/UCL/博1/code/audition_pipeline/ablation_study/baseline/results/HARK_n/official_hark_outputs/fileid_333/runtime_fileid_333.n' '/mnt/d/邵鹏远/UCL/博1/code/audition_pipeline/data/dataset_4mic_3spk/Eval/mic/mic_fileid_333_doa167_3spk.wav' '/mnt/d/邵鹏远/UCL/博1/code/audition_pipeline/ablation_study/baseline/results/HARK_n/official_hark_outputs/fileid_333/hark_fileid_333_mic_fileid_333_doa167_3spk',0,7.0317974659992615,/mnt/d/邵鹏远/UCL/博1/code/audition_pipeline/ablation_study/baseline/results/HARK_n/official_hark_logs/hark_fileid_333.stdout.log,/mnt/d/邵鹏远/UCL/博1/code/audition_pipeline/ablation_study/baseline/results/HARK_n/official_hark_logs/hark_fileid_333.stderr.log,4
334,/mnt/d/邵鹏远/UCL/博1/code/audition_pipeline/data/dataset_4mic_3spk/Eval/mic/mic_fileid_334_doa122_3spk.wav,/mnt/d/邵鹏远/UCL/博1/code/audition_pipeline/ablation_study/baseline/results/HARK_n/official_hark_outputs/fileid_334,/mnt/d/邵鹏远/UCL/博1/code/audition_pipeline/ablation_study/baseline/results/HARK_n/official_hark_outputs/fileid_334/hark_fileid_334_mic_fileid_334_doa122_3spk,batchflow '/mnt/d/邵鹏远/UCL/博1/code/audition_pipeline/ablation_study/baseline/results/HARK_n/official_hark_outputs/fileid_334/runtime_fileid_334.n' '/mnt/d/邵鹏远/UCL/博1/code/audition_pipeline/data/dataset_4mic_3spk/Eval/mic/mic_fileid_334_doa122_3spk.wav' '/mnt/d/邵鹏远/UCL/博1/code/audition_pipeline/ablation_study/baseline/results/HARK_n/official_hark_outputs/fileid_334/hark_fileid_334_mic_fileid_334_doa122_3spk',0,6.308480944000621,/mnt/d/邵鹏远/UCL/博1/code/audition_pipeline/ablation_study/baseline/results/HARK_n/official_hark_logs/hark_fileid_334.stdout.log,/mnt/d/邵鹏远/UCL/博1/code/audition_pipeline/ablation_study/baseline/results/HARK_n/official_hark_logs/hark_fileid_334.stderr.log,5
335,/mnt/d/邵鹏远/UCL/博1/code/audition_pipeline/data/dataset_4mic_3spk/Eval/mic/mic_fileid_335_doa43_3spk.wav,/mnt/d/邵鹏远/UCL/博1/code/audition_pipeline/ablation_study/baseline/results/HARK_n/official_hark_outputs/fileid_335,/mnt/d/邵鹏远/UCL/博1/code/audition_pipeline/ablation_study/baseline/results/HARK_n/official_hark_outputs/fileid_335/hark_fileid_335_mic_fileid_335_doa43_3spk,batchflow '/mnt/d/邵鹏远/UCL/博1/code/audition_pipeline/ablation_study/baseline/results/HARK_n/official_hark_outputs/fileid_335/runtime_fileid_335.n' '/mnt/d/邵鹏远/UCL/博1/code/audition_pipeline/data/dataset_4mic_3spk/Eval/mic/mic_fileid_335_doa43_3spk.wav' '/mnt/d/邵鹏远/UCL/博1/code/audition_pipeline/ablation_study/baseline/results/HARK_n/official_hark_outputs/fileid_335/hark_fileid_335_mic_fileid_335_doa43_3spk',0,5.704072424001424,/mnt/d/邵鹏远/UCL/博1/code/audition_pipeline/ablation_study/baseline/results/HARK_n/official_hark_logs/hark_fileid_335.stdout.log,/mnt/d/邵鹏远/UCL/博1/code/audition_pipeline/ablation_study/baseline/results/HARK_n/official_hark_logs/hark_fileid_335.stderr.log,5
336,/mnt/d/邵鹏远/UCL/博1/code/audition_pipeline/data/dataset_4mic_3spk/Eval/mic/mic_fileid_336_doa91_3spk.wav,/mnt/d/邵鹏远/UCL/博1/code/audition_pipeline/ablation_study/baseline/results/HARK_n/official_hark_outputs/fileid_336,/mnt/d/邵鹏远/UCL/博1/code/audition_pipeline/ablation_study/baseline/results/HARK_n/official_hark_outputs/fileid_336/hark_fileid_336_mic_fileid_336_doa91_3spk,batchflow '/mnt/d/邵鹏远/UCL/博1/code/audition_pipeline/ablation_study/baseline/results/HARK_n/official_hark_outputs/fileid_336/runtime_fileid_336.n' '/mnt/d/邵鹏远/UCL/博1/code/audition_pipeline/data/dataset_4mic_3spk/Eval/mic/mic_fileid_336_doa91_3spk.wav' '/mnt/d/邵鹏远/UCL/博1/code/audition_pipeline/ablation_study/baseline/results/HARK_n/official_hark_outputs/fileid_336/hark_fileid_336_mic_fileid_336_doa91_3spk',0,6.926428345999739,/mnt/d/邵鹏远/UCL/博1/code/audition_pipeline/ablation_study/baseline/results/HARK_n/official_hark_logs/hark_fileid_336.stdout.log,/mnt/d/邵鹏远/UCL/博1/code/audition_pipeline/ablation_study/baseline/results/HARK_n/official_hark_logs/hark_fileid_336.stderr.log,6
337,/mnt/d/邵鹏远/UCL/博1/code/audition_pipeline/data/dataset_4mic_3spk/Eval/mic/mic_fileid_337_doa165_3spk.wav,/mnt/d/邵鹏远/UCL/博1/code/audition_pipeline/ablation_study/baseline/results/HARK_n/official_hark_outputs/fileid_337,/mnt/d/邵鹏远/UCL/博1/code/audition_pipeline/ablation_study/baseline/results/HARK_n/official_hark_outputs/fileid_337/hark_fileid_337_mic_fileid_337_doa165_3spk,batchflow '/mnt/d/邵鹏远/UCL/博1/code/audition_pipeline/ablation_study/baseline/results/HARK_n/official_hark_outputs/fileid_337/runtime_fileid_337.n' '/mnt/d/邵鹏远/UCL/博1/code/audition_pipeline/data/dataset_4mic_3spk/Eval/mic/mic_fileid_337_doa165_3spk.wav' '/mnt/d/邵鹏远/UCL/博1/code/audition_pipeline/ablation_study/baseline/results/HARK_n/official_hark_outputs/fileid_337/hark_fileid_337_mic_fileid_337_doa165_3spk',0,6.963797366999643,/mnt/d/邵鹏远/UCL/博1/code/audition_pipeline/ablation_study/baseline/results/HARK_n/official_hark_logs/hark_fileid_337.stdout.log,/mnt/d/邵鹏远/UCL/博1/code/audition_pipeline/ablation_study/baseline/results/HARK_n/official_hark_logs/hark_fileid_337.stderr.log,5
338,/mnt/d/邵鹏远/UCL/博1/code/audition_pipeline/data/dataset_4mic_3spk/Eval/mic/mic_fileid_338_doa129_3spk.wav,/mnt/d/邵鹏远/UCL/博1/code/audition_pipeline/ablation_study/baseline/results/HARK_n/official_hark_outputs/fileid_338,/mnt/d/邵鹏远/UCL/博1/code/audition_pipeline/ablation_study/baseline/results/HARK_n/official_hark_outputs/fileid_338/hark_fileid_338_mic_fileid_338_doa129_3spk,batchflow '/mnt/d/邵鹏远/UCL/博1/code/audition_pipeline/ablation_study/baseline/results/HARK_n/official_hark_outputs/fileid_338/runtime_fileid_338.n' '/mnt/d/邵鹏远/UCL/博1/code/audition_pipeline/data/dataset_4mic_3spk/Eval/mic/mic_fileid_338_doa129_3spk.wav' '/mnt/d/邵鹏远/UCL/博1/code/audition_pipeline/ablation_study/baseline/results/HARK_n/official_hark_outputs/fileid_338/hark_fileid_338_mic_fileid_338_doa129_3spk',0,5.908028907000698,/mnt/d/邵鹏远/UCL/博1/code/audition_pipeline/ablation_study/baseline/results/HARK_n/official_hark_logs/hark_fileid_338.stdout.log,/mnt/d/邵鹏远/UCL/博1/code/audition_pipeline/ablation_study/baseline/results/HARK_n/official_hark_logs/hark_fileid_338.stderr.log,3
339,/mnt/d/邵鹏远/UCL/博1/code/audition_pipeline/data/dataset_4mic_3spk/Eval/mic/mic_fileid_339_doa48_3spk.wav,/mnt/d/邵鹏远/UCL/博1/code/audition_pipeline/ablation_study/baseline/results/HARK_n/official_hark_outputs/fileid_339,/mnt/d/邵鹏远/UCL/博1/code/audition_pipeline/ablation_study/baseline/results/HARK_n/official_hark_outputs/fileid_339/hark_fileid_339_mic_fileid_339_doa48_3spk,batchflow '/mnt/d/邵鹏远/UCL/博1/code/audition_pipeline/ablation_study/baseline/results/HARK_n/official_hark_outputs/fileid_339/runtime_fileid_339.n' '/mnt/d/邵鹏远/UCL/博1/code/audition_pipeline/data/dataset_4mic_3spk/Eval/mic/mic_fileid_339_doa48_3spk.wav' '/mnt/d/邵鹏远/UCL/博1/code/audition_pipeline/ablation_study/baseline/results/HARK_n/official_hark_outputs/fileid_339/hark_fileid_339_mic_fileid_339_doa48_3spk',0,7.382481894999728,/mnt/d/邵鹏远/UCL/博1/code/audition_pipeline/ablation_study/baseline/results/HARK_n/official_hark_logs/hark_fileid_339.stdout.log,/mnt/d/邵鹏远/UCL/博1/code/audition_pipeline/ablation_study/baseline/results/HARK_n/official_hark_logs/hark_fileid_339.stderr.log,5
340,/mnt/d/邵鹏远/UCL/博1/code/audition_pipeline/data/dataset_4mic_3spk/Eval/mic/mic_fileid_340_doa68_3spk.wav,/mnt/d/邵鹏远/UCL/博1/code/audition_pipeline/ablation_study/baseline/results/HARK_n/official_hark_outputs/fileid_340,/mnt/d/邵鹏远/UCL/博1/code/audition_pipeline/ablation_study/baseline/results/HARK_n/official_hark_outputs/fileid_340/hark_fileid_340_mic_fileid_340_doa68_3spk,batchflow '/mnt/d/邵鹏远/UCL/博1/code/audition_pipeline/ablation_study/baseline/results/HARK_n/official_hark_outputs/fileid_340/runtime_fileid_340.n' '/mnt/d/邵鹏远/UCL/博1/code/audition_pipeline/data/dataset_4mic_3spk/Eval/mic/mic_fileid_340_doa68_3spk.wav' '/mnt/d/邵鹏远/UCL/博1/code/audition_pipeline/ablation_study/baseline/results/HARK_n/official_hark_outputs/fileid_340/hark_fileid_340_mic_fileid_340_doa68_3spk',0,7.233502865999981,/mnt/d/邵鹏远/UCL/博1/code/audition_pipeline/ablation_study/baseline/results/HARK_n/official_hark_logs/hark_fileid_340.stdout.log,/mnt/d/邵鹏远/UCL/博1/code/audition_pipeline/ablation_study/baseline/results/HARK_n/official_hark_logs/hark_fileid_340.stderr.log,3
341,/mnt/d/邵鹏远/UCL/博1/code/audition_pipeline/data/dataset_4mic_3spk/Eval/mic/mic_fileid_341_doa16_3spk.wav,/mnt/d/邵鹏远/UCL/博1/code/audition_pipeline/ablation_study/baseline/results/HARK_n/official_hark_outputs/fileid_341,/mnt/d/邵鹏远/UCL/博1/code/audition_pipeline/ablation_study/baseline/results/HARK_n/official_hark_outputs/fileid_341/hark_fileid_341_mic_fileid_341_doa16_3spk,batchflow '/mnt/d/邵鹏远/UCL/博1/code/audition_pipeline/ablation_study/baseline/results/HARK_n/official_hark_outputs/fileid_341/runtime_fileid_341.n' '/mnt/d/邵鹏远/UCL/博1/code/audition_pipeline/data/dataset_4mic_3spk/Eval/mic/mic_fileid_341_doa16_3spk.wav' '/mnt/d/邵鹏远/UCL/博1/code/audition_pipeline/ablation_study/baseline/results/HARK_n/official_hark_outputs/fileid_341/hark_fileid_341_mic_fileid_341_doa16_3spk',0,7.35097928399955,/mnt/d/邵鹏远/UCL/博1/code/audition_pipeline/ablation_study/baseline/results/HARK_n/official_hark_logs/hark_fileid_341.stdout.log,/mnt/d/邵鹏远/UCL/博1/code/audition_pipeline/ablation_study/baseline/results/HARK_n/official_hark_logs/hark_fileid_341.stderr.log,3
342,/mnt/d/邵鹏远/UCL/博1/code/audition_pipeline/data/dataset_4mic_3spk/Eval/mic/mic_fileid_342_doa2_3spk.wav,/mnt/d/邵鹏远/UCL/博1/code/audition_pipeline/ablation_study/baseline/results/HARK_n/official_hark_outputs/fileid_342,/mnt/d/邵鹏远/UCL/博1/code/audition_pipeline/ablation_study/baseline/results/HARK_n/official_hark_outputs/fileid_342/hark_fileid_342_mic_fileid_342_doa2_3spk,batchflow '/mnt/d/邵鹏远/UCL/博1/code/audition_pipeline/ablation_study/baseline/results/HARK_n/official_hark_outputs/fileid_342/runtime_fileid_342.n' '/mnt/d/邵鹏远/UCL/博1/code/audition_pipeline/data/dataset_4mic_3spk/Eval/mic/mic_fileid_342_doa2_3spk.wav' '/mnt/d/邵鹏远/UCL/博1/code/audition_pipeline/ablation_study/baseline/results/HARK_n/official_hark_outputs/fileid_342/hark_fileid_342_mic_fileid_342_doa2_3spk',0,7.411843174000751,/mnt/d/邵鹏远/UCL/博1/code/audition_pipeline/ablation_study/baseline/results/HARK_n/official_hark_logs/hark_fileid_342.stdout.log,/mnt/d/邵鹏远/UCL/博1/code/audition_pipeline/ablation_study/baseline/results/HARK_n/official_hark_logs/hark_fileid_342.stderr.log,5
343,/mnt/d/邵鹏远/UCL/博1/code/audition_pipeline/data/dataset_4mic_3spk/Eval/mic/mic_fileid_343_doa17_3spk.wav,/mnt/d/邵鹏远/UCL/博1/code/audition_pipeline/ablation_study/baseline/results/HARK_n/official_hark_outputs/fileid_343,/mnt/d/邵鹏远/UCL/博1/code/audition_pipeline/ablation_study/baseline/results/HARK_n/official_hark_outputs/fileid_343/hark_fileid_343_mic_fileid_343_doa17_3spk,batchflow '/mnt/d/邵鹏远/UCL/博1/code/audition_pipeline/ablation_study/baseline/results/HARK_n/official_hark_outputs/fileid_343/runtime_fileid_343.n' '/mnt/d/邵鹏远/UCL/博1/code/audition_pipeline/data/dataset_4mic_3spk/Eval/mic/mic_fileid_343_doa17_3spk.wav' '/mnt/d/邵鹏远/UCL/博1/code/audition_pipeline/ablation_study/baseline/results/HARK_n/official_hark_outputs/fileid_343/hark_fileid_343_mic_fileid_343_doa17_3spk',0,7.8701581360001,/mnt/d/邵鹏远/UCL/博1/code/audition_pipeline/ablation_study/baseline/results/HARK_n/official_hark_logs/hark_fileid_343.stdout.log,/mnt/d/邵鹏远/UCL/博1/code/audition_pipeline/ablation_study/baseline/results/HARK_n/official_hark_logs/hark_fileid_343.stderr.log,5
344,/mnt/d/邵鹏远/UCL/博1/code/audition_pipeline/data/dataset_4mic_3spk/Eval/mic/mic_fileid_344_doa9_3spk.wav,/mnt/d/邵鹏远/UCL/博1/code/audition_pipeline/ablation_study/baseline/results/HARK_n/official_hark_outputs/fileid_344,/mnt/d/邵鹏远/UCL/博1/code/audition_pipeline/ablation_study/baseline/results/HARK_n/official_hark_outputs/fileid_344/hark_fileid_344_mic_fileid_344_doa9_3spk,batchflow '/mnt/d/邵鹏远/UCL/博1/code/audition_pipeline/ablation_study/baseline/results/HARK_n/official_hark_outputs/fileid_344/runtime_fileid_344.n' '/mnt/d/邵鹏远/UCL/博1/code/audition_pipeline/data/dataset_4mic_3spk/Eval/mic/mic_fileid_344_doa9_3spk.wav' '/mnt/d/邵鹏远/UCL/博1/code/audition_pipeline/ablation_study/baseline/results/HARK_n/official_hark_outputs/fileid_344/hark_fileid_344_mic_fileid_344_doa9_3spk',0,8.43690110100033,/mnt/d/邵鹏远/UCL/博1/code/audition_pipeline/ablation_study/baseline/results/HARK_n/official_hark_logs/hark_fileid_344.stdout.log,/mnt/d/邵鹏远/UCL/博1/code/audition_pipeline/ablation_study/baseline/results/HARK_n/official_hark_logs/hark_fileid_344.stderr.log,5
345,/mnt/d/邵鹏远/UCL/博1/code/audition_pipeline/data/dataset_4mic_3spk/Eval/mic/mic_fileid_345_doa61_3spk.wav,/mnt/d/邵鹏远/UCL/博1/code/audition_pipeline/ablation_study/baseline/results/HARK_n/official_hark_outputs/fileid_345,/mnt/d/邵鹏远/UCL/博1/code/audition_pipeline/ablation_study/baseline/results/HARK_n/official_hark_outputs/fileid_345/hark_fileid_345_mic_fileid_345_doa61_3spk,batchflow '/mnt/d/邵鹏远/UCL/博1/code/audition_pipeline/ablation_study/baseline/results/HARK_n/official_hark_outputs/fileid_345/runtime_fileid_345.n' '/mnt/d/邵鹏远/UCL/博1/code/audition_pipeline/data/dataset_4mic_3spk/Eval/mic/mic_fileid_345_doa61_3spk.wav' '/mnt/d/邵鹏远/UCL/博1/code/audition_pipeline/ablation_study/baseline/results/HARK_n/official_hark_outputs/fileid_345/hark_fileid_345_mic_fileid_345_doa61_3spk',0,7.354006408999339,/mnt/d/邵鹏远/UCL/博1/code/audition_pipeline/ablation_study/baseline/results/HARK_n/official_hark_logs/hark_fileid_345.stdout.log,/mnt/d/邵鹏远/UCL/博1/code/audition_pipeline/ablation_study/baseline/results/HARK_n/official_hark_logs/hark_fileid_345.stderr.log,6
346,/mnt/d/邵鹏远/UCL/博1/code/audition_pipeline/data/dataset_4mic_3spk/Eval/mic/mic_fileid_346_doa62_3spk.wav,/mnt/d/邵鹏远/UCL/博1/code/audition_pipeline/ablation_study/baseline/results/HARK_n/official_hark_outputs/fileid_346,/mnt/d/邵鹏远/UCL/博1/code/audition_pipeline/ablation_study/baseline/results/HARK_n/official_hark_outputs/fileid_346/hark_fileid_346_mic_fileid_346_doa62_3spk,batchflow '/mnt/d/邵鹏远/UCL/博1/code/audition_pipeline/ablation_study/baseline/results/HARK_n/official_hark_outputs/fileid_346/runtime_fileid_346.n' '/mnt/d/邵鹏远/UCL/博1/code/audition_pipeline/data/dataset_4mic_3spk/Eval/mic/mic_fileid_346_doa62_3spk.wav' '/mnt/d/邵鹏远/UCL/博1/code/audition_pipeline/ablation_study/baseline/results/HARK_n/official_hark_outputs/fileid_346/hark_fileid_346_mic_fileid_346_doa62_3spk',0,6.299443799000073,/mnt/d/邵鹏远/UCL/博1/code/audition_pipeline/ablation_study/baseline/results/HARK_n/official_hark_logs/hark_fileid_346.stdout.log,/mnt/d/邵鹏远/UCL/博1/code/audition_pipeline/ablation_study/baseline/results/HARK_n/official_hark_logs/hark_fileid_346.stderr.log,4
347,/mnt/d/邵鹏远/UCL/博1/code/audition_pipeline/data/dataset_4mic_3spk/Eval/mic/mic_fileid_347_doa18_3spk.wav,/mnt/d/邵鹏远/UCL/博1/code/audition_pipeline/ablation_study/baseline/results/HARK_n/official_hark_outputs/fileid_347,/mnt/d/邵鹏远/UCL/博1/code/audition_pipeline/ablation_study/baseline/results/HARK_n/official_hark_outputs/fileid_347/hark_fileid_347_mic_fileid_347_doa18_3spk,batchflow '/mnt/d/邵鹏远/UCL/博1/code/audition_pipeline/ablation_study/baseline/results/HARK_n/official_hark_outputs/fileid_347/runtime_fileid_347.n' '/mnt/d/邵鹏远/UCL/博1/code/audition_pipeline/data/dataset_4mic_3spk/Eval/mic/mic_fileid_347_doa18_3spk.wav' '/mnt/d/邵鹏远/UCL/博1/code/audition_pipeline/ablation_study/baseline/results/HARK_n/official_hark_outputs/fileid_347/hark_fileid_347_mic_fileid_347_doa18_3spk',0,7.31469223699969,/mnt/d/邵鹏远/UCL/博1/code/audition_pipeline/ablation_study/baseline/results/HARK_n/official_hark_logs/hark_fileid_347.stdout.log,/mnt/d/邵鹏远/UCL/博1/code/audition_pipeline/ablation_study/baseline/results/HARK_n/official_hark_logs/hark_fileid_347.stderr.log,6
348,/mnt/d/邵鹏远/UCL/博1/code/audition_pipeline/data/dataset_4mic_3spk/Eval/mic/mic_fileid_348_doa57_3spk.wav,/mnt/d/邵鹏远/UCL/博1/code/audition_pipeline/ablation_study/baseline/results/HARK_n/official_hark_outputs/fileid_348,/mnt/d/邵鹏远/UCL/博1/code/audition_pipeline/ablation_study/baseline/results/HARK_n/official_hark_outputs/fileid_348/hark_fileid_348_mic_fileid_348_doa57_3spk,batchflow '/mnt/d/邵鹏远/UCL/博1/code/audition_pipeline/ablation_study/baseline/results/HARK_n/official_hark_outputs/fileid_348/runtime_fileid_348.n' '/mnt/d/邵鹏远/UCL/博1/code/audition_pipeline/data/dataset_4mic_3spk/Eval/mic/mic_fileid_348_doa57_3spk.wav' '/mnt/d/邵鹏远/UCL/博1/code/audition_pipeline/ablation_study/baseline/results/HARK_n/official_hark_outputs/fileid_348/hark_fileid_348_mic_fileid_348_doa57_3spk',0,7.341313990000344,/mnt/d/邵鹏远/UCL/博1/code/audition_pipeline/ablation_study/baseline/results/HARK_n/official_hark_logs/hark_fileid_348.stdout.log,/mnt/d/邵鹏远/UCL/博1/code/audition_pipeline/ablation_study/baseline/results/HARK_n/official_hark_logs/hark_fileid_348.stderr.log,6
349,/mnt/d/邵鹏远/UCL/博1/code/audition_pipeline/data/dataset_4mic_3spk/Eval/mic/mic_fileid_349_doa87_3spk.wav,/mnt/d/邵鹏远/UCL/博1/code/audition_pipeline/ablation_study/baseline/results/HARK_n/official_hark_outputs/fileid_349,/mnt/d/邵鹏远/UCL/博1/code/audition_pipeline/ablation_study/baseline/results/HARK_n/official_hark_outputs/fileid_349/hark_fileid_349_mic_fileid_349_doa87_3spk,batchflow '/mnt/d/邵鹏远/UCL/博1/code/audition_pipeline/ablation_study/baseline/results/HARK_n/official_hark_outputs/fileid_349/runtime_fileid_349.n' '/mnt/d/邵鹏远/UCL/博1/code/audition_pipeline/data/dataset_4mic_3spk/Eval/mic/mic_fileid_349_doa87_3spk.wav' '/mnt/d/邵鹏远/UCL/博1/code/audition_pipeline/ablation_study/baseline/results/HARK_n/official_hark_outputs/fileid_349/hark_fileid_349_mic_fileid_349_doa87_3spk',0,6.527099857999929,/mnt/d/邵鹏远/UCL/博1/code/audition_pipeline/ablation_study/baseline/results/HARK_n/official_hark_logs/hark_fileid_349.stdout.log,/mnt/d/邵鹏远/UCL/博1/code/audition_pipeline/ablation_study/baseline/results/HARK_n/official_hark_logs/hark_fileid_349.stderr.log,3
350,/mnt/d/邵鹏远/UCL/博1/code/audition_pipeline/data/dataset_4mic_3spk/Eval/mic/mic_fileid_350_doa97_3spk.wav,/mnt/d/邵鹏远/UCL/博1/code/audition_pipeline/ablation_study/baseline/results/HARK_n/official_hark_outputs/fileid_350,/mnt/d/邵鹏远/UCL/博1/code/audition_pipeline/ablation_study/baseline/results/HARK_n/official_hark_outputs/fileid_350/hark_fileid_350_mic_fileid_350_doa97_3spk,batchflow '/mnt/d/邵鹏远/UCL/博1/code/audition_pipeline/ablation_study/baseline/results/HARK_n/official_hark_outputs/fileid_350/runtime_fileid_350.n' '/mnt/d/邵鹏远/UCL/博1/code/audition_pipeline/data/dataset_4mic_3spk/Eval/mic/mic_fileid_350_doa97_3spk.wav' '/mnt/d/邵鹏远/UCL/博1/code/audition_pipeline/ablation_study/baseline/results/HARK_n/official_hark_outputs/fileid_350/hark_fileid_350_mic_fileid_350_doa97_3spk',0,5.972614087000693,/mnt/d/邵鹏远/UCL/博1/code/audition_pipeline/ablation_study/baseline/results/HARK_n/official_hark_logs/hark_fileid_350.stdout.log,/mnt/d/邵鹏远/UCL/博1/code/audition_pipeline/ablation_study/baseline/results/HARK_n/official_hark_logs/hark_fileid_350.stderr.log,4
351,/mnt/d/邵鹏远/UCL/博1/code/audition_pipeline/data/dataset_4mic_3spk/Eval/mic/mic_fileid_351_doa35_3spk.wav,/mnt/d/邵鹏远/UCL/博1/code/audition_pipeline/ablation_study/baseline/results/HARK_n/official_hark_outputs/fileid_351,/mnt/d/邵鹏远/UCL/博1/code/audition_pipeline/ablation_study/baseline/results/HARK_n/official_hark_outputs/fileid_351/hark_fileid_351_mic_fileid_351_doa35_3spk,batchflow '/mnt/d/邵鹏远/UCL/博1/code/audition_pipeline/ablation_study/baseline/results/HARK_n/official_hark_outputs/fileid_351/runtime_fileid_351.n' '/mnt/d/邵鹏远/UCL/博1/code/audition_pipeline/data/dataset_4mic_3spk/Eval/mic/mic_fileid_351_doa35_3spk.wav' '/mnt/d/邵鹏远/UCL/博1/code/audition_pipeline/ablation_study/baseline/results/HARK_n/official_hark_outputs/fileid_351/hark_fileid_351_mic_fileid_351_doa35_3spk',0,6.616204169999037,/mnt/d/邵鹏远/UCL/博1/code/audition_pipeline/ablation_study/baseline/results/HARK_n/official_hark_logs/hark_fileid_351.stdout.log,/mnt/d/邵鹏远/UCL/博1/code/audition_pipeline/ablation_study/baseline/results/HARK_n/official_hark_logs/hark_fileid_351.stderr.log,6
352,/mnt/d/邵鹏远/UCL/博1/code/audition_pipeline/data/dataset_4mic_3spk/Eval/mic/mic_fileid_352_doa234_3spk.wav,/mnt/d/邵鹏远/UCL/博1/code/audition_pipeline/ablation_study/baseline/results/HARK_n/official_hark_outputs/fileid_352,/mnt/d/邵鹏远/UCL/博1/code/audition_pipeline/ablation_study/baseline/results/HARK_n/official_hark_outputs/fileid_352/hark_fileid_352_mic_fileid_352_doa234_3spk,batchflow '/mnt/d/邵鹏远/UCL/博1/code/audition_pipeline/ablation_study/baseline/results/HARK_n/official_hark_outputs/fileid_352/runtime_fileid_352.n' '/mnt/d/邵鹏远/UCL/博1/code/audition_pipeline/data/dataset_4mic_3spk/Eval/mic/mic_fileid_352_doa234_3spk.wav' '/mnt/d/邵鹏远/UCL/博1/code/audition_pipeline/ablation_study/baseline/results/HARK_n/official_hark_outputs/fileid_352/hark_fileid_352_mic_fileid_352_doa234_3spk',0,6.383004717999938,/mnt/d/邵鹏远/UCL/博1/code/audition_pipeline/ablation_study/baseline/results/HARK_n/official_hark_logs/hark_fileid_352.stdout.log,/mnt/d/邵鹏远/UCL/博1/code/audition_pipeline/ablation_study/baseline/results/HARK_n/official_hark_logs/hark_fileid_352.stderr.log,5
353,/mnt/d/邵鹏远/UCL/博1/code/audition_pipeline/data/dataset_4mic_3spk/Eval/mic/mic_fileid_353_doa27_3spk.wav,/mnt/d/邵鹏远/UCL/博1/code/audition_pipeline/ablation_study/baseline/results/HARK_n/official_hark_outputs/fileid_353,/mnt/d/邵鹏远/UCL/博1/code/audition_pipeline/ablation_study/baseline/results/HARK_n/official_hark_outputs/fileid_353/hark_fileid_353_mic_fileid_353_doa27_3spk,batchflow '/mnt/d/邵鹏远/UCL/博1/code/audition_pipeline/ablation_study/baseline/results/HARK_n/official_hark_outputs/fileid_353/runtime_fileid_353.n' '/mnt/d/邵鹏远/UCL/博1/code/audition_pipeline/data/dataset_4mic_3spk/Eval/mic/mic_fileid_353_doa27_3spk.wav' '/mnt/d/邵鹏远/UCL/博1/code/audition_pipeline/ablation_study/baseline/results/HARK_n/official_hark_outputs/fileid_353/hark_fileid_353_mic_fileid_353_doa27_3spk',0,7.058809292999285,/mnt/d/邵鹏远/UCL/博1/code/audition_pipeline/ablation_study/baseline/results/HARK_n/official_hark_logs/hark_fileid_353.stdout.log,/mnt/d/邵鹏远/UCL/博1/code/audition_pipeline/ablation_study/baseline/results/HARK_n/official_hark_logs/hark_fileid_353.stderr.log,7
354,/mnt/d/邵鹏远/UCL/博1/code/audition_pipeline/data/dataset_4mic_3spk/Eval/mic/mic_fileid_354_doa100_3spk.wav,/mnt/d/邵鹏远/UCL/博1/code/audition_pipeline/ablation_study/baseline/results/HARK_n/official_hark_outputs/fileid_354,/mnt/d/邵鹏远/UCL/博1/code/audition_pipeline/ablation_study/baseline/results/HARK_n/official_hark_outputs/fileid_354/hark_fileid_354_mic_fileid_354_doa100_3spk,batchflow '/mnt/d/邵鹏远/UCL/博1/code/audition_pipeline/ablation_study/baseline/results/HARK_n/official_hark_outputs/fileid_354/runtime_fileid_354.n' '/mnt/d/邵鹏远/UCL/博1/code/audition_pipeline/data/dataset_4mic_3spk/Eval/mic/mic_fileid_354_doa100_3spk.wav' '/mnt/d/邵鹏远/UCL/博1/code/audition_pipeline/ablation_study/baseline/results/HARK_n/official_hark_outputs/fileid_354/hark_fileid_354_mic_fileid_354_doa100_3spk',0,6.72138836600061,/mnt/d/邵鹏远/UCL/博1/code/audition_pipeline/ablation_study/baseline/results/HARK_n/official_hark_logs/hark_fileid_354.stdout.log,/mnt/d/邵鹏远/UCL/博1/code/audition_pipeline/ablation_study/baseline/results/HARK_n/official_hark_logs/hark_fileid_354.stderr.log,3
355,/mnt/d/邵鹏远/UCL/博1/code/audition_pipeline/data/dataset_4mic_3spk/Eval/mic/mic_fileid_355_doa22_3spk.wav,/mnt/d/邵鹏远/UCL/博1/code/audition_pipeline/ablation_study/baseline/results/HARK_n/official_hark_outputs/fileid_355,/mnt/d/邵鹏远/UCL/博1/code/audition_pipeline/ablation_study/baseline/results/HARK_n/official_hark_outputs/fileid_355/hark_fileid_355_mic_fileid_355_doa22_3spk,batchflow '/mnt/d/邵鹏远/UCL/博1/code/audition_pipeline/ablation_study/baseline/results/HARK_n/official_hark_outputs/fileid_355/runtime_fileid_355.n' '/mnt/d/邵鹏远/UCL/博1/code/audition_pipeline/data/dataset_4mic_3spk/Eval/mic/mic_fileid_355_doa22_3spk.wav' '/mnt/d/邵鹏远/UCL/博1/code/audition_pipeline/ablation_study/baseline/results/HARK_n/official_hark_outputs/fileid_355/hark_fileid_355_mic_fileid_355_doa22_3spk',0,6.110093174998838,/mnt/d/邵鹏远/UCL/博1/code/audition_pipeline/ablation_study/baseline/results/HARK_n/official_hark_logs/hark_fileid_355.stdout.log,/mnt/d/邵鹏远/UCL/博1/code/audition_pipeline/ablation_study/baseline/results/HARK_n/official_hark_logs/hark_fileid_355.stderr.log,6
356,/mnt/d/邵鹏远/UCL/博1/code/audition_pipeline/data/dataset_4mic_3spk/Eval/mic/mic_fileid_356_doa17_3spk.wav,/mnt/d/邵鹏远/UCL/博1/code/audition_pipeline/ablation_study/baseline/results/HARK_n/official_hark_outputs/fileid_356,/mnt/d/邵鹏远/UCL/博1/code/audition_pipeline/ablation_study/baseline/results/HARK_n/official_hark_outputs/fileid_356/hark_fileid_356_mic_fileid_356_doa17_3spk,batchflow '/mnt/d/邵鹏远/UCL/博1/code/audition_pipeline/ablation_study/baseline/results/HARK_n/official_hark_outputs/fileid_356/runtime_fileid_356.n' '/mnt/d/邵鹏远/UCL/博1/code/audition_pipeline/data/dataset_4mic_3spk/Eval/mic/mic_fileid_356_doa17_3spk.wav' '/mnt/d/邵鹏远/UCL/博1/code/audition_pipeline/ablation_study/baseline/results/HARK_n/official_hark_outputs/fileid_356/hark_fileid_356_mic_fileid_356_doa17_3spk',0,6.2220666040011565,/mnt/d/邵鹏远/UCL/博1/code/audition_pipeline/ablation_study/baseline/results/HARK_n/official_hark_logs/hark_fileid_356.stdout.log,/mnt/d/邵鹏远/UCL/博1/code/audition_pipeline/ablation_study/baseline/results/HARK_n/official_hark_logs/hark_fileid_356.stderr.log,3
357,/mnt/d/邵鹏远/UCL/博1/code/audition_pipeline/data/dataset_4mic_3spk/Eval/mic/mic_fileid_357_doa155_3spk.wav,/mnt/d/邵鹏远/UCL/博1/code/audition_pipeline/ablation_study/baseline/results/HARK_n/official_hark_outputs/fileid_357,/mnt/d/邵鹏远/UCL/博1/code/audition_pipeline/ablation_study/baseline/results/HARK_n/official_hark_outputs/fileid_357/hark_fileid_357_mic_fileid_357_doa155_3spk,batchflow '/mnt/d/邵鹏远/UCL/博1/code/audition_pipeline/ablation_study/baseline/results/HARK_n/official_hark_outputs/fileid_357/runtime_fileid_357.n' '/mnt/d/邵鹏远/UCL/博1/code/audition_pipeline/data/dataset_4mic_3spk/Eval/mic/mic_fileid_357_doa155_3spk.wav' '/mnt/d/邵鹏远/UCL/博1/code/audition_pipeline/ablation_study/baseline/results/HARK_n/official_hark_outputs/fileid_357/hark_fileid_357_mic_fileid_357_doa155_3spk',0,6.914622295000299,/mnt/d/邵鹏远/UCL/博1/code/audition_pipeline/ablation_study/baseline/results/HARK_n/official_hark_logs/hark_fileid_357.stdout.log,/mnt/d/邵鹏远/UCL/博1/code/audition_pipeline/ablation_study/baseline/results/HARK_n/official_hark_logs/hark_fileid_357.stderr.log,6
358,/mnt/d/邵鹏远/UCL/博1/code/audition_pipeline/data/dataset_4mic_3spk/Eval/mic/mic_fileid_358_doa96_3spk.wav,/mnt/d/邵鹏远/UCL/博1/code/audition_pipeline/ablation_study/baseline/results/HARK_n/official_hark_outputs/fileid_358,/mnt/d/邵鹏远/UCL/博1/code/audition_pipeline/ablation_study/baseline/results/HARK_n/official_hark_outputs/fileid_358/hark_fileid_358_mic_fileid_358_doa96_3spk,batchflow '/mnt/d/邵鹏远/UCL/博1/code/audition_pipeline/ablation_study/baseline/results/HARK_n/official_hark_outputs/fileid_358/runtime_fileid_358.n' '/mnt/d/邵鹏远/UCL/博1/code/audition_pipeline/data/dataset_4mic_3spk/Eval/mic/mic_fileid_358_doa96_3spk.wav' '/mnt/d/邵鹏远/UCL/博1/code/audition_pipeline/ablation_study/baseline/results/HARK_n/official_hark_outputs/fileid_358/hark_fileid_358_mic_fileid_358_doa96_3spk',0,6.041200084999218,/mnt/d/邵鹏远/UCL/博1/code/audition_pipeline/ablation_study/baseline/results/HARK_n/official_hark_logs/hark_fileid_358.stdout.log,/mnt/d/邵鹏远/UCL/博1/code/audition_pipeline/ablation_study/baseline/results/HARK_n/official_hark_logs/hark_fileid_358.stderr.log,4
359,/mnt/d/邵鹏远/UCL/博1/code/audition_pipeline/data/dataset_4mic_3spk/Eval/mic/mic_fileid_359_doa92_3spk.wav,/mnt/d/邵鹏远/UCL/博1/code/audition_pipeline/ablation_study/baseline/results/HARK_n/official_hark_outputs/fileid_359,/mnt/d/邵鹏远/UCL/博1/code/audition_pipeline/ablation_study/baseline/results/HARK_n/official_hark_outputs/fileid_359/hark_fileid_359_mic_fileid_359_doa92_3spk,batchflow '/mnt/d/邵鹏远/UCL/博1/code/audition_pipeline/ablation_study/baseline/results/HARK_n/official_hark_outputs/fileid_359/runtime_fileid_359.n' '/mnt/d/邵鹏远/UCL/博1/code/audition_pipeline/data/dataset_4mic_3spk/Eval/mic/mic_fileid_359_doa92_3spk.wav' '/mnt/d/邵鹏远/UCL/博1/code/audition_pipeline/ablation_study/baseline/results/HARK_n/official_hark_outputs/fileid_359/hark_fileid_359_mic_fileid_359_doa92_3spk',0,8.018630607999512,/mnt/d/邵鹏远/UCL/博1/code/audition_pipeline/ablation_study/baseline/results/HARK_n/official_hark_logs/hark_fileid_359.stdout.log,/mnt/d/邵鹏远/UCL/博1/code/audition_pipeline/ablation_study/baseline/results/HARK_n/official_hark_logs/hark_fileid_359.stderr.log,3
360,/mnt/d/邵鹏远/UCL/博1/code/audition_pipeline/data/dataset_4mic_3spk/Eval/mic/mic_fileid_360_doa3_3spk.wav,/mnt/d/邵鹏远/UCL/博1/code/audition_pipeline/ablation_study/baseline/results/HARK_n/official_hark_outputs/fileid_360,/mnt/d/邵鹏远/UCL/博1/code/audition_pipeline/ablation_study/baseline/results/HARK_n/official_hark_outputs/fileid_360/hark_fileid_360_mic_fileid_360_doa3_3spk,batchflow '/mnt/d/邵鹏远/UCL/博1/code/audition_pipeline/ablation_study/baseline/results/HARK_n/official_hark_outputs/fileid_360/runtime_fileid_360.n' '/mnt/d/邵鹏远/UCL/博1/code/audition_pipeline/data/dataset_4mic_3spk/Eval/mic/mic_fileid_360_doa3_3spk.wav' '/mnt/d/邵鹏远/UCL/博1/code/audition_pipeline/ablation_study/baseline/results/HARK_n/official_hark_outputs/fileid_360/hark_fileid_360_mic_fileid_360_doa3_3spk',0,7.042905153999527,/mnt/d/邵鹏远/UCL/博1/code/audition_pipeline/ablation_study/baseline/results/HARK_n/official_hark_logs/hark_fileid_360.stdout.log,/mnt/d/邵鹏远/UCL/博1/code/audition_pipeline/ablation_study/baseline/results/HARK_n/official_hark_logs/hark_fileid_360.stderr.log,3
361,/mnt/d/邵鹏远/UCL/博1/code/audition_pipeline/data/dataset_4mic_3spk/Eval/mic/mic_fileid_361_doa8_3spk.wav,/mnt/d/邵鹏远/UCL/博1/code/audition_pipeline/ablation_study/baseline/results/HARK_n/official_hark_outputs/fileid_361,/mnt/d/邵鹏远/UCL/博1/code/audition_pipeline/ablation_study/baseline/results/HARK_n/official_hark_outputs/fileid_361/hark_fileid_361_mic_fileid_361_doa8_3spk,batchflow '/mnt/d/邵鹏远/UCL/博1/code/audition_pipeline/ablation_study/baseline/results/HARK_n/official_hark_outputs/fileid_361/runtime_fileid_361.n' '/mnt/d/邵鹏远/UCL/博1/code/audition_pipeline/data/dataset_4mic_3spk/Eval/mic/mic_fileid_361_doa8_3spk.wav' '/mnt/d/邵鹏远/UCL/博1/code/audition_pipeline/ablation_study/baseline/results/HARK_n/official_hark_outputs/fileid_361/hark_fileid_361_mic_fileid_361_doa8_3spk',0,6.950529545998506,/mnt/d/邵鹏远/UCL/博1/code/audition_pipeline/ablation_study/baseline/results/HARK_n/official_hark_logs/hark_fileid_361.stdout.log,/mnt/d/邵鹏远/UCL/博1/code/audition_pipeline/ablation_study/baseline/results/HARK_n/official_hark_logs/hark_fileid_361.stderr.log,5
362,/mnt/d/邵鹏远/UCL/博1/code/audition_pipeline/data/dataset_4mic_3spk/Eval/mic/mic_fileid_362_doa47_3spk.wav,/mnt/d/邵鹏远/UCL/博1/code/audition_pipeline/ablation_study/baseline/results/HARK_n/official_hark_outputs/fileid_362,/mnt/d/邵鹏远/UCL/博1/code/audition_pipeline/ablation_study/baseline/results/HARK_n/official_hark_outputs/fileid_362/hark_fileid_362_mic_fileid_362_doa47_3spk,batchflow '/mnt/d/邵鹏远/UCL/博1/code/audition_pipeline/ablation_study/baseline/results/HARK_n/official_hark_outputs/fileid_362/runtime_fileid_362.n' '/mnt/d/邵鹏远/UCL/博1/code/audition_pipeline/data/dataset_4mic_3spk/Eval/mic/mic_fileid_362_doa47_3spk.wav' '/mnt/d/邵鹏远/UCL/博1/code/audition_pipeline/ablation_study/baseline/results/HARK_n/official_hark_outputs/fileid_362/hark_fileid_362_mic_fileid_362_doa47_3spk',0,7.823597115999291,/mnt/d/邵鹏远/UCL/博1/code/audition_pipeline/ablation_study/baseline/results/HARK_n/official_hark_logs/hark_fileid_362.stdout.log,/mnt/d/邵鹏远/UCL/博1/code/audition_pipeline/ablation_study/baseline/results/HARK_n/official_hark_logs/hark_fileid_362.stderr.log,8
363,/mnt/d/邵鹏远/UCL/博1/code/audition_pipeline/data/dataset_4mic_3spk/Eval/mic/mic_fileid_363_doa95_3spk.wav,/mnt/d/邵鹏远/UCL/博1/code/audition_pipeline/ablation_study/baseline/results/HARK_n/official_hark_outputs/fileid_363,/mnt/d/邵鹏远/UCL/博1/code/audition_pipeline/ablation_study/baseline/results/HARK_n/official_hark_outputs/fileid_363/hark_fileid_363_mic_fileid_363_doa95_3spk,batchflow '/mnt/d/邵鹏远/UCL/博1/code/audition_pipeline/ablation_study/baseline/results/HARK_n/official_hark_outputs/fileid_363/runtime_fileid_363.n' '/mnt/d/邵鹏远/UCL/博1/code/audition_pipeline/data/dataset_4mic_3spk/Eval/mic/mic_fileid_363_doa95_3spk.wav' '/mnt/d/邵鹏远/UCL/博1/code/audition_pipeline/ablation_study/baseline/results/HARK_n/official_hark_outputs/fileid_363/hark_fileid_363_mic_fileid_363_doa95_3spk',0,7.649589518001449,/mnt/d/邵鹏远/UCL/博1/code/audition_pipeline/ablation_study/baseline/results/HARK_n/official_hark_logs/hark_fileid_363.stdout.log,/mnt/d/邵鹏远/UCL/博1/code/audition_pipeline/ablation_study/baseline/results/HARK_n/official_hark_logs/hark_fileid_363.stderr.log,5
364,/mnt/d/邵鹏远/UCL/博1/code/audition_pipeline/data/dataset_4mic_3spk/Eval/mic/mic_fileid_364_doa50_3spk.wav,/mnt/d/邵鹏远/UCL/博1/code/audition_pipeline/ablation_study/baseline/results/HARK_n/official_hark_outputs/fileid_364,/mnt/d/邵鹏远/UCL/博1/code/audition_pipeline/ablation_study/baseline/results/HARK_n/official_hark_outputs/fileid_364/hark_fileid_364_mic_fileid_364_doa50_3spk,batchflow '/mnt/d/邵鹏远/UCL/博1/code/audition_pipeline/ablation_study/baseline/results/HARK_n/official_hark_outputs/fileid_364/runtime_fileid_364.n' '/mnt/d/邵鹏远/UCL/博1/code/audition_pipeline/data/dataset_4mic_3spk/Eval/mic/mic_fileid_364_doa50_3spk.wav' '/mnt/d/邵鹏远/UCL/博1/code/audition_pipeline/ablation_study/baseline/results/HARK_n/official_hark_outputs/fileid_364/hark_fileid_364_mic_fileid_364_doa50_3spk',0,7.662207575998764,/mnt/d/邵鹏远/UCL/博1/code/audition_pipeline/ablation_study/baseline/results/HARK_n/official_hark_logs/hark_fileid_364.stdout.log,/mnt/d/邵鹏远/UCL/博1/code/audition_pipeline/ablation_study/baseline/results/HARK_n/official_hark_logs/hark_fileid_364.stderr.log,5
365,/mnt/d/邵鹏远/UCL/博1/code/audition_pipeline/data/dataset_4mic_3spk/Eval/mic/mic_fileid_365_doa174_3spk.wav,/mnt/d/邵鹏远/UCL/博1/code/audition_pipeline/ablation_study/baseline/results/HARK_n/official_hark_outputs/fileid_365,/mnt/d/邵鹏远/UCL/博1/code/audition_pipeline/ablation_study/baseline/results/HARK_n/official_hark_outputs/fileid_365/hark_fileid_365_mic_fileid_365_doa174_3spk,batchflow '/mnt/d/邵鹏远/UCL/博1/code/audition_pipeline/ablation_study/baseline/results/HARK_n/official_hark_outputs/fileid_365/runtime_fileid_365.n' '/mnt/d/邵鹏远/UCL/博1/code/audition_pipeline/data/dataset_4mic_3spk/Eval/mic/mic_fileid_365_doa174_3spk.wav' '/mnt/d/邵鹏远/UCL/博1/code/audition_pipeline/ablation_study/baseline/results/HARK_n/official_hark_outputs/fileid_365/hark_fileid_365_mic_fileid_365_doa174_3spk',0,7.8629108669993,/mnt/d/邵鹏远/UCL/博1/code/audition_pipeline/ablation_study/baseline/results/HARK_n/official_hark_logs/hark_fileid_365.stdout.log,/mnt/d/邵鹏远/UCL/博1/code/audition_pipeline/ablation_study/baseline/results/HARK_n/official_hark_logs/hark_fileid_365.stderr.log,6
366,/mnt/d/邵鹏远/UCL/博1/code/audition_pipeline/data/dataset_4mic_3spk/Eval/mic/mic_fileid_366_doa75_3spk.wav,/mnt/d/邵鹏远/UCL/博1/code/audition_pipeline/ablation_study/baseline/results/HARK_n/official_hark_outputs/fileid_366,/mnt/d/邵鹏远/UCL/博1/code/audition_pipeline/ablation_study/baseline/results/HARK_n/official_hark_outputs/fileid_366/hark_fileid_366_mic_fileid_366_doa75_3spk,batchflow '/mnt/d/邵鹏远/UCL/博1/code/audition_pipeline/ablation_study/baseline/results/HARK_n/official_hark_outputs/fileid_366/runtime_fileid_366.n' '/mnt/d/邵鹏远/UCL/博1/code/audition_pipeline/data/dataset_4mic_3spk/Eval/mic/mic_fileid_366_doa75_3spk.wav' '/mnt/d/邵鹏远/UCL/博1/code/audition_pipeline/ablation_study/baseline/results/HARK_n/official_hark_outputs/fileid_366/hark_fileid_366_mic_fileid_366_doa75_3spk',0,6.893989413998497,/mnt/d/邵鹏远/UCL/博1/code/audition_pipeline/ablation_study/baseline/results/HARK_n/official_hark_logs/hark_fileid_366.stdout.log,/mnt/d/邵鹏远/UCL/博1/code/audition_pipeline/ablation_study/baseline/results/HARK_n/official_hark_logs/hark_fileid_366.stderr.log,5
367,/mnt/d/邵鹏远/UCL/博1/code/audition_pipeline/data/dataset_4mic_3spk/Eval/mic/mic_fileid_367_doa110_3spk.wav,/mnt/d/邵鹏远/UCL/博1/code/audition_pipeline/ablation_study/baseline/results/HARK_n/official_hark_outputs/fileid_367,/mnt/d/邵鹏远/UCL/博1/code/audition_pipeline/ablation_study/baseline/results/HARK_n/official_hark_outputs/fileid_367/hark_fileid_367_mic_fileid_367_doa110_3spk,batchflow '/mnt/d/邵鹏远/UCL/博1/code/audition_pipeline/ablation_study/baseline/results/HARK_n/official_hark_outputs/fileid_367/runtime_fileid_367.n' '/mnt/d/邵鹏远/UCL/博1/code/audition_pipeline/data/dataset_4mic_3spk/Eval/mic/mic_fileid_367_doa110_3spk.wav' '/mnt/d/邵鹏远/UCL/博1/code/audition_pipeline/ablation_study/baseline/results/HARK_n/official_hark_outputs/fileid_367/hark_fileid_367_mic_fileid_367_doa110_3spk',0,7.605234953000036,/mnt/d/邵鹏远/UCL/博1/code/audition_pipeline/ablation_study/baseline/results/HARK_n/official_hark_logs/hark_fileid_367.stdout.log,/mnt/d/邵鹏远/UCL/博1/code/audition_pipeline/ablation_study/baseline/results/HARK_n/official_hark_logs/hark_fileid_367.stderr.log,6
368,/mnt/d/邵鹏远/UCL/博1/code/audition_pipeline/data/dataset_4mic_3spk/Eval/mic/mic_fileid_368_doa76_3spk.wav,/mnt/d/邵鹏远/UCL/博1/code/audition_pipeline/ablation_study/baseline/results/HARK_n/official_hark_outputs/fileid_368,/mnt/d/邵鹏远/UCL/博1/code/audition_pipeline/ablation_study/baseline/results/HARK_n/official_hark_outputs/fileid_368/hark_fileid_368_mic_fileid_368_doa76_3spk,batchflow '/mnt/d/邵鹏远/UCL/博1/code/audition_pipeline/ablation_study/baseline/results/HARK_n/official_hark_outputs/fileid_368/runtime_fileid_368.n' '/mnt/d/邵鹏远/UCL/博1/code/audition_pipeline/data/dataset_4mic_3spk/Eval/mic/mic_fileid_368_doa76_3spk.wav' '/mnt/d/邵鹏远/UCL/博1/code/audition_pipeline/ablation_study/baseline/results/HARK_n/official_hark_outputs/fileid_368/hark_fileid_368_mic_fileid_368_doa76_3spk',0,6.528299127001446,/mnt/d/邵鹏远/UCL/博1/code/audition_pipeline/ablation_study/baseline/results/HARK_n/official_hark_logs/hark_fileid_368.stdout.log,/mnt/d/邵鹏远/UCL/博1/code/audition_pipeline/ablation_study/baseline/results/HARK_n/official_hark_logs/hark_fileid_368.stderr.log,5
369,/mnt/d/邵鹏远/UCL/博1/code/audition_pipeline/data/dataset_4mic_3spk/Eval/mic/mic_fileid_369_doa27_3spk.wav,/mnt/d/邵鹏远/UCL/博1/code/audition_pipeline/ablation_study/baseline/results/HARK_n/official_hark_outputs/fileid_369,/mnt/d/邵鹏远/UCL/博1/code/audition_pipeline/ablation_study/baseline/results/HARK_n/official_hark_outputs/fileid_369/hark_fileid_369_mic_fileid_369_doa27_3spk,batchflow '/mnt/d/邵鹏远/UCL/博1/code/audition_pipeline/ablation_study/baseline/results/HARK_n/official_hark_outputs/fileid_369/runtime_fileid_369.n' '/mnt/d/邵鹏远/UCL/博1/code/audition_pipeline/data/dataset_4mic_3spk/Eval/mic/mic_fileid_369_doa27_3spk.wav' '/mnt/d/邵鹏远/UCL/博1/code/audition_pipeline/ablation_study/baseline/results/HARK_n/official_hark_outputs/fileid_369/hark_fileid_369_mic_fileid_369_doa27_3spk',0,7.782352521999201,/mnt/d/邵鹏远/UCL/博1/code/audition_pipeline/ablation_study/baseline/results/HARK_n/official_hark_logs/hark_fileid_369.stdout.log,/mnt/d/邵鹏远/UCL/博1/code/audition_pipeline/ablation_study/baseline/results/HARK_n/official_hark_logs/hark_fileid_369.stderr.log,6
370,/mnt/d/邵鹏远/UCL/博1/code/audition_pipeline/data/dataset_4mic_3spk/Eval/mic/mic_fileid_370_doa148_3spk.wav,/mnt/d/邵鹏远/UCL/博1/code/audition_pipeline/ablation_study/baseline/results/HARK_n/official_hark_outputs/fileid_370,/mnt/d/邵鹏远/UCL/博1/code/audition_pipeline/ablation_study/baseline/results/HARK_n/official_hark_outputs/fileid_370/hark_fileid_370_mic_fileid_370_doa148_3spk,batchflow '/mnt/d/邵鹏远/UCL/博1/code/audition_pipeline/ablation_study/baseline/results/HARK_n/official_hark_outputs/fileid_370/runtime_fileid_370.n' '/mnt/d/邵鹏远/UCL/博1/code/audition_pipeline/data/dataset_4mic_3spk/Eval/mic/mic_fileid_370_doa148_3spk.wav' '/mnt/d/邵鹏远/UCL/博1/code/audition_pipeline/ablation_study/baseline/results/HARK_n/official_hark_outputs/fileid_370/hark_fileid_370_mic_fileid_370_doa148_3spk',0,6.76670274999924,/mnt/d/邵鹏远/UCL/博1/code/audition_pipeline/ablation_study/baseline/results/HARK_n/official_hark_logs/hark_fileid_370.stdout.log,/mnt/d/邵鹏远/UCL/博1/code/audition_pipeline/ablation_study/baseline/results/HARK_n/official_hark_logs/hark_fileid_370.stderr.log,4
371,/mnt/d/邵鹏远/UCL/博1/code/audition_pipeline/data/dataset_4mic_3spk/Eval/mic/mic_fileid_371_doa68_3spk.wav,/mnt/d/邵鹏远/UCL/博1/code/audition_pipeline/ablation_study/baseline/results/HARK_n/official_hark_outputs/fileid_371,/mnt/d/邵鹏远/UCL/博1/code/audition_pipeline/ablation_study/baseline/results/HARK_n/official_hark_outputs/fileid_371/hark_fileid_371_mic_fileid_371_doa68_3spk,batchflow '/mnt/d/邵鹏远/UCL/博1/code/audition_pipeline/ablation_study/baseline/results/HARK_n/official_hark_outputs/fileid_371/runtime_fileid_371.n' '/mnt/d/邵鹏远/UCL/博1/code/audition_pipeline/data/dataset_4mic_3spk/Eval/mic/mic_fileid_371_doa68_3spk.wav' '/mnt/d/邵鹏远/UCL/博1/code/audition_pipeline/ablation_study/baseline/results/HARK_n/official_hark_outputs/fileid_371/hark_fileid_371_mic_fileid_371_doa68_3spk',0,7.291511888000969,/mnt/d/邵鹏远/UCL/博1/code/audition_pipeline/ablation_study/baseline/results/HARK_n/official_hark_logs/hark_fileid_371.stdout.log,/mnt/d/邵鹏远/UCL/博1/code/audition_pipeline/ablation_study/baseline/results/HARK_n/official_hark_logs/hark_fileid_371.stderr.log,3
372,/mnt/d/邵鹏远/UCL/博1/code/audition_pipeline/data/dataset_4mic_3spk/Eval/mic/mic_fileid_372_doa161_3spk.wav,/mnt/d/邵鹏远/UCL/博1/code/audition_pipeline/ablation_study/baseline/results/HARK_n/official_hark_outputs/fileid_372,/mnt/d/邵鹏远/UCL/博1/code/audition_pipeline/ablation_study/baseline/results/HARK_n/official_hark_outputs/fileid_372/hark_fileid_372_mic_fileid_372_doa161_3spk,batchflow '/mnt/d/邵鹏远/UCL/博1/code/audition_pipeline/ablation_study/baseline/results/HARK_n/official_hark_outputs/fileid_372/runtime_fileid_372.n' '/mnt/d/邵鹏远/UCL/博1/code/audition_pipeline/data/dataset_4mic_3spk/Eval/mic/mic_fileid_372_doa161_3spk.wav' '/mnt/d/邵鹏远/UCL/博1/code/audition_pipeline/ablation_study/baseline/results/HARK_n/official_hark_outputs/fileid_372/hark_fileid_372_mic_fileid_372_doa161_3spk',0,8.843961006999962,/mnt/d/邵鹏远/UCL/博1/code/audition_pipeline/ablation_study/baseline/results/HARK_n/official_hark_logs/hark_fileid_372.stdout.log,/mnt/d/邵鹏远/UCL/博1/code/audition_pipeline/ablation_study/baseline/results/HARK_n/official_hark_logs/hark_fileid_372.stderr.log,3
373,/mnt/d/邵鹏远/UCL/博1/code/audition_pipeline/data/dataset_4mic_3spk/Eval/mic/mic_fileid_373_doa55_3spk.wav,/mnt/d/邵鹏远/UCL/博1/code/audition_pipeline/ablation_study/baseline/results/HARK_n/official_hark_outputs/fileid_373,/mnt/d/邵鹏远/UCL/博1/code/audition_pipeline/ablation_study/baseline/results/HARK_n/official_hark_outputs/fileid_373/hark_fileid_373_mic_fileid_373_doa55_3spk,batchflow '/mnt/d/邵鹏远/UCL/博1/code/audition_pipeline/ablation_study/baseline/results/HARK_n/official_hark_outputs/fileid_373/runtime_fileid_373.n' '/mnt/d/邵鹏远/UCL/博1/code/audition_pipeline/data/dataset_4mic_3spk/Eval/mic/mic_fileid_373_doa55_3spk.wav' '/mnt/d/邵鹏远/UCL/博1/code/audition_pipeline/ablation_study/baseline/results/HARK_n/official_hark_outputs/fileid_373/hark_fileid_373_mic_fileid_373_doa55_3spk',0,8.532731562001572,/mnt/d/邵鹏远/UCL/博1/code/audition_pipeline/ablation_study/baseline/results/HARK_n/official_hark_logs/hark_fileid_373.stdout.log,/mnt/d/邵鹏远/UCL/博1/code/audition_pipeline/ablation_study/baseline/results/HARK_n/official_hark_logs/hark_fileid_373.stderr.log,4
374,/mnt/d/邵鹏远/UCL/博1/code/audition_pipeline/data/dataset_4mic_3spk/Eval/mic/mic_fileid_374_doa92_3spk.wav,/mnt/d/邵鹏远/UCL/博1/code/audition_pipeline/ablation_study/baseline/results/HARK_n/official_hark_outputs/fileid_374,/mnt/d/邵鹏远/UCL/博1/code/audition_pipeline/ablation_study/baseline/results/HARK_n/official_hark_outputs/fileid_374/hark_fileid_374_mic_fileid_374_doa92_3spk,batchflow '/mnt/d/邵鹏远/UCL/博1/code/audition_pipeline/ablation_study/baseline/results/HARK_n/official_hark_outputs/fileid_374/runtime_fileid_374.n' '/mnt/d/邵鹏远/UCL/博1/code/audition_pipeline/data/dataset_4mic_3spk/Eval/mic/mic_fileid_374_doa92_3spk.wav' '/mnt/d/邵鹏远/UCL/博1/code/audition_pipeline/ablation_study/baseline/results/HARK_n/official_hark_outputs/fileid_374/hark_fileid_374_mic_fileid_374_doa92_3spk',0,7.092085053000119,/mnt/d/邵鹏远/UCL/博1/code/audition_pipeline/ablation_study/baseline/results/HARK_n/official_hark_logs/hark_fileid_374.stdout.log,/mnt/d/邵鹏远/UCL/博1/code/audition_pipeline/ablation_study/baseline/results/HARK_n/official_hark_logs/hark_fileid_374.stderr.log,3
375,/mnt/d/邵鹏远/UCL/博1/code/audition_pipeline/data/dataset_4mic_3spk/Eval/mic/mic_fileid_375_doa192_3spk.wav,/mnt/d/邵鹏远/UCL/博1/code/audition_pipeline/ablation_study/baseline/results/HARK_n/official_hark_outputs/fileid_375,/mnt/d/邵鹏远/UCL/博1/code/audition_pipeline/ablation_study/baseline/results/HARK_n/official_hark_outputs/fileid_375/hark_fileid_375_mic_fileid_375_doa192_3spk,batchflow '/mnt/d/邵鹏远/UCL/博1/code/audition_pipeline/ablation_study/baseline/results/HARK_n/official_hark_outputs/fileid_375/runtime_fileid_375.n' '/mnt/d/邵鹏远/UCL/博1/code/audition_pipeline/data/dataset_4mic_3spk/Eval/mic/mic_fileid_375_doa192_3spk.wav' '/mnt/d/邵鹏远/UCL/博1/code/audition_pipeline/ablation_study/baseline/results/HARK_n/official_hark_outputs/fileid_375/hark_fileid_375_mic_fileid_375_doa192_3spk',0,6.9491551480005,/mnt/d/邵鹏远/UCL/博1/code/audition_pipeline/ablation_study/baseline/results/HARK_n/official_hark_logs/hark_fileid_375.stdout.log,/mnt/d/邵鹏远/UCL/博1/code/audition_pipeline/ablation_study/baseline/results/HARK_n/official_hark_logs/hark_fileid_375.stderr.log,5
376,/mnt/d/邵鹏远/UCL/博1/code/audition_pipeline/data/dataset_4mic_3spk/Eval/mic/mic_fileid_376_doa40_3spk.wav,/mnt/d/邵鹏远/UCL/博1/code/audition_pipeline/ablation_study/baseline/results/HARK_n/official_hark_outputs/fileid_376,/mnt/d/邵鹏远/UCL/博1/code/audition_pipeline/ablation_study/baseline/results/HARK_n/official_hark_outputs/fileid_376/hark_fileid_376_mic_fileid_376_doa40_3spk,batchflow '/mnt/d/邵鹏远/UCL/博1/code/audition_pipeline/ablation_study/baseline/results/HARK_n/official_hark_outputs/fileid_376/runtime_fileid_376.n' '/mnt/d/邵鹏远/UCL/博1/code/audition_pipeline/data/dataset_4mic_3spk/Eval/mic/mic_fileid_376_doa40_3spk.wav' '/mnt/d/邵鹏远/UCL/博1/code/audition_pipeline/ablation_study/baseline/results/HARK_n/official_hark_outputs/fileid_376/hark_fileid_376_mic_fileid_376_doa40_3spk',0,6.9724008240009425,/mnt/d/邵鹏远/UCL/博1/code/audition_pipeline/ablation_study/baseline/results/HARK_n/official_hark_logs/hark_fileid_376.stdout.log,/mnt/d/邵鹏远/UCL/博1/code/audition_pipeline/ablation_study/baseline/results/HARK_n/official_hark_logs/hark_fileid_376.stderr.log,5
377,/mnt/d/邵鹏远/UCL/博1/code/audition_pipeline/data/dataset_4mic_3spk/Eval/mic/mic_fileid_377_doa285_3spk.wav,/mnt/d/邵鹏远/UCL/博1/code/audition_pipeline/ablation_study/baseline/results/HARK_n/official_hark_outputs/fileid_377,/mnt/d/邵鹏远/UCL/博1/code/audition_pipeline/ablation_study/baseline/results/HARK_n/official_hark_outputs/fileid_377/hark_fileid_377_mic_fileid_377_doa285_3spk,batchflow '/mnt/d/邵鹏远/UCL/博1/code/audition_pipeline/ablation_study/baseline/results/HARK_n/official_hark_outputs/fileid_377/runtime_fileid_377.n' '/mnt/d/邵鹏远/UCL/博1/code/audition_pipeline/data/dataset_4mic_3spk/Eval/mic/mic_fileid_377_doa285_3spk.wav' '/mnt/d/邵鹏远/UCL/博1/code/audition_pipeline/ablation_study/baseline/results/HARK_n/official_hark_outputs/fileid_377/hark_fileid_377_mic_fileid_377_doa285_3spk',0,5.849473960999603,/mnt/d/邵鹏远/UCL/博1/code/audition_pipeline/ablation_study/baseline/results/HARK_n/official_hark_logs/hark_fileid_377.stdout.log,/mnt/d/邵鹏远/UCL/博1/code/audition_pipeline/ablation_study/baseline/results/HARK_n/official_hark_logs/hark_fileid_377.stderr.log,4
378,/mnt/d/邵鹏远/UCL/博1/code/audition_pipeline/data/dataset_4mic_3spk/Eval/mic/mic_fileid_378_doa15_3spk.wav,/mnt/d/邵鹏远/UCL/博1/code/audition_pipeline/ablation_study/baseline/results/HARK_n/official_hark_outputs/fileid_378,/mnt/d/邵鹏远/UCL/博1/code/audition_pipeline/ablation_study/baseline/results/HARK_n/official_hark_outputs/fileid_378/hark_fileid_378_mic_fileid_378_doa15_3spk,batchflow '/mnt/d/邵鹏远/UCL/博1/code/audition_pipeline/ablation_study/baseline/results/HARK_n/official_hark_outputs/fileid_378/runtime_fileid_378.n' '/mnt/d/邵鹏远/UCL/博1/code/audition_pipeline/data/dataset_4mic_3spk/Eval/mic/mic_fileid_378_doa15_3spk.wav' '/mnt/d/邵鹏远/UCL/博1/code/audition_pipeline/ablation_study/baseline/results/HARK_n/official_hark_outputs/fileid_378/hark_fileid_378_mic_fileid_378_doa15_3spk',0,6.851795792999837,/mnt/d/邵鹏远/UCL/博1/code/audition_pipeline/ablation_study/baseline/results/HARK_n/official_hark_logs/hark_fileid_378.stdout.log,/mnt/d/邵鹏远/UCL/博1/code/audition_pipeline/ablation_study/baseline/results/HARK_n/official_hark_logs/hark_fileid_378.stderr.log,4
379,/mnt/d/邵鹏远/UCL/博1/code/audition_pipeline/data/dataset_4mic_3spk/Eval/mic/mic_fileid_379_doa53_3spk.wav,/mnt/d/邵鹏远/UCL/博1/code/audition_pipeline/ablation_study/baseline/results/HARK_n/official_hark_outputs/fileid_379,/mnt/d/邵鹏远/UCL/博1/code/audition_pipeline/ablation_study/baseline/results/HARK_n/official_hark_outputs/fileid_379/hark_fileid_379_mic_fileid_379_doa53_3spk,batchflow '/mnt/d/邵鹏远/UCL/博1/code/audition_pipeline/ablation_study/baseline/results/HARK_n/official_hark_outputs/fileid_379/runtime_fileid_379.n' '/mnt/d/邵鹏远/UCL/博1/code/audition_pipeline/data/dataset_4mic_3spk/Eval/mic/mic_fileid_379_doa53_3spk.wav' '/mnt/d/邵鹏远/UCL/博1/code/audition_pipeline/ablation_study/baseline/results/HARK_n/official_hark_outputs/fileid_379/hark_fileid_379_mic_fileid_379_doa53_3spk',0,6.568639356000858,/mnt/d/邵鹏远/UCL/博1/code/audition_pipeline/ablation_study/baseline/results/HARK_n/official_hark_logs/hark_fileid_379.stdout.log,/mnt/d/邵鹏远/UCL/博1/code/audition_pipeline/ablation_study/baseline/results/HARK_n/official_hark_logs/hark_fileid_379.stderr.log,6
380,/mnt/d/邵鹏远/UCL/博1/code/audition_pipeline/data/dataset_4mic_3spk/Eval/mic/mic_fileid_380_doa120_3spk.wav,/mnt/d/邵鹏远/UCL/博1/code/audition_pipeline/ablation_study/baseline/results/HARK_n/official_hark_outputs/fileid_380,/mnt/d/邵鹏远/UCL/博1/code/audition_pipeline/ablation_study/baseline/results/HARK_n/official_hark_outputs/fileid_380/hark_fileid_380_mic_fileid_380_doa120_3spk,batchflow '/mnt/d/邵鹏远/UCL/博1/code/audition_pipeline/ablation_study/baseline/results/HARK_n/official_hark_outputs/fileid_380/runtime_fileid_380.n' '/mnt/d/邵鹏远/UCL/博1/code/audition_pipeline/data/dataset_4mic_3spk/Eval/mic/mic_fileid_380_doa120_3spk.wav' '/mnt/d/邵鹏远/UCL/博1/code/audition_pipeline/ablation_study/baseline/results/HARK_n/official_hark_outputs/fileid_380/hark_fileid_380_mic_fileid_380_doa120_3spk',0,7.10539508599868,/mnt/d/邵鹏远/UCL/博1/code/audition_pipeline/ablation_study/baseline/results/HARK_n/official_hark_logs/hark_fileid_380.stdout.log,/mnt/d/邵鹏远/UCL/博1/code/audition_pipeline/ablation_study/baseline/results/HARK_n/official_hark_logs/hark_fileid_380.stderr.log,7
381,/mnt/d/邵鹏远/UCL/博1/code/audition_pipeline/data/dataset_4mic_3spk/Eval/mic/mic_fileid_381_doa212_3spk.wav,/mnt/d/邵鹏远/UCL/博1/code/audition_pipeline/ablation_study/baseline/results/HARK_n/official_hark_outputs/fileid_381,/mnt/d/邵鹏远/UCL/博1/code/audition_pipeline/ablation_study/baseline/results/HARK_n/official_hark_outputs/fileid_381/hark_fileid_381_mic_fileid_381_doa212_3spk,batchflow '/mnt/d/邵鹏远/UCL/博1/code/audition_pipeline/ablation_study/baseline/results/HARK_n/official_hark_outputs/fileid_381/runtime_fileid_381.n' '/mnt/d/邵鹏远/UCL/博1/code/audition_pipeline/data/dataset_4mic_3spk/Eval/mic/mic_fileid_381_doa212_3spk.wav' '/mnt/d/邵鹏远/UCL/博1/code/audition_pipeline/ablation_study/baseline/results/HARK_n/official_hark_outputs/fileid_381/hark_fileid_381_mic_fileid_381_doa212_3spk',0,6.723256942001171,/mnt/d/邵鹏远/UCL/博1/code/audition_pipeline/ablation_study/baseline/results/HARK_n/official_hark_logs/hark_fileid_381.stdout.log,/mnt/d/邵鹏远/UCL/博1/code/audition_pipeline/ablation_study/baseline/results/HARK_n/official_hark_logs/hark_fileid_381.stderr.log,3
382,/mnt/d/邵鹏远/UCL/博1/code/audition_pipeline/data/dataset_4mic_3spk/Eval/mic/mic_fileid_382_doa34_3spk.wav,/mnt/d/邵鹏远/UCL/博1/code/audition_pipeline/ablation_study/baseline/results/HARK_n/official_hark_outputs/fileid_382,/mnt/d/邵鹏远/UCL/博1/code/audition_pipeline/ablation_study/baseline/results/HARK_n/official_hark_outputs/fileid_382/hark_fileid_382_mic_fileid_382_doa34_3spk,batchflow '/mnt/d/邵鹏远/UCL/博1/code/audition_pipeline/ablation_study/baseline/results/HARK_n/official_hark_outputs/fileid_382/runtime_fileid_382.n' '/mnt/d/邵鹏远/UCL/博1/code/audition_pipeline/data/dataset_4mic_3spk/Eval/mic/mic_fileid_382_doa34_3spk.wav' '/mnt/d/邵鹏远/UCL/博1/code/audition_pipeline/ablation_study/baseline/results/HARK_n/official_hark_outputs/fileid_382/hark_fileid_382_mic_fileid_382_doa34_3spk',0,7.940321861999109,/mnt/d/邵鹏远/UCL/博1/code/audition_pipeline/ablation_study/baseline/results/HARK_n/official_hark_logs/hark_fileid_382.stdout.log,/mnt/d/邵鹏远/UCL/博1/code/audition_pipeline/ablation_study/baseline/results/HARK_n/official_hark_logs/hark_fileid_382.stderr.log,6
383,/mnt/d/邵鹏远/UCL/博1/code/audition_pipeline/data/dataset_4mic_3spk/Eval/mic/mic_fileid_383_doa0_3spk.wav,/mnt/d/邵鹏远/UCL/博1/code/audition_pipeline/ablation_study/baseline/results/HARK_n/official_hark_outputs/fileid_383,/mnt/d/邵鹏远/UCL/博1/code/audition_pipeline/ablation_study/baseline/results/HARK_n/official_hark_outputs/fileid_383/hark_fileid_383_mic_fileid_383_doa0_3spk,batchflow '/mnt/d/邵鹏远/UCL/博1/code/audition_pipeline/ablation_study/baseline/results/HARK_n/official_hark_outputs/fileid_383/runtime_fileid_383.n' '/mnt/d/邵鹏远/UCL/博1/code/audition_pipeline/data/dataset_4mic_3spk/Eval/mic/mic_fileid_383_doa0_3spk.wav' '/mnt/d/邵鹏远/UCL/博1/code/audition_pipeline/ablation_study/baseline/results/HARK_n/official_hark_outputs/fileid_383/hark_fileid_383_mic_fileid_383_doa0_3spk',0,7.095445921000646,/mnt/d/邵鹏远/UCL/博1/code/audition_pipeline/ablation_study/baseline/results/HARK_n/official_hark_logs/hark_fileid_383.stdout.log,/mnt/d/邵鹏远/UCL/博1/code/audition_pipeline/ablation_study/baseline/results/HARK_n/official_hark_logs/hark_fileid_383.stderr.log,5
384,/mnt/d/邵鹏远/UCL/博1/code/audition_pipeline/data/dataset_4mic_3spk/Eval/mic/mic_fileid_384_doa36_3spk.wav,/mnt/d/邵鹏远/UCL/博1/code/audition_pipeline/ablation_study/baseline/results/HARK_n/official_hark_outputs/fileid_384,/mnt/d/邵鹏远/UCL/博1/code/audition_pipeline/ablation_study/baseline/results/HARK_n/official_hark_outputs/fileid_384/hark_fileid_384_mic_fileid_384_doa36_3spk,batchflow '/mnt/d/邵鹏远/UCL/博1/code/audition_pipeline/ablation_study/baseline/results/HARK_n/official_hark_outputs/fileid_384/runtime_fileid_384.n' '/mnt/d/邵鹏远/UCL/博1/code/audition_pipeline/data/dataset_4mic_3spk/Eval/mic/mic_fileid_384_doa36_3spk.wav' '/mnt/d/邵鹏远/UCL/博1/code/audition_pipeline/ablation_study/baseline/results/HARK_n/official_hark_outputs/fileid_384/hark_fileid_384_mic_fileid_384_doa36_3spk',0,6.760981452998749,/mnt/d/邵鹏远/UCL/博1/code/audition_pipeline/ablation_study/baseline/results/HARK_n/official_hark_logs/hark_fileid_384.stdout.log,/mnt/d/邵鹏远/UCL/博1/code/audition_pipeline/ablation_study/baseline/results/HARK_n/official_hark_logs/hark_fileid_384.stderr.log,3
385,/mnt/d/邵鹏远/UCL/博1/code/audition_pipeline/data/dataset_4mic_3spk/Eval/mic/mic_fileid_385_doa92_3spk.wav,/mnt/d/邵鹏远/UCL/博1/code/audition_pipeline/ablation_study/baseline/results/HARK_n/official_hark_outputs/fileid_385,/mnt/d/邵鹏远/UCL/博1/code/audition_pipeline/ablation_study/baseline/results/HARK_n/official_hark_outputs/fileid_385/hark_fileid_385_mic_fileid_385_doa92_3spk,batchflow '/mnt/d/邵鹏远/UCL/博1/code/audition_pipeline/ablation_study/baseline/results/HARK_n/official_hark_outputs/fileid_385/runtime_fileid_385.n' '/mnt/d/邵鹏远/UCL/博1/code/audition_pipeline/data/dataset_4mic_3spk/Eval/mic/mic_fileid_385_doa92_3spk.wav' '/mnt/d/邵鹏远/UCL/博1/code/audition_pipeline/ablation_study/baseline/results/HARK_n/official_hark_outputs/fileid_385/hark_fileid_385_mic_fileid_385_doa92_3spk',0,6.966122148998693,/mnt/d/邵鹏远/UCL/博1/code/audition_pipeline/ablation_study/baseline/results/HARK_n/official_hark_logs/hark_fileid_385.stdout.log,/mnt/d/邵鹏远/UCL/博1/code/audition_pipeline/ablation_study/baseline/results/HARK_n/official_hark_logs/hark_fileid_385.stderr.log,3
386,/mnt/d/邵鹏远/UCL/博1/code/audition_pipeline/data/dataset_4mic_3spk/Eval/mic/mic_fileid_386_doa35_3spk.wav,/mnt/d/邵鹏远/UCL/博1/code/audition_pipeline/ablation_study/baseline/results/HARK_n/official_hark_outputs/fileid_386,/mnt/d/邵鹏远/UCL/博1/code/audition_pipeline/ablation_study/baseline/results/HARK_n/official_hark_outputs/fileid_386/hark_fileid_386_mic_fileid_386_doa35_3spk,batchflow '/mnt/d/邵鹏远/UCL/博1/code/audition_pipeline/ablation_study/baseline/results/HARK_n/official_hark_outputs/fileid_386/runtime_fileid_386.n' '/mnt/d/邵鹏远/UCL/博1/code/audition_pipeline/data/dataset_4mic_3spk/Eval/mic/mic_fileid_386_doa35_3spk.wav' '/mnt/d/邵鹏远/UCL/博1/code/audition_pipeline/ablation_study/baseline/results/HARK_n/official_hark_outputs/fileid_386/hark_fileid_386_mic_fileid_386_doa35_3spk',0,6.619610604000627,/mnt/d/邵鹏远/UCL/博1/code/audition_pipeline/ablation_study/baseline/results/HARK_n/official_hark_logs/hark_fileid_386.stdout.log,/mnt/d/邵鹏远/UCL/博1/code/audition_pipeline/ablation_study/baseline/results/HARK_n/official_hark_logs/hark_fileid_386.stderr.log,5
387,/mnt/d/邵鹏远/UCL/博1/code/audition_pipeline/data/dataset_4mic_3spk/Eval/mic/mic_fileid_387_doa54_3spk.wav,/mnt/d/邵鹏远/UCL/博1/code/audition_pipeline/ablation_study/baseline/results/HARK_n/official_hark_outputs/fileid_387,/mnt/d/邵鹏远/UCL/博1/code/audition_pipeline/ablation_study/baseline/results/HARK_n/official_hark_outputs/fileid_387/hark_fileid_387_mic_fileid_387_doa54_3spk,batchflow '/mnt/d/邵鹏远/UCL/博1/code/audition_pipeline/ablation_study/baseline/results/HARK_n/official_hark_outputs/fileid_387/runtime_fileid_387.n' '/mnt/d/邵鹏远/UCL/博1/code/audition_pipeline/data/dataset_4mic_3spk/Eval/mic/mic_fileid_387_doa54_3spk.wav' '/mnt/d/邵鹏远/UCL/博1/code/audition_pipeline/ablation_study/baseline/results/HARK_n/official_hark_outputs/fileid_387/hark_fileid_387_mic_fileid_387_doa54_3spk',0,6.484203747999345,/mnt/d/邵鹏远/UCL/博1/code/audition_pipeline/ablation_study/baseline/results/HARK_n/official_hark_logs/hark_fileid_387.stdout.log,/mnt/d/邵鹏远/UCL/博1/code/audition_pipeline/ablation_study/baseline/results/HARK_n/official_hark_logs/hark_fileid_387.stderr.log,3
388,/mnt/d/邵鹏远/UCL/博1/code/audition_pipeline/data/dataset_4mic_3spk/Eval/mic/mic_fileid_388_doa22_3spk.wav,/mnt/d/邵鹏远/UCL/博1/code/audition_pipeline/ablation_study/baseline/results/HARK_n/official_hark_outputs/fileid_388,/mnt/d/邵鹏远/UCL/博1/code/audition_pipeline/ablation_study/baseline/results/HARK_n/official_hark_outputs/fileid_388/hark_fileid_388_mic_fileid_388_doa22_3spk,batchflow '/mnt/d/邵鹏远/UCL/博1/code/audition_pipeline/ablation_study/baseline/results/HARK_n/official_hark_outputs/fileid_388/runtime_fileid_388.n' '/mnt/d/邵鹏远/UCL/博1/code/audition_pipeline/data/dataset_4mic_3spk/Eval/mic/mic_fileid_388_doa22_3spk.wav' '/mnt/d/邵鹏远/UCL/博1/code/audition_pipeline/ablation_study/baseline/results/HARK_n/official_hark_outputs/fileid_388/hark_fileid_388_mic_fileid_388_doa22_3spk',0,7.676067583999611,/mnt/d/邵鹏远/UCL/博1/code/audition_pipeline/ablation_study/baseline/results/HARK_n/official_hark_logs/hark_fileid_388.stdout.log,/mnt/d/邵鹏远/UCL/博1/code/audition_pipeline/ablation_study/baseline/results/HARK_n/official_hark_logs/hark_fileid_388.stderr.log,5
389,/mnt/d/邵鹏远/UCL/博1/code/audition_pipeline/data/dataset_4mic_3spk/Eval/mic/mic_fileid_389_doa78_3spk.wav,/mnt/d/邵鹏远/UCL/博1/code/audition_pipeline/ablation_study/baseline/results/HARK_n/official_hark_outputs/fileid_389,/mnt/d/邵鹏远/UCL/博1/code/audition_pipeline/ablation_study/baseline/results/HARK_n/official_hark_outputs/fileid_389/hark_fileid_389_mic_fileid_389_doa78_3spk,batchflow '/mnt/d/邵鹏远/UCL/博1/code/audition_pipeline/ablation_study/baseline/results/HARK_n/official_hark_outputs/fileid_389/runtime_fileid_389.n' '/mnt/d/邵鹏远/UCL/博1/code/audition_pipeline/data/dataset_4mic_3spk/Eval/mic/mic_fileid_389_doa78_3spk.wav' '/mnt/d/邵鹏远/UCL/博1/code/audition_pipeline/ablation_study/baseline/results/HARK_n/official_hark_outputs/fileid_389/hark_fileid_389_mic_fileid_389_doa78_3spk',0,2.015284815000996,/mnt/d/邵鹏远/UCL/博1/code/audition_pipeline/ablation_study/baseline/results/HARK_n/official_hark_logs/hark_fileid_389.stdout.log,/mnt/d/邵鹏远/UCL/博1/code/audition_pipeline/ablation_study/baseline/results/HARK_n/official_hark_logs/hark_fileid_389.stderr.log,3
390,/mnt/d/邵鹏远/UCL/博1/code/audition_pipeline/data/dataset_4mic_3spk/Eval/mic/mic_fileid_390_doa110_3spk.wav,/mnt/d/邵鹏远/UCL/博1/code/audition_pipeline/ablation_study/baseline/results/HARK_n/official_hark_outputs/fileid_390,/mnt/d/邵鹏远/UCL/博1/code/audition_pipeline/ablation_study/baseline/results/HARK_n/official_hark_outputs/fileid_390/hark_fileid_390_mic_fileid_390_doa110_3spk,batchflow '/mnt/d/邵鹏远/UCL/博1/code/audition_pipeline/ablation_study/baseline/results/HARK_n/official_hark_outputs/fileid_390/runtime_fileid_390.n' '/mnt/d/邵鹏远/UCL/博1/code/audition_pipeline/data/dataset_4mic_3spk/Eval/mic/mic_fileid_390_doa110_3spk.wav' '/mnt/d/邵鹏远/UCL/博1/code/audition_pipeline/ablation_study/baseline/results/HARK_n/official_hark_outputs/fileid_390/hark_fileid_390_mic_fileid_390_doa110_3spk',0,7.125992977998976,/mnt/d/邵鹏远/UCL/博1/code/audition_pipeline/ablation_study/baseline/results/HARK_n/official_hark_logs/hark_fileid_390.stdout.log,/mnt/d/邵鹏远/UCL/博1/code/audition_pipeline/ablation_study/baseline/results/HARK_n/official_hark_logs/hark_fileid_390.stderr.log,5
391,/mnt/d/邵鹏远/UCL/博1/code/audition_pipeline/data/dataset_4mic_3spk/Eval/mic/mic_fileid_391_doa145_3spk.wav,/mnt/d/邵鹏远/UCL/博1/code/audition_pipeline/ablation_study/baseline/results/HARK_n/official_hark_outputs/fileid_391,/mnt/d/邵鹏远/UCL/博1/code/audition_pipeline/ablation_study/baseline/results/HARK_n/official_hark_outputs/fileid_391/hark_fileid_391_mic_fileid_391_doa145_3spk,batchflow '/mnt/d/邵鹏远/UCL/博1/code/audition_pipeline/ablation_study/baseline/results/HARK_n/official_hark_outputs/fileid_391/runtime_fileid_391.n' '/mnt/d/邵鹏远/UCL/博1/code/audition_pipeline/data/dataset_4mic_3spk/Eval/mic/mic_fileid_391_doa145_3spk.wav' '/mnt/d/邵鹏远/UCL/博1/code/audition_pipeline/ablation_study/baseline/results/HARK_n/official_hark_outputs/fileid_391/hark_fileid_391_mic_fileid_391_doa145_3spk',0,6.600170196001272,/mnt/d/邵鹏远/UCL/博1/code/audition_pipeline/ablation_study/baseline/results/HARK_n/official_hark_logs/hark_fileid_391.stdout.log,/mnt/d/邵鹏远/UCL/博1/code/audition_pipeline/ablation_study/baseline/results/HARK_n/official_hark_logs/hark_fileid_391.stderr.log,7
392,/mnt/d/邵鹏远/UCL/博1/code/audition_pipeline/data/dataset_4mic_3spk/Eval/mic/mic_fileid_392_doa16_3spk.wav,/mnt/d/邵鹏远/UCL/博1/code/audition_pipeline/ablation_study/baseline/results/HARK_n/official_hark_outputs/fileid_392,/mnt/d/邵鹏远/UCL/博1/code/audition_pipeline/ablation_study/baseline/results/HARK_n/official_hark_outputs/fileid_392/hark_fileid_392_mic_fileid_392_doa16_3spk,batchflow '/mnt/d/邵鹏远/UCL/博1/code/audition_pipeline/ablation_study/baseline/results/HARK_n/official_hark_outputs/fileid_392/runtime_fileid_392.n' '/mnt/d/邵鹏远/UCL/博1/code/audition_pipeline/data/dataset_4mic_3spk/Eval/mic/mic_fileid_392_doa16_3spk.wav' '/mnt/d/邵鹏远/UCL/博1/code/audition_pipeline/ablation_study/baseline/results/HARK_n/official_hark_outputs/fileid_392/hark_fileid_392_mic_fileid_392_doa16_3spk',0,6.458389674999125,/mnt/d/邵鹏远/UCL/博1/code/audition_pipeline/ablation_study/baseline/results/HARK_n/official_hark_logs/hark_fileid_392.stdout.log,/mnt/d/邵鹏远/UCL/博1/code/audition_pipeline/ablation_study/baseline/results/HARK_n/official_hark_logs/hark_fileid_392.stderr.log,5
393,/mnt/d/邵鹏远/UCL/博1/code/audition_pipeline/data/dataset_4mic_3spk/Eval/mic/mic_fileid_393_doa13_3spk.wav,/mnt/d/邵鹏远/UCL/博1/code/audition_pipeline/ablation_study/baseline/results/HARK_n/official_hark_outputs/fileid_393,/mnt/d/邵鹏远/UCL/博1/code/audition_pipeline/ablation_study/baseline/results/HARK_n/official_hark_outputs/fileid_393/hark_fileid_393_mic_fileid_393_doa13_3spk,batchflow '/mnt/d/邵鹏远/UCL/博1/code/audition_pipeline/ablation_study/baseline/results/HARK_n/official_hark_outputs/fileid_393/runtime_fileid_393.n' '/mnt/d/邵鹏远/UCL/博1/code/audition_pipeline/data/dataset_4mic_3spk/Eval/mic/mic_fileid_393_doa13_3spk.wav' '/mnt/d/邵鹏远/UCL/博1/code/audition_pipeline/ablation_study/baseline/results/HARK_n/official_hark_outputs/fileid_393/hark_fileid_393_mic_fileid_393_doa13_3spk',0,4.400578441998732,/mnt/d/邵鹏远/UCL/博1/code/audition_pipeline/ablation_study/baseline/results/HARK_n/official_hark_logs/hark_fileid_393.stdout.log,/mnt/d/邵鹏远/UCL/博1/code/audition_pipeline/ablation_study/baseline/results/HARK_n/official_hark_logs/hark_fileid_393.stderr.log,3
394,/mnt/d/邵鹏远/UCL/博1/code/audition_pipeline/data/dataset_4mic_3spk/Eval/mic/mic_fileid_394_doa77_3spk.wav,/mnt/d/邵鹏远/UCL/博1/code/audition_pipeline/ablation_study/baseline/results/HARK_n/official_hark_outputs/fileid_394,/mnt/d/邵鹏远/UCL/博1/code/audition_pipeline/ablation_study/baseline/results/HARK_n/official_hark_outputs/fileid_394/hark_fileid_394_mic_fileid_394_doa77_3spk,batchflow '/mnt/d/邵鹏远/UCL/博1/code/audition_pipeline/ablation_study/baseline/results/HARK_n/official_hark_outputs/fileid_394/runtime_fileid_394.n' '/mnt/d/邵鹏远/UCL/博1/code/audition_pipeline/data/dataset_4mic_3spk/Eval/mic/mic_fileid_394_doa77_3spk.wav' '/mnt/d/邵鹏远/UCL/博1/code/audition_pipeline/ablation_study/baseline/results/HARK_n/official_hark_outputs/fileid_394/hark_fileid_394_mic_fileid_394_doa77_3spk',0,7.5759965460001695,/mnt/d/邵鹏远/UCL/博1/code/audition_pipeline/ablation_study/baseline/results/HARK_n/official_hark_logs/hark_fileid_394.stdout.log,/mnt/d/邵鹏远/UCL/博1/code/audition_pipeline/ablation_study/baseline/results/HARK_n/official_hark_logs/hark_fileid_394.stderr.log,6
395,/mnt/d/邵鹏远/UCL/博1/code/audition_pipeline/data/dataset_4mic_3spk/Eval/mic/mic_fileid_395_doa31_3spk.wav,/mnt/d/邵鹏远/UCL/博1/code/audition_pipeline/ablation_study/baseline/results/HARK_n/official_hark_outputs/fileid_395,/mnt/d/邵鹏远/UCL/博1/code/audition_pipeline/ablation_study/baseline/results/HARK_n/official_hark_outputs/fileid_395/hark_fileid_395_mic_fileid_395_doa31_3spk,batchflow '/mnt/d/邵鹏远/UCL/博1/code/audition_pipeline/ablation_study/baseline/results/HARK_n/official_hark_outputs/fileid_395/runtime_fileid_395.n' '/mnt/d/邵鹏远/UCL/博1/code/audition_pipeline/data/dataset_4mic_3spk/Eval/mic/mic_fileid_395_doa31_3spk.wav' '/mnt/d/邵鹏远/UCL/博1/code/audition_pipeline/ablation_study/baseline/results/HARK_n/official_hark_outputs/fileid_395/hark_fileid_395_mic_fileid_395_doa31_3spk',0,7.278011964999678,/mnt/d/邵鹏远/UCL/博1/code/audition_pipeline/ablation_study/baseline/results/HARK_n/official_hark_logs/hark_fileid_395.stdout.log,/mnt/d/邵鹏远/UCL/博1/code/audition_pipeline/ablation_study/baseline/results/HARK_n/official_hark_logs/hark_fileid_395.stderr.log,6
396,/mnt/d/邵鹏远/UCL/博1/code/audition_pipeline/data/dataset_4mic_3spk/Eval/mic/mic_fileid_396_doa107_3spk.wav,/mnt/d/邵鹏远/UCL/博1/code/audition_pipeline/ablation_study/baseline/results/HARK_n/official_hark_outputs/fileid_396,/mnt/d/邵鹏远/UCL/博1/code/audition_pipeline/ablation_study/baseline/results/HARK_n/official_hark_outputs/fileid_396/hark_fileid_396_mic_fileid_396_doa107_3spk,batchflow '/mnt/d/邵鹏远/UCL/博1/code/audition_pipeline/ablation_study/baseline/results/HARK_n/official_hark_outputs/fileid_396/runtime_fileid_396.n' '/mnt/d/邵鹏远/UCL/博1/code/audition_pipeline/data/dataset_4mic_3spk/Eval/mic/mic_fileid_396_doa107_3spk.wav' '/mnt/d/邵鹏远/UCL/博1/code/audition_pipeline/ablation_study/baseline/results/HARK_n/official_hark_outputs/fileid_396/hark_fileid_396_mic_fileid_396_doa107_3spk',0,5.9659876599998825,/mnt/d/邵鹏远/UCL/博1/code/audition_pipeline/ablation_study/baseline/results/HARK_n/official_hark_logs/hark_fileid_396.stdout.log,/mnt/d/邵鹏远/UCL/博1/code/audition_pipeline/ablation_study/baseline/results/HARK_n/official_hark_logs/hark_fileid_396.stderr.log,5
397,/mnt/d/邵鹏远/UCL/博1/code/audition_pipeline/data/dataset_4mic_3spk/Eval/mic/mic_fileid_397_doa73_3spk.wav,/mnt/d/邵鹏远/UCL/博1/code/audition_pipeline/ablation_study/baseline/results/HARK_n/official_hark_outputs/fileid_397,/mnt/d/邵鹏远/UCL/博1/code/audition_pipeline/ablation_study/baseline/results/HARK_n/official_hark_outputs/fileid_397/hark_fileid_397_mic_fileid_397_doa73_3spk,batchflow '/mnt/d/邵鹏远/UCL/博1/code/audition_pipeline/ablation_study/baseline/results/HARK_n/official_hark_outputs/fileid_397/runtime_fileid_397.n' '/mnt/d/邵鹏远/UCL/博1/code/audition_pipeline/data/dataset_4mic_3spk/Eval/mic/mic_fileid_397_doa73_3spk.wav' '/mnt/d/邵鹏远/UCL/博1/code/audition_pipeline/ablation_study/baseline/results/HARK_n/official_hark_outputs/fileid_397/hark_fileid_397_mic_fileid_397_doa73_3spk',0,7.388402721999228,/mnt/d/邵鹏远/UCL/博1/code/audition_pipeline/ablation_study/baseline/results/HARK_n/official_hark_logs/hark_fileid_397.stdout.log,/mnt/d/邵鹏远/UCL/博1/code/audition_pipeline/ablation_study/baseline/results/HARK_n/official_hark_logs/hark_fileid_397.stderr.log,5
398,/mnt/d/邵鹏远/UCL/博1/code/audition_pipeline/data/dataset_4mic_3spk/Eval/mic/mic_fileid_398_doa14_3spk.wav,/mnt/d/邵鹏远/UCL/博1/code/audition_pipeline/ablation_study/baseline/results/HARK_n/official_hark_outputs/fileid_398,/mnt/d/邵鹏远/UCL/博1/code/audition_pipeline/ablation_study/baseline/results/HARK_n/official_hark_outputs/fileid_398/hark_fileid_398_mic_fileid_398_doa14_3spk,batchflow '/mnt/d/邵鹏远/UCL/博1/code/audition_pipeline/ablation_study/baseline/results/HARK_n/official_hark_outputs/fileid_398/runtime_fileid_398.n' '/mnt/d/邵鹏远/UCL/博1/code/audition_pipeline/data/dataset_4mic_3spk/Eval/mic/mic_fileid_398_doa14_3spk.wav' '/mnt/d/邵鹏远/UCL/博1/code/audition_pipeline/ablation_study/baseline/results/HARK_n/official_hark_outputs/fileid_398/hark_fileid_398_mic_fileid_398_doa14_3spk',0,6.952202533000673,/mnt/d/邵鹏远/UCL/博1/code/audition_pipeline/ablation_study/baseline/results/HARK_n/official_hark_logs/hark_fileid_398.stdout.log,/mnt/d/邵鹏远/UCL/博1/code/audition_pipeline/ablation_study/baseline/results/HARK_n/official_hark_logs/hark_fileid_398.stderr.log,3
399,/mnt/d/邵鹏远/UCL/博1/code/audition_pipeline/data/dataset_4mic_3spk/Eval/mic/mic_fileid_399_doa240_3spk.wav,/mnt/d/邵鹏远/UCL/博1/code/audition_pipeline/ablation_study/baseline/results/HARK_n/official_hark_outputs/fileid_399,/mnt/d/邵鹏远/UCL/博1/code/audition_pipeline/ablation_study/baseline/results/HARK_n/official_hark_outputs/fileid_399/hark_fileid_399_mic_fileid_399_doa240_3spk,batchflow '/mnt/d/邵鹏远/UCL/博1/code/audition_pipeline/ablation_study/baseline/results/HARK_n/official_hark_outputs/fileid_399/runtime_fileid_399.n' '/mnt/d/邵鹏远/UCL/博1/code/audition_pipeline/data/dataset_4mic_3spk/Eval/mic/mic_fileid_399_doa240_3spk.wav' '/mnt/d/邵鹏远/UCL/博1/code/audition_pipeline/ablation_study/baseline/results/HARK_n/official_hark_outputs/fileid_399/hark_fileid_399_mic_fileid_399_doa240_3spk',0,6.872014071999729,/mnt/d/邵鹏远/UCL/博1/code/audition_pipeline/ablation_study/baseline/results/HARK_n/official_hark_logs/hark_fileid_399.stdout.log,/mnt/d/邵鹏远/UCL/博1/code/audition_pipeline/ablation_study/baseline/results/HARK_n/official_hark_logs/hark_fileid_399.stderr.log,3
