fileid,chunk_index,mic_file,duration_sec,input_channels,input_audio_mode,audio_start_sec,audio_end_sec,gt_dominant_spk1_doa,stream_paced_send_sec,chunk_audio_sec,stream_audio_end_sec,pipeline_wall_sec,pipeline_lag_sec,realtime_tolerance_sec,realtime_ok,cumulative_rtf,stream_paced_send_rtf,received_during_send_count,received_during_send_text,timestamp_assigned_count,timestamp_assigned_text,previous_chunk_transcript_text,timestamp_assigned_start_sec,timestamp_assigned_end_sec
0,1,mic_fileid_0_doa73_3spk_1.wav,4.0,4,mean_all_channels,0.0,4.0,73,3.968126084000005,4.0,4.0,4.000134969000001,0.00013496900000120604,0.5,1,1.0000337422500003,0.9920315210000012,0,,1,"But you know it's a rivalry, life is extinct",,0.22,2.24
0,2,mic_fileid_0_doa73_3spk_2.wav,4.0,4,mean_all_channels,4.0,8.0,73,3.9759731669999994,4.0,8.0,8.000118476000004,0.00011847600000436387,0.5,1,1.0000148095000005,0.9939932917499998,0,,1,"is insane with grief, especially because they discovered","But you know it's a rivalry, life is extinct",4.08,7.42
0,3,mic_fileid_0_doa73_3spk_3.wav,4.0,4,mean_all_channels,8.0,12.0,73,3.9826181799999887,4.0,12.0,12.000199633000001,0.0001996330000011426,0.5,1,1.0000166360833334,0.9956545449999972,3,"But you know it's a rivalry, life is extinct is insane with grief, especially because they discovered That relationship has left a letter to",2,That relationship has left a letter to some man she calls Dick.,"is insane with grief, especially because they discovered",8.536,12.296
0,4,mic_fileid_0_doa73_3spk_4.wav,4.0,4,mean_all_channels,12.0,16.0,73,3.979091523000008,4.0,16.0,16.000280533,0.00028053300000152603,0.5,1,1.0000175333125,0.994772880750002,2,some man she calls Dick. Telling him that she loved him,2,Telling him that she loved him . What did he say?,That relationship has left a letter to some man she calls Dick.,13.1,15.52
1,1,mic_fileid_1_doa82_3spk_1.wav,4.0,4,mean_all_channels,16.0,20.0,187,3.9787786360000013,4.0,20.0,20.000263014999994,0.00026301499999448197,0.5,1,1.0000131507499996,0.9946946590000003,2,. What did he say? But it's hard to which I've been so happily,2,But it's hard to which I've been so happily presented with this to the considerations,,16.22,20.22
1,2,mic_fileid_1_doa82_3spk_2.wav,4.0,4,mean_all_channels,20.0,24.0,187,3.9775296149999946,4.0,24.0,24.000261265,0.0002612649999989003,0.5,1,1.0000108860416665,0.9943824037499986,2,"presented with this to the considerations , was promised more effect",2,", was promised more effect ual security.",But it's hard to which I've been so happily presented with this to the considerations,20.98,23.6
1,3,mic_fileid_1_doa82_3spk_3.wav,4.0,4,mean_all_channels,24.0,28.0,187,3.9744826000000018,4.0,28.0,28.000160595000004,0.00016059500000409344,0.5,1,1.0000057355357144,0.9936206500000004,2,ual security. The choice of several,2,The choice of several to form an intermediate body,", was promised more effect ual security.",23.74,28.18
1,4,mic_fileid_1_doa82_3spk_4.wav,4.0,4,mean_all_channels,28.0,32.0,187,3.9812634900000035,4.0,32.0,32.00026863200001,0.00026863200000804,0.5,1,1.0000083947500003,0.9953158725000009,2,to form an intermediate body of electors.,2,of electors. Brought the western,The choice of several to form an intermediate body,28.54,29.8
2,1,mic_fileid_2_doa36_3spk_1.wav,4.0,4,mean_all_channels,32.0,36.0,36,3.9798900550000127,4.0,36.0,36.00027261500001,0.0002726150000071925,0.5,1,1.000007572638889,0.9949725137500032,2,Brought the western part of the city,2,part of the city .,,33.4,34.800999999999995
2,2,mic_fileid_2_doa36_3spk_2.wav,4.0,4,mean_all_channels,36.0,40.0,36,3.980569637000002,4.0,40.0,40.004479337,0.0044793369999993615,0.5,1,1.000111983425,0.9951424092500005,2,". Her life was quiet in the mountains, although hard-working,",2,"Her life was quiet in the mountains, although hard-working, and while her hands mechanically found",part of the city .,35.26,40.06
2,3,mic_fileid_2_doa36_3spk_3.wav,4.0,4,mean_all_channels,40.0,44.0,36,3.971629187000005,4.0,44.0,44.001119546999995,0.001119546999994725,0.5,1,1.0000254442499998,0.9929072967500012,2,"and while her hands mechanically found and did their accustomed labor,",2,"and did their accustomed labor, the thoughts that rose in her head from the recent","Her life was quiet in the mountains, although hard-working, and while her hands mechanically found",40.44,44.24
2,4,mic_fileid_2_doa36_3spk_4.wav,4.0,4,mean_all_channels,44.0,48.0,36,3.979630358999998,4.0,48.0,48.00072707100001,0.000727071000007129,0.5,1,1.0000151473125,0.9949075897499995,2,the thoughts that rose in her head from the recent trial that brought the,2,trial that brought the aviation to the gallery.,"and did their accustomed labor, the thoughts that rose in her head from the recent",44.54,48.36
2,5,mic_fileid_2_doa36_3spk_5.wav,4.0,4,mean_all_channels,48.0,52.0,36,3.977781426000007,4.0,52.0,52.000485266000005,0.0004852660000054243,0.5,1,1.0000093320384615,0.9944453565000018,2,aviation to the gallery. His words.,1,His words.,trial that brought the aviation to the gallery.,48.361,48.5
3,1,mic_fileid_3_doa39_3spk_1.wav,4.0,4,mean_all_channels,52.0,56.0,39,3.9722352070000113,4.0,56.0,56.000352131999996,0.00035213199999617473,0.5,1,1.0000062880714284,0.9930588017500028,2,Which takes over the spiritual studio of consciousness,3,Which takes over the spiritual studio of consciousness type of thing. It is inspired,,52.06,56.42
3,2,mic_fileid_3_doa39_3spk_2.wav,4.0,4,mean_all_channels,56.0,60.0,39,3.9671890500000018,4.0,60.0,60.000283204999995,0.00028320499999523463,0.5,1,1.0000047200833333,0.9917972625000004,2,type of thing. It is inspired that the process may be out of this,2,that the process may be out of this . One of the newer theories,Which takes over the spiritual studio of consciousness type of thing. It is inspired,56.9,60.26
3,3,mic_fileid_3_doa39_3spk_3.wav,4.0,4,mean_all_channels,60.0,64.0,39,3.9732740219999982,4.0,64.0,64.00021613199999,0.00021613199999137578,0.5,1,1.0000033770624999,0.9933185054999996,2,". One of the newer theories , one held by Dr. Lewis",2,", one held by Dr. Lewis R. Wolver, a psycho",that the process may be out of this . One of the newer theories,61.2,64.3
3,4,mic_fileid_3_doa39_3spk_4.wav,4.0,4,mean_all_channels,64.0,68.0,39,3.979351163000004,4.0,68.0,68.00019225899999,0.000192258999987871,0.5,1,1.000002827338235,0.994837790750001,2,"R. Wolver, a psycho analyst.",2,analyst. The,", one held by Dr. Lewis R. Wolver, a psycho",64.54,65.421
4,1,mic_fileid_4_doa26_3spk_1.wav,4.0,4,mean_all_channels,68.0,72.0,26,3.979447417000003,4.0,72.0,72.00020703000001,0.0002070300000127645,0.5,1,1.0000028754166668,0.9948618542500007,2,"The publication, if made at",2,"publication, if made at all, should be affected as soon as possible",,68.7,72.24
4,2,mic_fileid_4_doa26_3spk_2.wav,4.0,4,mean_all_channels,72.0,76.0,26,3.970573648999988,4.0,76.0,76.000089291,8.92909999947733e-05,0.5,1,1.000001174881579,0.992643412249997,2,"all, should be affected as soon as possible after my death",2,"after my death . My father died, I will send them","publication, if made at all, should be affected as soon as possible",72.76,76.3
4,3,mic_fileid_4_doa26_3spk_3.wav,4.0,4,mean_all_channels,76.0,80.0,26,3.978822108000003,4.0,80.0,80.00008051400002,8.051400001818365e-05,0.5,1,1.0000010064250002,0.9947055270000007,2,". My father died, I will send them to summer 18, 22.",1,"to summer 18, 22.","after my death . My father died, I will send them",76.6,78.34
4,4,mic_fileid_4_doa26_3spk_4.wav,4.0,4,mean_all_channels,80.0,84.0,26,3.979694305999999,4.0,84.0,84.000089806,8.980600000541017e-05,0.5,1,1.0000010691190477,0.9949235764999997,2,It will be seen therefore.,3,It will be seen therefore. That right.,"to summer 18, 22.",79.98,83.3
5,1,mic_fileid_5_doa60_3spk_1.wav,4.0,4,mean_all_channels,84.0,88.0,338,3.9827567950000002,4.0,88.0,88.00011215400002,0.00011215400002129172,0.5,1,1.000001274477273,0.9956891987500001,2,That right. I'm,2,I'm one of the honor of the expert,,86.44,88.1
5,2,mic_fileid_5_doa60_3spk_2.wav,4.0,4,mean_all_channels,88.0,92.0,338,3.9778666859999987,4.0,92.0,92.00013280900001,0.00013280900000722795,0.5,1,1.0000014435760871,0.9944666714999997,2,"one of the honor of the expert of masters, one must let himself",2,"of masters, one must let himself open to.",I'm one of the honor of the expert,88.56,91.44
5,3,mic_fileid_5_doa60_3spk_3.wav,4.0,4,mean_all_channels,92.0,96.0,338,3.9782065439999883,4.0,96.0,96.001056904,0.0010569039999950292,0.5,1,1.0000110094166665,0.9945516359999971,2,open to. I say you don't have time to complete the document,2,I say you don't have time to complete the document .,"of masters, one must let himself open to.",92.16,94.421
5,4,mic_fileid_5_doa60_3spk_4.wav,4.0,4,mean_all_channels,96.0,100.0,338,3.9781876319999867,4.0,100.0,100.000111102,0.00011110200000530313,0.5,1,1.00000111102,0.9945469079999967,2,. In the midst of the general silence of voice came Auduborg.,1,In the midst of the general silence of voice came Auduborg.,I say you don't have time to complete the document .,95.24,98.3
6,1,mic_fileid_6_doa30_3spk_1.wav,4.0,4,mean_all_channels,100.0,104.0,140,3.979975924999991,4.0,104.0,104.00070835400001,0.0007083540000110133,0.5,1,1.000006811096154,0.9949939812499977,2,Before I heard about us and under the last,3,Before I heard about us and under the last four of us code,,100.06,103.58
6,2,mic_fileid_6_doa30_3spk_2.wav,4.0,4,mean_all_channels,104.0,108.0,140,3.9764288879999867,4.0,108.0,108.000677212,0.000677211999999372,0.5,1,1.0000062704814814,0.9941072219999967,2,four of us code .,2,. I'm going to show,Before I heard about us and under the last four of us code,104.72,108.48
6,3,mic_fileid_6_doa30_3spk_3.wav,4.0,4,mean_all_channels,108.0,112.0,140,3.9681684310000094,4.0,112.0,112.000234654,0.00023465399999622605,0.5,1,1.000002095125,0.9920421077500023,2,I'm going to show you,2,you can see the,. I'm going to show,108.7,112.42
6,4,mic_fileid_6_doa30_3spk_4.wav,4.0,4,mean_all_channels,112.0,116.0,140,3.978878416000015,4.0,116.0,116.00030793600001,0.00030793600001288723,0.5,1,1.0000026546206897,0.9947196040000037,2,can see the sky. Voltaire.,1,sky. Voltaire.,you can see the,112.58,114.0
7,1,mic_fileid_7_doa57_3spk_1.wav,4.0,4,mean_all_channels,116.0,120.0,57,3.9779353189999824,4.0,120.0,120.000111616,0.00011161599999809368,0.5,1,1.0000009301333332,0.9944838297499956,2,Vol canic holes to the back of the car,3,"Vol canic holes to the back of the car , the tires fell above and behind the",,116.14,120.38
7,2,mic_fileid_7_doa57_3spk_2.wav,4.0,4,mean_all_channels,120.0,124.0,57,3.9820077389999824,4.0,124.0,124.00011281300002,0.0001128130000154215,0.5,1,1.0000009097822582,0.9955019347499956,2,", the tires fell above and behind the machine. They slammed it down",2,"machine. They slammed it down , but not said to have it.","Vol canic holes to the back of the car , the tires fell above and behind the",120.58,124.42
7,3,mic_fileid_7_doa57_3spk_3.wav,4.0,4,mean_all_channels,124.0,128.0,57,3.976812587999973,4.0,128.0,128.00012453600002,0.00012453600001549603,0.5,1,1.0000009729375001,0.9942031469999932,2,", but not said to have it. Just keep your arm out with",2,Just keep your arm out with the gun.,"machine. They slammed it down , but not said to have it.",124.66,127.32
8,1,mic_fileid_8_doa80_3spk_1.wav,4.0,4,mean_all_channels,128.0,132.0,333,3.974330858000002,4.0,132.0,132.000105531,0.00010553100000265658,0.5,1,1.0000007994772728,0.9935827145000005,1,the gun.,1,"the game. At two o'clock, the captain asked the mate",,129.28,132.4
8,2,mic_fileid_8_doa80_3spk_2.wav,4.0,4,mean_all_channels,132.0,136.0,333,3.975395813999995,4.0,136.0,136.00023754,0.00023754000000053566,0.5,1,1.000001746617647,0.9938489534999988,2,"the game. At two o'clock, the captain asked the mate how he worked it on.",2,"how he worked it on. Oh, pretty glib and firm, by the","the game. At two o'clock, the captain asked the mate",132.66,136.4
8,3,mic_fileid_8_doa80_3spk_3.wav,4.0,4,mean_all_channels,136.0,140.0,333,3.980171174999981,4.0,140.0,140.00027728700002,0.0002772870000171679,0.5,1,1.0000019806214286,0.9950427937499953,2,"Oh, pretty glib and firm, by the way. She was scared to tell what head",2,way. She was scared to tell what head way we were making or where her wives,"how he worked it on. Oh, pretty glib and firm, by the",136.62,140.42
8,4,mic_fileid_8_doa80_3spk_4.wav,4.0,4,mean_all_channels,140.0,144.0,333,3.978623263000003,4.0,144.0,144.00026226,0.00026225999999951455,0.5,1,1.00000182125,0.9946558157500007,2,way we were making or where her wives were keeping their river and there is the,2,were keeping their river and there is the shadow of a fall rising.,way. She was scared to tell what head way we were making or where her wives,140.74,144.26
8,5,mic_fileid_8_doa80_3spk_5.wav,4.0,4,mean_all_channels,144.0,148.0,333,3.9794980949999967,4.0,148.0,148.000439158,0.00043915800000604577,0.5,1,1.0000029672837838,0.9948745237499992,2,shadow of a fall rising. [BLANK,1,[BLANK,were keeping their river and there is the shadow of a fall rising.,145.8,145.80100000000002
9,1,mic_fileid_9_doa85_3spk_1.wav,4.0,4,mean_all_channels,148.0,152.0,314,3.9762795669999775,4.0,152.0,152.000690601,0.0006906010000022889,0.5,1,1.0000045434276317,0.9940698917499944,1,The DATS has been admitted for your invited,2,The DATS has been admitted for your invited to invite you to the dropout.,,148.24,152.0
9,2,mic_fileid_9_doa85_3spk_2.wav,4.0,4,mean_all_channels,152.0,156.0,314,3.977581219000001,4.0,156.0,156.000697158,0.0006971580000083577,0.5,1,1.0000044689615386,0.9943953047500003,2,to invite you to the dropout. Because a tea party is not complete without an,2,Because a tea party is not complete without an elevator.,The DATS has been admitted for your invited to invite you to the dropout.,152.26,155.24
9,3,mic_fileid_9_doa85_3spk_3.wav,4.0,4,mean_all_channels,156.0,160.0,314,3.9765645210000002,4.0,160.0,160.000128045,0.0001280449999967459,0.5,1,1.00000080028125,0.9941411302500001,2,elevator. It was a strangely alter that killed my,2,It was a strangely alter that killed my people. They were talking,Because a tea party is not complete without an elevator.,156.16,160.2
9,4,mic_fileid_9_doa85_3spk_4.wav,4.0,4,mean_all_channels,160.0,164.0,314,3.980895505999996,4.0,164.0,164.00013004800002,0.0001300480000168136,0.5,1,1.0000007929756098,0.995223876499999,2,people. They were talking to you.,1,to you.,It was a strangely alter that killed my people. They were talking,160.54,161.1
10,1,mic_fileid_10_doa3_3spk_1.wav,4.0,4,mean_all_channels,164.0,168.0,3,3.982302397000012,4.0,168.0,168.00007322800002,7.322800001929863e-05,0.5,1,1.0000004358809524,0.995575599250003,2,Thank you.,3,Thank you. Thank,,164.2,166.86100000000002
10,2,mic_fileid_10_doa3_3spk_2.wav,4.0,4,mean_all_channels,168.0,172.0,3,3.983006767000006,4.0,172.0,172.000080848,8.08480000102918e-05,0.5,1,1.0000004700465117,0.9957516917500016,1,Thank,1,"by the orders. It's a little window, not larger than a pane",Thank you. Thank,169.1,172.44
10,3,mic_fileid_10_doa3_3spk_3.wav,4.0,4,mean_all_channels,172.0,176.0,3,3.980251138,4.0,176.0,176.000126644,0.00012664400000517162,0.5,1,1.000000719568182,0.9950627845,2,"by the orders. It's a little window, not larger than a pane of glass. Looked out from the clerk's office",2,of glass. Looked out from the clerk's office . They call it Old Dills,"by the orders. It's a little window, not larger than a pane",172.58,176.28
10,4,mic_fileid_10_doa3_3spk_4.wav,4.0,4,mean_all_channels,176.0,180.0,3,3.9797579730000052,4.0,180.0,180.00010192300002,0.00010192300001676813,0.5,1,1.0000005662388889,0.9949394932500013,2,. They call it Old Dills People and wished it anywhere else,1,People and wished it anywhere else,of glass. Looked out from the clerk's office . They call it Old Dills,176.74,178.18
11,1,mic_fileid_11_doa93_3spk_1.wav,4.0,4,mean_all_channels,180.0,184.0,264,3.9787268940000047,4.0,184.0,184.000258279,0.00025827900000763293,0.5,1,1.0000014036902174,0.9946817235000012,2,. See?,3,. See? to suit yourself.,,180.3,183.92
11,2,mic_fileid_11_doa93_3spk_2.wav,4.0,4,mean_all_channels,184.0,188.0,264,3.979164790999988,4.0,188.0,188.000275625,0.00027562500000044565,0.5,1,1.0000014660904255,0.994791197749997,1,to suit yourself.,1,I'm sorry.,. See? to suit yourself.,186.12,187.72
11,3,mic_fileid_11_doa93_3spk_3.wav,4.0,4,mean_all_channels,188.0,192.0,264,3.9819925489999832,4.0,192.0,192.000125559,0.00012555899999711073,0.5,1,1.000000653953125,0.9954981372499958,2,I'm sorry. I'm,1,I'm,I'm sorry.,188.22,188.221
11,4,mic_fileid_11_doa93_3spk_4.wav,4.0,4,mean_all_channels,192.0,196.0,264,3.982594371999994,4.0,196.0,196.00021221600002,0.00021221600002263585,0.5,1,1.000001082734694,0.9956485929999985,1,"Stone Road, wrong ones, the Dead Love Littles.",1,"Stone Road, wrong ones, the Dead Love Littles.",I'm,191.02,194.08
12,1,mic_fileid_12_doa38_3spk_1.wav,4.0,4,mean_all_channels,196.0,200.0,38,3.979739004999999,4.0,200.0,200.000201963,0.0002019629999949757,0.5,1,1.000001009815,0.9949347512499997,1,of the anti-ethnic matter which might have been,2,of the anti-ethnic matter which might have been present in the monarchy.,,196.36,200.38
12,2,mic_fileid_12_doa38_3spk_2.wav,4.0,4,mean_all_channels,200.0,204.0,38,3.9795693970000343,4.0,204.0,204.000108061,0.00010806099999172147,0.5,1,1.0000005297107843,0.9948923492500086,2,present in the monarchy. Mrs,2,"Mrs . Anderson, new on the water.",of the anti-ethnic matter which might have been present in the monarchy.,202.16,204.34
12,3,mic_fileid_12_doa38_3spk_3.wav,4.0,4,mean_all_channels,204.0,208.0,38,3.9804200649999757,4.0,208.0,208.00027264,0.00027263999999149746,0.5,1,1.0000013107692307,0.9951050162499939,2,". Anderson, new on the water. No coroner.",2,No coroner. That's not legal.,"Mrs . Anderson, new on the water.",204.341,207.2
12,4,mic_fileid_12_doa38_3spk_4.wav,4.0,4,mean_all_channels,208.0,212.0,38,3.9740735409999957,4.0,212.0,212.00012329499998,0.0001232949999803168,0.5,1,1.0000005815801887,0.9935183852499989,2,That's not legal. Not only on friends with some of these people.,2,Not only on friends with some of these people. the door.,No coroner. That's not legal.,208.86,211.66
12,5,mic_fileid_12_doa38_3spk_5.wav,4.0,4,mean_all_channels,212.0,216.0,38,3.9791211470000007,4.0,216.0,216.00021850400003,0.00021850400003131654,0.5,1,1.0000010115925928,0.9947802867500002,1,the door.,0,,Not only on friends with some of these people. the door.,,
13,1,mic_fileid_13_doa5_3spk_1.wav,4.0,4,mean_all_channels,216.0,220.0,5,3.9781010169999718,4.0,220.0,220.00012482099999,0.00012482099998578633,0.5,1,1.0000005673681818,0.9945252542499929,2,I'm going to start with the first letter,2,I'm going to start with the first letter,,216.16,218.44
13,2,mic_fileid_13_doa5_3spk_2.wav,4.0,4,mean_all_channels,220.0,224.0,5,3.9816739650000272,4.0,224.0,224.00015864800002,0.00015864800002418633,0.5,1,1.0000007082500002,0.9954184912500068,1,They did not defend,2,"They did not defend long, but reply.",I'm going to start with the first letter,219.0,224.12
13,3,mic_fileid_13_doa5_3spk_3.wav,4.0,4,mean_all_channels,224.0,228.0,5,3.9786542319999967,4.0,228.0,228.00009701,9.700999999040505e-05,0.5,1,1.0000004254824562,0.9946635579999992,2,"long, but reply. Let them build your own property",2,Let them build your own property .,"They did not defend long, but reply.",224.96,226.281
13,4,mic_fileid_13_doa5_3spk_4.wav,4.0,4,mean_all_channels,228.0,232.0,5,3.979696786999966,4.0,232.0,232.00011890500002,0.00011890500002209592,0.5,1,1.0000005125215519,0.9949241967499916,1,.,1,"And if we fail, it is too late.",Let them build your own property .,229.24,232.02
13,5,mic_fileid_13_doa5_3spk_5.wav,4.0,4,mean_all_channels,232.0,236.0,5,3.979379804999951,4.0,236.0,236.000198227,0.00019822699999849647,0.5,1,1.0000008399449152,0.9948449512499877,1,"And if we fail, it is too late.",0,,"And if we fail, it is too late.",,
14,1,mic_fileid_14_doa181_3spk_1.wav,4.0,4,mean_all_channels,236.0,240.0,181,3.9785086869999873,4.0,240.0,240.000255848,0.0002558479999947849,0.5,1,1.0000010660333334,0.9946271717499968,2,This is a curious constellation.,3,This is a curious constellation. The two spend hours together sometimes to,,236.28,240.24
14,2,mic_fileid_14_doa181_3spk_2.wav,4.0,4,mean_all_channels,240.0,244.0,181,3.9782913399999984,4.0,244.0,244.000294811,0.0002948110000033921,0.5,1,1.0000012082418033,0.9945728349999996,2,"The two spend hours together sometimes to a tidy parlor. Stumbly, bourgeois",2,"a tidy parlor. Stumbly, bourgeois , and now and then",This is a curious constellation. The two spend hours together sometimes to,240.48,244.24
14,3,mic_fileid_14_doa181_3spk_3.wav,4.0,4,mean_all_channels,244.0,248.0,181,3.9800247890000264,4.0,248.0,248.00015409899999,0.00015409899998530818,0.5,1,1.0000006213669355,0.9950061972500066,2,", and now and then , what are you true to pro, convers",2,", what are you true to pro, convers ational, to the optimum","a tidy parlor. Stumbly, bourgeois , and now and then",244.52,248.1
14,4,mic_fileid_14_doa181_3spk_4.wav,4.0,4,mean_all_channels,248.0,252.0,181,3.979238228999975,4.0,252.0,252.00014642000002,0.00014642000002140776,0.5,1,1.000000581031746,0.9948095572499938,2,"ational, to the optimum stitch and from the optimum stitch to",3,stitch and from the optimum stitch to Dennis. Lauren and Merle.,", what are you true to pro, convers ational, to the optimum",248.54,252.32
14,5,mic_fileid_14_doa181_3spk_5.wav,4.0,4,mean_all_channels,252.0,256.0,181,3.9781427819999635,4.0,256.0,256.000174169,0.00017416899999034285,0.5,1,1.0000006803476562,0.9945356954999909,2,Dennis. Lauren and Merle.,0,,stitch and from the optimum stitch to Dennis. Lauren and Merle.,,
15,1,mic_fileid_15_doa78_3spk_1.wav,4.0,4,mean_all_channels,256.0,260.0,266,3.9790506699999924,4.0,260.0,260.000101644,0.00010164399998302542,0.5,1,1.0000003909384614,0.9947626674999981,2,We follow,3,We follow his favorite,,256.32,258.9
15,2,mic_fileid_15_doa78_3spk_2.wav,4.0,4,mean_all_channels,260.0,264.0,266,3.979577285000005,4.0,264.0,264.000097819,9.781900001826216e-05,0.5,1,1.0000003705265152,0.9948943212500012,2,his favorite .,2,. He,We follow his favorite,261.64,263.08099999999996
15,3,mic_fileid_15_doa78_3spk_3.wav,4.0,4,mean_all_channels,264.0,268.0,266,3.980137592999995,4.0,268.0,268.000141674,0.00014167400001952046,0.5,1,1.0000005286343285,0.9950343982499987,2,He was the counter-pulitzer of happiness,2,"was the counter-pulitzer of happiness , good history, and well-cared",. He,265.06,268.36
15,4,mic_fileid_15_doa78_3spk_4.wav,4.0,4,mean_all_channels,268.0,272.0,266,3.97991358500002,4.0,272.0,272.000191948,0.00019194800000832402,0.5,1,1.0000007056911766,0.994978396250005,2,", good history, and well-cared , old, household dog.",1,", old, household dog.","was the counter-pulitzer of happiness , good history, and well-cared",268.48,269.92
16,1,mic_fileid_16_doa36_3spk_1.wav,4.0,4,mean_all_channels,272.0,276.0,36,3.9795238229999654,4.0,276.0,276.000133774,0.00013377400000536,0.5,1,1.0000004846884059,0.9948809557499914,2,One of her summer days of England's after,3,One of her summer days of England's after -missing Julia returning,,272.26,276.34
16,2,mic_fileid_16_doa36_3spk_2.wav,4.0,4,mean_all_channels,276.0,280.0,36,3.9790207340000165,4.0,280.0,280.000168405,0.00016840500001080727,0.5,1,1.0000006014464287,0.9947551835000041,2,-missing Julia returning to the console safe from the atmosphere,2,to the console safe from the atmosphere and a very active exercise,One of her summer days of England's after -missing Julia returning,277.0,279.84
16,3,mic_fileid_16_doa36_3spk_3.wav,4.0,4,mean_all_channels,280.0,284.0,36,3.97610681499998,4.0,284.0,284.00016988,0.00016987999998718806,0.5,1,1.000000598169014,0.994026703749995,2,and a very active exercise in the school's character.,2,in the school's character. And you already know the,to the console safe from the atmosphere and a very active exercise,280.9,284.42
16,4,mic_fileid_16_doa36_3spk_4.wav,4.0,4,mean_all_channels,284.0,288.0,36,3.9799380030000293,4.0,288.0,288.000192135,0.00019213500002024375,0.5,1,1.0000006671354167,0.9949845007500073,2,And you already know the philosophy of Cicero.,2,philosophy of Cicero. Wasn't,in the school's character. And you already know the,284.88,288.48
17,1,mic_fileid_17_doa99_3spk_1.wav,4.0,4,mean_all_channels,288.0,292.0,99,3.9817484109999555,4.0,292.0,292.00014123200003,0.0001412320000326872,0.5,1,1.000000483671233,0.9954371027499889,2,Wasn't she later on engaged to a man who she,2,"she later on engaged to a man who she really loved. Yes, that was it",,288.56,292.24
17,2,mic_fileid_17_doa99_3spk_2.wav,4.0,4,mean_all_channels,292.0,296.0,99,3.9806104539999865,4.0,296.0,296.00011812500003,0.0001181250000286127,0.5,1,1.000000399070946,0.9951526134999966,2,"really loved. Yes, that was it . And during all the time she kept up her",2,. And during all the time she kept up her old liaison.,"she later on engaged to a man who she really loved. Yes, that was it",292.86,295.78
17,3,mic_fileid_17_doa99_3spk_3.wav,4.0,4,mean_all_channels,296.0,300.0,99,3.9817364659999726,4.0,300.0,300.000170703,0.0001707029999806764,0.5,1,1.00000056901,0.9954341164999931,2,old liaison. The author wanted to show that a woman can love it too late,2,The author wanted to show that a woman can love it too late .,. And during all the time she kept up her old liaison.,295.82,298.861
17,4,mic_fileid_17_doa99_3spk_4.wav,4.0,4,mean_all_channels,300.0,304.0,99,3.9813202079999996,4.0,304.0,304.00011048700003,0.00011048700002902478,0.5,1,1.000000363444079,0.9953300519999999,2,". That's true enough, isn't it? Certainly.",1,"That's true enough, isn't it? Certainly.",The author wanted to show that a woman can love it too late .,300.64,302.28
18,1,mic_fileid_18_doa181_3spk_1.wav,4.0,4,mean_all_channels,304.0,308.0,181,3.9799971790000086,4.0,308.0,308.000138647,0.00013864700002841346,0.5,1,1.0000004501525974,0.9949992947500022,2,And don't I hope that first picture turns out,3,And don't I hope that first picture turns out good. It was a remarkable that,,304.2,308.4
18,2,mic_fileid_18_doa181_3spk_2.wav,4.0,4,mean_all_channels,308.0,312.0,181,3.981423111999959,4.0,312.0,312.000278766,0.0002787660000080905,0.5,1,1.0000008934807691,0.9953557779999898,2,good. It was a remarkable that I was not only the focus for,2,"I was not only the focus for the interview, but for the",And don't I hope that first picture turns out good. It was a remarkable that,308.58,311.78
18,3,mic_fileid_18_doa181_3spk_3.wav,4.0,4,mean_all_channels,312.0,316.0,181,3.9780964139999924,4.0,316.0,316.00018102900003,0.00018102900003214017,0.5,1,1.0000005728765824,0.9945241034999981,1,"the interview, but for the",1,door as though anxious to develop his role as a film and discover what,"I was not only the focus for the interview, but for the",313.1,316.36
18,4,mic_fileid_18_doa181_3spk_4.wav,4.0,4,mean_all_channels,316.0,320.0,181,3.9820276909999848,4.0,320.0,320.000222327,0.0002223270000172306,0.5,1,1.0000006947718751,0.9955069227499962,2,door as though anxious to develop his role as a film and discover what success his labor had resulted in,1,success his labor had resulted in,door as though anxious to develop his role as a film and discover what,316.62,318.24
19,1,mic_fileid_19_doa121_3spk_1.wav,4.0,4,mean_all_channels,320.0,324.0,340,3.9774627429999896,4.0,324.0,324.000206096,0.00020609599999943384,0.5,1,1.0000006360987654,0.9943656857499974,1,The injuries to .cova have delayed,2,The injuries to .cova have delayed the march so greatly that it was decided,,320.64,324.48
19,2,mic_fileid_19_doa121_3spk_2.wav,4.0,4,mean_all_channels,324.0,328.0,340,3.9802115219999905,4.0,328.0,328.000156983,0.0001569830000107686,0.5,1,1.0000004786067074,0.9950528804999976,2,"the march so greatly that it was decided to give up the expedition,",2,"to give up the expedition, which was arrayed upon a small",The injuries to .cova have delayed the march so greatly that it was decided,324.98,328.28
19,3,mic_fileid_19_doa121_3spk_3.wav,4.0,4,mean_all_channels,328.0,332.0,340,3.97856108000002,4.0,332.0,332.00016737600004,0.00016737600003580155,0.5,1,1.0000005041445785,0.994640270000005,2,"which was arrayed upon a small , dark community in retali",2,", dark community in retali ation for the destruction of the incub","to give up the expedition, which was arrayed upon a small",328.56,332.28
19,4,mic_fileid_19_doa121_3spk_4.wav,4.0,4,mean_all_channels,332.0,336.0,340,3.9793526259999794,4.0,336.0,336.000246006,0.00024600599999757833,0.5,1,1.0000007321607143,0.9948381564999949,2,ation for the destruction of the incub ator until after the great,3,ator until after the great games. Such a subject.,", dark community in retali ation for the destruction of the incub",332.6,336.16
19,5,mic_fileid_19_doa121_3spk_5.wav,4.0,4,mean_all_channels,336.0,340.0,340,3.9763674320000177,4.0,340.0,340.000206519,0.00020651900001666945,0.5,1,1.0000006074088237,0.9940918580000044,2,games. Such a subject.,0,,ator until after the great games. Such a subject.,,
20,1,mic_fileid_20_doa68_3spk_1.wav,4.0,4,mean_all_channels,340.0,344.0,68,3.979616152999995,4.0,344.0,344.00018574,0.00018574000000626256,0.5,1,1.0000005399418606,0.9949040382499987,2,I leann was about to approach the dead,3,I leann was about to approach the dead body and had begun to look at,,340.12,344.48
20,2,mic_fileid_20_doa68_3spk_2.wav,4.0,4,mean_all_channels,344.0,348.0,68,3.9796619279999845,4.0,348.0,348.000248065,0.0002480649999938578,0.5,1,1.0000007128304598,0.9949154819999961,2,body and had begun to look at it when the brother looking up,2,it when the brother looking up at him from under his brows with,I leann was about to approach the dead body and had begun to look at,344.68,348.36
20,3,mic_fileid_20_doa68_3spk_3.wav,4.0,4,mean_all_channels,348.0,352.0,68,3.9789251710000144,4.0,352.0,352.00021659000004,0.0002165900000363763,0.5,1,1.0000006153125,0.9947312927500036,2,at him from under his brows with calm contempt. He said something,2,calm contempt. He said something sharply and angrily.,it when the brother looking up at him from under his brows with,348.7,352.14
20,4,mic_fileid_20_doa68_3spk_4.wav,4.0,4,mean_all_channels,352.0,356.0,68,3.980733418,4.0,356.0,356.00016882,0.00016881999999895925,0.5,1,1.0000004742134831,0.9951833545,2,sharply and angrily. Nothing.,1,Nothing.,calm contempt. He said something sharply and angrily.,352.2,352.42
21,1,mic_fileid_21_doa34_3spk_1.wav,4.0,4,mean_all_channels,356.0,360.0,34,3.977694430999975,4.0,360.0,360.000169022,0.00016902200002277823,0.5,1,1.0000004695055555,0.9944236077499937,1,We then went towards an enclosed after the,2,We then went towards an enclosed after the past of the Zikr-e-Heskoma and,,356.24,360.4
21,2,mic_fileid_21_doa34_3spk_2.wav,4.0,4,mean_all_channels,360.0,364.0,34,3.977856203999977,4.0,364.0,364.000143754,0.00014375400002109018,0.5,1,1.0000003949285714,0.9944640509999942,2,past of the Zikr-e-Heskoma and the summit went on early and,2,the summit went on early and late. Thick interacts,We then went towards an enclosed after the past of the Zikr-e-Heskoma and,360.86,364.0
21,3,mic_fileid_21_doa34_3spk_3.wav,4.0,4,mean_all_channels,364.0,368.0,34,3.9762734569999907,4.0,368.0,368.000246582,0.00024658199998839336,0.5,1,1.0000006700597825,0.9940683642499977,2,late. Thick interacts and thin ones. Every bridge is a,2,and thin ones. Every bridge is a line. Winter stockings and summer,the summit went on early and late. Thick interacts,364.58,368.42
21,4,mic_fileid_21_doa34_3spk_4.wav,4.0,4,mean_all_channels,368.0,372.0,34,3.980273249999982,4.0,372.0,372.000233009,0.00023300899999867397,0.5,1,1.0000006263682795,0.9950683124999955,2,line. Winter stockings and summer stockings.,2,stockings. He's fat as he's,and thin ones. Every bridge is a line. Winter stockings and summer,368.64,370.66
22,1,mic_fileid_22_doa22_3spk_1.wav,4.0,4,mean_all_channels,372.0,376.0,345,3.980204159999971,4.0,376.0,376.000202896,0.00020289600001888175,0.5,1,1.0000005396170213,0.9950510399999928,2,He's fat as he's got a lot of fat,2,got a lot of fat .,,373.4,374.981
22,2,mic_fileid_22_doa22_3spk_2.wav,4.0,4,mean_all_channels,376.0,380.0,345,3.9783749700000044,4.0,380.0,380.000307394,0.0003073940000035691,0.5,1,1.000000808931579,0.9945937425000011,2,. [,1,[,got a lot of fat .,376.82,376.82099999999997
22,3,mic_fileid_22_doa22_3spk_3.wav,4.0,4,mean_all_channels,380.0,384.0,345,3.981679751999991,4.0,384.0,384.000063737,6.373700000494864e-05,0.5,1,1.0000001659817708,0.9954199379999977,1,inaudible,2,inaudible There being no point,[,380.4,384.28
22,4,mic_fileid_22_doa22_3spk_4.wav,4.0,4,mean_all_channels,384.0,388.0,345,3.9802636649999954,4.0,388.0,388.000136374,0.000136374000021533,0.5,1,1.0000003514793816,0.9950659162499988,2,There being no point of equilibrium,2,of equilibrium .,inaudible There being no point,384.52,385.421
23,1,mic_fileid_23_doa6_3spk_1.wav,4.0,4,mean_all_channels,388.0,392.0,212,3.969104232999996,4.0,392.0,392.000101987,0.0001019869999936418,0.5,1,1.0000002601709184,0.992276058249999,2,. We're taking this crimes recurrently for our members,2,We're taking this crimes recurrently for our members walking home from town.,,388.38,391.88
23,2,mic_fileid_23_doa6_3spk_2.wav,4.0,4,mean_all_channels,392.0,396.0,212,3.9769066960000146,4.0,396.0,396.000179017,0.00017901699999356424,0.5,1,1.0000004520631314,0.9942266740000036,2,walking home from town. He was brought back to his father's house. He was so,2,He was brought back to his father's house. He was so tired and excited.,We're taking this crimes recurrently for our members walking home from town.,392.02,396.0
23,3,mic_fileid_23_doa6_3spk_3.wav,4.0,4,mean_all_channels,396.0,400.0,212,3.9786479930000382,4.0,400.0,400.000230825,0.00023082500001692097,0.5,1,1.0000005770625,0.9946619982500096,2,tired and excited. It was on her books happening too.,2,"It was on her books happening too. By chance, David's father knew",He was brought back to his father's house. He was so tired and excited.,396.28,400.34
23,4,mic_fileid_23_doa6_3spk_4.wav,4.0,4,mean_all_channels,400.0,404.0,212,3.978278098999965,4.0,404.0,404.000235581,0.0002355810000267411,0.5,1,1.0000005831212873,0.9945695247499913,2,"By chance, David's father knew that the man disappeared.",2,that the man disappeared. I had,"It was on her books happening too. By chance, David's father knew",400.8,404.44
24,1,mic_fileid_24_doa57_3spk_1.wav,4.0,4,mean_all_channels,404.0,408.0,289,3.9803508169999873,4.0,408.0,408.00021210200003,0.00021210200003451973,0.5,1,1.0000005198578432,0.9950877042499968,2,I had not forgotten the ribbon jacket,2,not forgotten the ribbon jacket for a little bit of size.,,404.58,407.94
24,2,mic_fileid_24_doa57_3spk_2.wav,4.0,4,mean_all_channels,408.0,412.0,289,3.978870649999976,4.0,412.0,412.00017326,0.00017325999999684427,0.5,1,1.0000004205339805,0.994717662499994,2,for a little bit of size. She quickly as a shock to the ladder. She,2,She quickly as a shock to the ladder. She was there before me. A dip.,not forgotten the ribbon jacket for a little bit of size.,408.5,412.32
24,3,mic_fileid_24_doa57_3spk_3.wav,4.0,4,mean_all_channels,412.0,416.0,289,3.979417173999991,4.0,416.0,416.000136826,0.00013682600001629908,0.5,1,1.0000003289086539,0.9948542934999978,2,"was there before me. A dip. Wave her in, swayed, shaped, swayed",2,"Wave her in, swayed, shaped, swayed , swayed, swayed, sway",She quickly as a shock to the ladder. She was there before me. A dip.,412.56,415.12
24,4,mic_fileid_24_doa57_3spk_4.wav,4.0,4,mean_all_channels,416.0,420.0,289,3.9787184009999805,4.0,420.0,420.000106307,0.00010630700001001969,0.5,1,1.0000002531119048,0.9946796002499951,1,", swayed, swayed, sway",1,"I don't know about that, but it's been much longer.","Wave her in, swayed, shaped, swayed , swayed, swayed, sway",417.24,420.36
25,1,mic_fileid_25_doa112_3spk_1.wav,4.0,4,mean_all_channels,420.0,424.0,112,3.9838552940000227,4.0,424.0,424.000108333,0.00010833300001422685,0.5,1,1.0000002555023586,0.9959638235000057,2,"I don't know about that, but it's been much longer. I don't know",2,I don't know if,,420.361,422.941
25,2,mic_fileid_25_doa112_3spk_2.wav,4.0,4,mean_all_channels,424.0,428.0,112,3.976333043000011,4.0,428.0,428.000137397,0.0001373970000031477,0.5,1,1.000000321021028,0.9940832607500028,2,if you want to be able to do it.,2,you want to be able to do it. I'm going to be able to do,I don't know if,423.56,428.42
25,3,mic_fileid_25_doa112_3spk_3.wav,4.0,4,mean_all_channels,428.0,432.0,112,3.979690066000046,4.0,432.0,432.000143257,0.00014325699999062635,0.5,1,1.0000003316134258,0.9949225165000115,2,I'm going to be able to do this.,2,this. I'm,you want to be able to do it. I'm going to be able to do,430.22,430.561
26,1,mic_fileid_26_doa34_3spk_1.wav,4.0,4,mean_all_channels,432.0,436.0,34,3.979504343999963,4.0,436.0,436.000127783,0.00012778299998217335,0.5,1,1.0000002930802752,0.9948760859999908,2,I'm going to go north,2,going to go north and south.,,432.84,436.14
26,2,mic_fileid_26_doa34_3spk_2.wav,4.0,4,mean_all_channels,436.0,440.0,34,3.978408803000036,4.0,440.0,440.000203973,0.000203972999997859,0.5,1,1.000000463575,0.994602200750009,2,and south. Oh sorry to know of her illness.,2,Oh sorry to know of her illness. Bringing presents with them.,going to go north and south.,436.14099999999996,439.88
26,3,mic_fileid_26_doa34_3spk_3.wav,4.0,4,mean_all_channels,440.0,444.0,34,3.9791530960000046,4.0,444.0,444.000179676,0.00017967600001611572,0.5,1,1.0000004046756756,0.9947882740000011,2,Bringing presents with them. Sometimes it was a little late.,2,Sometimes it was a little late. But it's good.,Oh sorry to know of her illness. Bringing presents with them.,439.92,443.08
26,4,mic_fileid_26_doa34_3spk_4.wav,4.0,4,mean_all_channels,444.0,448.0,34,3.979404764000037,4.0,448.0,448.000172975,0.00017297499999813226,0.5,1,1.0000003861049107,0.9948511910000093,1,But it's good.,1,It,Sometimes it was a little late. But it's good.,445.2,445.20099999999996
27,1,mic_fileid_27_doa31_3spk_1.wav,4.0,4,mean_all_channels,448.0,452.0,173,3.979306345999987,4.0,452.0,452.000127398,0.00012739800001781987,0.5,1,1.0000002818539824,0.9948265864999968,2,It seems that the public is by a pair of,2,seems that the public is by a pair of ex-lunches.,,448.54,450.98
27,2,mic_fileid_27_doa31_3spk_2.wav,4.0,4,mean_all_channels,452.0,456.0,173,3.9795305259999623,4.0,456.0,456.000133839,0.00013383900000007998,0.5,1,1.000000293506579,0.9948826314999906,2,ex-lunches. I shall find her someday,2,"I shall find her someday , that she will return to me.",seems that the public is by a pair of ex-lunches.,453.04,456.4
27,3,mic_fileid_27_doa31_3spk_3.wav,4.0,4,mean_all_channels,456.0,460.0,173,3.9798496089999844,4.0,460.0,460.000156372,0.00015637199999218865,0.5,1,1.0000003399391304,0.9949624022499961,2,", that she will return to me. I guess it was a mind",2,I guess it was a mind - still thinking of it. I was there drooled,"I shall find her someday , that she will return to me.",457.16,460.46
27,4,mic_fileid_27_doa31_3spk_4.wav,4.0,4,mean_all_channels,460.0,464.0,173,3.9793394140000373,4.0,464.0,464.000147524,0.0001475239999990663,0.5,1,1.0000003179396553,0.9948348535000093,2,- still thinking of it. I was there drooled up.,2,"up. Yes, always.",I guess it was a mind - still thinking of it. I was there drooled,460.56,463.54
27,5,mic_fileid_27_doa31_3spk_5.wav,4.0,4,mean_all_channels,464.0,468.0,173,3.9789326940000365,4.0,468.0,468.00017762699997,0.00017762699997092568,0.5,1,1.0000003795448718,0.9947331735000091,2,"Yes, always. (upbeat music",2,(upbeat music ),"up. Yes, always.",464.72,467.34099999999995
28,1,mic_fileid_28_doa124_3spk_1.wav,4.0,4,mean_all_channels,468.0,472.0,217,3.979890554999997,4.0,472.0,472.00024819,0.00024818999997933133,0.5,1,1.0000005258262712,0.9949726387499993,2,) As the students choose to quit the,2,"As the students choose to quit the job, they are not allowed",,468.6,471.74
28,2,mic_fileid_28_doa124_3spk_2.wav,4.0,4,mean_all_channels,472.0,476.0,217,3.9810552790000884,4.0,476.0,476.00018128,0.00018127999999251188,0.5,1,1.0000003808403362,0.9952638197500221,2,"job, they are not allowed to",2,"to see if there's a surprise coming. Oh, thank God I enjoyed the time right here.","As the students choose to quit the job, they are not allowed",474.32,476.44
28,3,mic_fileid_28_doa124_3spk_3.wav,4.0,4,mean_all_channels,476.0,480.0,217,3.9776868029999832,4.0,480.0,480.000131325,0.00013132499998391722,0.5,1,1.0000002735937499,0.9944217007499958,2,"see if there's a surprise coming. Oh, thank God I enjoyed the time right here. We turned off through and",3,We turned off through and way they found.,"to see if there's a surprise coming. Oh, thank God I enjoyed the time right here.",477.52,480.0
28,4,mic_fileid_28_doa124_3spk_4.wav,4.0,4,mean_all_channels,480.0,484.0,217,3.9804918710000265,4.0,484.0,484.000137742,0.00013774199999261327,0.5,1,1.000000284590909,0.9951229677500066,2,way they found.,1,My,We turned off through and way they found.,483.08,483.08099999999996
29,1,mic_fileid_29_doa111_3spk_1.wav,4.0,4,mean_all_channels,484.0,488.0,111,3.9811915139999883,4.0,488.0,488.000122661,0.00012266099997759738,0.5,1,1.000000251354508,0.9952978784999971,2,My father was and still is,2,father was and still is .,,484.6,486.721
29,2,mic_fileid_29_doa111_3spk_2.wav,4.0,4,mean_all_channels,488.0,492.0,111,3.9786997239999664,4.0,492.0,492.00014519399997,0.00014519399996970606,0.5,1,1.000000295109756,0.9946749309999916,2,. We have some great presentations.,2,We have some great presentations. Thank you,father was and still is .,487.84,492.26
29,3,mic_fileid_29_doa111_3spk_3.wav,4.0,4,mean_all_channels,492.0,496.0,111,3.9789507689999937,4.0,496.0,496.00012232200004,0.00012232200003836624,0.5,1,1.0000002466169355,0.9947376922499984,2,Thank you .,2,. [,We have some great presentations. Thank you,492.8,495.361
29,4,mic_fileid_29_doa111_3spk_4.wav,4.0,4,mean_all_channels,496.0,500.0,111,3.9795883029999004,4.0,500.0,500.000426081,0.0004260810000005222,0.5,1,1.000000852162,0.9948970757499751,1,[,1,Sounds of a bulldozer],. [,497.68,499.68
30,1,mic_fileid_30_doa12_3spk_1.wav,4.0,4,mean_all_channels,500.0,504.0,12,3.9782908250000446,4.0,504.0,504.000065524,6.552399997872271e-05,0.5,1,1.0000001300079364,0.9945727062500112,2,Sounds of a bulldozer] [Sounds,2,[Sounds of people talking at once],,500.36,503.14
30,2,mic_fileid_30_doa12_3spk_2.wav,4.0,4,mean_all_channels,504.0,508.0,12,3.980622521999976,4.0,508.0,508.00014291800005,0.0001429180000513952,0.5,1,1.0000002813346458,0.995155630499994,2,of people talking at once] [,2,[ inaudible],[Sounds of people talking at once],505.08,508.22
30,3,mic_fileid_30_doa12_3spk_3.wav,4.0,4,mean_all_channels,508.0,512.0,12,3.976239085999964,4.0,512.0,512.000092716,9.271600004012726e-05,0.5,1,1.0000001810859376,0.994059771499991,1,inaudible],1,were just coming in at the present day. The overgrabbans were,[ inaudible],509.12,512.3
30,4,mic_fileid_30_doa12_3spk_4.wav,4.0,4,mean_all_channels,512.0,516.0,12,3.9833425770000304,4.0,516.0,516.000188064,0.00018806399998538836,0.5,1,1.0000003644651163,0.9958356442500076,2,"were just coming in at the present day. The overgrabbans were fastened by broaches, pins, buttons",2,"fastened by broaches, pins, buttons .",were just coming in at the present day. The overgrabbans were,512.52,514.581
31,1,mic_fileid_31_doa53_3spk_1.wav,4.0,4,mean_all_channels,516.0,520.0,53,3.9793303040000865,4.0,520.0,520.000139607,0.0001396070000510008,0.5,1,1.000000268475,0.9948325760000216,1,.,1,with a kill-fire to call an ectchic apparatus,,517.04,519.94
31,2,mic_fileid_31_doa53_3spk_2.wav,4.0,4,mean_all_channels,520.0,524.0,53,3.980344769999988,4.0,524.0,524.0002978370001,0.00029783700006191793,0.5,1,1.0000005683912214,0.995086192499997,2,"with a kill-fire to call an ectchic apparatus , below by the lines of a torch",2,", below by the lines of a torch which was the direct point between the paving stones",with a kill-fire to call an ectchic apparatus,520.56,524.14
31,3,mic_fileid_31_doa53_3spk_3.wav,4.0,4,mean_all_channels,524.0,528.0,53,3.978304365999975,4.0,528.0,528.000114197,0.00011419700001624733,0.5,1,1.000000216282197,0.9945760914999937,2,which was the direct point between the paving stones . This head can be vaguely distinguished,2,. This head can be vaguely distinguished . Nothing could not,", below by the lines of a torch which was the direct point between the paving stones",524.76,528.44
31,4,mic_fileid_31_doa53_3spk_4.wav,4.0,4,mean_all_channels,528.0,532.0,53,3.9819473070000413,4.0,532.0,532.000239514,0.00023951399998622946,0.5,1,1.0000004502142856,0.9954868267500103,2,. Nothing could not be enough sovereign,2,"be enough sovereign , uncertain, bleak.",. This head can be vaguely distinguished . Nothing could not,528.78,531.88
31,5,mic_fileid_31_doa53_3spk_5.wav,4.0,4,mean_all_channels,532.0,536.0,53,3.9795976439999095,4.0,536.0,536.000127044,0.00012704400000984606,0.5,1,1.0000002370223882,0.9948994109999774,2,", uncertain, bleak. >> And Mozart.",1,>> And Mozart.,"be enough sovereign , uncertain, bleak.",531.881,533.06
32,1,mic_fileid_32_doa102_3spk_1.wav,4.0,4,mean_all_channels,536.0,540.0,102,3.981052568999985,4.0,540.0,540.000259463,0.0002594630000203324,0.5,1,1.000000480487037,0.9952631422499962,1,"You can't smash them, you're a trainer yourself",2,"You can't smash them, you're a trainer yourself . I know you all, play you all",,536.24,540.46
32,2,mic_fileid_32_doa102_3spk_2.wav,4.0,4,mean_all_channels,540.0,544.0,102,3.979634367000017,4.0,544.0,544.000098999,9.89989999879981e-05,0.5,1,1.0000001819834559,0.9949085917500042,2,". I know you all, play you all live. This is a break of",2,live. This is a break of wasted information.,"You can't smash them, you're a trainer yourself . I know you all, play you all",540.64,543.82
32,3,mic_fileid_32_doa102_3spk_3.wav,4.0,4,mean_all_channels,544.0,548.0,102,3.981176461000018,4.0,548.0,548.000109416,0.00010941599998659512,0.5,1,1.0000001996642336,0.9952941152500046,2,wasted information. I'm sorry.,2,I'm sorry. I'm,live. This is a break of wasted information.,544.6,545.56
32,4,mic_fileid_32_doa102_3spk_4.wav,4.0,4,mean_all_channels,548.0,552.0,102,3.97976294099999,4.0,552.0,552.000241268,0.00024126799996793125,0.5,1,1.00000043707971,0.9949407352499975,2,I'm not sure if it's the most important thing to do.,2,not sure if it's the most important thing to do. >> [INAUDIBLE],I'm sorry. I'm,547.26,551.8
32,5,mic_fileid_32_doa102_3spk_5.wav,4.0,4,mean_all_channels,552.0,556.0,102,3.9813809230000743,4.0,556.0,556.000093346,9.334599997146142e-05,0.5,1,1.000000167888489,0.9953452307500186,1,>> [INAUDIBLE],0,,not sure if it's the most important thing to do. >> [INAUDIBLE],,
33,1,mic_fileid_33_doa34_3spk_1.wav,4.0,4,mean_all_channels,556.0,560.0,345,3.9817530320000287,4.0,560.0,560.000122187,0.00012218699998811644,0.5,1,1.0000002181910714,0.9954382580000072,2,And she had a sweet last bite. I,3,And she had a sweet last bite. I would want to go for Lucas.,,556.46,559.68
33,2,mic_fileid_33_doa34_3spk_2.wav,4.0,4,mean_all_channels,560.0,564.0,345,3.9805944999999383,4.0,564.0,564.000281487,0.00028148700005203864,0.5,1,1.0000004990904257,0.9951486249999846,2,would want to go for Lucas. I understand that he is a very active on this.,2,"I understand that he is a very active on this. So I don't know who he is, but I'm",And she had a sweet last bite. I would want to go for Lucas.,560.16,564.18
33,3,mic_fileid_33_doa34_3spk_3.wav,4.0,4,mean_all_channels,564.0,568.0,345,3.9806267270000717,4.0,568.0,568.000227705,0.0002277050000429881,0.5,1,1.0000004008890846,0.9951566817500179,2,"So I don't know who he is, but I'm not sure who",2,not sure who 's happy there,"I understand that he is a very active on this. So I don't know who he is, but I'm",565.12,568.08
33,4,mic_fileid_33_doa34_3spk_4.wav,4.0,4,mean_all_channels,568.0,572.0,345,3.978346444000067,4.0,572.0,572.000111198,0.0001111980000132462,0.5,1,1.000000194402098,0.9945866110000168,2,'s happy there to,1,to,not sure who 's happy there,568.94,568.941
34,1,mic_fileid_34_doa125_3spk_1.wav,4.0,4,mean_all_channels,572.0,576.0,157,3.979230967000035,4.0,576.0,576.000146596,0.00014659600003597006,0.5,1,1.0000002545069444,0.9948077417500087,1,"Therefore, someone had fallen on an evil",2,"Therefore, someone had fallen on an evil day, for he could not bring himself",,572.58,576.36
34,2,mic_fileid_34_doa125_3spk_2.wav,4.0,4,mean_all_channels,576.0,580.0,157,3.978551476000007,4.0,580.0,580.00022668,0.00022667999996883736,0.5,1,1.000000390827586,0.9946378690000017,2,"day, for he could not bring himself to paint against his better judgment",2,to paint against his better judgment . He was now running a former photograph,"Therefore, someone had fallen on an evil day, for he could not bring himself",576.72,580.36
34,3,mic_fileid_34_doa125_3spk_3.wav,4.0,4,mean_all_channels,580.0,584.0,157,3.978677642999969,4.0,584.0,584.000193843,0.0001938430000336666,0.5,1,1.0000003319229454,0.9946694107499923,2,. He was now running a former photograph ic studio on the top of the house in,2,ic studio on the top of the house in government street. The accommodation,to paint against his better judgment . He was now running a former photograph,580.72,584.32
34,4,mic_fileid_34_doa125_3spk_4.wav,4.0,4,mean_all_channels,584.0,588.0,157,3.980102368999951,4.0,588.0,588.000187262,0.0001872620000540337,0.5,1,1.0000003184727893,0.9950255922499878,2,government street. The accommodation consisted of the studio itself,1,consisted of the studio itself,ic studio on the top of the house in government street. The accommodation,584.96,586.06
35,1,mic_fileid_35_doa24_3spk_1.wav,4.0,4,mean_all_channels,588.0,592.0,24,3.9780975919999264,4.0,592.0,592.000088422,8.842199997616262e-05,0.5,1,1.0000001493614865,0.9945243979999816,1,.,2,". The world is war, if not marked against the possibility of",,588.46,592.46
35,2,mic_fileid_35_doa24_3spk_2.wav,4.0,4,mean_all_channels,592.0,596.0,24,3.9791294530000414,4.0,596.0,596.000180623,0.000180623000005653,0.5,1,1.0000003030587248,0.9947823632500103,2,"The world is war, if not marked against the possibility of it.",2,"it. In the second place, there is weakness and herit in the",". The world is war, if not marked against the possibility of",592.66,596.46
35,3,mic_fileid_35_doa24_3spk_3.wav,4.0,4,mean_all_channels,596.0,600.0,24,3.97825964499998,4.0,600.0,600.0001603110001,0.00016031100005875487,0.5,1,1.0000002671850001,0.994564911249995,2,"In the second place, there is weakness and herit in the brown man, which will bring his adventure to",2,"brown man, which will bring his adventure to naught. From the west he","it. In the second place, there is weakness and herit in the",596.62,600.44
35,4,mic_fileid_35_doa24_3spk_4.wav,4.0,4,mean_all_channels,600.0,604.0,24,3.982628310000109,4.0,604.0,604.000171161,0.0001711610000256769,0.5,1,1.000000283379139,0.9956570775000273,2,naught. From the west he has borrowed all our material achievement,2,has borrowed all our material achievement and passed our ethical achievement by.,"brown man, which will bring his adventure to naught. From the west he",600.56,604.42
35,5,mic_fileid_35_doa24_3spk_5.wav,4.0,4,mean_all_channels,604.0,608.0,24,3.979545081000083,4.0,608.0,608.000112485,0.00011248500004512607,0.5,1,1.0000001850082239,0.9948862702500207,1,and passed our ethical achievement by.,0,,has borrowed all our material achievement and passed our ethical achievement by.,,
36,1,mic_fileid_36_doa24_3spk_1.wav,4.0,4,mean_all_channels,608.0,612.0,269,3.980578668000021,4.0,612.0,612.000203207,0.00020320700002685044,0.5,1,1.0000003320375817,0.9951446670000053,2,But will you imagine that she was too young to,4,But will you imagine that she was too young to stand in spirit. He's,,608.36,611.48
36,2,mic_fileid_36_doa24_3spk_2.wav,4.0,4,mean_all_channels,612.0,616.0,269,3.97950257399998,4.0,616.0,616.000178117,0.0001781170000185739,0.5,1,1.000000289150974,0.994875643499995,2,stand in spirit. He's,1,there when the heart rate,But will you imagine that she was too young to stand in spirit. He's,613.78,616.26
36,3,mic_fileid_36_doa24_3spk_3.wav,4.0,4,mean_all_channels,616.0,620.0,269,3.9798305130000244,4.0,620.0,620.000127449,0.00012744900004690862,0.5,1,1.0000002055629034,0.9949576282500061,2,there when the heart rate goes to the shocker.,2,goes to the shocker. The young prince is talking about the doors of,there when the heart rate,616.64,620.28
36,4,mic_fileid_36_doa24_3spk_4.wav,4.0,4,mean_all_channels,620.0,624.0,269,3.979946261000009,4.0,624.0,624.000122566,0.0001225659999590789,0.5,1,1.0000001964198717,0.9949865652500023,2,The young prince is talking about the doors of the house.,2,the house. I love her thoughts.,goes to the shocker. The young prince is talking about the doors of,620.82,622.42
37,1,mic_fileid_37_doa51_3spk_1.wav,4.0,4,mean_all_channels,624.0,628.0,104,3.9785872350000773,4.0,628.0,628.000229166,0.00022916600005373766,0.5,1,1.0000003649140128,0.9946468087500193,2,I love her thoughts. I love,2,I love this.,,625.36,626.322
37,2,mic_fileid_37_doa51_3spk_2.wav,4.0,4,mean_all_channels,628.0,632.0,104,3.977469143999997,4.0,632.0,632.000191587,0.0001915870000175346,0.5,1,1.0000003031439875,0.9943672859999992,2,this. It was not once working,2,It was not once working as the player was embodied,I love this.,628.52,632.1
37,3,mic_fileid_37_doa51_3spk_3.wav,4.0,4,mean_all_channels,632.0,636.0,104,3.980453832999956,4.0,636.0,636.000094934,9.493400000337715e-05,0.5,1,1.0000001492672956,0.995113458249989,2,"as the player was embodied in horse flesh, more",2,"in horse flesh, more horsepower than ever before.",It was not once working as the player was embodied,632.8,636.34
37,4,mic_fileid_37_doa51_3spk_4.wav,4.0,4,mean_all_channels,636.0,640.0,104,3.9791814750000185,4.0,640.0,640.000156798,0.00015679800003454147,0.5,1,1.000000244996875,0.9947953687500046,1,horsepower than ever before.,0,,"in horse flesh, more horsepower than ever before.",,
38,1,mic_fileid_38_doa1_3spk_1.wav,4.0,4,mean_all_channels,640.0,644.0,1,3.978560559000016,4.0,644.0,644.000173849,0.00017384900002070935,0.5,1,1.0000002699518633,0.994640139750004,2,[BLANK _AUDIO,3,[BLANK _AUDIO who had three. So I'm proud of those all.,,640.2,644.82
38,2,mic_fileid_38_doa1_3spk_2.wav,4.0,4,mean_all_channels,644.0,648.0,1,3.9808217579999337,4.0,648.0,648.000240106,0.00024010599997836835,0.5,1,1.0000003705339506,0.9952054394999834,1,who had three. So I'm proud of those all.,0,,[BLANK _AUDIO who had three. So I'm proud of those all.,,
38,3,mic_fileid_38_doa1_3spk_3.wav,4.0,4,mean_all_channels,648.0,652.0,1,3.9781775900000866,4.0,652.0,652.000117529,0.000117529000021932,0.5,1,1.0000001802592025,0.9945443975000217,1,"But the third, bold little button, one stupid",2,"But the third, bold little button, one stupid button.",,647.26,651.74
38,4,mic_fileid_38_doa1_3spk_4.wav,4.0,4,mean_all_channels,652.0,656.0,1,3.9779724189999115,4.0,656.0,656.000199779,0.00019977900001322269,0.5,1,1.0000003045411585,0.9944931047499779,2,button. He took note of his brother's school.,2,He took note of his brother's school. He's beating us.,"But the third, bold little button, one stupid button.",652.02,655.54
38,5,mic_fileid_38_doa1_3spk_5.wav,4.0,4,mean_all_channels,656.0,660.0,1,3.979211642999985,4.0,660.0,660.000183548,0.00018354799999542593,0.5,1,1.0000002781030304,0.9948029107499963,2,He's beating us. He's beating us for social life.,2,He's beating us for social life. He,He took note of his brother's school. He's beating us.,655.5409999999999,659.121
39,1,mic_fileid_39_doa156_3spk_1.wav,4.0,4,mean_all_channels,660.0,664.0,250,3.9787386949999473,4.0,664.0,664.000121745,0.00012174500000128319,0.5,1,1.0000001833509036,0.9946846737499868,2,He made his way down to the floor and,2,made his way down to the floor and under the palace walls and stepped into the,,660.64,664.32
39,2,mic_fileid_39_doa156_3spk_2.wav,4.0,4,mean_all_channels,664.0,668.0,250,3.979739540999958,4.0,668.0,668.000162856,0.00016285599997445388,0.5,1,1.000000243796407,0.9949348852499895,2,under the palace walls and stepped into the flood of water inch by,2,flood of water inch by inch and foot by foot,made his way down to the floor and under the palace walls and stepped into the,664.58,668.2
39,3,mic_fileid_39_doa156_3spk_3.wav,4.0,4,mean_all_channels,668.0,672.0,250,3.983119747000046,4.0,672.0,672.000161958,0.00016195800003515615,0.5,1,1.0000002410089286,0.9957799367500115,2,inch and foot by foot he fought his way across. Now nearly,2,he fought his way across. Now nearly swept off his feet by some sudden,flood of water inch by inch and foot by foot,668.58,672.16
39,4,mic_fileid_39_doa156_3spk_4.wav,4.0,4,mean_all_channels,672.0,676.0,250,3.9784898179999573,4.0,676.0,676.000244805,0.0002448049999657087,0.5,1,1.000000362137574,0.9946224544999893,2,swept off his feet by some sudden swirl or any now narrow,2,swirl or any now narrow ly escaping.,he fought his way across. Now nearly swept off his feet by some sudden,672.58,675.44
39,5,mic_fileid_39_doa156_3spk_5.wav,4.0,4,mean_all_channels,676.0,680.0,250,3.978312382000013,4.0,680.0,680.000071023,7.102300003225537e-05,0.5,1,1.0000001044455882,0.9945780955000032,2,ly escaping. (laughs),1,(laughs),swirl or any now narrow ly escaping.,675.9,677.14
40,1,mic_fileid_40_doa14_3spk_1.wav,4.0,4,mean_all_channels,680.0,684.0,14,3.9814026759999024,4.0,684.0,684.000178608,0.0001786080000556467,0.5,1,1.0000002611228072,0.9953506689999756,2,( The wind advanced talking in their,3,( The wind advanced talking in their fashion and in high spirits,,680.48,684.28
40,2,mic_fileid_40_doa14_3spk_2.wav,4.0,4,mean_all_channels,684.0,688.0,14,3.9802396559999806,4.0,688.0,688.000246002,0.00024600200003987993,0.5,1,1.0000003575610465,0.9950599139999952,2,fashion and in high spirits and congratulating,2,and congratulating ourselves on the shut-up,( The wind advanced talking in their fashion and in high spirits,685.28,688.4
40,3,mic_fileid_40_doa14_3spk_3.wav,4.0,4,mean_all_channels,688.0,692.0,14,3.977005699000074,4.0,692.0,692.000125849,0.00012584900002821087,0.5,1,1.0000001818627169,0.9942514247500185,2,ourselves on the shut-up of the transporter and on,2,of the transporter and on breathing a fine mountain air again.,and congratulating ourselves on the shut-up,688.7,692.46
40,4,mic_fileid_40_doa14_3spk_4.wav,4.0,4,mean_all_channels,692.0,696.0,14,3.9827024189999065,4.0,696.0,696.000135673,0.0001356730000452444,0.5,1,1.0000001949324713,0.9956756047499766,2,breathing a fine mountain air again. My Lord.,2,My Lord. My Lord,of the transporter and on breathing a fine mountain air again.,692.461,695.88
41,1,mic_fileid_41_doa86_3spk_1.wav,4.0,4,mean_all_channels,696.0,700.0,116,3.9760113039999396,4.0,700.0,700.000165915,0.000165915000025052,0.5,1,1.0000002370214287,0.9940028259999849,1,My Lord,1,[inaudible],,697.04,700.26
41,2,mic_fileid_41_doa86_3spk_2.wav,4.0,4,mean_all_channels,700.0,704.0,116,3.9817131600000266,4.0,704.0,704.000283621,0.0002836209999941275,0.5,1,1.0000004028707385,0.9954282900000067,1,[inaudible],1,[inaudible],[inaudible],701.0,703.2
41,3,mic_fileid_41_doa86_3spk_3.wav,4.0,4,mean_all_channels,704.0,708.0,116,3.97504260900007,4.0,708.0,708.0002284560001,0.00022845600005894084,0.5,1,1.0000003226779661,0.9937606522500175,2,[inaudible] [inaudible],2,[inaudible] [inaudible],[inaudible],706.06,707.9
41,4,mic_fileid_41_doa86_3spk_4.wav,4.0,4,mean_all_channels,708.0,712.0,116,3.977280364999956,4.0,712.0,712.000151746,0.0001517460000286519,0.5,1,1.0000002131264045,0.994320091249989,1,[inaudible],0,,[inaudible] [inaudible],,
42,1,mic_fileid_42_doa76_3spk_1.wav,4.0,4,mean_all_channels,712.0,716.0,76,3.977828828999918,4.0,716.0,716.000099048,9.904800003823766e-05,0.5,1,1.0000001383351955,0.9944572072499795,1,How can person who works as,2,"How can person who works as a writer, it's how",,712.56,716.34
42,2,mic_fileid_42_doa76_3spk_2.wav,4.0,4,mean_all_channels,716.0,720.0,76,3.975976328999991,4.0,720.0,720.000153282,0.00015328200004205428,0.5,1,1.0000002128916667,0.9939940822499977,2,"a writer, it's how she did the shoulder.",2,she did the shoulder. Had it for legs.,"How can person who works as a writer, it's how",716.54,720.32
42,3,mic_fileid_42_doa76_3spk_3.wav,4.0,4,mean_all_channels,720.0,724.0,76,3.9792655460000788,4.0,724.0,724.000166764,0.000166764000027797,0.5,1,1.0000002303370166,0.9948163865000197,2,Had it for legs. On either side of the board,2,"On either side of the board , Blacktail, and Larg",she did the shoulder. Had it for legs.,720.46,724.38
42,4,mic_fileid_42_doa76_3spk_4.wav,4.0,4,mean_all_channels,724.0,728.0,76,3.9774306450000267,4.0,728.0,728.000200992,0.00020099200003187434,0.5,1,1.000000276087912,0.9943576612500067,2,", Blacktail, and Larg had the chance to screw you back.",2,had the chance to screw you back. And which it held.,"On either side of the board , Blacktail, and Larg",724.54,727.66
42,5,mic_fileid_42_doa76_3spk_5.wav,4.0,4,mean_all_channels,728.0,732.0,76,3.978273057000024,4.0,732.0,732.0000968960001,9.689600005913235e-05,0.5,1,1.0000001323715848,0.994568264250006,1,And which it held.,0,,had the chance to screw you back. And which it held.,,
43,1,mic_fileid_43_doa44_3spk_1.wav,4.0,4,mean_all_channels,732.0,736.0,273,3.9781800169999997,4.0,736.0,736.000091769,9.176900005058997e-05,0.5,1,1.0000001246861414,0.9945450042499999,2,of death of death,3,of death of death of death of death,,732.34,734.38
43,2,mic_fileid_43_doa44_3spk_2.wav,4.0,4,mean_all_channels,736.0,740.0,273,3.9782925590000104,4.0,740.0,740.0001232870001,0.00012328700006492,0.5,1,1.000000166604054,0.9945731397500026,1,of death of death,1,"to save you from unhappiness. Don't do everything, please",of death of death of death of death,737.12,740.36
43,3,mic_fileid_43_doa44_3spk_3.wav,4.0,4,mean_all_channels,740.0,744.0,273,3.977137764999952,4.0,744.0,744.00013166,0.00013165999996544997,0.5,1,1.0000001769623657,0.994284441249988,2,"to save you from unhappiness. Don't do everything, please . No, no, no",2,". No, no, no , she won't be able to catch her voice","to save you from unhappiness. Don't do everything, please",740.66,744.16
43,4,mic_fileid_43_doa44_3spk_4.wav,4.0,4,mean_all_channels,744.0,748.0,273,3.9798047639999368,4.0,748.0,748.000097814,9.781400001429574e-05,0.5,1,1.0000001307673796,0.9949511909999842,2,", she won't be able to catch her voice . Please don't ask me.",2,. Please don't ask me. Me. I,". No, no, no , she won't be able to catch her voice",744.72,748.34
44,1,mic_fileid_44_doa184_3spk_1.wav,4.0,4,mean_all_channels,748.0,752.0,215,3.9788573429999587,4.0,752.0,752.0001569030001,0.00015690300006099278,0.5,1,1.0000002086476065,0.9947143357499897,2,Me. I too have my own story. I,2,too have my own story. I do participate. I do,,748.7,752.36
44,2,mic_fileid_44_doa184_3spk_2.wav,4.0,4,mean_all_channels,752.0,756.0,215,3.9849156720000565,4.0,756.0,756.000082313,8.231300000716146e-05,0.5,1,1.0000001088796295,0.9962289180000141,2,do participate. I do .,2,. I too have had the only answer,too have my own story. I do participate. I do,752.78,756.3
44,3,mic_fileid_44_doa184_3spk_3.wav,4.0,4,mean_all_channels,756.0,760.0,215,3.981014565999999,4.0,760.0,760.0002342290001,0.00023422900005698466,0.5,1,1.0000003081960527,0.9952536414999997,2,I too have had the only answer of love as a child.,2,of love as a child. Six thousand years old.,. I too have had the only answer,756.62,760.06
44,4,mic_fileid_44_doa184_3spk_4.wav,4.0,4,mean_all_channels,760.0,764.0,215,3.9789101720000417,4.0,764.0,764.000101258,0.00010125799997240392,0.5,1,1.0000001325366492,0.9947275430000104,2,Six thousand years old. Love has the right to a long white beard,2,Love has the right to a long white beard .,of love as a child. Six thousand years old.,760.62,762.581
44,5,mic_fileid_44_doa184_3spk_5.wav,4.0,4,mean_all_channels,764.0,768.0,215,3.9804348530000198,4.0,768.0,768.000126883,0.000126883000007183,0.5,1,1.0000001652122397,0.9951087132500049,2,. [BLANK,1,[BLANK,Love has the right to a long white beard .,764.1,764.101
45,1,mic_fileid_45_doa62_3spk_1.wav,4.0,4,mean_all_channels,768.0,772.0,278,3.978292390999968,4.0,772.0,772.000197484,0.00019748399995478394,0.5,1,1.00000025580829,0.994573097749992,1,One leg workout to frighten.,2,One leg workout to frighten. When learning to lift the hands up and fall,,768.64,772.34
45,2,mic_fileid_45_doa62_3spk_2.wav,4.0,4,mean_all_channels,772.0,776.0,278,3.9786297630000718,4.0,776.0,776.000090526,9.052600000813982e-05,0.5,1,1.0000001166572166,0.9946574407500179,2,"When learning to lift the hands up and fall , this is a great",2,", this is a great flaw. He clutched it.",One leg workout to frighten. When learning to lift the hands up and fall,772.86,776.48
45,3,mic_fileid_45_doa62_3spk_3.wav,4.0,4,mean_all_channels,776.0,780.0,278,3.9769927629999984,4.0,780.0,780.000153834,0.00015383400000246183,0.5,1,1.000000197223077,0.9942481907499996,2,flaw. He clutched it. He never,2,He never plays.,", this is a great flaw. He clutched it.",776.92,778.74
45,4,mic_fileid_45_doa62_3spk_4.wav,4.0,4,mean_all_channels,780.0,784.0,278,3.9739225580000266,4.0,784.0,784.000189829,0.00018982899996444758,0.5,1,1.0000002421288265,0.9934806395000066,2,plays. It,2,It 's not a way of screaming.,He never plays.,781.94,782.76
46,1,mic_fileid_46_doa151_3spk_1.wav,4.0,4,mean_all_channels,784.0,788.0,189,3.983103417000052,4.0,788.0,788.000161073,0.0001610729999583782,0.5,1,1.0000002044073604,0.995775854250013,2,'s not a way of screaming. I'm not a,2,I'm not a good person.,,784.04,786.74
46,2,mic_fileid_46_doa151_3spk_2.wav,4.0,4,mean_all_channels,788.0,792.0,189,3.9778933589999497,4.0,792.0,792.000250791,0.00025079099998492893,0.5,1,1.000000316655303,0.9944733397499874,2,good person. Right,2,Right here by the old assassin doorbell.,I'm not a good person.,790.46,792.32
46,3,mic_fileid_46_doa151_3spk_3.wav,4.0,4,mean_all_channels,792.0,796.0,189,3.971477825999955,4.0,796.0,796.000138107,0.0001381069999979445,0.5,1,1.0000001735012563,0.9928694564999887,1,here by the old assassin doorbell.,1,That's your first late-night-dating-,Right here by the old assassin doorbell.,793.46,796.48
46,4,mic_fileid_46_doa151_3spk_4.wav,4.0,4,mean_all_channels,796.0,800.0,189,3.9812681460000476,4.0,800.0,800.000124598,0.00012459799995667709,0.5,1,1.0000001557475,0.9953170365000119,2,That's your first late-night-dating- safe-reason? It is the same thing,2,safe-reason? It is the same thing .,That's your first late-night-dating-,796.481,798.6809999999999
47,1,mic_fileid_47_doa63_3spk_1.wav,4.0,4,mean_all_channels,800.0,804.0,104,3.9795345960000077,4.0,804.0,804.00024717,0.00024716999996599043,0.5,1,1.0000003074253732,0.9948836490000019,2,. First under different animal shapes,2,"First under different animal shapes . Since that time, probably, it's inhabited part of",,800.66,804.44
47,2,mic_fileid_47_doa63_3spk_2.wav,4.0,4,mean_all_channels,804.0,808.0,104,3.9795522979999305,4.0,808.0,808.000220149,0.0002201490000288686,0.5,1,1.0000002724616337,0.9948880744999826,2,". Since that time, probably, it's inhabited part of the museum, our cells, we continue to transform",2,"the museum, our cells, we continue to transform ourselves. And it was in this way","First under different animal shapes . Since that time, probably, it's inhabited part of",804.56,808.46
47,3,mic_fileid_47_doa63_3spk_3.wav,4.0,4,mean_all_channels,808.0,812.0,104,3.977578026999936,4.0,812.0,812.000158551,0.00015855100002681866,0.5,1,1.0000001952598523,0.994394506749984,2,ourselves. And it was in this way that I got to know you. How it,2,that I got to know you. How it 's claimed Jacob Fildwell is stonement,"the museum, our cells, we continue to transform ourselves. And it was in this way",808.66,812.32
47,4,mic_fileid_47_doa63_3spk_4.wav,4.0,4,mean_all_channels,812.0,816.0,104,3.9782646119999754,4.0,816.0,816.000109848,0.00010984799996549555,0.5,1,1.000000134617647,0.9945661529999938,2,'s claimed Jacob Fildwell is stonement . Next the ballast tanks.,1,. Next the ballast tanks.,that I got to know you. How it 's claimed Jacob Fildwell is stonement,812.64,814.24
48,1,mic_fileid_48_doa191_3spk_1.wav,4.0,4,mean_all_channels,816.0,820.0,227,3.981897340000046,4.0,820.0,820.0001098280001,0.00010982800006331672,0.5,1,1.0000001339365854,0.9954743350000115,2,Apply to your left hand and work out,3,Apply to your left hand and work out your left hand,,816.28,819.06
48,2,mic_fileid_48_doa191_3spk_2.wav,4.0,4,mean_all_channels,820.0,824.0,227,3.97533750599996,4.0,824.0,824.000154612,0.00015461199996025243,0.5,1,1.0000001876359224,0.99383437649999,2,your left hand .,2,. [BLANK,Apply to your left hand and work out your left hand,820.66,824.4
48,3,mic_fileid_48_doa191_3spk_3.wav,4.0,4,mean_all_channels,824.0,828.0,227,3.9763537559999804,4.0,828.0,828.000108277,0.00010827699998117168,0.5,1,1.0000001307693236,0.9940884389999951,1,[BLANK,0,,. [BLANK,,
48,4,mic_fileid_48_doa191_3spk_4.wav,4.0,4,mean_all_channels,828.0,832.0,227,3.9809002120000514,4.0,832.0,832.000259194,0.00025919400002294424,0.5,1,1.0000003115312501,0.9952250530000128,2,_AUDIO] Much oftener than she moved her needle,3,_AUDIO] Much oftener than she moved her needle .,,828.28,830.761
48,5,mic_fileid_48_doa191_3spk_5.wav,4.0,4,mean_all_channels,832.0,836.0,227,3.9763916440000457,4.0,836.0,836.000113278,0.0001132779999579725,0.5,1,1.0000001354999999,0.9940979110000114,1,.,0,,_AUDIO] Much oftener than she moved her needle .,,
49,1,mic_fileid_49_doa63_3spk_1.wav,4.0,4,mean_all_channels,836.0,840.0,63,3.9773919760000354,4.0,840.0,840.00009178,9.17800000479474e-05,0.5,1,1.0000001092619049,0.9943479940000088,2,They are the ones social wants that must be satisfied,2,They are the ones social wants that must be satisfied,,836.26,838.38
49,2,mic_fileid_49_doa63_3spk_2.wav,4.0,4,mean_all_channels,840.0,844.0,63,3.976196712999922,4.0,844.0,844.0000632160001,6.321600005776418e-05,0.5,1,1.000000074900474,0.9940491782499805,2,. Perhaps people do not know which let what was later,3,. Perhaps people do not know which let what was later does not express the,They are the ones social wants that must be satisfied,839.78,843.56
49,3,mic_fileid_49_doa63_3spk_3.wav,4.0,4,mean_all_channels,844.0,848.0,63,3.9833599439999716,4.0,848.0,848.000094704,9.470400004829571e-05,0.5,1,1.0000001116792454,0.9958399859999929,2,does not express the world.,2,"world. But in fact,",. Perhaps people do not know which let what was later does not express the,844.46,848.26
49,4,mic_fileid_49_doa63_3spk_4.wav,4.0,4,mean_all_channels,848.0,852.0,63,3.980237181999996,4.0,852.0,852.000156572,0.00015657200003715843,0.5,1,1.000000183769953,0.995059295499999,2,"But in fact, the law went to carry off",1,the law went to carry off,"world. But in fact,",848.4,850.22
50,1,mic_fileid_50_doa7_3spk_1.wav,4.0,4,mean_all_channels,852.0,856.0,58,3.979995451000036,4.0,856.0,856.000106384,0.0001063839999915217,0.5,1,1.0000001242803738,0.994998862750009,2,. Would be the most advanced at civilization,3,". Would be the most advanced at civilization , but such was not the",,852.3,856.42
50,2,mic_fileid_50_doa7_3spk_2.wav,4.0,4,mean_all_channels,856.0,860.0,58,3.9794897069999706,4.0,860.0,860.0000849,8.490000004712783e-05,0.5,1,1.0000000987209303,0.9948724267499927,2,", but such was not the case.",2,case. Many of them were like the most degraded,". Would be the most advanced at civilization , but such was not the",856.62,860.28
50,3,mic_fileid_50_doa7_3spk_3.wav,4.0,4,mean_all_channels,860.0,864.0,58,3.9790855249999595,4.0,864.0,864.0001798,0.00017979999995532125,0.5,1,1.0000002081018518,0.9947713812499899,2,Many of them were like the most degraded of my kind. They seem,2,of my kind. They seem to know to adapt themselves to the white,case. Many of them were like the most degraded,860.52,864.38
50,4,mic_fileid_50_doa7_3spk_4.wav,4.0,4,mean_all_channels,864.0,868.0,58,3.979504737999946,4.0,868.0,868.000157019,0.00015701899997111468,0.5,1,1.0000001808974655,0.9948761844999865,2,to know to adapt themselves to the white man's and his wife's,2,man's and his wife's .,of my kind. They seem to know to adapt themselves to the white,864.62,866.221
51,1,mic_fileid_51_doa46_3spk_1.wav,4.0,4,mean_all_channels,868.0,872.0,46,3.9828398739999784,4.0,872.0,872.000077751,7.77510000489201e-05,0.5,1,1.0000000891639909,0.9957099684999946,1,.,1,I didn't mean to,,869.34,872.42
51,2,mic_fileid_51_doa46_3spk_2.wav,4.0,4,mean_all_channels,872.0,876.0,46,3.98302218799995,4.0,876.0,876.000108166,0.00010816600001817278,0.5,1,1.000000123477169,0.9957555469999875,2,I didn't mean to mind mine to adopt the same system,2,mind mine to adopt the same system in sludging the barrier,I didn't mean to,872.58,875.44
51,3,mic_fileid_51_doa46_3spk_3.wav,4.0,4,mean_all_channels,876.0,880.0,46,3.983886505999976,4.0,880.0,880.000329354,0.0003293539999731365,0.5,1,1.0000003742659092,0.995971626499994,2,in sludging the barrier . Another great advantage it had,2,. Another great advantage it had was that the dogs would pass simply,mind mine to adopt the same system in sludging the barrier,875.76,880.32
51,4,mic_fileid_51_doa46_3spk_4.wav,4.0,4,mean_all_channels,880.0,884.0,46,3.9721647310000208,4.0,884.0,884.000276306,0.0002763060000461337,0.5,1,1.0000003125633485,0.9930411827500052,2,was that the dogs would pass simply across Fisher's water room.,1,across Fisher's water room.,. Another great advantage it had was that the dogs would pass simply,880.7,882.26
52,1,mic_fileid_52_doa46_3spk_1.wav,4.0,4,mean_all_channels,884.0,888.0,310,3.978294756999958,4.0,888.0,888.000260713,0.00026071299998875475,0.5,1,1.0000002935957206,0.9945736892499895,2,It takes his name from that illust,3,It takes his name from that illust rious woman by whose virtue and,,884.18,888.42
52,2,mic_fileid_52_doa46_3spk_2.wav,4.0,4,mean_all_channels,888.0,892.0,310,3.9777234030000272,4.0,892.0,892.000078641,7.86409999591342e-05,0.5,1,1.000000088162556,0.9944308507500068,2,rious woman by whose virtue and fortune do an arm with,2,fortune do an arm with prayer the children of this general observe,It takes his name from that illust rious woman by whose virtue and,888.72,892.36
52,3,mic_fileid_52_doa46_3spk_3.wav,4.0,4,mean_all_channels,892.0,896.0,310,3.9792493989999684,4.0,896.0,896.000198025,0.0001980250000315209,0.5,1,1.0000002210100447,0.9948123497499921,2,prayer the children of this general observe from the destruction threat,2,from the destruction threat and by the law,fortune do an arm with prayer the children of this general observe,893.34,895.56
52,4,mic_fileid_52_doa46_3spk_4.wav,4.0,4,mean_all_channels,896.0,900.0,310,3.977501378999932,4.0,900.0,900.000162863,0.0001628630000141129,0.5,1,1.000000180958889,0.994375344749983,2,and by the law firm is great.,1,firm is great.,from the destruction threat and by the law,895.76,896.98
53,1,mic_fileid_53_doa65_3spk_1.wav,4.0,4,mean_all_channels,900.0,904.0,106,3.981888098000013,4.0,904.0,904.000085585,8.558499996524915e-05,0.5,1,1.0000000946736725,0.9954720245000033,2,"We 're all good, I didn't think that these people",3,"We 're all good, I didn't think that these people , 25 skin",,900.32,904.28
53,2,mic_fileid_53_doa65_3spk_2.wav,4.0,4,mean_all_channels,904.0,908.0,106,3.9790710439999657,4.0,908.0,908.000086729,8.672900003148243e-05,0.5,1,1.0000000955165198,0.9947677609999914,2,", 25 skin ning shants today, join the st",2,"ning shants today, join the st agings for to be my fellow workers","We 're all good, I didn't think that these people , 25 skin",904.54,908.46
53,3,mic_fileid_53_doa65_3spk_3.wav,4.0,4,mean_all_channels,908.0,912.0,106,3.979921259999969,4.0,912.0,912.000098521,9.852100004081876e-05,0.5,1,1.0000001080274123,0.9949803149999923,2,agings for to be my fellow workers and true friends,2,"and true friends , not only for the coming months in that parking","ning shants today, join the st agings for to be my fellow workers",908.92,912.36
53,4,mic_fileid_53_doa65_3spk_4.wav,4.0,4,mean_all_channels,912.0,916.0,106,3.9800909580000052,4.0,916.0,916.0001185790001,0.0001185790000590714,0.5,1,1.000000129453057,0.9950227395000013,2,", not only for the coming months in that parking area until we're through the going.",2,area until we're through the going. >> [INAUDIBLE],"and true friends , not only for the coming months in that parking",912.96,916.1
53,5,mic_fileid_53_doa65_3spk_5.wav,4.0,4,mean_all_channels,916.0,920.0,106,3.9792919559999973,4.0,920.0,920.000085302,8.530200000222976e-05,0.5,1,1.0000000927195651,0.9948229889999993,1,>> [INAUDIBLE],0,,area until we're through the going. >> [INAUDIBLE],,
54,1,mic_fileid_54_doa45_3spk_1.wav,4.0,4,mean_all_channels,920.0,924.0,327,3.9813144729999976,4.0,924.0,924.000208252,0.00020825199999308097,0.5,1,1.0000002253809523,0.9953286182499994,2,"Well, the total is from the most interesting",3,"Well, the total is from the most interesting affair in the show.",,920.28,923.92
54,2,mic_fileid_54_doa45_3spk_2.wav,4.0,4,mean_all_channels,924.0,928.0,327,3.979498479999961,4.0,928.0,928.000108462,0.0001084619999573988,0.5,1,1.000000116877155,0.9948746199999903,2,affair in the show. I'm,2,I'm not going to say that I'm going to say that I'm going to say that I'm going to say that I'm going to say that I'm going to say that I'm going to,"Well, the total is from the most interesting affair in the show.",924.62,928.44
54,3,mic_fileid_54_doa45_3spk_3.wav,4.0,4,mean_all_channels,928.0,932.0,327,3.977941546000011,4.0,932.0,932.000095534,9.553400002459966e-05,0.5,1,1.000000102504292,0.9944853865000027,2,not going to say that I'm going to say that I'm going to say that I'm going to say that I'm going to say that I'm going to say that I'm going to say that,1,say that,I'm not going to say that I'm going to say that I'm going to say that I'm going to say that I'm going to say that I'm going to say that I'm going to,929.36,929.66
54,4,mic_fileid_54_doa45_3spk_4.wav,4.0,4,mean_all_channels,932.0,936.0,327,3.979622868999968,4.0,936.0,936.000206527,0.00020652700004575308,0.5,1,1.0000002206485044,0.994905717249992,2,. I never thought I was to believe.,2,. I never thought I was to believe.,say that,932.12,934.3
55,1,mic_fileid_55_doa55_3spk_1.wav,4.0,4,mean_all_channels,936.0,940.0,144,3.977980896999952,4.0,940.0,940.000107713,0.0001077130000339821,0.5,1,1.000000114588298,0.994495224249988,2,I'm not sure what to do with the spirit of,3,I'm not sure what to do with the spirit of the deep has taken form with love,,936.24,940.38
55,2,mic_fileid_55_doa55_3spk_2.wav,4.0,4,mean_all_channels,940.0,944.0,144,3.9805766090000816,4.0,944.0,944.0002037410001,0.00020374100006392837,0.5,1,1.0000002158273307,0.9951441522500204,2,the deep has taken form with love and care and has been moving us out of the,2,and care and has been moving us out of the far of its convenience.,I'm not sure what to do with the spirit of the deep has taken form with love,940.62,943.96
55,3,mic_fileid_55_doa55_3spk_3.wav,4.0,4,mean_all_channels,944.0,948.0,144,3.9785952380000253,4.0,948.0,948.000183083,0.0001830830000244532,0.5,1,1.0000001931255273,0.9946488095000063,2,far of its convenience. So you don't feel like,2,So you don't feel like yourself is more for electrical state,and care and has been moving us out of the far of its convenience.,944.52,947.94
55,4,mic_fileid_55_doa55_3spk_4.wav,4.0,4,mean_all_channels,948.0,952.0,144,3.9787339139999176,4.0,952.0,952.000193338,0.00019333800003096258,0.5,1,1.0000002030861346,0.9946834784999794,2,yourself is more for electrical state .,1,.,So you don't feel like yourself is more for electrical state,948.5,948.501
56,1,mic_fileid_56_doa11_3spk_1.wav,4.0,4,mean_all_channels,952.0,956.0,64,3.978192454000009,4.0,956.0,956.000101866,0.00010186600002271007,0.5,1,1.0000001065543933,0.9945481135000023,1,Are you a sinner? That's my Bible,2,Are you a sinner? That's my Bible . My great comfort in that,,952.4,956.36
56,2,mic_fileid_56_doa11_3spk_2.wav,4.0,4,mean_all_channels,956.0,960.0,64,3.9793914910000012,4.0,960.0,960.000141354,0.00014135399999304354,0.5,1,1.00000014724375,0.9948478727500003,2,. My great comfort in that time.,2,time. That's right,Are you a sinner? That's my Bible . My great comfort in that,956.58,957.861
56,3,mic_fileid_56_doa11_3spk_3.wav,4.0,4,mean_all_channels,960.0,964.0,64,3.975908041000025,4.0,964.0,964.000219767,0.0002197669999759455,0.5,1,1.0000002279740663,0.9939770102500063,2,"That's right , he's",2,", he's just standing there.",time. That's right,960.62,963.42
56,4,mic_fileid_56_doa11_3spk_4.wav,4.0,4,mean_all_channels,964.0,968.0,64,3.975603652000018,4.0,968.0,968.000088079,8.807899996554625e-05,0.5,1,1.0000000909907025,0.9939009130000045,2,"just standing there. So I had a time at Reach Friends, hollowed out, it was a quiet",2,"So I had a time at Reach Friends, hollowed out, it was a quiet one.",", he's just standing there.",963.54,968.38
57,1,mic_fileid_57_doa15_3spk_1.wav,4.0,4,mean_all_channels,968.0,972.0,173,3.9829041799998777,4.0,972.0,972.00018033,0.0001803300000347008,0.5,1,1.0000001855246914,0.9957260449999694,2,"one. Well, on the other hand, I did",2,"Well, on the other hand, I did afterwards discover he's",,968.56,972.24
57,2,mic_fileid_57_doa15_3spk_2.wav,4.0,4,mean_all_channels,972.0,976.0,173,3.97494010399987,4.0,976.0,976.0001244430001,0.0001244430001179353,0.5,1,1.0000001275030739,0.9937350259999675,2,afterwards discover he's as soon as I suppose God to have,2,as soon as I suppose God to have created the world and,"Well, on the other hand, I did afterwards discover he's",972.4,975.84
57,3,mic_fileid_57_doa15_3spk_3.wav,4.0,4,mean_all_channels,976.0,980.0,173,3.983098461000054,4.0,980.0,980.000069673,6.967299998450471e-05,0.5,1,1.000000071094898,0.9957746152500135,2,created the world and to have annexed it to this party,2,to have annexed it to this party in a particular manner,as soon as I suppose God to have created the world and,976.64,979.62
57,4,mic_fileid_57_doa15_3spk_4.wav,4.0,4,mean_all_channels,980.0,984.0,173,3.9790532930001064,4.0,984.0,984.0002125310001,0.00021253100010198978,0.5,1,1.0000002159867887,0.9947633232500266,2,in a particular manner which I described.,2,which I described. We used to talk to her about it.,to have annexed it to this party in a particular manner,980.6,984.48
58,1,mic_fileid_58_doa91_3spk_1.wav,4.0,4,mean_all_channels,984.0,988.0,128,3.980451012000003,4.0,988.0,988.0001801479999,0.00018014799991306063,0.5,1,1.0000001823360323,0.9951127530000008,2,We used to talk to her about it. It made a little difference to him whether there was,2,It made a little difference to him whether there was a dry strip along the edge of the street,,984.481,988.3
58,2,mic_fileid_58_doa91_3spk_2.wav,4.0,4,mean_all_channels,988.0,992.0,128,3.9797994230000313,4.0,992.0,992.000155651,0.0001556510000000344,0.5,1,1.00000015690625,0.9949498557500078,2,a dry strip along the edge of the street where he could still silently along,2,where he could still silently along with that wedding by speed.,It made a little difference to him whether there was a dry strip along the edge of the street,988.9,991.88
58,3,mic_fileid_58_doa91_3spk_3.wav,4.0,4,mean_all_channels,992.0,996.0,128,3.9793986330000735,4.0,996.0,996.0001008150001,0.00010081500010983291,0.5,1,1.0000001012198796,0.9948496582500184,2,"with that wedding by speed. When he found out place to walk,",2,"When he found out place to walk, he slammed.",where he could still silently along with that wedding by speed.,992.78,995.28
58,4,mic_fileid_58_doa91_3spk_4.wav,4.0,4,mean_all_channels,996.0,1000.0,128,3.980510367000079,4.0,1000.0,1000.0002361420001,0.0002361420000625003,0.5,1,1.000000236142,0.9951275917500197,2,he slammed. Now Master Head and House was well aware of this trick,2,Now Master Head and House was well aware of this trick of Peter Mings.,"When he found out place to walk, he slammed.",995.54,999.8
58,5,mic_fileid_58_doa91_3spk_5.wav,4.0,4,mean_all_channels,1000.0,1004.0,128,3.979018822999933,4.0,1004.0,1004.0001887070001,0.00018870700012030284,0.5,1,1.0000001879551794,0.9947547057499833,1,of Peter Mings.,0,,Now Master Head and House was well aware of this trick of Peter Mings.,,
59,1,mic_fileid_59_doa11_3spk_1.wav,4.0,4,mean_all_channels,1004.0,1008.0,257,3.980710175000013,4.0,1008.0,1008.00013176,0.00013176000004477828,0.5,1,1.0000001307142858,0.9951775437500032,2,"From where as many others are being rounded,",3,"From where as many others are being rounded, or more conveniently close to three.",,1004.24,1008.36
59,2,mic_fileid_59_doa11_3spk_2.wav,4.0,4,mean_all_channels,1008.0,1012.0,257,3.97973362599987,4.0,1012.0,1012.000090974,9.09740000452075e-05,0.5,1,1.000000089895257,0.9949334064999675,2,"or more conveniently close to three. Besides, my",2,"Besides, my wish of such persons to be served","From where as many others are being rounded, or more conveniently close to three.",1009.28,1012.26
59,3,mic_fileid_59_doa11_3spk_3.wav,4.0,4,mean_all_channels,1012.0,1016.0,257,3.9781646799999635,4.0,1016.0,1016.000096717,9.671700001945283e-05,0.5,1,1.0000000951938977,0.9945411699999909,2,wish of such persons to be served with grand artery in,2,with grand artery in their bacterial vein or in much,"Besides, my wish of such persons to be served",1012.84,1016.26
59,4,mic_fileid_59_doa11_3spk_4.wav,4.0,4,mean_all_channels,1016.0,1020.0,257,3.97568995000006,4.0,1020.0,1020.000207167,0.00020716699998502008,0.5,1,1.000000203104902,0.993922487500015,2,their bacterial vein or in much harder and firmer texture.,2,harder and firmer texture. Try it for yourself.,with grand artery in their bacterial vein or in much,1016.5,1020.24
60,1,mic_fileid_60_doa144_3spk_1.wav,4.0,4,mean_all_channels,1020.0,1024.0,144,3.966171172000031,4.0,1024.0,1024.00027738,0.0002773799999431503,0.5,1,1.0000002708789062,0.9915427930000078,2,Try it for yourself. And so does the tail suit for a teacher putter,2,And so does the tail suit for a teacher putter who deviates in other successes,,1020.32,1024.44
60,2,mic_fileid_60_doa144_3spk_2.wav,4.0,4,mean_all_channels,1024.0,1028.0,144,3.9787345570000525,4.0,1028.0,1028.0001974129998,0.00019741299979614269,0.5,1,1.000000192035992,0.9946836392500131,2,who deviates in other successes of the fight.,2,of the fight. They were fighting.,And so does the tail suit for a teacher putter who deviates in other successes,1024.98,1027.76
60,3,mic_fileid_60_doa144_3spk_3.wav,4.0,4,mean_all_channels,1028.0,1032.0,144,3.974914296999941,4.0,1032.0,1032.000158789,0.0001587889998972969,0.5,1,1.00000015386531,0.9937285742499853,2,They were fighting. They were fighting.,2,They were fighting. Perfectly cured. A stressed great joke.,of the fight. They were fighting.,1027.761,1032.34
60,4,mic_fileid_60_doa144_3spk_4.wav,4.0,4,mean_all_channels,1032.0,1036.0,144,3.973577965000004,4.0,1036.0,1036.000203931,0.00020393099998727848,0.5,1,1.0000001968445946,0.993394491250001,2,Perfectly cured. A stressed great joke. Not exaggerated entirely by insolence,2,Not exaggerated entirely by insolence .,They were fighting. Perfectly cured. A stressed great joke.,1032.341,1034.221
61,1,mic_fileid_61_doa93_3spk_1.wav,4.0,4,mean_all_channels,1036.0,1040.0,149,3.9788680950000526,4.0,1040.0,1040.000185445,0.0001854449999427743,0.5,1,1.0000001783124999,0.9947170237500131,1,.,1,I was so aware of the handsome and the fun. I was absolutely aware of the fun,,1037.04,1040.44
61,2,mic_fileid_61_doa93_3spk_2.wav,4.0,4,mean_all_channels,1040.0,1044.0,149,3.9633691799999724,4.0,1044.0,1044.000265442,0.0002654419999998936,0.5,1,1.0000002542547892,0.9908422949999931,2,I was so aware of the handsome and the fun. I was absolutely aware of the fun . I was absolutely aware of,2,. I was absolutely aware of that.,I was so aware of the handsome and the fun. I was absolutely aware of the fun,1040.441,1043.78
61,3,mic_fileid_61_doa93_3spk_3.wav,4.0,4,mean_all_channels,1044.0,1048.0,149,3.978966632000038,4.0,1048.0,1048.0001441969998,0.00014419699982681777,0.5,1,1.0000001375925571,0.9947416580000095,1,that.,1,[INAUDIBLE],. I was absolutely aware of that.,1045.02,1047.22
61,4,mic_fileid_61_doa93_3spk_4.wav,4.0,4,mean_all_channels,1048.0,1052.0,149,3.9768621210000674,4.0,1052.0,1052.000136572,0.00013657199997396674,0.5,1,1.0000001298212928,0.9942155302500169,2,[INAUDIBLE] [,1,[,[INAUDIBLE],1048.16,1048.161
62,1,mic_fileid_62_doa56_3spk_1.wav,4.0,4,mean_all_channels,1052.0,1056.0,308,3.9753169699999944,4.0,1056.0,1056.000084373,8.43729999360221e-05,0.5,1,1.0000000798986741,0.9938292424999986,2,inaudible .,3,inaudible . It must not be thought of,,1052.08,1056.0
62,2,mic_fileid_62_doa56_3spk_2.wav,4.0,4,mean_all_channels,1056.0,1060.0,308,3.9834238210000876,4.0,1060.0,1060.000177657,0.00017765699999472417,0.5,1,1.0000001676009433,0.9958559552500219,2,"It must not be thought of . My sister, I am sure. Well, not here",2,". My sister, I am sure. Well, not here .",inaudible . It must not be thought of,1056.6,1058.681
62,3,mic_fileid_62_doa56_3spk_3.wav,4.0,4,mean_all_channels,1060.0,1064.0,308,3.976554895000163,4.0,1064.0,1064.0002814559998,0.00028145599981144187,0.5,1,1.0000002645263155,0.9941387237500408,1,.,1,You make fun of me on that.,". My sister, I am sure. Well, not here .",1061.06,1062.86
62,4,mic_fileid_62_doa56_3spk_4.wav,4.0,4,mean_all_channels,1064.0,1068.0,308,3.9701504960000875,4.0,1068.0,1068.0000807249999,8.07249998615589e-05,0.5,1,1.0000000755852059,0.9925376240000219,1,You make fun of me on that.,1,article to one of your lodgers.,You make fun of me on that.,1065.0,1068.18
63,1,mic_fileid_63_doa174_3spk_1.wav,4.0,4,mean_all_channels,1068.0,1072.0,312,3.977958897999997,4.0,1072.0,1072.0003588729999,0.00035887299986825383,0.5,1,1.0000003347695894,0.9944897244999993,1,article to one of your lodgers.,1,anything odd or out of place she would never rest until,,1069.0,1072.16
63,2,mic_fileid_63_doa174_3spk_2.wav,4.0,4,mean_all_channels,1072.0,1076.0,312,3.977660022000009,4.0,1076.0,1076.000238312,0.00023831199996493524,0.5,1,1.0000002214795538,0.9944150055000023,2,anything odd or out of place she would never rest until she had ferreted out the whys and whims for,2,she had ferreted out the whys and whims for a moment.,anything odd or out of place she would never rest until,1072.44,1075.28
63,3,mic_fileid_63_doa174_3spk_3.wav,4.0,4,mean_all_channels,1076.0,1080.0,312,3.9768031119999705,4.0,1080.0,1080.0000705539999,7.055399987621058e-05,0.5,1,1.0000000653277776,0.9942007779999926,2,a moment. There are plenty of people in and out,2,There are plenty of people in and out of the way.,she had ferreted out the whys and whims for a moment.,1076.36,1079.0
63,4,mic_fileid_63_doa174_3spk_4.wav,4.0,4,mean_all_channels,1080.0,1084.0,312,3.97984150100001,4.0,1084.0,1084.000107673,0.00010767300000225077,0.5,1,1.0000000993293359,0.9949603752500025,2,of the way. Thank,2,Thank you,There are plenty of people in and out of the way.,1080.74,1082.561
64,1,mic_fileid_64_doa6_3spk_1.wav,4.0,4,mean_all_channels,1084.0,1088.0,327,3.9782485779999206,4.0,1088.0,1088.000136104,0.0001361039999210334,0.5,1,1.000000125095588,0.9945621444999801,2,you can watch my classes,2,can watch my classes lately. The oldest was 18 years,,1085.36,1088.04
64,2,mic_fileid_64_doa6_3spk_2.wav,4.0,4,mean_all_channels,1088.0,1092.0,327,3.9639391410000826,4.0,1092.0,1092.0001249979998,0.00012499799981924298,0.5,1,1.0000001144670327,0.9909847852500206,2,lately. The oldest was 18 years . The youngest was 18 months.,2,. The youngest was 18 months. The eldest gave us descriptions,can watch my classes lately. The oldest was 18 years,1088.34,1092.06
64,3,mic_fileid_64_doa6_3spk_3.wav,4.0,4,mean_all_channels,1092.0,1096.0,327,3.9382147159999477,4.0,1096.0,1096.000291574,0.00029157399990253907,0.5,1,1.0000002660346714,0.9845536789999869,2,"The eldest gave us descriptions of the tastes and habits, the relative",2,"of the tastes and habits, the relative epicities of those that are debating.",. The youngest was 18 months. The eldest gave us descriptions,1092.62,1096.18
64,4,mic_fileid_64_doa6_3spk_4.wav,4.0,4,mean_all_channels,1096.0,1100.0,327,3.9817103069999575,4.0,1100.0,1100.000203874,0.0002038739999079553,0.5,1,1.00000018534,0.9954275767499894,2,epicities of those that are debating. But at your own weight.,1,But at your own weight.,"of the tastes and habits, the relative epicities of those that are debating.",1096.96,1097.74
65,1,mic_fileid_65_doa48_3spk_1.wav,4.0,4,mean_all_channels,1100.0,1104.0,218,3.9803337819998887,4.0,1104.0,1104.0002210829998,0.0002210829998148256,0.5,1,1.0000002002563404,0.9950834454999722,2,My mouse choices left the dog behind the bottom,4,My mouse choices left the dog behind the bottom of the cat. I went up and saw the,,1100.2,1104.54
65,2,mic_fileid_65_doa48_3spk_2.wav,4.0,4,mean_all_channels,1104.0,1108.0,218,3.9799858649998896,4.0,1108.0,1108.000194645,0.00019464499996502127,0.5,1,1.0000001756723826,0.9949964662499724,2,of the cat. I went up and saw the,1,light discuss the very first survey that the Arab,My mouse choices left the dog behind the bottom of the cat. I went up and saw the,1106.14,1108.34
65,3,mic_fileid_65_doa48_3spk_3.wav,4.0,4,mean_all_channels,1108.0,1112.0,218,3.979005577999942,4.0,1112.0,1112.000093914,9.391399999003625e-05,0.5,1,1.0000000844550359,0.9947513944999855,2,light discuss the very first survey that the Arab ang was in store. Lots of small,2,ang was in store. Lots of small chunks of high-grown ash was in there.,light discuss the very first survey that the Arab,1108.54,1112.44
65,4,mic_fileid_65_doa48_3spk_4.wav,4.0,4,mean_all_channels,1112.0,1116.0,218,3.9805035820002104,4.0,1116.0,1116.0002498249999,0.00024982499985526374,0.5,1,1.0000002238575267,0.9951258955000526,2,chunks of high-grown ash was in there. There's nothing more to do except I-GRA,2,There's nothing more to do except I-GRA IL COVER.,ang was in store. Lots of small chunks of high-grown ash was in there.,1112.441,1115.02
66,1,mic_fileid_66_doa58_3spk_1.wav,4.0,4,mean_all_channels,1116.0,1120.0,242,3.9784485099999074,4.0,1120.0,1120.000114515,0.00011451499995018821,0.5,1,1.0000001022455356,0.9946121274999769,1,IL COVER.,1,and,,1117.06,1117.061
66,2,mic_fileid_66_doa58_3spk_2.wav,4.0,4,mean_all_channels,1120.0,1124.0,242,3.981620360000079,4.0,1124.0,1124.000228163,0.00022816299997430178,0.5,1,1.0000002029919928,0.9954050900000198,2,and that's why you're on the last one.,2,"that's why you're on the last one. So,",and,1119.46,1122.6
66,3,mic_fileid_66_doa58_3spk_3.wav,4.0,4,mean_all_channels,1124.0,1128.0,242,3.9809850489998553,4.0,1128.0,1128.0002870629999,0.00028706299985969963,0.5,1,1.000000254488475,0.9952462622499638,1,"So,",1,[INAUDIBLE],"that's why you're on the last one. So,",1125.06,1127.66
66,4,mic_fileid_66_doa58_3spk_4.wav,4.0,4,mean_all_channels,1128.0,1132.0,242,3.979935218000037,4.0,1132.0,1132.0001532669999,0.00015326699985962478,0.5,1,1.0000001353948762,0.9949838045000092,2,[INAUDIBLE] [INAUDIBLE],2,[INAUDIBLE] [BLANK_AUDIO],[INAUDIBLE],1128.68,1132.06
66,5,mic_fileid_66_doa58_3spk_5.wav,4.0,4,mean_all_channels,1132.0,1136.0,242,3.979476597999792,4.0,1136.0,1136.0002022729998,0.0002022729997861461,0.5,1,1.000000178057218,0.994869149499948,1,[BLANK_AUDIO],0,,[INAUDIBLE] [BLANK_AUDIO],,
67,1,mic_fileid_67_doa77_3spk_1.wav,4.0,4,mean_all_channels,1136.0,1140.0,77,3.975327917999948,4.0,1140.0,1140.0000909359999,9.093599987863854e-05,0.5,1,1.000000079768421,0.993831979499987,2,and the rest of the parts crowded up as close,3,and the rest of the parts crowded up as close as they could. They are her,,1136.38,1140.2
67,2,mic_fileid_67_doa77_3spk_2.wav,4.0,4,mean_all_channels,1140.0,1144.0,77,3.9764456650000284,4.0,1144.0,1144.0000666409999,6.664099987574446e-05,0.5,1,1.0000000582526223,0.9941114162500071,2,"as they could. They are her daughter's wedded clothes, the old Miss",2,"daughter's wedded clothes, the old Miss y's instruments, I'd really love",and the rest of the parts crowded up as close as they could. They are her,1140.42,1144.36
67,3,mic_fileid_67_doa77_3spk_3.wav,4.0,4,mean_all_channels,1144.0,1148.0,77,3.9813681369998903,4.0,1148.0,1148.000288221,0.00028822099989156413,0.5,1,1.0000002510635888,0.9953420342499726,2,"y's instruments, I'd really love to play. For the old woman, let",2,"to play. For the old woman, let 's write in a fistful of heart to make them understand","daughter's wedded clothes, the old Miss y's instruments, I'd really love",1144.72,1148.38
67,4,mic_fileid_67_doa77_3spk_4.wav,4.0,4,mean_all_channels,1148.0,1152.0,77,3.976522070999863,4.0,1152.0,1152.000106326,0.00010632599992277392,0.5,1,1.000000092296875,0.9941305177499657,2,'s write in a fistful of heart to make them understand that nobody has ever,2,that nobody has ever -,"to play. For the old woman, let 's write in a fistful of heart to make them understand",1149.36,1151.3609999999999
68,1,mic_fileid_68_doa31_3spk_1.wav,4.0,4,mean_all_channels,1152.0,1156.0,357,3.9804072340000403,4.0,1156.0,1156.0002428589999,0.00024285899985443393,0.5,1,1.00000021008564,0.9951018085000101,2,- After carefully scanning the jacket to our,2,"After carefully scanning the jacket to our sender, which is the same",,1152.9,1156.12
68,2,mic_fileid_68_doa31_3spk_2.wav,4.0,4,mean_all_channels,1156.0,1160.0,357,3.980526596000118,4.0,1160.0,1160.000121542,0.0001215419999880396,0.5,1,1.0000001047775862,0.9951316490000295,2,"sender, which is the same . I determined to make it my way",2,. I determined to make it my way .,"After carefully scanning the jacket to our sender, which is the same",1156.84,1158.961
68,3,mic_fileid_68_doa31_3spk_3.wav,4.0,4,mean_all_channels,1160.0,1164.0,357,3.9793749519999437,4.0,1164.0,1164.0001773249999,0.0001773249998677784,0.5,1,1.000000152341065,0.9948437379999859,1,.,1,of its core wealth. This apparent ban,. I determined to make it my way .,1161.24,1164.42
68,4,mic_fileid_68_doa31_3spk_4.wav,4.0,4,mean_all_channels,1164.0,1168.0,357,3.9734057719999782,4.0,1168.0,1168.000127002,0.00012700199999926554,0.5,1,1.000000108734589,0.9933514429999946,2,of its core wealth. This apparent ban ter has been no great objection,2,ter has been no great objection .,of its core wealth. This apparent ban,1164.72,1166.681
68,5,mic_fileid_68_doa31_3spk_5.wav,4.0,4,mean_all_channels,1168.0,1172.0,357,3.977764664999995,4.0,1172.0,1172.000206898,0.00020689799998763192,0.5,1,1.0000001765341298,0.9944411662499988,1,.,0,,ter has been no great objection .,,
69,1,mic_fileid_69_doa229_3spk_1.wav,4.0,4,mean_all_channels,1172.0,1176.0,304,3.9746075130001373,4.0,1176.0,1176.0001686429998,0.00016864299982444209,0.5,1,1.0000001434039114,0.9936518782500343,2,of gold rings and sliver crosses,3,of gold rings and sliver crosses gathered in harvest time.,,1172.32,1175.88
69,2,mic_fileid_69_doa229_3spk_2.wav,4.0,4,mean_all_channels,1176.0,1180.0,304,3.9787345040001583,4.0,1180.0,1180.000211377,0.00021137699991413683,0.5,1,1.0000001791330508,0.9946836260000396,2,"gathered in harvest time. The river of the sea, horses, did not amount",2,"The river of the sea, horses, did not amount to a large total, and did",of gold rings and sliver crosses gathered in harvest time.,1176.02,1180.34
69,3,mic_fileid_69_doa229_3spk_3.wav,4.0,4,mean_all_channels,1180.0,1184.0,304,3.980446968000024,4.0,1184.0,1184.000102149,0.00010214899998572946,0.5,1,1.0000000862744933,0.995111742000006,2,"to a large total, and did not turn this up, but turned eating house",2,"not turn this up, but turned eating house keeper very far.","The river of the sea, horses, did not amount to a large total, and did",1180.48,1183.64
69,4,mic_fileid_69_doa229_3spk_4.wav,4.0,4,mean_all_channels,1184.0,1188.0,304,3.9830789999998615,4.0,1188.0,1188.0003945189999,0.0003945189998830756,0.5,1,1.0000003320867001,0.9957697499999654,2,keeper very far. Don't you believe it my poor man?,2,Don't you believe it my poor man? So the other,"not turn this up, but turned eating house keeper very far.",1183.641,1185.58
70,1,mic_fileid_70_doa238_3spk_1.wav,4.0,4,mean_all_channels,1188.0,1192.0,288,3.977944064999974,4.0,1192.0,1192.000294947,0.00029494699992937967,0.5,1,1.0000002474387584,0.9944860162499936,2,So the other one is the one that's on the screen,2,one is the one that's on the screen .,,1188.86,1190.422
70,2,mic_fileid_70_doa238_3spk_2.wav,4.0,4,mean_all_channels,1192.0,1196.0,288,3.9782559710001806,4.0,1196.0,1196.000146699,0.00014669899996988534,0.5,1,1.0000001226580266,0.9945639927500451,1,.,1,I'm telling you in a minute.,one is the one that's on the screen .,1193.48,1196.44
70,3,mic_fileid_70_doa238_3spk_3.wav,4.0,4,mean_all_channels,1196.0,1200.0,288,3.979753945000084,4.0,1200.0,1200.000226685,0.00022668499991596036,0.5,1,1.0000001889041665,0.994938486250021,2,I'm telling you in a minute. The other guy will find ways to,2,The other guy will find ways to ...,I'm telling you in a minute.,1197.0,1198.761
70,4,mic_fileid_70_doa238_3spk_4.wav,4.0,4,mean_all_channels,1200.0,1204.0,288,3.9804208210000525,4.0,1204.0,1204.0002596719999,0.00025967199985643674,0.5,1,1.0000002156744185,0.9951052052500131,1,...,1,He never buried himself in the snail.,The other guy will find ways to ...,1201.04,1203.94
70,5,mic_fileid_70_doa238_3spk_5.wav,4.0,4,mean_all_channels,1204.0,1208.0,288,3.9676011670001117,4.0,1208.0,1208.0000671809998,6.718099984936998e-05,0.5,1,1.0000000556134105,0.9919002917500279,2,He never buried himself in the snail. [BLANK,1,[BLANK,He never buried himself in the snail.,1205.3,1205.301
71,1,mic_fileid_71_doa92_3spk_1.wav,4.0,4,mean_all_channels,1208.0,1212.0,92,3.975323397000011,4.0,1212.0,1212.000202517,0.00020251699993423244,0.5,1,1.0000001670932344,0.9938308492500028,2,_ -_-_-_,3,_ -_-_-_ -,,1208.24,1211.161
71,2,mic_fileid_71_doa92_3spk_2.wav,4.0,4,mean_all_channels,1212.0,1216.0,92,3.979198333999875,4.0,1216.0,1216.000276003,0.0002760029999535618,0.5,1,1.0000002269761512,0.9947995834999688,2,- I,2,"I am that in double quick time, we've got the current",_ -_-_-_ -,1213.94,1216.4
71,3,mic_fileid_71_doa92_3spk_3.wav,4.0,4,mean_all_channels,1216.0,1220.0,92,3.9725398680000126,4.0,1220.0,1220.000265401,0.00026540099997873767,0.5,1,1.0000002175418032,0.9931349670000031,2,"am that in double quick time, we've got the current making the other leg follow its companion.",2,making the other leg follow its companion. Then it was necessary to route the guides,"I am that in double quick time, we've got the current",1216.6,1220.18
71,4,mic_fileid_71_doa92_3spk_4.wav,4.0,4,mean_all_channels,1220.0,1224.0,92,3.9788802139999007,4.0,1224.0,1224.0001244789999,0.0001244789998509077,0.5,1,1.0000001016985294,0.9947200534999752,2,"Then it was necessary to route the guides , you know, so the movement could prevent",2,", you know, so the movement could prevent possible opportunity to charge.",making the other leg follow its companion. Then it was necessary to route the guides,1220.7,1224.08
71,5,mic_fileid_71_doa92_3spk_5.wav,4.0,4,mean_all_channels,1224.0,1228.0,92,3.9790390399998614,4.0,1228.0,1228.0001227869998,0.00012278699978196528,0.5,1,1.0000000999894134,0.9947597599999654,1,possible opportunity to charge.,0,,", you know, so the movement could prevent possible opportunity to charge.",,
72,1,mic_fileid_72_doa57_3spk_1.wav,4.0,4,mean_all_channels,1228.0,1232.0,57,3.9699890709998726,4.0,1232.0,1232.0001317899998,0.0001317899998412031,0.5,1,1.0000001069724025,0.9924972677499682,2,Here 's what we've been after tomorrow. I looked back,3,Here 's what we've been after tomorrow. I looked back at the horsemen that's recovering tomorrow,,1228.38,1232.38
72,2,mic_fileid_72_doa57_3spk_2.wav,4.0,4,mean_all_channels,1232.0,1236.0,57,3.9813073149998672,4.0,1236.0,1236.0000840159998,8.401599984608765e-05,0.5,1,1.00000006797411,0.9953268287499668,2,at the horsemen that's recovering tomorrow . And I do not think,2,. And I do not think you are a threat to your daughter,Here 's what we've been after tomorrow. I looked back at the horsemen that's recovering tomorrow,1232.76,1236.4
72,3,mic_fileid_72_doa57_3spk_3.wav,4.0,4,mean_all_channels,1236.0,1240.0,57,3.9799962770000548,4.0,1240.0,1240.0000669279998,6.692799979646225e-05,0.5,1,1.0000000539741933,0.9949990692500137,2,you are a threat to your daughter .,2,. I saw the wisdom.,. And I do not think you are a threat to your daughter,1236.7,1237.92
72,4,mic_fileid_72_doa57_3spk_4.wav,4.0,4,mean_all_channels,1240.0,1244.0,57,3.982056246999946,4.0,1244.0,1244.0001457449998,0.00014574499982700218,0.5,1,1.00000011715836,0.9955140617499865,1,I saw the wisdom.,1,find them so almost exultingly calm.,. I saw the wisdom.,1241.1,1243.66
72,5,mic_fileid_72_doa57_3spk_5.wav,4.0,4,mean_all_channels,1244.0,1248.0,57,3.9741393299998435,4.0,1248.0,1248.000112538,0.00011253799993937719,0.5,1,1.0000000901746795,0.9935348324999609,2,find them so almost exultingly calm. >> Thank,3,>> Thank you. >>,find them so almost exultingly calm.,1244.84,1247.961
73,1,mic_fileid_73_doa97_3spk_1.wav,4.0,4,mean_all_channels,1248.0,1252.0,97,3.973343461000013,4.0,1252.0,1252.0001431619999,0.00014316199985842104,0.5,1,1.0000001143466453,0.9933358652500033,2,you. >>,1,That travel brought me across the bay for him.,,1249.3,1251.5
73,2,mic_fileid_73_doa97_3spk_2.wav,4.0,4,mean_all_channels,1252.0,1256.0,97,3.9691270499999973,4.0,1256.0,1256.0001397029998,0.0001397029998315702,0.5,1,1.000000111228503,0.9922817624999993,2,"That travel brought me across the bay for him. With a queer, no cry as the scientists name",2,"With a queer, no cry as the scientists name , he dropped the man from",That travel brought me across the bay for him.,1251.94,1256.42
73,3,mic_fileid_73_doa97_3spk_3.wav,4.0,4,mean_all_channels,1256.0,1260.0,97,3.97798051399991,4.0,1260.0,1260.000101147,0.00010114699989571818,0.5,1,1.0000000802753968,0.9944951284999775,2,", he dropped the man from his finger and pressed him to rear",2,his finger and pressed him to rear up. He's getting unsteadily from his,"With a queer, no cry as the scientists name , he dropped the man from",1256.62,1260.28
73,4,mic_fileid_73_doa97_3spk_4.wav,4.0,4,mean_all_channels,1260.0,1264.0,97,3.9821398920000775,4.0,1264.0,1264.0002401,0.0002400999999281339,0.5,1,1.0000001899525315,0.9955349730000194,2,up. He's getting unsteadily from his chair.,2,chair. I didn,his finger and pressed him to rear up. He's getting unsteadily from his,1260.56,1264.42
74,1,mic_fileid_74_doa76_3spk_1.wav,4.0,4,mean_all_channels,1264.0,1268.0,116,3.980916836999995,4.0,1268.0,1268.000195701,0.00019570099993870826,0.5,1,1.0000001543383281,0.9952292092499988,2,I didn 't know I was someone on this,2,'t know I was someone on this . It does me good. You don't know,,1264.6,1268.38
74,2,mic_fileid_74_doa76_3spk_2.wav,4.0,4,mean_all_channels,1268.0,1272.0,116,3.9787330120000206,4.0,1272.0,1272.0001496099999,0.00014960999988034018,0.5,1,1.0000001176179245,0.9946832530000052,2,. It does me good. You don't know what it is to me.,2,"what it is to me. If some don't, when nature over a word",'t know I was someone on this . It does me good. You don't know,1268.56,1272.22
74,3,mic_fileid_74_doa76_3spk_3.wav,4.0,4,mean_all_channels,1272.0,1276.0,116,3.980359159000045,4.0,1276.0,1276.0001037289999,0.00010372899987487472,0.5,1,1.0000000812923195,0.9950897897500113,2,"If some don't, when nature over a word seems to fail in some kind of nature.",2,seems to fail in some kind of nature. It was a distinct ellipse.,"what it is to me. If some don't, when nature over a word",1272.56,1275.82
74,4,mic_fileid_74_doa76_3spk_4.wav,4.0,4,mean_all_channels,1276.0,1280.0,116,3.979121780000014,4.0,1280.0,1280.0002527949998,0.000252794999823891,0.5,1,1.0000001974960937,0.9947804450000035,2,It was a distinct ellipse. He was a youngster of the sword you'd like to,2,He was a youngster of the sword you'd like to see about you.,seems to fail in some kind of nature. It was a distinct ellipse.,1276.02,1280.04
74,5,mic_fileid_74_doa76_3spk_5.wav,4.0,4,mean_all_channels,1280.0,1284.0,116,3.978808405000109,4.0,1284.0,1284.0002769219998,0.00027692199978446297,0.5,1,1.0000002156713395,0.9947021012500272,1,see about you.,0,,He was a youngster of the sword you'd like to see about you.,,
75,1,mic_fileid_75_doa172_3spk_1.wav,4.0,4,mean_all_channels,1284.0,1288.0,204,3.976879553000117,4.0,1288.0,1288.0002570259999,0.0002570259998719848,0.5,1,1.0000001995543477,0.9942198882500293,2,But it was not even Mr. Weston's nature,3,But it was not even Mr. Weston's nature to be able to come in and be here,,1284.28,1288.3
75,2,mic_fileid_75_doa172_3spk_2.wav,4.0,4,mean_all_channels,1288.0,1292.0,204,3.977556265999965,4.0,1292.0,1292.000201208,0.0002012079999076377,0.5,1,1.0000001557337461,0.9943890664999913,2,to be able to come in and be here .,1,.,But it was not even Mr. Weston's nature to be able to come in and be here,1289.08,1289.081
75,3,mic_fileid_75_doa172_3spk_3.wav,4.0,4,mean_all_channels,1292.0,1296.0,204,3.9794896429998516,4.0,1296.0,1296.0001395079998,0.00013950799984741025,0.5,1,1.0000001076450615,0.9948724107499629,2,It is he believed so deserved,3,It is he believed so deserved ly dear?,.,1292.34,1295.38
75,4,mic_fileid_75_doa172_3spk_4.wav,4.0,4,mean_all_channels,1296.0,1300.0,204,3.979655929000046,4.0,1300.0,1300.0001950629999,0.00019506299986460363,0.5,1,1.0000001500484614,0.9949139822500115,2,ly dear? He saw the sun every year in London and was proud,2,He saw the sun every year in London and was proud of him.,It is he believed so deserved ly dear?,1295.74,1300.16
75,5,mic_fileid_75_doa172_3spk_5.wav,4.0,4,mean_all_channels,1300.0,1304.0,204,3.979036477000136,4.0,1304.0,1304.0002431219998,0.00024312199980158766,0.5,1,1.0000001864432513,0.994759119250034,2,of him. He,1,He,He saw the sun every year in London and was proud of him.,1300.44,1300.441
76,1,mic_fileid_76_doa66_3spk_1.wav,4.0,4,mean_all_channels,1304.0,1308.0,66,3.9785968249998405,4.0,1308.0,1308.00009529,9.528999999020016e-05,0.5,1,1.000000072851682,0.9946492062499601,1,"Oh, yes, this must be reached before it came.",2,"Oh, yes, this must be reached before it came. Or the year's expedition with the April",,1304.46,1308.18
76,2,mic_fileid_76_doa66_3spk_2.wav,4.0,4,mean_all_channels,1308.0,1312.0,66,3.9804418220001025,4.0,1312.0,1312.000182947,0.0001829469999847788,0.5,1,1.000000139441311,0.9951104555000256,2,Or the year's expedition with the April of Ale. Every blacksmith,2,of Ale. Every blacksmith 's shop runs the rhythmical playing of,"Oh, yes, this must be reached before it came. Or the year's expedition with the April",1308.56,1312.3
76,3,mic_fileid_76_doa66_3spk_3.wav,4.0,4,mean_all_channels,1312.0,1316.0,66,3.980920341000001,4.0,1316.0,1316.000124272,0.00012427199999365257,0.5,1,1.000000094431611,0.9952300852500002,2,'s shop runs the rhythmical playing of this he had beating out old iron,2,this he had beating out old iron such as for sure his nail from,of Ale. Every blacksmith 's shop runs the rhythmical playing of,1312.52,1316.2
76,4,mic_fileid_76_doa66_3spk_4.wav,4.0,4,mean_all_channels,1316.0,1320.0,66,3.9789430759999505,4.0,1320.0,1320.000230697,0.0002306970000063302,0.5,1,1.0000001747704546,0.9947357689999876,2,"such as for sure his nail from Stas. Here's the great part, please",2,"Stas. Here's the great part, please .",this he had beating out old iron such as for sure his nail from,1316.6,1318.941
76,5,mic_fileid_76_doa66_3spk_5.wav,4.0,4,mean_all_channels,1320.0,1324.0,66,3.9761751440000808,4.0,1324.0,1324.0001025749998,0.00010257499980070861,0.5,1,1.000000077473565,0.9940437860000202,1,.,0,,"Stas. Here's the great part, please .",,
77,1,mic_fileid_77_doa164_3spk_1.wav,4.0,4,mean_all_channels,1324.0,1328.0,267,3.979927281999835,4.0,1328.0,1328.0001059669999,0.00010596699985399027,0.5,1,1.0000000797944275,0.9949818204999588,1,Graduates at Pangalos is,2,Graduates at Pangalos is extremely dangerous according to the testimony,,1324.62,1328.42
77,2,mic_fileid_77_doa164_3spk_2.wav,4.0,4,mean_all_channels,1328.0,1332.0,267,3.981377170999849,4.0,1332.0,1332.0003196339999,0.00031963399987944285,0.5,1,1.0000002399654653,0.9953442927499623,2,extremely dangerous according to the testimony of philosophers for,2,"of philosophers for in short, the long king of",Graduates at Pangalos is extremely dangerous according to the testimony,1328.9,1332.24
77,3,mic_fileid_77_doa164_3spk_3.wav,4.0,4,mean_all_channels,1332.0,1336.0,267,3.9774012410000523,4.0,1336.0,1336.0002916429999,0.00029164299985495745,0.5,1,1.0000002182956587,0.9943503102500131,2,"in short, the long king of Moab was assassinated by Atood",2,Moab was assassinated by Atood . Absalom was hung by his hair,"of philosophers for in short, the long king of",1332.44,1336.42
77,4,mic_fileid_77_doa164_3spk_4.wav,4.0,4,mean_all_channels,1336.0,1340.0,267,3.979128427000205,4.0,1340.0,1340.000220103,0.00022010299994690286,0.5,1,1.0000001642559702,0.9947821067500513,2,. Absalom was hung by his hair and pierced with three darts.,1,and pierced with three darts.,Moab was assassinated by Atood . Absalom was hung by his hair,1336.64,1338.3
78,1,mic_fileid_78_doa78_3spk_1.wav,4.0,4,mean_all_channels,1340.0,1344.0,78,3.9807783830001426,4.0,1344.0,1344.000158444,0.0001584439999078313,0.5,1,1.000000117889881,0.9951945957500357,2,"- Good morning, God. You may remember these things",3,"- Good morning, God. You may remember these things now. He has returned.",,1340.38,1344.32
78,2,mic_fileid_78_doa78_3spk_2.wav,4.0,4,mean_all_channels,1344.0,1348.0,78,3.9805586810000477,4.0,1348.0,1348.0001465829998,0.00014658299983238976,0.5,1,1.000000108741098,0.9951396702500119,2,now. He has returned. Let's see. If this place was,2,Let's see. If this place was some now we're getting higher.,"- Good morning, God. You may remember these things now. He has returned.",1344.48,1348.04
78,3,mic_fileid_78_doa78_3spk_3.wav,4.0,4,mean_all_channels,1348.0,1352.0,78,3.977590265999879,4.0,1352.0,1352.0001420629999,0.00014206299988472892,0.5,1,1.0000001050761833,0.9943975664999698,2,some now we're getting higher. What with the beams and heat of the sun,2,"What with the beams and heat of the sun and the smoke of the big ones, I thought",Let's see. If this place was some now we're getting higher.,1348.6,1352.44
78,4,mic_fileid_78_doa78_3spk_4.wav,4.0,4,mean_all_channels,1352.0,1356.0,78,3.97819132099994,4.0,1356.0,1356.000295909,0.0002959089999876596,0.5,1,1.0000002182219765,0.994547830249985,2,"and the smoke of the big ones, I thought I should have been blind.",2,I should have been blind. Eventually to the high road.,"What with the beams and heat of the sun and the smoke of the big ones, I thought",1352.72,1356.2
79,1,mic_fileid_79_doa98_3spk_1.wav,4.0,4,mean_all_channels,1356.0,1360.0,98,3.9812534479999613,4.0,1360.0,1360.000217571,0.00021757099989372364,0.5,1,1.0000001599786763,0.9953133619999903,1,Eventually to the high road.,1,[Sounds of people talking],,1357.24,1359.34
79,2,mic_fileid_79_doa98_3spk_2.wav,4.0,4,mean_all_channels,1360.0,1364.0,98,3.9802088279998316,4.0,1364.0,1364.000267532,0.0002675319999525527,0.5,1,1.00000019613783,0.9950522069999579,2,[Sounds of people talking] [,2,[ Sounds of,[Sounds of people talking],1362.22,1363.6
79,3,mic_fileid_79_doa98_3spk_3.wav,4.0,4,mean_all_channels,1364.0,1368.0,98,3.9802996480000274,4.0,1368.0,1368.000181166,0.00018116599994755234,0.5,1,1.0000001324312866,0.9950749120000069,2,Sounds of the,2,the [inaudible],[ Sounds of,1364.5,1368.8
79,4,mic_fileid_79_doa98_3spk_4.wav,4.0,4,mean_all_channels,1368.0,1372.0,98,3.973560593000002,4.0,1372.0,1372.0001870249998,0.00018702499983191956,0.5,1,1.0000001363155975,0.9933901482500005,1,[inaudible],0,,the [inaudible],,
80,1,mic_fileid_80_doa69_3spk_1.wav,4.0,4,mean_all_channels,1372.0,1376.0,315,3.973610484000119,4.0,1376.0,1376.0001241339999,0.00012413399986144213,0.5,1,1.0000000902136628,0.9934026210000297,2,[inaudible ],3,[inaudible ] [ [ [ [,,1372.32,1376.4
80,2,mic_fileid_80_doa69_3spk_2.wav,4.0,4,mean_all_channels,1376.0,1380.0,315,3.9691718960000344,4.0,1380.0,1380.000108469,0.00010846899999705784,0.5,1,1.0000000786007246,0.9922929740000086,1,[ [ [ [,2,[ [ [ [ [ [ [ [ [ [ [ [ [ [ [ [ [ [ [ [ [ [ [ [ [ [ [ [ [ [ [ [ [ [ [ [ [ [ [ [ [ [ [ [ [ [ [ [ [ [ [ [ [ [ [ [ [ [ [ [ [ [ [ [ [ [ [ [ [ [ [ [ [ [ [ [ [ [ [ [ [ [ [ [ [ [ [ [ [ [ [ [ [ [ [ [ [ [ [ [ [ [ [ [ [ [ [ [ [ [ [ [ [ [ [ [ [ [ [ [ [ [ [ [ [ [ [ [ [ [ [ [ [ [ [ [ [ [ [ [ [ [ [ [ [ [ [ [ [ [ [ [ [ [ [ [ [ [ [ [ [ [ [ [ [ [ [ [ [ [ [ [ [ [ [ [ [ [ [ [ [ [ [ [ [ [ [ [ [ [ [ [ [ [ [ [ [ [ [ [ [ [ [ [ [ [ [ [ [ [ [ [ [ [ [ [ [ [ [ [ [ [ [ [ [ [ [ [ [ [ [ [ [ [ [ [ [ [ [ [ [ [ [ [ [ [ [ [ [ [ [ [ [ [ [ [ [ [ [ [ [ [ [ [ [ [ [ [ [ [ [ [ [ [ [ [ [ [ [ [ [ [ [ [ [ [ [ [ [ [ [ [ [ [ [ [ [ [ [ [ [ [ [ [ [ [ [ [ [ [ [ [ [ [ [ [ [ [ [ [ [ [ [ [ [ [ [ [ [ [ [ [ [ [ [ [ [ [ [ [ [ [ [ [ [ [ [ [ [ [ [ [ [ [ [ [ [ [ [ [ [ [ [ [ [ [ [ [ [ [ [ [ [ [ [ [ [ [ [ [ [ [ [ [ [ [ [ [ [ [ [ [ [ [ [ [ [ [ [ [ [ [ [ [ [ [ [ [ [ [ [ [ [ [ [ [ [ [ [ [ [ [ [ [ [ [ [ [ [ [ [ [ [ [ [ [ [ [ [ [ the other two on fire.,[inaudible ] [ [ [ [,1376.401,1378.2
80,3,mic_fileid_80_doa69_3spk_3.wav,4.0,4,mean_all_channels,1380.0,1384.0,315,3.9700701910001044,4.0,1384.0,1384.000101416,0.00010141600000679318,0.5,1,1.0000000732774565,0.9925175477500261,0,,1,"I don't think that lovely, random",[ [ [ [ [ [ [ [ [ [ [ [ [ [ [ [ [ [ [ [ [ [ [ [ [ [ [ [ [ [ [ [ [ [ [ [ [ [ [ [ [ [ [ [ [ [ [ [ [ [ [ [ [ [ [ [ [ [ [ [ [ [ [ [ [ [ [ [ [ [ [ [ [ [ [ [ [ [ [ [ [ [ [ [ [ [ [ [ [ [ [ [ [ [ [ [ [ [ [ [ [ [ [ [ [ [ [ [ [ [ [ [ [ [ [ [ [ [ [ [ [ [ [ [ [ [ [ [ [ [ [ [ [ [ [ [ [ [ [ [ [ [ [ [ [ [ [ [ [ [ [ [ [ [ [ [ [ [ [ [ [ [ [ [ [ [ [ [ [ [ [ [ [ [ [ [ [ [ [ [ [ [ [ [ [ [ [ [ [ [ [ [ [ [ [ [ [ [ [ [ [ [ [ [ [ [ [ [ [ [ [ [ [ [ [ [ [ [ [ [ [ [ [ [ [ [ [ [ [ [ [ [ [ [ [ [ [ [ [ [ [ [ [ [ [ [ [ [ [ [ [ [ [ [ [ [ [ [ [ [ [ [ [ [ [ [ [ [ [ [ [ [ [ [ [ [ [ [ [ [ [ [ [ [ [ [ [ [ [ [ [ [ [ [ [ [ [ [ [ [ [ [ [ [ [ [ [ [ [ [ [ [ [ [ [ [ [ [ [ [ [ [ [ [ [ [ [ [ [ [ [ [ [ [ [ [ [ [ [ [ [ [ [ [ [ [ [ [ [ [ [ [ [ [ [ [ [ [ [ [ [ [ [ [ [ [ [ [ [ [ [ [ [ [ [ [ [ [ [ [ [ [ [ [ [ [ [ [ [ [ [ [ [ [ [ [ [ [ [ [ [ [ [ [ [ [ [ [ [ [ [ [ [ [ [ [ [ [ [ [ [ [ [ [ [ [ [ [ [ [ [ [ [ [ [ [ [ [ [ [ the other two on fire.,1383.1399999999999,1384.3999999999999
80,4,mic_fileid_80_doa69_3spk_4.wav,4.0,4,mean_all_channels,1384.0,1388.0,315,3.9796671430001425,4.0,1388.0,1388.0000645609998,6.456099981733132e-05,0.5,1,1.0000000465136887,0.9949167857500356,3,"[ [ [ [ [ [ [ [ [ [ [ [ [ [ [ [ [ [ [ [ [ [ [ [ [ [ [ [ [ [ [ [ [ [ [ [ [ [ [ [ [ [ [ [ [ [ [ [ [ [ [ [ [ [ [ [ [ [ [ [ [ [ [ [ [ [ [ [ [ [ [ [ [ [ [ [ [ [ [ [ [ [ [ [ [ [ [ [ [ [ [ [ [ [ [ [ [ [ [ [ [ [ [ [ [ [ [ [ [ [ [ [ [ [ [ [ [ [ [ [ [ [ [ [ [ [ [ [ [ [ [ [ [ [ [ [ [ [ [ [ [ [ [ [ [ [ [ [ [ [ [ [ [ [ [ [ [ [ [ [ [ [ [ [ [ [ [ [ [ [ [ [ [ [ [ [ [ [ [ [ [ [ [ [ [ [ [ [ [ [ [ [ [ [ [ [ [ [ [ [ [ [ [ [ [ [ [ [ [ [ [ [ [ [ [ [ [ [ [ [ [ [ [ [ [ [ [ [ [ [ [ [ [ [ [ [ [ [ [ [ [ [ [ [ [ [ [ [ [ [ [ [ [ [ [ [ [ [ [ [ [ [ [ [ [ [ [ [ [ [ [ [ [ [ [ [ [ [ [ [ [ [ [ [ [ [ [ [ [ [ [ [ [ [ [ [ [ [ [ [ [ [ [ [ [ [ [ [ [ [ [ [ [ [ [ [ [ [ [ [ [ [ [ [ [ [ [ [ [ [ [ [ [ [ [ [ [ [ [ [ [ [ [ [ [ [ [ [ [ [ [ [ [ [ [ [ [ [ [ [ [ [ [ [ [ [ [ [ [ [ [ [ [ [ [ [ [ [ [ [ [ [ [ [ [ [ [ [ [ [ [ [ [ [ [ [ [ [ [ [ [ [ [ [ [ [ [ [ [ [ [ [ [ [ [ [ [ [ [ [ [ [ [ [ [ [ [ [ [ [ [ [ [ [ [ [ [ [ [ [ the other two on fire. I don't think that lovely, random",2,"stuff. You're at sealed game, Mr","I don't think that lovely, random",1384.8,1388.36
81,1,mic_fileid_81_doa77_3spk_1.wav,4.0,4,mean_all_channels,1388.0,1392.0,289,3.9831030499999542,4.0,1392.0,1392.0000953429999,9.534299988445127e-05,0.5,1,1.0000000684935344,0.9957757624999886,2,"stuff. You're at sealed game, Mr",2,. Fiddles. Fiddles.,,1388.7199999999998,1391.7209999999998
81,2,mic_fileid_81_doa77_3spk_2.wav,4.0,4,mean_all_channels,1392.0,1396.0,289,3.9821195130000433,4.0,1396.0,1396.0000965279999,9.652799985815363e-05,0.5,1,1.0000000691461317,0.9955298782500108,2,. Fiddles. Fiddles.,1,of the reason that they confused you.,. Fiddles. Fiddles.,1393.1599999999999,1395.54
81,3,mic_fileid_81_doa77_3spk_3.wav,4.0,4,mean_all_channels,1396.0,1400.0,289,3.9813818490001722,4.0,1400.0,1400.0002221359998,0.0002221359998202388,0.5,1,1.0000001586685714,0.9953454622500431,1,of the reason that they confused you.,2,The reason that they confused you. The reason,of the reason that they confused you.,1395.541,1400.2199999999998
81,4,mic_fileid_81_doa77_3spk_4.wav,4.0,4,mean_all_channels,1400.0,1404.0,289,3.9812863299998753,4.0,1404.0,1404.00017022,0.00017021999997268722,0.5,1,1.0000001212393161,0.9953215824999688,2,The reason that they confused you. The reason,2,why did you do that?,The reason that they confused you. The reason,1400.82,1404.3
82,1,mic_fileid_82_doa185_3spk_1.wav,4.0,4,mean_all_channels,1404.0,1408.0,243,3.980880402000139,4.0,1408.0,1408.0000965289998,9.652899984757823e-05,0.5,1,1.0000000685575283,0.9952201005000347,2,why did you do that?,2,"No, I didn't. I didn't.",,1404.301,1408.1
82,2,mic_fileid_82_doa185_3spk_2.wav,4.0,4,mean_all_channels,1408.0,1412.0,243,3.9804774180001914,4.0,1412.0,1412.000135849,0.00013584899988927646,0.5,1,1.00000009621034,0.9951193545000478,2,"No, I didn't. I didn't.",1,and the test is to strike it with psychosatur,"No, I didn't. I didn't.",1409.6399999999999,1412.12
82,3,mic_fileid_82_doa185_3spk_3.wav,4.0,4,mean_all_channels,1412.0,1416.0,243,3.9809443799999826,4.0,1416.0,1416.000125614,0.00012561399989863276,0.5,1,1.0000000887104519,0.9952360949999957,1,and the test is to strike it with psychosatur,2,acity. That he's part of his most brilliant to slip on one side,and the test is to strike it with psychosatur,1412.62,1416.1999999999998
82,4,mic_fileid_82_doa185_3spk_4.wav,4.0,4,mean_all_channels,1416.0,1420.0,243,3.9830936240000483,4.0,1420.0,1420.0001216379999,0.00012163799988229584,0.5,1,1.0000000856605633,0.9957734060000121,2,acity. That he's part of his most brilliant to slip on one side,1,.,acity. That he's part of his most brilliant to slip on one side,1416.76,1416.761
82,5,mic_fileid_82_doa185_3spk_5.wav,4.0,4,mean_all_channels,1420.0,1424.0,243,3.9781825799998387,4.0,1424.0,1424.000189054,0.00018905399997493078,0.5,1,1.0000001327626404,0.9945456449999597,1,.,2,And that's the monkey man's getting it in.,.,1422.26,1424.28
83,1,mic_fileid_83_doa43_3spk_1.wav,4.0,4,mean_all_channels,1424.0,1428.0,43,3.9786057280000477,4.0,1428.0,1428.0002381,0.00023809999993318343,0.5,1,1.0000001667366947,0.9946514320000119,2,And that's the monkey man's getting it in.,2,They're great binders. They're my zil to exterminate their puny rivals,,1424.82,1428.3799999999999
83,2,mic_fileid_83_doa43_3spk_2.wav,4.0,4,mean_all_channels,1428.0,1432.0,43,3.9812198659999467,4.0,1432.0,1432.0001271419999,0.0001271419998829515,0.5,1,1.0000000887863127,0.9953049664999867,2,They're great binders. They're my zil to exterminate their puny rivals,1,and ask how I was,They're great binders. They're my zil to exterminate their puny rivals,1429.3799999999999,1430.48
83,3,mic_fileid_83_doa43_3spk_3.wav,4.0,4,mean_all_channels,1432.0,1436.0,43,3.981171780000068,4.0,1436.0,1436.000220229,0.00022022899997864442,0.5,1,1.0000001533628133,0.995292945000017,1,and ask how I was,2,and some patients that be great to the desperate. They wait too long before they present an imposition,and ask how I was,1431.3999999999999,1436.28
83,4,mic_fileid_83_doa43_3spk_4.wav,4.0,4,mean_all_channels,1436.0,1440.0,43,3.9797992240000895,4.0,1440.0,1440.000214832,0.00021483199998328928,0.5,1,1.0000001491888888,0.9949498060000224,2,and some patients that be great to the desperate. They wait too long before they present an imposition,2,or insult .,and some patients that be great to the desperate. They wait too long before they present an imposition,1436.62,1437.4409999999998
83,5,mic_fileid_83_doa43_3spk_5.wav,4.0,4,mean_all_channels,1440.0,1444.0,43,3.979917224000019,4.0,1444.0,1444.0001444289999,0.00014442899987443525,0.5,1,1.000000100020083,0.9949793060000047,2,or insult .,1,Making the whole mix as obvious,or insult .,1442.2199999999998,1444.1799999999998
84,1,mic_fileid_84_doa2_3spk_1.wav,4.0,4,mean_all_channels,1444.0,1448.0,41,3.9754999379999845,4.0,1448.0,1448.0001234959998,0.0001234959997873375,0.5,1,1.0000000852872926,0.9938749844999961,1,Making the whole mix as obvious,2,as we can. We've got a lot of people.,,1444.6799999999998,1448.5
84,2,mic_fileid_84_doa2_3spk_2.wav,4.0,4,mean_all_channels,1448.0,1452.0,41,3.9820613340000364,4.0,1452.0,1452.0001923749999,0.00019237499986957118,0.5,1,1.0000001324896692,0.9955153335000091,2,as we can. We've got a lot of people.,2,"It's a lot of people who are really discreet and look alright, but one of",as we can. We've got a lot of people.,1449.6399999999999,1452.54
84,3,mic_fileid_84_doa2_3spk_3.wav,4.0,4,mean_all_channels,1452.0,1456.0,41,3.978525783000123,4.0,1456.0,1456.000093807,9.380699998473574e-05,0.5,1,1.0000000644278846,0.9946314457500307,2,"It's a lot of people who are really discreet and look alright, but one of",2,the young people .,"It's a lot of people who are really discreet and look alright, but one of",1452.6399999999999,1454.6009999999999
84,4,mic_fileid_84_doa2_3spk_4.wav,4.0,4,mean_all_channels,1456.0,1460.0,41,3.978968876000181,4.0,1460.0,1460.0001360519998,0.0001360519997888332,0.5,1,1.0000000931863011,0.9947422190000452,2,the young people .,2,Accepting no more band across his eyes. Please simply,the young people .,1456.06,1457.8
84,5,mic_fileid_84_doa2_3spk_5.wav,4.0,4,mean_all_channels,1460.0,1464.0,41,3.976069700999915,4.0,1464.0,1464.0000778889998,7.788899984007003e-05,0.5,1,1.0000000532028688,0.9940174252499787,2,Accepting no more band across his eyes. Please simply,1,He contemplated with unspeakable delight,Accepting no more band across his eyes. Please simply,1462.6,1464.3799999999999
85,1,mic_fileid_85_doa23_3spk_1.wav,4.0,4,mean_all_channels,1464.0,1468.0,173,3.979677541000001,4.0,1468.0,1468.000156143,0.00015614299991284497,0.5,1,1.0000001063644413,0.9949193852500002,1,He contemplated with unspeakable delight,2,a large dying show on the major's living order.,,1465.12,1468.32
85,2,mic_fileid_85_doa23_3spk_2.wav,4.0,4,mean_all_channels,1468.0,1472.0,173,3.9795072249999066,4.0,1472.0,1472.0001814739999,0.0001814739998735604,0.5,1,1.0000001232839673,0.9948768062499767,2,a large dying show on the major's living order.,2,"So the major, once he saw it, can take some any accident happening",a large dying show on the major's living order.,1468.6599999999999,1472.36
85,3,mic_fileid_85_doa23_3spk_3.wav,4.0,4,mean_all_channels,1472.0,1476.0,173,3.9780134510001517,4.0,1476.0,1476.0002031709998,0.00020317099983913067,0.5,1,1.000000137649729,0.9945033627500379,2,"So the major, once he saw it, can take some any accident happening",2,to his bank notes had immediately converted them into an available,"So the major, once he saw it, can take some any accident happening",1472.78,1476.24
85,4,mic_fileid_85_doa23_3spk_4.wav,4.0,4,mean_all_channels,1476.0,1480.0,173,3.9785731080000915,4.0,1480.0,1480.0002432029999,0.0002432029998544749,0.5,1,1.0000001643263512,0.9946432770000229,2,to his bank notes had immediately converted them into an available,2,asset. [BLANK,to his bank notes had immediately converted them into an available,1477.02,1479.9009999999998
85,5,mic_fileid_85_doa23_3spk_5.wav,4.0,4,mean_all_channels,1480.0,1484.0,173,3.978164658999958,4.0,1484.0,1484.0001621469999,0.00016214699985539482,0.5,1,1.000000109263477,0.9945411647499895,2,asset. [BLANK,1,Then the woman served at the Florida Sanctuary,asset. [BLANK,1482.36,1484.3799999999999
86,1,mic_fileid_86_doa84_3spk_1.wav,4.0,4,mean_all_channels,1484.0,1488.0,290,3.9780739549999,4.0,1488.0,1488.0003469699998,0.00034696999978223175,0.5,1,1.0000002331787632,0.994518488749975,1,Then the woman served at the Florida Sanctuary,2,. >>,,1484.6399999999999,1487.8809999999999
86,2,mic_fileid_86_doa84_3spk_2.wav,4.0,4,mean_all_channels,1488.0,1492.0,290,3.976668912999912,4.0,1492.0,1492.0001243269999,0.00012432699986675289,0.5,1,1.0000000833290883,0.994167228249978,2,. >>,2,They were about to sit down and eat. There was a nothing outside. The women,. >>,1488.54,1492.56
86,3,mic_fileid_86_doa84_3spk_3.wav,4.0,4,mean_all_channels,1492.0,1496.0,290,3.9804873670000234,4.0,1496.0,1496.000207348,0.0002073480000035488,0.5,1,1.0000001386016042,0.9951218417500058,2,They were about to sit down and eat. There was a nothing outside. The women,2,"said, ""Oh heavens, it is my husband."" She quickly hid the roast meat inside",They were about to sit down and eat. There was a nothing outside. The women,1492.76,1496.28
86,4,mic_fileid_86_doa84_3spk_4.wav,4.0,4,mean_all_channels,1496.0,1500.0,290,3.9779495210000277,4.0,1500.0,1500.000211033,0.00021103299991409585,0.5,1,1.0000001406886667,0.9944873802500069,2,"said, ""Oh heavens, it is my husband."" She quickly hid the roast meat inside",2,the taut stove. [BLANK,"said, ""Oh heavens, it is my husband."" She quickly hid the roast meat inside",1496.6999999999998,1499.781
86,5,mic_fileid_86_doa84_3spk_5.wav,4.0,4,mean_all_channels,1500.0,1504.0,290,3.9799636550001196,4.0,1504.0,1504.000273808,0.0002738079999744514,0.5,1,1.0000001820531914,0.9949909137500299,2,the taut stove. [BLANK,1,He came up into cargo and established,the taut stove. [BLANK,1502.5,1504.1599999999999
87,1,mic_fileid_87_doa124_3spk_1.wav,4.0,4,mean_all_channels,1504.0,1508.0,124,3.9812185370001316,4.0,1508.0,1508.0000745129998,7.451299984495563e-05,0.5,1,1.0000000494118035,0.9953046342500329,1,He came up into cargo and established,2,himself under a burden. He's been in contact with the town of Seattle for,,1504.6799999999998,1508.1599999999999
87,2,mic_fileid_87_doa124_3spk_2.wav,4.0,4,mean_all_channels,1508.0,1512.0,124,3.9776105540001936,4.0,1512.0,1512.0001995979999,0.00019959799988100713,0.5,1,1.000000132009259,0.9944026385000484,2,himself under a burden. He's been in contact with the town of Seattle for,2,a while. I'm,himself under a burden. He's been in contact with the town of Seattle for,1508.84,1510.36
87,3,mic_fileid_87_doa124_3spk_3.wav,4.0,4,mean_all_channels,1512.0,1516.0,124,3.9791360869999153,4.0,1516.0,1516.000203671,0.00020367100000839855,0.5,1,1.0000001343476252,0.9947840217499788,2,a while. I'm,1,"sorry, I'm sorry.",a while. I'm,1511.7199999999998,1514.58
87,4,mic_fileid_87_doa124_3spk_4.wav,4.0,4,mean_all_channels,1516.0,1520.0,124,3.9793940829999883,4.0,1520.0,1520.0001707669999,0.00017076699987228494,0.5,1,1.0000001123467104,0.9948485207499971,2,"sorry, I'm sorry. I'm sorry.",3,"I'm sorry. This color is I searching her face,","sorry, I'm sorry.",1515.8,1520.48
88,1,mic_fileid_88_doa31_3spk_1.wav,4.0,4,mean_all_channels,1520.0,1524.0,122,3.9789435789998606,4.0,1524.0,1524.00021989,0.00021988999992572644,0.5,1,1.0000001442847768,0.9947358947499652,2,"This color is I searching her face,",2,"inquisitively, all the time. Why do you wear glasses?",,1520.6399999999999,1524.58
88,2,mic_fileid_88_doa31_3spk_2.wav,4.0,4,mean_all_channels,1524.0,1528.0,122,3.9795635570001195,4.0,1528.0,1528.0002336339999,0.0002336339998691983,0.5,1,1.0000001529018323,0.9948908892500299,2,"inquisitively, all the time. Why do you wear glasses?",2,Begin this corner of that piece as soon as they were indoors. Another deep,"inquisitively, all the time. Why do you wear glasses?",1524.581,1528.2199999999998
88,3,mic_fileid_88_doa31_3spk_3.wav,4.0,4,mean_all_channels,1528.0,1532.0,122,3.9790768150000986,4.0,1532.0,1532.000091319,9.131899992098624e-05,0.5,1,1.0000000596077023,0.9947692037500246,2,Begin this corner of that piece as soon as they were indoors. Another deep,2,wash and an irrecidentful irritation . My eyes are not strong,Begin this corner of that piece as soon as they were indoors. Another deep,1528.6399999999999,1532.2199999999998
88,4,mic_fileid_88_doa31_3spk_4.wav,4.0,4,mean_all_channels,1532.0,1536.0,122,3.9803380039998046,4.0,1536.0,1536.0002429509998,0.00024295099979099177,0.5,1,1.000000158171224,0.9950845009999512,2,wash and an irrecidentful irritation . My eyes are not strong,2,. Girdle 's time is the best place. Many of,wash and an irrecidentful irritation . My eyes are not strong,1534.12,1536.4399999999998
89,1,mic_fileid_89_doa150_3spk_1.wav,4.0,4,mean_all_channels,1536.0,1540.0,226,3.9782229060001555,4.0,1540.0,1540.0002392059998,0.00023920599983284774,0.5,1,1.0000001553285713,0.9945557265000389,2,. Girdle 's time is the best place. Many of,2,us can relate to the same situation not attending the ancient Irish War,,1536.6399999999999,1540.3799999999999
89,2,mic_fileid_89_doa150_3spk_2.wav,4.0,4,mean_all_channels,1540.0,1544.0,226,3.978110329999936,4.0,1544.0,1544.0001113839999,0.00011138399986521108,0.5,1,1.0000000721398963,0.994527582499984,2,us can relate to the same situation not attending the ancient Irish War,1,trousers.,us can relate to the same situation not attending the ancient Irish War,1540.6799999999998,1541.24
89,3,mic_fileid_89_doa150_3spk_3.wav,4.0,4,mean_all_channels,1544.0,1548.0,226,3.9783145440001135,4.0,1548.0,1548.0000807729998,8.077299980868702e-05,0.5,1,1.0000000521789405,0.9945786360000284,1,trousers.,2,[INAUDIBLE] [INAUDIBLE,trousers.,1543.6,1547.1999999999998
89,4,mic_fileid_89_doa150_3spk_4.wav,4.0,4,mean_all_channels,1548.0,1552.0,226,3.9781707779998214,4.0,1552.0,1552.0000789189999,7.891899986134376e-05,0.5,1,1.000000050849871,0.9945426944999554,2,[INAUDIBLE] [INAUDIBLE,2,] ]],[INAUDIBLE] [INAUDIBLE,1548.26,1550.1209999999999
89,5,mic_fileid_89_doa150_3spk_5.wav,4.0,4,mean_all_channels,1552.0,1556.0,226,3.9778304920000664,4.0,1556.0,1556.0001884209998,0.00018842099984794913,0.5,1,1.0000001210931875,0.9944576230000166,2,] ]],2,] I'm representing an assembly drawn from among,] ]],1554.1399999999999,1556.3
90,1,mic_fileid_90_doa49_3spk_1.wav,4.0,4,mean_all_channels,1556.0,1560.0,290,3.9778624100001707,4.0,1560.0,1560.0001821059998,0.00018210599978374375,0.5,1,1.0000001167346153,0.9944656025000427,2,] I'm representing an assembly drawn from among,2,"themselves, which simply reflects their own individual and not be subordinated.",,1556.58,1560.06
90,2,mic_fileid_90_doa49_3spk_2.wav,4.0,4,mean_all_channels,1560.0,1564.0,290,3.9796007669999653,4.0,1564.0,1564.000123699,0.00012369899991426792,0.5,1,1.000000079091432,0.9949001917499913,2,"themselves, which simply reflects their own individual and not be subordinated.",2,It must be felt to live. What would we choose to do?,"themselves, which simply reflects their own individual and not be subordinated.",1560.08,1563.32
90,3,mic_fileid_90_doa49_3spk_3.wav,4.0,4,mean_all_channels,1564.0,1568.0,290,3.9802934260001166,4.0,1568.0,1568.0002189079999,0.00021890799985158083,0.5,1,1.0000001396096938,0.9950733565000291,2,It must be felt to live. What would we choose to do?,1,"on their sabbatical dependence, any improving restraint",It must be felt to live. What would we choose to do?,1565.28,1567.6599999999999
90,4,mic_fileid_90_doa49_3spk_4.wav,4.0,4,mean_all_channels,1568.0,1572.0,290,3.977874988999929,4.0,1572.0,1572.000105723,0.0001057229999332776,0.5,1,1.0000000672538167,0.9944687472499822,1,"on their sabbatical dependence, any improving restraint",2,. That's what we're going to read indeed. Very satisfactory,"on their sabbatical dependence, any improving restraint",1569.1599999999999,1572.4599999999998
91,1,mic_fileid_91_doa65_3spk_1.wav,4.0,4,mean_all_channels,1572.0,1576.0,144,3.9814424910000525,4.0,1576.0,1576.000097999,9.799899999052286e-05,0.5,1,1.0000000621821066,0.9953606227500131,2,. That's what we're going to read indeed. Very satisfactory,2,. Barbara G. Mon ofa told me today how our troops,,1573.34,1576.4399999999998
91,2,mic_fileid_91_doa65_3spk_2.wav,4.0,4,mean_all_channels,1576.0,1580.0,144,3.9801427510001304,4.0,1580.0,1580.000071015,7.101500000317174e-05,0.5,1,1.0000000449462025,0.9950356877500326,2,. Barbara G. Mon ofa told me today how our troops,2,are distinguishing themselves. It certainly does them credit and the,. Barbara G. Mon ofa told me today how our troops,1576.76,1580.48
91,3,mic_fileid_91_doa65_3spk_3.wav,4.0,4,mean_all_channels,1580.0,1584.0,144,3.9808594549999725,4.0,1584.0,1584.0000600919998,6.00919997850724e-05,0.5,1,1.0000000379368685,0.9952148637499931,2,are distinguishing themselves. It certainly does them credit and the,1,people too are quite mutinous.,are distinguishing themselves. It certainly does them credit and the,1580.6399999999999,1582.34
91,4,mic_fileid_91_doa65_3spk_4.wav,4.0,4,mean_all_channels,1584.0,1588.0,144,3.9793113900000208,4.0,1588.0,1588.0001639759998,0.00016397599983974942,0.5,1,1.0000001032594457,0.9948278475000052,1,people too are quite mutinous.,1,[INAUDIBLE,people too are quite mutinous.,1586.32,1586.321
92,1,mic_fileid_92_doa79_3spk_1.wav,4.0,4,mean_all_channels,1588.0,1592.0,256,3.978362724999897,4.0,1592.0,1592.000253728,0.0002537279999614839,0.5,1,1.0000001593768844,0.9945906812499743,2,[INAUDIBLE ],3,] [ [ [ [ [ [ [ [ [ [ [ [ [ [ [ [ [ [ [ [ [ [ [ [ [ [ [ [ [ [ [ [ [ [ [ [ [ [ [ [ [ [ [ [ [ [ [ [ [ [ [ [ [ [ [ [ [ [ [ [ [ [ [ [ [ [ [ [ [ [ [ [ [ [ [ [ [ [ [ [ [ [ [ [ [ [ [ [ [ [ [ [ [ [ [ [ [ [ [ [ [ [ [ [ [ [ [ [ [ [ [ [ [ [ [ [ [ [ [ [ [ [ [ [ [ [ [ [ [ [ [ [ [ [ [ [ [ [ [ [ [ [ [ [ [ [ [ [ [ [ [ [ [ [ [ [ [ [ [ [ [ [ [ [ [ [ [ [ [ [ [ [ [ [ [ [ [ [ [ [ [ [ [ [ [ [ [ [ [ [ [ [ [ [ [ [ [ [ [ [ [ [ [ [ [ [ [ [ [ [ [ [ [ [ [ [ [ [ [ [ [ [ [ [ [ [ [ [ [ [ [ [ [ [ [ [ [ [ [ [ [ [ [ [ [ [ [ [ [ [ [ [ [ [ [ [ [ [ [ [ [ [ [ [ [ [ [ [ [ [ [ [ [ [ [ [ [ [ [ [ [ [ [ [ [ [ [ [ [ [ [ [ [ [ [ [ [ [ [ [ [ [ [ [ [ [ [ [ [ [ [ [ [ [ [ [ [ [ [ [ [ [ [ [ [ [ [ [ [ [ [ [ [ [ [ [ [ [ [ [ [ [ [ [ [ [ [ [ [ [ [ [ [ [ [ [ [ [ [ [ [ [ [ [ [ [ [ [ [ [ [ [ [ [ [ [ [ [ [ [ [ [ [ [ [ [ [ [ [ [ [ [ [ [ [ [ [ [ [ [ [ [ [ [ [ [ [ [ [ [ [ [ [ [ [ [ [ [ [ [ [ [ [ [ [ [ [ [ [ [ [ [ [ [ [ [ [ [ [ [ [ [ [ [INAUDIBLE],,1588.02,1593.3799999999999
92,2,mic_fileid_92_doa79_3spk_2.wav,4.0,4,mean_all_channels,1592.0,1596.0,256,3.9757641520000107,4.0,1596.0,1596.000126384,0.00012638399994102656,0.5,1,1.00000007918797,0.9939410380000027,0,,1,[INAUDIBLE,] [ [ [ [ [ [ [ [ [ [ [ [ [ [ [ [ [ [ [ [ [ [ [ [ [ [ [ [ [ [ [ [ [ [ [ [ [ [ [ [ [ [ [ [ [ [ [ [ [ [ [ [ [ [ [ [ [ [ [ [ [ [ [ [ [ [ [ [ [ [ [ [ [ [ [ [ [ [ [ [ [ [ [ [ [ [ [ [ [ [ [ [ [ [ [ [ [ [ [ [ [ [ [ [ [ [ [ [ [ [ [ [ [ [ [ [ [ [ [ [ [ [ [ [ [ [ [ [ [ [ [ [ [ [ [ [ [ [ [ [ [ [ [ [ [ [ [ [ [ [ [ [ [ [ [ [ [ [ [ [ [ [ [ [ [ [ [ [ [ [ [ [ [ [ [ [ [ [ [ [ [ [ [ [ [ [ [ [ [ [ [ [ [ [ [ [ [ [ [ [ [ [ [ [ [ [ [ [ [ [ [ [ [ [ [ [ [ [ [ [ [ [ [ [ [ [ [ [ [ [ [ [ [ [ [ [ [ [ [ [ [ [ [ [ [ [ [ [ [ [ [ [ [ [ [ [ [ [ [ [ [ [ [ [ [ [ [ [ [ [ [ [ [ [ [ [ [ [ [ [ [ [ [ [ [ [ [ [ [ [ [ [ [ [ [ [ [ [ [ [ [ [ [ [ [ [ [ [ [ [ [ [ [ [ [ [ [ [ [ [ [ [ [ [ [ [ [ [ [ [ [ [ [ [ [ [ [ [ [ [ [ [ [ [ [ [ [ [ [ [ [ [ [ [ [ [ [ [ [ [ [ [ [ [ [ [ [ [ [ [ [ [ [ [ [ [ [ [ [ [ [ [ [ [ [ [ [ [ [ [ [ [ [ [ [ [ [ [ [ [ [ [ [ [ [ [ [ [ [ [ [ [ [ [ [ [ [ [ [ [ [ [ [ [ [ [ [ [ [ [ [ [ [ [ [ [ [ [ [ [ [ [ [ [INAUDIBLE],1595.02,1595.58
92,3,mic_fileid_92_doa79_3spk_3.wav,4.0,4,mean_all_channels,1596.0,1600.0,256,3.9770584479999798,4.0,1600.0,1600.000121004,0.00012100399999326328,0.5,1,1.0000000756275,0.9942646119999949,2,[ [ [ [ [ [ [ [ [ [ [ [ [ [ [ [ [ [ [ [ [ [ [ [ [ [ [ [ [ [ [ [ [ [ [ [ [ [ [ [ [ [ [ [ [ [ [ [ [ [ [ [ [ [ [ [ [ [ [ [ [ [ [ [ [ [ [ [ [ [ [ [ [ [ [ [ [ [ [ [ [ [ [ [ [ [ [ [ [ [ [ [ [ [ [ [ [ [ [ [ [ [ [ [ [ [ [ [ [ [ [ [ [ [ [ [ [ [ [ [ [ [ [ [ [ [ [ [ [ [ [ [ [ [ [ [ [ [ [ [ [ [ [ [ [ [ [ [ [ [ [ [ [ [ [ [ [ [ [ [ [ [ [ [ [ [ [ [ [ [ [ [ [ [ [ [ [ [ [ [ [ [ [ [ [ [ [ [ [ [ [ [ [ [ [ [ [ [ [ [ [ [ [ [ [ [ [ [ [ [ [ [ [ [ [ [ [ [ [ [ [ [ [ [ [ [ [ [ [ [ [ [ [ [ [ [ [ [ [ [ [ [ [ [ [ [ [ [ [ [ [ [ [ [ [ [ [ [ [ [ [ [ [ [ [ [ [ [ [ [ [ [ [ [ [ [ [ [ [ [ [ [ [ [ [ [ [ [ [ [ [ [ [ [ [ [ [ [ [ [ [ [ [ [ [ [ [ [ [ [ [ [ [ [ [ [ [ [ [ [ [ [ [ [ [ [ [ [ [ [ [ [ [ [ [ [ [ [ [ [ [ [ [ [ [ [ [ [ [ [ [ [ [ [ [ [ [ [ [ [ [ [ [ [ [ [ [ [ [ [ [ [ [ [ [ [ [ [ [ [ [ [ [ [ [ [ [ [ [ [ [ [ [ [ [ [ [ [ [ [ [ [ [ [ [ [ [ [ [ [ [ [ [ [ [ [ [ [ [ [ [ [ [ [ [ [ [ [ [ [ [ [ [ [ [ [ [ [ [ [ [ [ [ [INAUDIBLE],1,What is always more of a challenge.,[INAUDIBLE,1597.5,1599.96
92,4,mic_fileid_92_doa79_3spk_4.wav,4.0,4,mean_all_channels,1600.0,1604.0,256,3.9821034870001313,4.0,1604.0,1604.0001001839998,0.00010018399984801363,0.5,1,1.0000000624588528,0.9955258717500328,1,[INAUDIBLE,1,[BLANK,What is always more of a challenge.,1600.72,1600.721
92,5,mic_fileid_92_doa79_3spk_5.wav,4.0,4,mean_all_channels,1604.0,1608.0,256,3.9724927020001815,4.0,1608.0,1608.000061277,6.127699998614844e-05,0.5,1,1.000000038107587,0.9931231755000454,2,What is always more of a challenge. [BLANK,2,Spongebob's have guided men along the path of truth since,[BLANK,1604.46,1608.2
93,1,mic_fileid_93_doa3_3spk_1.wav,4.0,4,mean_all_channels,1608.0,1612.0,3,3.97863619199984,4.0,1612.0,1612.000120466,0.00012046599999848695,0.5,1,1.0000000747307691,0.99465904799996,1,Spongebob's have guided men along the,2,the beginning of the world from what hope she's,,1608.56,1612.4
93,2,mic_fileid_93_doa3_3spk_2.wav,4.0,4,mean_all_channels,1612.0,1616.0,3,3.9841925470000206,4.0,1616.0,1616.0002003119998,0.00020031199983350234,0.5,1,1.0000001239554455,0.9960481367500051,2,path of truth since the beginning of the world,2,lost to 15 .,the beginning of the world from what hope she's,1612.52,1614.581
93,3,mic_fileid_93_doa3_3spk_3.wav,4.0,4,mean_all_channels,1616.0,1620.0,3,3.9730192740000803,4.0,1620.0,1620.0001552449999,0.0001552449998598604,0.5,1,1.0000000958302468,0.9932548185000201,2,from what hope she's lost to 15,1,The thought occurred to me.,lost to 15 .,1616.48,1618.3
93,4,mic_fileid_93_doa3_3spk_4.wav,4.0,4,mean_all_channels,1620.0,1624.0,3,3.9818934759998683,4.0,1624.0,1624.0001479379998,0.0001479379998272634,0.5,1,1.0000000910948275,0.9954733689999671,2,. The thought occurred to me.,3,"And for you, she had to kindly address the legitimate woman who had the recommendation to be",The thought occurred to me.,1620.48,1624.46
94,1,mic_fileid_94_doa101_3spk_1.wav,4.0,4,mean_all_channels,1624.0,1628.0,101,3.9800307440000324,4.0,1628.0,1628.0001348179999,0.00013481799987857812,0.5,1,1.0000000828120392,0.9950076860000081,2,"And for you, she had to kindly address the legitimate",2,"cared for, getting in connections and position, and she shouted, ""Up everything",,1624.58,1628.44
94,2,mic_fileid_94_doa101_3spk_2.wav,4.0,4,mean_all_channels,1628.0,1632.0,101,3.9790576939999482,4.0,1632.0,1632.000135566,0.00013556599992625706,0.5,1,1.0000000830674018,0.9947644234999871,2,"woman who had the recommendation to be cared for, getting in connections and",2,", exactly."" ""We have to buy it on out.""","cared for, getting in connections and position, and she shouted, ""Up everything",1628.86,1631.76
94,3,mic_fileid_94_doa101_3spk_3.wav,4.0,4,mean_all_channels,1632.0,1636.0,101,3.9748670260000836,4.0,1636.0,1636.0001431379999,0.00014313799988485698,0.5,1,1.000000087492665,0.9937167565000209,2,"position, and she shouted, ""Up everything , exactly.""",1,"""This little white bed.""",", exactly."" ""We have to buy it on out.""",1631.94,1633.42
94,4,mic_fileid_94_doa101_3spk_4.wav,4.0,4,mean_all_channels,1636.0,1640.0,101,3.979083832000015,4.0,1640.0,1640.0002036659998,0.00020366599983390188,0.5,1,1.0000001241865852,0.9947709580000037,2,"""We have to buy it on out."" ""This little white bed.""",3,"""What's the fact that you're in, in your personal care","""This little white bed.""",1635.78,1640.2
95,1,mic_fileid_95_doa59_3spk_1.wav,4.0,4,mean_all_channels,1640.0,1644.0,125,3.9758218560000387,4.0,1644.0,1644.000097765,9.776499996405619e-05,0.5,1,1.0000000594677616,0.9939554640000097,2,"""What's the fact that you're in, in",2,for health and security. Surely it is not possible to be a lover-wise,,1640.54,1644.46
95,2,mic_fileid_95_doa59_3spk_2.wav,4.0,4,mean_all_channels,1644.0,1648.0,125,3.978192447000083,4.0,1648.0,1648.000073928,7.392799989247578e-05,0.5,1,1.0000000448592232,0.9945481117500208,2,your personal care for health and security.,2,anymore than it was being possible.,for health and security. Surely it is not possible to be a lover-wise,1644.9,1647.32
95,3,mic_fileid_95_doa59_3spk_3.wav,4.0,4,mean_all_channels,1648.0,1652.0,125,3.9797517729998617,4.0,1652.0,1652.0001734619998,0.00017346199979328958,0.5,1,1.0000001050012106,0.9949379432499654,2,Surely it is not possible to be a lover-wise anymore than it was,1,I promise.,anymore than it was being possible.,1647.64,1648.48
95,4,mic_fileid_95_doa59_3spk_4.wav,4.0,4,mean_all_channels,1652.0,1656.0,125,3.978809767999792,4.0,1656.0,1656.0003256539999,0.00032565399988015997,0.5,1,1.0000001966509662,0.994702441999948,2,being possible. I promise.,3,"Then with his other hand, he 's not going to be able to follow Ryan Sharks.",I promise.,1652.16,1655.9
96,1,mic_fileid_96_doa99_3spk_1.wav,4.0,4,mean_all_channels,1656.0,1660.0,160,3.9732322919999206,4.0,1660.0,1660.000189555,0.00018955499990624958,0.5,1,1.000000114189759,0.9933080729999801,2,"Then with his other hand, he",2,Even when I still have the biceps. It's rounding hard as a cricket ball. Spring up under the,,1656.06,1660.48
96,2,mic_fileid_96_doa99_3spk_2.wav,4.0,4,mean_all_channels,1660.0,1664.0,160,3.978331474000015,4.0,1664.0,1664.0001575,0.00015749999988656782,0.5,1,1.0000000946514422,0.9945828685000038,2,'s not going to be able to follow Ryan Sharks. Even when I still have the biceps.,2,spines. Feel that. The public,Even when I still have the biceps. It's rounding hard as a cricket ball. Spring up under the,1660.62,1664.1
96,3,mic_fileid_96_doa99_3spk_3.wav,4.0,4,mean_all_channels,1664.0,1668.0,160,3.9794951330000004,4.0,1668.0,1668.000165405,0.00016540499996153812,0.5,1,1.000000099163669,0.9948737832500001,2,It's rounding hard as a cricket ball. Spring up under the spines. Feel that.,2,can make a good session of meetings in 2020.,spines. Feel that. The public,1664.4,1667.5
96,4,mic_fileid_96_doa99_3spk_4.wav,4.0,4,mean_all_channels,1668.0,1672.0,160,3.978611968999985,4.0,1672.0,1672.0003170399998,0.00031703999979981745,0.5,1,1.0000001896172248,0.9946529922499963,2,The public can make a good session of meetings,2,[BLANK _,can make a good session of meetings in 2020.,1668.32,1671.721
96,5,mic_fileid_96_doa99_3spk_5.wav,4.0,4,mean_all_channels,1672.0,1676.0,160,3.980738760000122,4.0,1676.0,1676.0002165189999,0.00021651899987773504,0.5,1,1.0000001291879475,0.9951846900000305,2,in 2020. [BLANK,2,__________________________ __________________________________________________________________________________________________________________________________________________________________________________________________________________________________________________________________________________________________________________________________________________________________________________________________________________________________,[BLANK _,1672.98,1674.44
97,1,mic_fileid_97_doa115_3spk_1.wav,4.0,4,mean_all_channels,1676.0,1680.0,251,3.9796011139999337,4.0,1680.0,1680.0001610479999,0.0001610479998817027,0.5,1,1.0000000958619046,0.9949002784999834,2,_ __________________________,1,around almost a series of cells. Let us draw lots. Let us draw lots,,1675.04,1679.78
97,2,mic_fileid_97_doa115_3spk_2.wav,4.0,4,mean_all_channels,1680.0,1684.0,251,3.9781488579999404,4.0,1684.0,1684.00019082,0.0001908199999434146,0.5,1,1.0000001133135392,0.9945372144999851,0,,2,Right on the brigands. (,around almost a series of cells. Let us draw lots. Let us draw lots,1680.42,1681.681
97,3,mic_fileid_97_doa115_3spk_3.wav,4.0,4,mean_all_channels,1684.0,1688.0,251,3.9773644270001114,4.0,1688.0,1688.0001950909998,0.00019509099979586608,0.5,1,1.000000115575237,0.9943411067500278,2,__________________________________________________________________________________________________________________________________________________________________________________________________________________________________________________________________________________________________________________________________________________________________________________________________________________________________ around almost a series of cells. Let us draw lots. Let us draw lots,1,I,Right on the brigands. (,1686.3000000000002,1686.3010000000002
97,4,mic_fileid_97_doa115_3spk_4.wav,4.0,4,mean_all_channels,1688.0,1692.0,251,3.9789275590001125,4.0,1692.0,1692.0000926859998,9.268599978895509e-05,0.5,1,1.0000000547789596,0.9947318897500281,2,Right on the brigands. (,2,have no sense of a reason why I was here today. A pestering me for a subscription to all,I,1686.8000000000002,1691.7800000000002
98,1,mic_fileid_98_doa46_3spk_1.wav,4.0,4,mean_all_channels,1692.0,1696.0,128,3.972736685999962,4.0,1696.0,1696.0001804429999,0.00018044299986286205,0.5,1,1.0000001063932782,0.9931841714999905,1,I,2,the carpet with a vest of grass and also tail growth if you could,,1692.1000000000001,1695.8600000000001
98,2,mic_fileid_98_doa46_3spk_2.wav,4.0,4,mean_all_channels,1696.0,1700.0,128,3.9649089350000395,4.0,1700.0,1700.000076907,7.690699999329809e-05,0.5,1,1.0000000452394118,0.9912272337500099,2,have no sense of a reason why I was here today. A pestering me for a subscription to all,2,permit to test that on everybody on the mountain.,the carpet with a vest of grass and also tail growth if you could,1695.98,1699.4
98,3,mic_fileid_98_doa46_3spk_3.wav,4.0,4,mean_all_channels,1700.0,1704.0,128,3.9735999399999855,4.0,1704.0,1704.000218575,0.00021857499996258412,0.5,1,1.0000001282717137,0.9933999849999964,2,the carpet with a vest of grass and also tail growth if you could,2,She put a horse on it. She,permit to test that on everybody on the mountain.,1699.5400000000002,1702.0610000000001
98,4,mic_fileid_98_doa46_3spk_4.wav,4.0,4,mean_all_channels,1704.0,1708.0,128,3.970703765000053,4.0,1708.0,1708.000199745,0.00019974499991803896,0.5,1,1.0000001169467212,0.9926759412500132,2,permit to test that on everybody on the mountain.,2,is proud . He does not look upon himself,She put a horse on it. She,1703.0800000000002,1707.7
99,1,mic_fileid_99_doa33_3spk_1.wav,4.0,4,mean_all_channels,1708.0,1712.0,247,3.9754987480000636,4.0,1712.0,1712.000171208,0.00017120799998338043,0.5,1,1.000000100004673,0.9938746870000159,2,She put a horse on it. She,2,"as a free agent, working out his own personal salvation.",,1708.16,1711.5800000000002
99,2,mic_fileid_99_doa33_3spk_2.wav,4.0,4,mean_all_channels,1712.0,1716.0,247,3.9702136670000527,4.0,1716.0,1716.000248596,0.00024859599989213166,0.5,1,1.0000001448694638,0.9925534167500132,2,is proud . He does not look upon himself,2,Spiritual agonizing is their known technique. He has a sense,"as a free agent, working out his own personal salvation.",1712.1200000000001,1715.6000000000001
99,3,mic_fileid_99_doa33_3spk_3.wav,4.0,4,mean_all_channels,1716.0,1720.0,247,3.9685060250001243,4.0,1720.0,1720.0002209539998,0.00022095399981481023,0.5,1,1.0000001284616278,0.9921265062500311,2,"as a free agent, working out his own personal salvation.",1,of calm trust in fate.,Spiritual agonizing is their known technique. He has a sense,1716.0600000000002,1717.8600000000001
99,4,mic_fileid_99_doa33_3spk_4.wav,4.0,4,mean_all_channels,1720.0,1724.0,247,3.974159616999941,4.0,1724.0,1724.000091656,9.165599999505503e-05,0.5,1,1.0000000531647333,0.9935399042499853,2,Spiritual agonizing is their known technique. He has a sense,1,but continue to sing her lines as,of calm trust in fate.,1722.26,1723.8000000000002
99,5,mic_fileid_99_doa33_3spk_5.wav,4.0,4,mean_all_channels,1724.0,1728.0,247,3.982722486000057,4.0,1728.0,1728.0001660429998,0.0001660429998082691,0.5,1,1.0000000960896989,0.9956806215000142,1,of calm trust in fate.,1,before.,but continue to sing her lines as,1724.0400000000002,1725.1200000000001
100,1,mic_fileid_100_doa58_3spk_1.wav,4.0,4,mean_all_channels,1728.0,1732.0,258,3.9780805139998847,4.0,1732.0,1732.000125097,0.0001250969999091467,0.5,1,1.0000000722269053,0.9945201284999712,1,but continue to sing her lines as,2,growing people might laugh at her. The children seem to enjoy them very much and not one of them was,,1726.44,1731.6200000000001
100,2,mic_fileid_100_doa58_3spk_2.wav,4.0,4,mean_all_channels,1732.0,1736.0,258,3.9791871709999214,4.0,1736.0,1736.000076972,7.697199998801807e-05,0.5,1,1.0000000443387096,0.9947967927499803,1,before.,3,too quiet and sad by her verses. February.,growing people might laugh at her. The children seem to enjoy them very much and not one of them was,1731.9,1735.66
100,3,mic_fileid_100_doa58_3spk_3.wav,4.0,4,mean_all_channels,1736.0,1740.0,258,3.9812714559998312,4.0,1740.0,1740.000063455,6.345499991766701e-05,0.5,1,1.0000000364683908,0.9953178639999578,2,growing people might laugh at her. The children seem to enjoy them very much and not one of them was,1,Such,too quiet and sad by her verses. February.,1739.72,1739.721
100,4,mic_fileid_100_doa58_3spk_4.wav,4.0,4,mean_all_channels,1740.0,1744.0,258,3.9791953550000017,4.0,1744.0,1744.000468262,0.0004682619999130111,0.5,1,1.0000002684988532,0.9947988387500004,2,too quiet and sad by her verses.,2,a kind gentleman. So you would help world.,Such,1739.96,1743.44
101,1,mic_fileid_101_doa238_3spk_1.wav,4.0,4,mean_all_channels,1744.0,1748.0,272,3.974482323999837,4.0,1748.0,1748.000131289,0.0001312889999098843,0.5,1,1.0000000751081235,0.9936205809999592,2,February. Such,2,"I will, so long as you are honest.",,1745.0,1747.6200000000001
101,2,mic_fileid_101_doa238_3spk_2.wav,4.0,4,mean_all_channels,1748.0,1752.0,272,3.9772814030000063,4.0,1752.0,1752.0000656519999,6.565199987562664e-05,0.5,1,1.0000000374726026,0.9943203507500016,2,a kind gentleman. So you would help world.,3,Terry Frost is telling us to introduce to you the answer. The,"I will, so long as you are honest.",1747.74,1751.261
101,3,mic_fileid_101_doa238_3spk_3.wav,4.0,4,mean_all_channels,1752.0,1756.0,272,3.977262580999877,4.0,1756.0,1756.0001755039998,0.0001755039997988206,0.5,1,1.0000000999453302,0.9943156452499693,2,"I will, so long as you are honest.",1,considerations relate,Terry Frost is telling us to introduce to you the answer. The,1754.7800000000002,1755.7
101,4,mic_fileid_101_doa238_3spk_4.wav,4.0,4,mean_all_channels,1756.0,1760.0,272,3.9800372080001125,4.0,1760.0,1760.000183118,0.0001831179999953747,0.5,1,1.0000001040443183,0.9950093020000281,2,Terry Frost is telling us to introduce to you the answer.,2,to the first two seats of the third year in a representative's government.,considerations relate,1756.0400000000002,1759.38
102,1,mic_fileid_102_doa204_3spk_1.wav,4.0,4,mean_all_channels,1760.0,1764.0,324,3.97493691700015,4.0,1764.0,1764.0001029569999,0.00010295699985363171,0.5,1,1.000000058365646,0.9937342292500375,2,The considerations relate,2,The third is for the future of the world. The future,,1759.381,1762.88
102,2,mic_fileid_102_doa204_3spk_2.wav,4.0,4,mean_all_channels,1764.0,1768.0,324,3.977087040000015,4.0,1768.0,1768.0000644489999,6.444899986490782e-05,0.5,1,1.0000000364530541,0.9942717600000037,2,to the first two seats of the third year in a representative's government.,3,"is not to fulfill the part which belongs to them, but to them . The way of worldly goods to leave to",The third is for the future of the world. The future,1763.0600000000002,1768.5600000000002
102,3,mic_fileid_102_doa204_3spk_3.wav,4.0,4,mean_all_channels,1768.0,1772.0,324,3.974713786999928,4.0,1772.0,1772.000257686,0.0002576859999408043,0.5,1,1.0000001454209932,0.993678446749982,2,The third is for the future of the world. The future,1,the world is,"is not to fulfill the part which belongs to them, but to them . The way of worldly goods to leave to",1768.74,1770.02
102,4,mic_fileid_102_doa204_3spk_4.wav,4.0,4,mean_all_channels,1772.0,1776.0,324,3.977463154999896,4.0,1776.0,1776.000195372,0.00019537200000740995,0.5,1,1.0000001100067568,0.994365788749974,2,"is not to fulfill the part which belongs to them, but to them .",2,a common bad taste. With your reality in your voice,the world is,1772.16,1775.66
103,1,mic_fileid_103_doa27_3spk_1.wav,4.0,4,mean_all_channels,1776.0,1780.0,59,3.981654510999988,4.0,1780.0,1780.000158136,0.00015813599998182326,0.5,1,1.0000000888404494,0.995413627749997,2,The way of worldly goods to leave to the world is,2,", differing much from the total advantage she had led to the obstacle.",,1775.9,1778.94
103,2,mic_fileid_103_doa27_3spk_2.wav,4.0,4,mean_all_channels,1780.0,1784.0,59,3.97877572099992,4.0,1784.0,1784.000143286,0.0001432859999113134,0.5,1,1.0000000803172646,0.99469393024998,2,a common bad taste. With your reality in your voice,3,What loose set her sister involved in rehab. So many that have learned.,", differing much from the total advantage she had led to the obstacle.",1780.14,1783.92
103,3,mic_fileid_103_doa27_3spk_3.wav,4.0,4,mean_all_channels,1784.0,1788.0,59,3.969669832000136,4.0,1788.0,1788.0001449659999,0.00014496599987978698,0.5,1,1.0000000810771812,0.992417458000034,2,", differing much from the total advantage she had led to the obstacle.",1,But in the yard there was a light from,What loose set her sister involved in rehab. So many that have learned.,1786.1200000000001,1787.8000000000002
103,4,mic_fileid_103_doa27_3spk_4.wav,4.0,4,mean_all_channels,1788.0,1792.0,59,3.9825395650000246,4.0,1792.0,1792.00017289,0.0001728899999307032,0.5,1,1.0000000964787945,0.9956348912500061,2,What loose set her sister involved in rehab.,2,all fire and a little mentishi on the mile and a half away,But in the yard there was a light from,1788.0400000000002,1791.6200000000001
104,1,mic_fileid_104_doa10_3spk_1.wav,4.0,4,mean_all_channels,1792.0,1796.0,301,3.9792937939998865,4.0,1796.0,1796.000209999,0.00020999899993512372,0.5,1,1.0000001169259465,0.9948234484999716,2,So many that have learned. But in the yard there was a light from,2,through the night. It came in the noise of people shouting at a ta,,1791.92,1795.7800000000002
104,2,mic_fileid_104_doa10_3spk_2.wav,4.0,4,mean_all_channels,1796.0,1800.0,301,3.9746134860001803,4.0,1800.0,1800.0001486509998,0.00014865099979033403,0.5,1,1.0000000825838888,0.9936533715000451,2,all fire and a little mentishi on the mile and a half away,3,"vern, but Monif's Cossacks have set up across the way to the report.",through the night. It came in the noise of people shouting at a ta,1795.94,1799.92
104,3,mic_fileid_104_doa10_3spk_3.wav,4.0,4,mean_all_channels,1800.0,1804.0,301,3.975876922999987,4.0,1804.0,1804.00025229,0.0002522899999348738,0.5,1,1.0000001398503326,0.9939692307499968,2,through the night. It came in the noise of people shouting at a ta,1,Thank you.,"vern, but Monif's Cossacks have set up across the way to the report.",1800.76,1801.0600000000002
104,4,mic_fileid_104_doa10_3spk_4.wav,4.0,4,mean_all_channels,1804.0,1808.0,301,3.9770469380000577,4.0,1808.0,1808.0000940599998,9.40599998102698e-05,0.5,1,1.0000000520243362,0.9942617345000144,2,"vern, but Monif's Cossacks have set up across the way to the",1,I didn't see both of them. There was anyone,Thank you.,1806.3200000000002,1807.6000000000001
104,5,mic_fileid_104_doa10_3spk_5.wav,4.0,4,mean_all_channels,1808.0,1812.0,301,3.981234403000144,4.0,1812.0,1812.0001555089998,0.00015550899979643873,0.5,1,1.0000000858217437,0.995308600750036,2,report. Thank you.,2,who didn't know those sharp ones. Squeak the voices. They rather get,I didn't see both of them. There was anyone,1807.98,1811.88
105,1,mic_fileid_105_doa7_3spk_1.wav,4.0,4,mean_all_channels,1812.0,1816.0,134,3.9742303560001346,4.0,1816.0,1816.0001410379998,0.00014103799981057819,0.5,1,1.0000000776640967,0.9935575890000337,1,I didn't see both of them. There was anyone,2,"on my nerves. If anybody wants to squeak like that, you can",,1811.96,1815.8600000000001
105,2,mic_fileid_105_doa7_3spk_2.wav,4.0,4,mean_all_channels,1816.0,1820.0,134,3.976543035999839,4.0,1820.0,1820.00008011,8.01099999989674e-05,0.5,1,1.0000000440164836,0.9941357589999598,2,who didn't know those sharp ones. Squeak the voices. They rather get,2,sing as Rosebreaths on it is more than I can understand in document,"on my nerves. If anybody wants to squeak like that, you can",1816.0600000000002,1819.4
105,3,mic_fileid_105_doa7_3spk_3.wav,4.0,4,mean_all_channels,1820.0,1824.0,134,3.97543830099994,4.0,1824.0,1824.000212664,0.0002126639999460167,0.5,1,1.0000001165921053,0.993859575249985,2,"on my nerves. If anybody wants to squeak like that, you can",1,.,sing as Rosebreaths on it is more than I can understand in document,1820.0,1820.001
105,4,mic_fileid_105_doa7_3spk_4.wav,4.0,4,mean_all_channels,1824.0,1828.0,134,3.977341375999913,4.0,1828.0,1828.0001346919998,0.00013469199984683655,0.5,1,1.0000000736827133,0.9943353439999782,2,sing as Rosebreaths on it is more than I can understand in document,2,It seemed like learning to play with people was sufficient to show them why they didn 't do much and they might have been taught,.,1822.46,1827.66
106,1,mic_fileid_106_doa79_3spk_1.wav,4.0,4,mean_all_channels,1828.0,1832.0,130,3.9767822420001266,4.0,1832.0,1832.000201786,0.00020178599993414537,0.5,1,1.0000001101451965,0.9941955605000317,1,.,2,"what night is good to wear gowns , and heavy squalls from that",,1828.48,1831.8400000000001
106,2,mic_fileid_106_doa79_3spk_2.wav,4.0,4,mean_all_channels,1832.0,1836.0,130,3.9700644849999662,4.0,1836.0,1836.000177925,0.0001779249998890009,0.5,1,1.0000000969090412,0.9925161212499916,2,It seemed like learning to play with people was sufficient to show them why they didn 't do much and they might have been taught,2,on the spread of gases. There must be better ways to,"what night is good to wear gowns , and heavy squalls from that",1831.96,1834.8200000000002
106,3,mic_fileid_106_doa79_3spk_3.wav,4.0,4,mean_all_channels,1836.0,1840.0,130,3.9791055179998693,4.0,1840.0,1840.000209542,0.00020954199999323464,0.5,1,1.0000001138815218,0.9947763794999673,2,"what night is good to wear gowns , and heavy squalls from that",2,do it. What's up?,on the spread of gases. There must be better ways to,1835.0600000000002,1839.6000000000001
106,4,mic_fileid_106_doa79_3spk_4.wav,4.0,4,mean_all_channels,1840.0,1844.0,130,3.977597849000176,4.0,1844.0,1844.000250418,0.00025041799995051406,0.5,1,1.0000001358015185,0.994399462250044,2,on the spread of gases. There must be better ways to,2,Surprise at William 's and his woman and at the same,do it. What's up?,1840.7,1843.66
107,1,mic_fileid_107_doa58_3spk_1.wav,4.0,4,mean_all_channels,1844.0,1848.0,58,3.9670658929999263,4.0,1848.0,1848.0000857579998,8.57579998410074e-05,0.5,1,1.000000046405844,0.9917664732499816,2,do it. What's up?,2,time rather gratified to find reflection of his own feelings about the period which,,1844.0400000000002,1847.3200000000002
107,2,mic_fileid_107_doa58_3spk_2.wav,4.0,4,mean_all_channels,1848.0,1852.0,58,3.971685611999874,4.0,1852.0,1852.0002260259998,0.00022602599983656546,0.5,1,1.0000001220442765,0.9929214029999684,2,Surprise at William 's and his woman and at the same,3,Colson's face was parallel to England . I play.,time rather gratified to find reflection of his own feelings about the period which,1848.24,1851.18
107,3,mic_fileid_107_doa58_3spk_3.wav,4.0,4,mean_all_channels,1852.0,1856.0,58,3.9714519640001527,4.0,1856.0,1856.00015472,0.00015471999995497754,0.5,1,1.000000083362069,0.9928629910000382,2,time rather gratified to find reflection of his own feelings about the period which,1,I play,Colson's face was parallel to England . I play.,1854.5800000000002,1855.7
107,4,mic_fileid_107_doa58_3spk_4.wav,4.0,4,mean_all_channels,1856.0,1860.0,58,3.9643729330000497,4.0,1860.0,1860.000160593,0.00016059299991866283,0.5,1,1.0000000863403224,0.9910932332500124,2,Colson's face was parallel to England .,1,themselves would simply be put their own turban in subordination,I play,1856.74,1859.72
108,1,mic_fileid_108_doa63_3spk_1.wav,4.0,4,mean_all_channels,1860.0,1864.0,63,3.9722659619999376,4.0,1864.0,1864.000181382,0.00018138199993700255,0.5,1,1.00000009730794,0.9930664904999844,2,I play. I play,2,. She's clever. You may have I should never be able to get that right.,,1860.52,1863.26
108,2,mic_fileid_108_doa63_3spk_2.wav,4.0,4,mean_all_channels,1864.0,1868.0,63,3.962843844999952,4.0,1868.0,1868.0002071899999,0.0002071899998554727,0.5,1,1.0000001109154175,0.990710961249988,1,themselves would simply be put their own turban in subordination,1,would impose on their savage independence any improving restraint,. She's clever. You may have I should never be able to get that right.,1864.44,1867.7
108,3,mic_fileid_108_doa63_3spk_3.wav,4.0,4,mean_all_channels,1868.0,1872.0,63,3.970566953999878,4.0,1872.0,1872.0001414419999,0.00014144199985821615,0.5,1,1.0000000755566238,0.9926417384999695,2,. She's clever. You may have I should never be able to get that right.,2,. Nor are they ever recalled without,would impose on their savage independence any improving restraint,1868.52,1871.7800000000002
108,4,mic_fileid_108_doa63_3spk_4.wav,4.0,4,mean_all_channels,1872.0,1876.0,63,3.9639597340001274,4.0,1876.0,1876.000251303,0.00025130299991360516,0.5,1,1.000000133956823,0.9909899335000318,1,would impose on their savage independence any improving restraint,2,"earning back with them, or raids of sl umbering feelings and have forgotten the",. Nor are they ever recalled without,1872.1000000000001,1875.76
109,1,mic_fileid_109_doa236_3spk_1.wav,4.0,4,mean_all_channels,1876.0,1880.0,236,3.9729190770001424,4.0,1880.0,1880.000254937,0.0002549369999087503,0.5,1,1.0000001356047872,0.9932297692500356,2,. Nor are they ever recalled without,2,"image of our current. We hear the sweet, no voice of the mother",,1875.94,1879.68
109,2,mic_fileid_109_doa236_3spk_2.wav,4.0,4,mean_all_channels,1880.0,1884.0,236,3.97339212199995,4.0,1884.0,1884.000259194,0.0002591939999092574,0.5,1,1.0000001375764331,0.9933480304999875,2,"earning back with them, or raids of sl umbering feelings and have forgotten the",3,", singing soft lullabies to her darling. It","image of our current. We hear the sweet, no voice of the mother",1880.1000000000001,1882.981
109,3,mic_fileid_109_doa236_3spk_3.wav,4.0,4,mean_all_channels,1884.0,1888.0,236,3.9795513599999595,4.0,1888.0,1888.000161877,0.0001618769999822689,0.5,1,1.0000000857399365,0.9948878399999899,2,"image of our current. We hear the sweet, no voice of the mother",1,'s still,", singing soft lullabies to her darling. It",1886.52,1887.8200000000002
109,4,mic_fileid_109_doa236_3spk_4.wav,4.0,4,mean_all_channels,1888.0,1892.0,236,3.9745633960001214,4.0,1892.0,1892.0000909849998,9.098499981519126e-05,0.5,1,1.0000000480893234,0.9936408490000304,2,", singing soft lullabies to her darling.",3,in the hot. It's fine. It,'s still,1888.0,1891.582
110,1,mic_fileid_110_doa31_3spk_1.wav,4.0,4,mean_all_channels,1892.0,1896.0,265,3.97155745699979,4.0,1896.0,1896.000071855,7.185499998740852e-05,0.5,1,1.0000000378982068,0.9928893642499474,2,It 's still,1,will instruct your graduates to recommend them to their practices,,1892.7800000000002,1895.18
110,2,mic_fileid_110_doa31_3spk_2.wav,4.0,4,mean_all_channels,1896.0,1900.0,265,3.964330110999981,4.0,1900.0,1900.000239841,0.00023984099993867858,0.5,1,1.0000001262321052,0.9910825277499953,2,in the hot. It's fine.,2,. And today we cannot turn out so,will instruct your graduates to recommend them to their practices,1896.18,1899.8200000000002
110,3,mic_fileid_110_doa31_3spk_3.wav,4.0,4,mean_all_channels,1900.0,1904.0,265,3.971125986999823,4.0,1904.0,1904.00007726,7.725999989816046e-05,0.5,1,1.000000040577731,0.9927814967499557,2,It will instruct your graduates to recommend them to their practices,2,many as we work our way out of this unservice,. And today we cannot turn out so,1900.0400000000002,1903.8400000000001
111,1,mic_fileid_111_doa38_3spk_1.wav,4.0,4,mean_all_channels,1904.0,1908.0,186,3.9740802040000744,4.0,1908.0,1908.0002187369998,0.00021873699984098494,0.5,1,1.0000001146420334,0.9935200510000186,2,. And today we cannot turn out so,2,able and found out what we find behind the pitch done for the club.,,1904.3200000000002,1907.38
111,2,mic_fileid_111_doa38_3spk_2.wav,4.0,4,mean_all_channels,1908.0,1912.0,186,3.9694090069999675,4.0,1912.0,1912.0001585979999,0.00015859799987083534,0.5,1,1.0000000829487448,0.9923522517499919,2,many as we work our way out of this unservice,2,The right in the forehand is the Sunday 's free. What's the side of the fore,able and found out what we find behind the pitch done for the club.,1908.38,1911.76
111,3,mic_fileid_111_doa38_3spk_3.wav,4.0,4,mean_all_channels,1912.0,1916.0,186,3.9755001579999316,4.0,1916.0,1916.000136749,0.00013674899992111023,0.5,1,1.0000000713721293,0.9938750394999829,2,able and found out what we find behind the pitch done for the club.,2,for a while? And there. [BLANK,The right in the forehand is the Sunday 's free. What's the side of the fore,1912.0600000000002,1914.16
111,4,mic_fileid_111_doa38_3spk_4.wav,4.0,4,mean_all_channels,1916.0,1920.0,186,3.9794991339999797,4.0,1920.0,1920.0001150819999,0.0001150819998656516,0.5,1,1.0000000599385417,0.9948747834999949,2,The right in the forehand is the Sunday 's free. What's the side of the fore,1,So that's what I'm going to do in,for a while? And there. [BLANK,1918.3200000000002,1919.8400000000001
111,5,mic_fileid_111_doa38_3spk_5.wav,4.0,4,mean_all_channels,1920.0,1924.0,186,3.9783716169999934,4.0,1924.0,1924.000081194,8.119399990391685e-05,0.5,1,1.0000000422006237,0.9945929042499984,2,for a while? And there. [BLANK,2,the dry mountain here. The,So that's what I'm going to do in,1919.8410000000001,1921.161
112,1,mic_fileid_112_doa172_3spk_1.wav,4.0,4,mean_all_channels,1924.0,1928.0,172,3.9750426410000728,4.0,1928.0,1928.0000868559998,8.685599982527492e-05,0.5,1,1.0000000450497923,0.9937606602500182,1,So that's what I'm going to do in,2,rest of the students can't lie out alone in the mouths of the classmates that we touched by,,1923.02,1927.5600000000002
112,2,mic_fileid_112_doa172_3spk_2.wav,4.0,4,mean_all_channels,1928.0,1932.0,172,3.9815788939999948,4.0,1932.0,1932.0001324529999,0.0001324529998782964,0.5,1,1.0000000685574533,0.9953947234999987,2,the dry mountain here. The,2,"the day with a smile, a smile, a litmus , a smile.",rest of the students can't lie out alone in the mouths of the classmates that we touched by,1927.88,1930.5400000000002
112,3,mic_fileid_112_doa172_3spk_3.wav,4.0,4,mean_all_channels,1932.0,1936.0,172,3.979800795999836,4.0,1936.0,1936.000106149,0.00010614899997563043,0.5,1,1.0000000548290289,0.994950198999959,2,rest of the students can't lie out alone in the mouths of the classmates that we touched by,1,held in the sand.,"the day with a smile, a smile, a litmus , a smile.",1932.5,1933.6000000000001
112,4,mic_fileid_112_doa172_3spk_4.wav,4.0,4,mean_all_channels,1936.0,1940.0,172,3.976482661999853,4.0,1940.0,1940.000093339,9.333899993180239e-05,0.5,1,1.0000000481128866,0.9941206654999633,2,"the day with a smile, a smile, a litmus , a smile.",1,"No, he did some issues",held in the sand.,1938.7800000000002,1939.88
112,5,mic_fileid_112_doa172_3spk_5.wav,4.0,4,mean_all_channels,1940.0,1944.0,172,3.9765310899999804,4.0,1944.0,1944.000268418,0.00026841799990506843,0.5,1,1.000000138075103,0.9941327724999951,1,held in the sand.,2,. Never mind. It's not.,"No, he did some issues",1940.3400000000001,1942.8600000000001
113,1,mic_fileid_113_doa12_3spk_1.wav,4.0,4,mean_all_channels,1944.0,1948.0,64,3.9730454549999195,4.0,1948.0,1948.0002248009998,0.00022480099983113178,0.5,1,1.000000115400924,0.9932613637499799,1,"No, he did some issues",2,and then the delivery show at that junction. As with the journey to the ground.,,1944.7,1949.0400000000002
113,2,mic_fileid_113_doa12_3spk_2.wav,4.0,4,mean_all_channels,1948.0,1952.0,64,3.9756522939999286,4.0,1952.0,1952.0003591999998,0.00035919999982070294,0.5,1,1.0000001840163935,0.9939130734999821,2,. Never mind. It's not.,1,I exclude him alive,and then the delivery show at that junction. As with the journey to the ground.,1950.14,1951.5400000000002
113,3,mic_fileid_113_doa12_3spk_3.wav,4.0,4,mean_all_channels,1952.0,1956.0,64,3.9757845039998756,4.0,1956.0,1956.0001587479999,0.00015874799987614097,0.5,1,1.0000000811595091,0.9939461259999689,1,and then the delivery show at that junction.,2,to the earth. [BLANK,I exclude him alive,1952.0,1953.481
113,4,mic_fileid_113_doa12_3spk_4.wav,4.0,4,mean_all_channels,1956.0,1960.0,64,3.978648142999873,4.0,1960.0,1960.000136204,0.0001362040000003617,0.5,1,1.0000000694918367,0.9946620357499683,2,As with the journey to the ground. I exclude him alive,1,And what's that engine left for us,to the earth. [BLANK,1958.44,1959.8000000000002
113,5,mic_fileid_113_doa12_3spk_5.wav,4.0,4,mean_all_channels,1960.0,1964.0,64,3.9752185810000356,4.0,1964.0,1964.000107919,0.00010791899990181264,0.5,1,1.0000000549485744,0.9938046452500089,2,to the earth. [BLANK,2,? The shadow of the veil.,And what's that engine left for us,1960.0,1963.72
114,1,mic_fileid_114_doa42_3spk_1.wav,4.0,4,mean_all_channels,1964.0,1968.0,273,3.9730734499999016,4.0,1968.0,1968.000189873,0.0001898729999538773,0.5,1,1.000000096480183,0.9932683624999754,1,And what's that engine left for us,2,Who became a very satisfied face in the world and in person.,,1964.0800000000002,1967.6200000000001
114,2,mic_fileid_114_doa42_3spk_2.wav,4.0,4,mean_all_channels,1968.0,1972.0,273,3.97421908299998,4.0,1972.0,1972.0001540609999,0.00015406099987558264,0.5,1,1.0000000781242393,0.993554770749995,2,? The shadow of the veil.,2,They're within the shadows he lived. A negro and,Who became a very satisfied face in the world and in person.,1968.3200000000002,1971.8200000000002
114,3,mic_fileid_114_doa42_3spk_3.wav,4.0,4,mean_all_channels,1972.0,1976.0,273,3.9703110159998687,4.0,1976.0,1976.000162781,0.00016278099997180107,0.5,1,1.0000000823790485,0.9925777539999672,2,Who became a very satisfied face in the world and in person.,1,a negro's son.,They're within the shadows he lived. A negro and,1972.4,1973.66
114,4,mic_fileid_114_doa42_3spk_4.wav,4.0,4,mean_all_channels,1976.0,1980.0,273,3.974900952000098,4.0,1980.0,1980.000090882,9.088199999496283e-05,0.5,1,1.0000000459,0.9937252380000245,2,They're within the shadows he lived. A negro and,1,It cannot stand this,a negro's son.,1978.24,1979.6000000000001
114,5,mic_fileid_114_doa42_3spk_5.wav,4.0,4,mean_all_channels,1980.0,1984.0,273,3.979097488999969,4.0,1984.0,1984.00019032,0.00019032000000152038,0.5,1,1.0000000959274193,0.9947743722499922,1,a negro's son.,2,. There was something wrong. And I feel blood,It cannot stand this,1980.02,1983.88
115,1,mic_fileid_115_doa10_3spk_1.wav,4.0,4,mean_all_channels,1984.0,1988.0,201,3.9719515219999266,4.0,1988.0,1988.000160505,0.00016050499993980338,0.5,1,1.0000000807369216,0.9929878804999817,1,It cannot stand this,2,running down into my boot .,,1984.2,1986.3010000000002
115,2,mic_fileid_115_doa10_3spk_2.wav,4.0,4,mean_all_channels,1988.0,1992.0,201,3.9724272139999357,4.0,1992.0,1992.0002519539999,0.0002519539998502296,0.5,1,1.0000001264829317,0.9931068034999839,2,. There was something wrong. And I feel blood,2,"And he's all done, the right of mice talking. But though he only moved",running down into my boot .,1988.5800000000002,1991.8000000000002
115,3,mic_fileid_115_doa10_3spk_3.wav,4.0,4,mean_all_channels,1992.0,1996.0,201,3.9737337909996313,4.0,1996.0,1996.0001314719998,0.00013147199979357538,0.5,1,1.0000000658677353,0.9934334477499078,2,running down into my boot .,2,my foot. I,"And he's all done, the right of mice talking. But though he only moved",1991.94,1995.2810000000002
115,4,mic_fileid_115_doa10_3spk_4.wav,4.0,4,mean_all_channels,1996.0,2000.0,201,3.965683250999973,4.0,2000.0,2000.000084323,8.432300001004478e-05,0.5,1,1.0000000421615,0.9914208127499933,2,"And he's all done, the right of mice talking. But though he only moved",2,saw as we passed it that the buildings were deserted and,my foot. I,1996.4,1999.46
116,1,mic_fileid_116_doa41_3spk_1.wav,4.0,4,mean_all_channels,2000.0,2004.0,41,3.9779266149998875,4.0,2004.0,2004.0002595719998,0.00025957199977710843,0.5,1,1.000000129526946,0.9944816537499719,2,my foot. I,2,while not greatly decayed and the spirits of not having been tended,,2000.1200000000001,2003.64
116,2,mic_fileid_116_doa41_3spk_2.wav,4.0,4,mean_all_channels,2004.0,2008.0,41,3.974967882999863,4.0,2008.0,2008.0001247279997,0.00012472799971874338,0.5,1,1.0000000621155376,0.9937419707499657,2,saw as we passed it that the buildings were deserted and,3,"for years, possibly for ages. And",while not greatly decayed and the spirits of not having been tended,2004.1200000000001,2007.0610000000001
116,3,mic_fileid_116_doa41_3spk_3.wav,4.0,4,mean_all_channels,2008.0,2012.0,41,3.9734964869999203,4.0,2012.0,2012.0001689179999,0.00016891799987206468,0.5,1,1.0000000839552683,0.9933741217499801,2,while not greatly decayed and the spirits of not having been tended,1,by our proposal is very concerning,"for years, possibly for ages. And",2010.48,2011.66
116,4,mic_fileid_116_doa41_3spk_4.wav,4.0,4,mean_all_channels,2012.0,2016.0,41,3.9734104140002273,4.0,2016.0,2016.000120793,0.00012079299995093606,0.5,1,1.0000000599171626,0.9933526035000568,2,"for years, possibly for ages.",2,for an offensive and defensive alliance without any suggestion of being,by our proposal is very concerning,2012.0600000000002,2015.8400000000001
117,1,mic_fileid_117_doa283_3spk_1.wav,4.0,4,mean_all_channels,2016.0,2020.0,326,3.9827601930001038,4.0,2020.0,2020.000242268,0.0002422679999654065,0.5,1,1.0000001199346535,0.9956900482500259,2,And by our proposal is very concerning,2,here. Couple of the conditions that both states should by themselves not to allow,,2016.1200000000001,2019.8400000000001
117,2,mic_fileid_117_doa283_3spk_2.wav,4.0,4,mean_all_channels,2020.0,2024.0,326,3.9783307709999463,4.0,2024.0,2024.0001058469998,0.0001058469997587963,0.5,1,1.0000000522959485,0.9945826927499866,2,for an offensive and defensive alliance without any suggestion of being,2,the presence within their boundaries of about any of the other,here. Couple of the conditions that both states should by themselves not to allow,2020.0800000000002,2022.94
117,3,mic_fileid_117_doa283_3spk_3.wav,4.0,4,mean_all_channels,2024.0,2028.0,326,3.980605463000302,4.0,2028.0,2028.0002879149997,0.0002879149997170316,0.5,1,1.000000141969921,0.9951513657500755,2,here. Couple of the conditions that both states should by themselves not to allow,2,words. Equally true.,the presence within their boundaries of about any of the other,2024.16,2026.96
117,4,mic_fileid_117_doa283_3spk_4.wav,4.0,4,mean_all_channels,2028.0,2032.0,326,3.9756781040000533,4.0,2032.0,2032.0001590709999,0.00015907099987089168,0.5,1,1.0000000782829723,0.9939195260000133,2,the presence within their boundaries of about any of the other,2,It is quite true .,words. Equally true.,2027.2800000000002,2030.121
118,1,mic_fileid_118_doa22_3spk_1.wav,4.0,4,mean_all_channels,2032.0,2036.0,209,3.975629733000005,4.0,2036.0,2036.0001719309998,0.00017193099984069704,0.5,1,1.0000000844454813,0.9939074332500013,2,words. Equally true.,2,It doesn't soldiers turn their faces quickly,,2032.3000000000002,2035.68
118,2,mic_fileid_118_doa22_3spk_2.wav,4.0,4,mean_all_channels,2036.0,2040.0,209,3.9705572480002047,4.0,2040.0,2040.0001344059997,0.00013440599968816969,0.5,1,1.0000000658852939,0.9926393120000512,2,It is quite true .,2,toward him in front of a big disclosure of the nation.,It doesn't soldiers turn their faces quickly,2036.02,2039.66
118,3,mic_fileid_118_doa22_3spk_3.wav,4.0,4,mean_all_channels,2040.0,2044.0,209,3.973370939999768,4.0,2044.0,2044.000097269,9.726899997986038e-05,0.5,1,1.0000000475875734,0.993342734999942,2,It doesn't soldiers turn their faces quickly,1,Suddenly the style of being a dry,toward him in front of a big disclosure of the nation.,2042.3600000000001,2043.76
118,4,mic_fileid_118_doa22_3spk_4.wav,4.0,4,mean_all_channels,2044.0,2048.0,209,3.9779732290003267,4.0,2048.0,2048.000131534,0.00013153400004739524,0.5,1,1.000000064225586,0.9944933072500817,2,toward him in front of a big disclosure of the nation.,2,mountain air. For Mastin flakes soft and jammy,Suddenly the style of being a dry,2043.96,2047.2
119,1,mic_fileid_119_doa74_3spk_1.wav,4.0,4,mean_all_channels,2048.0,2052.0,313,3.979395592000401,4.0,2052.0,2052.000245493,0.00024549299996579066,0.5,1,1.000000119635965,0.9948488980001002,1,Suddenly the style of being a dry,2,", to lie out the moon in the mountains of the still night, and be touched by the",,2047.92,2051.7400000000002
119,2,mic_fileid_119_doa74_3spk_2.wav,4.0,4,mean_all_channels,2052.0,2056.0,313,3.968222292000064,4.0,2056.0,2056.0001179809997,0.00011798099967563758,0.5,1,1.0000000573837546,0.992055573000016,2,mountain air. For Mastin flakes soft and jammy,2,first of these small sign of passengers from the sky. It's a memorable experience,", to lie out the moon in the mountains of the still night, and be touched by the",2051.92,2055.78
119,3,mic_fileid_119_doa74_3spk_3.wav,4.0,4,mean_all_channels,2056.0,2060.0,313,3.970669012000144,4.0,2060.0,2060.0000820269997,8.202699973480776e-05,0.5,1,1.000000039818932,0.992667253000036,2,", to lie out the moon in the mountains of the still night, and be touched by the",2,. In the most polite way,first of these small sign of passengers from the sky. It's a memorable experience,2056.38,2059.46
119,4,mic_fileid_119_doa74_3spk_4.wav,4.0,4,mean_all_channels,2060.0,2064.0,313,3.9688701469999614,4.0,2064.0,2064.000128024,0.0001280239998777688,0.5,1,1.0000000620271317,0.9922175367499904,2,first of these small sign of passengers from the sky. It's a memorable experience,2,", to a point carefresh, with more healing, caption",. In the most polite way,2059.6600000000003,2063.86
120,1,mic_fileid_120_doa2_3spk_1.wav,4.0,4,mean_all_channels,2064.0,2068.0,257,3.9763470339999003,4.0,2068.0,2068.000240778,0.0002407779998065962,0.5,1,1.0000001164303673,0.9940867584999751,2,. In the most polite way,2,", and so many technical things might be able to be",,2064.32,2067.6800000000003
120,2,mic_fileid_120_doa2_3spk_2.wav,4.0,4,mean_all_channels,2068.0,2072.0,257,3.966039181999804,4.0,2072.0,2072.000194037,0.0001940369998010283,0.5,1,1.0000000936472007,0.991509795499951,2,", to a point carefresh, with more healing, caption",2,a part of the community. It might take place with us a little delay,", and so many technical things might be able to be",2067.6810000000005,2071.58
120,3,mic_fileid_120_doa2_3spk_3.wav,4.0,4,mean_all_channels,2072.0,2076.0,257,3.979080207000152,4.0,2076.0,2076.0001989509997,0.00019895099967470742,0.5,1,1.0000000958338149,0.994770051750038,2,", and so many technical things might be able to be",2,as possible. [BLANK,a part of the community. It might take place with us a little delay,2072.3,2075.621
120,4,mic_fileid_120_doa2_3spk_4.wav,4.0,4,mean_all_channels,2076.0,2080.0,257,3.980618517000039,4.0,2080.0,2080.0000845199997,8.451999974568025e-05,0.5,1,1.0000000406346152,0.9951546292500097,2,a part of the community. It might take place with us a little delay,1,"In all of the rest, Liam Powell",as possible. [BLANK,2078.36,2079.88
120,5,mic_fileid_120_doa2_3spk_5.wav,4.0,4,mean_all_channels,2080.0,2084.0,257,3.9781103139998777,4.0,2084.0,2084.0002290469997,0.0002290469997205946,0.5,1,1.0000001099073894,0.9945275784999694,2,as possible. [BLANK,2,"was ever present to him , and while he strove to avoid","In all of the rest, Liam Powell",2080.1800000000003,2083.36
121,1,mic_fileid_121_doa6_3spk_1.wav,4.0,4,mean_all_channels,2084.0,2088.0,6,3.971088307000173,4.0,2088.0,2088.000132204,0.00013220399978308706,0.5,1,1.000000063316092,0.9927720767500432,1,"In all of the rest, Liam Powell",2,absorption in a personal interest however just,,2084.64,2087.48
121,2,mic_fileid_121_doa6_3spk_2.wav,4.0,4,mean_all_channels,2088.0,2092.0,6,3.968511534999834,4.0,2092.0,2092.000141959,0.00014195899984770222,0.5,1,1.0000000678580305,0.9921278837499585,2,"was ever present to him , and while he strove to avoid",3,a problem it was a necessity. Never do the mind.,absorption in a personal interest however just,2087.98,2091.36
121,3,mic_fileid_121_doa6_3spk_3.wav,4.0,4,mean_all_channels,2092.0,2096.0,6,3.9677806459999374,4.0,2096.0,2096.000168122,0.0001681220001046313,0.5,1,1.000000080210878,0.9919451614999844,2,absorption in a personal interest however just,0,,a problem it was a necessity. Never do the mind.,,
121,4,mic_fileid_121_doa6_3spk_4.wav,4.0,4,mean_all_channels,2096.0,2100.0,6,3.969020862999969,4.0,2100.0,2100.000184301,0.00018430099999022787,0.5,1,1.000000087762381,0.9922552157499922,2,a problem it was a necessity.,2,"Maybe, will you get to it with your brother's intentions?",,2094.92,2098.92
122,1,mic_fileid_122_doa14_3spk_1.wav,4.0,4,mean_all_channels,2100.0,2104.0,302,3.9742696650000653,4.0,2104.0,2104.000232262,0.0002322619998267328,0.5,1,1.0000001103906844,0.9935674162500163,1,Never do the mind.,2,But I am sure I can understand .,,2100.1600000000003,2102.081
122,2,mic_fileid_122_doa14_3spk_2.wav,4.0,4,mean_all_channels,2104.0,2108.0,302,3.9705595539999194,4.0,2108.0,2108.000204355,0.00020435499982340843,0.5,1,1.0000000969425995,0.9926398884999799,2,"Maybe, will you get to it with your brother's intentions?",2,It's not as if you're waiting. Let me come back and...,But I am sure I can understand .,2103.48,2107.36
122,3,mic_fileid_122_doa14_3spk_3.wav,4.0,4,mean_all_channels,2108.0,2112.0,302,3.9727321599998504,4.0,2112.0,2112.000335143,0.0003351430000293476,0.5,1,1.0000001586851326,0.9931830399999626,2,But I am sure I can understand .,1,It is the story of Sarama,It's not as if you're waiting. Let me come back and...,2110.4,2111.88
122,4,mic_fileid_122_doa14_3spk_4.wav,4.0,4,mean_all_channels,2112.0,2116.0,302,3.9712036559999433,4.0,2116.0,2116.000164728,0.00016472800007250044,0.5,1,1.0000000778487712,0.9928009139999858,2,It's not as if you're waiting. Let me come back and...,2,in the Rig Vita and was written in the Sanskrit.,It is the story of Sarama,2112.32,2115.1
123,1,mic_fileid_123_doa174_3spk_1.wav,4.0,4,mean_all_channels,2116.0,2120.0,323,3.9668551959998695,4.0,2120.0,2120.000086851,8.68510001055256e-05,0.5,1,1.000000040967453,0.9917137989999674,1,It is the story of Sarama,2,The shadow of the Himalayas centuries before.,,2115.36,2118.54
123,2,mic_fileid_123_doa174_3spk_2.wav,4.0,4,mean_all_channels,2120.0,2124.0,323,3.9694978879997507,4.0,2124.0,2124.0002501159997,0.00025011599973367993,0.5,1,1.000000117757062,0.9923744719999377,2,in the Rig Vita and was written in the Sanskrit.,2,It's not to a common source in history,The shadow of the Himalayas centuries before.,2119.98,2123.5
123,3,mic_fileid_123_doa174_3spk_3.wav,4.0,4,mean_all_channels,2124.0,2128.0,323,3.9713443730001927,4.0,2128.0,2128.000259421,0.0002594210000097519,0.5,1,1.0000001219083647,0.9928360932500482,2,The shadow of the Himalayas centuries before.,2,. And then you have a bill.,It's not to a common source in history,2124.08,2127.44
123,4,mic_fileid_123_doa174_3spk_4.wav,4.0,4,mean_all_channels,2128.0,2132.0,323,3.971922174000156,4.0,2132.0,2132.0002115889997,0.00021158899971851497,0.5,1,1.0000000992443714,0.992980543500039,2,It's not to a common source in history,2,You shall have your passives to play with. Almost before the no,. And then you have a bill.,2127.7400000000002,2131.78
124,1,mic_fileid_124_doa62_3spk_1.wav,4.0,4,mean_all_channels,2132.0,2136.0,251,3.973127192999982,4.0,2136.0,2136.000077807,7.780699979775818e-05,0.5,1,1.000000036426498,0.9932817982499955,2,. And then you have a bill.,3,"-hand vengeance disappointed Princess Trunnerway. Bye, Charlie.",,2131.92,2135.54
124,2,mic_fileid_124_doa62_3spk_2.wav,4.0,4,mean_all_channels,2136.0,2140.0,251,3.9773991769998247,4.0,2140.0,2140.0003037809997,0.0003037809997294971,0.5,1,1.000000141953738,0.9943497942499562,2,You shall have your passives to play with. Almost before the no,2,[inaudible] [,"-hand vengeance disappointed Princess Trunnerway. Bye, Charlie.",2137.14,2139.9610000000002
124,3,mic_fileid_124_doa62_3spk_3.wav,4.0,4,mean_all_channels,2140.0,2144.0,251,3.97568155900035,4.0,2144.0,2144.00013265,0.00013265000006867922,0.5,1,1.0000000618703357,0.9939203897500875,2,-hand vengeance disappointed Princess Trunnerway.,1,BLANK,[inaudible] [,2141.42,2141.4210000000003
124,4,mic_fileid_124_doa62_3spk_4.wav,4.0,4,mean_all_channels,2144.0,2148.0,251,3.9766953289999947,4.0,2148.0,2148.0002567369997,0.00025673699974504416,0.5,1,1.000000119523743,0.9941738322499987,2,"Bye, Charlie. [inaudible]",2,_AUDIO _AUDIO,BLANK,2145.62,2147.7400000000002
124,5,mic_fileid_124_doa62_3spk_5.wav,4.0,4,mean_all_channels,2148.0,2152.0,251,3.9772777920002227,4.0,2152.0,2152.000115464,0.0001154639999185747,0.5,1,1.000000053654275,0.9943194480000557,2,[ BLANK,1,Christ's body for the children talking about him and that was,_AUDIO _AUDIO,2148.6800000000003,2151.82
125,1,mic_fileid_125_doa76_3spk_1.wav,4.0,4,mean_all_channels,2152.0,2156.0,303,3.9753772859999117,4.0,2156.0,2156.0001436919997,0.0001436919997104269,0.5,1,1.0000000666474953,0.9938443214999779,2,_AUDIO _AUDIO,3,the excitement you were in just before break-off as well .,,2152.04,2155.6610000000005
125,2,mic_fileid_125_doa76_3spk_2.wav,4.0,4,mean_all_channels,2156.0,2160.0,303,3.976105594999808,4.0,2160.0,2160.000112465,0.00011246499980188673,0.5,1,1.0000000520671295,0.994026398749952,1,Christ's body for the children talking about him and that was,1,You do it. You make trust.,the excitement you were in just before break-off as well .,2156.76,2159.14
125,3,mic_fileid_125_doa76_3spk_3.wav,4.0,4,mean_all_channels,2160.0,2164.0,303,3.9805985959997088,4.0,2164.0,2164.000144371,0.00014437099980568746,0.5,1,1.0000000667148798,0.9951496489999272,2,the excitement you were in just before break-off as well,1,[SIDE,You do it. You make trust.,2162.34,2163.64
125,4,mic_fileid_125_doa76_3spk_4.wav,4.0,4,mean_all_channels,2164.0,2168.0,303,3.9779816079999364,4.0,2168.0,2168.000182613,0.0001826130001063575,0.5,1,1.0000000842310885,0.9944954019999841,2,. You do it. You make trust.,1,"is up to the left of this well-known car, House Price.",[SIDE,2164.44,2167.1800000000003
126,1,mic_fileid_126_doa119_3spk_1.wav,4.0,4,mean_all_channels,2168.0,2172.0,119,3.979684994999843,4.0,2172.0,2172.0002014009997,0.0002014009996855748,0.5,1,1.0000000927260588,0.9949212487499608,1,[SIDE,3,The social lay down to this. Wow. I missed a private conversation with him.,,2167.88,2172.36
126,2,mic_fileid_126_doa119_3spk_2.wav,4.0,4,mean_all_channels,2172.0,2176.0,119,3.9782044969997514,4.0,2176.0,2176.000193062,0.00019306200010760222,0.5,1,1.0000000887233456,0.9945511242499379,1,"is up to the left of this well-known car, House Price.",2,I'm sorry. I'm sorry.,The social lay down to this. Wow. I missed a private conversation with him.,2173.36,2174.54
126,3,mic_fileid_126_doa119_3spk_3.wav,4.0,4,mean_all_channels,2176.0,2180.0,119,3.979470489999585,4.0,2180.0,2180.000231811,0.00023181100004876498,0.5,1,1.0000001063353212,0.9948676224998962,2,The social lay down to this. Wow.,1,I'm sorry.,I'm sorry. I'm sorry.,2179.04,2179.42
126,4,mic_fileid_126_doa119_3spk_4.wav,4.0,4,mean_all_channels,2180.0,2184.0,119,3.979143615999874,4.0,2184.0,2184.0001242529997,0.00012425299973983783,0.5,1,1.0000000568923992,0.9947859039999685,2,I missed a private conversation with him. I'm sorry.,2,Wild man,I'm sorry.,2181.7000000000003,2181.981
127,1,mic_fileid_127_doa151_3spk_1.wav,4.0,4,mean_all_channels,2184.0,2188.0,231,3.977455808999821,4.0,2188.0,2188.000213672,0.00021367199997257558,0.5,1,1.000000097656307,0.9943639522499552,2,I'm sorry. I'm sorry.,2,. You,,2185.34,2187.3010000000004
127,2,mic_fileid_127_doa151_3spk_2.wav,4.0,4,mean_all_channels,2188.0,2192.0,231,3.9773129909999625,4.0,2192.0,2192.0002329599997,0.00023295999972106074,0.5,1,1.0000001062773722,0.9943282477499906,2,Wild man,2,'re declared for a long time after the storm's rage and,. You,2188.4,2191.4
127,3,mic_fileid_127_doa151_3spk_3.wav,4.0,4,mean_all_channels,2192.0,2196.0,231,3.980111781999767,4.0,2196.0,2196.0001128139997,0.00011281399974905071,0.5,1,1.0000000513724954,0.9950279454999418,2,. You,1,much rain and snow fell.,'re declared for a long time after the storm's rage and,2191.9,2193.34
127,4,mic_fileid_127_doa151_3spk_4.wav,4.0,4,mean_all_channels,2196.0,2200.0,231,3.9817868280001676,4.0,2200.0,2200.000229382,0.0002293819998158142,0.5,1,1.0000001042645454,0.9954467070000419,2,'re declared for a long time after the storm's rage and,1,Interesting.,much rain and snow fell.,2198.56,2199.12
127,5,mic_fileid_127_doa151_3spk_5.wav,4.0,4,mean_all_channels,2200.0,2204.0,231,3.972751891000371,4.0,2204.0,2204.00016383,0.00016383000001951586,0.5,1,1.0000000743330308,0.9931879727500927,1,much rain and snow fell.,2,It's not as good as it seems. I,Interesting.,2199.58,2202.481
128,1,mic_fileid_128_doa219_3spk_1.wav,4.0,4,mean_all_channels,2204.0,2208.0,300,3.9683301709997068,4.0,2208.0,2208.000261452,0.0002614519999042386,0.5,1,1.000000118411232,0.9920825427499267,1,Interesting.,1,know. Eng,,2206.08,2206.76
128,2,mic_fileid_128_doa219_3spk_2.wav,4.0,4,mean_all_channels,2208.0,2212.0,300,3.969496437000089,4.0,2212.0,2212.000123681,0.00012368099987725145,0.5,1,1.0000000559136528,0.9923741092500222,1,It's not as good as it seems.,1,age to Mr. Collins.,know. Eng,2208.26,2209.5
128,3,mic_fileid_128_doa219_3spk_3.wav,4.0,4,mean_all_channels,2212.0,2216.0,300,3.96892101200001,4.0,2216.0,2216.000213109,0.0002131090000148106,0.5,1,1.0000000961683213,0.9922302530000024,2,I know. Eng,1,The light increase of,age to Mr. Collins.,2214.44,2215.82
128,4,mic_fileid_128_doa219_3spk_4.wav,4.0,4,mean_all_channels,2216.0,2220.0,300,3.972556165000242,4.0,2220.0,2220.0003377919998,0.00033779199975469965,0.5,1,1.0000001521585584,0.9931390412500605,1,age to Mr. Collins.,2,"the bills was observed in the parishes of St. Pratt, adjoining on",The light increase of,2215.94,2219.7000000000003
129,1,mic_fileid_129_doa36_3spk_1.wav,4.0,4,mean_all_channels,2220.0,2224.0,141,3.9785032889999457,4.0,2224.0,2224.000331671,0.0003316709999126033,0.5,1,1.0000001491326438,0.9946258222499864,1,The light increase of,2,one side of Hope and Perishing and the parish of St. James.,,2220.0,2223.8
129,2,mic_fileid_129_doa36_3spk_2.wav,4.0,4,mean_all_channels,2224.0,2228.0,141,3.9772146260002046,4.0,2228.0,2228.0000709809997,7.098099968061433e-05,0.5,1,1.0000000318586175,0.9943036565000511,2,"the bills was observed in the parishes of St. Pratt, adjoining on",2,Click well. Join on the other side of Holber.,one side of Hope and Perishing and the parish of St. James.,2224.5,2227.7400000000002
129,3,mic_fileid_129_doa36_3spk_3.wav,4.0,4,mean_all_channels,2228.0,2232.0,141,3.9778434960003324,4.0,2232.0,2232.000096719,9.671899988461519e-05,0.5,1,1.0000000433328853,0.9944608740000831,2,one side of Hope and Perishing and the parish of St. James.,1,and felt his loss deeply.,Click well. Join on the other side of Holber.,2230.26,2231.7000000000003
129,4,mic_fileid_129_doa36_3spk_4.wav,4.0,4,mean_all_channels,2232.0,2236.0,141,3.9798969110001963,4.0,2236.0,2236.0001299289997,0.00012992899974051397,0.5,1,1.0000000581077817,0.9949742277500491,2,Click well. Join on the other side of Holber.,2,It was her outspoken affection that provoked a quarrel between,and felt his loss deeply.,2232.62,2235.64
130,1,mic_fileid_130_doa67_3spk_1.wav,4.0,4,mean_all_channels,2236.0,2240.0,67,3.9707264829999076,4.0,2240.0,2240.000198285,0.000198284999896714,0.5,1,1.0000000885200893,0.9926816207499769,1,and felt his loss deeply.,2,"her and Julius, and which led to the breaking of their engagement.",,2236.02,2239.5
130,2,mic_fileid_130_doa67_3spk_2.wav,4.0,4,mean_all_channels,2240.0,2244.0,67,3.970604022000316,4.0,2244.0,2244.000078768,7.876800009398721e-05,0.5,1,1.0000000351016043,0.992651005500079,2,It was her outspoken affection that provoked a quarrel between,2,"Lucy had a high temper , which had been kept in subjection","her and Julius, and which led to the breaking of their engagement.",2240.58,2243.7000000000003
130,3,mic_fileid_130_doa67_3spk_3.wav,4.0,4,mean_all_channels,2244.0,2248.0,67,3.9697753630002808,4.0,2248.0,2248.00005905,5.9049999890703475e-05,0.5,1,1.0000000262677935,0.9924438407500702,2,"her and Julius, and which led to the breaking of their engagement.",2,during the life of Sir Simon. [BLANK_,"Lucy had a high temper , which had been kept in subjection",2243.98,2247.4610000000002
130,4,mic_fileid_130_doa67_3spk_4.wav,4.0,4,mean_all_channels,2248.0,2252.0,67,3.9810667869996905,4.0,2252.0,2252.00018731,0.00018731000000116182,0.5,1,1.0000000831749556,0.9952666967499226,2,"Lucy had a high temper , which had been kept in subjection",1,But an enchanted prince,during the life of Sir Simon. [BLANK_,2250.2400000000002,2251.36
130,5,mic_fileid_130_doa67_3spk_5.wav,4.0,4,mean_all_channels,2252.0,2256.0,67,3.977296853000098,4.0,2256.0,2256.0002166179997,0.00021661799974026508,0.5,1,1.0000000960186168,0.9943242132500245,2,during the life of Sir Simon. [BLANK_,2,who has been doomed to spend his youth in misery.,But an enchanted prince,2252.56,2255.84
131,1,mic_fileid_131_doa55_3spk_1.wav,4.0,4,mean_all_channels,2256.0,2260.0,204,3.9743799630000467,4.0,2260.0,2260.00023148,0.0002314799999112438,0.5,1,1.0000001024247787,0.9935949907500117,1,But an enchanted prince,2,"I guess it was. Very shortly after. If you only liked Princess , you can save this",,2255.8410000000003,2259.6
131,2,mic_fileid_131_doa55_3spk_2.wav,4.0,4,mean_all_channels,2260.0,2264.0,204,3.973126622000109,4.0,2264.0,2264.000213728,0.0002137279998351005,0.5,1,1.000000094402827,0.9932816555000272,2,who has been doomed to spend his youth in misery.,2,"position, but you would have to say goodbye to all your own","I guess it was. Very shortly after. If you only liked Princess , you can save this",2260.08,2263.88
131,3,mic_fileid_131_doa55_3spk_3.wav,4.0,4,mean_all_channels,2264.0,2268.0,204,3.9812655309997353,4.0,2268.0,2268.000126565,0.00012656499984586844,0.5,1,1.0000000558046735,0.9953163827499338,2,"I guess it was. Very shortly after. If you only liked Princess , you can save this",2,people. John A. Brown. But my father is trial and error,"position, but you would have to say goodbye to all your own",2264.2000000000003,2267.76
131,4,mic_fileid_131_doa55_3spk_4.wav,4.0,4,mean_all_channels,2268.0,2272.0,204,3.980037042999811,4.0,2272.0,2272.000147618,0.00014761800002816017,0.5,1,1.0000000649727112,0.9950092607499528,2,"position, but you would have to say goodbye to all your own",2,. Florence is free and Florence is happy. Florence is,people. John A. Brown. But my father is trial and error,2267.96,2271.78
132,1,mic_fileid_132_doa43_3spk_1.wav,4.0,4,mean_all_channels,2272.0,2276.0,77,3.979342903000088,4.0,2276.0,2276.00023456,0.000234560000080819,0.5,1,1.0000001030579966,0.994835725750022,2,people. John A. Brown. But my father is trial and error,3,us. I know. But two of you.,,2272.02,2276.3
132,2,mic_fileid_132_doa43_3spk_2.wav,4.0,4,mean_all_channels,2276.0,2280.0,77,3.981675940000059,4.0,2280.0,2280.000273266,0.00027326600002197665,0.5,1,1.0000001198535087,0.9954189850000148,2,. Florence is free and Florence is happy. Florence is,1,You're not going to be able to do that.,us. I know. But two of you.,2276.62,2279.04
132,3,mic_fileid_132_doa43_3spk_3.wav,4.0,4,mean_all_channels,2280.0,2284.0,77,3.974831514000016,4.0,2284.0,2284.000418668,0.00041866799983836245,0.5,1,1.0000001833047285,0.993707878500004,2,us. I know.,2,- I'm gonna go to the rental. - Okay.,You're not going to be able to do that.,2280.44,2284.94
132,4,mic_fileid_132_doa43_3spk_4.wav,4.0,4,mean_all_channels,2284.0,2288.0,77,3.978820167000322,4.0,2288.0,2288.000443285,0.0004432850000739563,0.5,1,1.0000001937434442,0.9947050417500805,2,But two of you. You're not going to be able to do that.,1,- Okay. - Okay. -,- I'm gonna go to the rental. - Okay.,2284.9410000000003,2286.0
132,5,mic_fileid_132_doa43_3spk_5.wav,4.0,4,mean_all_channels,2288.0,2292.0,77,3.978768041999956,4.0,2292.0,2292.0000677559997,6.775599968023016e-05,0.5,1,1.0000000295619544,0.994692010499989,1,- I'm gonna go to the rental.,1,There were so many different kinds of noises I couldn't distinguish. There was one noise that,- Okay. - Okay. -,2288.4,2291.8
133,1,mic_fileid_133_doa178_3spk_1.wav,4.0,4,mean_all_channels,2292.0,2296.0,336,3.9783389029998943,4.0,2296.0,2296.000086063,8.606299979874166e-05,0.5,1,1.0000000374838849,0.9945847257499736,2,- Okay. - Okay. - Okay. -,2,started that was promptly crushed to the end . You were at a too.,,2292.2200000000003,2295.14
133,2,mic_fileid_133_doa178_3spk_2.wav,4.0,4,mean_all_channels,2296.0,2300.0,336,3.9767067299999326,4.0,2300.0,2300.000124237,0.00012423699990904424,0.5,1,1.000000054016087,0.9941766824999831,1,There were so many different kinds of noises I couldn't distinguish. There was one noise that,2,"Oh, yes, girls. I intended telling you before this, replied",started that was promptly crushed to the end . You were at a too.,2295.1600000000003,2299.56
133,3,mic_fileid_133_doa178_3spk_3.wav,4.0,4,mean_all_channels,2300.0,2304.0,336,3.9797093909996875,4.0,2304.0,2304.00009107,9.107000005315058e-05,0.5,1,1.0000000395269097,0.9949273477499219,2,started that was promptly crushed to the end . You were at a too.,2,Jessica. We then? Yes.,"Oh, yes, girls. I intended telling you before this, replied",2299.92,2303.12
133,4,mic_fileid_133_doa178_3spk_4.wav,4.0,4,mean_all_channels,2304.0,2308.0,336,3.973675751999963,4.0,2308.0,2308.00020996,0.00020996000012019067,0.5,1,1.0000000909705373,0.9934189379999907,2,"Oh, yes, girls. I intended telling you before this, replied",2,And I took a picture of the saucy girl while she was trying to stop the doors of Jasper.,Jessica. We then? Yes.,2303.1600000000003,2307.7000000000003
134,1,mic_fileid_134_doa125_3spk_1.wav,4.0,4,mean_all_channels,2308.0,2312.0,125,3.9752797060000375,4.0,2312.0,2312.000080045,8.004499977687374e-05,0.5,1,1.0000000346215396,0.9938199265000094,2,Jessica. We then? Yes.,2,"So she did do much harm after all. Oh, here is a splendid",,2308.42,2311.58
134,2,mic_fileid_134_doa125_3spk_2.wav,4.0,4,mean_all_channels,2312.0,2316.0,125,3.97122843499983,4.0,2316.0,2316.000194039,0.00019403899977987749,0.5,1,1.0000000837819516,0.9928071087499575,2,And I took a picture of the saucy girl while she was trying to stop the doors of Jasper.,2,room. See them standing by that little tum ble down house poly? He had it,"So she did do much harm after all. Oh, here is a splendid",2311.98,2315.64
134,3,mic_fileid_134_doa125_3spk_3.wav,4.0,4,mean_all_channels,2316.0,2320.0,125,3.976439057999869,4.0,2320.0,2320.0001190929997,0.00011909299973922316,0.5,1,1.0000000513331895,0.9941097644999672,2,"So she did do much harm after all. Oh, here is a splendid",1,excitedly.,room. See them standing by that little tum ble down house poly? He had it,2315.86,2316.64
134,4,mic_fileid_134_doa125_3spk_4.wav,4.0,4,mean_all_channels,2320.0,2324.0,125,3.97735181500002,4.0,2324.0,2324.000170402,0.00017040200009432738,0.5,1,1.0000000733227195,0.994337953750005,2,room. See them standing by that little tum ble down house poly? He had it,1,I am Father Strange,excitedly.,2322.3,2323.2200000000003
134,5,mic_fileid_134_doa125_3spk_5.wav,4.0,4,mean_all_channels,2324.0,2328.0,125,3.9765318250001656,4.0,2328.0,2328.000266045,0.0002660449999893899,0.5,1,1.0000001142804982,0.9941329562500414,1,excitedly.,2,"Creature, where is the middle of a fire?",I am Father Strange,2324.12,2326.44
135,1,mic_fileid_135_doa93_3spk_1.wav,4.0,4,mean_all_channels,2328.0,2332.0,258,3.9719055470000058,4.0,2332.0,2332.00012998,0.00012998000011066324,0.5,1,1.0000000557375643,0.9929763867500014,1,I am Father Strange,2,"No, but it's my pleasure to have a balance while I'm talking to the great James.",,2326.64,2331.4
135,2,mic_fileid_135_doa93_3spk_2.wav,4.0,4,mean_all_channels,2332.0,2336.0,258,3.9736109400000714,4.0,2336.0,2336.000131064,0.0001310640000156127,0.5,1,1.0000000561061644,0.9934027350000179,2,"Creature, where is the middle of a fire?",2,As time the observation will die as our group is to have more sense,"No, but it's my pleasure to have a balance while I'm talking to the great James.",2331.54,2335.58
135,3,mic_fileid_135_doa93_3spk_3.wav,4.0,4,mean_all_channels,2336.0,2340.0,258,3.9649039610003456,4.0,2340.0,2340.000307206,0.0003072059998885379,0.5,1,1.0000001312846154,0.9912259902500864,2,"No, but it's my pleasure to have a balance while I'm talking to the great James.",2,"fit in the world. >> Yeah, keep it all.",As time the observation will die as our group is to have more sense,2336.32,2339.5
135,4,mic_fileid_135_doa93_3spk_4.wav,4.0,4,mean_all_channels,2340.0,2344.0,258,3.9690818349999972,4.0,2344.0,2344.0000604899997,6.0489999668789096e-05,0.5,1,1.0000000258063138,0.9922704587499993,2,As time the observation will die as our group is to have more sense,2,>> Yeah. >> This throw to stress the,"fit in the world. >> Yeah, keep it all.",2339.501,2343.7200000000003
135,5,mic_fileid_135_doa93_3spk_5.wav,4.0,4,mean_all_channels,2344.0,2348.0,258,3.9816665220000687,4.0,2348.0,2348.000548652,0.0005486519999067241,0.5,1,1.0000002336678024,0.9954166305000172,2,"fit in the world. >> Yeah, keep it all.",2,"gray, sharing it in bright yellow. I'm gonna get his back, his head, we're having",>> Yeah. >> This throw to stress the,2343.92,2347.7400000000002
136,1,mic_fileid_136_doa59_3spk_1.wav,4.0,4,mean_all_channels,2348.0,2352.0,253,3.9709007080000447,4.0,2352.0,2352.000248978,0.00024897799994505476,0.5,1,1.0000001058579933,0.9927251770000112,2,>> Yeah. >> This throw to stress the,2,"a great round with a 10 of all the greats, full, equated",,2348.04,2351.7000000000003
136,2,mic_fileid_136_doa59_3spk_2.wav,4.0,4,mean_all_channels,2352.0,2356.0,253,3.9781356700000288,4.0,2356.0,2356.000070297,7.029700009297812e-05,0.5,1,1.0000000298374363,0.9945339175000072,2,"gray, sharing it in bright yellow. I'm gonna get his back, his head, we're having",2,cap with all the wisdom and wisdom which was made him willingly,"a great round with a 10 of all the greats, full, equated",2351.94,2355.64
136,3,mic_fileid_136_doa59_3spk_3.wav,4.0,4,mean_all_channels,2356.0,2360.0,253,3.9785351710002033,4.0,2360.0,2360.000179068,0.00017906799985212274,0.5,1,1.000000075876271,0.9946337927500508,2,"a great round with a 10 of all the greats, full, equated",2,act .,cap with all the wisdom and wisdom which was made him willingly,2356.1800000000003,2356.481
136,4,mic_fileid_136_doa59_3spk_4.wav,4.0,4,mean_all_channels,2360.0,2364.0,253,3.973192241000106,4.0,2364.0,2364.0002788019997,0.0002788019996842195,0.5,1,1.000000117936548,0.9932980602500265,2,cap with all the wisdom and wisdom which was made him willingly,1,them that it's going to do a happy time once that,act .,2360.56,2363.76
137,1,mic_fileid_137_doa84_3spk_1.wav,4.0,4,mean_all_channels,2364.0,2368.0,173,3.9708327900002587,4.0,2368.0,2368.000121055,0.0001210549999086652,0.5,1,1.0000000511211993,0.9927081975000647,2,act .,2,I've been all its dignity and splendor in a private table carried out in extra,,2363.92,2367.8
137,2,mic_fileid_137_doa84_3spk_2.wav,4.0,4,mean_all_channels,2368.0,2372.0,173,3.9820566190001045,4.0,2372.0,2372.000220244,0.0002202440000473871,0.5,1,1.000000092851602,0.9955141547500261,1,them that it's going to do a happy time once that,2,. It was only as polished brass continued,I've been all its dignity and splendor in a private table carried out in extra,2368.2200000000003,2371.26
137,3,mic_fileid_137_doa84_3spk_3.wav,4.0,4,mean_all_channels,2372.0,2376.0,173,3.9681395549996523,4.0,2376.0,2376.0002039759997,0.00020397599973875913,0.5,1,1.0000000858484848,0.9920348887499131,2,I've been all its dignity and splendor in a private table carried out in extra,2,the circular. - Peeth and claw. - Everything.,. It was only as polished brass continued,2371.88,2375.62
137,4,mic_fileid_137_doa84_3spk_4.wav,4.0,4,mean_all_channels,2376.0,2380.0,173,3.9687661480002134,4.0,2380.0,2380.000134669,0.00013466900009007077,0.5,1,1.0000000565836136,0.9921915370000534,2,. It was only as polished brass continued,2,- I brought them all to my cell. - But,the circular. - Peeth and claw. - Everything.,2375.92,2378.64
138,1,mic_fileid_138_doa68_3spk_1.wav,4.0,4,mean_all_channels,2380.0,2384.0,68,3.969230905999666,4.0,2384.0,2384.000091254,9.125399992626626e-05,0.5,1,1.0000000382776846,0.9923077264999165,2,the circular. - Peeth and claw. - Everything.,2,I had a run to the skateboard. I had to take shots of the,,2380.36,2383.86
138,2,mic_fileid_138_doa68_3spk_2.wav,4.0,4,mean_all_channels,2384.0,2388.0,68,3.9709095099997285,4.0,2388.0,2388.000080389,8.038899977691472e-05,0.5,1,1.0000000336637354,0.9927273774999321,2,- I brought them all to my cell. - But,2,challenges and find refuge in the sublime and the beautiful in,I had a run to the skateboard. I had to take shots of the,2384.04,2387.76
138,3,mic_fileid_138_doa68_3spk_3.wav,4.0,4,mean_all_channels,2388.0,2392.0,68,3.9702539780000734,4.0,2392.0,2392.000181901,0.0001819009999053378,0.5,1,1.0000000760455685,0.9925634945000184,2,I had a run to the skateboard. I had to take shots of the,2,dreams of course. [BLANK,challenges and find refuge in the sublime and the beautiful in,2388.0,2391.2010000000005
138,4,mic_fileid_138_doa68_3spk_4.wav,4.0,4,mean_all_channels,2392.0,2396.0,68,3.9754730220001875,4.0,2396.0,2396.00009696,9.696000006442773e-05,0.5,1,1.0000000404674458,0.9938682555000469,2,challenges and find refuge in the sublime and the beautiful in,1,She who in triple ten,dreams of course. [BLANK,2394.7200000000003,2395.7400000000002
138,5,mic_fileid_138_doa68_3spk_5.wav,4.0,4,mean_all_channels,2396.0,2400.0,68,3.981235538999954,4.0,2400.0,2400.000223076,0.00022307600011117756,0.5,1,1.0000000929483335,0.9953088847499885,2,dreams of course. [BLANK,2,"us of vision sees beyond the stars , said when she closed",She who in triple ten,2396.02,2399.8
139,1,mic_fileid_139_doa109_3spk_1.wav,4.0,4,mean_all_channels,2400.0,2404.0,109,3.976683847000004,4.0,2404.0,2404.000084495,8.449500001006527e-05,0.5,1,1.0000000351476706,0.994170961750001,1,She who in triple ten,2,. there and there's the introscription with them.,,2400.14,2404.2200000000003
139,2,mic_fileid_139_doa109_3spk_2.wav,4.0,4,mean_all_channels,2404.0,2408.0,109,3.975807539000016,4.0,2408.0,2408.000273413,0.0002734129998316348,0.5,1,1.0000001135436045,0.993951884750004,2,"us of vision sees beyond the stars , said when she closed",1,"So, it's a good question.",. there and there's the introscription with them.,2404.9,2407.64
139,3,mic_fileid_139_doa109_3spk_3.wav,4.0,4,mean_all_channels,2408.0,2412.0,109,3.9754918130001897,4.0,2412.0,2412.000271427,0.0002714269999160024,0.5,1,1.0000001125319238,0.9938729532500474,1,.,2,Thank you .,"So, it's a good question.",2407.641,2410.581
139,4,mic_fileid_139_doa109_3spk_4.wav,4.0,4,mean_all_channels,2412.0,2416.0,109,3.971744507999574,4.0,2416.0,2416.0001676469997,0.0001676469996709784,0.5,1,1.0000000693903144,0.9929361269998935,2,"there and there's the introscription with them. So, it's a good question.",2,>> Large eyes. >> What's the matter with you,Thank you .,2413.4,2415.8
140,1,mic_fileid_140_doa211_3spk_1.wav,4.0,4,mean_all_channels,2416.0,2420.0,338,3.9783619170002567,4.0,2420.0,2420.000147455,0.00014745499993296107,0.5,1,1.0000000609318183,0.9945904792500642,2,Thank you .,2,? >> [INAUDIBLE],,2416.08,2419.64
140,2,mic_fileid_140_doa211_3spk_2.wav,4.0,4,mean_all_channels,2420.0,2424.0,338,3.9768650550004168,4.0,2424.0,2424.000167608,0.00016760800008341903,0.5,1,1.0000000691452147,0.9942162637501042,2,>> Large eyes. >> What's the matter with you,2,I heard the noise but I thought it's thunder. I heard the noise but I thought it's thunder. I heard,? >> [INAUDIBLE],2420.46,2425.14
140,3,mic_fileid_140_doa211_3spk_3.wav,4.0,4,mean_all_channels,2424.0,2428.0,338,3.980269961000431,4.0,2428.0,2428.000207987,0.00020798700006707804,0.5,1,1.0000000856618616,0.9950674902501078,2,? >> [INAUDIBLE],1,the noise,I heard the noise but I thought it's thunder. I heard the noise but I thought it's thunder. I heard,2425.62,2425.76
140,4,mic_fileid_140_doa211_3spk_4.wav,4.0,4,mean_all_channels,2428.0,2432.0,338,3.975247529000171,4.0,2432.0,2432.0000633269997,6.332699967970257e-05,0.5,1,1.0000000260390625,0.9938118822500428,1,I heard the noise but I thought it's thunder.,2,. And the 21st,the noise,2429.6600000000003,2431.58
140,5,mic_fileid_140_doa211_3spk_5.wav,4.0,4,mean_all_channels,2432.0,2436.0,338,3.969573303999823,4.0,2436.0,2436.0001089489997,0.0001089489996957127,0.5,1,1.0000000447245483,0.9923933259999558,2,I heard the noise but I thought it's thunder. I heard the noise,2,"of August, the 22nd of August",. And the 21st,2431.7000000000003,2435.84
141,1,mic_fileid_141_doa54_3spk_1.wav,4.0,4,mean_all_channels,2436.0,2440.0,54,3.9822873250000157,4.0,2440.0,2440.000134463,0.00013446299999486655,0.5,1,1.0000000551077868,0.9955718312500039,2,. And the 21st,2,. We,,2437.64,2438.021
141,2,mic_fileid_141_doa54_3spk_2.wav,4.0,4,mean_all_channels,2440.0,2444.0,54,3.9786381750000146,4.0,2444.0,2444.000120489,0.00012048899998262641,0.5,1,1.0000000492999181,0.9946595437500036,2,"of August, the 22nd of August",2,"have a certain length, a lobby space, and a long",. We,2439.1,2442.581
141,3,mic_fileid_141_doa54_3spk_3.wav,4.0,4,mean_all_channels,2444.0,2448.0,54,3.976690633999624,4.0,2448.0,2448.000208259,0.00020825899991905317,0.5,1,1.000000085073121,0.994172658499906,2,. We,2,". And so, the game of","have a certain length, a lobby space, and a long",2444.38,2447.84
141,4,mic_fileid_141_doa54_3spk_4.wav,4.0,4,mean_all_channels,2448.0,2452.0,54,3.9776462899999387,4.0,2452.0,2452.000149786,0.00014978599983805907,0.5,1,1.0000000610872757,0.9944115724999847,2,"have a certain length, a lobby space, and a long",3,"the small feet, of course , of the first",". And so, the game of",2448.06,2451.4410000000003
142,1,mic_fileid_142_doa64_3spk_1.wav,4.0,4,mean_all_channels,2452.0,2456.0,193,3.9769359320002877,4.0,2456.0,2456.000146298,0.00014629799989052117,0.5,1,1.0000000595675895,0.9942339830000719,2,". And so, the game of",1,time.,,2453.02,2453.14
142,2,mic_fileid_142_doa64_3spk_2.wav,4.0,4,mean_all_channels,2456.0,2460.0,193,3.971272104000036,4.0,2460.0,2460.0001758079998,0.00017580799976713024,0.5,1,1.0000000714666666,0.992818026000009,2,"the small feet, of course , of the",2,"And the Rome thought to the rise of his mount was not off his feet, but a fashion dog's cigarette.",time.,2454.8,2459.82
142,3,mic_fileid_142_doa64_3spk_3.wav,4.0,4,mean_all_channels,2460.0,2464.0,193,3.968375245000061,4.0,2464.0,2464.000138539,0.00013853900009053177,0.5,1,1.0000000562252436,0.9920938112500153,2,first time.,2,And she goes back to the house with the boy .,"And the Rome thought to the rise of his mount was not off his feet, but a fashion dog's cigarette.",2460.1,2461.9010000000003
142,4,mic_fileid_142_doa64_3spk_4.wav,4.0,4,mean_all_channels,2464.0,2468.0,193,3.975408540999979,4.0,2468.0,2468.000172337,0.00017233700009455788,0.5,1,1.0000000698286062,0.9938521352499947,2,"And the Rome thought to the rise of his mount was not off his feet, but a fashion dog's cigarette.",1,"So next, if you",And she goes back to the house with the boy .,2466.28,2467.54
142,5,mic_fileid_142_doa64_3spk_5.wav,4.0,4,mean_all_channels,2468.0,2472.0,193,3.9732728720000523,4.0,2472.0,2472.0001136779997,0.00011367799970685155,0.5,1,1.000000045986246,0.9933182180000131,2,And she goes back to the house with the boy .,2,"'re still with us, continue with President . I think she will. She","So next, if you",2468.08,2471.78
143,1,mic_fileid_143_doa172_3spk_1.wav,4.0,4,mean_all_channels,2472.0,2476.0,351,3.9817947090000416,4.0,2476.0,2476.000191369,0.0001913689998218615,0.5,1,1.0000000772895798,0.9954486772500104,1,"So next, if you",2,'s now about to lose the best time .,,2471.94,2474.061
143,2,mic_fileid_143_doa172_3spk_2.wav,4.0,4,mean_all_channels,2476.0,2480.0,351,3.9830902530002277,4.0,2480.0,2480.000091209,9.120899994741194e-05,0.5,1,1.0000000367778226,0.9957725632500569,2,"'re still with us, continue with President . I think she will. She",1,How long to see her again? I never met,'s now about to lose the best time .,2476.82,2479.7000000000003
143,3,mic_fileid_143_doa172_3spk_3.wav,4.0,4,mean_all_channels,2480.0,2484.0,351,3.9810809730001893,4.0,2484.0,2484.000199927,0.00019992699981230544,0.5,1,1.0000000804859097,0.9952702432500473,2,'s now about to lose the best time .,2,more. That's between friends,How long to see her again? I never met,2479.96,2483.08
143,4,mic_fileid_143_doa172_3spk_4.wav,4.0,4,mean_all_channels,2484.0,2488.0,351,3.9727521790000537,4.0,2488.0,2488.000133313,0.00013331299987839884,0.5,1,1.0000000535823954,0.9931880447500134,1,How long to see her again? I never met,2,. It's a delicate and global fact in the path of light,more. That's between friends,2483.8,2487.6600000000003
144,1,mic_fileid_144_doa170_3spk_1.wav,4.0,4,mean_all_channels,2488.0,2492.0,250,3.974153865000062,4.0,2492.0,2492.000187396,0.00018739600000117207,0.5,1,1.000000075199037,0.9935384662500155,2,more. That's between friends,2,have come inadvert ently to me here.,,2488.54,2491.2200000000003
144,2,mic_fileid_144_doa170_3spk_2.wav,4.0,4,mean_all_channels,2492.0,2496.0,250,3.9740119409998442,4.0,2496.0,2496.0001307039997,0.00013070399973003077,0.5,1,1.0000000523653845,0.9935029852499611,2,. It's a delicate and global fact in the path of light,2,Sometimes he would have moved to a certain document.,have come inadvert ently to me here.,2492.76,2495.82
144,3,mic_fileid_144_doa170_3spk_3.wav,4.0,4,mean_all_channels,2496.0,2500.0,250,3.9700948610002342,4.0,2500.0,2500.000164062,0.00016406199983975966,0.5,1,1.0000000656248,0.9925237152500586,2,have come inadvert ently to me here.,3,Or... [End of Audio ],Sometimes he would have moved to a certain document.,2496.58,2499.4020000000005
144,4,mic_fileid_144_doa170_3spk_4.wav,4.0,4,mean_all_channels,2500.0,2504.0,250,3.9691289639999923,4.0,2504.0,2504.000154157,0.00015415699999721255,0.5,1,1.0000000615642972,0.9922822409999981,2,Sometimes he would have moved to a certain document.,1,"Oh, it's under- ]",Or... [End of Audio ],2502.06,2503.8
144,5,mic_fileid_144_doa170_3spk_5.wav,4.0,4,mean_all_channels,2504.0,2508.0,250,3.9661756999998943,4.0,2508.0,2508.000220026,0.00022002600007908768,0.5,1,1.000000087729665,0.9915439249999736,2,Or... [End of Audio,1,?,"Oh, it's under- ]",2504.38,2504.3810000000003
145,1,mic_fileid_145_doa40_3spk_1.wav,4.0,4,mean_all_channels,2508.0,2512.0,40,3.971215260000008,4.0,2512.0,2512.000257823,0.00025782300008359016,0.5,1,1.0000001026365446,0.992803815000002,2,"] Oh, it's under- ]",2,"too many babies and not enough books. But you're all right and happy now, aren't you?",,2506.46,2511.8
145,2,mic_fileid_145_doa40_3spk_2.wav,4.0,4,mean_all_channels,2512.0,2516.0,40,3.96665646800011,4.0,2516.0,2516.00014505,0.00014504999990094802,0.5,1,1.0000000576510333,0.9916641170000275,1,?,3,She is down to lay for the whole day . It's,"too many babies and not enough books. But you're all right and happy now, aren't you?",2511.94,2515.521
145,3,mic_fileid_145_doa40_3spk_3.wav,4.0,4,mean_all_channels,2516.0,2520.0,40,3.971457594000185,4.0,2520.0,2520.000210237,0.0002102369999192888,0.5,1,1.000000083427381,0.9928643985000463,2,"too many babies and not enough books. But you're all right and happy now, aren't you?",1,that one room where there's a missile that has,She is down to lay for the whole day . It's,2518.36,2519.82
145,4,mic_fileid_145_doa40_3spk_4.wav,4.0,4,mean_all_channels,2520.0,2524.0,40,3.974198321000131,4.0,2524.0,2524.000211793,0.00021179299983487,0.5,1,1.000000083911648,0.9935495802500327,2,She is down to lay for the whole day .,2,struck him there had also been loaded in the morning. We're sorry Mr,that one room where there's a missile that has,2520.04,2523.76
146,1,mic_fileid_146_doa55_3spk_1.wav,4.0,4,mean_all_channels,2524.0,2528.0,170,3.972303527999884,4.0,2528.0,2528.000182492,0.00018249200002173893,0.5,1,1.0000000721882911,0.993075881999971,2,It's that one room where there's a missile that has,2,". Chase that your window was broken , Sir Frank Steadley. It was",,2524.12,2527.78
146,2,mic_fileid_146_doa55_3spk_2.wav,4.0,4,mean_all_channels,2528.0,2532.0,170,3.9786093470002015,4.0,2532.0,2532.000128748,0.00012874799995188368,0.5,1,1.0000000508483413,0.9946523367500504,2,struck him there had also been loaded in the morning. We're sorry Mr,2,an accident. I give you my word about that.,". Chase that your window was broken , Sir Frank Steadley. It was",2528.0,2530.32
146,3,mic_fileid_146_doa55_3spk_3.wav,4.0,4,mean_all_channels,2532.0,2536.0,170,3.9787953039999593,4.0,2536.0,2536.000072161,7.216099993456737e-05,0.5,1,1.000000028454653,0.9946988259999898,2,". Chase that your window was broken , Sir Frank Steadley. It was",1,It's old time without waiting for,an accident. I give you my word about that.,2534.52,2535.78
146,4,mic_fileid_146_doa55_3spk_4.wav,4.0,4,mean_all_channels,2536.0,2540.0,170,3.982931849999659,4.0,2540.0,2540.000121426,0.0001214260000779177,0.5,1,1.0000000478055118,0.9957329624999147,2,an accident. I give you my word about that.,2,someone to ask a permission . Made her proceed with the story of the,It's old time without waiting for,2536.04,2539.76
147,1,mic_fileid_147_doa111_3spk_1.wav,4.0,4,mean_all_channels,2540.0,2544.0,323,3.9761697100002493,4.0,2544.0,2544.000138263,0.0001382629998261109,0.5,1,1.0000000543486633,0.9940424275000623,1,It's old time without waiting for,3,genius of the ongoing show. Continue her relationship as follows.,,2539.88,2544.56
147,2,mic_fileid_147_doa111_3spk_2.wav,4.0,4,mean_all_channels,2544.0,2548.0,323,3.975671274999968,4.0,2548.0,2548.000140602,0.00014060200010135304,0.5,1,1.0000000551813186,0.993917818749992,2,someone to ask a permission . Made her proceed with the story of the,1,We have a point of wonder.,genius of the ongoing show. Continue her relationship as follows.,2545.6,2547.58
147,3,mic_fileid_147_doa111_3spk_3.wav,4.0,4,mean_all_channels,2548.0,2552.0,323,3.9762605309997525,4.0,2552.0,2552.000145858,0.00014585799999622395,0.5,1,1.0000000571543888,0.9940651327499381,2,genius of the ongoing show.,1,His lips continued to,We have a point of wonder.,2550.44,2551.6800000000003
147,4,mic_fileid_147_doa111_3spk_4.wav,4.0,4,mean_all_channels,2552.0,2556.0,323,3.9740907549999065,4.0,2556.0,2556.000138125,0.00013812499992127414,0.5,1,1.0000000540395149,0.9935226887499766,2,Continue her relationship as follows. We have a point of wonder.,2,"move silently as though he were talking to himself there, which caused",His lips continued to,2551.96,2555.8
148,1,mic_fileid_148_doa52_3spk_1.wav,4.0,4,mean_all_channels,2556.0,2560.0,52,3.9753209030000107,4.0,2560.0,2560.000150295,0.00015029499991214834,0.5,1,1.0000000587089843,0.9938302257500027,1,His lips continued to,2,them all to gaze at him happily and in the end of their journey to,,2556.32,2559.76
148,2,mic_fileid_148_doa52_3spk_2.wav,4.0,4,mean_all_channels,2560.0,2564.0,52,3.975867212999674,4.0,2564.0,2564.000198577,0.00019857699999192846,0.5,1,1.000000077448128,0.9939668032499185,2,"move silently as though he were talking to himself there, which caused",2,"the war, there was no applause when they fired the",them all to gaze at him happily and in the end of their journey to,2559.9,2563.82
148,3,mic_fileid_148_doa52_3spk_3.wav,4.0,4,mean_all_channels,2564.0,2568.0,52,3.973166967999987,4.0,2568.0,2568.000202336,0.00020233599980201689,0.5,1,1.0000000787912773,0.9932917419999967,2,them all to gaze at him happily and in the end of their journey to,2,old cannot tell a man by the walks of his own.,"the war, there was no applause when they fired the",2564.0,2569.48
148,4,mic_fileid_148_doa52_3spk_4.wav,4.0,4,mean_all_channels,2568.0,2572.0,52,3.9721260950000215,4.0,2572.0,2572.000148866,0.0001488660000177333,0.5,1,1.0000000578794712,0.9930315237500054,2,"the war, there was no applause when they fired the",1,He can't tell a man,old cannot tell a man by the walks of his own.,2570.1,2571.78
149,1,mic_fileid_149_doa92_3spk_1.wav,4.0,4,mean_all_channels,2572.0,2576.0,92,3.9795613319997756,4.0,2576.0,2576.00016909,0.00016908999987208517,0.5,1,1.000000065640528,0.9948903329999439,1,old,2,about him by the literature he means or actually,,2572.12,2575.42
149,2,mic_fileid_149_doa92_3spk_2.wav,4.0,4,mean_all_channels,2576.0,2580.0,92,3.973367584999778,4.0,2580.0,2580.000117444,0.00011744399989765952,0.5,1,1.0000000455209301,0.9933418962499445,2,cannot tell a man by the walks of his own. He can't tell a man,2,I once occupied a carriage,about him by the literature he means or actually,2576.5,2579.3
149,3,mic_fileid_149_doa92_3spk_3.wav,4.0,4,mean_all_channels,2580.0,2584.0,92,3.9767750500000147,4.0,2584.0,2584.0001338029997,0.00013380299969867337,0.5,1,1.0000000517813465,0.9941937625000037,2,about him by the literature he means or actually,2,on an eastern line .,I once occupied a carriage,2579.7000000000003,2581.6610000000005
149,4,mic_fileid_149_doa92_3spk_4.wav,4.0,4,mean_all_channels,2584.0,2588.0,92,3.9749284120002812,4.0,2588.0,2588.000233873,0.00023387300007016165,0.5,1,1.000000090368238,0.9937321030000703,2,I once occupied a carriage,2,It 's what I like to slump,on an eastern line .,2585.2000000000003,2587.88
149,5,mic_fileid_149_doa92_3spk_5.wav,4.0,4,mean_all_channels,2588.0,2592.0,92,3.972278972999902,4.0,2592.0,2592.000168439,0.00016843899993546074,0.5,1,1.000000064984182,0.9930697432499755,2,on an eastern line .,2,", say, this is what I want to say.",It 's what I like to slump,2588.0,2591.56
150,1,mic_fileid_150_doa91_3spk_1.wav,4.0,4,mean_all_channels,2592.0,2596.0,223,3.9731299019999824,4.0,2596.0,2596.0001038719997,0.00010387199972683447,0.5,1,1.0000000400123266,0.9932824754999956,2,It 's what I like to slump,2,I'm trying to avoid a start with the particular structure in the school.,,2591.561,2595.38
150,2,mic_fileid_150_doa91_3spk_2.wav,4.0,4,mean_all_channels,2596.0,2600.0,223,3.977073089999976,4.0,2600.0,2600.0001465289997,0.00014652899972134037,0.5,1,1.0000000563573075,0.994268272499994,2,", say, this is what I want to say.",2,[inaudible] Soft mind head as,I'm trying to avoid a start with the particular structure in the school.,2596.02,2599.7400000000002
150,3,mic_fileid_150_doa91_3spk_3.wav,4.0,4,mean_all_channels,2600.0,2604.0,223,3.976377765000052,4.0,2604.0,2604.000179666,0.00017966599989449605,0.5,1,1.0000000689961597,0.994094441250013,2,I'm trying to avoid a start with the particular structure in the school.,2,usual. The first time I saw this,[inaudible] Soft mind head as,2600.04,2603.7200000000003
150,4,mic_fileid_150_doa91_3spk_4.wav,4.0,4,mean_all_channels,2604.0,2608.0,223,3.974391038000249,4.0,2608.0,2608.0002285779997,0.00022857799967823667,0.5,1,1.0000000876449384,0.9935977595000622,2,[inaudible] Soft mind head as,2,", I was like, ""What's the name of this?"" I was like,",usual. The first time I saw this,2603.7210000000005,2607.1800000000003
151,1,mic_fileid_151_doa83_3spk_1.wav,4.0,4,mean_all_channels,2608.0,2612.0,298,3.980245529000058,4.0,2612.0,2612.000184705,0.00018470499981049215,0.5,1,1.0000000707140122,0.9950613822500145,2,usual. The first time I saw this,2,"""It's not all true."" ""It",,2607.94,2611.7200000000003
151,2,mic_fileid_151_doa83_3spk_2.wav,4.0,4,mean_all_channels,2612.0,2616.0,298,3.979249349999918,4.0,2616.0,2616.000159553,0.00015955299977576942,0.5,1,1.0000000609912079,0.9948123374999795,2,", I was like, ""What's the name of this?"" I was like,",2,'s a policy due to failure and certain we don't adopt or touch before it 's over.,"""It's not all true."" ""It",2611.7210000000005,2614.5
151,3,mic_fileid_151_doa83_3spk_3.wav,4.0,4,mean_all_channels,2616.0,2620.0,298,3.976001675000134,4.0,2620.0,2620.000253367,0.00025336699991385103,0.5,1,1.0000000967049618,0.9940004187500335,2,"""It's not all true."" ""It",1,But it's a different kind of discovery.,'s a policy due to failure and certain we don't adopt or touch before it 's over.,2618.36,2619.82
151,4,mic_fileid_151_doa83_3spk_4.wav,4.0,4,mean_all_channels,2620.0,2624.0,298,3.9687864829998034,4.0,2624.0,2624.00013682,0.00013682000007975148,0.5,1,1.0000000521417682,0.9921966207499509,2,'s a policy due to failure and certain we don't adopt or touch before it 's over.,2,It's a true. That this obligation was of the lightest and that Mrs,But it's a different kind of discovery.,2619.98,2623.76
152,1,mic_fileid_152_doa81_3spk_1.wav,4.0,4,mean_all_channels,2624.0,2628.0,81,3.9667877739998403,4.0,2628.0,2628.000138898,0.00013889799993194174,0.5,1,1.0000000528531203,0.9916969434999601,1,But it's a different kind of discovery.,2,. Touch's care very much on the stack of the,,2624.1,2627.86
152,2,mic_fileid_152_doa81_3spk_2.wav,4.0,4,mean_all_channels,2628.0,2632.0,81,3.978369552999993,4.0,2632.0,2632.000117956,0.0001179559999400226,0.5,1,1.0000000448161095,0.9945923882499983,2,It's a true. That this obligation was of the lightest and that Mrs,2,cake. This is touching . Had defined her to Is,. Touch's care very much on the stack of the,2628.1800000000003,2631.84
152,3,mic_fileid_152_doa81_3spk_3.wav,4.0,4,mean_all_channels,2632.0,2636.0,81,3.9785762980000072,4.0,2636.0,2636.000216711,0.00021671100012099487,0.5,1,1.0000000822120638,0.9946440745000018,2,. Touch's care very much on the stack of the,3,abel. com .,cake. This is touching . Had defined her to Is,2631.98,2635.021
152,4,mic_fileid_152_doa81_3spk_4.wav,4.0,4,mean_all_channels,2636.0,2640.0,81,3.972635873999934,4.0,2640.0,2640.0001470889997,0.00014708899971083156,0.5,1,1.0000000557155302,0.9931589684999835,2,cake. This is touching . Had defined her to Is,1,"I mean, you two fellows, I know we're getting married tomorrow.",abel. com .,2637.1800000000003,2639.62
153,1,mic_fileid_153_doa13_3spk_1.wav,4.0,4,mean_all_channels,2640.0,2644.0,102,3.978070583999852,4.0,2644.0,2644.000140651,0.00014065100003790576,0.5,1,1.0000000531962936,0.994517645999963,2,abel. com,2,It's a double wedding. It's also a double wedding room. But they,,2640.02,2643.7200000000003
153,2,mic_fileid_153_doa13_3spk_2.wav,4.0,4,mean_all_channels,2644.0,2648.0,102,3.9796709049996934,4.0,2648.0,2648.0001407279997,0.00014072799967834726,0.5,1,1.000000053145015,0.9949177262499234,2,". I mean, you two fellows, I know we're getting married tomorrow.",2,"aren't on to that. Yeah, sure. Sure. Is this a brown eyes twinkle",It's a double wedding. It's also a double wedding room. But they,2643.96,2647.7000000000003
153,3,mic_fileid_153_doa13_3spk_3.wav,4.0,4,mean_all_channels,2648.0,2652.0,102,3.967574628999955,4.0,2652.0,2652.000385991,0.0003859909998027433,0.5,1,1.0000001455471341,0.9918936572499888,2,It's a double wedding. It's also a double wedding room. But they,2,"? I miss my Spanish to him, but it reminds me","aren't on to that. Yeah, sure. Sure. Is this a brown eyes twinkle",2648.56,2651.86
153,4,mic_fileid_153_doa13_3spk_4.wav,4.0,4,mean_all_channels,2652.0,2656.0,102,3.9674304039999697,4.0,2656.0,2656.000144306,0.00014430600003834115,0.5,1,1.0000000543320784,0.9918576009999924,2,"aren't on to that. Yeah, sure. Sure. Is this a brown eyes twinkle",2,of itself and acts as all means of toil .,"? I miss my Spanish to him, but it reminds me",2652.04,2654.7410000000004
154,1,mic_fileid_154_doa109_3spk_1.wav,4.0,4,mean_all_channels,2656.0,2660.0,109,3.9739926429997467,4.0,2660.0,2660.000111112,0.00011111200001323596,0.5,1,1.0000000417714285,0.9934981607499367,2,"? I miss my Spanish to him, but it reminds me",2,"Setil the soil and labor interminably with root, inglemates, and utensils as all he asks",,2654.96,2659.7000000000003
154,2,mic_fileid_154_doa109_3spk_2.wav,4.0,4,mean_all_channels,2660.0,2664.0,109,3.971917529000166,4.0,2664.0,2664.0001938749997,0.0001938749996952538,0.5,1,1.0000000727759009,0.9929793822500415,2,of itself and acts as all means of toil .,2,of life and of the power to be.,"Setil the soil and labor interminably with root, inglemates, and utensils as all he asks",2660.02,2662.8
154,3,mic_fileid_154_doa109_3spk_3.wav,4.0,4,mean_all_channels,2664.0,2668.0,109,3.9659338059996116,4.0,2668.0,2668.000176256,0.0001762560000315716,0.5,1,1.0000000660629684,0.9914834514999029,2,"Setil the soil and labor interminably with root, inglemates, and utensils as all he asks",1,"Now, I don't like",of life and of the power to be.,2666.1800000000003,2667.84
154,4,mic_fileid_154_doa109_3spk_4.wav,4.0,4,mean_all_channels,2668.0,2672.0,109,3.9722628099998474,4.0,2672.0,2672.0001780059997,0.00017800599971451447,0.5,1,1.0000000666190119,0.9930657024999618,2,of life and of the power to be.,2,how it's not really getting created. Dumb days to get it removed here,"Now, I don't like",2668.08,2671.6800000000003
155,1,mic_fileid_155_doa4_3spk_1.wav,4.0,4,mean_all_channels,2672.0,2676.0,4,3.9700329450001846,4.0,2676.0,2676.000198615,0.00019861500004481059,0.5,1,1.0000000742208521,0.9925082362500461,1,"Now, I don't like",2,. Down in the Caribbean. That's a huge amount of animals,,2672.36,2675.7000000000003
155,2,mic_fileid_155_doa4_3spk_2.wav,4.0,4,mean_all_channels,2676.0,2680.0,4,3.970421722000083,4.0,2680.0,2680.000089924,8.992399989438127e-05,0.5,1,1.0000000335537313,0.9926054305000207,2,how it's not really getting created. Dumb days to get it removed here,2,. Selecting the measure and there's F3 Hall.,. Down in the Caribbean. That's a huge amount of animals,2676.2200000000003,2681.4
155,3,mic_fileid_155_doa4_3spk_3.wav,4.0,4,mean_all_channels,2680.0,2684.0,4,3.967032775000007,4.0,2684.0,2684.000305797,0.0003057969997826149,0.5,1,1.0000001139333083,0.9917581937500017,2,. Down in the Caribbean. That's a huge amount of animals,1,(indistinct),. Selecting the measure and there's F3 Hall.,2682.4,2682.4010000000003
155,4,mic_fileid_155_doa4_3spk_4.wav,4.0,4,mean_all_channels,2684.0,2688.0,4,3.9723637769998277,4.0,2688.0,2688.00008077,8.076999984041322e-05,0.5,1,1.0000000300483631,0.9930909442499569,1,.,1,Interrupted level. I,(indistinct),2686.3,2687.8
155,5,mic_fileid_155_doa4_3spk_5.wav,4.0,4,mean_all_channels,2688.0,2692.0,4,3.9702507410002,4.0,2692.0,2692.000245763,0.0002457629998389166,0.5,1,1.0000000912938336,0.99256268525005,2,Selecting the measure and there's F3 Hall. (indistinct),2,'ve heard some professors say that their edX classes do better work,Interrupted level. I,2688.0,2691.78
156,1,mic_fileid_156_doa54_3spk_1.wav,4.0,4,mean_all_channels,2692.0,2696.0,169,3.970230910999817,4.0,2696.0,2696.000196186,0.0001961859998118598,0.5,1,1.0000000727692877,0.9925577277499542,1,Interrupted level. I,2,"than ours, but anybody can tell that that's all wrong",,2692.12,2695.7000000000003
156,2,mic_fileid_156_doa54_3spk_2.wav,4.0,4,mean_all_channels,2696.0,2700.0,169,3.9705972349997865,4.0,2700.0,2700.0001605089997,0.0001605089996701281,0.5,1,1.0000000594477776,0.9926493087499466,2,'ve heard some professors say that their edX classes do better work,2,". I believe it's all personally true, said","than ours, but anybody can tell that that's all wrong",2696.1600000000003,2699.7200000000003
156,3,mic_fileid_156_doa54_3spk_3.wav,4.0,4,mean_all_channels,2700.0,2704.0,169,3.96817365600009,4.0,2704.0,2704.000140013,0.00014001299996380112,0.5,1,1.0000000517799557,0.9920434140000225,2,"than ours, but anybody can tell that that's all wrong",2,Nora. I'm sorry.,". I believe it's all personally true, said",2700.02,2702.78
156,4,mic_fileid_156_doa54_3spk_4.wav,4.0,4,mean_all_channels,2704.0,2708.0,169,3.9654689689996303,4.0,2708.0,2708.000113756,0.000113755999791465,0.5,1,1.0000000420073853,0.9913672422499076,2,". I believe it's all personally true, said",2,I hope I tell you that the lighting is impossible to see around,Nora. I'm sorry.,2705.58,2707.78
157,1,mic_fileid_157_doa8_3spk_1.wav,4.0,4,mean_all_channels,2708.0,2712.0,155,3.969467753999652,4.0,2712.0,2712.000131958,0.00013195800011089887,0.5,1,1.0000000486570797,0.992366938499913,2,Nora. I'm sorry.,2,it. Yeah.,,2708.2000000000003,2710.04
157,2,mic_fileid_157_doa8_3spk_2.wav,4.0,4,mean_all_channels,2712.0,2716.0,155,3.969863151000027,4.0,2716.0,2716.000184793,0.0001847929997893516,0.5,1,1.0000000680386598,0.9924657877500067,2,I hope I tell you that the lighting is impossible to see around,2,"I mean, who's off this Montana cap in the latter end of the last chapter that the",it. Yeah.,2711.1600000000003,2715.88
157,3,mic_fileid_157_doa8_3spk_3.wav,4.0,4,mean_all_channels,2716.0,2720.0,155,3.9707103069999903,4.0,2720.0,2720.000090702,9.070199985217187e-05,0.5,1,1.0000000333463235,0.9926775767499976,2,it. Yeah.,1,lion beside him on the ground,"I mean, who's off this Montana cap in the latter end of the last chapter that the",2716.0,2717.08
157,4,mic_fileid_157_doa8_3spk_4.wav,4.0,4,mean_all_channels,2720.0,2724.0,155,3.9736296559999573,4.0,2724.0,2724.000117599,0.00011759900007746182,0.5,1,1.000000043171439,0.9934074139999893,2,"I mean, who's off this Montana cap in the latter end of the last chapter that the",1,I am quite aware that science,lion beside him on the ground,2722.4,2723.52
157,5,mic_fileid_157_doa8_3spk_5.wav,4.0,4,mean_all_channels,2724.0,2728.0,155,3.9796363499999643,4.0,2728.0,2728.000123361,0.0001233610000781482,0.5,1,1.000000045220308,0.9949090874999911,1,lion beside him on the ground,2,has to be on its guard with discoveries of this kind. I know what capital,I am quite aware that science,2723.84,2727.8
158,1,mic_fileid_158_doa77_3spk_1.wav,4.0,4,mean_all_channels,2728.0,2732.0,251,3.9792640630003007,4.0,2732.0,2732.000137052,0.00013705199989999528,0.5,1,1.0000000501654465,0.9948160157500752,1,I am quite aware that science,2,enterprising individuals like mine have been out of control.,,2728.26,2731.36
158,2,mic_fileid_158_doa77_3spk_2.wav,4.0,4,mean_all_channels,2732.0,2736.0,251,3.977693018000082,4.0,2736.0,2736.0001731879997,0.00017318799973509158,0.5,1,1.0000000632997075,0.9944232545000204,2,has to be on its guard with discoveries of this kind. I know what capital,2,I have heard the tale of the knee-pan of Ajax.,enterprising individuals like mine have been out of control.,2731.76,2735.2200000000003
158,3,mic_fileid_158_doa77_3spk_3.wav,4.0,4,mean_all_channels,2736.0,2740.0,251,3.974730309000279,4.0,2740.0,2740.000274364,0.0002743639997788705,0.5,1,1.0000001001328467,0.9936825772500697,2,enterprising individuals like mine have been out of control.,1,"And say, ""My mistress, we must",I have heard the tale of the knee-pan of Ajax.,2738.2400000000002,2739.7000000000003
158,4,mic_fileid_158_doa77_3spk_4.wav,4.0,4,mean_all_channels,2740.0,2744.0,251,3.976932413999748,4.0,2744.0,2744.0001376289997,0.00013762899970970466,0.5,1,1.000000050156341,0.994233103499937,2,I have heard the tale of the knee-pan of Ajax.,2,desire to sustain her a little of her beauty for attending her six,"And say, ""My mistress, we must",2740.06,2743.88
159,1,mic_fileid_159_doa31_3spk_1.wav,4.0,4,mean_all_channels,2744.0,2748.0,31,3.9731002960002115,4.0,2748.0,2748.000144245,0.0001442449997739459,0.5,1,1.0000000524909023,0.9932750740000529,1,"And say, ""My mistress, we must",2,-some she has left some with her own. Being up too long with,,2744.32,2747.78
159,2,mic_fileid_159_doa31_3spk_2.wav,4.0,4,mean_all_channels,2748.0,2752.0,31,3.9815273600002,4.0,2752.0,2752.000119722,0.0001197219999085064,0.5,1,1.0000000435036336,0.99538184000005,2,desire to sustain her a little of her beauty for attending her six,2,your errands for I must take myself good and to keep the circle of the Lord,-some she has left some with her own. Being up too long with,2747.92,2751.88
159,3,mic_fileid_159_doa31_3spk_3.wav,4.0,4,mean_all_channels,2752.0,2756.0,31,3.972564878999947,4.0,2756.0,2756.000128007,0.0001280070000575506,0.5,1,1.0000000464466618,0.9931412197499867,2,-some she has left some with her own. Being up too long with,3,and the Goddess in the face. - To give you a little bit of a break.,your errands for I must take myself good and to keep the circle of the Lord,2752.4,2757.28
159,4,mic_fileid_159_doa31_3spk_4.wav,4.0,4,mean_all_channels,2756.0,2760.0,31,3.9768922680000287,4.0,2760.0,2760.000272673,0.00027267299992672633,0.5,1,1.0000000987945652,0.9942230670000072,2,your errands for I must take myself good and to keep the circle of the Lord,1,He,and the Goddess in the face. - To give you a little bit of a break.,2758.88,2758.8810000000003
159,5,mic_fileid_159_doa31_3spk_5.wav,4.0,4,mean_all_channels,2760.0,2764.0,31,3.97621124699981,4.0,2764.0,2764.000203091,0.0002030910000030417,0.5,1,1.000000073477207,0.9940528117499525,2,and the Goddess in the face. - To give,1,'s the only one,He,2761.14,2763.0
160,1,mic_fileid_160_doa141_3spk_1.wav,4.0,4,mean_all_channels,2764.0,2768.0,141,3.9761532190000253,4.0,2768.0,2768.000150071,0.00015007100000730134,0.5,1,1.0000000542164018,0.9940383047500063,1,you a little bit of a break.,2,"that's allowed to be in the center of the area, on the whole to",,2763.8,2767.88
160,2,mic_fileid_160_doa141_3spk_2.wav,4.0,4,mean_all_channels,2768.0,2772.0,141,3.979129976000422,4.0,2772.0,2772.000072554,7.255399987116107e-05,0.5,1,1.0000000261738817,0.9947824940001055,2,He 's the only one,3,guard the compliance of the national security of the world.,"that's allowed to be in the center of the area, on the whole to",2767.98,2771.46
160,3,mic_fileid_160_doa141_3spk_3.wav,4.0,4,mean_all_channels,2772.0,2776.0,141,3.974133653000081,4.0,2776.0,2776.000185338,0.0001853379999374738,0.5,1,1.0000000667644091,0.9935334132500202,2,"that's allowed to be in the center of the area, on the whole to",1,It's so,guard the compliance of the national security of the world.,2774.38,2775.7200000000003
160,4,mic_fileid_160_doa141_3spk_4.wav,4.0,4,mean_all_channels,2776.0,2780.0,141,3.9782458310000948,4.0,2780.0,2780.000140218,0.00014021800006958074,0.5,1,1.0000000504381295,0.9945614577500237,2,guard the compliance of the national security of the,2,effective on a broad range of E&T sub-gilt paper.,It's so,2775.96,2779.38
161,1,mic_fileid_161_doa59_3spk_1.wav,4.0,4,mean_all_channels,2780.0,2784.0,59,3.9786113740001383,4.0,2784.0,2784.0001571899998,0.0001571899997543369,0.5,1,1.0000000564619251,0.9946528435000346,2,world. It's so,2,He has written the gift to his father and the rest of the stroke finds it alcohol,,2779.7000000000003,2783.84
161,2,mic_fileid_161_doa59_3spk_2.wav,4.0,4,mean_all_channels,2784.0,2788.0,59,3.973678903000291,4.0,2788.0,2788.00019131,0.0001913099999910628,0.5,1,1.0000000686190818,0.9934197257500728,2,effective on a broad range of E&T sub-gilt paper.,2,"-y on the other side , the lovely prickly pear, and a",He has written the gift to his father and the rest of the stroke finds it alcohol,2784.38,2787.84
161,3,mic_fileid_161_doa59_3spk_3.wav,4.0,4,mean_all_channels,2788.0,2792.0,59,3.973705488000178,4.0,2792.0,2792.000136827,0.00013682700000572368,0.5,1,1.000000049006805,0.9934263720000445,2,He has written the gift to his father and the rest of the stroke finds it alcohol,2,heap of ashes from a deserted camp fire.,"-y on the other side , the lovely prickly pear, and a",2788.04,2790.78
161,4,mic_fileid_161_doa59_3spk_4.wav,4.0,4,mean_all_channels,2792.0,2796.0,59,3.9770882940001684,4.0,2796.0,2796.0001541819997,0.00015418199973282753,0.5,1,1.0000000551437767,0.9942720735000421,2,"-y on the other side , the lovely prickly pear, and a",1,which was in itself of,heap of ashes from a deserted camp fire.,2794.42,2795.8
161,5,mic_fileid_161_doa59_3spk_5.wav,4.0,4,mean_all_channels,2796.0,2800.0,59,3.978359628999897,4.0,2800.0,2800.000135838,0.00013583800000560586,0.5,1,1.0000000485135714,0.9945899072499742,2,heap of ashes from a deserted camp fire.,2,all things the most precious . If Mary must,which was in itself of,2796.06,2799.78
162,1,mic_fileid_162_doa43_3spk_1.wav,4.0,4,mean_all_channels,2800.0,2804.0,100,3.975142447000053,4.0,2804.0,2804.0001243839997,0.0001243839997187024,0.5,1,1.0000000443594863,0.9937856117500132,1,which was in itself of,2,"go to Cheltenham, why could she not go by herself?",,2800.2000000000003,2803.88
162,2,mic_fileid_162_doa43_3spk_2.wav,4.0,4,mean_all_channels,2804.0,2808.0,100,3.978711853999812,4.0,2808.0,2808.000147336,0.0001473359998271917,0.5,1,1.0000000524700854,0.994677963499953,2,all things the most precious . If Mary must,2,"Second class, life and other animals.","go to Cheltenham, why could she not go by herself?",2804.1600000000003,2806.84
162,3,mic_fileid_162_doa43_3spk_3.wav,4.0,4,mean_all_channels,2808.0,2812.0,100,3.9763647909999236,4.0,2812.0,2812.00009628,9.627999997974257e-05,0.5,1,1.0000000342389759,0.9940911977499809,2,"go to Cheltenham, why could she not go by herself?",1,"For a long time, growing","Second class, life and other animals.",2810.46,2811.76
162,4,mic_fileid_162_doa43_3spk_4.wav,4.0,4,mean_all_channels,2812.0,2816.0,100,3.975074414000119,4.0,2816.0,2816.000191046,0.00019104600005448447,0.5,1,1.0000000678430399,0.9937686035000297,2,"Second class, life and other animals.",2,loss had been difficult to understand . There was a vast number,"For a long time, growing",2812.12,2815.62
163,1,mic_fileid_163_doa154_3spk_1.wav,4.0,4,mean_all_channels,2816.0,2820.0,302,3.9678583889999572,4.0,2820.0,2820.000109646,0.0001096460000553634,0.5,1,1.0000000388815602,0.9919645972499893,1,"For a long time, growing",2,"of them, and different writers, different widely as to what the world's",,2815.9,2819.7000000000003
163,2,mic_fileid_163_doa154_3spk_2.wav,4.0,4,mean_all_channels,2820.0,2824.0,302,3.9809303300003194,4.0,2824.0,2824.000149687,0.00014968699997552903,0.5,1,1.0000000530053117,0.9952325825000798,2,loss had been difficult to understand . There was a vast number,2,really worth and what they meant . Justinian employed a great,"of them, and different writers, different widely as to what the world's",2819.9,2823.64
163,3,mic_fileid_163_doa154_3spk_3.wav,4.0,4,mean_all_channels,2824.0,2828.0,302,3.9795128550003938,4.0,2828.0,2828.000155618,0.0001556180000079621,0.5,1,1.0000000550275814,0.9948782137500984,2,"of them, and different writers, different widely as to what the world's",2,lawyer named... [end,really worth and what they meant . Justinian employed a great,2823.96,2825.501
163,4,mic_fileid_163_doa154_3spk_4.wav,4.0,4,mean_all_channels,2828.0,2832.0,302,3.975343571999929,4.0,2832.0,2832.000173469,0.00017346899994663545,0.5,1,1.0000000612531779,0.9938358929999822,2,really worth and what they meant . Justinian employed a great,2,of transcript] [,lawyer named... [end,2826.4,2830.061
163,5,mic_fileid_163_doa154_3spk_5.wav,4.0,4,mean_all_channels,2832.0,2836.0,302,3.971567176999997,4.0,2836.0,2836.0001749919998,0.00017499199975645752,0.5,1,1.000000061703808,0.9928917942499993,2,lawyer named... [end,2,SIDE CONVERSATION S,of transcript] [,2832.32,2833.581
164,1,mic_fileid_164_doa84_3spk_1.wav,4.0,4,mean_all_channels,2836.0,2840.0,84,3.97549120199983,4.0,2840.0,2840.000140515,0.0001405150001119182,0.5,1,1.0000000494771126,0.9938728004999575,2,of transcript] [,2,. The,,2836.7200000000003,2838.3410000000003
164,2,mic_fileid_164_doa84_3spk_2.wav,4.0,4,mean_all_channels,2840.0,2844.0,84,3.969304531999569,4.0,2844.0,2844.000100058,0.00010005800004364573,0.5,1,1.0000000351821379,0.9923261329998923,2,SIDE CONVERSATION S,2,most disordered imagination could picture,. The,2841.58,2843.76
164,3,mic_fileid_164_doa84_3spk_3.wav,4.0,4,mean_all_channels,2844.0,2848.0,84,3.9716863349999585,4.0,2848.0,2848.000120975,0.00012097499984520255,0.5,1,1.0000000424771769,0.9929215837499896,2,. The,2,. Remain unconcrete,most disordered imagination could picture,2844.1,2847.58
164,4,mic_fileid_164_doa84_3spk_4.wav,4.0,4,mean_all_channels,2848.0,2852.0,84,3.9721570439996867,4.0,2852.0,2852.000186724,0.0001867239998318837,0.5,1,1.0000000654712482,0.9930392609999217,2,most disordered imagination could picture,2,and continue to inspire against the wrongs.,. Remain unconcrete,2848.34,2850.84
165,1,mic_fileid_165_doa32_3spk_1.wav,4.0,4,mean_all_channels,2852.0,2856.0,89,3.9664024860003337,4.0,2856.0,2856.0000940289997,9.402899968335987e-05,0.5,1,1.0000000329233192,0.9916006215000834,2,. Remain unconcrete,2,"The resisting power of the Syrian allies, however, was being greatly weakened by",,2850.92,2855.82
165,2,mic_fileid_165_doa32_3spk_2.wav,4.0,4,mean_all_channels,2856.0,2860.0,89,3.967514058999768,4.0,2860.0,2860.000293772,0.000293772000077297,0.5,1,1.0000001027174825,0.991878514749942,2,and continue to inspire against the wrongs.,2,"internal revolts, which may have been stirred up by the Syrian emiss","The resisting power of the Syrian allies, however, was being greatly weakened by",2855.98,2859.58
165,3,mic_fileid_165_doa32_3spk_3.wav,4.0,4,mean_all_channels,2860.0,2864.0,89,3.9706343479997486,4.0,2864.0,2864.000451043,0.0004510429998845211,0.5,1,1.000000157487081,0.9926585869999371,2,"The resisting power of the Syrian allies, however, was being greatly weakened by",2,aries. For I had seen him meditating,"internal revolts, which may have been stirred up by the Syrian emiss",2859.9,2863.44
165,4,mic_fileid_165_doa32_3spk_4.wav,4.0,4,mean_all_channels,2864.0,2868.0,89,3.970858526000029,4.0,2868.0,2868.000214846,0.00021484599983523367,0.5,1,1.0000000749114364,0.9927146315000073,2,"internal revolts, which may have been stirred up by the Syrian emiss",2,a fresh treachery upon his toe.,aries. For I had seen him meditating,2863.98,2867.38
166,1,mic_fileid_166_doa59_3spk_1.wav,4.0,4,mean_all_channels,2868.0,2872.0,109,3.9659087789996192,4.0,2872.0,2872.000194697,0.00019469700009722146,0.5,1,1.0000000677914345,0.9914771947499048,2,aries. For I had seen him meditating,2,"I 'm being grossly in a good answer. Drunk, raising",,2868.82,2871.82
166,2,mic_fileid_166_doa59_3spk_2.wav,4.0,4,mean_all_channels,2872.0,2876.0,109,3.9680884009999318,4.0,2876.0,2876.000253609,0.0002536090000830882,0.5,1,1.0000000881811544,0.9920221002499829,2,a fresh treachery upon his toe.,3,", the last that he's Republican. Right, you were a surter. You're a life-sinner.","I 'm being grossly in a good answer. Drunk, raising",2872.6600000000003,2876.02
166,3,mic_fileid_166_doa59_3spk_3.wav,4.0,4,mean_all_channels,2876.0,2880.0,109,3.967376963999868,4.0,2880.0,2880.000162681,0.00016268099989247276,0.5,1,1.0000000564864584,0.991844240999967,2,"I 'm being grossly in a good answer. Drunk, raising",1,You're a life-sinner.,", the last that he's Republican. Right, you were a surter. You're a life-sinner.",2877.48,2879.5
166,4,mic_fileid_166_doa59_3spk_4.wav,4.0,4,mean_all_channels,2880.0,2884.0,109,3.97865975600007,4.0,2884.0,2884.00010623,0.000106229999801144,0.5,1,1.0000000368342579,0.9946649390000175,2,", the last that he's Republican. Right, you were a surter.",2,You're a great person.,You're a life-sinner.,2880.82,2881.0420000000004
167,1,mic_fileid_167_doa27_3spk_1.wav,4.0,4,mean_all_channels,2884.0,2888.0,27,3.9796328779998476,4.0,2888.0,2888.000122804,0.00012280400005693082,0.5,1,1.0000000425221607,0.9949082194999619,2,You're a life-sinner. You're a life-sinner.,1,"Here's the mountain fields, the mountains and the wilderness",,2884.42,2887.36
167,2,mic_fileid_167_doa27_3spk_2.wav,4.0,4,mean_all_channels,2888.0,2892.0,27,3.9797377390000293,4.0,2892.0,2892.000163019,0.00016301899995596614,0.5,1,1.0000000563689488,0.9949344347500073,2,You're a great person.,1,", and the trees, and the trees, and the trees","Here's the mountain fields, the mountains and the wilderness",2887.94,2889.1600000000003
167,3,mic_fileid_167_doa27_3spk_3.wav,4.0,4,mean_all_channels,2892.0,2896.0,27,3.9808160400002635,4.0,2896.0,2896.000130648,0.00013064799986750586,0.5,1,1.0000000451132596,0.9952040100000659,1,"Here's the mountain fields, the mountains and the wilderness",1,of the most duty she had assumed.,", and the trees, and the trees, and the trees",2890.8,2893.64
167,4,mic_fileid_167_doa27_3spk_4.wav,4.0,4,mean_all_channels,2896.0,2900.0,27,3.978304941999795,4.0,2900.0,2900.000220925,0.00022092500012149685,0.5,1,1.0000000761810346,0.9945762354999488,1,", and the trees, and the trees, and the trees",2,The old trip was not heated until 1822. The only relief from the chill,of the most duty she had assumed.,2894.5,2899.7400000000002
168,1,mic_fileid_168_doa134_3spk_1.wav,4.0,4,mean_all_channels,2900.0,2904.0,343,3.9739597890002187,4.0,2904.0,2904.000066285,6.628499977523461e-05,0.5,1,1.0000000228254131,0.9934899472500547,1,of the most duty she had assumed.,2,and stiffness comes during the prayer when the congregation stands,,2900.02,2902.8
168,2,mic_fileid_168_doa134_3spk_2.wav,4.0,4,mean_all_channels,2904.0,2908.0,343,3.9736370579998948,4.0,2908.0,2908.000116755,0.00011675499990815297,0.5,1,1.0000000401495872,0.9934092644999737,2,The old trip was not heated until 1822. The only relief from the chill,2,". Healing, of course, would save her too strongly , idolatry and the Church of",and stiffness comes during the prayer when the congregation stands,2903.48,2907.7400000000002
168,3,mic_fileid_168_doa134_3spk_3.wav,4.0,4,mean_all_channels,2908.0,2912.0,343,3.977233217000048,4.0,2912.0,2912.0002206229997,0.00022062299967728904,0.5,1,1.0000000757633927,0.994308304250012,2,and stiffness comes during the prayer when the congregation stands,2,"Rome. That is, I think, the time is right",". Healing, of course, would save her too strongly , idolatry and the Church of",2907.96,2911.7200000000003
168,4,mic_fileid_168_doa134_3spk_4.wav,4.0,4,mean_all_channels,2912.0,2916.0,343,3.9771204920002674,4.0,2916.0,2916.0001289409997,0.00012894099972982076,0.5,1,1.0000000442184498,0.9942801230000669,2,". Healing, of course, would save her too strongly , idolatry and the Church of",2,. And the air is,"Rome. That is, I think, the time is right",2912.2400000000002,2915.56
169,1,mic_fileid_169_doa149_3spk_1.wav,4.0,4,mean_all_channels,2916.0,2920.0,264,3.9733458390001033,4.0,2920.0,2920.000154447,0.00015444700011357781,0.5,1,1.0000000528928084,0.9933364597500258,2,"Rome. That is, I think, the time is right",2,still on the bottom of the tub. It's a little bit of a problem.,,2915.88,2918.78
169,2,mic_fileid_169_doa149_3spk_2.wav,4.0,4,mean_all_channels,2920.0,2924.0,264,3.965692076000323,4.0,2924.0,2924.000075473,7.547299992438639e-05,0.5,1,1.0000000258115596,0.9914230190000808,2,. And the air is,2,"It's me, Billtons, grown-up sister had cut out Lizzie Wright's grown",still on the bottom of the tub. It's a little bit of a problem.,2920.42,2923.78
169,3,mic_fileid_169_doa149_3spk_3.wav,4.0,4,mean_all_channels,2924.0,2928.0,264,3.9719743680002466,4.0,2928.0,2928.0001293739997,0.00012937399969814578,0.5,1,1.0000000441851091,0.9929935920000617,2,still on the bottom of the tub. It's a little bit of a problem.,2,-up sister with her both. [BLANK,"It's me, Billtons, grown-up sister had cut out Lizzie Wright's grown",2924.0,2927.4610000000002
169,4,mic_fileid_169_doa149_3spk_4.wav,4.0,4,mean_all_channels,2928.0,2932.0,264,3.9752009039998484,4.0,2932.0,2932.000198457,0.0001984569998967345,0.5,1,1.0000000676865621,0.9938002259999621,2,"It's me, Billtons, grown-up sister had cut out Lizzie Wright's grown",2,_ and not just the mother of the proud,-up sister with her both. [BLANK,2929.84,2931.7000000000003
169,5,mic_fileid_169_doa149_3spk_5.wav,4.0,4,mean_all_channels,2932.0,2936.0,264,3.978336881999894,4.0,2936.0,2936.000143353,0.00014335300011225627,0.5,1,1.0000000488259537,0.9945842204999735,2,-up sister with her both. [BLANK,3,princess who caused her endless trouble until her death. My day is past.,_ and not just the mother of the proud,2932.14,2936.7200000000003
170,1,mic_fileid_170_doa57_3spk_1.wav,4.0,4,mean_all_channels,2936.0,2940.0,133,3.9776553309998235,4.0,2940.0,2940.0001693219997,0.00016932199969232897,0.5,1,1.000000057592517,0.9944138327499559,2,_ and not just the mother of the proud,1,He gave up his crown to his son.,,2936.96,2939.86
170,2,mic_fileid_170_doa57_3spk_2.wav,4.0,4,mean_all_channels,2940.0,2944.0,133,3.978953360000105,4.0,2944.0,2944.0002142149997,0.00021421499968710123,0.5,1,1.0000000727632472,0.9947383400000263,2,princess who caused her endless trouble until her death.,2,And he went once more and called to the forest fairy to provide,He gave up his crown to his son.,2939.94,2943.6800000000003
170,3,mic_fileid_170_doa57_3spk_3.wav,4.0,4,mean_all_channels,2944.0,2948.0,133,3.980709509999997,4.0,2948.0,2948.0001180599997,0.00011805999974967563,0.5,1,1.0000000400474898,0.9951773774999992,2,My day is past. He gave up his crown to his son.,1,him with a queen to share his throne.,And he went once more and called to the forest fairy to provide,2944.04,2945.6600000000003
170,4,mic_fileid_170_doa57_3spk_4.wav,4.0,4,mean_all_channels,2948.0,2952.0,133,3.9772106649998022,4.0,2952.0,2952.00018297,0.00018296999996891827,0.5,1,1.0000000619817073,0.9943026662499506,2,And he went once more and called to the forest fairy to provide,1,"Still, if he is to be in the girl",him with a queen to share his throne.,2950.42,2951.82
170,5,mic_fileid_170_doa57_3spk_5.wav,4.0,4,mean_all_channels,2952.0,2956.0,133,3.9704482560000542,4.0,2956.0,2956.00014661,0.00014660999977422762,0.5,1,1.0000000495974288,0.9926120640000136,1,him with a queen to share his throne.,2,"tonight, I may as well be there on my way. What disguise","Still, if he is to be in the girl",2952.02,2955.2200000000003
171,1,mic_fileid_171_doa66_3spk_1.wav,4.0,4,mean_all_channels,2956.0,2960.0,238,3.9750717100000657,4.0,2960.0,2960.000211606,0.0002116059999934805,0.5,1,1.0000000714885136,0.9937679275000164,1,"Still, if he is to be in the girl",2,is he in? A farm laborer ? The best he could adopt about here,,2955.9,2959.26
171,2,mic_fileid_171_doa66_3spk_2.wav,4.0,4,mean_all_channels,2960.0,2964.0,238,3.9778419689996554,4.0,2964.0,2964.000194533,0.00019453300001259777,0.5,1,1.0000000656319163,0.9944604922499138,2,"tonight, I may as well be there on my way. What disguise",2,", with large black wizards. He stopped at about three miles off, he said",is he in? A farm laborer ? The best he could adopt about here,2959.96,2963.88
171,3,mic_fileid_171_doa66_3spk_3.wav,4.0,4,mean_all_channels,2964.0,2968.0,238,3.9741167479996875,4.0,2968.0,2968.0001258849998,0.00012588499976118328,0.5,1,1.0000000424140836,0.9935291869999219,2,is he in? A farm laborer ? The best he could adopt about here,1,.,", with large black wizards. He stopped at about three miles off, he said",2964.1,2964.101
171,4,mic_fileid_171_doa66_3spk_4.wav,4.0,4,mean_all_channels,2968.0,2972.0,238,3.9827155689999927,4.0,2972.0,2972.0001668209998,0.00016682099976605969,0.5,1,1.0000000561308882,0.9956788922499982,2,", with large black wizards. He stopped at about three miles off, he said",2,We're ready to believe that when we're at last .,.,2966.56,2970.2610000000004
172,1,mic_fileid_172_doa1_3spk_1.wav,4.0,4,mean_all_channels,2972.0,2976.0,236,3.980019364000327,4.0,2976.0,2976.000113911,0.0001139109999712673,0.5,1,1.0000000382765457,0.9950048410000818,1,.,1,and for sending them to the description. And ready,,2972.84,2975.84
172,2,mic_fileid_172_doa1_3spk_2.wav,4.0,4,mean_all_channels,2976.0,2980.0,236,3.9751452759996937,4.0,2980.0,2980.0002095689997,0.00020956899970769882,0.5,1,1.0000000703251677,0.9937863189999234,2,We're ready to believe that when we're at last .,2,to get a fine-precious message here today. There's better waters to,and for sending them to the description. And ready,2976.04,2979.82
172,3,mic_fileid_172_doa1_3spk_3.wav,4.0,4,mean_all_channels,2980.0,2984.0,236,3.9766663979999066,4.0,2984.0,2984.0001009489997,0.00010094899971591076,0.5,1,1.0000000338300938,0.9941665994999767,1,and for sending them to the description. And ready,2,bring us disappointment. [BLANK,to get a fine-precious message here today. There's better waters to,2980.0,2983.2010000000005
172,4,mic_fileid_172_doa1_3spk_4.wav,4.0,4,mean_all_channels,2984.0,2988.0,236,3.9811352469996564,4.0,2988.0,2988.000102732,0.00010273199995936011,0.5,1,1.000000034381526,0.9952838117499141,2,to get a fine-precious message here today. There's better waters to,3,_AUDIO _ -_,bring us disappointment. [BLANK,2985.38,2987.8830000000007
172,5,mic_fileid_172_doa1_3spk_5.wav,4.0,4,mean_all_channels,2988.0,2992.0,236,3.9714222560000962,4.0,2992.0,2992.0001878909998,0.0001878909997685696,0.5,1,1.000000062797794,0.9928555640000241,2,bring us disappointment. [BLANK,1,-,_AUDIO _ -_,2991.48,2991.481
173,1,mic_fileid_173_doa42_3spk_1.wav,4.0,4,mean_all_channels,2992.0,2996.0,146,3.970919614000195,4.0,2996.0,2996.000130774,0.00013077399989924743,0.5,1,1.0000000436495327,0.9927299035000487,2,_AUDIO _,3,- - - - - - -,,2991.4820000000004,2995.7020000000007
173,2,mic_fileid_173_doa42_3spk_2.wav,4.0,4,mean_all_channels,2996.0,3000.0,146,3.9647655939998003,4.0,3000.0,3000.000167146,0.00016714599996703328,0.5,1,1.0000000557153332,0.9911913984999501,2,-_ -,1,By the orcs and the cries and the childish,- - - - - - -,2996.4,2999.42
173,3,mic_fileid_173_doa42_3spk_3.wav,4.0,4,mean_all_channels,3000.0,3004.0,146,3.968091874000038,4.0,3004.0,3004.000125582,0.00012558199978229823,0.5,1,1.0000000418049266,0.9920229685000095,2,- - - - - -,2,laughter with which they accompanied their examination .,By the orcs and the cries and the childish,2999.88,3002.6610000000005
173,4,mic_fileid_173_doa42_3spk_4.wav,4.0,4,mean_all_channels,3004.0,3008.0,146,3.969613001000198,4.0,3008.0,3008.000145316,0.00014531599981637555,0.5,1,1.0000000483098404,0.9924032502500495,2,- By the orcs and the cries and the childish,1,"Mrs. Regan, we are going to the White House",laughter with which they accompanied their examination .,3006.28,3007.7400000000002
173,5,mic_fileid_173_doa42_3spk_5.wav,4.0,4,mean_all_channels,3008.0,3012.0,146,3.9689127290002943,4.0,3012.0,3012.000437523,0.00043752300007326994,0.5,1,1.0000001452599603,0.9922281822500736,2,laughter with which they accompanied their examination .,2,. Everyone was certainly played with a few dodgy points,"Mrs. Regan, we are going to the White House",3008.0,3011.54
174,1,mic_fileid_174_doa166_3spk_1.wav,4.0,4,mean_all_channels,3012.0,3016.0,166,3.965713826999945,4.0,3016.0,3016.000163999,0.00016399900005126256,0.5,1,1.0000000543763263,0.9914284567499863,1,"Mrs. Regan, we are going to the White House",2,", but it was a little bit of a struggle to be blind.",,3012.06,3015.5
174,2,mic_fileid_174_doa166_3spk_2.wav,4.0,4,mean_all_channels,3016.0,3020.0,166,3.971259143000225,4.0,3020.0,3020.000227126,0.00022712600002705585,0.5,1,1.0000000752072848,0.9928147857500562,2,. Everyone was certainly played with a few dodgy points,2,"As we turn from the street into the lane, which led to it",", but it was a little bit of a struggle to be blind.",3016.42,3018.98
174,3,mic_fileid_174_doa166_3spk_3.wav,4.0,4,mean_all_channels,3020.0,3024.0,166,3.9706110459997035,4.0,3024.0,3024.000226804,0.00022680399979435606,0.5,1,1.0000000750013227,0.9926527614999259,2,", but it was a little bit of a struggle to be blind.",2,. It's,"As we turn from the street into the lane, which led to it",3020.14,3023.7010000000005
174,4,mic_fileid_174_doa166_3spk_4.wav,4.0,4,mean_all_channels,3024.0,3028.0,166,3.968173300000217,4.0,3028.0,3028.00013312,0.00013312000010046177,0.5,1,1.000000043963012,0.9920433250000542,2,"As we turn from the street into the lane, which led to it",2,"a little bit of a side, a nerve escape way .",. It's,3023.7020000000007,3026.041
175,1,mic_fileid_175_doa16_3spk_1.wav,4.0,4,mean_all_channels,3028.0,3032.0,144,3.9720997759995953,4.0,3032.0,3032.000229666,0.00022966599999563186,0.5,1,1.0000000757473615,0.9930249439998988,2,. It's,2,The human subtoon needs to experience a sensation.,,3027.1800000000003,3031.44
175,2,mic_fileid_175_doa16_3spk_2.wav,4.0,4,mean_all_channels,3032.0,3036.0,144,3.9729654339998888,4.0,3036.0,3036.000176162,0.00017616200011616456,0.5,1,1.0000000580243742,0.9932413584999722,2,"a little bit of a side, a nerve escape way .",2,He looked at us more severely and bowing to,The human subtoon needs to experience a sensation.,3031.5,3035.86
175,3,mic_fileid_175_doa16_3spk_3.wav,4.0,4,mean_all_channels,3036.0,3040.0,144,3.9730185620001066,4.0,3040.0,3040.00013127,0.0001312700001108169,0.5,1,1.000000043180921,0.9932546405000267,2,The human subtoon needs to experience a sensation.,2,"her, said slowly. [BLANK",He looked at us more severely and bowing to,3036.12,3039.621
175,4,mic_fileid_175_doa16_3spk_4.wav,4.0,4,mean_all_channels,3040.0,3044.0,144,3.971116056000028,4.0,3044.0,3044.0002292619997,0.00022926199972062022,0.5,1,1.0000000753160314,0.992779014000007,2,He looked at us more severely and bowing to,2,"_AUDIO] >> He never stood aside, edged","her, said slowly. [BLANK",3041.38,3043.88
175,5,mic_fileid_175_doa16_3spk_5.wav,4.0,4,mean_all_channels,3044.0,3048.0,144,3.9666052970001147,4.0,3048.0,3048.0001941259998,0.00019412599976931233,0.5,1,1.0000000636896325,0.9916513242500287,2,"her, said slowly. [BLANK",2,a little into the ring and let the throne pass . A small boy rushed,"_AUDIO] >> He never stood aside, edged",3044.02,3047.6600000000003
176,1,mic_fileid_176_doa208_3spk_1.wav,4.0,4,mean_all_channels,3048.0,3052.0,208,3.9666645689999314,4.0,3052.0,3052.000202823,0.00020282300010876497,0.5,1,1.0000000664557667,0.9916661422499828,2,"_AUDIO] >> He never stood aside, edged",2,out to sniff in a damp fresh air and turned up the collar of his coat.,,3047.98,3051.7000000000003
176,2,mic_fileid_176_doa208_3spk_2.wav,4.0,4,mean_all_channels,3052.0,3056.0,208,3.9792224379998515,4.0,3056.0,3056.000167578,0.0001675779999459337,0.5,1,1.000000054835733,0.9948056094999629,2,a little into the ring and let the throne pass . A small boy rushed,3,Came three or four couples and a great hurry. Unselfish motive .,out to sniff in a damp fresh air and turned up the collar of his coat.,3052.44,3055.9610000000002
176,3,mic_fileid_176_doa208_3spk_3.wav,4.0,4,mean_all_channels,3056.0,3060.0,208,3.9779949409999062,4.0,3060.0,3060.0001260139998,0.00012601399976119865,0.5,1,1.0000000411810457,0.9944987352499766,2,out to sniff in a damp fresh air and turned up the collar of his coat.,1,school and the neighboring colleges.,Came three or four couples and a great hurry. Unselfish motive .,3058.56,3060.46
176,4,mic_fileid_176_doa208_3spk_4.wav,4.0,4,mean_all_channels,3060.0,3064.0,208,3.9820657870000105,4.0,3064.0,3064.000157429,0.00015742899995530024,0.5,1,1.0000000513802219,0.9955164467500026,2,Came three or four couples and a great hurry. Unselfish motive,1,This is good for you.,school and the neighboring colleges.,3060.84,3063.6800000000003
177,1,mic_fileid_177_doa189_3spk_1.wav,4.0,4,mean_all_channels,3064.0,3068.0,288,3.978613052000128,4.0,3068.0,3068.000157348,0.000157347999902413,0.5,1,1.0000000512868317,0.994653263000032,1,.,2,But we don't want to long and the weather became,,3064.7000000000003,3067.52
177,2,mic_fileid_177_doa189_3spk_2.wav,4.0,4,mean_all_channels,3068.0,3072.0,288,3.976762174000214,4.0,3072.0,3072.0001820929997,0.0001820929996938503,0.5,1,1.000000059275065,0.9941905435000535,2,school and the neighboring colleges. This is good for you.,2,more tangible. Her mother's idea of the intelligence of the place,But we don't want to long and the weather became,3067.88,3071.58
177,3,mic_fileid_177_doa189_3spk_3.wav,4.0,4,mean_all_channels,3072.0,3076.0,288,3.97269184400011,4.0,3076.0,3076.000124489,0.00012448899997252738,0.5,1,1.0000000404710663,0.9931729610000275,2,But we don't want to long and the weather became,1,they're raised in.,more tangible. Her mother's idea of the intelligence of the place,3071.9,3073.52
177,4,mic_fileid_177_doa189_3spk_4.wav,4.0,4,mean_all_channels,3076.0,3080.0,288,3.9761820070002614,4.0,3080.0,3080.000145661,0.00014566099980584113,0.5,1,1.0000000472925323,0.9940455017500653,2,more tangible. Her mother's idea of the intelligence of the place,1,Because we are limited with passengers,they're raised in.,3078.2400000000002,3079.4
177,5,mic_fileid_177_doa189_3spk_5.wav,4.0,4,mean_all_channels,3080.0,3084.0,288,3.9751804120000998,4.0,3084.0,3084.000138626,0.00013862600007996662,0.5,1,1.0000000449500648,0.9937951030000249,1,they're raised in.,2,"and freight for known. Scout boat, or any other",Because we are limited with passengers,3080.12,3083.76
178,1,mic_fileid_178_doa161_3spk_1.wav,4.0,4,mean_all_channels,3084.0,3088.0,331,3.97561243500013,4.0,3088.0,3088.0001821729998,0.00018217299975731294,0.5,1,1.0000000589938471,0.9939031087500325,1,Because we are limited with passengers,2,"ship, is possible.",,3083.98,3087.32
178,2,mic_fileid_178_doa161_3spk_2.wav,4.0,4,mean_all_channels,3088.0,3092.0,331,3.980627457999617,4.0,3092.0,3092.000189322,0.00018932200009658118,0.5,1,1.000000061229625,0.9951568644999043,2,"and freight for known. Scout boat, or any other",2,The passage from the other seal has been passed.,"ship, is possible.",3087.76,3090.76
178,3,mic_fileid_178_doa161_3spk_3.wav,4.0,4,mean_all_channels,3092.0,3096.0,331,3.978071278000243,4.0,3096.0,3096.000235314,0.00023531399983767187,0.5,1,1.0000000760058139,0.9945178195000608,2,"ship, is possible.",1,An expansion of power of,The passage from the other seal has been passed.,3094.26,3095.88
178,4,mic_fileid_178_doa161_3spk_4.wav,4.0,4,mean_all_channels,3096.0,3100.0,331,3.97645363599986,4.0,3100.0,3100.000163622,0.00016362199994546245,0.5,1,1.0000000527812902,0.994113408999965,2,The passage from the other seal has been passed.,2,the thousands of young women. I want to be a,An expansion of power of,3095.96,3099.44
179,1,mic_fileid_179_doa105_3spk_1.wav,4.0,4,mean_all_channels,3100.0,3104.0,359,3.977597863000028,4.0,3104.0,3104.000178874,0.00017887400008476106,0.5,1,1.000000057626933,0.994399465750007,1,An expansion of power of,2,volunteer who's the grown the goer of the day was seen from a,,3100.14,3103.7000000000003
179,2,mic_fileid_179_doa105_3spk_2.wav,4.0,4,mean_all_channels,3104.0,3108.0,359,3.9817826749999767,4.0,3108.0,3108.002508981,0.0025089810001190926,0.5,1,1.000000807265444,0.9954456687499942,2,the thousands of young women. I want to be a,2,single individual who won no to be given one of us who came to our contact,volunteer who's the grown the goer of the day was seen from a,3104.04,3107.78
179,3,mic_fileid_179_doa105_3spk_3.wav,4.0,4,mean_all_channels,3108.0,3112.0,359,3.9750044530001105,4.0,3112.0,3112.002520827,0.002520826999898418,0.5,1,1.000000810034383,0.9937511132500276,2,volunteer who's the grown the goer of the day was seen from a,3,. And the rest of the world is,single individual who won no to be given one of us who came to our contact,3108.28,3112.3
179,4,mic_fileid_179_doa105_3spk_4.wav,4.0,4,mean_all_channels,3112.0,3116.0,359,3.976434915000027,4.0,3116.0,3116.000142764,0.00014276399997470435,0.5,1,1.0000000458164313,0.9941087287500068,2,single individual who won no to be given one of us who came to our contact,1,here I leave pale with horror but she reminded,. And the rest of the world is,3113.1,3115.4
180,1,mic_fileid_180_doa24_3spk_1.wav,4.0,4,mean_all_channels,3116.0,3120.0,273,3.980475039999874,4.0,3120.0,3120.0000873559998,8.735599976716912e-05,0.5,1,1.0000000279987178,0.9951187599999685,2,. And the rest of the,2,him of how far it had come to her before her and at last the consent of the two of,,3115.88,3119.78
180,2,mic_fileid_180_doa24_3spk_2.wav,4.0,4,mean_all_channels,3120.0,3124.0,273,3.9757660669997676,4.0,3124.0,3124.000243048,0.00024304799990204629,0.5,1,1.000000077800256,0.9939415167499419,2,world is here I leave pale with horror but she reminded,2,you. He's a queer.,him of how far it had come to her before her and at last the consent of the two of,3119.94,3121.6600000000003
180,3,mic_fileid_180_doa24_3spk_3.wav,4.0,4,mean_all_channels,3124.0,3128.0,273,3.9761475329996756,4.0,3128.0,3128.0001172879997,0.00011728799972843262,0.5,1,1.0000000374961635,0.9940368832499189,2,him of how far it had come to her before her and at last the consent of the two of,2,He's a queer. He's a queer,you. He's a queer.,3123.7000000000003,3127.6600000000003
181,1,mic_fileid_181_doa88_3spk_1.wav,4.0,4,mean_all_channels,3128.0,3132.0,175,3.978311167999891,4.0,3132.0,3132.000232262,0.0002322619998267328,0.5,1,1.0000000741577266,0.9945777919999728,2,you. He's a queer.,2,man tonight. That refuge for such a fugitive. Now moving about from place to place,,3127.6610000000005,3131.7400000000002
181,2,mic_fileid_181_doa88_3spk_2.wav,4.0,4,mean_all_channels,3132.0,3136.0,175,3.972009954999976,4.0,3136.0,3136.000253277,0.0002532769999561424,0.5,1,1.0000000807643494,0.993002488749994,2,He's a queer. He's a queer,2,"with her companion, now stationary and alone, quite half",man tonight. That refuge for such a fugitive. Now moving about from place to place,3131.94,3135.6
181,3,mic_fileid_181_doa88_3spk_3.wav,4.0,4,mean_all_channels,3136.0,3140.0,175,3.9778235229996426,4.0,3140.0,3140.000242542,0.0002425419997962308,0.5,1,1.0000000772426751,0.9944558807499106,2,man tonight. That refuge for such a fugitive. Now moving about from place to place,2,the time. It's great,"with her companion, now stationary and alone, quite half",3135.98,3138.88
181,4,mic_fileid_181_doa88_3spk_4.wav,4.0,4,mean_all_channels,3140.0,3144.0,175,3.978007517000151,4.0,3144.0,3144.00026652,0.00026651999996829545,0.5,1,1.0000000847709924,0.9945018792500377,2,"with her companion, now stationary and alone, quite half",2,days for the families of the new and former .,the time. It's great,3140.02,3142.2810000000004
182,1,mic_fileid_182_doa130_3spk_1.wav,4.0,4,mean_all_channels,3144.0,3148.0,130,3.9784210909997455,4.0,3148.0,3148.000208315,0.00020831499978157808,0.5,1,1.0000000661737611,0.9946052727499364,2,the time. It's great,2,"And they drove home early in the late afternoon, bored and dizzy as an old woman and stuck in a wheelchair",,3142.94,3147.7200000000003
182,2,mic_fileid_182_doa130_3spk_2.wav,4.0,4,mean_all_channels,3148.0,3152.0,130,3.9678015290000985,4.0,3152.0,3152.000285626,0.00028562599982251413,0.5,1,1.0000000906173858,0.9919503822500246,2,days for the families of the new and former .,2,and never a half of the girls who divided,"And they drove home early in the late afternoon, bored and dizzy as an old woman and stuck in a wheelchair",3148.98,3151.4
182,3,mic_fileid_182_doa130_3spk_3.wav,4.0,4,mean_all_channels,3152.0,3156.0,130,3.969429452999975,4.0,3156.0,3156.000164655,0.00016465499993500998,0.5,1,1.0000000521720531,0.9923573632499938,2,"And they drove home early in the late afternoon, bored and dizzy as an old woman and stuck in a wheelchair",1,the fine self in his behalf.,and never a half of the girls who divided,3151.88,3153.8
182,4,mic_fileid_182_doa130_3spk_4.wav,4.0,4,mean_all_channels,3156.0,3160.0,130,3.972640104999755,4.0,3160.0,3160.000261371,0.00026137099985135137,0.5,1,1.0000000827123416,0.9931600262499387,2,and never a half of the girls who divided,2,( indistinct chatter,the fine self in his behalf.,3157.5,3159.84
182,5,mic_fileid_182_doa130_3spk_5.wav,4.0,4,mean_all_channels,3160.0,3164.0,130,3.9790204999999332,4.0,3164.0,3164.0002127049997,0.00021270499973979895,0.5,1,1.0000000672266118,0.9947551249999833,1,the fine self in his behalf.,2,. Mr. White's family had been murdered in such a,( indistinct chatter,3160.98,3163.84
183,1,mic_fileid_183_doa59_3spk_1.wav,4.0,4,mean_all_channels,3164.0,3168.0,59,3.9749526189998505,4.0,3168.0,3168.000175002,0.00017500200010545086,0.5,1,1.0000000552405304,0.9937381547499626,2,( indistinct chatter,2,profession. And we treat,,3163.98,3167.44
183,2,mic_fileid_183_doa59_3spk_2.wav,4.0,4,mean_all_channels,3168.0,3172.0,59,3.976464135000242,4.0,3172.0,3172.0002505949997,0.00025059499967028387,0.5,1,1.0000000790022068,0.9941160337500605,2,. Mr. White's family had been murdered in such a,2,him just as well. He's,profession. And we treat,3167.96,3171.1600000000003
183,3,mic_fileid_183_doa59_3spk_3.wav,4.0,4,mean_all_channels,3172.0,3176.0,59,3.9762484150001,4.0,3176.0,3176.000245506,0.00024550599982831045,0.5,1,1.0000000773003779,0.994062103750025,2,profession. And we treat,2,either of them much above 60s. And you may know him by a certain,him just as well. He's,3171.34,3175.54
183,4,mic_fileid_183_doa59_3spk_4.wav,4.0,4,mean_all_channels,3176.0,3180.0,59,3.974527502000001,4.0,3180.0,3180.0001558599997,0.0001558599997224519,0.5,1,1.0000000490125784,0.9936318755000002,2,him just as well. He's,2,"rude mind, over-posing , large, high-much tobacco, and",either of them much above 60s. And you may know him by a certain,3176.28,3179.7400000000002
184,1,mic_fileid_184_doa65_3spk_1.wav,4.0,4,mean_all_channels,3180.0,3184.0,260,3.9723136780003188,4.0,3184.0,3184.000142783,0.00014278299977377173,0.5,1,1.000000044843907,0.9930784195000797,2,either of them much above 60s. And you may know him by a certain,2,a chaffed and catchy vanilla for a while.,,3179.98,3182.9
184,2,mic_fileid_184_doa65_3spk_2.wav,4.0,4,mean_all_channels,3184.0,3188.0,260,3.979641542999616,4.0,3188.0,3188.000171593,0.00017159299977720366,0.5,1,1.000000053824655,0.994910385749904,2,"rude mind, over-posing , large, high-much tobacco, and",2,Having bitterly schooled himself. The senior justice paragraphs were welcome.,a chaffed and catchy vanilla for a while.,3183.2000000000003,3187.6
184,3,mic_fileid_184_doa65_3spk_3.wav,4.0,4,mean_all_channels,3188.0,3192.0,260,3.9762788339999133,4.0,3192.0,3192.0001393959997,0.00013939599966761307,0.5,1,1.000000043670426,0.9940697084999783,2,a chaffed and catchy vanilla for a while.,2,room to all of,Having bitterly schooled himself. The senior justice paragraphs were welcome.,3188.46,3191.7410000000004
184,4,mic_fileid_184_doa65_3spk_4.wav,4.0,4,mean_all_channels,3192.0,3196.0,260,3.977163156000188,4.0,3196.0,3196.000162617,0.00016261700011455105,0.5,1,1.0000000508814142,0.994290789000047,2,Having bitterly schooled himself. The senior justice paragraphs were welcome.,1,your perforial go-man should protect him in maximum order,room to all of,3192.7000000000003,3195.86
185,1,mic_fileid_185_doa35_3spk_1.wav,4.0,4,mean_all_channels,3196.0,3200.0,135,3.9765974789997927,4.0,3200.0,3200.000109099,0.000109098999928392,0.5,1,1.0000000340934374,0.9941493697499482,1,room to all,2,and should clear away with the human body .,,3196.26,3198.601
185,2,mic_fileid_185_doa35_3spk_2.wav,4.0,4,mean_all_channels,3200.0,3204.0,135,3.9712734109998564,4.0,3204.0,3204.000182829,0.00018282900009580771,0.5,1,1.000000057062734,0.9928183527499641,2,of your perforial go-man should protect him in maximum order,1,[BLANK_AUDIO,and should clear away with the human body .,3200.7400000000002,3202.84
185,3,mic_fileid_185_doa35_3spk_3.wav,4.0,4,mean_all_channels,3204.0,3208.0,135,3.9773541780000414,4.0,3208.0,3208.000111662,0.00011166200010848115,0.5,1,1.0000000348073566,0.9943385445000104,2,and should clear away with the human body .,1,],[BLANK_AUDIO,3204.84,3204.8410000000003
185,4,mic_fileid_185_doa35_3spk_4.wav,4.0,4,mean_all_channels,3208.0,3212.0,135,3.97970231599993,4.0,3212.0,3212.000171584,0.00017158399987238226,0.5,1,1.0000000534196762,0.9949255789999825,1,[BLANK_AUDIO,1,Not turned to champs in Canada.,],3210.3,3211.7400000000002
185,5,mic_fileid_185_doa35_3spk_5.wav,4.0,4,mean_all_channels,3212.0,3216.0,135,3.962637296000139,4.0,3216.0,3216.000190632,0.00019063199988522683,0.5,1,1.0000000592761193,0.9906593240000348,1,],2,They would never start in a classroom. They would never start in,Not turned to champs in Canada.,3211.9,3214.08
186,1,mic_fileid_186_doa43_3spk_1.wav,4.0,4,mean_all_channels,3216.0,3220.0,169,3.9744093190001877,4.0,3220.0,3220.000229196,0.00022919599996384932,0.5,1,1.000000071178882,0.9936023297500469,1,Not turned to champs in Canada.,2,the world. That is the game.,,3217.32,3219.14
186,2,mic_fileid_186_doa43_3spk_2.wav,4.0,4,mean_all_channels,3220.0,3224.0,169,3.9718415279999135,4.0,3224.0,3224.000151504,0.00015150399985941476,0.5,1,1.0000000469925558,0.9929603819999784,2,They would never start in a classroom. They would never start in,2,The stash cashier came to them more designed. He was lost at every moment,the world. That is the game.,3219.3,3223.6
186,3,mic_fileid_186_doa43_3spk_3.wav,4.0,4,mean_all_channels,3224.0,3228.0,169,3.9689540999997917,4.0,3228.0,3228.000143729,0.00014372899977388442,0.5,1,1.0000000445257125,0.9922385249999479,2,the world. That is the game.,3,during the day and in the fourth possession of the deadly poison after dark .,The stash cashier came to them more designed. He was lost at every moment,3223.96,3227.8010000000004
187,1,mic_fileid_187_doa136_3spk_1.wav,4.0,4,mean_all_channels,3228.0,3232.0,136,3.970284621999781,4.0,3232.0,3232.000229984,0.0002299839998158859,0.5,1,1.0000000711584158,0.9925711554999452,2,The stash cashier came to them more designed. He was lost at every moment,1,It was a moral addiction.,,3228.96,3231.88
187,2,mic_fileid_187_doa136_3spk_2.wav,4.0,4,mean_all_channels,3232.0,3236.0,136,3.9682594629998675,4.0,3236.0,3236.000145253,0.00014525300002787844,0.5,1,1.0000000448865884,0.9920648657499669,2,during the day and in the fourth possession of the deadly poison after dark,2,When he finally reached the point at which he went for several weeks without any desire for,It was a moral addiction.,3232.1,3235.88
187,3,mic_fileid_187_doa136_3spk_3.wav,4.0,4,mean_all_channels,3236.0,3240.0,136,3.972746473999905,4.0,3240.0,3240.000198721,0.00019872099983331282,0.5,1,1.000000061333642,0.9931866184999762,2,. It was a moral addiction.,2,more for my child's hurt .,When he finally reached the point at which he went for several weeks without any desire for,3236.08,3238.4410000000003
187,4,mic_fileid_187_doa136_3spk_4.wav,4.0,4,mean_all_channels,3240.0,3244.0,136,3.9699127869998847,4.0,3244.0,3244.000180748,0.0001807479998205963,0.5,1,1.0000000557176325,0.9924781967499712,2,When he finally reached the point at which he went for several weeks without any desire for,2,The priest to yesterday evening direct to this village. That's your move.,more for my child's hurt .,3238.58,3242.42
188,1,mic_fileid_188_doa42_3spk_1.wav,4.0,4,mean_all_channels,3244.0,3248.0,247,3.9770588159999534,4.0,3248.0,3248.000182812,0.00018281199982084217,0.5,1,1.0000000562844826,0.9942647039999883,2,more for my child's hurt .,2,"I call that is that Jesus who on the hill yonder . He refused me, logic told me",,3243.52,3247.86
188,2,mic_fileid_188_doa42_3spk_2.wav,4.0,4,mean_all_channels,3248.0,3252.0,247,3.9705659369997193,4.0,3252.0,3252.00013249,0.00013248999994175392,0.5,1,1.0000000407410823,0.9926414842499298,2,The priest to yesterday evening direct to this village. That's your move.,2,the way to hear it. The listener has looked at each other as an assumption.,"I call that is that Jesus who on the hill yonder . He refused me, logic told me",3248.12,3251.78
188,3,mic_fileid_188_doa42_3spk_3.wav,4.0,4,mean_all_channels,3252.0,3256.0,247,3.978974233000372,4.0,3256.0,3256.000095048,9.504799982096301e-05,0.5,1,1.0000000291916462,0.994743558250093,2,"I call that is that Jesus who on the hill yonder . He refused me, logic told me",2,song. I think I said it better.,the way to hear it. The listener has looked at each other as an assumption.,3252.4,3255.9
188,4,mic_fileid_188_doa42_3spk_4.wav,4.0,4,mean_all_channels,3256.0,3260.0,247,3.9829958959999203,4.0,3260.0,3260.0001566359997,0.0001566359997013933,0.5,1,1.0000000480478526,0.9957489739999801,2,the way to hear it. The listener has looked at each other as an assumption.,1,"There was also earth walls, a chair and water rack.",song. I think I said it better.,3256.64,3259.8
189,1,mic_fileid_189_doa19_3spk_1.wav,4.0,4,mean_all_channels,3260.0,3264.0,308,3.979664194000179,4.0,3264.0,3264.000115113,0.00011511299999256153,0.5,1,1.0000000352674632,0.9949160485000448,1,song.,2,You can set your rooms where you have your cram open for people to generally,,3259.8010000000004,3263.7400000000002
189,2,mic_fileid_189_doa19_3spk_2.wav,4.0,4,mean_all_channels,3264.0,3268.0,308,3.978845870999976,4.0,3268.0,3268.000229257,0.00022925699977349723,0.5,1,1.0000000701520808,0.994711467749994,2,"I think I said it better. There was also earth walls, a chair and water rack.",2,stay. Except for the,You can set your rooms where you have your cram open for people to generally,3264.26,3266.28
189,3,mic_fileid_189_doa19_3spk_3.wav,4.0,4,mean_all_channels,3268.0,3272.0,308,3.978448325000045,4.0,3272.0,3272.0001497499998,0.00014974999976402614,0.5,1,1.0000000457671148,0.9946120812500112,2,You can set your rooms where you have your cram open for people to generally,2,fresh mugs that would dry the mugs from my buns .,stay. Except for the,3266.98,3269.561
189,4,mic_fileid_189_doa19_3spk_4.wav,4.0,4,mean_all_channels,3272.0,3276.0,308,3.9810806820000835,4.0,3276.0,3276.000166819,0.0001668189997872105,0.5,1,1.0000000509215505,0.9952701705000209,2,stay. Except for the,2,You 're like a seed you help us to,fresh mugs that would dry the mugs from my buns .,3273.26,3275.78
189,5,mic_fileid_189_doa19_3spk_5.wav,4.0,4,mean_all_channels,3276.0,3280.0,308,3.9771564160000707,4.0,3280.0,3280.00015559,0.00015558999984932598,0.5,1,1.0000000474359756,0.9942891040000177,2,fresh mugs that would dry the mugs from my buns .,2,"elate the blood to be rich. Go then, and follow the feelings of reckoning yourself",You 're like a seed you help us to,3275.98,3279.8
190,1,mic_fileid_190_doa23_3spk_1.wav,4.0,4,mean_all_channels,3280.0,3284.0,96,3.9737963699999455,4.0,3284.0,3284.000156365,0.00015636499983884278,0.5,1,1.00000004761419,0.9934490924999864,2,You 're like a seed you help us to,2,through the insomnia and the trials of modernity and submission,,3280.26,3283.44
190,2,mic_fileid_190_doa23_3spk_2.wav,4.0,4,mean_all_channels,3284.0,3288.0,96,3.9780165250003847,4.0,3288.0,3288.000130094,0.00013009399981456227,0.5,1,1.0000000395663016,0.9945041312500962,2,"elate the blood to be rich. Go then, and follow the feelings of reckoning yourself",2,to win her foot-gaze office and perhaps her favorite would restore you to,through the insomnia and the trials of modernity and submission,3284.02,3287.86
190,3,mic_fileid_190_doa23_3spk_3.wav,4.0,4,mean_all_channels,3288.0,3292.0,96,3.9746966600000633,4.0,3292.0,3292.000164142,0.0001641419999032223,0.5,1,1.0000000498608748,0.9936741650000158,2,through the insomnia and the trials of modernity and submission,2,"the husband you have lost. - You can be a friend, please.",to win her foot-gaze office and perhaps her favorite would restore you to,3288.04,3289.8
190,4,mic_fileid_190_doa23_3spk_4.wav,4.0,4,mean_all_channels,3292.0,3296.0,96,3.9788143879995914,4.0,3296.0,3296.000091423,9.142299995801295e-05,0.5,1,1.0000000277375607,0.9947035969998979,2,to win her foot-gaze office and perhaps her favorite would restore you to,2,- I will give you letters to conduct,"the husband you have lost. - You can be a friend, please.",3292.5,3295.78
190,5,mic_fileid_190_doa23_3spk_5.wav,4.0,4,mean_all_channels,3296.0,3300.0,96,3.975318517999767,4.0,3300.0,3300.000112872,0.00011287200004517217,0.5,1,1.0000000342036364,0.9938296294999418,2,"the husband you have lost. - You can be a friend, please.",2,and recollect that whatever general you take service under,- I will give you letters to conduct,3296.78,3299.82
191,1,mic_fileid_191_doa169_3spk_1.wav,4.0,4,mean_all_channels,3300.0,3304.0,313,3.9807714710000255,4.0,3304.0,3304.000170088,0.00017008799977702438,0.5,1,1.0000000514794187,0.9951928677500064,2,- I will give you letters to conduct,2,", you will follow him without pretending to calculate how",,3300.7000000000003,3303.86
191,2,mic_fileid_191_doa169_3spk_2.wav,4.0,4,mean_all_channels,3304.0,3308.0,313,3.9772957529999076,4.0,3308.0,3308.000125883,0.00012588299978233408,0.5,1,1.0000000380541112,0.9943239382499769,2,and recollect that whatever general you take service under,2,far his movements may be right or wrong. That is not,", you will follow him without pretending to calculate how",3304.0,3307.8
191,3,mic_fileid_191_doa169_3spk_3.wav,4.0,4,mean_all_channels,3308.0,3312.0,313,3.9742648619999272,4.0,3312.0,3312.000161295,0.00016129499999806285,0.5,1,1.0000000487001812,0.9935662154999818,2,", you will follow him without pretending to calculate how",2,your affair. [BLANK,far his movements may be right or wrong. That is not,3307.96,3309.6800000000003
191,4,mic_fileid_191_doa169_3spk_4.wav,4.0,4,mean_all_channels,3312.0,3316.0,313,3.972525255000164,4.0,3316.0,3316.00012162,0.00012161999984527938,0.5,1,1.000000036676719,0.993131313750041,2,far his movements may be right or wrong. That is not,1,Before the negotiations were,your affair. [BLANK,3314.6,3315.84
191,5,mic_fileid_191_doa169_3spk_5.wav,4.0,4,mean_all_channels,3316.0,3320.0,313,3.974523409000085,4.0,3320.0,3320.000217717,0.00021771699994133087,0.5,1,1.0000000655774097,0.9936308522500212,2,your affair. [BLANK,2,"completed, it began to grow in dust as it no longer",Before the negotiations were,3316.1600000000003,3319.6800000000003
192,1,mic_fileid_192_doa84_3spk_1.wav,4.0,4,mean_all_channels,3320.0,3324.0,344,3.9717764659999375,4.0,3324.0,3324.0001243379998,0.00012433799975042348,0.5,1,1.000000037406137,0.9929441164999844,1,Before the negotiations were,1,I'd like to whether or not you said yes to my task. I was abused,,3320.6,3323.6
192,2,mic_fileid_192_doa84_3spk_2.wav,4.0,4,mean_all_channels,3324.0,3328.0,344,3.9785900910001146,4.0,3328.0,3328.000279731,0.000279730999864114,0.5,1,1.000000084053786,0.9946475227500287,2,"completed, it began to grow in dust as it no longer",2,by the sort of business talent she had to raise . Edward could not,I'd like to whether or not you said yes to my task. I was abused,3324.04,3327.78
192,3,mic_fileid_192_doa84_3spk_3.wav,4.0,4,mean_all_channels,3328.0,3332.0,344,3.979290337999828,4.0,3332.0,3332.000199954,0.00019995399998151697,0.5,1,1.0000000600102041,0.994822584499957,1,I'd like to whether or not you said yes to my task. I was abused,1,have shown himself more practical.,by the sort of business talent she had to raise . Edward could not,3328.0,3329.82
192,4,mic_fileid_192_doa84_3spk_4.wav,4.0,4,mean_all_channels,3332.0,3336.0,344,3.9756632280000304,4.0,3336.0,3336.000132193,0.00013219299989941646,0.5,1,1.000000039626199,0.9939158070000076,2,by the sort of business talent she had to raise . Edward could not,1,"Atlanta University, storm by",have shown himself more practical.,3334.32,3335.8
192,5,mic_fileid_192_doa84_3spk_5.wav,4.0,4,mean_all_channels,3336.0,3340.0,344,3.9810163980000652,4.0,3340.0,3340.0001030979997,0.00010309799972674227,0.5,1,1.0000000308676646,0.9952540995000163,1,have shown himself more practical.,2,", and stood up, hot to see a quarter of the little green stairs he was carrying","Atlanta University, storm by",3336.1,3339.78
193,1,mic_fileid_193_doa66_3spk_1.wav,4.0,4,mean_all_channels,3340.0,3344.0,110,3.9847896749997744,4.0,3344.0,3344.0001119529998,0.00011195299975952366,0.5,1,1.000000033478768,0.9961974187499436,1,"Atlanta University, storm by",2,never went before. The small square and a long sped up with,,3340.28,3343.7400000000002
193,2,mic_fileid_193_doa66_3spk_2.wav,4.0,4,mean_all_channels,3344.0,3348.0,110,3.968324236999706,4.0,3348.0,3348.000088407,8.84070000211068e-05,0.5,1,1.000000026405914,0.9920810592499265,2,", and stood up, hot to see a quarter of the little green stairs he was carrying",2,a chest for cocaine. He breathed hard for a minute and knocked,never went before. The small square and a long sped up with,3343.86,3347.7200000000003
193,3,mic_fileid_193_doa66_3spk_3.wav,4.0,4,mean_all_channels,3348.0,3352.0,110,3.9804161320003004,4.0,3352.0,3352.0001266209997,0.00012662099970839336,0.5,1,1.0000000377747613,0.9951040330000751,2,never went before. The small square and a long sped up with,2,at the door of Sylvia's room .,a chest for cocaine. He breathed hard for a minute and knocked,3348.14,3349.641
193,4,mic_fileid_193_doa66_3spk_4.wav,4.0,4,mean_all_channels,3352.0,3356.0,110,3.9788562180001463,4.0,3356.0,3356.00007133,7.133000008252566e-05,0.5,1,1.0000000212544697,0.9947140545000366,2,a chest for cocaine. He breathed hard for a minute and knocked,1,- I'm going to need a little bit of your mother to,at the door of Sylvia's room .,3354.2000000000003,3355.8
193,5,mic_fileid_193_doa66_3spk_5.wav,4.0,4,mean_all_channels,3356.0,3360.0,110,3.977565196999876,4.0,3360.0,3360.0001337999997,0.00013379999973039958,0.5,1,1.0000000398214286,0.994391299249969,2,at the door of Sylvia's room .,2,take care of that. - We took you to some of the best animals .,- I'm going to need a little bit of your mother to,3355.9,3358.2810000000004
194,1,mic_fileid_194_doa63_3spk_1.wav,4.0,4,mean_all_channels,3360.0,3364.0,285,3.9821140639996884,4.0,3364.0,3364.000173631,0.00017363100005240995,0.5,1,1.0000000516144472,0.9955285159999221,1,- I'm going to need a little bit of your mother to,1,[INAUDIBLE],,3360.46,3361.96
194,2,mic_fileid_194_doa63_3spk_2.wav,4.0,4,mean_all_channels,3364.0,3368.0,285,3.9771253050002997,4.0,3368.0,3368.00016247,0.00016246999985014554,0.5,1,1.0000000482393112,0.9942813262500749,2,take care of that. - We took you to some of the best animals .,2,There was a philosopher,[INAUDIBLE],3365.78,3367.56
194,3,mic_fileid_194_doa63_3spk_3.wav,4.0,4,mean_all_channels,3368.0,3372.0,285,3.968968921999931,4.0,3372.0,3372.000152692,0.0001526920000287646,0.5,1,1.000000045282325,0.9922422304999827,1,[INAUDIBLE],2,with whom he agreed on all of this.,There was a philosopher,3368.1600000000003,3370.36
194,4,mic_fileid_194_doa63_3spk_4.wav,4.0,4,mean_all_channels,3372.0,3376.0,285,3.970311342000059,4.0,3376.0,3376.000162491,0.00016249100008280948,0.5,1,1.0000000481312203,0.9925778355000148,2,There was a philosopher,2,I might want to think it over before accepting. That's for me. I passed the handle on my brow,with whom he agreed on all of this.,3370.6600000000003,3375.76
195,1,mic_fileid_195_doa40_3spk_1.wav,4.0,4,mean_all_channels,3376.0,3380.0,177,3.9737954679999348,4.0,3380.0,3380.000167457,0.00016745699986131513,0.5,1,1.000000049543491,0.9934488669999837,2,with whom he agreed on all of this.,2,. It was a bit of cold sweat .,,3376.52,3378.061
195,2,mic_fileid_195_doa40_3spk_2.wav,4.0,4,mean_all_channels,3380.0,3384.0,177,3.9709929670002566,4.0,3384.0,3384.0001872499997,0.00018724999972619116,0.5,1,1.0000000553339243,0.9927482417500642,2,I might want to think it over before accepting. That's for me. I passed the handle on my brow,2,Let's think this over and send it to myself. And let's take our time,. It was a bit of cold sweat .,3379.1800000000003,3383.86
195,3,mic_fileid_195_doa40_3spk_3.wav,4.0,4,mean_all_channels,3384.0,3388.0,177,3.969384701999843,4.0,3388.0,3388.000131961,0.00013196100007917266,0.5,1,1.0000000389495278,0.9923461754999607,2,. It was a bit of cold sweat .,1,.,Let's think this over and send it to myself. And let's take our time,3384.54,3384.541
195,4,mic_fileid_195_doa40_3spk_4.wav,4.0,4,mean_all_channels,3388.0,3392.0,177,3.983417935000034,4.0,3392.0,3392.000159927,0.00015992699991329573,0.5,1,1.0000000471482902,0.9958544837500085,2,Let's think this over and send it to myself. And let's take our time,1,That's the one that's made for that.,.,3390.26,3391.82
195,5,mic_fileid_195_doa40_3spk_5.wav,4.0,4,mean_all_channels,3392.0,3396.0,177,3.965165892999721,4.0,3396.0,3396.000186917,0.00018691700006456813,0.5,1,1.0000000550403416,0.9912914732499303,1,.,3,And we're in a battle for you. That is when you're ready to go.,That's the one that's made for that.,3392.32,3396.14
196,1,mic_fileid_196_doa50_3spk_1.wav,4.0,4,mean_all_channels,3396.0,3400.0,357,3.9777652180000587,4.0,3400.0,3400.000223297,0.00022329700004775077,0.5,1,1.0000000656755883,0.9944413045000147,1,That's the one that's made for that.,1,So,,3399.78,3399.7810000000004
196,2,mic_fileid_196_doa50_3spk_2.wav,4.0,4,mean_all_channels,3400.0,3404.0,357,3.981014994999896,4.0,3404.0,3404.000204204,0.00020420400005605188,0.5,1,1.0000000599894243,0.995253748749974,2,And we're in a battle for you. That is when you're ready to,2,not only the eyes of the two faces and hearts from which it flamed.,So,3400.12,3403.86
196,3,mic_fileid_196_doa50_3spk_3.wav,4.0,4,mean_all_channels,3404.0,3408.0,357,3.977077119000114,4.0,3408.0,3408.000121213,0.0001212130000567413,0.5,1,1.0000000355671947,0.9942692797500285,2,go. So,1,I used to have a storybook as well,not only the eyes of the two faces and hearts from which it flamed.,3406.42,3407.84
196,4,mic_fileid_196_doa50_3spk_4.wav,4.0,4,mean_all_channels,3408.0,3412.0,357,3.9829992019999736,4.0,3412.0,3412.0001167269997,0.00011672699974951684,0.5,1,1.0000000342107267,0.9957498004999934,2,not only the eyes of the two faces and hearts from which it flamed.,3,. I don't know what,I used to have a storybook as well,3408.4,3410.7220000000007
197,1,mic_fileid_197_doa7_3spk_1.wav,4.0,4,mean_all_channels,3412.0,3416.0,318,3.9816715319998366,4.0,3416.0,3416.000156387,0.00015638700006093131,0.5,1,1.0000000457807376,0.9954178829999591,1,I used to have a storybook as well,1,I thought.,,3413.2000000000003,3414.12
197,2,mic_fileid_197_doa7_3spk_2.wav,4.0,4,mean_all_channels,3416.0,3420.0,318,3.97725985399984,4.0,3420.0,3420.0001062,0.00010620000011840602,0.5,1,1.0000000310526316,0.99431496349996,2,. I don't know,2,I thought we were spreading himself to it.,I thought.,3416.02,3418.32
197,3,mic_fileid_197_doa7_3spk_3.wav,4.0,4,mean_all_channels,3420.0,3424.0,318,3.976315438999791,4.0,3424.0,3424.0001202109997,0.00012021099973935634,0.5,1,1.0000000351083527,0.9940788597499477,2,what I thought.,1,her as a child.,I thought we were spreading himself to it.,3420.7200000000003,3422.7000000000003
197,4,mic_fileid_197_doa7_3spk_4.wav,4.0,4,mean_all_channels,3424.0,3428.0,318,3.9748019620001287,4.0,3428.0,3428.0001418889997,0.00014188899967848556,0.5,1,1.00000004139119,0.9937004905000322,2,I thought we were spreading himself to it.,1,Cuban.,her as a child.,3424.46,3425.36
198,1,mic_fileid_198_doa5_3spk_1.wav,4.0,4,mean_all_channels,3428.0,3432.0,109,3.9750445770000624,4.0,3432.0,3432.000141137,0.0001411369999004819,0.5,1,1.0000000411238346,0.9937611442500156,1,her as a child.,2,"He was a powerfully built man, and a lot of",,3427.98,3431.78
198,2,mic_fileid_198_doa5_3spk_2.wav,4.0,4,mean_all_channels,3432.0,3436.0,109,3.975391767000019,4.0,3436.0,3436.000165457,0.00016545700009373832,0.5,1,1.0000000481539582,0.9938479417500048,1,Cuban.,2,"double-edged, with his muscular arms curved to the shoulder","He was a powerfully built man, and a lot of",3432.08,3435.04
198,3,mic_fileid_198_doa5_3spk_3.wav,4.0,4,mean_all_channels,3436.0,3440.0,109,3.9750136480001856,4.0,3440.0,3440.0001318189998,0.00013181899976189015,0.5,1,1.0000000383194767,0.9937534120000464,2,"He was a powerfully built man, and a lot of",2,. And informed General Young and Colonel Wood. [BLANK,"double-edged, with his muscular arms curved to the shoulder",3435.3,3439.7210000000005
198,4,mic_fileid_198_doa5_3spk_4.wav,4.0,4,mean_all_channels,3440.0,3444.0,109,3.976236916000289,4.0,3444.0,3444.000202654,0.00020265400007701828,0.5,1,1.0000000588426248,0.9940592290000723,2,"double-edged, with his muscular arms curved to the shoulder",1,"Yeah, we're close to one, well, please",. And informed General Young and Colonel Wood. [BLANK,3442.44,3443.7400000000002
198,5,mic_fileid_198_doa5_3spk_5.wav,4.0,4,mean_all_channels,3444.0,3448.0,109,3.978599004999978,4.0,3448.0,3448.000184176,0.0001841759999479109,0.5,1,1.0000000534153133,0.9946497512499946,2,. And informed General Young and Colonel Wood. [BLANK,3,say it on a drive to the top. We have to do a knockout finish.,"Yeah, we're close to one, well, please",3444.02,3448.3
199,1,mic_fileid_199_doa56_3spk_1.wav,4.0,4,mean_all_channels,3448.0,3452.0,56,3.9739818159996503,4.0,3452.0,3452.000104624,0.00010462399995958549,0.5,1,1.000000030308227,0.9934954539999126,1,"Yeah, we're close to one, well, please",2,We have to do this.,,3450.7400000000002,3452.0
199,2,mic_fileid_199_doa56_3spk_2.wav,4.0,4,mean_all_channels,3452.0,3456.0,56,3.9683457159999307,4.0,3456.0,3456.000136827,0.00013682700000572368,0.5,1,1.000000039591146,0.9920864289999827,2,say it on a drive to the top.,1,I was proud of this. I was in the intersection.,We have to do this.,3453.38,3455.1600000000003
199,3,mic_fileid_199_doa56_3spk_3.wav,4.0,4,mean_all_channels,3456.0,3460.0,56,3.9785147210000105,4.0,3460.0,3460.000121907,0.00012190699999337085,0.5,1,1.000000035233237,0.9946286802500026,2,We have to do a knockout finish. We have to do,2,I was in the buildings and took on. Did you include Jerry?,I was proud of this. I was in the intersection.,3455.36,3457.82
199,4,mic_fileid_199_doa56_3spk_4.wav,4.0,4,mean_all_channels,3460.0,3464.0,56,3.978993305000131,4.0,3464.0,3464.000222563,0.0002225630000793899,0.5,1,1.0000000642502886,0.9947483262500327,2,this. I was proud of this. I was in the intersection.,1,No.,I was in the buildings and took on. Did you include Jerry?,3461.3,3461.7000000000003
199,5,mic_fileid_199_doa56_3spk_5.wav,4.0,4,mean_all_channels,3464.0,3468.0,56,3.975283711999964,4.0,3468.0,3468.0002767339997,0.0002767339997262752,0.5,1,1.0000000797964244,0.993820927999991,2,I was in the buildings and took on. Did you include Jerry?,2,and merely whispered as he gave her the parting lift. Don't tell. The only answer to,No.,3462.54,3467.76
200,1,mic_fileid_200_doa103_3spk_1.wav,4.0,4,mean_all_channels,3468.0,3472.0,228,3.9695240699998067,4.0,3472.0,3472.0001024949997,0.00010249499973724596,0.5,1,1.0000000295204492,0.9923810174999517,1,No.,2,Princess return was a rogish look. She was already a yard above his,,3467.98,3471.86
200,2,mic_fileid_200_doa103_3spk_2.wav,4.0,4,mean_all_channels,3472.0,3476.0,228,3.9777466810000988,4.0,3476.0,3476.000179051,0.00017905100003190455,0.5,1,1.0000000515106444,0.9944366702500247,2,and merely whispered as he gave her the parting lift. Don't tell. The only answer to,2,"head. The look seemed to say, ""Never fear, it is too",Princess return was a rogish look. She was already a yard above his,3472.14,3475.7400000000002
200,3,mic_fileid_200_doa103_3spk_3.wav,4.0,4,mean_all_channels,3476.0,3480.0,228,3.974131963000218,4.0,3480.0,3480.000088742,8.874200011632638e-05,0.5,1,1.0000000255005748,0.9935329907500545,2,Princess return was a rogish look. She was already a yard above his,2,"good fun to spoil that way."" (end","head. The look seemed to say, ""Never fear, it is too",3475.96,3479.4610000000002
200,4,mic_fileid_200_doa103_3spk_4.wav,4.0,4,mean_all_channels,3480.0,3484.0,228,3.9776619009999195,4.0,3484.0,3484.000156747,0.00015674699989176588,0.5,1,1.0000000449905282,0.9944154752499799,2,"head. The look seemed to say, ""Never fear, it is too",2,of transcript) of,"good fun to spoil that way."" (end",3480.9,3482.061
200,5,mic_fileid_200_doa103_3spk_5.wav,4.0,4,mean_all_channels,3484.0,3488.0,228,3.9738616380000167,4.0,3488.0,3488.000174641,0.00017464099983044434,0.5,1,1.000000050069094,0.9934654095000042,2,"good fun to spoil that way."" (end",1,"cities, each of which was for many purposes",of transcript) of,3484.44,3487.54
201,1,mic_fileid_201_doa27_3spk_1.wav,4.0,4,mean_all_channels,3488.0,3492.0,27,3.977507613999933,4.0,3492.0,3492.0001655809997,0.00016558099969188333,0.5,1,1.0000000474172392,0.9943769034999832,2,of transcript) of,2,an independent state jealous of all the difference from without,,3488.4,3491.84
201,2,mic_fileid_201_doa27_3spk_2.wav,4.0,4,mean_all_channels,3492.0,3496.0,27,3.9735013929998786,4.0,3496.0,3496.000174928,0.0001749279999785358,0.5,1,1.0000000500366133,0.9933753482499696,1,"cities, each of which was for many purposes",2,. If the rumors of such a thing receive from the Hague,an independent state jealous of all the difference from without,3492.1600000000003,3495.78
201,3,mic_fileid_201_doa27_3spk_3.wav,4.0,4,mean_all_channels,3496.0,3500.0,27,3.980153584999698,4.0,3500.0,3500.000220687,0.0002206869999099581,0.5,1,1.0000000630534285,0.9950383962499245,2,an independent state jealous of all the difference from without,2,and order. What kind of an accident was,. If the rumors of such a thing receive from the Hague,3495.88,3499.82
201,4,mic_fileid_201_doa27_3spk_4.wav,4.0,4,mean_all_channels,3500.0,3504.0,27,3.9668381020001107,4.0,3504.0,3504.000185113,0.0001851130000432022,0.5,1,1.0000000528290525,0.9917095255000277,2,. If the rumors of such a thing receive from the Hague,2,"it, Red Car? And how did it happen ?",and order. What kind of an accident was,3500.06,3502.061
202,1,mic_fileid_202_doa79_3spk_1.wav,4.0,4,mean_all_channels,3504.0,3508.0,293,3.9712368340001376,4.0,3508.0,3508.000263001,0.0002630009998938476,0.5,1,1.0000000749717788,0.9928092085000344,2,and order. What kind of an accident was,2,Yes. Furrowing the hawk tried to catch me.,,3503.58,3506.84
202,2,mic_fileid_202_doa79_3spk_2.wav,4.0,4,mean_all_channels,3508.0,3512.0,293,3.9732271390003007,4.0,3512.0,3512.000241798,0.00024179799993362394,0.5,1,1.0000000688490889,0.9933067847500752,2,"it, Red Car? And how did it happen ?",2,He was ready to serve his guests,Yes. Furrowing the hawk tried to catch me.,3509.5,3511.5
202,3,mic_fileid_202_doa79_3spk_3.wav,4.0,4,mean_all_channels,3512.0,3516.0,293,3.9651594820002174,4.0,3516.0,3516.0001393519997,0.00013935199967818335,0.5,1,1.0000000396336746,0.9912898705000543,2,Yes. Furrowing the hawk tried to catch me.,2,", not before he forwarded his own wireless notes.",He was ready to serve his guests,3512.06,3515.0
203,1,mic_fileid_203_doa25_3spk_1.wav,4.0,4,mean_all_channels,3516.0,3520.0,88,3.970713925000382,4.0,3520.0,3520.000196695,0.00019669499988594907,0.5,1,1.0000000558792614,0.9926784812500955,2,He was ready to serve his guests,2,Just tell my wife that I'm enjoying myself.,,3516.08,3519.78
203,2,mic_fileid_203_doa25_3spk_2.wav,4.0,4,mean_all_channels,3520.0,3524.0,88,3.967722134000269,4.0,3524.0,3524.00021614,0.00021613999979308574,0.5,1,1.0000000613337117,0.9919305335000672,2,", not before he forwarded his own wireless notes.",2,Requesting Mr. Damon. Bless my foots to what this is for,Just tell my wife that I'm enjoying myself.,3519.8,3523.78
203,3,mic_fileid_203_doa25_3spk_3.wav,4.0,4,mean_all_channels,3524.0,3528.0,88,3.958778121999785,4.0,3528.0,3528.0002376489997,0.00023764899970046827,0.5,1,1.0000000673608276,0.9896945304999463,2,Just tell my wife that I'm enjoying myself.,2,. We're off the earth yet. [BLANK,Requesting Mr. Damon. Bless my foots to what this is for,3524.62,3527.541
203,4,mic_fileid_203_doa25_3spk_4.wav,4.0,4,mean_all_channels,3528.0,3532.0,88,3.9699921129999893,4.0,3532.0,3532.0001033989997,0.00010339899972677813,0.5,1,1.000000029274915,0.9924980282499973,2,Requesting Mr. Damon. Bless my foots to what this is for,1,Be worth loud and under,. We're off the earth yet. [BLANK,3530.5,3531.78
203,5,mic_fileid_203_doa25_3spk_5.wav,4.0,4,mean_all_channels,3532.0,3536.0,88,3.9721968789999664,4.0,3536.0,3536.000110437,0.00011043699987567379,0.5,1,1.0000000312321833,0.9930492197499916,2,. We're off the earth yet. [BLANK,2,the debris than all black code. He made pretensions to literature,Be worth loud and under,3532.08,3535.8
204,1,mic_fileid_204_doa190_3spk_1.wav,4.0,4,mean_all_channels,3536.0,3540.0,190,3.9712065680000705,4.0,3540.0,3540.0001396879998,0.00013968799976282753,0.5,1,1.000000039459887,0.9928016420000176,1,Be worth loud and under,2,"and to materialism , to a certain means which he often drown",,3536.54,3539.78
204,2,mic_fileid_204_doa190_3spk_2.wav,4.0,4,mean_all_channels,3540.0,3544.0,190,3.973135100000036,4.0,3544.0,3544.000119919,0.00011991900009888923,0.5,1,1.0000000338371897,0.993283775000009,2,the debris than all black code. He made pretensions to literature,2,s to support whatever things might be saved. Voltaire,"and to materialism , to a certain means which he often drown",3540.28,3543.58
204,3,mic_fileid_204_doa190_3spk_3.wav,4.0,4,mean_all_channels,3544.0,3548.0,190,3.9795812229999683,4.0,3548.0,3548.000363541,0.0003635409998423711,0.5,1,1.0000001024636413,0.9948953057499921,2,"and to materialism , to a certain means which he often drown",2,. [BLANK,s to support whatever things might be saved. Voltaire,3544.0,3547.4610000000002
204,4,mic_fileid_204_doa190_3spk_4.wav,4.0,4,mean_all_channels,3548.0,3552.0,190,3.966611660000126,4.0,3552.0,3552.000173039,0.00017303899994658423,0.5,1,1.0000000487159346,0.9916529150000315,2,s to support whatever things might be saved. Voltaire,2,_ s,. [BLANK,3549.36,3550.4610000000002
205,1,mic_fileid_205_doa68_3spk_1.wav,4.0,4,mean_all_channels,3552.0,3556.0,262,3.9713021200000185,4.0,3556.0,3556.000160523,0.00016052299997681985,0.5,1,1.000000045141451,0.9928255300000046,2,. [BLANK,2,. He managed to drizzle into a new.,,3552.14,3555.78
205,2,mic_fileid_205_doa68_3spk_2.wav,4.0,4,mean_all_channels,3556.0,3560.0,262,3.9718250470000385,4.0,3560.0,3560.000183905,0.00018390500008536037,0.5,1,1.000000051658708,0.9929562617500096,2,_ s,2,The first valiant discovery that I've seen is likely to happen,. He managed to drizzle into a new.,3555.7810000000004,3559.84
205,3,mic_fileid_205_doa68_3spk_3.wav,4.0,4,mean_all_channels,3560.0,3564.0,262,3.9712189169999874,4.0,3564.0,3564.000132024,0.00013202399986766977,0.5,1,1.000000037043771,0.9928047292499969,2,. He managed to drizzle into a new.,2,. All minds are very much the same.,The first valiant discovery that I've seen is likely to happen,3560.1,3563.1
205,4,mic_fileid_205_doa68_3spk_4.wav,4.0,4,mean_all_channels,3564.0,3568.0,262,3.9739310009999826,4.0,3568.0,3568.0001544419997,0.00015444199971170747,0.5,1,1.0000000432853138,0.9934827502499957,2,The first valiant discovery that I've seen is likely to happen,1,I only want to know if I had a computer,. All minds are very much the same.,3566.2200000000003,3567.84
205,5,mic_fileid_205_doa68_3spk_5.wav,4.0,4,mean_all_channels,3568.0,3572.0,262,3.974897311999939,4.0,3572.0,3572.000159662,0.0001596619999872928,0.5,1,1.0000000446982082,0.9937243279999848,2,. All minds are very much the same.,2,"for this. Roe, as you are no doubt aware, was placed",I only want to know if I had a computer,3568.2400000000002,3571.5
206,1,mic_fileid_206_doa56_3spk_1.wav,4.0,4,mean_all_channels,3572.0,3576.0,56,3.970229953999933,4.0,3576.0,3576.000168013,0.00016801299989310792,0.5,1,1.000000046983501,0.9925574884999833,1,I only want to know if I had a computer,2,in a state of siege by the approach of the French army. It was filled at,,3571.88,3575.8
206,2,mic_fileid_206_doa56_3spk_2.wav,4.0,4,mean_all_channels,3576.0,3580.0,56,3.976852996999696,4.0,3580.0,3580.000137979,0.00013797900010104058,0.5,1,1.0000000385416201,0.994213249249924,2,"for this. Roe, as you are no doubt aware, was placed",3,that time with exiles and fugitives . Come back.,in a state of siege by the approach of the French army. It was filled at,3576.0,3579.28
206,3,mic_fileid_206_doa56_3spk_3.wav,4.0,4,mean_all_channels,3580.0,3584.0,56,3.9761616430000686,4.0,3584.0,3584.0002109829998,0.00021098299976074486,0.5,1,1.0000000588680245,0.9940404107500171,2,in a state of siege by the approach of the French army. It was filled at,1,I am not meant to,that time with exiles and fugitives . Come back.,3583.1800000000003,3583.84
206,4,mic_fileid_206_doa56_3spk_4.wav,4.0,4,mean_all_channels,3584.0,3588.0,56,3.9785887979996915,4.0,3588.0,3588.000131206,0.00013120599987814785,0.5,1,1.0000000365680044,0.9946471994999229,2,that time with exiles and fugitives .,2,know if she's listening to us.,I am not meant to,3584.64,3586.84
207,1,mic_fileid_207_doa138_3spk_1.wav,4.0,4,mean_all_channels,3588.0,3592.0,204,3.9807891189998372,4.0,3592.0,3592.000130181,0.0001301809998039971,0.5,1,1.0000000362419263,0.9951972797499593,2,Come back. I am not meant to,2,"The press is responsible for many popular errors , whenever an Indian indulges",,3586.92,3591.88
207,2,mic_fileid_207_doa138_3spk_2.wav,4.0,4,mean_all_channels,3592.0,3596.0,204,3.981734340999992,4.0,3596.0,3596.000142978,0.00014297799998530536,0.5,1,1.0000000397602893,0.995433585249998,2,know if she's listening to us.,2,in any notorious misbehavior . He is widely heralded as a,"The press is responsible for many popular errors , whenever an Indian indulges",3592.1600000000003,3595.88
207,3,mic_fileid_207_doa138_3spk_3.wav,4.0,4,mean_all_channels,3596.0,3600.0,204,3.9765286910001123,4.0,3600.0,3600.000145046,0.00014504599994324963,0.5,1,1.0000000402905556,0.9941321727500281,2,"The press is responsible for many popular errors , whenever an Indian indulges",1,Carlisle graduate.,in any notorious misbehavior . He is widely heralded as a,3596.14,3597.7000000000003
207,4,mic_fileid_207_doa138_3spk_4.wav,4.0,4,mean_all_channels,3600.0,3604.0,204,3.977888206999978,4.0,3604.0,3604.000178271,0.00017827100009526475,0.5,1,1.0000000494647614,0.9944720517499945,2,in any notorious misbehavior . He is widely heralded as a,1,"Around many of them, group clusters",Carlisle graduate.,3602.38,3603.64
207,5,mic_fileid_207_doa138_3spk_5.wav,4.0,4,mean_all_channels,3604.0,3608.0,204,3.975791595999908,4.0,3608.0,3608.000200257,0.00020025699996040203,0.5,1,1.000000055503603,0.993947898999977,1,Carlisle graduate.,2,of strange and colorful seeds that wave their vannuos gently,"Around many of them, group clusters",3604.2400000000002,3607.6800000000003
208,1,mic_fileid_208_doa73_3spk_1.wav,4.0,4,mean_all_channels,3608.0,3612.0,276,3.975561512999775,4.0,3612.0,3612.000172237,0.0001722369997878559,0.5,1,1.0000000476846622,0.9938903782499438,1,"Around many of them, group clusters",2,as though some in percept ive current with them in,,3608.38,3611.7200000000003
208,2,mic_fileid_208_doa73_3spk_2.wav,4.0,4,mean_all_channels,3612.0,3616.0,276,3.9761369319999176,4.0,3616.0,3616.0001347919997,0.0001347919996987912,0.5,1,1.0000000372765485,0.9940342329999794,2,of strange and colorful seeds that wave their vannuos gently,2,passing. You're in there. Figures move. Slim white figures that,as though some in percept ive current with them in,3611.92,3615.7400000000002
208,3,mic_fileid_208_doa73_3spk_3.wav,4.0,4,mean_all_channels,3616.0,3620.0,276,3.971896071000174,4.0,3620.0,3620.000272255,0.0002722549997997703,0.5,1,1.0000000752085634,0.9929740177500435,2,as though some in percept ive current with them in,2,strolled along the narrow street .,passing. You're in there. Figures move. Slim white figures that,3616.0,3617.9210000000003
208,4,mic_fileid_208_doa73_3spk_4.wav,4.0,4,mean_all_channels,3620.0,3624.0,276,3.9744079129995953,4.0,3624.0,3624.0001154399997,0.00011543999971763697,0.5,1,1.0000000318543045,0.9936019782498988,2,passing. You're in there. Figures move. Slim white figures that,1,Undoubtedly it was,strolled along the narrow street .,3622.56,3623.42
208,5,mic_fileid_208_doa73_3spk_5.wav,4.0,4,mean_all_channels,3624.0,3628.0,276,3.976926729000297,4.0,3628.0,3628.000203229,0.00020322899990787846,0.5,1,1.0000000560168136,0.9942316822500743,2,strolled along the narrow street .,2,. Was he not an algorithm? Easy chair. What did,Undoubtedly it was,3624.36,3627.7400000000002
209,1,mic_fileid_209_doa17_3spk_1.wav,4.0,4,mean_all_channels,3628.0,3632.0,82,3.9708048900001813,4.0,3632.0,3632.000156908,0.00015690800000811578,0.5,1,1.000000043201542,0.9927012225000453,1,Undoubtedly it was,2,he call himself? Not an emigrant he developed within the,,3627.92,3631.7200000000003
209,2,mic_fileid_209_doa17_3spk_2.wav,4.0,4,mean_all_channels,3632.0,3636.0,82,3.9715050770000744,4.0,3636.0,3636.000137693,0.00013769299994237372,0.5,1,1.0000000378693619,0.9928762692500186,2,. Was he not an algorithm? Easy chair. What did,2,sense of spirit of the law . Why not the president desire to know,he call himself? Not an emigrant he developed within the,3631.9,3635.88
209,3,mic_fileid_209_doa17_3spk_3.wav,4.0,4,mean_all_channels,3636.0,3640.0,82,3.9794016709997777,4.0,3640.0,3640.0001313939997,0.00013139399970896193,0.5,1,1.0000000360972527,0.9948504177499444,2,he call himself? Not an emigrant he developed within the,1,?,sense of spirit of the law . Why not the president desire to know,3636.14,3636.141
209,4,mic_fileid_209_doa17_3spk_4.wav,4.0,4,mean_all_channels,3640.0,3644.0,82,3.9734332240000185,4.0,3644.0,3644.000198251,0.00019825099980153027,0.5,1,1.000000054404775,0.9933583060000046,2,sense of spirit of the law . Why not the president desire to know,1,What is this?,?,3642.6600000000003,3643.42
209,5,mic_fileid_209_doa17_3spk_5.wav,4.0,4,mean_all_channels,3644.0,3648.0,82,3.9727667629999814,4.0,3648.0,3648.0001110569997,0.00011105699968538829,0.5,1,1.0000000304432566,0.9931916907499954,1,?,1,It is the bridge.,What is this?,3644.6,3645.54
210,1,mic_fileid_210_doa278_3spk_1.wav,4.0,4,mean_all_channels,3648.0,3652.0,312,3.9802544019999004,4.0,3652.0,3652.00030144,0.00030143999993015314,0.5,1,1.0000000825410733,0.9950636004999751,1,What is this?,2,It is a very good experience.,,3648.46,3650.56
210,2,mic_fileid_210_doa278_3spk_2.wav,4.0,4,mean_all_channels,3652.0,3656.0,312,3.9751038549998157,4.0,3656.0,3656.0001537579997,0.0001537579996693239,0.5,1,1.0000000420563457,0.9937759637499539,1,It is the bridge.,3,I'm glad to have the influential insurance .,It is a very good experience.,3652.52,3654.9610000000002
210,3,mic_fileid_210_doa278_3spk_3.wav,4.0,4,mean_all_channels,3656.0,3660.0,312,3.9762366439999823,4.0,3660.0,3660.0003386089998,0.00033860899975479697,0.5,1,1.00000009251612,0.9940591609999956,2,It is a very good experience.,1,So all of us are regarded as some,I'm glad to have the influential insurance .,3658.56,3659.86
210,4,mic_fileid_210_doa278_3spk_4.wav,4.0,4,mean_all_channels,3660.0,3664.0,312,3.9747397609999098,4.0,3664.0,3664.0001525099997,0.00015250999967975076,0.5,1,1.0000000416239083,0.9936849402499774,2,I'm glad to have the influential insurance,2,sorts of... - Because they're stolen account of quid wage. - And you might have got,So all of us are regarded as some,3660.14,3663.88
211,1,mic_fileid_211_doa55_3spk_1.wav,4.0,4,mean_all_channels,3664.0,3668.0,55,3.9755741069998294,4.0,3668.0,3668.000133686,0.00013368600002650055,0.5,1,1.0000000364465649,0.9938935267499573,2,. So all of us are regarded as some,2,-- - No man can decide-- - That's my genealogy. - To which of these motives-- - The truth is,,3663.8810000000003,3667.4
211,2,mic_fileid_211_doa55_3spk_2.wav,4.0,4,mean_all_channels,3668.0,3672.0,55,3.9689068819998283,4.0,3672.0,3672.000116631,0.0001166309998552606,0.5,1,1.0000000317622548,0.9922267204999571,2,sorts of... - Because they're stolen account of quid wage. - And you might have got,2,-- - The truth is-- - The truth is-- - The truth is It is probably more of a blanking of all three.,-- - No man can decide-- - That's my genealogy. - To which of these motives-- - The truth is,3667.4010000000003,3673.04
211,3,mic_fileid_211_doa55_3spk_3.wav,4.0,4,mean_all_channels,3672.0,3676.0,55,3.980105283999819,4.0,3676.0,3676.0001786469998,0.0001786469997568929,0.5,1,1.0000000485982046,0.9950263209999548,2,-- - No man can decide-- - That's my genealogy. - To which of these motives-- - The truth is,1,[BLANK,-- - The truth is-- - The truth is-- - The truth is It is probably more of a blanking of all three.,3673.62,3673.621
211,4,mic_fileid_211_doa55_3spk_4.wav,4.0,4,mean_all_channels,3676.0,3680.0,55,3.974465235000025,4.0,3680.0,3680.000151374,0.0001513739998699748,0.5,1,1.0000000411342391,0.9936163087500063,1,-- - The truth is-- - The truth is-- - The truth is,1,God did not want it to,[BLANK,3678.4,3679.7200000000003
211,5,mic_fileid_211_doa55_3spk_5.wav,4.0,4,mean_all_channels,3680.0,3684.0,55,3.9675581870001224,4.0,3684.0,3684.000126355,0.00012635499979296583,0.5,1,1.000000034298317,0.9918895467500306,2,It is probably more of a blanking of all three. [BLANK,2,happen. And that was a very comforting reflection for poor,God did not want it to,3680.2400000000002,3683.8
212,1,mic_fileid_212_doa75_3spk_1.wav,4.0,4,mean_all_channels,3684.0,3688.0,293,3.979114206000304,4.0,3688.0,3688.00015107,0.00015106999990166514,0.5,1,1.0000000409625813,0.994778551500076,1,God did not want it to,2,weak people like himself. The goal I'm trying was,,3684.1,3687.44
212,2,mic_fileid_212_doa75_3spk_2.wav,4.0,4,mean_all_channels,3688.0,3692.0,293,3.9699253409999073,4.0,3692.0,3692.000182417,0.00018241699990539928,0.5,1,1.0000000494087216,0.9924813352499768,2,happen. And that was a very comforting reflection for poor,2,possible even for him. Although he knew he could not always,weak people like himself. The goal I'm trying was,3687.8,3691.62
212,3,mic_fileid_212_doa75_3spk_3.wav,4.0,4,mean_all_channels,3692.0,3696.0,293,3.972190906999913,4.0,3696.0,3696.000154967,0.00015496700007133768,0.5,1,1.0000000419283008,0.9930477267499782,2,weak people like himself. The goal I'm trying was,2,promise himself success. - Thought that underway?,possible even for him. Although he knew he could not always,3692.04,3693.84
212,4,mic_fileid_212_doa75_3spk_4.wav,4.0,4,mean_all_channels,3696.0,3700.0,293,3.9704555120001714,4.0,3700.0,3700.000129919,0.00012991899984626798,0.5,1,1.0000000351132432,0.9926138780000429,2,possible even for him. Although he knew he could not always,2,- I hope to see you with a,promise himself success. - Thought that underway?,3697.7000000000003,3699.88
212,5,mic_fileid_212_doa75_3spk_5.wav,4.0,4,mean_all_channels,3700.0,3704.0,293,3.971264506999887,4.0,3704.0,3704.0001172049997,0.00011720499969669618,0.5,1,1.0000000316428186,0.9928161267499718,2,promise himself success. - Thought that underway?,2,hope that you would not be broken over to my conviction.,- I hope to see you with a,3700.1,3703.0
213,1,mic_fileid_213_doa78_3spk_1.wav,4.0,4,mean_all_channels,3704.0,3708.0,181,3.9700675640001464,4.0,3708.0,3708.00015047,0.00015046999988044263,0.5,1,1.0000000405798273,0.9925168910000366,2,- I hope to see you with a,2,He felt that this is a great opportunity.,,3703.04,3706.9
213,2,mic_fileid_213_doa78_3spk_2.wav,4.0,4,mean_all_channels,3708.0,3712.0,181,3.9701552569999876,4.0,3712.0,3712.000206869,0.00020686900006694486,0.5,1,1.0000000557297952,0.9925388142499969,2,hope that you would not be broken over to my conviction.,3,I'm going to be a great person. I'm going to be a little bit more specific. I found your change.,He felt that this is a great opportunity.,3706.9010000000003,3712.12
213,3,mic_fileid_213_doa78_3spk_3.wav,4.0,4,mean_all_channels,3712.0,3716.0,181,3.973380752000139,4.0,3716.0,3716.000111456,0.00011145600001327693,0.5,1,1.0000000299935414,0.9933451880000348,2,He felt that this is a great opportunity.,1,I,I'm going to be a great person. I'm going to be a little bit more specific. I found your change.,3714.06,3714.061
213,4,mic_fileid_213_doa78_3spk_4.wav,4.0,4,mean_all_channels,3716.0,3720.0,181,3.9735357989998192,4.0,3720.0,3720.000154426,0.00015442599988091388,0.5,1,1.0000000415123655,0.9933839497499548,2,I'm going to be a great person. I'm going to be,2,"think the first sentiment of kindness anticipates already, but now let's take a look at all the particular regards",I,3714.54,3719.78
214,1,mic_fileid_214_doa74_3spk_1.wav,4.0,4,mean_all_channels,3720.0,3724.0,74,3.9709555239996916,4.0,3724.0,3724.00017059,0.00017058999992514146,0.5,1,1.0000000458082707,0.9927388809999229,2,a little bit more specific. I found your change. I,2,in general. The introduction to this city is in,,3720.28,3723.86
214,2,mic_fileid_214_doa74_3spk_2.wav,4.0,4,mean_all_channels,3724.0,3728.0,74,3.975290395000229,4.0,3728.0,3728.000165113,0.00016511300009369734,0.5,1,1.000000044289968,0.9938225987500573,2,"think the first sentiment of kindness anticipates already, but now let's take a look at all the particular regards",3,a private and temporary relation. There was no part of the label signed me into the jail.,in general. The introduction to this city is in,3723.96,3727.98
214,3,mic_fileid_214_doa74_3spk_3.wav,4.0,4,mean_all_channels,3728.0,3732.0,74,3.9667865349997555,4.0,3732.0,3732.000138007,0.00013800699980492936,0.5,1,1.0000000369793676,0.9916966337499389,2,in general. The introduction to this city is in,0,,a private and temporary relation. There was no part of the label signed me into the jail.,,
214,4,mic_fileid_214_doa74_3spk_4.wav,4.0,4,mean_all_channels,3732.0,3736.0,74,3.9715844570000627,4.0,3736.0,3736.0001327299997,0.00013272999967739452,0.5,1,1.0000000355273018,0.9928961142500157,2,a private and temporary relation. There was no part of the label signed me into the,1,They were related to the police,,3734.4,3735.8
214,5,mic_fileid_214_doa74_3spk_5.wav,4.0,4,mean_all_channels,3736.0,3740.0,74,3.972709248999763,4.0,3740.0,3740.000216312,0.00021631199979310622,0.5,1,1.000000057837433,0.9931773122499408,1,jail.,2,around the farm's home. And has the same amount of,They were related to the police,3736.0,3739.56
215,1,mic_fileid_215_doa77_3spk_1.wav,4.0,4,mean_all_channels,3740.0,3744.0,169,3.9738069410000207,4.0,3744.0,3744.000160885,0.0001608849997865036,0.5,1,1.0000000429714209,0.9934517352500052,1,They were related to the police,2,primal and elegant bonds of the,,3740.0,3742.1800000000003
215,2,mic_fileid_215_doa77_3spk_2.wav,4.0,4,mean_all_channels,3744.0,3748.0,169,3.9803514230002293,4.0,3748.0,3748.000134451,0.00013445100012177136,0.5,1,1.0000000358727321,0.9950878557500573,2,around the farm's home. And has the same amount of,1,that it was by the Queen's commandment for to warn,primal and elegant bonds of the,3744.42,3747.7000000000003
215,3,mic_fileid_215_doa77_3spk_3.wav,4.0,4,mean_all_channels,3748.0,3752.0,169,3.9774100340000587,4.0,3752.0,3752.00015299,0.00015299000006052665,0.5,1,1.0000000407755865,0.9943525085000147,2,primal and elegant bonds of the,2,Sir Lonzalot. What would they say in her future?,that it was by the Queen's commandment for to warn,3748.0,3751.88
215,4,mic_fileid_215_doa77_3spk_4.wav,4.0,4,mean_all_channels,3752.0,3756.0,169,3.978997018999962,4.0,3756.0,3756.000128708,0.00012870799992015236,0.5,1,1.0000000342673057,0.9947492547499905,1,that it was by the Queen's commandment for to warn,2,"I don't know why they should say anything, but if they did, I",Sir Lonzalot. What would they say in her future?,3752.1600000000003,3755.76
216,1,mic_fileid_216_doa82_3spk_1.wav,4.0,4,mean_all_channels,3756.0,3760.0,334,3.9791115409998383,4.0,3760.0,3760.000169269,0.00016926899979807786,0.5,1,1.000000045018351,0.9947778852499596,2,Sir Lonzalot. What would they say in her future?,2,"shouldn't have had to care. I should, my dear. I should care",,3755.88,3759.7000000000003
216,2,mic_fileid_216_doa82_3spk_2.wav,4.0,4,mean_all_channels,3760.0,3764.0,334,3.974647260999973,4.0,3764.0,3764.000121791,0.00012179099985587527,0.5,1,1.0000000323568012,0.9936618152499932,2,"I don't know why they should say anything, but if they did, I",2,very much. One is bound to think of one's family.,"shouldn't have had to care. I should, my dear. I should care",3759.98,3763.56
216,3,mic_fileid_216_doa82_3spk_3.wav,4.0,4,mean_all_channels,3764.0,3768.0,334,3.9741375059998063,4.0,3768.0,3768.000151137,0.000151137000102608,0.5,1,1.0000000401106688,0.9935343764999516,2,"shouldn't have had to care. I should, my dear. I should care",2,Suppose it should turn out afterwards that he was ...,very much. One is bound to think of one's family.,3763.561,3765.8210000000004
216,4,mic_fileid_216_doa82_3spk_4.wav,4.0,4,mean_all_channels,3768.0,3772.0,334,3.975378300999637,4.0,3772.0,3772.000186533,0.00018653300003279583,0.5,1,1.000000049452015,0.9938445752499092,2,very much. One is bound to think of one's family.,2,... and squat,Suppose it should turn out afterwards that he was ...,3769.7000000000003,3771.88
216,5,mic_fileid_216_doa82_3spk_5.wav,4.0,4,mean_all_channels,3772.0,3776.0,334,3.9754541380002593,4.0,3776.0,3776.000134685,0.00013468499992086436,0.5,1,1.000000035668697,0.9938635345000648,2,Suppose it should turn out afterwards that he was ...,2,ting down by the fire began to warm itself and the priest,... and squat,3772.2400000000002,3775.52
217,1,mic_fileid_217_doa95_3spk_1.wav,4.0,4,mean_all_channels,3776.0,3780.0,285,3.974793179000244,4.0,3780.0,3780.0001729749997,0.00017297499971391517,0.5,1,1.000000045760582,0.993698294750061,2,... and squat,2,with a very new furbure recited his prayers and struck his bed before,,3775.98,3779.7200000000003
217,2,mic_fileid_217_doa95_3spk_2.wav,4.0,4,mean_all_channels,3780.0,3784.0,285,3.9725525339999876,4.0,3784.0,3784.000133782,0.0001337819999207568,0.5,1,1.0000000353546512,0.9931381334999969,2,ting down by the fire began to warm itself and the priest,2,the image of Uden looking straight before you.,with a very new furbure recited his prayers and struck his bed before,3780.06,3782.94
217,3,mic_fileid_217_doa95_3spk_3.wav,4.0,4,mean_all_channels,3784.0,3788.0,285,3.974569543999678,4.0,3788.0,3788.0001623929998,0.0001623929997549567,0.5,1,1.0000000428703801,0.9936423859999195,2,with a very new furbure recited his prayers and struck his bed before,2,Calvert. And it took on the few minutes at age,the image of Uden looking straight before you.,3783.86,3787.86
217,4,mic_fileid_217_doa95_3spk_4.wav,4.0,4,mean_all_channels,3788.0,3792.0,285,3.979808551000133,4.0,3792.0,3792.000130757,0.00013075700007902924,0.5,1,1.0000000344823312,0.9949521377500332,2,the image of Uden looking straight before you.,2,12 hours. I had a moment with Carter. I'm going to actually show you my,Calvert. And it took on the few minutes at age,3788.06,3791.76
218,1,mic_fileid_218_doa157_3spk_1.wav,4.0,4,mean_all_channels,3792.0,3796.0,157,3.9740060809999704,4.0,3796.0,3796.0001312179998,0.00013121799975124304,0.5,1,1.0000000345674394,0.9935015202499926,2,Calvert. And it took on the few minutes at age,2,chart. This is voyage . Great. I'm getting like,,3791.94,3795.6600000000003
218,2,mic_fileid_218_doa157_3spk_2.wav,4.0,4,mean_all_channels,3796.0,3800.0,157,3.975600794999991,4.0,3800.0,3800.0001094659997,0.00010946599968519877,0.5,1,1.000000028806842,0.9939001987499978,2,12 hours. I had a moment with Carter. I'm going to actually show you my,2,you too fenceful with normal group of passengers apparently,chart. This is voyage . Great. I'm getting like,3795.9,3799.62
218,3,mic_fileid_218_doa157_3spk_3.wav,4.0,4,mean_all_channels,3800.0,3804.0,157,3.980626463000135,4.0,3804.0,3804.000141127,0.0001411270000062359,0.5,1,1.000000037099632,0.9951566157500338,2,chart. This is voyage . Great. I'm getting like,2,. They were set and,you too fenceful with normal group of passengers apparently,3800.2000000000003,3803.62
218,4,mic_fileid_218_doa157_3spk_4.wav,4.0,4,mean_all_channels,3804.0,3808.0,157,3.9751000219998787,4.0,3808.0,3808.000098307,9.830699991653091e-05,0.5,1,1.0000000258159139,0.9937750054999697,2,you too fenceful with normal group of passengers apparently,2,downed. that miss your attorney and have the worst attestments,. They were set and,3803.88,3809.4
219,1,mic_fileid_219_doa56_3spk_1.wav,4.0,4,mean_all_channels,3808.0,3812.0,56,3.981719057999726,4.0,3812.0,3812.000196243,0.00019624300011855667,0.5,1,1.0000000514803253,0.9954297644999315,2,. They were set and,1,. Mary will be freed from her stepmother,,3810.04,3811.7400000000002
219,2,mic_fileid_219_doa56_3spk_2.wav,4.0,4,mean_all_channels,3812.0,3816.0,56,3.974595137999586,4.0,3816.0,3816.000433121,0.00043312099978720653,0.5,1,1.0000001135013101,0.9936487844998965,1,downed.,2,'s seal and her stepmother's persecution at,. Mary will be freed from her stepmother,3811.98,3814.96
219,3,mic_fileid_219_doa56_3spk_3.wav,4.0,4,mean_all_channels,3816.0,3820.0,56,3.9658603140001105,4.0,3820.0,3820.000157515,0.00015751499995531049,0.5,1,1.000000041234293,0.9914650785000276,2,that miss your attorney and have the worst attestments . Mary will be freed from her stepmother,2,any rate at night. I,'s seal and her stepmother's persecution at,3815.1600000000003,3818.3010000000004
219,4,mic_fileid_219_doa56_3spk_4.wav,4.0,4,mean_all_channels,3820.0,3824.0,56,3.976327917999697,4.0,3824.0,3824.000243127,0.00024312699997608433,0.5,1,1.0000000635792363,0.9940819794999243,2,'s seal and her stepmother's persecution at,2,don't know what to say. That's Gaval County.,any rate at night. I,3818.6,3823.46
220,1,mic_fileid_220_doa23_3spk_1.wav,4.0,4,mean_all_channels,3824.0,3828.0,237,3.9726968359996135,4.0,3828.0,3828.000209892,0.00020989199992982321,0.5,1,1.000000054830721,0.9931742089999034,2,any rate at night. I,2,What? Do you again def y me?,,3824.1,3827.12
220,2,mic_fileid_220_doa23_3spk_2.wav,4.0,4,mean_all_channels,3828.0,3832.0,237,3.968896434999806,4.0,3832.0,3832.000191747,0.00019174699991708621,0.5,1,1.0000000500383612,0.9922241087499515,2,don't know what to say. That's Gaval County.,2,"No, sir. Suspect is. I have found my father.",What? Do you again def y me?,3827.78,3831.34
220,3,mic_fileid_220_doa23_3spk_3.wav,4.0,4,mean_all_channels,3832.0,3836.0,237,3.969638233999831,4.0,3836.0,3836.000168122,0.0001681220001046313,0.5,1,1.0000000438274244,0.9924095584999577,2,What? Do you again def y me?,1,What?,"No, sir. Suspect is. I have found my father.",3833.02,3833.38
220,4,mic_fileid_220_doa23_3spk_4.wav,4.0,4,mean_all_channels,3836.0,3840.0,237,3.9705312880000747,4.0,3840.0,3840.000126067,0.00012606700011019711,0.5,1,1.0000000328299479,0.9926328220000187,2,"No, sir. Suspect is. I have found my father.",1,It was worth the little help that he,What?,3838.28,3839.82
220,5,mic_fileid_220_doa23_3spk_5.wav,4.0,4,mean_all_channels,3840.0,3844.0,237,3.9799768899997616,4.0,3844.0,3844.000219016,0.00021901599984630593,0.5,1,1.0000000569760665,0.9949942224999404,1,What?,2,had to make other things a preserve. Nothing can be,It was worth the little help that he,3840.02,3843.86
221,1,mic_fileid_221_doa91_3spk_1.wav,4.0,4,mean_all_channels,3844.0,3848.0,220,3.96769386699998,4.0,3848.0,3848.0003348289997,0.0003348289997120446,0.5,1,1.0000000870137733,0.991923466749995,1,It was worth the little help that he,2,newer. Nothing can be understood. Yet how little of this world,,3844.12,3847.86
221,2,mic_fileid_221_doa91_3spk_2.wav,4.0,4,mean_all_channels,3848.0,3852.0,220,3.967419719999725,4.0,3852.0,3852.000099282,9.928200006470433e-05,0.5,1,1.0000000257741433,0.9918549299999313,2,had to make other things a preserve. Nothing can be,2,is the greatest man. He thinks he treads upon the earth,newer. Nothing can be understood. Yet how little of this world,3848.12,3851.78
221,3,mic_fileid_221_doa91_3spk_3.wav,4.0,4,mean_all_channels,3852.0,3856.0,220,3.971929120999903,4.0,3856.0,3856.000114199,0.00011419900010878337,0.5,1,1.0000000296159233,0.9929822802499757,2,newer. Nothing can be understood. Yet how little of this world,2,. You have assassinated,is the greatest man. He thinks he treads upon the earth,3852.12,3855.12
221,4,mic_fileid_221_doa91_3spk_4.wav,4.0,4,mean_all_channels,3856.0,3860.0,220,3.968468715999734,4.0,3860.0,3860.000118373,0.00011837300007755402,0.5,1,1.0000000306665804,0.9921171789999335,2,is the greatest man. He thinks he treads upon the earth,2,". Well, I should be the second in slow motion. If you have me taken to a private",. You have assassinated,3856.1800000000003,3859.8
222,1,mic_fileid_222_doa144_3spk_1.wav,4.0,4,mean_all_channels,3860.0,3864.0,144,3.9771199019996857,4.0,3864.0,3864.0000979829997,9.798299970498192e-05,0.5,1,1.000000025357919,0.9942799754999214,2,. You have assassinated,2,"room, only to tell you this , you might have seen yourself in",,3860.2000000000003,3863.6600000000003
222,2,mic_fileid_222_doa144_3spk_2.wav,4.0,4,mean_all_channels,3864.0,3868.0,144,3.9721392989999913,4.0,3868.0,3868.000168229,0.00016822899988255813,0.5,1,1.0000000434925025,0.9930348247499978,2,". Well, I should be the second in slow motion. If you have me taken to a private",2,"the train. I know all these things, but there are some","room, only to tell you this , you might have seen yourself in",3863.94,3867.4
222,3,mic_fileid_222_doa144_3spk_3.wav,4.0,4,mean_all_channels,3868.0,3872.0,144,3.97714194900027,4.0,3872.0,3872.000162876,0.00016287600010400638,0.5,1,1.0000000420650828,0.9942854872500675,2,"room, only to tell you this , you might have seen yourself in",2,with which things go. The spell of the old radically,"the train. I know all these things, but there are some",3867.9,3871.42
222,4,mic_fileid_222_doa144_3spk_4.wav,4.0,4,mean_all_channels,3872.0,3876.0,144,3.979364483000154,4.0,3876.0,3876.000126353,0.00012635299981411663,0.5,1,1.0000000325988132,0.9948411207500385,2,"the train. I know all these things, but there are some",2,", the entire world, those who are out",with which things go. The spell of the old radically,3872.0,3875.7400000000002
223,1,mic_fileid_223_doa16_3spk_1.wav,4.0,4,mean_all_channels,3876.0,3880.0,137,3.981121058000099,4.0,3880.0,3880.000146119,0.00014611899996452848,0.5,1,1.0000000376595362,0.9952802645000247,2,with which things go. The spell of the old radically,2,there. It appears that about 100,,3876.14,3879.5
223,2,mic_fileid_223_doa16_3spk_2.wav,4.0,4,mean_all_channels,3880.0,3884.0,137,3.973472086000129,4.0,3884.0,3884.000240385,0.0002403849998700025,0.5,1,1.0000000618910916,0.9933680215000322,2,", the entire world, those who are out",2,years' time Mr. Ellis would be taking the majority of the edition,there. It appears that about 100,3879.92,3883.6
223,3,mic_fileid_223_doa16_3spk_3.wav,4.0,4,mean_all_channels,3884.0,3888.0,137,3.9705157859998508,4.0,3888.0,3888.0001957199997,0.00019571999973777565,0.5,1,1.0000000503395061,0.9926289464999627,2,there. It appears that about 100,2,. There have died in a remote province.,years' time Mr. Ellis would be taking the majority of the edition,3883.94,3886.6800000000003
223,4,mic_fileid_223_doa16_3spk_4.wav,4.0,4,mean_all_channels,3888.0,3892.0,137,3.972789892000037,4.0,3892.0,3892.0000949269997,9.492699973634444e-05,0.5,1,1.0000000243902878,0.9931974730000093,2,years' time Mr. Ellis would be taking the majority of the edition,1,They went to the vault and engaged,. There have died in a remote province.,3890.34,3891.6
223,5,mic_fileid_223_doa16_3spk_5.wav,4.0,4,mean_all_channels,3892.0,3896.0,137,3.9828260950002914,4.0,3896.0,3896.000195435,0.00019543500002328074,0.5,1,1.0000000501629878,0.9957065237500728,2,. There have died in a remote province.,2,a private room where records were served then. That's my hair turned,They went to the vault and engaged,3891.96,3895.7400000000002
224,1,mic_fileid_224_doa124_3spk_1.wav,4.0,4,mean_all_channels,3896.0,3900.0,124,3.9768018710001343,4.0,3900.0,3900.000231433,0.00023143299995354027,0.5,1,1.0000000593417948,0.9942004677500336,1,They went to the vault and engaged,2,gray. It's a little,,3896.06,3897.76
224,2,mic_fileid_224_doa124_3spk_2.wav,4.0,4,mean_all_channels,3900.0,3904.0,124,3.9747171380004147,4.0,3904.0,3904.000092033,9.203299987348146e-05,0.5,1,1.0000000235740265,0.9936792845001037,2,a private room where records were served then. That's my hair turned,2,"bit of a shame over here. With the dents and conical so it's just strong . No, man. That doesn't",gray. It's a little,3898.5,3903.86
224,3,mic_fileid_224_doa124_3spk_3.wav,4.0,4,mean_all_channels,3904.0,3908.0,124,3.9790944540000055,4.0,3908.0,3908.00022576,0.00022575999992113793,0.5,1,1.0000000577686796,0.9947736135000014,2,gray. It's a little,2,often happen. Why not? Okay.,"bit of a shame over here. With the dents and conical so it's just strong . No, man. That doesn't",3903.88,3905.64
224,4,mic_fileid_224_doa124_3spk_4.wav,4.0,4,mean_all_channels,3908.0,3912.0,124,3.9739316599998347,4.0,3912.0,3912.000198355,0.00019835500006593065,0.5,1,1.0000000507042435,0.9934829149999587,2,"bit of a shame over here. With the dents and conical so it's just strong . No, man. That doesn't",1,"The crew will be named as ""Frozen",often happen. Why not? Okay.,3910.2200000000003,3911.82
224,5,mic_fileid_224_doa124_3spk_5.wav,4.0,4,mean_all_channels,3912.0,3916.0,124,3.9771793469999466,4.0,3916.0,3916.000127406,0.0001274060000469035,0.5,1,1.0000000325347294,0.9942948367499866,2,often happen. Why not? Okay.,3,""" and ""Frozen "" ""We'll be right back","The crew will be named as ""Frozen",3911.98,3916.42
225,1,mic_fileid_225_doa14_3spk_1.wav,4.0,4,mean_all_channels,3916.0,3920.0,129,3.9809124799999154,4.0,3920.0,3920.0001522039997,0.0001522039997325919,0.5,1,1.000000038827551,0.9952281199999788,1,"The crew will be named as ""Frozen",1,".""",,3918.36,3918.3610000000003
225,2,mic_fileid_225_doa14_3spk_2.wav,4.0,4,mean_all_channels,3920.0,3924.0,129,3.9792830820001655,4.0,3924.0,3924.0001708239997,0.00017082399972423445,0.5,1,1.0000000435331293,0.9948207705000414,2,""" and ""Frozen """,1,It was a typical,".""",3920.98,3922.88
225,3,mic_fileid_225_doa14_3spk_3.wav,4.0,4,mean_all_channels,3924.0,3928.0,129,3.9773499490001996,4.0,3928.0,3928.000296809,0.0002968089997921197,0.5,1,1.0000000755623726,0.9943374872500499,2,"""We'll be right back .""",2,part. Here's the statement of the author and the,It was a typical,3923.26,3927.88
225,4,mic_fileid_225_doa14_3spk_4.wav,4.0,4,mean_all_channels,3928.0,3932.0,129,3.975618252000004,4.0,3932.0,3932.000142091,0.00014209099981599138,0.5,1,1.0000000361370802,0.993904563000001,1,It was a typical,2,equal owner and was in danger of being a Earl of the Olympics and then,part. Here's the statement of the author and the,3928.04,3931.86
226,1,mic_fileid_226_doa127_3spk_1.wav,4.0,4,mean_all_channels,3932.0,3936.0,292,3.979516711999622,4.0,3936.0,3936.000131068,0.0001310679999733111,0.5,1,1.0000000332997967,0.9948791779999056,2,part. Here's the statement of the author and the,2,cost it to sell up in Dyson Mountain Stars that is kept,,3932.1,3935.86
226,2,mic_fileid_226_doa127_3spk_2.wav,4.0,4,mean_all_channels,3936.0,3940.0,292,3.9811618910002835,4.0,3940.0,3940.0003608009997,0.00036080099971513846,0.5,1,1.0000000915738578,0.9952904727500709,2,equal owner and was in danger of being a Earl of the Olympics and then,2,"in the sky. When he picked it up, he uttered a rather singular",cost it to sell up in Dyson Mountain Stars that is kept,3936.02,3939.6800000000003
226,3,mic_fileid_226_doa127_3spk_3.wav,4.0,4,mean_all_channels,3940.0,3944.0,292,3.9752129270000296,4.0,3944.0,3944.000126156,0.00012615600007848116,0.5,1,1.0000000319868154,0.9938032317500074,2,cost it to sell up in Dyson Mountain Stars that is kept,2,exclamation. [BLANK,"in the sky. When he picked it up, he uttered a rather singular",3940.08,3943.14
226,4,mic_fileid_226_doa127_3spk_4.wav,4.0,4,mean_all_channels,3944.0,3948.0,292,3.977320852000048,4.0,3948.0,3948.000122777,0.00012277699988771928,0.5,1,1.0000000310985309,0.994330213000012,2,"in the sky. When he picked it up, he uttered a rather singular",2,"_AUDIO] >> And for that very reason, I would",exclamation. [BLANK,3945.7000000000003,3947.82
226,5,mic_fileid_226_doa127_3spk_5.wav,4.0,4,mean_all_channels,3948.0,3952.0,292,3.978116155999942,4.0,3952.0,3952.0000994009997,9.940099971572636e-05,0.5,1,1.0000000251520749,0.9945290389999855,2,exclamation. [BLANK,2,be tempted to occupy the lowest in reality.,"_AUDIO] >> And for that very reason, I would",3948.12,3951.08
227,1,mic_fileid_227_doa143_3spk_1.wav,4.0,4,mean_all_channels,3952.0,3956.0,143,3.977694444000008,4.0,3956.0,3956.000081032,8.103199979814235e-05,0.5,1,1.0000000204833164,0.994423611000002,2,"_AUDIO] >> And for that very reason, I would",2,Either to be a hero or to grow from in the bud. There was nothing to be a spirit,,3951.9,3955.7400000000002
227,2,mic_fileid_227_doa143_3spk_2.wav,4.0,4,mean_all_channels,3956.0,3960.0,143,3.9856853729997965,4.0,3960.0,3960.000241569,0.00024156900008165394,0.5,1,1.0000000610022728,0.9964213432499491,2,be tempted to occupy the lowest in reality.,2,". It seems to me. Well,",Either to be a hero or to grow from in the bud. There was nothing to be a spirit,3956.2400000000002,3957.1600000000003
227,3,mic_fileid_227_doa143_3spk_3.wav,4.0,4,mean_all_channels,3960.0,3964.0,143,3.9709292540001115,4.0,3964.0,3964.000134257,0.00013425699989966233,0.5,1,1.0000000338690715,0.9927323135000279,2,Either to be a hero or to grow from in the bud. There was nothing to be a spirit,2,"Dr. Sidreeves does not mean a regular soldier, but a regular physician, Madame Sidreeves.",". It seems to me. Well,",3958.42,3963.0
228,1,mic_fileid_228_doa105_3spk_1.wav,4.0,4,mean_all_channels,3964.0,3968.0,300,3.9801008190001994,4.0,3968.0,3968.000181735,0.00018173499984186492,0.5,1,1.0000000458001512,0.9950252047500499,2,". It seems to me. Well,",2,"Oh, President Meadon, again directing herself. For the best of all reasons, it was done to",,3963.1,3967.88
228,2,mic_fileid_228_doa105_3spk_2.wav,4.0,4,mean_all_channels,3968.0,3972.0,300,3.9774121330001435,4.0,3972.0,3972.0001636419997,0.00016364199973395444,0.5,1,1.000000041198892,0.9943530332500359,2,"Dr. Sidreeves does not mean a regular soldier, but a regular physician, Madame Sidreeves.",2,"be had, so I took care of him myself. [","Oh, President Meadon, again directing herself. For the best of all reasons, it was done to",3967.98,3970.521
228,3,mic_fileid_228_doa105_3spk_3.wav,4.0,4,mean_all_channels,3972.0,3976.0,300,3.9804181450003853,4.0,3976.0,3976.000196995,0.00019699499989656033,0.5,1,1.0000000495460262,0.9951045362500963,2,"Oh, President Meadon, again directing herself. For the best of all reasons, it was done to",2,BLANK_AUDIO ],"be had, so I took care of him myself. [",3972.2400000000002,3974.061
228,4,mic_fileid_228_doa105_3spk_4.wav,4.0,4,mean_all_channels,3976.0,3980.0,300,3.9764114550002887,4.0,3980.0,3980.000150117,0.00015011699997558026,0.5,1,1.0000000377178393,0.9941028637500722,2,"be had, so I took care of him myself. [",1,]]],BLANK_AUDIO ],3976.54,3976.7200000000003
229,1,mic_fileid_229_doa100_3spk_1.wav,4.0,4,mean_all_channels,3980.0,3984.0,100,3.980523605000144,4.0,3984.0,3984.000132442,0.0001324419999946258,0.5,1,1.000000033243474,0.995130901250036,2,BLANK_AUDIO ],2,"to his age, and he subdued and established Germany .",,3978.46,3982.041
229,2,mic_fileid_229_doa100_3spk_2.wav,4.0,4,mean_all_channels,3984.0,3988.0,100,3.9711212199999864,4.0,3988.0,3988.000117684,0.00011768400008804747,0.5,1,1.0000000295095286,0.9927803049999966,1,]]],2,You had taken the command of the French Army. The people of question still must be made by the English sword,"to his age, and he subdued and established Germany .",3983.56,3987.76
229,3,mic_fileid_229_doa100_3spk_3.wav,4.0,4,mean_all_channels,3988.0,3992.0,100,3.9722953430000416,4.0,3992.0,3992.000232508,0.00023250799995366833,0.5,1,1.000000058243487,0.9930738357500104,2,"to his age, and he subdued and established Germany .",2,. I met them yesterday as they were coming,You had taken the command of the French Army. The people of question still must be made by the English sword,3988.14,3991.6600000000003
229,4,mic_fileid_229_doa100_3spk_4.wav,4.0,4,mean_all_channels,3992.0,3996.0,100,3.979525726999782,4.0,3996.0,3996.000141995,0.00014199499992173514,0.5,1,1.0000000355342842,0.9948814317499455,2,You had taken the command of the French Army. The people of question still must be made by the English sword,2,into the city. They ran out of depl orable conditions and it would be the,. I met them yesterday as they were coming,3991.92,3995.88
230,1,mic_fileid_230_doa73_3spk_1.wav,4.0,4,mean_all_channels,3996.0,4000.0,73,3.971836395000082,4.0,4000.0,4000.000120519,0.00012051900012011174,0.5,1,1.00000003012975,0.9929590987500205,2,. I met them yesterday as they were coming,2,more because I thought they were innocent to Frank through all the rags,,3996.1,3999.7400000000002
230,2,mic_fileid_230_doa73_3spk_2.wav,4.0,4,mean_all_channels,4000.0,4004.0,73,3.9826432770000793,4.0,4004.0,4004.0009402359997,0.0009402359996784071,0.5,1,1.0000002348241757,0.9956608192500198,2,into the city. They ran out of depl orable conditions and it would be the,2,"that covered that, notwithstanding the impression the sun has made on their faces",more because I thought they were innocent to Frank through all the rags,3999.88,4003.58
230,3,mic_fileid_230_doa73_3spk_3.wav,4.0,4,mean_all_channels,4004.0,4008.0,73,3.979140255999937,4.0,4008.0,4008.000134797,0.00013479700010066153,0.5,1,1.000000033631986,0.9947850639999842,2,more because I thought they were innocent to Frank through all the rags,2,. A certain small rev will be,"that covered that, notwithstanding the impression the sun has made on their faces",4004.1600000000003,4007.7000000000003
230,4,mic_fileid_230_doa73_3spk_4.wav,4.0,4,mean_all_channels,4008.0,4012.0,73,3.981007691999821,4.0,4012.0,4012.000237855,0.00023785499979567248,0.5,1,1.0000000592858922,0.9952519229999552,2,"that covered that, notwithstanding the impression the sun has made on their faces",2,used for them to be the intervention of the representatives of the,. A certain small rev will be,4007.96,4011.44
231,1,mic_fileid_231_doa125_3spk_1.wav,4.0,4,mean_all_channels,4012.0,4016.0,328,3.9744588109997494,4.0,4016.0,4016.000101717,0.00010171699977945536,0.5,1,1.0000000253279382,0.9936147027499374,2,. A certain small rev will be,2,global families who on the issuing of the required present,,4011.54,4015.2400000000002
231,2,mic_fileid_231_doa125_3spk_2.wav,4.0,4,mean_all_channels,4016.0,4020.0,328,3.98085921899974,4.0,4020.0,4020.000155404,0.0001554039999973611,0.5,1,1.0000000386577115,0.995214804749935,2,used for them to be the intervention of the representatives of the,2,"to see as their prerequisites a fee, which although insignificant",global families who on the issuing of the required present,4016.2200000000003,4019.46
231,3,mic_fileid_231_doa125_3spk_3.wav,4.0,4,mean_all_channels,4020.0,4024.0,328,3.9770661550001023,4.0,4024.0,4024.0001187929997,0.0001187929997286119,0.5,1,1.000000029521123,0.9942665387500256,2,global families who on the issuing of the required present,2,in itself. By now the attempt has been made,"to see as their prerequisites a fee, which although insignificant",4020.3,4023.76
231,4,mic_fileid_231_doa125_3spk_4.wav,4.0,4,mean_all_channels,4024.0,4028.0,328,3.9770993740003178,4.0,4028.0,4028.0000840899997,8.408999974562903e-05,0.5,1,1.0000000208763653,0.9942748435000794,2,"to see as their prerequisites a fee, which although insignificant",2,"and words have been forced on the release of this, the city in",in itself. By now the attempt has been made,4024.7000000000003,4027.82
232,1,mic_fileid_232_doa59_3spk_1.wav,4.0,4,mean_all_channels,4028.0,4032.0,339,3.976500451999982,4.0,4032.0,4032.000084343,8.434299979853677e-05,0.5,1,1.0000000209184028,0.9941251129999955,2,in itself. By now the attempt has been made,2,the woods would never be forgotten by itself . I,,4027.96,4031.88
232,2,mic_fileid_232_doa59_3spk_2.wav,4.0,4,mean_all_channels,4032.0,4036.0,339,3.9814174389998698,4.0,4036.0,4036.000930034,0.0009300339997935225,0.5,1,1.0000002304345887,0.9953543597499674,2,"and words have been forced on the release of this, the city in",2,knew that it would be something more important than caring.,the woods would never be forgotten by itself . I,4032.02,4034.6
232,3,mic_fileid_232_doa59_3spk_3.wav,4.0,4,mean_all_channels,4036.0,4040.0,339,3.9700578820002193,4.0,4040.0,4040.0001851449997,0.00018514499970478937,0.5,1,1.0000000458279703,0.9925144705000548,2,the woods would never be forgotten by itself . I,2,I guess. And I'm going to show you some of the most particular syllables.,knew that it would be something more important than caring.,4035.8,4038.0
232,4,mic_fileid_232_doa59_3spk_4.wav,4.0,4,mean_all_channels,4040.0,4044.0,339,3.9771917949992712,4.0,4044.0,4044.000128836,0.00012883599993074313,0.5,1,1.0000000318585558,0.9942979487498178,2,knew that it would be something more important than caring.,2,I told you that I'm sure it st,I guess. And I'm going to show you some of the most particular syllables.,4041.0,4043.86
232,5,mic_fileid_232_doa59_3spk_5.wav,4.0,4,mean_all_channels,4044.0,4048.0,339,3.9752010100000916,4.0,4048.0,4048.0002175279997,0.00021752799966634484,0.5,1,1.000000053737154,0.9938002525000229,2,I guess. And I'm going to show you some of the most particular syllables.,2,"ings a landlord artist in the project . Very well done, Z",I told you that I'm sure it st,4043.92,4047.76
233,1,mic_fileid_233_doa132_3spk_1.wav,4.0,4,mean_all_channels,4048.0,4052.0,203,3.9759555729997373,4.0,4052.0,4052.0001081620003,0.00010816200028784806,0.5,1,1.0000000266934848,0.9939888932499343,2,I told you that I'm sure it st,2,ygin. I will do the same for you . Six metres across it's a torn from the side.,,4048.0,4051.84
233,2,mic_fileid_233_doa132_3spk_2.wav,4.0,4,mean_all_channels,4052.0,4056.0,203,3.9806468639999366,4.0,4056.0,4056.0001378899997,0.0001378899996780092,0.5,1,1.0000000339965482,0.9951617159999842,2,"ings a landlord artist in the project . Very well done, Z",2,Only four metres were left to be on board.,ygin. I will do the same for you . Six metres across it's a torn from the side.,4052.6600000000003,4054.94
233,3,mic_fileid_233_doa132_3spk_3.wav,4.0,4,mean_all_channels,4056.0,4060.0,203,3.981260602000475,4.0,4060.0,4060.000139246,0.00013924599988968112,0.5,1,1.0000000342970443,0.9953151505001188,2,ygin. I will do the same for you . Six metres across it's a torn from the side.,1,Thanks for your work.,Only four metres were left to be on board.,4056.5,4058.14
233,4,mic_fileid_233_doa132_3spk_4.wav,4.0,4,mean_all_channels,4060.0,4064.0,203,3.97712508099994,4.0,4064.0,4064.0002092229997,0.00020922299972880865,0.5,1,1.0000000514820373,0.994281270249985,2,Only four metres were left to be on board.,1,As opposed to the male object,Thanks for your work.,4062.34,4063.54
233,5,mic_fileid_233_doa132_3spk_5.wav,4.0,4,mean_all_channels,4064.0,4068.0,203,3.9744163710001885,4.0,4068.0,4068.0007113479996,0.0007113479996405658,0.5,1,1.0000001748643066,0.9936040927500471,1,Thanks for your work.,2,", the greedy thing wanted to be faster than he would have",As opposed to the male object,4064.0,4067.84
234,1,mic_fileid_234_doa1_3spk_1.wav,4.0,4,mean_all_channels,4068.0,4072.0,89,3.975112778000039,4.0,4072.0,4072.00080335,0.0008033499998418847,0.5,1,1.0000001972863457,0.9937781945000097,1,As opposed to the male object,2,made until I had him .,,4068.02,4069.8410000000003
234,2,mic_fileid_234_doa1_3spk_2.wav,4.0,4,mean_all_channels,4072.0,4076.0,89,3.9743631430001187,4.0,4076.0,4076.0001224360003,0.00012243600031069946,0.5,1,1.000000030038273,0.9935907857500297,2,", the greedy thing wanted to be faster than he would have",2,I want you in the wind room to play with your son-in-law John .,made until I had him .,4070.6800000000003,4073.9410000000003
234,3,mic_fileid_234_doa1_3spk_3.wav,4.0,4,mean_all_channels,4076.0,4080.0,89,3.9807899289999114,4.0,4080.0,4080.000226434,0.0002264340000692755,0.5,1,1.0000000554985293,0.9951974822499778,2,made until I had him .,2,You were a banker and you only have choices I never had .,I want you in the wind room to play with your son-in-law John .,4075.58,4078.1610000000005
234,4,mic_fileid_234_doa1_3spk_4.wav,4.0,4,mean_all_channels,4080.0,4084.0,89,3.9749626930006343,4.0,4084.0,4084.000153848,0.0001538480000817799,0.5,1,1.0000000376709108,0.9937406732501586,2,I want you in the wind room to play with your son-in-law John .,1,Mr. Dinswell passed out of,You were a banker and you only have choices I never had .,4082.36,4083.8
234,5,mic_fileid_234_doa1_3spk_5.wav,4.0,4,mean_all_channels,4084.0,4088.0,89,3.96887874299955,4.0,4088.0,4088.0001593199995,0.00015931999951135367,0.5,1,1.0000000389726027,0.9922196857498875,2,You were a banker and you only have choices I never had .,2,the door while Elstein left by the other . They had the three little girls looked,Mr. Dinswell passed out of,4083.92,4087.78
235,1,mic_fileid_235_doa20_3spk_1.wav,4.0,4,mean_all_channels,4088.0,4092.0,209,3.9709933269996327,4.0,4092.0,4092.000169963,0.00016996300018945476,0.5,1,1.000000041535435,0.9927483317499082,1,Mr. Dinswell passed out of,2,entirely into each other's faces .,,4088.04,4090.021
235,2,mic_fileid_235_doa20_3spk_2.wav,4.0,4,mean_all_channels,4092.0,4096.0,209,3.969795523999892,4.0,4096.0,4096.000233607,0.00023360700015473412,0.5,1,1.000000057032959,0.992448880999973,2,the door while Elstein left by the other . They had the three little girls looked,2,What is the matter with what has Bosse done to fast carry in Endisburg?,entirely into each other's faces .,4091.3,4095.88
235,3,mic_fileid_235_doa20_3spk_3.wav,4.0,4,mean_all_channels,4096.0,4100.0,209,3.9657338719998734,4.0,4100.0,4100.000163109,0.00016310899991367478,0.5,1,1.000000039782683,0.9914334679999683,2,entirely into each other's faces .,2,I don't know. Time of the trial. [BLANK,What is the matter with what has Bosse done to fast carry in Endisburg?,4096.0,4098.741
235,4,mic_fileid_235_doa20_3spk_4.wav,4.0,4,mean_all_channels,4100.0,4104.0,209,3.9711751009999716,4.0,4104.0,4104.000802921,0.0008029210002860054,0.5,1,1.0000001956435185,0.9927937752499929,2,What is the matter with what has Bosse done to fast carry in Endisburg?,1,"On the summer of which, then, like, you",I don't know. Time of the trial. [BLANK,4102.219999999999,4103.799999999999
235,5,mic_fileid_235_doa20_3spk_5.wav,4.0,4,mean_all_channels,4104.0,4108.0,209,3.9711287150003045,4.0,4108.0,4108.000094247,9.424699965165928e-05,0.5,1,1.0000000229423076,0.9927821787500761,2,I don't know. Time of the trial. [BLANK,2,"are low, and the sorrowful heart may turn home.","On the summer of which, then, like, you",4104.2,4107.0
236,1,mic_fileid_236_doa56_3spk_1.wav,4.0,4,mean_all_channels,4108.0,4112.0,189,3.9709716260003916,4.0,4112.0,4112.000118004,0.00011800399988715071,0.5,1,1.0000000286974708,0.9927429065000979,1,"On the summer of which, then, like, you",2,"While the budget is due to the rig of the mountain , it is a fear of its eyes",,4107.759999999999,4111.78
236,2,mic_fileid_236_doa56_3spk_2.wav,4.0,4,mean_all_channels,4112.0,4116.0,189,3.9717934289992627,4.0,4116.0,4116.0002229149995,0.00022291499954008032,0.5,1,1.000000054158163,0.9929483572498157,2,"are low, and the sorrowful heart may turn home.",2,", of its skin, the gentle breath of a race, and of the earth","While the budget is due to the rig of the mountain , it is a fear of its eyes",4112.08,4115.379999999999
236,3,mic_fileid_236_doa56_3spk_3.wav,4.0,4,mean_all_channels,4116.0,4120.0,189,3.972497084000679,4.0,4120.0,4120.00013272,0.00013271999978314852,0.5,1,1.0000000322135922,0.9931242710001698,2,"While the budget is due to the rig of the mountain , it is a fear of its eyes",1,.,", of its skin, the gentle breath of a race, and of the earth",4116.7,4116.701
236,4,mic_fileid_236_doa56_3spk_4.wav,4.0,4,mean_all_channels,4120.0,4124.0,189,3.9779303889999937,4.0,4124.0,4124.000112047,0.0001120469996749307,0.5,1,1.0000000271694955,0.9944825972499984,2,", of its skin, the gentle breath of a race, and of the earth",2,"This happens with microflag puny, just off the bottom. Back in the old bri",.,4118.44,4123.54
237,1,mic_fileid_237_doa41_3spk_1.wav,4.0,4,mean_all_channels,4124.0,4128.0,41,3.9763873120000426,4.0,4128.0,4128.000170557,0.00017055700027412968,0.5,1,1.0000000413171029,0.9940968280000106,1,.,2,"ar task, you were thought over all, and you're just worried about the fly catcher family, and as you were",,4123.94,4127.839999999999
237,2,mic_fileid_237_doa41_3spk_2.wav,4.0,4,mean_all_channels,4128.0,4132.0,41,3.9797973460008507,4.0,4132.0,4132.000315497,0.0003154969999741297,0.5,1,1.0000000763545498,0.9949493365002127,2,"This happens with microflag puny, just off the bottom. Back in the old bri",2,"calling out, they were forever catching all sorts of flying insects","ar task, you were thought over all, and you're just worried about the fly catcher family, and as you were",4127.98,4131.139999999999
237,3,mic_fileid_237_doa41_3spk_3.wav,4.0,4,mean_all_channels,4132.0,4136.0,41,3.9740266870003325,4.0,4136.0,4136.000725805,0.0007258050000018557,0.5,1,1.0000001754847678,0.9935066717500831,2,"ar task, you were thought over all, and you're just worried about the fly catcher family, and as you were",2,. It certainly struck him. [BLANK_,"calling out, they were forever catching all sorts of flying insects",4131.759999999999,4135.5
237,4,mic_fileid_237_doa41_3spk_4.wav,4.0,4,mean_all_channels,4136.0,4140.0,41,3.97955023600025,4.0,4140.0,4140.000179901,0.00017990099968301365,0.5,1,1.0000000434543477,0.9948875590000625,2,"calling out, they were forever catching all sorts of flying insects",2,AUDIO PLAYBACK,. It certainly struck him. [BLANK_,4137.799999999999,4139.299999999999
237,5,mic_fileid_237_doa41_3spk_5.wav,4.0,4,mean_all_channels,4140.0,4144.0,41,3.9765563559994916,4.0,4144.0,4144.000238365,0.00023836499985918636,0.5,1,1.0000000575205115,0.9941390889998729,2,. It certainly struck him. [BLANK_,2,- There is one of the family to dance. - And I have,AUDIO PLAYBACK,4139.3009999999995,4143.799999999999
238,1,mic_fileid_238_doa19_3spk_1.wav,4.0,4,mean_all_channels,4144.0,4148.0,155,3.974227432000589,4.0,4148.0,4148.000115596,0.00011559599988686386,0.5,1,1.0000000278678882,0.9935568580001473,2,AUDIO PLAYBACK,2,seen that name really. - You will give me a name . I will ask you,,4144.0599999999995,4147.0
238,2,mic_fileid_238_doa19_3spk_2.wav,4.0,4,mean_all_channels,4148.0,4152.0,155,3.978807649999908,4.0,4152.0,4152.000163257,0.00016325700016750488,0.5,1,1.0000000393200867,0.994701912499977,2,- There is one of the family to dance. - And I have,2,". I seldom attempted to see them look up to twice in a week . Oh, that is hardly worthwhile",seen that name really. - You will give me a name . I will ask you,4147.001,4151.759999999999
238,3,mic_fileid_238_doa19_3spk_3.wav,4.0,4,mean_all_channels,4152.0,4156.0,155,3.979261116000089,4.0,4156.0,4156.000135923,0.0001359230000161915,0.5,1,1.0000000327052454,0.9948152790000222,2,seen that name really. - You will give me a name . I will ask you,2,. He is in the line.,". I seldom attempted to see them look up to twice in a week . Oh, that is hardly worthwhile",4152.42,4155.54
238,4,mic_fileid_238_doa19_3spk_4.wav,4.0,4,mean_all_channels,4156.0,4160.0,155,3.967852912000126,4.0,4160.0,4160.000176073,0.00017607300014788052,0.5,1,1.0000000423252404,0.9919632280000314,2,". I seldom attempted to see them look up to twice in a week . Oh, that is hardly worthwhile",2,All those tramps at State Diversaries will come to life with so,. He is in the line.,4155.74,4159.599999999999
239,1,mic_fileid_239_doa4_3spk_1.wav,4.0,4,mean_all_channels,4160.0,4164.0,94,3.970573331000196,4.0,4164.0,4164.000071618,7.161800022004172e-05,0.5,1,1.0000000171993275,0.992643332750049,2,. He is in the line.,2,much work. This only means that you have,,4159.78,4163.82
239,2,mic_fileid_239_doa4_3spk_2.wav,4.0,4,mean_all_channels,4164.0,4168.0,94,3.9798979600000166,4.0,4168.0,4168.000818084,0.0008180839995475253,0.5,1,1.000000196277351,0.9949744900000042,2,All those tramps at State Diversaries will come to life with so,2,a life that's not ours. That's the best thing.,much work. This only means that you have,4164.0599999999995,4167.44
239,3,mic_fileid_239_doa4_3spk_3.wav,4.0,4,mean_all_channels,4168.0,4172.0,94,3.9744119859997227,4.0,4172.0,4172.000153834,0.0001538340002298355,0.5,1,1.0000000368729627,0.9936029964999307,2,much work. This only means that you have,2,Yeah .,a life that's not ours. That's the best thing.,4169.5,4170.741
239,4,mic_fileid_239_doa4_3spk_4.wav,4.0,4,mean_all_channels,4172.0,4176.0,94,3.9730704870007685,4.0,4176.0,4176.000118656,0.00011865600026794709,0.5,1,1.000000028413793,0.9932676217501921,2,a life that's not ours. That's the best thing.,2,But are you a carriage and minister to anyone who is a helpful person to you?,Yeah .,4170.742,4174.4
240,1,mic_fileid_240_doa116_3spk_1.wav,4.0,4,mean_all_channels,4176.0,4180.0,116,3.97832839000057,4.0,4180.0,4180.000262454,0.0002624540002216236,0.5,1,1.0000000627880383,0.9945820975001425,2,Yeah .,1,bread and butter in half an hour's time after,,4176.879999999999,4179.82
240,2,mic_fileid_240_doa116_3spk_2.wav,4.0,4,mean_all_channels,4180.0,4184.0,116,3.9681209930004115,4.0,4184.0,4184.000133805,0.00013380499967752257,0.5,1,1.0000000319801625,0.9920302482501029,2,But are you a carriage and minister to anyone who is a helpful person to you?,2,the war in London. She was to large at a small,bread and butter in half an hour's time after,4180.42,4183.86
240,3,mic_fileid_240_doa116_3spk_3.wav,4.0,4,mean_all_channels,4184.0,4188.0,116,3.9665862629999538,4.0,4188.0,4188.000161802,0.00016180199963855557,0.5,1,1.0000000386346704,0.9916465657499884,1,bread and butter in half an hour's time after,1,hotel in German Street.,the war in London. She was to large at a small,4184.299999999999,4185.86
240,4,mic_fileid_240_doa116_3spk_4.wav,4.0,4,mean_all_channels,4188.0,4192.0,116,3.973075183000219,4.0,4192.0,4192.000213168,0.00021316800030035665,0.5,1,1.000000050851145,0.9932687957500548,2,the war in London. She was to large at a small,1,What was my purpose?,hotel in German Street.,4190.42,4191.759999999999
240,5,mic_fileid_240_doa116_3spk_5.wav,4.0,4,mean_all_channels,4192.0,4196.0,116,3.9730639999997948,4.0,4196.0,4196.000285147,0.0002851469998859102,0.5,1,1.0000000679568637,0.9932659999999487,1,hotel in German Street.,2,And I stated the arguments with which my brother had pressed me,What was my purpose?,4192.98,4195.86
241,1,mic_fileid_241_doa46_3spk_1.wav,4.0,4,mean_all_channels,4196.0,4200.0,314,3.9726602849996198,4.0,4200.0,4200.0001518849995,0.00015188499946816592,0.5,1,1.0000000361630952,0.9931650712499049,1,What was my purpose?,2,to go into the country. And I said against them the strong impression,,4196.0199999999995,4199.719999999999
241,2,mic_fileid_241_doa46_3spk_2.wav,4.0,4,mean_all_channels,4200.0,4204.0,314,3.980615645999933,4.0,4204.0,4204.000150918,0.000150918000144884,0.5,1,1.000000035898668,0.9951539114999832,2,And I stated the arguments with which my brother had pressed me,2,which I had on my mind for staying.,to go into the country. And I said against them the strong impression,4200.66,4203.5
241,3,mic_fileid_241_doa46_3spk_3.wav,4.0,4,mean_all_channels,4204.0,4208.0,314,3.9736374849999265,4.0,4208.0,4208.000141439,0.00014143899988994235,0.5,1,1.0000000336119297,0.9934093712499816,2,to go into the country. And I said against them the strong impression,2,The visible call I seem to have.,which I had on my mind for staying.,4204.219999999999,4206.44
241,4,mic_fileid_241_doa46_3spk_4.wav,4.0,4,mean_all_channels,4208.0,4212.0,314,3.970674427000631,4.0,4212.0,4212.0002120829995,0.0002120829994964879,0.5,1,1.0000000503520892,0.9926686067501578,2,which I had on my mind for staying.,1,"And every night, she'll have a squ",The visible call I seem to have.,4210.28,4211.639999999999
241,5,mic_fileid_241_doa46_3spk_5.wav,4.0,4,mean_all_channels,4212.0,4216.0,314,3.969664713000384,4.0,4216.0,4216.000139769,0.00013976900027046213,0.5,1,1.00000003315204,0.992416178250096,2,The visible call I seem to have.,2,ire and two yeolma and all well holds.,"And every night, she'll have a squ",4211.9,4215.179999999999
242,1,mic_fileid_242_doa20_3spk_1.wav,4.0,4,mean_all_channels,4216.0,4220.0,182,3.970002814000509,4.0,4220.0,4220.000199548,0.00019954799972765613,0.5,1,1.0000000472862558,0.9925007035001272,1,"And every night, she'll have a squ",2,That's a chance to one more .,,4215.181,4218.2609999999995
242,2,mic_fileid_242_doa20_3spk_2.wav,4.0,4,mean_all_channels,4220.0,4224.0,182,3.9739526430003025,4.0,4224.0,4224.000089292,8.929199975682423e-05,0.5,1,1.0000000211392044,0.9934881607500756,2,ire and two yeolma and all well holds.,2,"Oh, it's called green sujebi. It's a",That's a chance to one more .,4218.879999999999,4222.641
242,3,mic_fileid_242_doa20_3spk_3.wav,4.0,4,mean_all_channels,4224.0,4228.0,182,3.9745533420000356,4.0,4228.0,4228.00019831,0.00019831000008707633,0.5,1,1.0000000469039736,0.9936383355000089,2,That's a chance to one more .,2,"beautiful, a beautiful, a beautiful, a beautiful, a beautiful, a beautiful, a beautiful, a beautiful, a beautiful, a beautiful, a beautiful, a beautiful, a beautiful, a beautiful , a beautiful, a beautiful, a beautiful, a beautiful, a beautiful, a beautiful, a beautiful, a beautiful, a beautiful, a beautiful, a beautiful, a beautiful, a beautiful, a beautiful, a beautiful, a beautiful, a beautiful, a beautiful, a beautiful, a beautiful, a beautiful, a beautiful, a beautiful, a beautiful, a beautiful, a beautiful, a beautiful, a beautiful,","Oh, it's called green sujebi. It's a",4222.642,4226.92
242,4,mic_fileid_242_doa20_3spk_4.wav,4.0,4,mean_all_channels,4228.0,4232.0,182,3.9717949599998974,4.0,4232.0,4232.00103996,0.0010399599996162578,0.5,1,1.00000024573724,0.9929487399999744,2,"Oh, it's called green sujebi. It's a",2,"a beautiful, a beautiful, a beautiful, a beautiful, a beautiful, a beautiful, a beautiful, a beautiful, a beautiful, a beautiful, a beautiful, and you will deliver yourself","beautiful, a beautiful, a beautiful, a beautiful, a beautiful, a beautiful, a beautiful, a beautiful, a beautiful, a beautiful, a beautiful, a beautiful, a beautiful, a beautiful , a beautiful, a beautiful, a beautiful, a beautiful, a beautiful, a beautiful, a beautiful, a beautiful, a beautiful, a beautiful, a beautiful, a beautiful, a beautiful, a beautiful, a beautiful, a beautiful, a beautiful, a beautiful, a beautiful, a beautiful, a beautiful, a beautiful, a beautiful, a beautiful, a beautiful, a beautiful, a beautiful, a beautiful,",4227.639999999999,4232.24
243,1,mic_fileid_243_doa137_3spk_1.wav,4.0,4,mean_all_channels,4232.0,4236.0,169,3.964485257999513,4.0,4236.0,4236.000175159,0.000175158999809355,0.5,1,1.0000000413500945,0.9911213144998783,2,"beautiful, a beautiful, a beautiful, a beautiful, a beautiful, a beautiful, a beautiful, a beautiful, a beautiful, a beautiful, a beautiful, a beautiful, a beautiful, a beautiful , a beautiful, a beautiful, a beautiful, a beautiful, a beautiful, a beautiful, a beautiful, a beautiful, a beautiful, a beautiful, a beautiful, a beautiful, a beautiful, a beautiful, a beautiful, a beautiful, a beautiful, a beautiful, a beautiful, a beautiful, a beautiful, a beautiful, a beautiful, a beautiful, a beautiful, a beautiful, a beautiful, a beautiful,",1,and comfort another,,4235.12,4235.759999999999
243,2,mic_fileid_243_doa137_3spk_2.wav,4.0,4,mean_all_channels,4236.0,4240.0,169,3.9793119839996507,4.0,4240.0,4240.00016057,0.00016056999993452337,0.5,1,1.000000037870283,0.9948279959999127,1,"a beautiful, a beautiful, a beautiful, a beautiful, a beautiful, a beautiful, a beautiful, a beautiful, a beautiful, a beautiful, a beautiful,",2,. You cannot lose a lost one though absent,and comfort another,4237.0,4239.66
243,3,mic_fileid_243_doa137_3spk_3.wav,4.0,4,mean_all_channels,4240.0,4244.0,169,3.9752787529996567,4.0,4244.0,4244.000272579,0.0002725790000113193,0.5,1,1.0000000642269087,0.9938196882499142,2,and you will deliver yourself and comfort another,2,from the earth plane. [BLANK_AUDIO],. You cannot lose a lost one though absent,4239.96,4242.839999999999
243,4,mic_fileid_243_doa137_3spk_4.wav,4.0,4,mean_all_channels,4244.0,4248.0,169,3.9791484929992293,4.0,4248.0,4248.000130018,0.00013001800016354537,0.5,1,1.000000030606874,0.9947871232498073,2,. You cannot lose a lost one though absent,1,What picture is necessary to make up,from the earth plane. [BLANK_AUDIO],4246.36,4247.839999999999
243,5,mic_fileid_243_doa137_3spk_5.wav,4.0,4,mean_all_channels,4248.0,4252.0,169,3.9770095499998206,4.0,4252.0,4252.000128365,0.00012836499990953598,0.5,1,1.0000000301893226,0.9942523874999551,2,from the earth plane. [BLANK_AUDIO],2,the true character of a pirate . The historian John,What picture is necessary to make up,4248.0199999999995,4251.42
244,1,mic_fileid_244_doa170_3spk_1.wav,4.0,4,mean_all_channels,4252.0,4256.0,301,3.979259149000427,4.0,4256.0,4256.000110312,0.00011031200028810417,0.5,1,1.000000025919173,0.9948147872501067,1,What picture is necessary to make up,2,seems to have been very much proud of by the manner in which his favorite,,4252.0599999999995,4255.759999999999
244,2,mic_fileid_244_doa170_3spk_2.wav,4.0,4,mean_all_channels,4256.0,4260.0,301,3.9801098099997034,4.0,4260.0,4260.000270976,0.0002709760001380346,0.5,1,1.0000000636093898,0.9950274524999259,2,the true character of a pirate . The historian John,2,hero had rounded off his pir atical career.,seems to have been very much proud of by the manner in which his favorite,4256.099999999999,4258.98
244,3,mic_fileid_244_doa170_3spk_3.wav,4.0,4,mean_all_channels,4260.0,4264.0,301,3.9746760500001983,4.0,4264.0,4264.000121218,0.00012121799954911694,0.5,1,1.0000000284282362,0.9936690125000496,2,seems to have been very much proud of by the manner in which his favorite,1,And then we turn to commerce.,hero had rounded off his pir atical career.,4262.259999999999,4263.44
244,4,mic_fileid_244_doa170_3spk_4.wav,4.0,4,mean_all_channels,4264.0,4268.0,301,3.9730233669997688,4.0,4268.0,4268.000139606,0.00013960599972051568,0.5,1,1.0000000327099343,0.9932558417499422,2,hero had rounded off his pir atical career.,2,They treat it that way as well as their comedy would prevent it.,And then we turn to commerce.,4264.24,4267.04
245,1,mic_fileid_245_doa25_3spk_1.wav,4.0,4,mean_all_channels,4268.0,4272.0,25,3.9799509300000864,4.0,4272.0,4272.000185675,0.00018567499955679523,0.5,1,1.000000043463249,0.9949877325000216,1,And then we turn to commerce.,2,"They took off their horse airships, which were very ugly , and put on others",,4267.299999999999,4271.639999999999
245,2,mic_fileid_245_doa25_3spk_2.wav,4.0,4,mean_all_channels,4272.0,4276.0,25,3.9738816250001037,4.0,4276.0,4276.000293256,0.0002932560000772355,0.5,1,1.0000000685818522,0.9934704062500259,2,They treat it that way as well as their comedy would prevent it.,2,"which they gave them, which she would like to cover their heads and","They took off their horse airships, which were very ugly , and put on others",4272.219999999999,4275.639999999999
245,3,mic_fileid_245_doa25_3spk_3.wav,4.0,4,mean_all_channels,4276.0,4280.0,25,3.973302772000352,4.0,4280.0,4280.000178071,0.00017807099993660813,0.5,1,1.0000000416053738,0.993325693000088,2,"They took off their horse airships, which were very ugly , and put on others",2,save their hair. -Operators.,"which they gave them, which she would like to cover their heads and",4276.16,4278.219999999999
245,4,mic_fileid_245_doa25_3spk_4.wav,4.0,4,mean_all_channels,4280.0,4284.0,25,3.971816573999604,4.0,4284.0,4284.000253139,0.00025313900005130563,0.5,1,1.0000000590894025,0.992954143499901,2,"which they gave them, which she would like to cover their heads and",1,Lukashka went up to the speaker and,save their hair. -Operators.,4282.259999999999,4283.879999999999
245,5,mic_fileid_245_doa25_3spk_5.wav,4.0,4,mean_all_channels,4284.0,4288.0,25,3.9652044129998103,4.0,4288.0,4288.000244799,0.0002447990000291611,0.5,1,1.000000057089319,0.9913011032499526,2,save their hair. -Operators.,2,"sat down, ""What village ?"" As he made a tree from there",Lukashka went up to the speaker and,4284.139999999999,4287.759999999999
246,1,mic_fileid_246_doa28_3spk_1.wav,4.0,4,mean_all_channels,4288.0,4292.0,28,3.9755481809997946,4.0,4292.0,4292.000139376,0.00013937600033386843,0.5,1,1.000000032473439,0.9938870452499486,1,Lukashka went up to the speaker and,2,"in the hills, replied the skept ic, pointing to the misty blue",,4288.0,4291.639999999999
246,2,mic_fileid_246_doa28_3spk_2.wav,4.0,4,mean_all_channels,4292.0,4296.0,28,3.975715919999857,4.0,4296.0,4296.000201803,0.00020180299998173723,0.5,1,1.0000000469746275,0.9939289799999642,2,"sat down, ""What village ?"" As he made a tree from there",2,ish gorge beyond the direct. Do you know suk su?,"in the hills, replied the skept ic, pointing to the misty blue",4291.92,4295.2
246,3,mic_fileid_246_doa28_3spk_3.wav,4.0,4,mean_all_channels,4296.0,4300.0,28,3.9799936409999646,4.0,4300.0,4300.000133688,0.0001336879995506024,0.5,1,1.0000000310902324,0.9949984102499911,2,"in the hills, replied the skept ic, pointing to the misty blue",2,It is about eight miles beyond that .,ish gorge beyond the direct. Do you know suk su?,4295.799999999999,4298.3009999999995
246,4,mic_fileid_246_doa28_3spk_4.wav,4.0,4,mean_all_channels,4300.0,4304.0,28,3.9778961729998628,4.0,4304.0,4304.0001230689995,0.0001230689995281864,0.5,1,1.0000000285940984,0.9944740432499657,2,ish gorge beyond the direct. Do you know suk su?,1,Thank,It is about eight miles beyond that .,4301.2,4301.201
246,5,mic_fileid_246_doa28_3spk_5.wav,4.0,4,mean_all_channels,4304.0,4308.0,28,3.971078880999812,4.0,4308.0,4308.00013657,0.00013656999999511754,0.5,1,1.0000000317014857,0.992769720249953,2,It is about eight miles beyond that .,2,"When two mouths rendered sacred by love should approach the Creator , it is impossible for one",Thank,4302.44,4307.339999999999
247,1,mic_fileid_247_doa22_3spk_1.wav,4.0,4,mean_all_channels,4308.0,4312.0,22,3.966597154999363,4.0,4312.0,4312.000150268,0.0001502679997429368,0.5,1,1.000000034848794,0.9916492887498407,1,Thank,2,to not be above that ineffable kiss of quivering throughout the heavens,,4308.16,4311.879999999999
247,2,mic_fileid_247_doa22_3spk_2.wav,4.0,4,mean_all_channels,4312.0,4316.0,22,3.972099944000547,4.0,4316.0,4316.000166256,0.0001662559998294455,0.5,1,1.0000000385208525,0.9930249860001368,2,"When two mouths rendered sacred by love should approach the Creator , it is impossible for one",2,", and the murdering of stars. These felicities are",to not be above that ineffable kiss of quivering throughout the heavens,4312.299999999999,4315.74
247,3,mic_fileid_247_doa22_3spk_3.wav,4.0,4,mean_all_channels,4316.0,4320.0,22,3.971607296000002,4.0,4320.0,4320.000221476,0.0002214759997514193,0.5,1,1.0000000512675926,0.9929018240000005,2,to not be above that ineffable kiss of quivering throughout the heavens,2,the true ones. [BLANK,", and the murdering of stars. These felicities are",4315.9,4319.441
247,4,mic_fileid_247_doa22_3spk_4.wav,4.0,4,mean_all_channels,4320.0,4324.0,22,3.9710007179992317,4.0,4324.0,4324.000174855,0.0001748550002957927,0.5,1,1.0000000404382516,0.9927501794998079,2,", and the murdering of stars. These felicities are",2,_ and they told him about the celebration,the true ones. [BLANK,4321.4,4323.759999999999
247,5,mic_fileid_247_doa22_3spk_5.wav,4.0,4,mean_all_channels,4324.0,4328.0,22,3.9714237079997474,4.0,4328.0,4328.0001385,0.0001384999995934777,0.5,1,1.0000000320009241,0.9928559269999369,2,the true ones. [BLANK,2,", and Mr. Crow began to laugh.",_ and they told him about the celebration,4324.5599999999995,4326.639999999999
248,1,mic_fileid_248_doa106_3spk_1.wav,4.0,4,mean_all_channels,4328.0,4332.0,288,3.9697925860000396,4.0,4332.0,4332.000174531,0.00017453100008424371,0.5,1,1.0000000402887812,0.9924481465000099,2,_ and they told him about the celebration,2,"What are you going to do next? What? Yeah, that's true . And he never pulled the...",,4327.58,4331.28
248,2,mic_fileid_248_doa106_3spk_2.wav,4.0,4,mean_all_channels,4332.0,4336.0,288,3.971875452999484,4.0,4336.0,4336.00018988,0.00018988000010722317,0.5,1,1.0000000437915129,0.992968863249871,2,", and Mr. Crow began to laugh.",2,- Go in to center. - He gave her over to keep her.,"What are you going to do next? What? Yeah, that's true . And he never pulled the...",4331.281,4334.58
248,3,mic_fileid_248_doa106_3spk_3.wav,4.0,4,mean_all_channels,4336.0,4340.0,288,3.971758231000422,4.0,4340.0,4340.0001214799995,0.00012147999950684607,0.5,1,1.0000000279907832,0.9929395577501055,2,"What are you going to do next? What? Yeah, that's true . And he never pulled the...",1,We just sat there with his t-shirt.,- Go in to center. - He gave her over to keep her.,4334.78,4337.5
248,4,mic_fileid_248_doa106_3spk_4.wav,4.0,4,mean_all_channels,4340.0,4344.0,288,3.980331192000449,4.0,4344.0,4344.0001421,0.00014209999972081278,0.5,1,1.0000000327117864,0.9950827980001122,2,- Go in to center. - He gave her over to keep her.,2,I swore to keep the secret . I have kept it as,We just sat there with his t-shirt.,4338.719999999999,4343.78
249,1,mic_fileid_249_doa29_3spk_1.wav,4.0,4,mean_all_channels,4344.0,4348.0,85,3.980534686000283,4.0,4348.0,4348.000288558,0.00028855799973825924,0.5,1,1.0000000663656854,0.9951336715000707,1,We just sat there with his t-shirt.,2,long as I could. Men of dark lives are faithful and,,4343.94,4347.54
249,2,mic_fileid_249_doa29_3spk_2.wav,4.0,4,mean_all_channels,4348.0,4352.0,85,3.9766130930001964,4.0,4352.0,4352.000303394,0.0003033940001841984,0.5,1,1.0000000697136948,0.9941532732500491,2,I swore to keep the secret . I have kept it as,2,hell has its honor. Now silence is useless,long as I could. Men of dark lives are faithful and,4348.12,4351.879999999999
249,3,mic_fileid_249_doa29_3spk_3.wav,4.0,4,mean_all_channels,4352.0,4356.0,85,3.9765718619992185,4.0,4356.0,4356.000132475,0.00013247500010038493,0.5,1,1.0000000304120753,0.9941429654998046,2,long as I could. Men of dark lives are faithful and,1,.,hell has its honor. Now silence is useless,4352.74,4352.741
249,4,mic_fileid_249_doa29_3spk_4.wav,4.0,4,mean_all_channels,4356.0,4360.0,85,3.9811996999997064,4.0,4360.0,4360.000067266,6.726599985995563e-05,0.5,1,1.0000000154279816,0.9952999249999266,2,hell has its honor. Now silence is useless,1,and various other masterly trends,.,4358.24,4359.62
249,5,mic_fileid_249_doa29_3spk_5.wav,4.0,4,mean_all_channels,4360.0,4364.0,85,3.9826970999993137,4.0,4364.0,4364.00011702,0.00011702000028890325,0.5,1,1.0000000268148488,0.9956742749998284,1,.,2,in the interstitial .,and various other masterly trends,4359.9,4362.161
250,1,mic_fileid_250_doa95_3spk_1.wav,4.0,4,mean_all_channels,4364.0,4368.0,95,3.981514480000442,4.0,4368.0,4368.000102086,0.00010208599996985868,0.5,1,1.000000023371337,0.9953786200001105,1,and various other masterly trends,2,"The gas he provided for us, they belonged to him, unburning from the",,4363.16,4367.82
250,2,mic_fileid_250_doa95_3spk_2.wav,4.0,4,mean_all_channels,4368.0,4372.0,95,3.9775493930001176,4.0,4372.0,4372.000132372,0.00013237199982540915,0.5,1,1.0000000302772187,0.9943873482500294,2,in the interstitial .,2,"legs, patting out at the top of his head. And when I show some of the pump, that suitcase barely","The gas he provided for us, they belonged to him, unburning from the",4368.0199999999995,4371.679999999999
250,3,mic_fileid_250_doa95_3spk_3.wav,4.0,4,mean_all_channels,4372.0,4376.0,95,3.9752246569996714,4.0,4376.0,4376.00014228,0.00014227999963623006,0.5,1,1.000000032513711,0.9938061642499179,2,"The gas he provided for us, they belonged to him, unburning from the",2,died laughing. you,"legs, patting out at the top of his head. And when I show some of the pump, that suitcase barely",4372.12,4375.441
250,4,mic_fileid_250_doa95_3spk_4.wav,4.0,4,mean_all_channels,4376.0,4380.0,95,3.9712639149993265,4.0,4380.0,4380.000170997,0.0001709970001684269,0.5,1,1.000000039040411,0.9928159787498316,2,"legs, patting out at the top of his head. And when I show some of the pump, that suitcase barely",2,. And biggie to the arm and to the neck. Look,died laughing. you,4376.7,4379.759999999999
250,5,mic_fileid_250_doa95_3spk_5.wav,4.0,4,mean_all_channels,4380.0,4384.0,95,3.976579443999981,4.0,4384.0,4384.000139937,0.00013993700031278422,0.5,1,1.0000000319199362,0.9941448609999952,2,died laughing. you,2,", my arm is in the rest of the ocean, because she's one of the activists",. And biggie to the arm and to the neck. Look,4379.92,4383.259999999999
251,1,mic_fileid_251_doa23_3spk_1.wav,4.0,4,mean_all_channels,4384.0,4388.0,23,3.974016780999591,4.0,4388.0,4388.000106637,0.00010663699958968209,0.5,1,1.0000000243019598,0.9935041952498977,2,. And biggie to the arm and to the neck. Look,2,". Then, Laurie was",,4384.0199999999995,4387.86
251,2,mic_fileid_251_doa23_3spk_2.wav,4.0,4,mean_all_channels,4388.0,4392.0,23,3.973859180000545,4.0,4392.0,4392.000124411,0.00012441099988791393,0.5,1,1.0000000283267303,0.9934647950001363,2,", my arm is in the rest of the ocean, because she's one of the activists",2,"bought from home, and arms went to the branch bending with his weight",". Then, Laurie was",4387.98,4391.48
251,3,mic_fileid_251_doa23_3spk_3.wav,4.0,4,mean_all_channels,4392.0,4396.0,23,3.979984200999752,4.0,4396.0,4396.000134688,0.00013468799988913815,0.5,1,1.0000000306387624,0.994996050249938,2,". Then, Laurie was",1,and slowly let himself down.,"bought from home, and arms went to the branch bending with his weight",4391.9,4393.759999999999
251,4,mic_fileid_251_doa23_3spk_4.wav,4.0,4,mean_all_channels,4396.0,4400.0,23,3.9758641539992823,4.0,4400.0,4400.000201237,0.0002012369996009511,0.5,1,1.0000000457356817,0.9939660384998206,2,"bought from home, and arms went to the branch bending with his weight",1,You can quite a lot,and slowly let himself down.,4398.5,4399.259999999999
251,5,mic_fileid_251_doa23_3spk_5.wav,4.0,4,mean_all_channels,4400.0,4404.0,23,3.973041172000194,4.0,4404.0,4404.000127911,0.00012791100016329437,0.5,1,1.0000000290442779,0.9932602930000485,1,and slowly let himself down.,2,of patients at last cut his way through the insulting mom with his marvelous favorite,You can quite a lot,4399.44,4403.639999999999
252,1,mic_fileid_252_doa54_3spk_1.wav,4.0,4,mean_all_channels,4404.0,4408.0,54,3.97628025099948,4.0,4408.0,4408.000082602,8.260199956566794e-05,0.5,1,1.0000000187391107,0.99407006274987,1,You can quite a lot,2,", but he did not know what matters to pursue or how to",,4404.139999999999,4407.879999999999
252,2,mic_fileid_252_doa54_3spk_2.wav,4.0,4,mean_all_channels,4408.0,4412.0,54,3.9767124059999333,4.0,4412.0,4412.0001397139995,0.0001397139994878671,0.5,1,1.0000000316668176,0.9941781014999833,2,of patients at last cut his way through the insulting mom with his marvelous favorite,2,rectify some of the mistakes . It was not in his power to,", but he did not know what matters to pursue or how to",4408.04,4411.839999999999
252,3,mic_fileid_252_doa54_3spk_3.wav,4.0,4,mean_all_channels,4412.0,4416.0,54,3.972852384000362,4.0,4416.0,4416.000208282,0.0002082820001305663,0.5,1,1.000000047165308,0.9932130960000904,2,", but he did not know what matters to pursue or how to",2,have ascended the Queen. [BLANK,rectify some of the mistakes . It was not in his power to,4412.0599999999995,4415.621
252,4,mic_fileid_252_doa54_3spk_4.wav,4.0,4,mean_all_channels,4416.0,4420.0,54,3.9808655070000896,4.0,4420.0,4420.000121448,0.00012144799984525889,0.5,1,1.000000027476923,0.9952163767500224,2,rectify some of the mistakes . It was not in his power to,1,"Eventually hard working,",have ascended the Queen. [BLANK,4418.259999999999,4419.799999999999
252,5,mic_fileid_252_doa54_3spk_5.wav,4.0,4,mean_all_channels,4420.0,4424.0,54,3.979443848000301,4.0,4424.0,4424.000177053,0.0001770529997884296,0.5,1,1.0000000400210216,0.9948609620000752,2,have ascended the Queen. [BLANK,2,"rarely startled by life surprises , very skillful with his hands.","Eventually hard working,",4420.099999999999,4423.7
253,1,mic_fileid_253_doa72_3spk_1.wav,4.0,4,mean_all_channels,4424.0,4428.0,340,3.969830192999325,4.0,4428.0,4428.000087272,8.727200020075543e-05,0.5,1,1.0000000197091239,0.9924575482498312,1,"Eventually hard working,",2,Efficient of his every duty and despite his having a name that needs counsel,,4424.139999999999,4427.46
253,2,mic_fileid_253_doa72_3spk_2.wav,4.0,4,mean_all_channels,4428.0,4432.0,340,3.9762199890001284,4.0,4432.0,4432.000206727,0.00020672699974966235,0.5,1,1.0000000466441787,0.9940549972500321,2,"rarely startled by life surprises , very skillful with his hands.",2,", never giving advice, not even the unsolicited kind.",Efficient of his every duty and despite his having a name that needs counsel,4428.32,4431.639999999999
253,3,mic_fileid_253_doa72_3spk_3.wav,4.0,4,mean_all_channels,4432.0,4436.0,340,3.96956249699997,4.0,4436.0,4436.000099456,9.945599958882667e-05,0.5,1,1.0000000224201984,0.9923906242499925,2,Efficient of his every duty and despite his having a name that needs counsel,1,"We were easel-wise, please do the",", never giving advice, not even the unsolicited kind.",4434.219999999999,4435.82
253,4,mic_fileid_253_doa72_3spk_4.wav,4.0,4,mean_all_channels,4436.0,4440.0,340,3.9713486470000134,4.0,4440.0,4440.000242311,0.0002423109999654116,0.5,1,1.0000000545745495,0.9928371617500034,2,", never giving advice, not even the unsolicited kind.",2,mountain cave of the root path. Maybe it's not worth it to go there and fall on,"We were easel-wise, please do the",4436.12,4439.7
254,1,mic_fileid_254_doa102_3spk_1.wav,4.0,4,mean_all_channels,4440.0,4444.0,304,3.9734336609999445,4.0,4444.0,4444.000095374,9.53740000113612e-05,0.5,1,1.000000021461296,0.9933584152499861,1,"We were easel-wise, please do the",2,it. It is the great duty of,,4439.96,4443.66
254,2,mic_fileid_254_doa102_3spk_2.wav,4.0,4,mean_all_channels,4444.0,4448.0,304,3.975929573999565,4.0,4448.0,4448.000181453,0.00018145299964089645,0.5,1,1.0000000407942895,0.9939823934998913,2,mountain cave of the root path. Maybe it's not worth it to go there and fall on,2,the government why would the past be through that?,it. It is the great duty of,4443.92,4446.2
254,3,mic_fileid_254_doa102_3spk_3.wav,4.0,4,mean_all_channels,4448.0,4452.0,304,3.97590069799935,4.0,4452.0,4452.000447827,0.0004478270002437057,0.5,1,1.0000001005900718,0.9939751744998375,2,it. It is the great duty of,1,She added to the gas a lot,the government why would the past be through that?,4450.32,4451.78
254,4,mic_fileid_254_doa102_3spk_4.wav,4.0,4,mean_all_channels,4452.0,4456.0,304,3.9746073340002113,4.0,4456.0,4456.000255365,0.000255365000157326,0.5,1,1.000000057308124,0.9936518335000528,2,the government why would the past be through that?,2,by aesthetic of the older. Not to compare much,She added to the gas a lot,4451.94,4455.179999999999
255,1,mic_fileid_255_doa122_3spk_1.wav,4.0,4,mean_all_channels,4456.0,4460.0,122,3.9766387740000937,4.0,4460.0,4460.000195855,0.00019585500012908597,0.5,1,1.0000000439136771,0.9941596935000234,1,She added to the gas a lot,2,"said Mrs. Wilmington, rising with ladies. You must",,4456.339999999999,4459.639999999999
255,2,mic_fileid_255_doa122_3spk_2.wav,4.0,4,mean_all_channels,4460.0,4464.0,122,3.9771216630006165,4.0,4464.0,4464.000149922,0.00014992199976404663,0.5,1,1.0000000335846773,0.9942804157501541,2,by aesthetic of the older. Not to compare much,2,stay and I shall not excuse you.,"said Mrs. Wilmington, rising with ladies. You must",4460.139999999999,4463.48
255,3,mic_fileid_255_doa122_3spk_3.wav,4.0,4,mean_all_channels,4464.0,4468.0,122,3.977547645999948,4.0,4468.0,4468.000325078,0.0003250780000598752,0.5,1,1.0000000727569383,0.994386911499987,2,"said Mrs. Wilmington, rising with ladies. You must",2,Well? Thanks.,stay and I shall not excuse you.,4464.759999999999,4465.7
255,4,mic_fileid_255_doa122_3spk_4.wav,4.0,4,mean_all_channels,4468.0,4472.0,122,3.9711861989999306,4.0,4472.0,4472.000160242,0.00016024199976527598,0.5,1,1.0000000358322898,0.9927965497499827,2,stay and I shall not excuse you.,1,55. I wish you,Well? Thanks.,4470.2,4471.879999999999
255,5,mic_fileid_255_doa122_3spk_5.wav,4.0,4,mean_all_channels,4472.0,4476.0,122,3.973435351000262,4.0,4476.0,4476.0001318019995,0.00013180199948692461,0.5,1,1.0000000294463807,0.9933588377500655,2,Well? Thanks.,2,can be some consolation and hope to meet you again and have your surest dances,55. I wish you,4472.0599999999995,4475.78
256,1,mic_fileid_256_doa87_3spk_1.wav,4.0,4,mean_all_channels,4476.0,4480.0,87,3.9695100580001963,4.0,4480.0,4480.000163906,0.00016390600012528012,0.5,1,1.0000000365861608,0.9923775145000491,1,55. I wish you,2,". If you don't want to make me blush, please don't make me blush",,4476.48,4479.839999999999
256,2,mic_fileid_256_doa87_3spk_2.wav,4.0,4,mean_all_channels,4480.0,4484.0,87,3.9706963959997665,4.0,4484.0,4484.0002276489995,0.00022764899949834216,0.5,1,1.000000050769179,0.9926740989999416,2,can be some consolation and hope to meet you again and have your surest dances,2,. Thank you.,". If you don't want to make me blush, please don't make me blush",4480.679999999999,4482.759999999999
256,3,mic_fileid_256_doa87_3spk_3.wav,4.0,4,mean_all_channels,4484.0,4488.0,87,3.9683408300006704,4.0,4488.0,4488.000217293,0.00021729299987782724,0.5,1,1.0000000484164437,0.9920852075001676,2,". If you don't want to make me blush, please don't make me blush",1,We give us interest now that the,. Thank you.,4486.5599999999995,4487.799999999999
256,4,mic_fileid_256_doa87_3spk_4.wav,4.0,4,mean_all_channels,4488.0,4492.0,87,3.9816765290006515,4.0,4492.0,4492.000131992,0.0001319920002060826,0.5,1,1.0000000293837934,0.9954191322501629,2,. Thank you.,2,short excursions we made from Fort Reignville was the one,We give us interest now that the,4488.0199999999995,4491.799999999999
257,1,mic_fileid_257_doa223_3spk_1.wav,4.0,4,mean_all_channels,4492.0,4496.0,323,3.97280680699987,4.0,4496.0,4496.000104955,0.00010495500009710668,0.5,1,1.0000000233440836,0.9932017017499675,1,We give us interest now that the,2,up the sticking river. See you in the next video,,4492.0,4495.099999999999
257,2,mic_fileid_257_doa223_3spk_2.wav,4.0,4,mean_all_channels,4496.0,4500.0,323,3.9712446339999588,4.0,4500.0,4500.000205491,0.00020549100008793175,0.5,1,1.0000000456646667,0.9928111584999897,2,short excursions we made from Fort Reignville was the one,3,". The post-range extends to the broad, softy chain.",up the sticking river. See you in the next video,4496.42,4501.339999999999
257,3,mic_fileid_257_doa223_3spk_3.wav,4.0,4,mean_all_channels,4500.0,4504.0,323,3.9748753189996933,4.0,4504.0,4504.00017087,0.00017087000014726073,0.5,1,1.000000037937389,0.9937188297499233,2,up the sticking river. See you in the next video,0,,". The post-range extends to the broad, softy chain.",,
257,4,mic_fileid_257_doa223_3spk_4.wav,4.0,4,mean_all_channels,4504.0,4508.0,323,3.9744301359996825,4.0,4508.0,4508.0000695829995,6.958299945836188e-05,0.5,1,1.000000015435448,0.9936075339999206,2,. The,1,In the most polite way.,,4506.44,4507.799999999999
257,5,mic_fileid_257_doa223_3spk_5.wav,4.0,4,mean_all_channels,4508.0,4512.0,323,3.9800674560001426,4.0,4512.0,4512.000188466,0.00018846599959942978,0.5,1,1.0000000417699466,0.9950168640000356,1,"post-range extends to the broad, softy chain.",2,To a flink of friend. To a small museum self as captain,In the most polite way.,4508.5599999999995,4511.82
258,1,mic_fileid_258_doa105_3spk_1.wav,4.0,4,mean_all_channels,4512.0,4516.0,233,3.9758592729995144,4.0,4516.0,4516.000177433,0.00017743300031725084,0.5,1,1.0000000392898583,0.9939648182498786,1,In the most polite way.,2,. It's only for my kids.,,4512.54,4515.599999999999
258,2,mic_fileid_258_doa105_3spk_2.wav,4.0,4,mean_all_channels,4516.0,4520.0,233,3.971235459000127,4.0,4520.0,4520.000431355,0.0004313549998187227,0.5,1,1.000000095432522,0.9928088647500317,2,To a flink of friend. To a small museum self as captain,2,A desire that the medium might take place with this little delay,. It's only for my kids.,4516.5199999999995,4519.58
258,3,mic_fileid_258_doa105_3spk_3.wav,4.0,4,mean_all_channels,4520.0,4524.0,233,3.9678208720006296,4.0,4524.0,4524.0001522269995,0.0001522269994893577,0.5,1,1.000000033648762,0.9919552180001574,2,. It's only for my kids.,1,as possible.,A desire that the medium might take place with this little delay,4520.299999999999,4521.48
258,4,mic_fileid_258_doa105_3spk_4.wav,4.0,4,mean_all_channels,4524.0,4528.0,233,3.9682543480003005,4.0,4528.0,4528.000135959,0.00013595899963547708,0.5,1,1.0000000300262808,0.9920635870000751,2,A desire that the medium might take place with this little delay,1,A few hours later that same night,as possible.,4526.42,4527.78
258,5,mic_fileid_258_doa105_3spk_5.wav,4.0,4,mean_all_channels,4528.0,4532.0,233,3.9693973140001617,4.0,4532.0,4532.000124368,0.0001243679998879088,0.5,1,1.0000000274421887,0.9923493285000404,1,as possible.,2,", he returns to the bedroom and will succeed in recovering before it runs free",A few hours later that same night,4528.12,4531.379999999999
259,1,mic_fileid_259_doa21_3spk_1.wav,4.0,4,mean_all_channels,4532.0,4536.0,171,3.9684271129999615,4.0,4536.0,4536.000124364,0.0001243639999302104,0.5,1,1.0000000274171075,0.9921067782499904,1,A few hours later that same night,3,". Today, you can at kinson while pursuing an investigation .",,4532.339999999999,4535.941
259,2,mic_fileid_259_doa21_3spk_2.wav,4.0,4,mean_all_channels,4536.0,4540.0,171,3.97055866699975,4.0,4540.0,4540.000145882,0.00014588199974241434,0.5,1,1.000000032132599,0.9926396667499375,2,", he returns to the bedroom and will succeed in recovering before it runs free",1,When the medicine I have put up,". Today, you can at kinson while pursuing an investigation .",4537.7,4539.7
259,3,mic_fileid_259_doa21_3spk_3.wav,4.0,4,mean_all_channels,4540.0,4544.0,171,3.976363916000082,4.0,4544.0,4544.000136494,0.0001364939998893533,0.5,1,1.0000000300382923,0.9940909790000205,2,". Today, you can at kinson while pursuing an investigation",2,"in the handle of the base, your head, your",When the medicine I have put up,4539.96,4543.42
260,1,mic_fileid_260_doa135_3spk_1.wav,4.0,4,mean_all_channels,4544.0,4548.0,250,3.9791015090004294,4.0,4548.0,4548.000259633,0.00025963299958675634,0.5,1,1.0000000570872911,0.9947753772501073,2,. When the medicine I have put up,2,"whole body. And as soon as you perspire, you may leave off",,4543.879999999999,4547.719999999999
260,2,mic_fileid_260_doa135_3spk_2.wav,4.0,4,mean_all_channels,4548.0,4552.0,250,3.972420773000522,4.0,4552.0,4552.000163746,0.00016374599999835482,0.5,1,1.0000000359723198,0.9931051932501305,2,"in the handle of the base, your head, your",1,the edge of the sun.,"whole body. And as soon as you perspire, you may leave off",4547.92,4548.74
260,3,mic_fileid_260_doa135_3spk_3.wav,4.0,4,mean_all_channels,4552.0,4556.0,250,3.9762953500003277,4.0,4556.0,4556.000115255,0.00011525500030984404,0.5,1,1.0000000252974102,0.9940738375000819,2,"whole body. And as soon as you perspire, you may leave off",1,The French by her mother.,the edge of the sun.,4554.32,4555.719999999999
260,4,mic_fileid_260_doa135_3spk_4.wav,4.0,4,mean_all_channels,4556.0,4560.0,250,3.980059270000311,4.0,4560.0,4560.0001130989995,0.00011309899946354562,0.5,1,1.0000000248024121,0.9950148175000777,1,the edge of the sun.,2,Her proficiency in either was non-demarcable and she shook,The French by her mother.,4556.48,4559.82
261,1,mic_fileid_261_doa122_3spk_1.wav,4.0,4,mean_all_channels,4560.0,4564.0,176,3.9827121219996116,4.0,4564.0,4564.000085316,8.531599996786099e-05,0.5,1,1.0000000186932516,0.9956780304999029,1,The French by her mother.,2,"her lessons. Whatever she could, her prisoners favorite.",,4559.98,4563.32
261,2,mic_fileid_261_doa122_3spk_2.wav,4.0,4,mean_all_channels,4564.0,4568.0,176,3.9784336080001594,4.0,4568.0,4568.000163109,0.00016310899991367478,0.5,1,1.000000035706874,0.9946084020000399,2,Her proficiency in either was non-demarcable and she shook,2,"What a strange, unaccountable character. For with all these symptoms of proffleg","her lessons. Whatever she could, her prisoners favorite.",4563.321,4567.799999999999
261,3,mic_fileid_261_doa122_3spk_3.wav,4.0,4,mean_all_channels,4568.0,4572.0,176,3.975672974999725,4.0,4572.0,4572.000108671,0.00010867099990718998,0.5,1,1.00000002376881,0.9939182437499312,2,"her lessons. Whatever she could, her prisoners favorite.",2,acy at 10 years old. [BLANK,"What a strange, unaccountable character. For with all these symptoms of proffleg",4567.94,4571.601
261,4,mic_fileid_261_doa122_3spk_4.wav,4.0,4,mean_all_channels,4572.0,4576.0,176,3.9742033720003747,4.0,4576.0,4576.000160322,0.00016032199982873863,0.5,1,1.0000000350354021,0.9935508430000937,2,"What a strange, unaccountable character. For with all these symptoms of proffleg",1,Chris Lottell Banners,acy at 10 years old. [BLANK,4574.24,4575.32
261,5,mic_fileid_261_doa122_3spk_5.wav,4.0,4,mean_all_channels,4576.0,4580.0,176,3.9755681249998815,4.0,4580.0,4580.000149884,0.00014988400016591186,0.5,1,1.0000000327257643,0.9938920312499704,2,acy at 10 years old. [BLANK,2,full of the Martian Satchel Jays Oak and Ward.,Chris Lottell Banners,4575.96,4578.78
262,1,mic_fileid_262_doa98_3spk_1.wav,4.0,4,mean_all_channels,4580.0,4584.0,226,3.975565898000241,4.0,4584.0,4584.000130414,0.0001304139996136655,0.5,1,1.0000000284498254,0.9938914745000602,1,Chris Lottell Banners,2,The feet of the people were beat in time .,,4579.62,4581.981
262,2,mic_fileid_262_doa98_3spk_2.wav,4.0,4,mean_all_channels,4584.0,4588.0,226,3.975561905000177,4.0,4588.0,4588.000138436,0.00013843600027030334,0.5,1,1.0000000301734961,0.9938904762500442,2,full of the Martian Satchel Jays Oak and Ward.,3,He was urged towards the door . He obeyed mechanically .,The feet of the people were beat in time .,4584.599999999999,4587.901
262,3,mic_fileid_262_doa98_3spk_3.wav,4.0,4,mean_all_channels,4588.0,4592.0,226,3.9753116239999144,4.0,4592.0,4592.000117634,0.00011763400016207015,0.5,1,1.0000000256171604,0.9938279059999786,2,The feet of the people were beat in time .,1,She was angry with herself,He was urged towards the door . He obeyed mechanically .,4590.78,4591.78
262,4,mic_fileid_262_doa98_3spk_4.wav,4.0,4,mean_all_channels,4592.0,4596.0,226,3.979178953999508,4.0,4596.0,4596.000152865,0.00015286500001820968,0.5,1,1.000000033260444,0.994794738499877,2,He was urged towards the door . He obeyed mechanically,2,"because she felt that in speaking of Coniston, she had colored.",She was angry with herself,4592.24,4595.62
263,1,mic_fileid_263_doa26_3spk_1.wav,4.0,4,mean_all_channels,4596.0,4600.0,62,3.978414005000559,4.0,4600.0,4600.000180234,0.0001802340002541314,0.5,1,1.0000000391813044,0.9946035012501397,2,. She was angry with herself,2,"And as a matter of fact, she greatly admired",,4597.46,4599.58
263,2,mic_fileid_263_doa26_3spk_2.wav,4.0,4,mean_all_channels,4600.0,4604.0,62,3.977769510000144,4.0,4604.0,4604.00021812,0.00021811999977217056,0.5,1,1.0000000473761945,0.994442377500036,2,"because she felt that in speaking of Coniston, she had colored.",2,"the young lord, even though they had only met once.","And as a matter of fact, she greatly admired",4600.16,4603.5199999999995
263,3,mic_fileid_263_doa26_3spk_3.wav,4.0,4,mean_all_channels,4604.0,4608.0,62,3.978911715000322,4.0,4608.0,4608.000118977,0.00011897700005647494,0.5,1,1.0000000258196615,0.9947279287500805,2,"And as a matter of fact, she greatly admired",1,We're so full of affability,"the young lord, even though they had only met once.",4606.259999999999,4607.46
263,4,mic_fileid_263_doa26_3spk_4.wav,4.0,4,mean_all_channels,4608.0,4612.0,62,3.9791434389999267,4.0,4612.0,4612.000121414,0.00012141400020482251,0.5,1,1.0000000263256723,0.9947858597499817,2,"the young lord, even though they had only met once.",2,that they would have shaken hands even with the bank's insurance,We're so full of affability,4607.98,4611.42
264,1,mic_fileid_264_doa124_3spk_1.wav,4.0,4,mean_all_channels,4612.0,4616.0,124,3.9821193199995832,4.0,4616.0,4616.00014392,0.0001439199995729723,0.5,1,1.0000000311785093,0.9955298299998958,1,We're so full of affability,2,". So much, did their gratitude, deviate a project, and suspended",,4612.04,4615.7
264,2,mic_fileid_264_doa124_3spk_2.wav,4.0,4,mean_all_channels,4616.0,4620.0,124,3.974370609000289,4.0,4620.0,4620.000204323,0.0002043229997070739,0.5,1,1.0000000442257575,0.9935926522500722,2,that they would have shaken hands even with the bank's insurance,2,"itself upon. One thing above all the rest, heighten",". So much, did their gratitude, deviate a project, and suspended",4616.299999999999,4619.879999999999
264,3,mic_fileid_264_doa124_3spk_3.wav,4.0,4,mean_all_channels,4620.0,4624.0,124,3.975671405999492,4.0,4624.0,4624.000116265,0.00011626499963313108,0.5,1,1.0000000251438148,0.993917851499873,2,". So much, did their gratitude, deviate a project, and suspended",1,the respect.,"itself upon. One thing above all the rest, heighten",4620.0199999999995,4620.719999999999
264,4,mic_fileid_264_doa124_3spk_4.wav,4.0,4,mean_all_channels,4624.0,4628.0,124,3.9745896099993843,4.0,4628.0,4628.000424412,0.00042441200002940604,0.5,1,1.0000000917052723,0.9936474024998461,2,"itself upon. One thing above all the rest, heighten",1,That is really,the respect.,4626.179999999999,4626.719999999999
264,5,mic_fileid_264_doa124_3spk_5.wav,4.0,4,mean_all_channels,4628.0,4632.0,124,3.9747241029999714,4.0,4632.0,4632.000357049,0.00035704899983102223,0.5,1,1.0000000770831174,0.9936810257499928,1,the respect.,2,important. I think,That is really,4628.0,4631.5199999999995
265,1,mic_fileid_265_doa188_3spk_1.wav,4.0,4,mean_all_channels,4632.0,4636.0,292,3.977296130000468,4.0,4636.0,4636.000175069,0.00017506899985164637,0.5,1,1.000000037762942,0.994324032500117,1,That is really,2,the mouse button was taken to a young yard and then I watched three water,,4631.78,4635.54
265,2,mic_fileid_265_doa188_3spk_2.wav,4.0,4,mean_all_channels,4636.0,4640.0,292,3.9772944819997065,4.0,4640.0,4640.000252923,0.00025292299960710807,0.5,1,1.000000054509267,0.9943236204999266,2,important. I think,2,ed others. Thank you.,the mouse button was taken to a young yard and then I watched three water,4635.98,4637.12
265,3,mic_fileid_265_doa188_3spk_3.wav,4.0,4,mean_all_channels,4640.0,4644.0,292,3.9754715649996797,4.0,4644.0,4644.000151246,0.00015124600031413138,0.5,1,1.000000032568045,0.9938678912499199,2,the mouse button was taken to a young yard and then I watched three water,2,Be illuminated the reflections past 50 years before on this very day by which the nation once,ed others. Thank you.,4638.58,4643.679999999999
266,1,mic_fileid_266_doa106_3spk_1.wav,4.0,4,mean_all_channels,4644.0,4648.0,359,3.9752490920000128,4.0,4648.0,4648.0001344249995,0.00013442499948723707,0.5,1,1.0000000289210411,0.9938122730000032,2,ed others. Thank you.,3,and for all declared the glory of poverty and man's sense of the unfortunate,,4644.0599999999995,4648.0599999999995
266,2,mic_fileid_266_doa106_3spk_2.wav,4.0,4,mean_all_channels,4648.0,4652.0,359,3.976034604999768,4.0,4652.0,4652.000238903,0.000238902999626589,0.5,1,1.000000051354901,0.994008651249942,2,Be illuminated the reflections past 50 years before on this very day by which the nation once,1,. So he had told them he was to sing the,and for all declared the glory of poverty and man's sense of the unfortunate,4648.82,4651.879999999999
266,3,mic_fileid_266_doa106_3spk_3.wav,4.0,4,mean_all_channels,4652.0,4656.0,359,3.9758008479993805,4.0,4656.0,4656.000205016,0.0002050160001090262,0.5,1,1.000000044032646,0.9939502119998451,2,and for all declared the glory of poverty and man's sense of,1,praise of patient poverty.,. So he had told them he was to sing the,4652.099999999999,4653.639999999999
266,4,mic_fileid_266_doa106_3spk_4.wav,4.0,4,mean_all_channels,4656.0,4660.0,359,3.9759839630005445,4.0,4660.0,4660.000134278,0.00013427799967757892,0.5,1,1.0000000288150215,0.9939959907501361,2,the unfortunate . So he had told them he was to sing the,1,He had a lot of people to,praise of patient poverty.,4658.299999999999,4659.28
266,5,mic_fileid_266_doa106_3spk_5.wav,4.0,4,mean_all_channels,4660.0,4664.0,359,3.9741554439997344,4.0,4664.0,4664.000077841,7.784100034768926e-05,0.5,1,1.0000000166897514,0.9935388609999336,1,praise of patient poverty.,2,"say about this, he must take some precautions.",He had a lot of people to,4659.281,4663.82
267,1,mic_fileid_267_doa81_3spk_1.wav,4.0,4,mean_all_channels,4664.0,4668.0,311,3.9700368030007667,4.0,4668.0,4668.00019689,0.00019688999964273535,0.5,1,1.0000000421786632,0.9925092007501917,1,He had a lot of people to,2,Lots of bad heat is spilt. Very desirable . I found that seed of,,4663.879999999999,4667.7
267,2,mic_fileid_267_doa81_3spk_2.wav,4.0,4,mean_all_channels,4668.0,4672.0,311,3.972678138000447,4.0,4672.0,4672.000200569,0.00020056900029885583,0.5,1,1.0000000429300087,0.9931695345001117,2,"say about this, he must take some precautions.",2,"a loan in the starlet corner of this occluded deck, a porthole",Lots of bad heat is spilt. Very desirable . I found that seed of,4667.98,4671.219999999999
267,3,mic_fileid_267_doa81_3spk_3.wav,4.0,4,mean_all_channels,4672.0,4676.0,311,3.9686159640004917,4.0,4676.0,4676.000229119,0.00022911900032340782,0.5,1,1.0000000489989307,0.9921539910001229,2,Lots of bad heat is spilt. Very desirable . I found that seed of,1,[inaudible],"a loan in the starlet corner of this occluded deck, a porthole",4674.339999999999,4675.42
267,4,mic_fileid_267_doa81_3spk_4.wav,4.0,4,mean_all_channels,4676.0,4680.0,311,3.9760779220005134,4.0,4680.0,4680.000136782,0.000136781999572122,0.5,1,1.0000000292269229,0.9940194805001283,2,"a loan in the starlet corner of this occluded deck, a porthole",2,[ Pause],[inaudible],4676.54,4679.679999999999
268,1,mic_fileid_268_doa43_3spk_1.wav,4.0,4,mean_all_channels,4680.0,4684.0,354,3.9720099649994154,4.0,4684.0,4684.000238064,0.0002380639998591505,0.5,1,1.0000000508249358,0.9930024912498538,1,[inaudible],1,quietly about the camp and that their central line ran between,,4680.639999999999,4683.839999999999
268,2,mic_fileid_268_doa43_3spk_2.wav,4.0,4,mean_all_channels,4684.0,4688.0,354,3.9718098920002376,4.0,4688.0,4688.000206805,0.0002068049998342758,0.5,1,1.0000000441136945,0.9929524730000594,2,[ Pause],2,him and the clear line of the LB. He must be the father of his son,quietly about the camp and that their central line ran between,4684.16,4687.719999999999
268,3,mic_fileid_268_doa43_3spk_3.wav,4.0,4,mean_all_channels,4688.0,4692.0,354,3.9698062939996817,4.0,4692.0,4692.000202133,0.00020213300012983382,0.5,1,1.0000000430803495,0.9924515734999204,1,quietly about the camp and that their central line ran between,2,", who entered the land as a blind and scarred .",him and the clear line of the LB. He must be the father of his son,4687.879999999999,4690.181
268,4,mic_fileid_268_doa43_3spk_4.wav,4.0,4,mean_all_channels,4692.0,4696.0,354,3.9831837920000908,4.0,4696.0,4696.000159213,0.0001592130001881742,0.5,1,1.0000000339039607,0.9957959480000227,2,him and the clear line of the LB. He must be the father of his son,1,that there were things more solid to drive than fire ro,", who entered the land as a blind and scarred .",4692.66,4695.799999999999
269,1,mic_fileid_269_doa18_3spk_1.wav,4.0,4,mean_all_channels,4696.0,4700.0,163,3.9728110229998492,4.0,4700.0,4700.000124507,0.00012450699978217017,0.5,1,1.000000026490851,0.9932027557499623,2,", who entered the land as a blind and scarred .",2,asters. Support them.,,4695.9,4699.259999999999
269,2,mic_fileid_269_doa18_3spk_2.wav,4.0,4,mean_all_channels,4700.0,4704.0,163,3.971266523999475,4.0,4704.0,4704.000118907,0.00011890699988725828,0.5,1,1.0000000252778487,0.9928166309998687,1,that there were things more solid to drive than fire ro,2,And encourage them. To ground them up with the,asters. Support them.,4700.62,4703.679999999999
269,3,mic_fileid_269_doa18_3spk_3.wav,4.0,4,mean_all_channels,4704.0,4708.0,163,3.968817060999754,4.0,4708.0,4708.000137323,0.0001373229997625458,0.5,1,1.0000000291680118,0.9922042652499385,2,asters. Support them.,2,"host, and Mr. C is no longer a pain for these two people.",And encourage them. To ground them up with the,4703.96,4707.2
270,1,mic_fileid_270_doa4_3spk_1.wav,4.0,4,mean_all_channels,4708.0,4712.0,4,3.945955991000119,4.0,4712.0,4712.000121974,0.00012197399973956635,0.5,1,1.0000000258858235,0.9864889977500297,2,And encourage them. To ground them up with the,1,[Sounds of a,,4708.7,4711.54
270,2,mic_fileid_270_doa4_3spk_2.wav,4.0,4,mean_all_channels,4712.0,4716.0,4,3.9711920039999313,4.0,4716.0,4716.000135473,0.0001354730002276483,0.5,1,1.0000000287262512,0.9927980009999828,2,"host, and Mr. C is no longer a pain for these two people.",1,[inaudible],[Sounds of a,4712.4,4715.299999999999
270,3,mic_fileid_270_doa4_3spk_3.wav,4.0,4,mean_all_channels,4716.0,4720.0,4,3.9693783839993557,4.0,4720.0,4720.000137954999,0.0001379549994453555,0.5,1,1.0000000292277542,0.9923445959998389,1,[Sounds of a,2,[inaudible] [M,[inaudible],4715.66,4720.599999999999
270,4,mic_fileid_270_doa4_3spk_4.wav,4.0,4,mean_all_channels,4720.0,4724.0,4,3.9684322740004063,4.0,4724.0,4724.00018071,0.00018070999976771418,0.5,1,1.0000000382535985,0.9921080685001016,1,[inaudible],0,,[inaudible] [M,,
271,1,mic_fileid_271_doa16_3spk_1.wav,4.0,4,mean_all_channels,4724.0,4728.0,191,3.975368430999879,4.0,4728.0,4728.000150148,0.0001501480001024902,0.5,1,1.0000000317571913,0.9938421077499697,1,[inaudible],2,The Molly is smiling valley where free to feel the,,4722.4,4727.879999999999
271,2,mic_fileid_271_doa16_3spk_2.wav,4.0,4,mean_all_channels,4728.0,4732.0,191,3.9775104509999437,4.0,4732.0,4732.000127569,0.0001275690001421026,0.5,1,1.0000000269587912,0.9943776127499859,1,[M,2,status alternate with the number of people,The Molly is smiling valley where free to feel the,4728.139999999999,4730.24
271,3,mic_fileid_271_doa16_3spk_3.wav,4.0,4,mean_all_channels,4732.0,4736.0,191,3.980182082999818,4.0,4736.0,4736.000163601,0.00016360100016754586,0.5,1,1.00000003454413,0.9950455207499544,2,The Molly is smiling valley where free to feel the,2,are asking so she can open it. And she can,status alternate with the number of people,4731.04,4734.62
271,4,mic_fileid_271_doa16_3spk_4.wav,4.0,4,mean_all_channels,4736.0,4740.0,191,3.9766439699997136,4.0,4740.0,4740.0002116529995,0.00021165299949643668,0.5,1,1.0000000446525315,0.9941609924999284,2,status alternate with the number of people,2,be a social center by nature and to those that are self-escaping .,are asking so she can open it. And she can,4734.92,4738.021
272,1,mic_fileid_272_doa59_3spk_1.wav,4.0,4,mean_all_channels,4740.0,4744.0,354,3.974404042999595,4.0,4744.0,4744.000157454,0.00015745400014566258,0.5,1,1.0000000331901349,0.9936010107498987,2,are asking so she can open it. And she can,2,Captain Weston is a general figure in the chances of,,4740.16,4743.74
272,2,mic_fileid_272_doa59_3spk_2.wav,4.0,4,mean_all_channels,4744.0,4748.0,354,3.976302330999715,4.0,4748.0,4748.000108296,0.00010829599978023907,0.5,1,1.0000000228087615,0.9940755827499288,2,be a social center by nature and to those that are self-escaping .,2,his military life about to do so to Miss Churchill of a,Captain Weston is a general figure in the chances of,4743.92,4747.719999999999
272,3,mic_fileid_272_doa59_3spk_3.wav,4.0,4,mean_all_channels,4748.0,4752.0,354,3.9700062319998324,4.0,4752.0,4752.000221406,0.00022140599958220264,0.5,1,1.0000000465921717,0.9925015579999581,2,Captain Weston is a general figure in the chances of,1,great Yorkshire family.,his military life about to do so to Miss Churchill of a,4747.94,4749.86
272,4,mic_fileid_272_doa59_3spk_4.wav,4.0,4,mean_all_channels,4752.0,4756.0,354,3.9740839750002124,4.0,4756.0,4756.000176258,0.00017625799955567345,0.5,1,1.0000000370601345,0.9935209937500531,2,his military life about to do so to Miss Churchill of a,1,Through which I socialize and across the,great Yorkshire family.,4754.24,4755.839999999999
272,5,mic_fileid_272_doa59_3spk_5.wav,4.0,4,mean_all_channels,4756.0,4760.0,354,3.974584840000716,4.0,4760.0,4760.00010275,0.00010275000022375025,0.5,1,1.0000000215861344,0.993646210000179,1,great Yorkshire family.,2,"park, looking pleasant in the sunshine at the miles we're seeing.",Through which I socialize and across the,4756.099999999999,4759.82
273,1,mic_fileid_273_doa24_3spk_1.wav,4.0,4,mean_all_channels,4760.0,4764.0,24,3.9793662179999956,4.0,4764.0,4764.000148608,0.00014860800001770258,0.5,1,1.0000000311939548,0.9948415544999989,1,Through which I socialize and across the,2,Don't forget to get the new April and the September meeting,,4760.28,4763.74
273,2,mic_fileid_273_doa24_3spk_2.wav,4.0,4,mean_all_channels,4764.0,4768.0,24,3.9694217349997416,4.0,4768.0,4768.000118414,0.00011841400009870995,0.5,1,1.000000024835151,0.9923554337499354,2,"park, looking pleasant in the sunshine at the miles we're seeing.",2,. This that was my first glimpse of the garden. But I had not,Don't forget to get the new April and the September meeting,4763.92,4767.74
273,3,mic_fileid_273_doa24_3spk_3.wav,4.0,4,mean_all_channels,4768.0,4772.0,24,3.979766368000128,4.0,4772.0,4772.000103584,0.00010358399958931841,0.5,1,1.0000000217066218,0.994941592000032,2,Don't forget to get the new April and the September meeting,1,time to look long.,. This that was my first glimpse of the garden. But I had not,4767.96,4769.379999999999
273,4,mic_fileid_273_doa24_3spk_4.wav,4.0,4,mean_all_channels,4772.0,4776.0,24,3.9766422630000307,4.0,4776.0,4776.000151026999,0.00015102699944691267,0.5,1,1.0000000316220685,0.9941605657500077,2,. This that was my first glimpse of the garden. But I had not,1,Even to a dark lantern.,time to look long.,4774.379999999999,4775.82
273,5,mic_fileid_273_doa24_3spk_5.wav,4.0,4,mean_all_channels,4776.0,4780.0,24,3.9801228859996627,4.0,4780.0,4780.000138803,0.00013880299957236275,0.5,1,1.0000000290382844,0.9950307214999157,1,time to look long.,2,The end of the film is sure to be jolly.,Even to a dark lantern.,4776.879999999999,4779.139999999999
274,1,mic_fileid_274_doa14_3spk_1.wav,4.0,4,mean_all_channels,4780.0,4784.0,111,3.9691645180000705,4.0,4784.0,4784.000111316,0.00011131599967484362,0.5,1,1.0000000232683945,0.9922911295000176,1,Even to a dark lantern.,2,Good cheer attracts good laughs. Cheer up.,,4779.9,4782.96
274,2,mic_fileid_274_doa14_3spk_2.wav,4.0,4,mean_all_channels,4784.0,4788.0,111,3.96792269999969,4.0,4788.0,4788.000119825,0.00011982500018348219,0.5,1,1.000000025026107,0.9919806749999225,2,The end of the film is sure to be jolly.,2,"If you have a smile, get one of somebody and wear it at your own.",Good cheer attracts good laughs. Cheer up.,4783.78,4787.44
274,3,mic_fileid_274_doa14_3spk_3.wav,4.0,4,mean_all_channels,4788.0,4792.0,111,3.970403682000324,4.0,4792.0,4792.000205088,0.00020508800025709206,0.5,1,1.0000000427979967,0.992600920500081,2,Good cheer attracts good laughs. Cheer up.,2,Extreme's are always mad. To come out of the bright smile.,"If you have a smile, get one of somebody and wear it at your own.",4787.639999999999,4791.879999999999
274,4,mic_fileid_274_doa14_3spk_4.wav,4.0,4,mean_all_channels,4792.0,4796.0,111,3.969660740999643,4.0,4796.0,4796.000205561,0.0002055610002571484,0.5,1,1.000000042860926,0.9924151852499108,2,"If you have a smile, get one of somebody and wear it at your own.",2,I know it has made two people laugh while we're still all,Extreme's are always mad. To come out of the bright smile.,4793.04,4795.799999999999
275,1,mic_fileid_275_doa2_3spk_1.wav,4.0,4,mean_all_channels,4796.0,4800.0,2,3.977945753000313,4.0,4800.0,4800.000154292,0.00015429199993377551,0.5,1,1.0000000321441667,0.9944864382500782,2,Extreme's are always mad. To come out of the bright smile.,2,set up and the presentation is well over.,,4795.8009999999995,4798.54
275,2,mic_fileid_275_doa2_3spk_2.wav,4.0,4,mean_all_channels,4800.0,4804.0,2,3.9764763610000955,4.0,4804.0,4804.000157761,0.00015776100008224603,0.5,1,1.0000000328395087,0.9941190902500239,2,I know it has made two people laugh while we're still all,2,"It may be happy in the first place, because you thought of there",set up and the presentation is well over.,4800.379999999999,4803.719999999999
275,3,mic_fileid_275_doa2_3spk_3.wav,4.0,4,mean_all_channels,4804.0,4808.0,2,3.9797330620003777,4.0,4808.0,4808.0002196919995,0.00021969199951854534,0.5,1,1.0000000456930116,0.9949332655000944,2,set up and the presentation is well over.,2,". Well, I'm engaged, but 100% free.","It may be happy in the first place, because you thought of there",4804.08,4808.92
275,4,mic_fileid_275_doa2_3spk_4.wav,4.0,4,mean_all_channels,4808.0,4812.0,2,3.9696077190001233,4.0,4812.0,4812.000175947,0.0001759469996613916,0.5,1,1.0000000365642143,0.9924019297500308,2,"It may be happy in the first place, because you thought of there",1,"But anyone so rich and so poor, they're going",". Well, I'm engaged, but 100% free.",4809.12,4811.299999999999
276,1,mic_fileid_276_doa35_3spk_1.wav,4.0,4,mean_all_channels,4812.0,4816.0,127,3.9700568219996057,4.0,4816.0,4816.000191234,0.0001912340003400459,0.5,1,1.0000000397080566,0.9925142054999014,1,.,1,to be a burden to them.,,4811.679999999999,4813.639999999999
276,2,mic_fileid_276_doa35_3spk_2.wav,4.0,4,mean_all_channels,4816.0,4820.0,127,3.970503412000653,4.0,4820.0,4820.000139662,0.00013966200003778795,0.5,1,1.0000000289755187,0.9926258530001633,2,"Well, I'm engaged, but 100% free. But anyone so rich and so poor, they're going",2,I know a bright cheer leaders conference.,to be a burden to them.,4814.96,4819.219999999999
276,3,mic_fileid_276_doa35_3spk_3.wav,4.0,4,mean_all_channels,4820.0,4824.0,127,3.9738711439995313,4.0,4824.0,4824.000139895,0.00013989499984745635,0.5,1,1.0000000289997926,0.9934677859998828,1,to be a burden to them.,1,Here appear change.,I know a bright cheer leaders conference.,4822.42,4823.58
276,4,mic_fileid_276_doa35_3spk_4.wav,4.0,4,mean_all_channels,4824.0,4828.0,127,3.977017170000181,4.0,4828.0,4828.000241059,0.00024105899956339272,0.5,1,1.0000000499293702,0.9942542925000453,2,I know a bright cheer leaders conference.,2,As if he had suddenly matured. One that he'd be sure of,Here appear change.,4823.7,4827.759999999999
277,1,mic_fileid_277_doa52_3spk_1.wav,4.0,4,mean_all_channels,4828.0,4832.0,303,3.9700346070003434,4.0,4832.0,4832.000201609,0.00020160900021437556,0.5,1,1.000000041723717,0.9925086517500858,1,Here appear change.,2,". He'd be mothered . ""Ah, you were not sure,""",,4828.54,4831.78
277,2,mic_fileid_277_doa52_3spk_2.wav,4.0,4,mean_all_channels,4832.0,4836.0,303,3.976959703999455,4.0,4836.0,4836.000145462,0.0001454619996366091,0.5,1,1.0000000300789909,0.9942399259998638,2,As if he had suddenly matured. One that he'd be sure of,2,I said. [INAUDIBLE],". He'd be mothered . ""Ah, you were not sure,""",4832.0199999999995,4834.16
277,3,mic_fileid_277_doa52_3spk_3.wav,4.0,4,mean_all_channels,4836.0,4840.0,303,3.9716446940001333,4.0,4840.0,4840.000423921,0.0004239210002197069,0.5,1,1.0000000875869834,0.9929111735000333,2,". He'd be mothered . ""Ah, you were not sure,""",1,And so they shall have the playing versus,I said. [INAUDIBLE],4838.179999999999,4839.5199999999995
277,4,mic_fileid_277_doa52_3spk_4.wav,4.0,4,mean_all_channels,4840.0,4844.0,303,3.9754361519999293,4.0,4844.0,4844.000204953,0.0002049530003205291,0.5,1,1.0000000423106936,0.9938590379999823,2,I said. [INAUDIBLE],2,"the test teams and study about the close bell, they have",And so they shall have the playing versus,4840.12,4843.54
278,1,mic_fileid_278_doa13_3spk_1.wav,4.0,4,mean_all_channels,4844.0,4848.0,102,3.9765940249999403,4.0,4848.0,4848.000179857,0.00017985700014833128,0.5,1,1.0000000370992161,0.9941485062499851,1,And so they shall have the playing versus,2,their excellent use of the,,4843.74,4846.2609999999995
278,2,mic_fileid_278_doa13_3spk_2.wav,4.0,4,mean_all_channels,4848.0,4852.0,102,3.9787836909999896,4.0,4852.0,4852.000144892,0.00014489200020761928,0.5,1,1.0000000298623248,0.9946959227499974,2,"the test teams and study about the close bell, they have",2,room. Partly from pleasure. Partly from honor. Running up his bat face and,their excellent use of the,4846.799999999999,4851.5
278,3,mic_fileid_278_doa13_3spk_3.wav,4.0,4,mean_all_channels,4852.0,4856.0,102,3.974576242000694,4.0,4856.0,4856.000129626,0.00012962599976162892,0.5,1,1.0000000266939868,0.9936440605001735,2,their excellent use of the,2,a strong pain across his forehead .,room. Partly from pleasure. Partly from honor. Running up his bat face and,4851.96,4854.380999999999
278,4,mic_fileid_278_doa13_3spk_4.wav,4.0,4,mean_all_channels,4856.0,4860.0,102,3.9715901259996826,4.0,4860.0,4860.000138222,0.00013822199980495498,0.5,1,1.0000000284407407,0.9928975314999207,2,room. Partly from pleasure. Partly from honor. Running up his bat face and,2,May God help you.,a strong pain across his forehead .,4857.66,4859.66
278,5,mic_fileid_278_doa13_3spk_5.wav,4.0,4,mean_all_channels,4860.0,4864.0,102,3.9731956389996412,4.0,4864.0,4864.0002792529995,0.0002792529994621873,0.5,1,1.000000057412212,0.9932989097499103,2,a strong pain across his forehead .,1,are generally useless and resulted only in damage,May God help you.,4860.54,4863.5
279,1,mic_fileid_279_doa26_3spk_1.wav,4.0,4,mean_all_channels,4864.0,4868.0,220,3.9718346119998387,4.0,4868.0,4868.000221546,0.00022154599992063595,0.5,1,1.000000045510682,0.9929586529999597,2,May God help you.,2,to his financial position and his reputation.,,4863.94,4867.219999999999
279,2,mic_fileid_279_doa26_3spk_2.wav,4.0,4,mean_all_channels,4868.0,4872.0,220,3.9790021340004387,4.0,4872.0,4872.000181241,0.000181241000063892,0.5,1,1.0000000372005338,0.9947505335001097,1,are generally useless and resulted only in damage,2,No doubt he often provided a tax to work himself by arresting his wife,to his financial position and his reputation.,4867.28,4871.58
279,3,mic_fileid_279_doa26_3spk_3.wav,4.0,4,mean_all_channels,4872.0,4876.0,220,3.97471719799978,4.0,4876.0,4876.0001507179995,0.00015071799953148002,0.5,1,1.0000000309101722,0.993679299499945,2,to his financial position and his reputation.,1,", born of his ardent sympathy.",No doubt he often provided a tax to work himself by arresting his wife,4871.96,4873.62
279,4,mic_fileid_279_doa26_3spk_4.wav,4.0,4,mean_all_channels,4876.0,4880.0,220,3.9762175019995993,4.0,4880.0,4880.000186739,0.00018673900012800004,0.5,1,1.0000000382661884,0.9940543754998998,2,No doubt he often provided a tax to work himself by arresting his wife,1,Capron could not possibly,", born of his ardent sympathy.",4878.32,4879.5199999999995
279,5,mic_fileid_279_doa26_3spk_5.wav,4.0,4,mean_all_channels,4880.0,4884.0,220,3.9772931690004043,4.0,4884.0,4884.000155953,0.0001559530001031817,0.5,1,1.0000000319314086,0.9943232922501011,1,", born of his ardent sympathy.",2,have fired into us at any time unless he had turned directly around,Capron could not possibly,4879.9,4883.86
280,1,mic_fileid_280_doa27_3spk_1.wav,4.0,4,mean_all_channels,4884.0,4888.0,27,3.9678940370004057,4.0,4888.0,4888.00016203,0.00016202999995584833,0.5,1,1.000000033148527,0.9919735092501014,1,Capron could not possibly,2,in his tracks and named up in the very trail he had just,,4884.42,4887.74
280,2,mic_fileid_280_doa27_3spk_2.wav,4.0,4,mean_all_channels,4888.0,4892.0,27,3.9754432249992533,4.0,4892.0,4892.000134557,0.0001345569999102736,0.5,1,1.0000000275055192,0.9938608062498133,2,have fired into us at any time unless he had turned directly around,3,descended. That speech to be heard. That speech to be heard.,in his tracks and named up in the very trail he had just,4888.0,4893.2
280,3,mic_fileid_280_doa27_3spk_3.wav,4.0,4,mean_all_channels,4892.0,4896.0,27,3.981257450999692,4.0,4896.0,4896.0001182979995,0.00011829799950646702,0.5,1,1.0000000241621732,0.995314362749923,2,in his tracks and named up in the very trail he had just,1,And he also needed a larger force,descended. That speech to be heard. That speech to be heard.,4894.0199999999995,4895.66
280,4,mic_fileid_280_doa27_3spk_4.wav,4.0,4,mean_all_channels,4896.0,4900.0,27,3.9779632600002515,4.0,4900.0,4900.000145488,0.0001454880002711434,0.5,1,1.0000000296914286,0.9944908150000629,2,descended. That speech to be heard.,2,"than he had with him, and he therefore captured some men who were fishing along",And he also needed a larger force,4896.08,4899.759999999999
281,1,mic_fileid_281_doa220_3spk_1.wav,4.0,4,mean_all_channels,4900.0,4904.0,355,3.979254444000617,4.0,4904.0,4904.000161799,0.00016179900012502912,0.5,1,1.0000000329932708,0.9948136110001542,2,That speech to be heard. And he also needed a larger force,2,the coast or put the injuries can use to avoid the wars,,4900.099999999999,4903.36
281,2,mic_fileid_281_doa220_3spk_2.wav,4.0,4,mean_all_channels,4904.0,4908.0,355,3.976977230000557,4.0,4908.0,4908.0001888609995,0.00018886099951487267,0.5,1,1.0000000384802363,0.9942443075001393,2,"than he had with him, and he therefore captured some men who were fishing along",2,. Then by night he proceeded slowly in the direction of the Spanish,the coast or put the injuries can use to avoid the wars,4904.5199999999995,4907.759999999999
281,3,mic_fileid_281_doa220_3spk_3.wav,4.0,4,mean_all_channels,4908.0,4912.0,355,3.9764226899997084,4.0,4912.0,4912.000185125,0.00018512499991629738,0.5,1,1.0000000376883142,0.9941056724999271,2,the coast or put the injuries can use to avoid the wars,3,vessel. I'm not.,. Then by night he proceeded slowly in the direction of the Spanish,4908.16,4911.2
281,4,mic_fileid_281_doa220_3spk_4.wav,4.0,4,mean_all_channels,4912.0,4916.0,355,3.977196747999187,4.0,4916.0,4916.000147792,0.0001477919995522825,0.5,1,1.0000000300634662,0.9942991869997968,2,. Then by night he proceeded slowly in the direction of the Spanish,1,I,vessel. I'm not.,4912.98,4912.981
282,1,mic_fileid_282_doa55_3spk_1.wav,4.0,4,mean_all_channels,4916.0,4920.0,276,3.9740159679995486,4.0,4920.0,4920.000137755,0.00013775499974144623,0.5,1,1.0000000279989838,0.9935039919998871,2,vessel. I'm,2,know you're a big star. I was going to turn really,,4916.28,4919.66
282,2,mic_fileid_282_doa55_3spk_2.wav,4.0,4,mean_all_channels,4920.0,4924.0,276,3.9755265680005323,4.0,4924.0,4924.000160348,0.0001603479995537782,0.5,1,1.0000000325645815,0.9938816420001331,2,not. I,2,"bad my life, but I suppose you already know most of the important",know you're a big star. I was going to turn really,4920.24,4923.879999999999
282,3,mic_fileid_282_doa55_3spk_3.wav,4.0,4,mean_all_channels,4924.0,4928.0,276,3.9776143360004426,4.0,4928.0,4928.000125346,0.00012534599954960868,0.5,1,1.0000000254354706,0.9944035840001106,2,know you're a big star. I was going to turn really,2,things .,"bad my life, but I suppose you already know most of the important",4924.36,4924.840999999999
282,4,mic_fileid_282_doa55_3spk_4.wav,4.0,4,mean_all_channels,4928.0,4932.0,276,3.973094976999164,4.0,4932.0,4932.0001433649995,0.0001433649995306041,0.5,1,1.000000029068329,0.993273744249791,2,"bad my life, but I suppose you already know most of the important",2,>> The administration has a,things .,4929.719999999999,4931.5
282,5,mic_fileid_282_doa55_3spk_5.wav,4.0,4,mean_all_channels,4932.0,4936.0,276,3.9795249600001625,4.0,4936.0,4936.000219322,0.00021932199979346478,0.5,1,1.0000000444331443,0.9948812400000406,2,things .,2,choice. It must yield to this pressure from the beginning.,>> The administration has a,4931.92,4934.58
283,1,mic_fileid_283_doa126_3spk_1.wav,4.0,4,mean_all_channels,4936.0,4940.0,302,3.9763722759998927,4.0,4940.0,4940.000159674,0.00015967400031513534,0.5,1,1.000000032322672,0.9940930689999732,2,>> The administration has a,1,[inaudible,,4937.0,4938.62
283,2,mic_fileid_283_doa126_3spk_2.wav,4.0,4,mean_all_channels,4940.0,4944.0,302,3.977149628999541,4.0,4944.0,4944.000136868,0.00013686799957213225,0.5,1,1.000000027683657,0.9942874072498853,2,choice. It must yield to this pressure from the beginning.,2,and then that was it. There was a thing that had driven on. The,[inaudible,4940.44,4943.781
283,3,mic_fileid_283_doa126_3spk_3.wav,4.0,4,mean_all_channels,4944.0,4948.0,302,3.9793137289998413,4.0,4948.0,4948.000212174,0.0002121739998983685,0.5,1,1.0000000428807598,0.9948284322499603,1,[inaudible,1,necessary difficulty suggests,and then that was it. There was a thing that had driven on. The,4946.44,4947.58
283,4,mic_fileid_283_doa126_3spk_4.wav,4.0,4,mean_all_channels,4948.0,4952.0,302,3.9772310110001854,4.0,4952.0,4952.000173304,0.00017330399987258716,0.5,1,1.000000034996769,0.9943077527500463,1,and then that was it. There was a thing that had driven on.,2,a reasonable proposal. He agreed to it. Both just send it,necessary difficulty suggests,4947.98,4951.799999999999
284,1,mic_fileid_284_doa4_3spk_1.wav,4.0,4,mean_all_channels,4952.0,4956.0,256,3.9736354429996936,4.0,4956.0,4956.000170573,0.00017057300010492327,0.5,1,1.0000000344174738,0.9934088607499234,2,The necessary difficulty suggests,2,"to the chamber in which the wounded man lay , the latter unseen, these two",,4951.9,4955.719999999999
284,2,mic_fileid_284_doa4_3spk_2.wav,4.0,4,mean_all_channels,4956.0,4960.0,256,3.9646665820000635,4.0,4960.0,4960.000208278,0.0002082780001728679,0.5,1,1.0000000419915323,0.9911666455000159,2,a reasonable proposal. He agreed to it. Both just send it,2,"noble lords who came to visit him , endeavored to raise himself up and his dad","to the chamber in which the wounded man lay , the latter unseen, these two",4956.08,4959.82
284,3,mic_fileid_284_doa4_3spk_3.wav,4.0,4,mean_all_channels,4960.0,4964.0,256,3.9700861350002015,4.0,4964.0,4964.0001607819995,0.00016078199951152783,0.5,1,1.000000032389605,0.9925215337500504,2,"to the chamber in which the wounded man lay , the latter unseen, these two",1,.,"noble lords who came to visit him , endeavored to raise himself up and his dad",4960.839999999999,4960.840999999999
284,4,mic_fileid_284_doa4_3spk_4.wav,4.0,4,mean_all_channels,4964.0,4968.0,256,3.9721703279992653,4.0,4968.0,4968.0001272459995,0.00012724599946523085,0.5,1,1.0000000256131238,0.9930425819998163,2,"noble lords who came to visit him , endeavored to raise himself up and his dad",2,part of the games of the princess to the last 100 when the princess,.,4962.799999999999,4967.5599999999995
285,1,mic_fileid_285_doa48_3spk_1.wav,4.0,4,mean_all_channels,4968.0,4972.0,274,3.979352819000269,4.0,4972.0,4972.00009049,9.048999982042005e-05,0.5,1,1.0000000181999196,0.9948382047500672,1,.,2,started from there. And hastened out to join her dear play,,4967.94,4971.62
285,2,mic_fileid_285_doa48_3spk_2.wav,4.0,4,mean_all_channels,4972.0,4976.0,274,3.976685099999486,4.0,4976.0,4976.000139498,0.00013949799995316425,0.5,1,1.0000000280341639,0.9941712749998715,2,part of the games of the princess to the last 100 when the princess,3,fellows. com .,started from there. And hastened out to join her dear play,4971.9,4974.421
285,3,mic_fileid_285_doa48_3spk_3.wav,4.0,4,mean_all_channels,4976.0,4980.0,274,3.9771371019996877,4.0,4980.0,4980.000184818,0.00018481799997971393,0.5,1,1.000000037112048,0.9942842754999219,2,started from there. And hastened out to join her dear play,1,My room to the Queen's Syndrome,fellows. com .,4978.5,4979.5199999999995
285,4,mic_fileid_285_doa48_3spk_4.wav,4.0,4,mean_all_channels,4980.0,4984.0,274,3.9772816049999165,4.0,4984.0,4984.000244007,0.00024400700021942612,0.5,1,1.0000000489580658,0.9943204012499791,2,fellows. com,2,"'s jewel, and she gave it to me herself , where,",My room to the Queen's Syndrome,4979.92,4983.58
286,1,mic_fileid_286_doa62_3spk_1.wav,4.0,4,mean_all_channels,4984.0,4988.0,62,3.972099347999574,4.0,4988.0,4988.000148557,0.00014855700010230066,0.5,1,1.0000000297828788,0.9930248369998935,2,. My room to the Queen's Syndrome,2,"in the room adjoining the chain room, she changed her toilet.",,4983.581,4986.839999999999
286,2,mic_fileid_286_doa62_3spk_2.wav,4.0,4,mean_all_channels,4988.0,4992.0,62,3.970256941000116,4.0,4992.0,4992.000132469,0.00013246900016383734,0.5,1,1.000000026536258,0.992564235250029,2,"'s jewel, and she gave it to me herself , where,",3,How can you meet her and to kiss me? Really? As advice?,"in the room adjoining the chain room, she changed her toilet.",4987.7,4991.82
286,3,mic_fileid_286_doa62_3spk_3.wav,4.0,4,mean_all_channels,4992.0,4996.0,62,3.9780009610003617,4.0,4996.0,4996.00016065,0.00016064999999798601,0.5,1,1.0000000321557245,0.9945002402500904,2,"in the room adjoining the chain room, she changed her toilet.",0,,How can you meet her and to kiss me? Really? As advice?,,
286,4,mic_fileid_286_doa62_3spk_4.wav,4.0,4,mean_all_channels,4996.0,5000.0,62,3.965925101000721,4.0,5000.0,5000.000246976,0.00024697600019862875,0.5,1,1.0000000493952,0.9914812752501803,2,How can you meet her and to kiss me?,2,Your signature of your time is to be a very time-cons uming and patient,,4994.599999999999,4999.54
287,1,mic_fileid_287_doa99_3spk_1.wav,4.0,4,mean_all_channels,5000.0,5004.0,147,3.969303520999347,4.0,5004.0,5004.000151139,0.0001511390000814572,0.5,1,1.0000000302036371,0.9923258802498367,1,Really? As advice?,2,went to the store. It was,,4999.94,5003.82
287,2,mic_fileid_287_doa99_3spk_2.wav,4.0,4,mean_all_channels,5004.0,5008.0,147,3.968858473000182,4.0,5008.0,5008.00014488,0.00014488000033452408,0.5,1,1.0000000289297126,0.9922146182500455,2,Your signature of your time is to be a very time-cons uming and patient,2,no sound to her saying that name but she's,went to the store. It was,5003.96,5006.92
287,3,mic_fileid_287_doa99_3spk_3.wav,4.0,4,mean_all_channels,5008.0,5012.0,147,3.969612705000145,4.0,5012.0,5012.000455569,0.0004555690002234769,0.5,1,1.0000000908956506,0.9924031762500363,2,went to the store. It was,2,the same parliament which it's sitting here. [BLANK,no sound to her saying that name but she's,5006.921,5010.741
287,4,mic_fileid_287_doa99_3spk_4.wav,4.0,4,mean_all_channels,5012.0,5016.0,147,3.9702145909996034,4.0,5016.0,5016.000210284,0.0002102839998769923,0.5,1,1.0000000419226476,0.9925536477499008,2,no sound to her saying that name but she's,3,_ -_- _-_-_-_,the same parliament which it's sitting here. [BLANK,5013.28,5016.46
287,5,mic_fileid_287_doa99_3spk_5.wav,4.0,4,mean_all_channels,5016.0,5020.0,147,3.97222820999923,4.0,5020.0,5020.000182535,0.00018253500002174405,0.5,1,1.0000000363615538,0.9930570524998075,2,the same parliament which it's sitting here. [BLANK,0,,_ -_- _-_-_-_,,
288,1,mic_fileid_288_doa72_3spk_1.wav,4.0,4,mean_all_channels,5020.0,5024.0,139,3.970486542000799,4.0,5024.0,5024.000141241,0.00014124100016488228,0.5,1,1.0000000281132564,0.9926216355001998,2,_ -_-,2,[Sounds of children talking ],,5018.599999999999,5023.221
288,2,mic_fileid_288_doa72_3spk_2.wav,4.0,4,mean_all_channels,5024.0,5028.0,139,3.9666036669996174,4.0,5028.0,5028.000164582,0.00016458200025226688,0.5,1,1.0000000327330947,0.9916509167499044,1,_-_-_-_,2,[ [ [ [ I,[Sounds of children talking ],5025.219999999999,5026.781
288,3,mic_fileid_288_doa72_3spk_3.wav,4.0,4,mean_all_channels,5028.0,5032.0,139,3.9685962189996644,4.0,5032.0,5032.000205038,0.0002050379998763674,0.5,1,1.0000000407468204,0.9921490547499161,2,[Sounds of children talking ],1,find the last of the operation the,[ [ [ [ I,5030.4,5031.879999999999
288,4,mic_fileid_288_doa72_3spk_4.wav,4.0,4,mean_all_channels,5032.0,5036.0,139,3.969586497999444,4.0,5036.0,5036.0000883739995,8.837399946060032e-05,0.5,1,1.0000000175484511,0.992396624499861,1,[ [ [ [,2,whole stuff again becomes too long or less hip and tie. Low movement,find the last of the operation the,5032.28,5035.719999999999
289,1,mic_fileid_289_doa174_3spk_1.wav,4.0,4,mean_all_channels,5036.0,5040.0,232,3.974078954000106,4.0,5040.0,5040.000128015,0.0001280149999729474,0.5,1,1.0000000253998016,0.9935197385000265,2,I find the last of the operation the,2,is also a case of not a total excitement.,,5036.12,5039.66
289,2,mic_fileid_289_doa174_3spk_2.wav,4.0,4,mean_all_channels,5040.0,5044.0,232,3.979868362000161,4.0,5044.0,5044.000122057,0.00012205700022605015,0.5,1,1.0000000241984537,0.9949670905000403,2,whole stuff again becomes too long or less hip and tie. Low movement,2,It's probably the most common by the usual. You saw that they were all asleep,is also a case of not a total excitement.,5039.86,5043.12
289,3,mic_fileid_289_doa174_3spk_3.wav,4.0,4,mean_all_channels,5044.0,5048.0,232,3.977725480999652,4.0,5048.0,5048.0001256079995,0.0001256079995073378,0.5,1,1.0000000248827257,0.994431370249913,2,is also a case of not a total excitement.,2,. Five million. They're not caring enough. Just left. [BLANK_,It's probably the most common by the usual. You saw that they were all asleep,5043.48,5047.461
289,4,mic_fileid_289_doa174_3spk_4.wav,4.0,4,mean_all_channels,5048.0,5052.0,232,3.980696943000112,4.0,5052.0,5052.000122632,0.00012263200005691033,0.5,1,1.0000000242739508,0.995174235750028,2,It's probably the most common by the usual. You saw that they were all asleep,1,You speak on yellow seas in,. Five million. They're not caring enough. Just left. [BLANK_,5050.28,5051.74
289,5,mic_fileid_289_doa174_3spk_5.wav,4.0,4,mean_all_channels,5052.0,5056.0,232,3.974969799000064,4.0,5056.0,5056.000151036,0.0001510359998064814,0.5,1,1.0000000298726266,0.993742449750016,2,. Five million. They're not caring enough. Just left. [BLANK_,2,fears. Lay your hands on your hearts and ask,You speak on yellow seas in,5052.0199999999995,5055.78
290,1,mic_fileid_290_doa23_3spk_1.wav,4.0,4,mean_all_channels,5056.0,5060.0,137,3.976449214999775,4.0,5060.0,5060.000165482,0.0001654819998293533,0.5,1,1.0000000327039524,0.9941123037499437,1,You speak on yellow seas in,2,for yourselves whether I may know as a white boy as we disturb the fears,,5056.04,5059.599999999999
290,2,mic_fileid_290_doa23_3spk_2.wav,4.0,4,mean_all_channels,5060.0,5064.0,137,3.9693139519995384,4.0,5064.0,5064.000132754,0.0001327540003330796,0.5,1,1.0000000262152449,0.9923284879998846,2,fears. Lay your hands on your hearts and ask,2,"and the jealousies and if so , I assure you that this",for yourselves whether I may know as a white boy as we disturb the fears,5060.0599999999995,5063.7
290,3,mic_fileid_290_doa23_3spk_3.wav,4.0,4,mean_all_channels,5064.0,5068.0,137,3.9809486140002264,4.0,5068.0,5068.000419871,0.0004198710003038286,0.5,1,1.0000000828474744,0.9952371535000566,2,for yourselves whether I may know as a white boy as we disturb the fears,2,message has nothing lessened them .,"and the jealousies and if so , I assure you that this",5064.0199999999995,5066.641
290,4,mic_fileid_290_doa23_3spk_4.wav,4.0,4,mean_all_channels,5068.0,5072.0,137,3.980022034000285,4.0,5072.0,5072.000232627,0.00023262699960469035,0.5,1,1.0000000458649447,0.9950055085000713,2,"and the jealousies and if so , I assure you that this",2,In the introduction.,message has nothing lessened them .,5069.62,5071.5599999999995
290,5,mic_fileid_290_doa23_3spk_5.wav,4.0,4,mean_all_channels,5072.0,5076.0,137,3.972184010000092,4.0,5076.0,5076.000148932,0.00014893200022925157,0.5,1,1.0000000293404256,0.993046002500023,2,message has nothing lessened them .,2,The humanist goes to his distinctly modern character,In the introduction.,5072.44,5075.5199999999995
291,1,mic_fileid_291_doa157_3spk_1.wav,4.0,4,mean_all_channels,5076.0,5080.0,263,3.973163556000145,4.0,5080.0,5080.000268682,0.00026868199984164676,0.5,1,1.0000000528901574,0.9932908890000363,2,In the introduction.,2,"in early literature , the greats took themselves",,5076.379999999999,5079.66
291,2,mic_fileid_291_doa157_3spk_2.wav,4.0,4,mean_all_channels,5080.0,5084.0,263,3.9743792479994227,4.0,5084.0,5084.0001168399995,0.00011683999946399126,0.5,1,1.000000022981904,0.9935948119998557,2,The humanist goes to his distinctly modern character,2,very seriously. (indistinct chatter),"in early literature , the greats took themselves",5080.179999999999,5082.799999999999
291,3,mic_fileid_291_doa157_3spk_3.wav,4.0,4,mean_all_channels,5084.0,5088.0,263,3.9772419970004194,4.0,5088.0,5088.000143048,0.00014304799969977466,0.5,1,1.0000000281147798,0.9943104992501048,2,"in early literature , the greats took themselves",1,So nothing can satisfy after,very seriously. (indistinct chatter),5086.46,5087.74
291,4,mic_fileid_291_doa157_3spk_4.wav,4.0,4,mean_all_channels,5088.0,5092.0,263,3.9738902649996817,4.0,5092.0,5092.0002339249995,0.00023392499952024082,0.5,1,1.0000000459397091,0.9934725662499204,2,very seriously. (indistinct chatter),2,that less than the conscious person of a perfect charity,So nothing can satisfy after,5088.179999999999,5091.259999999999
292,1,mic_fileid_292_doa44_3spk_1.wav,4.0,4,mean_all_channels,5092.0,5096.0,338,3.9726260729994465,4.0,5096.0,5096.000123696,0.00012369599971862044,0.5,1,1.0000000242731553,0.9931565182498616,1,So nothing can satisfy after,2,". Without that, he was still outside the King of Osmond",,5091.94,5095.639999999999
292,2,mic_fileid_292_doa44_3spk_2.wav,4.0,4,mean_all_channels,5096.0,5100.0,338,3.9664493680002124,4.0,5100.0,5100.000094887,9.488700015936047e-05,0.5,1,1.0000000186052942,0.9916123420000531,2,that less than the conscious person of a perfect charity,2,. Wondering to have a dream around what to do.,". Without that, he was still outside the King of Osmond",5095.839999999999,5098.719999999999
292,3,mic_fileid_292_doa44_3spk_3.wav,4.0,4,mean_all_channels,5100.0,5104.0,338,3.968097691999901,4.0,5104.0,5104.000339743,0.0003397430000404711,0.5,1,1.0000000665640674,0.9920244229999753,2,". Without that, he was still outside the King of Osmond",1,But the side,. Wondering to have a dream around what to do.,5102.24,5102.78
292,4,mic_fileid_292_doa44_3spk_4.wav,4.0,4,mean_all_channels,5104.0,5108.0,338,3.97056086900011,4.0,5108.0,5108.0002198,0.00021980000019539148,0.5,1,1.0000000430305405,0.9926402172500275,2,. Wondering to have a dream around what to do.,2,of a king. War on any terms was a,But the side,5104.379999999999,5107.66
293,1,mic_fileid_293_doa94_3spk_1.wav,4.0,4,mean_all_channels,5108.0,5112.0,340,3.968894194999848,4.0,5112.0,5112.00014624,0.0001462399995943997,0.5,1,1.0000000286071986,0.992223548749962,1,But the side,2,scheme by the king and all the country is preferable,,5107.94,5111.7
293,2,mic_fileid_293_doa94_3spk_2.wav,4.0,4,mean_all_channels,5112.0,5116.0,340,3.978538063999622,4.0,5116.0,5116.000150824,0.00015082400022947695,0.5,1,1.0000000294808444,0.9946345159999055,2,of a king. War on any terms was a,2,to so ignominius of peace .,scheme by the king and all the country is preferable,5111.96,5114.121
293,3,mic_fileid_293_doa94_3spk_3.wav,4.0,4,mean_all_channels,5116.0,5120.0,340,3.9813378120006746,4.0,5120.0,5120.000108172,0.00010817200018209405,0.5,1,1.0000000211273439,0.9953344530001687,2,scheme by the king and all the country is preferable,1,For they lay under a whole body,to so ignominius of peace .,5118.36,5119.82
293,4,mic_fileid_293_doa94_3spk_4.wav,4.0,4,mean_all_channels,5120.0,5124.0,340,3.981072243000199,4.0,5124.0,5124.000187512,0.0001875119996839203,0.5,1,1.0000000365948478,0.9952680607500497,2,to so ignominius of peace .,2,"of shrouds, undiscomplicated by a mass of other areas of being",For they lay under a whole body,5120.139999999999,5123.78
294,1,mic_fileid_294_doa175_3spk_1.wav,4.0,4,mean_all_channels,5124.0,5128.0,296,3.9727542179998636,4.0,5128.0,5128.000111742,0.00011174199971719645,0.5,1,1.0000000217905616,0.9931885544999659,1,For they lay under a whole body,2,"switched, being reported to be as we wait. I do them long enough",,5124.36,5127.839999999999
294,2,mic_fileid_294_doa175_3spk_2.wav,4.0,4,mean_all_channels,5128.0,5132.0,296,3.982170616000076,4.0,5132.0,5132.000106505,0.00010650500007614028,0.5,1,1.0000000207531177,0.995542654000019,2,"of shrouds, undiscomplicated by a mass of other areas of being",2,to satisfy my mind that they were dead and that were the heart,"switched, being reported to be as we wait. I do them long enough",5128.24,5131.879999999999
294,3,mic_fileid_294_doa175_3spk_3.wav,4.0,4,mean_all_channels,5132.0,5136.0,296,3.983060352999928,4.0,5136.0,5136.000125806,0.00012580600014189258,0.5,1,1.0000000244949376,0.995765088249982,2,"switched, being reported to be as we wait. I do them long enough",2,of lead turned away. [BLANK,to satisfy my mind that they were dead and that were the heart,5132.12,5135.461
294,4,mic_fileid_294_doa175_3spk_4.wav,4.0,4,mean_all_channels,5136.0,5140.0,296,3.9698817629996483,4.0,5140.0,5140.0001353259995,0.00013532599950849544,0.5,1,1.0000000263280155,0.9924704407499121,2,to satisfy my mind that they were dead and that were the heart,2,_ that may have been the balance of his test,of lead turned away. [BLANK,5137.379999999999,5139.679999999999
294,5,mic_fileid_294_doa175_3spk_5.wav,4.0,4,mean_all_channels,5140.0,5144.0,296,3.973732815999938,4.0,5144.0,5144.000229491,0.00022949100002733758,0.5,1,1.000000044613336,0.9934332039999845,2,of lead turned away. [BLANK,2,"card. He said no, there was no way of difference",_ that may have been the balance of his test,5140.0199999999995,5143.0599999999995
295,1,mic_fileid_295_doa80_3spk_1.wav,4.0,4,mean_all_channels,5144.0,5148.0,80,3.967582873000538,4.0,5148.0,5148.000240808,0.00024080799994408153,0.5,1,1.0000000467770007,0.9918957182501345,2,_ that may have been the balance of his test,2,. But he was making G for the accused. He did the dim light for white,,5144.0599999999995,5147.74
295,2,mic_fileid_295_doa80_3spk_2.wav,4.0,4,mean_all_channels,5148.0,5152.0,80,3.955942791999405,4.0,5152.0,5152.00023581,0.00023581000004924135,0.5,1,1.0000000457705744,0.9889856979998513,2,"card. He said no, there was no way of difference",3,"dress, and I had to put the light down so she could see her first. Did not know they were there. Hello Peter.",. But he was making G for the accused. He did the dim light for white,5147.94,5152.92
295,3,mic_fileid_295_doa80_3spk_3.wav,4.0,4,mean_all_channels,5152.0,5156.0,80,3.967501054999957,4.0,5156.0,5156.000131579,0.0001315789995715022,0.5,1,1.0000000255195887,0.9918752637499892,2,. But he was making G for the accused. He did the dim light for white,1,[BLANK,"dress, and I had to put the light down so she could see her first. Did not know they were there. Hello Peter.",5153.7,5153.701
295,4,mic_fileid_295_doa80_3spk_4.wav,4.0,4,mean_all_channels,5156.0,5160.0,80,3.98027978600021,4.0,5160.0,5160.000136429,0.00013642900012200698,0.5,1,1.0000000264397286,0.9950699465000525,2,"dress, and I had to put the light down so she could see her first.",2,_ -_,[BLANK,5157.4,5159.2
295,5,mic_fileid_295_doa80_3spk_5.wav,4.0,4,mean_all_channels,5160.0,5164.0,80,3.9674431570001616,4.0,5164.0,5164.0001411349995,0.00014113499946688535,0.5,1,1.0000000273305576,0.9918607892500404,2,Did not know they were there. Hello Peter. [BLANK,3,-_-_-_-_ -_-_-_-_-_-_ -,_ -_,5159.201,5163.8009999999995
296,1,mic_fileid_296_doa65_3spk_1.wav,4.0,4,mean_all_channels,5164.0,5168.0,203,3.9703258110002935,4.0,5168.0,5168.001059331,0.0010593309998512268,0.5,1,1.0000002049789087,0.9925814527500734,2,_ -_,1,who is,,5166.5599999999995,5167.799999999999
296,2,mic_fileid_296_doa65_3spk_2.wav,4.0,4,mean_all_channels,5168.0,5172.0,203,3.9661277709992646,4.0,5172.0,5172.000157806,0.00015780600006110035,0.5,1,1.000000030511601,0.9915319427498162,2,-_-_-_-_ -_-_-_-_-_-_,2,baptized and risen. May Henry.,who is,5168.04,5171.42
296,3,mic_fileid_296_doa65_3spk_3.wav,4.0,4,mean_all_channels,5172.0,5176.0,203,3.9660128839996105,4.0,5176.0,5176.000146309,0.0001463090002289391,0.5,1,1.0000000282668084,0.9915032209999026,2,- who is,1,They had heard our shots and,baptized and risen. May Henry.,5174.24,5175.5
296,4,mic_fileid_296_doa65_3spk_4.wav,4.0,4,mean_all_channels,5176.0,5180.0,203,3.968039788999704,4.0,5180.0,5180.000129819,0.00012981899999431334,0.5,1,1.000000025061583,0.992009947249926,2,baptized and risen. May Henry.,2,came across to see what luck. What difference does it make,They had heard our shots and,5175.98,5179.74
297,1,mic_fileid_297_doa40_3spk_1.wav,4.0,4,mean_all_channels,5180.0,5184.0,40,3.9728690239999196,4.0,5184.0,5184.004544692,0.004544692000308714,0.5,1,1.0000008766766977,0.9932172559999799,1,They had heard our shots and,2,with the set pieces of Shams i. Mr. Haynes told us,,5179.741,5183.32
297,2,mic_fileid_297_doa40_3spk_2.wav,4.0,4,mean_all_channels,5184.0,5188.0,40,3.969343347999711,4.0,5188.0,5188.004685734,0.004685734000304365,0.5,1,1.0000009031869699,0.9923358369999278,2,came across to see what luck. What difference does it make,2,they had heard the noise but had thought it thunder. Mr.,with the set pieces of Shams i. Mr. Haynes told us,5183.599999999999,5187.86
297,3,mic_fileid_297_doa40_3spk_3.wav,4.0,4,mean_all_channels,5188.0,5192.0,40,3.9649512260002666,4.0,5192.0,5192.000117443999,0.00011744399944291217,0.5,1,1.0000000226201848,0.9912378065000667,2,with the set pieces of Shams i. Mr. Haynes told us,2,Heans told me that if I chocked up .,they had heard the noise but had thought it thunder. Mr.,5187.861,5191.501
297,4,mic_fileid_297_doa40_3spk_4.wav,4.0,4,mean_all_channels,5192.0,5196.0,40,3.9701367759998902,4.0,5196.0,5196.000112289,0.00011228899984416785,0.5,1,1.000000021610662,0.9925341939999726,2,they had heard the noise but had thought it thunder. Mr.,2,[ Sidebar],Heans told me that if I chocked up .,5193.74,5195.54
297,5,mic_fileid_297_doa40_3spk_5.wav,4.0,4,mean_all_channels,5196.0,5200.0,40,3.967751818000579,4.0,5200.0,5200.000265728,0.00026572800015856046,0.5,1,1.0000000511015386,0.9919379545001448,2,Heans told me that if I chocked up .,2,What have you done? Have you given you anything broke in the book?,[ Sidebar],5195.541,5199.32
298,1,mic_fileid_298_doa53_3spk_1.wav,4.0,4,mean_all_channels,5200.0,5204.0,113,3.970253370000137,4.0,5204.0,5204.000135094,0.000135094000142999,0.5,1,1.0000000259596464,0.9925633425000342,2,[ Sidebar],2,"I took a reading from them , a little short of 16 ounces from",,5200.7,5203.839999999999
298,2,mic_fileid_298_doa53_3spk_2.wav,4.0,4,mean_all_channels,5204.0,5208.0,113,3.972679180999876,4.0,5208.0,5208.000242846,0.00024284600021928782,0.5,1,1.0000000466294163,0.993169795249969,2,What have you done? Have you given you anything broke in the book?,2,"the temporal, would say, was in probably did not very kind","I took a reading from them , a little short of 16 ounces from",5204.04,5207.879999999999
298,3,mic_fileid_298_doa53_3spk_3.wav,4.0,4,mean_all_channels,5208.0,5212.0,113,3.972761375999653,4.0,5212.0,5212.000128873,0.00012887299999420065,0.5,1,1.0000000247262089,0.9931903439999132,2,"I took a reading from them , a little short of 16 ounces from",2,of the,"the temporal, would say, was in probably did not very kind",5208.139999999999,5211.681
298,4,mic_fileid_298_doa53_3spk_4.wav,4.0,4,mean_all_channels,5212.0,5216.0,113,3.9788639359994704,4.0,5216.0,5216.000099136,9.913600024447078e-05,0.5,1,1.000000019006135,0.9947159839998676,2,"the temporal, would say, was in probably did not very kind",2,rest of your body.,of the,5213.58,5215.379999999999
299,1,mic_fileid_299_doa50_3spk_1.wav,4.0,4,mean_all_channels,5216.0,5220.0,134,3.9810710940000718,4.0,5220.0,5220.000120887,0.0001208869998663431,0.5,1,1.0000000231584292,0.9952677735000179,2,of the,2,"Don't you quite mistook, Mr. Dutchfield ?",,5215.599999999999,5218.101
299,2,mic_fileid_299_doa50_3spk_2.wav,4.0,4,mean_all_channels,5220.0,5224.0,134,3.975069815999632,4.0,5224.0,5224.000175364,0.00017536399991513463,0.5,1,1.0000000335689128,0.993767453999908,2,rest of your body.,1,the young people's can be met in the country of the town.,"Don't you quite mistook, Mr. Dutchfield ?",5220.46,5223.599999999999
299,3,mic_fileid_299_doa50_3spk_3.wav,4.0,4,mean_all_channels,5224.0,5228.0,134,3.9735798100000466,4.0,5228.0,5228.00013783,0.00013783000031253323,0.5,1,1.0000000263638102,0.9933949525000116,2,"Don't you quite mistook, Mr. Dutchfield ?",2,It doesn't make sense. It was not noticeably .,the young people's can be met in the country of the town.,5223.601,5224.701
299,4,mic_fileid_299_doa50_3spk_4.wav,4.0,4,mean_all_channels,5228.0,5232.0,134,3.978215054999964,4.0,5232.0,5232.000151992,0.0001519919997008401,0.5,1,1.0000000290504587,0.994553763749991,1,the young people's can be met in the country of the town.,2,The color of the dressing grievances which during this short range that do occur during this,It doesn't make sense. It was not noticeably .,5227.219999999999,5231.78
300,1,mic_fileid_300_doa68_3spk_1.wav,4.0,4,mean_all_channels,5232.0,5236.0,219,3.9795152470005632,4.0,5236.0,5236.00010761,0.00010760999975900631,0.5,1,1.000000020551948,0.9948788117501408,2,It doesn't make sense. It was not noticeably .,2,", they were to proceed with their duty, calling every party",,5232.46,5235.599999999999
300,2,mic_fileid_300_doa68_3spk_2.wav,4.0,4,mean_all_channels,5236.0,5240.0,219,3.9809635389992764,4.0,5240.0,5240.000188339,0.0001883389995782636,0.5,1,1.0000000359425572,0.9952408847498191,2,The color of the dressing grievances which during this short range that do occur during this,2,"government, that's being subnained .",", they were to proceed with their duty, calling every party",5235.98,5238.2609999999995
300,3,mic_fileid_300_doa68_3spk_3.wav,4.0,4,mean_all_channels,5240.0,5244.0,219,3.9693809919999694,4.0,5244.0,5244.000238691,0.00023869100004958455,0.5,1,1.0000000455169717,0.9923452479999924,2,", they were to proceed with their duty, calling every party",2,>> And the kinds we try together,"government, that's being subnained .",5241.74,5243.44
300,4,mic_fileid_300_doa68_3spk_4.wav,4.0,4,mean_all_channels,5244.0,5248.0,219,3.9730498599992643,4.0,5248.0,5248.000146134,0.00014613399980589747,0.5,1,1.0000000278456556,0.9932624649998161,2,"government, that's being subnained .",2,". Next, the enemy of the Republic. Forrest Mountain as they have",>> And the kinds we try together,5244.5599999999995,5247.78
301,1,mic_fileid_301_doa9_3spk_1.wav,4.0,4,mean_all_channels,5248.0,5252.0,230,3.9786247840002034,4.0,5252.0,5252.000158346,0.0001583459998073522,0.5,1,1.0000000301496572,0.9946561960000508,2,>> And the kinds we try together,2,not just to go to Byron or D. W.,,5247.94,5249.759999999999
301,2,mic_fileid_301_doa9_3spk_2.wav,4.0,4,mean_all_channels,5252.0,5256.0,230,3.966926338999656,4.0,5256.0,5256.0000918979995,9.189799948217114e-05,0.5,1,1.0000000174843986,0.991731584749914,2,". Next, the enemy of the Republic. Forrest Mountain as they have",2,Soquick was attorney to compensate itself and the nation for a chance,not just to go to Byron or D. W.,5251.32,5255.62
301,3,mic_fileid_301_doa9_3spk_3.wav,4.0,4,mean_all_channels,5256.0,5260.0,230,3.9782540579999477,4.0,5260.0,5260.00023498,0.0002349799997318769,0.5,1,1.0000000446730037,0.9945635144999869,2,not just to go to Byron or D. W.,2,lost. So that now all our,Soquick was attorney to compensate itself and the nation for a chance,5255.94,5259.74
301,4,mic_fileid_301_doa9_3spk_4.wav,4.0,4,mean_all_channels,5260.0,5264.0,230,3.977668765999624,4.0,5264.0,5264.000120812,0.0001208120002047508,0.5,1,1.0000000229506079,0.994417191499906,2,Soquick was attorney to compensate itself and the nation for a chance,2,extensions abated and it was no more to be concealed,lost. So that now all our,5260.139999999999,5263.879999999999
302,1,mic_fileid_302_doa36_3spk_1.wav,4.0,4,mean_all_channels,5264.0,5268.0,36,3.9762916660001792,4.0,5268.0,5268.000265116,0.00026511600026424276,0.5,1,1.0000000503257405,0.9940729165000448,2,lost. So that now all our,2,to the name. They quickly appeared that the infection had spread,,5264.4,5267.86
302,2,mic_fileid_302_doa36_3spk_2.wav,4.0,4,mean_all_channels,5268.0,5272.0,36,3.9700390150001112,4.0,5272.0,5272.00024184,0.00024183999994420446,0.5,1,1.0000000458725342,0.9925097537500278,2,extensions abated and it was no more to be concealed,2,itself beyond all hopes of abatement. Debt in,to the name. They quickly appeared that the infection had spread,5268.12,5271.82
302,3,mic_fileid_302_doa36_3spk_3.wav,4.0,4,mean_all_channels,5272.0,5276.0,36,3.9755307850000463,4.0,5276.0,5276.000294318,0.0002943179997600964,0.5,1,1.0000000557843063,0.9938826962500116,2,to the name. They quickly appeared that the infection had spread,1,the parish of St. Giles.,itself beyond all hopes of abatement. Debt in,5271.94,5273.28
302,4,mic_fileid_302_doa36_3spk_4.wav,4.0,4,mean_all_channels,5276.0,5280.0,36,3.9786592250002286,4.0,5280.0,5280.0001113789995,0.00011137899946334073,0.5,1,1.0000000210945075,0.9946648062500572,2,itself beyond all hopes of abatement. Debt in,1,And there's only a way out,the parish of St. Giles.,5278.24,5279.58
302,5,mic_fileid_302_doa36_3spk_5.wav,4.0,4,mean_all_channels,5280.0,5284.0,36,3.975548780999816,4.0,5284.0,5284.000217656,0.00021765600013168296,0.5,1,1.0000000411915215,0.993887195249954,1,the parish of St. Giles.,2,"for one of us . Matt, do you understand?",And there's only a way out,5279.92,5283.78
303,1,mic_fileid_303_doa40_3spk_1.wav,4.0,4,mean_all_channels,5284.0,5288.0,40,3.9716219780002575,4.0,5288.0,5288.000232333,0.00023233299998537404,0.5,1,1.0000000439358925,0.9929054945000644,1,And there's only a way out,2,"I was put out of the way, arrested one",,5284.36,5287.839999999999
303,2,mic_fileid_303_doa40_3spk_2.wav,4.0,4,mean_all_channels,5288.0,5292.0,40,3.9757449239996276,4.0,5292.0,5292.000167992,0.00016799199966044398,0.5,1,1.00000003174452,0.9939362309999069,2,"for one of us . Matt, do you understand?",2,day. I found him alone together and informed General,"I was put out of the way, arrested one",5288.139999999999,5291.759999999999
303,3,mic_fileid_303_doa40_3spk_3.wav,4.0,4,mean_all_channels,5292.0,5296.0,40,3.975064604999716,4.0,5296.0,5296.000182507,0.00018250700031785527,0.5,1,1.0000000344612916,0.993766151249929,2,"I was put out of the way, arrested one",2,Young. And then my mind denied the way to,day. I found him alone together and informed General,5292.16,5295.86
303,4,mic_fileid_303_doa40_3spk_4.wav,4.0,4,mean_all_channels,5296.0,5300.0,40,3.9767397710002115,4.0,5300.0,5300.000274256,0.00027425600001151906,0.5,1,1.0000000517464152,0.9941849427500529,2,day. I found him alone together and informed General,2,determine where to see the water and when he returned a few minutes later with his pot,Young. And then my mind denied the way to,5296.28,5299.799999999999
304,1,mic_fileid_304_doa128_3spk_1.wav,4.0,4,mean_all_channels,5300.0,5304.0,343,3.97051836799983,4.0,5304.0,5304.000226841,0.00022684099985781359,0.5,1,1.000000042767911,0.9926295919999575,2,Young. And then my mind denied the way to,2,"filled to the brim, she let the way without word, and he followed",,5300.179999999999,5303.0
304,2,mic_fileid_304_doa128_3spk_2.wav,4.0,4,mean_all_channels,5304.0,5308.0,343,3.9770141200006037,4.0,5308.0,5308.000254791,0.00025479099986114306,0.5,1,1.0000000480013187,0.9942535300001509,2,determine where to see the water and when he returned a few minutes later with his pot,2,". In a short while, they came to a hut in the forest.","filled to the brim, she let the way without word, and he followed",5304.04,5307.16
304,3,mic_fileid_304_doa128_3spk_3.wav,4.0,4,mean_all_channels,5308.0,5312.0,343,3.9715522550004607,4.0,5312.0,5312.000242145,0.00024214499990193872,0.5,1,1.0000000455845255,0.9928880637501152,2,"filled to the brim, she let the way without word, and he followed",1,The application and dispersion,". In a short while, they came to a hut in the forest.",5310.219999999999,5311.679999999999
304,4,mic_fileid_304_doa128_3spk_4.wav,4.0,4,mean_all_channels,5312.0,5316.0,343,3.9802009760005603,4.0,5316.0,5316.000330117,0.0003301169999758713,0.5,1,1.0000000620987584,0.9950502440001401,2,". In a short while, they came to a hut in the forest.",2,of the political parties and the form of the political appropriations of the,The application and dispersion,5311.82,5315.78
305,1,mic_fileid_305_doa32_3spk_1.wav,4.0,4,mean_all_channels,5316.0,5320.0,276,3.9735764369997923,4.0,5320.0,5320.000144357,0.00014435699995374307,0.5,1,1.0000000271347744,0.9933941092499481,1,The application and dispersion,2,legislature. The arrangement of the army may be the,,5316.0,5319.379999999999
305,2,mic_fileid_305_doa32_3spk_2.wav,4.0,4,mean_all_channels,5320.0,5324.0,276,3.9796765909995884,4.0,5324.0,5324.000247198,0.0002471979996698792,0.5,1,1.000000046430879,0.9949191477498971,2,of the political parties and the form of the political appropriations of the,2,direction of the operations and war. [BLANK_AUDIO],legislature. The arrangement of the army may be the,5319.719999999999,5322.799999999999
305,3,mic_fileid_305_doa32_3spk_3.wav,4.0,4,mean_all_channels,5324.0,5328.0,276,3.9737330499992822,4.0,5328.0,5328.000133942,0.00013394199959293474,0.5,1,1.0000000251392642,0.9934332624998206,2,legislature. The arrangement of the army may be the,1,Activ,direction of the operations and war. [BLANK_AUDIO],5326.339999999999,5326.340999999999
305,4,mic_fileid_305_doa32_3spk_4.wav,4.0,4,mean_all_channels,5328.0,5332.0,276,3.973642128999927,4.0,5332.0,5332.000387324,0.00038732400025764946,0.5,1,1.0000000726414104,0.9934105322499818,2,direction of the operations and war. [BLANK_AUDIO],2,"ate the camera in the kitchen. Again, I asked where she was.",Activ,5328.0,5330.82
306,1,mic_fileid_306_doa57_3spk_1.wav,4.0,4,mean_all_channels,5332.0,5336.0,57,3.9782748640000136,4.0,5336.0,5336.000242905,0.00024290500005008653,0.5,1,1.0000000455219265,0.9945687160000034,1,Activ,1,I'm going to ask for what,,5332.44,5335.78
306,2,mic_fileid_306_doa57_3spk_2.wav,4.0,4,mean_all_channels,5336.0,5340.0,57,3.9738160850001805,4.0,5340.0,5340.000320968,0.00032096799986902624,0.5,1,1.000000060106367,0.9934540212500451,2,"ate the camera in the kitchen. Again, I asked where she was.",2,for the river and I've sat down and there 's James Sunday I fell asleep,I'm going to ask for what,5336.139999999999,5339.339999999999
306,3,mic_fileid_306_doa57_3spk_3.wav,4.0,4,mean_all_channels,5340.0,5344.0,57,3.9732976519999283,4.0,5344.0,5344.000168291,0.00016829099968163064,0.5,1,1.0000000314915793,0.9933244129999821,1,I'm going to ask for what,2,". When I woke and got home again just now , back.",for the river and I've sat down and there 's James Sunday I fell asleep,5340.12,5342.48
306,4,mic_fileid_306_doa57_3spk_4.wav,4.0,4,mean_all_channels,5344.0,5348.0,57,3.9767529729997477,4.0,5348.0,5348.000125879,0.00012587899982463568,0.5,1,1.000000023537584,0.9941882432499369,2,for the river and I've sat down and there 's James Sunday I fell asleep,1,which at the front of the meeting was recognized,". When I woke and got home again just now , back.",5346.219999999999,5347.599999999999
306,5,mic_fileid_306_doa57_3spk_5.wav,4.0,4,mean_all_channels,5348.0,5352.0,57,3.9782022170002165,4.0,5352.0,5352.000131081,0.00013108100029057823,0.5,1,1.0000000244919656,0.9945505542500541,2,". When I woke and got home again just now , back.",2,as one of them. The hand was thrown down,which at the front of the meeting was recognized,5348.32,5351.139999999999
307,1,mic_fileid_307_doa86_3spk_1.wav,4.0,4,mean_all_channels,5352.0,5356.0,86,3.9768657940003322,4.0,5356.0,5356.000120226,0.00012022600003547268,0.5,1,1.0000000224469754,0.9942164485000831,1,which at the front of the meeting was recognized,2,and the iron wheel chew replaced on the foot of the rat shut to the neck along,,5351.54,5355.759999999999
307,2,mic_fileid_307_doa86_3spk_2.wav,4.0,4,mean_all_channels,5356.0,5360.0,86,3.9738840390000405,4.0,5360.0,5360.000292207,0.00029220699980214704,0.5,1,1.0000000545162313,0.9934710097500101,2,as one of them. The hand was thrown down,2,with him very much after seeing his career. Some voices were going to say that the gentleman,and the iron wheel chew replaced on the foot of the rat shut to the neck along,5356.28,5359.58
307,3,mic_fileid_307_doa86_3spk_3.wav,4.0,4,mean_all_channels,5360.0,5364.0,86,3.971509844999673,4.0,5364.0,5364.00021886,0.00021886000013182638,0.5,1,1.0000000408016405,0.9928774612499183,2,and the iron wheel chew replaced on the foot of the rat shut to the neck along,2,was right or circulation ceased .,with him very much after seeing his career. Some voices were going to say that the gentleman,5359.96,5362.141
307,4,mic_fileid_307_doa86_3spk_4.wav,4.0,4,mean_all_channels,5364.0,5368.0,86,3.967187002999708,4.0,5368.0,5368.000075954,7.595399983983953e-05,0.5,1,1.0000000141494039,0.991796750749927,2,with him very much after seeing his career. Some voices were going to say that the gentleman,1,And you stay young.,was right or circulation ceased .,5366.179999999999,5367.48
307,5,mic_fileid_307_doa86_3spk_5.wav,4.0,4,mean_all_channels,5368.0,5372.0,86,3.9705934789999446,4.0,5372.0,5372.000180586,0.00018058600016956916,0.5,1,1.0000000336161579,0.9926483697499862,2,was right or circulation ceased .,2,You this grown into which keep growing and ideal,And you stay young.,5367.719999999999,5371.28
308,1,mic_fileid_308_doa107_3spk_1.wav,4.0,4,mean_all_channels,5372.0,5376.0,107,3.972672074000002,4.0,5376.0,5376.000086515,8.651499956613407e-05,0.5,1,1.00000001609282,0.9931680185000005,1,And you stay young.,2,. A new idea will make you feel the first again development,,5371.9,5375.379999999999
308,2,mic_fileid_308_doa107_3spk_2.wav,4.0,4,mean_all_channels,5376.0,5380.0,107,3.9759808819999307,4.0,5380.0,5380.000434276,0.0004342760003055446,0.5,1,1.000000080720446,0.9939952204999827,2,You this grown into which keep growing and ideal,2,and it will develop you to another taking soon.,. A new idea will make you feel the first again development,5376.28,5379.799999999999
308,3,mic_fileid_308_doa107_3spk_3.wav,4.0,4,mean_all_channels,5380.0,5384.0,107,3.9710368120004205,4.0,5384.0,5384.000160787999,0.00016078799944807542,0.5,1,1.0000000298640415,0.9927592030001051,2,. A new idea will make you feel the first again development,1,ideas.,and it will develop you to another taking soon.,5380.42,5381.08
308,4,mic_fileid_308_doa107_3spk_4.wav,4.0,4,mean_all_channels,5384.0,5388.0,107,3.96795055199982,4.0,5388.0,5388.000204653,0.0002046529998551705,0.5,1,1.0000000379831107,0.991987637999955,2,and it will develop you to another taking soon.,1,That is so show on the,ideas.,5386.32,5387.679999999999
308,5,mic_fileid_308_doa107_3spk_5.wav,4.0,4,mean_all_channels,5388.0,5392.0,107,3.966595546999997,4.0,5392.0,5392.000154781,0.00015478099976462545,0.5,1,1.000000028705675,0.9916488867499993,1,ideas.,2,rain fell in the knees and the rest was not long before they could,That is so show on the,5387.98,5391.7
309,1,mic_fileid_309_doa45_3spk_1.wav,4.0,4,mean_all_channels,5392.0,5396.0,45,3.96904916099993,4.0,5396.0,5396.00015486,0.00015486000029341085,0.5,1,1.0000000286990365,0.9922622902499825,1,That is so show on the,2,"talk. Oh, how pretty they are. Is that the great",,5391.94,5395.759999999999
309,2,mic_fileid_309_doa45_3spk_2.wav,4.0,4,mean_all_channels,5396.0,5400.0,45,3.973098291000497,4.0,5400.0,5400.000127364,0.00012736400003632298,0.5,1,1.0000000235859259,0.9932745727501242,2,rain fell in the knees and the rest was not long before they could,2,"old, stooped, crooked bow els stooped so that they could","talk. Oh, how pretty they are. Is that the great",5395.94,5399.879999999999
309,3,mic_fileid_309_doa45_3spk_3.wav,4.0,4,mean_all_channels,5400.0,5404.0,45,3.977631728999768,4.0,5404.0,5404.000405127,0.00040512699979444733,0.5,1,1.0000000749679867,0.994407932249942,2,"talk. Oh, how pretty they are. Is that the great",2,get a good view of them. [BLANK,"old, stooped, crooked bow els stooped so that they could",5400.0599999999995,5403.201
309,4,mic_fileid_309_doa45_3spk_4.wav,4.0,4,mean_all_channels,5404.0,5408.0,45,3.9706786039996587,4.0,5408.0,5408.000140172,0.00014017200010130182,0.5,1,1.0000000259193786,0.9926696509999147,2,"old, stooped, crooked bow els stooped so that they could",1,Now it's time to,get a good view of them. [BLANK,5406.339999999999,5407.4
309,5,mic_fileid_309_doa45_3spk_5.wav,4.0,4,mean_all_channels,5408.0,5412.0,45,3.9787928079995254,4.0,5412.0,5412.000248052,0.00024805199973343406,0.5,1,1.0000000458337028,0.9946982019998813,2,get a good view of them. [BLANK,2,[Sounds of the song],Now it's time to,5408.799999999999,5412.259999999999
310,1,mic_fileid_310_doa57_3spk_1.wav,4.0,4,mean_all_channels,5412.0,5416.0,57,3.973447565999777,4.0,5416.0,5416.00013916,0.00013915999988967087,0.5,1,1.0000000256942392,0.9933618914999442,1,Now it's time to,1,these words.,,5414.78,5416.379999999999
310,2,mic_fileid_310_doa57_3spk_2.wav,4.0,4,mean_all_channels,5416.0,5420.0,57,3.975259099000141,4.0,5420.0,5420.0003056979995,0.0003056979994653375,0.5,1,1.000000056401845,0.9938147747500352,1,[Sounds of,0,,these words.,,
310,3,mic_fileid_310_doa57_3spk_3.wav,4.0,4,mean_all_channels,5420.0,5424.0,57,3.976839426999504,4.0,5424.0,5424.000187259,0.0001872590000857599,0.5,1,1.000000034524152,0.994209856749876,1,the song],2,be fruitful and well-compl ied.,,5418.54,5422.5199999999995
310,4,mic_fileid_310_doa57_3spk_4.wav,4.0,4,mean_all_channels,5424.0,5428.0,57,3.9634941459999027,4.0,5428.0,5428.000111011,0.00011101099971710937,0.5,1,1.0000000204515476,0.9908735364999757,1,these words.,3,>> [INAUDIBLE ],be fruitful and well-compl ied.,5425.7,5427.782
310,5,mic_fileid_310_doa57_3spk_5.wav,4.0,4,mean_all_channels,5428.0,5432.0,57,3.970867867999914,4.0,5432.0,5432.000143862,0.00014386200018634554,0.5,1,1.000000026484168,0.9927169669999785,2,be fruitful and well-compl ied.,1,[Cost of Words],>> [INAUDIBLE ],5430.82,5431.48
311,1,mic_fileid_311_doa16_3spk_1.wav,4.0,4,mean_all_channels,5432.0,5436.0,102,3.967726427999878,4.0,5436.0,5436.000139158,0.00013915799991082167,0.5,1,1.0000000255993378,0.9919316069999695,2,>> [INAUDIBLE,2,[C rosstalk],,5432.24,5434.66
311,2,mic_fileid_311_doa16_3spk_2.wav,4.0,4,mean_all_channels,5436.0,5440.0,102,3.968837921999693,4.0,5440.0,5440.0001438,0.00014379999993252568,0.5,1,1.0000000264338236,0.9922094804999233,2,] [Cost of Words],2,[inaudible] [inaudible],[C rosstalk],5437.259999999999,5438.12
311,3,mic_fileid_311_doa16_3spk_3.wav,4.0,4,mean_all_channels,5440.0,5444.0,102,3.970690755999385,4.0,5444.0,5444.000180938,0.00018093800008500693,0.5,1,1.0000000332362233,0.9926726889998463,2,[C rosstalk],1,[INAUDIBLE,[inaudible] [inaudible],5442.5199999999995,5442.521
311,4,mic_fileid_311_doa16_3spk_4.wav,4.0,4,mean_all_channels,5444.0,5448.0,102,3.97399987999961,4.0,5448.0,5448.0002094619995,0.00020946199947502464,0.5,1,1.0000000384475036,0.9934999699999025,2,[inaudible] [inaudible],1,"and for consideration only, if the first rate high hypotheses fail,",[INAUDIBLE,5444.82,5447.799999999999
312,1,mic_fileid_312_doa88_3spk_1.wav,4.0,4,mean_all_channels,5448.0,5452.0,181,3.9685579119995964,4.0,5452.0,5452.000171902,0.00017190200014738366,0.5,1,1.0000000315300808,0.9921394779998991,1,[INAUDIBLE,2,we have left Ruben Walter and John .,,5448.179999999999,5450.3009999999995
312,2,mic_fileid_312_doa88_3spk_2.wav,4.0,4,mean_all_channels,5452.0,5456.0,181,3.9697374629995466,4.0,5456.0,5456.000164409,0.00016440899980807444,0.5,1,1.0000000301336143,0.9924343657498866,1,"and for consideration only, if the first rate high hypotheses fail,",2,Sleep as golden as source of its beauty.,we have left Ruben Walter and John .,5451.98,5455.36
312,3,mic_fileid_312_doa88_3spk_3.wav,4.0,4,mean_all_channels,5456.0,5460.0,181,3.9736035689993514,4.0,5460.0,5460.000119151,0.00011915100003534462,0.5,1,1.0000000218225276,0.9934008922498379,2,we have left Ruben Walter and John .,1,"Here, feel uneasy.",Sleep as golden as source of its beauty.,5458.54,5459.679999999999
312,4,mic_fileid_312_doa88_3spk_4.wav,4.0,4,mean_all_channels,5460.0,5464.0,181,3.9727360420001787,4.0,5464.0,5464.000194446,0.00019444600002316292,0.5,1,1.0000000355867495,0.9931840105000447,2,Sleep as golden as source of its beauty.,2,"For the compos itors of the reverse track, I'm making","Here, feel uneasy.",5460.379999999999,5463.78
313,1,mic_fileid_313_doa50_3spk_1.wav,4.0,4,mean_all_channels,5464.0,5468.0,113,3.977898804000688,4.0,5468.0,5468.0001591499995,0.00015914999949018238,0.5,1,1.0000000291057058,0.994474701000172,1,"Here, feel uneasy.",2,"me say all kinds of absurd things , fully unmoored and not fun",,5463.92,5467.58
313,2,mic_fileid_313_doa50_3spk_2.wav,4.0,4,mean_all_channels,5468.0,5472.0,113,3.9799484259992823,4.0,5472.0,5472.000132717,0.00013271700026962208,0.5,1,1.0000000242538378,0.9949871064998206,2,"For the compos itors of the reverse track, I'm making",2,. And I feel that this is really a sad page. It was peered,"me say all kinds of absurd things , fully unmoored and not fun",5468.74,5471.719999999999
313,3,mic_fileid_313_doa50_3spk_3.wav,4.0,4,mean_all_channels,5472.0,5476.0,113,3.9717367619996367,4.0,5476.0,5476.0001858529995,0.0001858529994933633,0.5,1,1.0000000339395543,0.9929341904999092,2,"me say all kinds of absurd things , fully unmoored and not fun",2,and prayed as the wind of sand patch.,. And I feel that this is really a sad page. It was peered,5471.879999999999,5474.219999999999
313,4,mic_fileid_313_doa50_3spk_4.wav,4.0,4,mean_all_channels,5476.0,5480.0,113,3.967719064999983,4.0,5480.0,5480.000147427,0.0001474270002290723,0.5,1,1.0000000269027374,0.9919297662499957,2,. And I feel that this is really a sad page. It was peered,1,I've no more virtues,and prayed as the wind of sand patch.,5478.28,5479.78
313,5,mic_fileid_313_doa50_3spk_5.wav,4.0,4,mean_all_channels,5480.0,5484.0,113,3.9673399440007415,4.0,5484.0,5484.000175845,0.00017584499983058777,0.5,1,1.0000000320650984,0.9918349860001854,2,and prayed as the wind of sand patch.,1,.,I've no more virtues,5480.179999999999,5480.181
314,1,mic_fileid_314_doa25_3spk_1.wav,4.0,4,mean_all_channels,5484.0,5488.0,25,3.9734299159999864,4.0,5488.0,5488.000245992,0.0002459919996908866,0.5,1,1.000000044823615,0.9933574789999966,1,I've no more virtues,2,off heat so all through youth and adolescence we give off calories of the ratio. That's what's called,,5482.46,5487.639999999999
314,2,mic_fileid_314_doa25_3spk_2.wav,4.0,4,mean_all_channels,5488.0,5492.0,25,3.9712460369992186,4.0,5492.0,5492.000143768,0.0001437680002709385,0.5,1,1.000000026177713,0.9928115092498047,1,.,2,ingeniousness. Question. An interesting idea,off heat so all through youth and adolescence we give off calories of the ratio. That's what's called,5487.839999999999,5491.759999999999
314,3,mic_fileid_314_doa25_3spk_3.wav,4.0,4,mean_all_channels,5492.0,5496.0,25,3.970035403000111,4.0,5496.0,5496.000104439,0.00010443900009704521,0.5,1,1.0000000190027292,0.9925088507500277,2,off heat so all through youth and adolescence we give off calories of the ratio. That's what's called,2,. The late August are of Southland interest,ingeniousness. Question. An interesting idea,5493.5199999999995,5495.86
314,4,mic_fileid_314_doa25_3spk_4.wav,4.0,4,mean_all_channels,5496.0,5500.0,25,3.9708951909997268,4.0,5500.0,5500.000124358,0.00012435799999366282,0.5,1,1.0000000226105454,0.9927237977499317,2,ingeniousness. Question. An interesting idea,2,of his own class. He was consequently so proud of another student,. The late August are of Southland interest,5496.219999999999,5499.54
315,1,mic_fileid_315_doa207_3spk_1.wav,4.0,4,mean_all_channels,5500.0,5504.0,207,3.973046145999433,4.0,5504.0,5504.000099047,9.904699982143939e-05,0.5,1,1.0000000179954578,0.9932615364998583,2,. The late August are of Southland interest,2,the whole summer. I was busy,,5500.219999999999,5502.32
315,2,mic_fileid_315_doa207_3spk_2.wav,4.0,4,mean_all_channels,5504.0,5508.0,207,3.97102760100006,4.0,5508.0,5508.000116327,0.00011632699988695094,0.5,1,1.000000021119644,0.992756900250015,2,of his own class. He was consequently so proud of another student,2,with the work on this one. And Audubon gave himself up to hunting with the,the whole summer. I was busy,5504.0599999999995,5507.78
315,3,mic_fileid_315_doa207_3spk_3.wav,4.0,4,mean_all_channels,5508.0,5512.0,207,3.9779386520003754,4.0,5512.0,5512.000124476,0.00012447599965526024,0.5,1,1.0000000225827286,0.9944846630000939,2,the whole summer. I was busy,1,same business-like seriousness.,with the work on this one. And Audubon gave himself up to hunting with the,5507.94,5509.759999999999
315,4,mic_fileid_315_doa207_3spk_4.wav,4.0,4,mean_all_channels,5512.0,5516.0,207,3.9782076620003863,4.0,5516.0,5516.0001161949995,0.00011619499946391443,0.5,1,1.0000000210650832,0.9945519155000966,2,with the work on this one. And Audubon gave himself up to hunting with the,1,"Let's talk to him there, Shaq",same business-like seriousness.,5514.379999999999,5515.839999999999
315,5,mic_fileid_315_doa207_3spk_5.wav,4.0,4,mean_all_channels,5516.0,5520.0,207,3.9770667419998063,4.0,5520.0,5520.000086806,8.680599967192393e-05,0.5,1,1.0000000157257245,0.9942666854999516,1,same business-like seriousness.,2,. She said,"Let's talk to him there, Shaq",5516.0599999999995,5519.799999999999
316,1,mic_fileid_316_doa105_3spk_1.wav,4.0,4,mean_all_channels,5520.0,5524.0,105,3.9808251149997886,4.0,5524.0,5524.000206365,0.0002063649999399786,0.5,1,1.0000000373578928,0.9952062787499472,1,"Let's talk to him there, Shaq",3,that is a very pleasant Holy Spirit. Holy,,5520.259999999999,5523.461
316,2,mic_fileid_316_doa105_3spk_2.wav,4.0,4,mean_all_channels,5524.0,5528.0,105,3.975356672000089,4.0,5528.0,5528.000277324,0.0002773240003079991,0.5,1,1.000000050167149,0.9938391680000223,2,. She said,1,shit.,that is a very pleasant Holy Spirit. Holy,5525.62,5526.0599999999995
316,3,mic_fileid_316_doa105_3spk_3.wav,4.0,4,mean_all_channels,5528.0,5532.0,105,3.9715871159996823,4.0,5532.0,5532.000115076,0.000115075999929104,0.5,1,1.00000002080188,0.9928967789999206,2,that is a very pleasant Holy Spirit.,1,It was cute.,shit.,5530.259999999999,5531.299999999999
316,4,mic_fileid_316_doa105_3spk_4.wav,4.0,4,mean_all_channels,5532.0,5536.0,105,3.973775819000366,4.0,5536.0,5536.000133208,0.0001332080000793212,0.5,1,1.0000000240621387,0.9934439547500915,2,Holy shit.,2,I really like the heart howl. Whoa. It's a game of the,It was cute.,5531.62,5535.62
317,1,mic_fileid_317_doa4_3spk_1.wav,4.0,4,mean_all_channels,5536.0,5540.0,180,3.9801599749998786,4.0,5540.0,5540.000108843,0.00010884299990721047,0.5,1,1.000000019646751,0.9950399937499697,1,It was cute.,2,heart. In the skewing of things.,,5535.759999999999,5539.5199999999995
317,2,mic_fileid_317_doa4_3spk_2.wav,4.0,4,mean_all_channels,5540.0,5544.0,180,3.9770582099999956,4.0,5544.0,5544.000164886,0.00016488599976582918,0.5,1,1.000000029741342,0.9942645524999989,2,I really like the heart howl. Whoa. It's a game of the,2,In the tone of one of the more like this,heart. In the skewing of things.,5540.42,5542.5599999999995
317,3,mic_fileid_317_doa4_3spk_3.wav,4.0,4,mean_all_channels,5544.0,5548.0,180,3.977898649999588,4.0,5548.0,5548.000091414,9.141400005319156e-05,0.5,1,1.0000000164769287,0.994474662499897,2,heart. In the skewing of things.,2,in the tone of an eye. [BLANK,In the tone of one of the more like this,5543.46,5547.081
317,4,mic_fileid_317_doa4_3spk_4.wav,4.0,4,mean_all_channels,5548.0,5552.0,180,3.968970215999434,4.0,5552.0,5552.000070643,7.06430000718683e-05,0.5,1,1.0000000127238833,0.9922425539998585,2,In the tone of one of the more like this,2,_ b_m_ and read like that,in the tone of an eye. [BLANK,5548.5599999999995,5551.82
317,5,mic_fileid_317_doa4_3spk_5.wav,4.0,4,mean_all_channels,5552.0,5556.0,180,3.9735881830001745,4.0,5556.0,5556.000141791,0.00014179099980538012,0.5,1,1.0000000255203383,0.9933970457500436,2,in the tone of an eye. [BLANK,3,i have and see if it's a past my life and the words .,_ b_m_ and read like that,5552.0199999999995,5555.681
318,1,mic_fileid_318_doa38_3spk_1.wav,4.0,4,mean_all_channels,5556.0,5560.0,38,3.976943306999601,4.0,5560.0,5560.0001713149995,0.0001713149995339336,0.5,1,1.0000000308120502,0.9942358267499003,2,_ b_m_ and read like that,1,Edward was most kindly received by Mr,,5557.259999999999,5559.639999999999
318,2,mic_fileid_318_doa38_3spk_2.wav,4.0,4,mean_all_channels,5560.0,5564.0,38,3.9723734909994164,4.0,5564.0,5564.0002770579995,0.00027705799948307686,0.5,1,1.0000000497947519,0.9930933727498541,2,i have and see if it's a past my life and the words,3,. Hevers. He's not the one who did it.,Edward was most kindly received by Mr,5559.86,5563.139999999999
318,3,mic_fileid_318_doa38_3spk_3.wav,4.0,4,mean_all_channels,5564.0,5568.0,38,3.971114766000028,4.0,5568.0,5568.000212968,0.00021296799968695268,0.5,1,1.0000000382485632,0.992778691500007,2,. Edward was most kindly received by Mr,1,The news proved my wildfire,. Hevers. He's not the one who did it.,5565.179999999999,5567.66
318,4,mic_fileid_318_doa38_3spk_4.wav,4.0,4,mean_all_channels,5568.0,5572.0,38,3.970067594000284,4.0,5572.0,5572.000230506,0.00023050599975249497,0.5,1,1.0000000413686287,0.992516898500071,2,. Hevers. He's,2,. Gilbert Blyth pouring over a textbook at home. I heard it from his father,The news proved my wildfire,5568.0199999999995,5571.879999999999
319,1,mic_fileid_319_doa41_3spk_1.wav,4.0,4,mean_all_channels,5572.0,5576.0,198,3.9723639470003036,4.0,5576.0,5576.0002085119995,0.00020851199951721355,0.5,1,1.000000037394548,0.9930909867500759,2,not the one who did it. The news proved my wildfire,2,"'s hired boy at Sunset in rush breathlessly to Green Gables, joined",,5572.0599999999995,5575.86
319,2,mic_fileid_319_doa41_3spk_2.wav,4.0,4,mean_all_channels,5576.0,5580.0,198,3.9778176130002976,4.0,5580.0,5580.000251884,0.0002518840001357603,0.5,1,1.0000000451405018,0.9944544032500744,2,. Gilbert Blyth pouring over a textbook at home. I heard it from his father,3,up on way to widespread riot. I might be able to do that.,"'s hired boy at Sunset in rush breathlessly to Green Gables, joined",5576.08,5580.74
319,3,mic_fileid_319_doa41_3spk_3.wav,4.0,4,mean_all_channels,5580.0,5584.0,198,3.9813359809995745,4.0,5584.0,5584.000118766,0.00011876600001414772,0.5,1,1.0000000212689828,0.9953339952498936,2,"'s hired boy at Sunset in rush breathlessly to Green Gables, joined",1,Each time the flight touches,up on way to widespread riot. I might be able to do that.,5582.5599999999995,5583.54
319,4,mic_fileid_319_doa41_3spk_4.wav,4.0,4,mean_all_channels,5584.0,5588.0,198,3.979385585000273,4.0,5588.0,5588.000115187,0.00011518700011947658,0.5,1,1.0000000206132784,0.9948463962500682,2,up on way to widespread riot. I might be,2,"your face, it gave them a burning sensation , and yet to a surprise it",Each time the flight touches,5583.92,5587.679999999999
320,1,mic_fileid_320_doa73_3spk_1.wav,4.0,4,mean_all_channels,5588.0,5592.0,73,3.9729219930004547,4.0,5592.0,5592.000211656999,0.00021165699945413508,0.5,1,1.000000037849964,0.9932304982501137,2,able to do that. Each time the flight touches,2,"did not destroy an instructor, not against the very region of",,5587.94,5591.719999999999
320,2,mic_fileid_320_doa73_3spk_2.wav,4.0,4,mean_all_channels,5592.0,5596.0,73,3.9714152550004655,4.0,5596.0,5596.000257509,0.0002575090002210345,0.5,1,1.000000046016619,0.9928538137501164,2,"your face, it gave them a burning sensation , and yet to a surprise it",2,the space where all Israel is a property .,"did not destroy an instructor, not against the very region of",5591.839999999999,5594.321
320,3,mic_fileid_320_doa73_3spk_3.wav,4.0,4,mean_all_channels,5596.0,5600.0,73,3.96617865799999,4.0,5600.0,5600.0001271109995,0.0001271109995286679,0.5,1,1.0000000226983927,0.9915446644999975,2,"did not destroy an instructor, not against the very region of",2,You 're so much better.,the space where all Israel is a property .,5597.5,5599.62
320,4,mic_fileid_320_doa73_3spk_4.wav,4.0,4,mean_all_channels,5600.0,5604.0,73,3.9737638950000473,4.0,5604.0,5604.000130106,0.0001301060001424048,0.5,1,1.000000023216631,0.9934409737500118,2,the space where all Israel is a property .,3,Thanks for a long time. I had to see you for it took me a long time to get here .,You 're so much better.,5599.7,5603.842
321,1,mic_fileid_321_doa43_3spk_1.wav,4.0,4,mean_all_channels,5604.0,5608.0,301,3.981239921999986,4.0,5608.0,5608.0002426969995,0.00024269699952128576,0.5,1,1.0000000432769258,0.9953099804999965,2,You 're so much better.,1,>> [INAUDIBLE],,5606.139999999999,5607.719999999999
321,2,mic_fileid_321_doa43_3spk_2.wav,4.0,4,mean_all_channels,5608.0,5612.0,301,3.971530279000035,4.0,5612.0,5612.0002568459995,0.0002568459995018202,0.5,1,1.0000000457672844,0.9928825697500088,2,Thanks for a long time. I had to see you for it took me a long time to get here,2,">> Okay, so I'm gonna get my arm and let 's go.",>> [INAUDIBLE],5608.0599999999995,5610.339999999999
321,3,mic_fileid_321_doa43_3spk_3.wav,4.0,4,mean_all_channels,5612.0,5616.0,301,3.9685829390000436,4.0,5616.0,5616.000133829,0.00013382900033320766,0.5,1,1.0000000238299502,0.9921457347500109,2,. >> [INAUDIBLE],2,I 'm going to start with the rock.,">> Okay, so I'm gonna get my arm and let 's go.",5613.0,5615.719999999999
321,4,mic_fileid_321_doa43_3spk_4.wav,4.0,4,mean_all_channels,5616.0,5620.0,301,3.9779244360006487,4.0,5620.0,5620.000545557,0.0005455569998957799,0.5,1,1.0000000970741993,0.9944811090001622,2,">> Okay, so I'm gonna get my arm and let 's go.",3,"I'm going to start with the rock. I'm going to start with the old book, and now the old book is very",I 'm going to start with the rock.,5616.259999999999,5620.86
322,1,mic_fileid_322_doa9_3spk_1.wav,4.0,4,mean_all_channels,5620.0,5624.0,9,3.975208025000029,4.0,5624.0,5624.000070794,7.079399983922485e-05,0.5,1,1.0000000125878379,0.9938020062500073,2,I 'm going to start with the rock.,2,well .,,5622.08,5623.861
322,2,mic_fileid_322_doa9_3spk_2.wav,4.0,4,mean_all_channels,5624.0,5628.0,9,3.9715081090007516,4.0,5628.0,5628.000118297,0.00011829699997178977,0.5,1,1.0000000210193674,0.9928770272501879,2,I'm going to start with the rock. I'm going to start with,1,Always made me feel some radical change in my life where I,well .,5625.339999999999,5627.839999999999
322,3,mic_fileid_322_doa9_3spk_3.wav,4.0,4,mean_all_channels,5628.0,5632.0,9,3.979474941999797,4.0,5632.0,5632.000073333,7.333299981837627e-05,0.5,1,1.000000013020774,0.9948687354999493,2,"the old book, and now the old book is very well",2,'m not. I'm not. I'm not. I'm not. I'm not. I'm not. I'm not. I'm not. I'm not. I'm not. I'm not. I'm not. I'm not,Always made me feel some radical change in my life where I,5627.94,5631.5599999999995
322,4,mic_fileid_322_doa9_3spk_4.wav,4.0,4,mean_all_channels,5632.0,5636.0,9,3.9812141409993274,4.0,5636.0,5636.0002699199995,0.00026991999948222656,0.5,1,1.000000047892122,0.9953035352498318,2,. Always made me feel some radical change in my life where I,1,.,'m not. I'm not. I'm not. I'm not. I'm not. I'm not. I'm not. I'm not. I'm not. I'm not. I'm not. I'm not. I'm not,5632.099999999999,5632.101
323,1,mic_fileid_323_doa100_3spk_1.wav,4.0,4,mean_all_channels,5636.0,5640.0,189,3.9727464590005184,4.0,5640.0,5640.00023534,0.00023533999956271145,0.5,1,1.0000000417269503,0.9931866147501296,2,'m not. I'm not. I'm not. I'm not. I'm not. I'm not. I'm not. I'm not. I'm not. I'm not. I'm not. I'm not. I'm not,2,The missions for sometimes the five nations of war are far more disillusioned complex,,5634.46,5639.379999999999
323,2,mic_fileid_323_doa100_3spk_2.wav,4.0,4,mean_all_channels,5640.0,5644.0,189,3.9795150069994634,4.0,5644.0,5644.000340769,0.0003407690001040464,0.5,1,1.0000000603772148,0.9948787517498658,1,.,3,than any question that affects merely individual. And he never visits.,The missions for sometimes the five nations of war are far more disillusioned complex,5640.12,5643.94
323,3,mic_fileid_323_doa100_3spk_3.wav,4.0,4,mean_all_channels,5644.0,5648.0,189,3.965694904999509,4.0,5648.0,5648.000123154,0.0001231539999935194,0.5,1,1.0000000218048868,0.9914237262498773,2,The missions for sometimes the five nations of war are far more disillusioned complex,1,He,than any question that affects merely individual. And he never visits.,5647.839999999999,5647.840999999999
323,4,mic_fileid_323_doa100_3spk_4.wav,4.0,4,mean_all_channels,5648.0,5652.0,189,3.9752620350000143,4.0,5652.0,5652.000317327,0.00031732699972053524,0.5,1,1.0000000561441966,0.9938155087500036,2,than any question that affects merely individual.,2,"took quite a lot of this, which is really long and a lot of the left hand is sealed.",He,5647.842,5650.799999999999
324,1,mic_fileid_324_doa14_3spk_1.wav,4.0,4,mean_all_channels,5652.0,5656.0,14,3.9744541720001507,4.0,5656.0,5656.000106847,0.00010684700009733206,0.5,1,1.0000000188909124,0.9936135430000377,2,And he never visits. He,2,You can trace this. It's not doing that.,,5651.86,5654.48
324,2,mic_fileid_324_doa14_3spk_2.wav,4.0,4,mean_all_channels,5656.0,5660.0,14,3.9790736519998973,4.0,5660.0,5660.000313847,0.0003138470001431415,0.5,1,1.00000005545,0.9947684129999743,2,"took quite a lot of this, which is really long and a lot of the left hand is sealed.",2,It 's a great scene to engulf her,You can trace this. It's not doing that.,5656.12,5659.66
324,3,mic_fileid_324_doa14_3spk_3.wav,4.0,4,mean_all_channels,5660.0,5664.0,14,3.967686099000275,4.0,5664.0,5664.000110675,0.00011067499963246519,0.5,1,1.0000000195400776,0.9919215247500688,2,You can trace this. It's not doing that.,1,[Spanish,It 's a great scene to engulf her,5662.2,5662.66
324,4,mic_fileid_324_doa14_3spk_4.wav,4.0,4,mean_all_channels,5664.0,5668.0,14,3.975368881000577,4.0,5668.0,5668.000178505,0.00017850499989435775,0.5,1,1.000000031493472,0.9938422202501442,2,It 's a great scene to engulf her,2,] [inaudible,[Spanish,5664.759999999999,5669.179999999999
325,1,mic_fileid_325_doa27_3spk_1.wav,4.0,4,mean_all_channels,5668.0,5672.0,340,3.9752467369999067,4.0,5672.0,5672.000101778,0.00010177799958910327,0.5,1,1.000000017943935,0.9938116842499767,1,[Spanish,1,],,5671.839999999999,5671.840999999999
325,2,mic_fileid_325_doa27_3spk_2.wav,4.0,4,mean_all_channels,5672.0,5676.0,340,3.978275271999337,4.0,5676.0,5676.000165649,0.00016564900033699814,0.5,1,1.0000000291841087,0.9945688179998342,1,],2,[ INTERPOSING VOICES],],5672.94,5675.339999999999
325,3,mic_fileid_325_doa27_3spk_3.wav,4.0,4,mean_all_channels,5676.0,5680.0,340,3.978410669000368,4.0,5680.0,5680.000290307,0.00029030699988652486,0.5,1,1.0000000511103873,0.994602667250092,2,[inaudible ],1,[BLANK,[ INTERPOSING VOICES],5676.46,5677.74
325,4,mic_fileid_325_doa27_3spk_4.wav,4.0,4,mean_all_channels,5680.0,5684.0,340,3.9671675879999384,4.0,5684.0,5684.000300101,0.00030010099999344675,0.5,1,1.0000000527975017,0.9917918969999846,2,[ INTERPOSING VOICES],2,_ Oh,[BLANK,5681.379999999999,5682.921
325,5,mic_fileid_325_doa27_3spk_5.wav,4.0,4,mean_all_channels,5684.0,5688.0,340,3.9680623430003834,4.0,5688.0,5688.000160941,0.00016094100010377588,0.5,1,1.0000000282948311,0.9920155857500959,1,[BLANK,2,", she's got a voice to turn to himself.",_ Oh,5684.0199999999995,5687.42
326,1,mic_fileid_326_doa143_3spk_1.wav,4.0,4,mean_all_channels,5688.0,5692.0,143,3.9753756760001124,4.0,5692.0,5692.000321693,0.0003216929999325657,0.5,1,1.00000005651669,0.9938439190000281,2,_ Oh,2,"Simply to guide him to sleep at once. When it was ambidextrous, the most essential",,5687.44,5691.74
326,2,mic_fileid_326_doa143_3spk_2.wav,4.0,4,mean_all_channels,5692.0,5696.0,143,3.9704541510000126,4.0,5696.0,5696.000192644,0.00019264399998064619,0.5,1,1.000000033820927,0.9926135377500032,2,", she's got a voice to turn to himself.",2,thing about joy filled with life is a different version. You only don,"Simply to guide him to sleep at once. When it was ambidextrous, the most essential",5692.24,5695.759999999999
326,3,mic_fileid_326_doa143_3spk_3.wav,4.0,4,mean_all_channels,5696.0,5700.0,143,3.9828195959998993,4.0,5700.0,5700.000115094,0.00011509399973874679,0.5,1,1.0000000201919297,0.9957048989999748,2,"Simply to guide him to sleep at once. When it was ambidextrous, the most essential",2,"'t, Frank, when you saw it headed your way .",thing about joy filled with life is a different version. You only don,5695.92,5698.041
326,4,mic_fileid_326_doa143_3spk_4.wav,4.0,4,mean_all_channels,5700.0,5704.0,143,3.9799009620001016,4.0,5704.0,5704.000230538,0.00023053800032357685,0.5,1,1.0000000404169005,0.9949752405000254,2,thing about joy filled with life is a different version. You only don,2,The real is every year we,"'t, Frank, when you saw it headed your way .",5701.66,5703.5199999999995
326,5,mic_fileid_326_doa143_3spk_5.wav,4.0,4,mean_all_channels,5704.0,5708.0,143,3.9765394790001665,4.0,5708.0,5708.000185272,0.00018527199972595554,0.5,1,1.000000032458304,0.9941348697500416,2,"'t, Frank, when you saw it headed your way .",2,"have been able to make after an exhaustion of constant , saying he would not seem to be walking",The real is every year we,5703.94,5707.58
327,1,mic_fileid_327_doa189_3spk_1.wav,4.0,4,mean_all_channels,5708.0,5712.0,303,3.9678104230006284,4.0,5712.0,5712.000159653,0.0001596530000824714,0.5,1,1.0000000279504553,0.9919526057501571,2,The real is every year we,2,on a power line cloud . The whole ring is steadily going.,,5708.0199999999995,5711.28
327,2,mic_fileid_327_doa189_3spk_2.wav,4.0,4,mean_all_channels,5712.0,5716.0,303,3.96550432299955,4.0,5716.0,5716.000241395,0.0002413949996480369,0.5,1,1.0000000422314554,0.9913760807498875,2,"have been able to make after an exhaustion of constant , saying he would not seem to be walking",2,I have to pass through this one. I have to see if I can correct me.,on a power line cloud . The whole ring is steadily going.,5711.839999999999,5715.82
327,3,mic_fileid_327_doa189_3spk_3.wav,4.0,4,mean_all_channels,5716.0,5720.0,303,3.96943636099968,4.0,5720.0,5720.000174074999,0.0001740749994496582,0.5,1,1.0000000304326921,0.99235909024992,2,on a power line cloud . The whole ring is steadily going.,1,[INAUDIBLE],I have to pass through this one. I have to see if I can correct me.,5718.2,5718.92
327,4,mic_fileid_327_doa189_3spk_4.wav,4.0,4,mean_all_channels,5720.0,5724.0,303,3.979414090999853,4.0,5724.0,5724.000081702,8.170199998858152e-05,0.5,1,1.000000014273585,0.9948535227499633,2,I have to pass through this one. I have to see if I can correct me.,2,[ BLANK_AUDIO,[INAUDIBLE],5721.66,5723.04
328,1,mic_fileid_328_doa119_3spk_1.wav,4.0,4,mean_all_channels,5724.0,5728.0,119,3.9710758650007847,4.0,5728.0,5728.000186477,0.0001864770001702709,0.5,1,1.0000000325553422,0.9927689662501962,1,[INAUDIBLE],1,women. It was when they were finally heard that,,5724.44,5727.82
328,2,mic_fileid_328_doa119_3spk_2.wav,4.0,4,mean_all_channels,5728.0,5732.0,119,3.9826022320003176,4.0,5732.0,5732.000147047,0.00014704699970025104,0.5,1,1.0000000256536985,0.9956505580000794,2,[ BLANK_AUDIO,2,it all seemed so rotten. It was some shame that women gave up at having,women. It was when they were finally heard that,5728.08,5731.719999999999
328,3,mic_fileid_328_doa119_3spk_3.wav,4.0,4,mean_all_channels,5732.0,5736.0,119,3.9799942240006203,4.0,5736.0,5736.00012782,0.00012781999976141378,0.5,1,1.0000000222838215,0.9949985560001551,1,women. It was when they were finally heard that,2,men's even tired and poor. What might be on the hills?,it all seemed so rotten. It was some shame that women gave up at having,5732.0599999999995,5734.48
328,4,mic_fileid_328_doa119_3spk_4.wav,4.0,4,mean_all_channels,5736.0,5740.0,119,3.9679204519998166,4.0,5740.0,5740.000109809,0.00010980899969581515,0.5,1,1.0000000191304879,0.9919801129999541,2,it all seemed so rotten. It was some shame that women gave up at having,1,He did not care for the,men's even tired and poor. What might be on the hills?,5738.54,5739.639999999999
328,5,mic_fileid_328_doa119_3spk_5.wav,4.0,4,mean_all_channels,5740.0,5744.0,119,3.982609415999832,4.0,5744.0,5744.000099289,9.928899999067653e-05,0.5,1,1.0000000172856893,0.995652353999958,2,men's even tired and poor. What might be on the hills?,2,leaps in the way of a family or not . And when caps are blown,He did not care for the,5740.0,5743.799999999999
329,1,mic_fileid_329_doa12_3spk_1.wav,4.0,4,mean_all_channels,5744.0,5748.0,196,3.978706134999811,4.0,5748.0,5748.000208046,0.00020804599989787675,0.5,1,1.0000000361945025,0.9946765337499528,1,He did not care for the,2,"back, it's held to have to see itself in the Holy by wasting hours",,5744.099999999999,5747.839999999999
329,2,mic_fileid_329_doa12_3spk_2.wav,4.0,4,mean_all_channels,5748.0,5752.0,196,3.9748546829996485,4.0,5752.0,5752.000134109,0.00013410900010057958,0.5,1,1.0000000233151947,0.9937136707499121,2,leaps in the way of a family or not . And when caps are blown,2,and killing him. He,"back, it's held to have to see itself in the Holy by wasting hours",5748.679999999999,5751.74
329,3,mic_fileid_329_doa12_3spk_3.wav,4.0,4,mean_all_channels,5752.0,5756.0,196,3.981414261000282,4.0,5756.0,5756.000248275,0.00024827499964885646,0.5,1,1.0000000431332523,0.9953535652500705,2,"back, it's held to have to see itself in the Holy by wasting hours",1,had that word to say about it.,and killing him. He,5751.92,5753.879999999999
329,4,mic_fileid_329_doa12_3spk_4.wav,4.0,4,mean_all_channels,5756.0,5760.0,196,3.9807165350002833,4.0,5760.0,5760.000314658,0.0003146580002066912,0.5,1,1.0000000546281251,0.9951791337500708,2,and killing him. He,1,[Indistinct chatter],had that word to say about it.,5758.24,5759.86
329,5,mic_fileid_329_doa12_3spk_5.wav,4.0,4,mean_all_channels,5760.0,5764.0,196,3.97299195100004,4.0,5764.0,5764.000165751,0.00016575100016780198,0.5,1,1.0000000287562456,0.99324798775001,1,had that word to say about it.,1,So he would not let me tell me who's able to venture himself without,[Indistinct chatter],5760.86,5763.839999999999
330,1,mic_fileid_330_doa67_3spk_1.wav,4.0,4,mean_all_channels,5764.0,5768.0,67,3.9716093979996003,4.0,5768.0,5768.000132668,0.00013266800033306936,0.5,1,1.0000000230006936,0.9929023494999001,1,[Indistinct chatter],2,anybody to sit past with him and then I will read you to my own chair,,5764.139999999999,5767.839999999999
330,2,mic_fileid_330_doa67_3spk_2.wav,4.0,4,mean_all_channels,5768.0,5772.0,67,3.97547317200042,4.0,5772.0,5772.0000580529995,5.805299952044152e-05,0.5,1,1.0000000100576922,0.993868293000105,1,So he would not let me tell me who's able to venture himself without,2,. It's the,anybody to sit past with him and then I will read you to my own chair,5768.32,5771.86
330,3,mic_fileid_330_doa67_3spk_3.wav,4.0,4,mean_all_channels,5772.0,5776.0,67,3.9739247669995166,4.0,5776.0,5776.000221727,0.00022172700028022518,0.5,1,1.0000000383876386,0.9934811917498791,2,anybody to sit past with him and then I will read you to my own chair,2,five degrees that gives the clear conception of a miserable situation.,. It's the,5772.08,5775.86
331,1,mic_fileid_331_doa39_3spk_1.wav,4.0,4,mean_all_channels,5776.0,5780.0,39,3.9791783159998886,4.0,5780.0,5780.0001379899995,0.00013798999952996382,0.5,1,1.0000000238737023,0.9947945789999721,2,. It's the,2,And was then released from my prison where,,5776.86,5779.4
331,2,mic_fileid_331_doa39_3spk_2.wav,4.0,4,mean_all_channels,5780.0,5784.0,39,3.978659800999594,4.0,5784.0,5784.0002075249995,0.00020752499949594494,0.5,1,1.0000000358791492,0.9946649502498985,2,five degrees that gives the clear conception of a miserable situation.,2,they called me mad during the eight months as I entered school at the Salute,And was then released from my prison where,5779.879999999999,5783.759999999999
331,3,mic_fileid_331_doa39_3spk_3.wav,4.0,4,mean_all_channels,5784.0,5788.0,39,3.9742617060001066,4.0,5788.0,5788.000139281,0.00013928099997428944,0.5,1,1.0000000240637525,0.9935654265000267,2,And was then released from my prison where,2,y Salutey in my habitation .,they called me mad during the eight months as I entered school at the Salute,5783.96,5786.121
331,4,mic_fileid_331_doa39_3spk_4.wav,4.0,4,mean_all_channels,5788.0,5792.0,39,3.9764651890000096,4.0,5792.0,5792.0000922849995,9.228499948221724e-05,0.5,1,1.0000000159331837,0.9941162972500024,2,they called me mad during the eight months as I entered school at the Salute,1,Thank,y Salutey in my habitation .,5789.2,5789.201
331,5,mic_fileid_331_doa39_3spk_5.wav,4.0,4,mean_all_channels,5792.0,5796.0,39,3.978109136999592,4.0,5796.0,5796.000170886,0.00017088599997805431,0.5,1,1.0000000294834368,0.994527284249898,2,y Salutey in my habitation .,2,"We, the commercial AP folks, we're trying such schemes under consideration",Thank,5790.62,5794.759999999999
332,1,mic_fileid_332_doa4_3spk_1.wav,4.0,4,mean_all_channels,5796.0,5800.0,152,3.978880381999261,4.0,5800.0,5800.000094977,9.497700011706911e-05,0.5,1,1.0000000163753449,0.9947200954998152,1,Thank,2,and the question of that is caging became matter,,5795.62,5799.5199999999995
332,2,mic_fileid_332_doa4_3spk_2.wav,4.0,4,mean_all_channels,5800.0,5804.0,152,3.9749616489998516,4.0,5804.0,5804.000097795,9.77950003289152e-05,0.5,1,1.0000000168495866,0.9937404122499629,2,"We, the commercial AP folks, we're trying such schemes under consideration",2,of this about this explanation to this.,and the question of that is caging became matter,5800.36,5804.139999999999
332,3,mic_fileid_332_doa4_3spk_3.wav,4.0,4,mean_all_channels,5804.0,5808.0,152,3.9721827929997744,4.0,5808.0,5808.000151764,0.00015176400029304205,0.5,1,1.0000000261301654,0.9930456982499436,2,and the question of that is caging became matter,1,These departments are right now,of this about this explanation to this.,5806.04,5807.32
332,4,mic_fileid_332_doa4_3spk_4.wav,4.0,4,mean_all_channels,5808.0,5812.0,152,3.9717605149999144,4.0,5812.0,5812.0001088379995,0.00010883799950534012,0.5,1,1.000000018726428,0.9929401287499786,1,of this,2,. They have been transferred into my name and they can never again afford you accommodation,These departments are right now,5807.9,5811.24
333,1,mic_fileid_333_doa167_3spk_1.wav,4.0,4,mean_all_channels,5812.0,5816.0,167,3.968191422000018,4.0,5816.0,5816.0001795769995,0.00017957699947146466,0.5,1,1.0000000308763755,0.9920478555000045,2,about this explanation to this. These departments are right now,2,. Will you be so bludgeoned that I am not strong as to hand,,5811.98,5815.799999999999
333,2,mic_fileid_333_doa167_3spk_2.wav,4.0,4,mean_all_channels,5816.0,5820.0,167,3.9797753699995155,4.0,5820.0,5820.000128008,0.00012800799959222786,0.5,1,1.0000000219945016,0.9949438424998789,2,. They have been transferred into my name and they can never again afford you accommodation,2,me that writing case . Sir Francis walked to the table she indicated,. Will you be so bludgeoned that I am not strong as to hand,5815.98,5819.74
333,3,mic_fileid_333_doa167_3spk_3.wav,4.0,4,mean_all_channels,5820.0,5824.0,167,3.980144188999475,4.0,5824.0,5824.000217133,0.00021713299975090194,0.5,1,1.0000000372824518,0.9950360472498687,2,. Will you be so bludgeoned that I am not strong as to hand,1,but reminded possession,me that writing case . Sir Francis walked to the table she indicated,5820.599999999999,5823.0199999999995
333,4,mic_fileid_333_doa167_3spk_4.wav,4.0,4,mean_all_channels,5824.0,5828.0,167,3.9719765139998344,4.0,5828.0,5828.0001763,0.00017630000002100132,0.5,1,1.0000000302505148,0.9929941284999586,2,me that writing case . Sir Francis walked to the table she indicated,2,of mech he may deal with the center of worship and,but reminded possession,5823.759999999999,5827.799999999999
334,1,mic_fileid_334_doa122_3spk_1.wav,4.0,4,mean_all_channels,5828.0,5832.0,245,3.9677107890001935,4.0,5832.0,5832.000186516,0.00018651600021257764,0.5,1,1.0000000319814815,0.9919276972500484,1,but reminded possession,2,the law of the world to address ast ral Muhammad.,,5827.94,5830.639999999999
334,2,mic_fileid_334_doa122_3spk_2.wav,4.0,4,mean_all_channels,5832.0,5836.0,245,3.966007503000583,4.0,5836.0,5836.0002038289995,0.00020382899947435362,0.5,1,1.000000034926148,0.9915018757501457,2,of mech he may deal with the center of worship and,1,as successful as the head of the Muslim Church.,the law of the world to address ast ral Muhammad.,5832.54,5835.74
334,3,mic_fileid_334_doa122_3spk_3.wav,4.0,4,mean_all_channels,5836.0,5840.0,245,3.971950260000085,4.0,5840.0,5840.000137171,0.0001371709995510173,0.5,1,1.000000023488185,0.9929875650000213,2,the law of the world to address ast ral Muhammad.,1,But I was actually a desirous,as successful as the head of the Muslim Church.,5838.379999999999,5839.799999999999
334,4,mic_fileid_334_doa122_3spk_4.wav,4.0,4,mean_all_channels,5840.0,5844.0,245,3.9768774409994876,4.0,5844.0,5844.000264783,0.000264782999693125,0.5,1,1.0000000453085216,0.9942193602498719,1,as successful as the head of the Muslim Church.,2,"to discover next what Lady Rachel had said , and I asked to speak with",But I was actually a desirous,5839.9,5843.839999999999
335,1,mic_fileid_335_doa43_3spk_1.wav,4.0,4,mean_all_channels,5844.0,5848.0,104,3.9790982630001963,4.0,5848.0,5848.000353322,0.000353321999682521,0.5,1,1.0000000604175785,0.9947745657500491,1,But I was actually a desirous,2,Christian. Father.,,5844.0199999999995,5846.679999999999
335,2,mic_fileid_335_doa43_3spk_2.wav,4.0,4,mean_all_channels,5848.0,5852.0,104,3.973799962999692,4.0,5852.0,5852.0001417759995,0.00014177599950926378,0.5,1,1.000000024226931,0.993449990749923,2,"to discover next what Lady Rachel had said , and I asked to speak with",2,Might or might not have perceived the chance of listening to our conversation.,Christian. Father.,5846.86,5850.96
335,3,mic_fileid_335_doa43_3spk_3.wav,4.0,4,mean_all_channels,5852.0,5856.0,104,3.9753920419998394,4.0,5856.0,5856.000321632,0.0003216320001229178,0.5,1,1.0000000549234973,0.9938480104999599,2,Christian. Father.,1,But the McKess thing now was all,Might or might not have perceived the chance of listening to our conversation.,5854.4,5855.86
335,4,mic_fileid_335_doa43_3spk_4.wav,4.0,4,mean_all_channels,5856.0,5860.0,104,3.974769682999977,4.0,5860.0,5860.000158125,0.000158124999870779,0.5,1,1.0000000269837883,0.9936924207499942,2,Might or might not have perceived the chance of listening to our conversation.,2,about human society. It was not for my own sake that I got,But the McKess thing now was all,5856.28,5859.7
336,1,mic_fileid_336_doa91_3spk_1.wav,4.0,4,mean_all_channels,5860.0,5864.0,91,3.9773053389999404,4.0,5864.0,5864.000125042,0.00012504200003604637,0.5,1,1.00000002132367,0.9943263347499851,1,But the McKess thing now was all,2,to do that. But it was not made . How can a child's inheritance is,,5859.92,5863.799999999999
336,2,mic_fileid_336_doa91_3spk_2.wav,4.0,4,mean_all_channels,5864.0,5868.0,91,3.9806944629999634,4.0,5868.0,5868.000347541,0.00034754100033751456,0.5,1,1.0000000592264826,0.9951736157499909,2,about human society. It was not for my own sake that I got,2,that a solution we build.,to do that. But it was not made . How can a child's inheritance is,5863.96,5865.94
336,3,mic_fileid_336_doa91_3spk_3.wav,4.0,4,mean_all_channels,5868.0,5872.0,91,3.971026295000229,4.0,5872.0,5872.000132178,0.00013217800005804747,0.5,1,1.0000000225098773,0.9927565737500572,2,to do that. But it was not made . How can a child's inheritance is,1,Glory to the other.,that a solution we build.,5868.46,5869.5599999999995
336,4,mic_fileid_336_doa91_3spk_4.wav,4.0,4,mean_all_channels,5872.0,5876.0,91,3.9687948200007668,4.0,5876.0,5876.000256812,0.0002568119998613838,0.5,1,1.0000000437052416,0.9921987050001917,2,that a solution we build.,1,"Which he makes for me not, in",Glory to the other.,5874.299999999999,5875.82
336,5,mic_fileid_336_doa91_3spk_5.wav,4.0,4,mean_all_channels,5876.0,5880.0,91,3.9687918090003222,4.0,5880.0,5880.000241883,0.0002418829999442096,0.5,1,1.0000000411365646,0.9921979522500806,1,Glory to the other.,2,truth. I'm sorry my dear. Nobody said their,"Which he makes for me not, in",5875.92,5879.759999999999
337,1,mic_fileid_337_doa165_3spk_1.wav,4.0,4,mean_all_channels,5880.0,5884.0,302,3.9696091949999754,4.0,5884.0,5884.000221684,0.00022168400028022006,0.5,1,1.0000000376757308,0.9924022987499939,1,"Which he makes for me not, in",2,word. But I do not mean with many people in this neighborhood,,5879.98,5883.24
337,2,mic_fileid_337_doa165_3spk_2.wav,4.0,4,mean_all_channels,5884.0,5888.0,302,3.9695384699998613,4.0,5888.0,5888.000297854,0.00029785399965476245,0.5,1,1.000000050586617,0.9923846174999653,2,truth. I'm sorry my dear. Nobody said their,2,", I believe there are a few neighborhoods in Russia. I know he died when he",word. But I do not mean with many people in this neighborhood,5884.219999999999,5887.879999999999
337,3,mic_fileid_337_doa165_3spk_3.wav,4.0,4,mean_all_channels,5888.0,5892.0,302,3.973080478999691,4.0,5892.0,5892.000100033,0.00010003300030803075,0.5,1,1.0000000169777665,0.9932701197499227,2,word. But I do not mean with many people in this neighborhood,1,was born. He had families.,", I believe there are a few neighborhoods in Russia. I know he died when he",5888.0,5889.48
337,4,mic_fileid_337_doa165_3spk_4.wav,4.0,4,mean_all_channels,5892.0,5896.0,302,3.972788107999804,4.0,5896.0,5896.000188402,0.00018840200027625542,0.5,1,1.0000000319542064,0.993197026999951,2,", I believe there are a few neighborhoods in Russia. I know he died when he",1,[S,was born. He had families.,5894.54,5894.541
337,5,mic_fileid_337_doa165_3spk_5.wav,4.0,4,mean_all_channels,5896.0,5900.0,302,3.966015721999611,4.0,5900.0,5900.000073481,7.348100007220637e-05,0.5,1,1.0000000124544068,0.9915039304999027,1,was born. He had families.,2,ounds .,[S,5897.5199999999995,5897.523
338,1,mic_fileid_338_doa129_3spk_1.wav,4.0,4,mean_all_channels,5900.0,5904.0,175,3.971313767000538,4.0,5904.0,5904.000130178,0.00013017800029047066,0.5,1,1.0000000220491192,0.9928284417501345,1,[S,2,I don't consider my heart that there,,5900.2,5903.7
338,2,mic_fileid_338_doa129_3spk_2.wav,4.0,4,mean_all_channels,5904.0,5908.0,175,3.9694175090007775,4.0,5908.0,5908.0001664619995,0.00016646199946990237,0.5,1,1.0000000281756938,0.9923543772501944,2,ounds .,3,is not so much of a threat to the Earth. Nobody.,I don't consider my heart that there,5903.96,5908.759999999999
338,3,mic_fileid_338_doa129_3spk_3.wav,4.0,4,mean_all_channels,5908.0,5912.0,175,3.968392978000338,4.0,5912.0,5912.000133113,0.00013311299971974222,0.5,1,1.0000000225157306,0.9920982445000845,2,I don't consider my heart that there,1,But it has always caused it to be proved,is not so much of a threat to the Earth. Nobody.,5910.099999999999,5911.879999999999
338,4,mic_fileid_338_doa129_3spk_4.wav,4.0,4,mean_all_channels,5912.0,5916.0,175,3.967003036999813,4.0,5916.0,5916.000138032,0.0001380319999952917,0.5,1,1.000000023331981,0.9917507592499533,2,is not so much of a threat to the Earth.,2,or to disparate something that was conceived of or suspected.,But it has always caused it to be proved,5912.44,5915.82
339,1,mic_fileid_339_doa48_3spk_1.wav,4.0,4,mean_all_channels,5916.0,5920.0,48,3.9802061519994822,4.0,5920.0,5920.0001875709995,0.000187570999514719,0.5,1,1.0000000316842905,0.9950515379998706,2,Nobody. But it has always caused it to be proved,1,"As I suspected, it says this course",,5916.44,5919.799999999999
339,2,mic_fileid_339_doa48_3spk_2.wav,4.0,4,mean_all_channels,5920.0,5924.0,48,3.9710733889996845,4.0,5924.0,5924.000115981,0.00011598099990806077,0.5,1,1.0000000195781567,0.9927683472499211,2,or to disparate something that was conceived of or suspected.,2,on end. familiar land species that they had been upon the ground,"As I suspected, it says this course",5920.2,5925.5199999999995
339,3,mic_fileid_339_doa48_3spk_3.wav,4.0,4,mean_all_channels,5924.0,5928.0,48,3.9766040060003434,4.0,5928.0,5928.00012276,0.00012275999961275375,0.5,1,1.000000020708502,0.9941510015000858,1,"As I suspected, it says this course",1,.,on end. familiar land species that they had been upon the ground,5926.28,5926.281
339,4,mic_fileid_339_doa48_3spk_4.wav,4.0,4,mean_all_channels,5928.0,5932.0,48,3.97794270400027,4.0,5932.0,5932.000130483,0.00013048300024820492,0.5,1,1.00000002199646,0.9944856760000675,1,on end.,1,Though she found something of Ghan,.,5930.32,5931.86
339,5,mic_fileid_339_doa48_3spk_5.wav,4.0,4,mean_all_channels,5932.0,5936.0,48,3.978707463000319,4.0,5936.0,5936.000125831,0.00012583100033225492,0.5,1,1.0000000211979447,0.9946768657500797,2,familiar land species that they had been upon the ground .,2,am as the object she beheld. In other respects he,Though she found something of Ghan,5931.94,5935.5
340,1,mic_fileid_340_doa68_3spk_1.wav,4.0,4,mean_all_channels,5936.0,5940.0,68,3.975538883999434,4.0,5940.0,5940.000201486,0.00020148600015090778,0.5,1,1.000000033920202,0.9938847209998585,1,Though she found something of Ghan,2,appeared so different that she durst not imagine it was he that laid before,,5935.66,5939.5199999999995
340,2,mic_fileid_340_doa68_3spk_2.wav,4.0,4,mean_all_channels,5940.0,5944.0,68,3.9752869969997846,4.0,5944.0,5944.0001634929995,0.00016349299949069973,0.5,1,1.0000000275055518,0.9938217492499462,2,am as the object she beheld. In other respects he,2,"her, unable, however , to withstand the earnest desire",appeared so different that she durst not imagine it was he that laid before,5939.879999999999,5943.58
340,3,mic_fileid_340_doa68_3spk_3.wav,4.0,4,mean_all_channels,5944.0,5948.0,68,3.9760432609991767,4.0,5948.0,5948.0000868199995,8.681999952386832e-05,0.5,1,1.000000014596503,0.9940108152497942,2,appeared so different that she durst not imagine it was he that laid before,2,of being satisfied. [BLANK,"her, unable, however , to withstand the earnest desire",5944.08,5947.201
340,4,mic_fileid_340_doa68_3spk_4.wav,4.0,4,mean_all_channels,5948.0,5952.0,68,3.973850727000354,4.0,5952.0,5952.00020268,0.00020268000025680522,0.5,1,1.0000000340524193,0.9934626817500884,2,"her, unable, however , to withstand the earnest desire",1,Are poofs slender?,of being satisfied. [BLANK,5950.299999999999,5951.799999999999
340,5,mic_fileid_340_doa68_3spk_5.wav,4.0,4,mean_all_channels,5952.0,5956.0,68,3.979977295000026,4.0,5956.0,5956.000172989,0.0001729890000206069,0.5,1,1.000000029044493,0.9949943237500065,2,of being satisfied. [BLANK,2,Sharknose? Sweepery people . With a fringe of fiddlers along,Are poofs slender?,5952.16,5955.78
341,1,mic_fileid_341_doa16_3spk_1.wav,4.0,4,mean_all_channels,5956.0,5960.0,196,3.974016682000183,4.0,5960.0,5960.0001248749995,0.00012487499952840153,0.5,1,1.000000020952181,0.9935041705000458,1,Are poofs slender?,2,their backs and another fringe along their bellies.,,5956.219999999999,5959.28
341,2,mic_fileid_341_doa16_3spk_2.wav,4.0,4,mean_all_channels,5960.0,5964.0,196,3.976293990999693,4.0,5964.0,5964.000170045,0.0001700450002317666,0.5,1,1.0000000285119048,0.9940734977499233,2,Sharknose? Sweepery people . With a fringe of fiddlers along,3,They breathe through very small guilt openings in the backs of their heads .,their backs and another fringe along their bellies.,5959.281,5963.840999999999
341,3,mic_fileid_341_doa16_3spk_3.wav,4.0,4,mean_all_channels,5964.0,5968.0,196,3.970454682000309,4.0,5968.0,5968.000250866,0.00025086599998758174,0.5,1,1.0000000420351878,0.9926136705000772,2,their backs and another fringe along their bellies.,0,,They breathe through very small guilt openings in the backs of their heads .,,
341,4,mic_fileid_341_doa16_3spk_4.wav,4.0,4,mean_all_channels,5968.0,5972.0,196,3.972959563000586,4.0,5972.0,5972.000190021,0.00019002099998033373,0.5,1,1.0000000318186537,0.9932398907501465,2,They breathe through very small guilt openings in the backs of their heads,2,"As I was going along, my heart was in overwhelming with the thoughts and my conditions .",,5966.4,5970.741
342,1,mic_fileid_342_doa2_3spk_1.wav,4.0,4,mean_all_channels,5972.0,5976.0,60,3.974121897000259,4.0,5976.0,5976.000109343,0.00010934300007647835,0.5,1,1.0000000182970215,0.9935304742500648,1,.,2,I should have children and a nation which I knew not yet. We're upon an earnest entry,,5971.219999999999,5975.7
342,2,mic_fileid_342_doa2_3spk_2.wav,4.0,4,mean_all_channels,5976.0,5980.0,60,3.9767188050000186,4.0,5980.0,5980.000134368,0.00013436799963528756,0.5,1,1.000000022469565,0.9941797012500047,2,"As I was going along, my heart was in overwhelming with the thoughts and my conditions .",2,"to the Lord, but he would consider my law of state and show me a token for good",I should have children and a nation which I knew not yet. We're upon an earnest entry,5976.179999999999,5979.7
342,3,mic_fileid_342_doa2_3spk_3.wav,4.0,4,mean_all_channels,5980.0,5984.0,60,3.977699953999945,4.0,5984.0,5984.000208669,0.0002086690001306124,0.5,1,1.0000000348711564,0.9944249884999863,2,I should have children and a nation which I knew not yet. We're upon an earnest entry,1,and if it were his blessed will.,"to the Lord, but he would consider my law of state and show me a token for good",5980.339999999999,5981.879999999999
342,4,mic_fileid_342_doa2_3spk_4.wav,4.0,4,mean_all_channels,5984.0,5988.0,60,3.9778727889997754,4.0,5988.0,5988.000091839,9.183899965137243e-05,0.5,1,1.0000000153371742,0.9944681972499438,2,"to the Lord, but he would consider my law of state and show me a token for good",1,Fails and boons and outbodies are,and if it were his blessed will.,5986.46,5987.879999999999
342,5,mic_fileid_342_doa2_3spk_5.wav,4.0,4,mean_all_channels,5988.0,5992.0,60,3.9797787659999813,4.0,5992.0,5992.000122453,0.0001224529996761703,0.5,1,1.0000000204360815,0.9949446914999953,1,and if it were his blessed will.,3,"scarcely ever-incense. So long as she enjoys herself, she says .",Fails and boons and outbodies are,5988.179999999999,5991.981
343,1,mic_fileid_343_doa17_3spk_1.wav,4.0,4,mean_all_channels,5992.0,5996.0,53,3.973998617999314,4.0,5996.0,5996.000162101,0.00016210099965974223,0.5,1,1.0000000270348566,0.9934996544998285,1,Fails and boons and outbodies are,1,I am sorry.,,5993.679999999999,5994.7
343,2,mic_fileid_343_doa17_3spk_2.wav,4.0,4,mean_all_channels,5996.0,6000.0,53,3.979363597999509,4.0,6000.0,6000.000095311,9.53110002228641e-05,0.5,1,1.0000000158851667,0.9948408994998772,2,"scarcely ever-incense. So long as she enjoys herself, she says",3,"I regret that my trust does not commit me to a couple of years of abl ution. By the way, as my lady was looking at her best",I am sorry.,5994.701,6001.2
343,3,mic_fileid_343_doa17_3spk_3.wav,4.0,4,mean_all_channels,6000.0,6004.0,53,3.9761263500004134,4.0,6004.0,6004.0002053319995,0.0002053319994956837,0.5,1,1.0000000341992004,0.9940315875001033,2,. I am sorry.,1,.,"I regret that my trust does not commit me to a couple of years of abl ution. By the way, as my lady was looking at her best",6001.201,6001.202
343,4,mic_fileid_343_doa17_3spk_4.wav,4.0,4,mean_all_channels,6004.0,6008.0,53,3.9791308670000944,4.0,6008.0,6008.000155627,0.0001556269999127835,0.5,1,1.0000000259032955,0.9947827167500236,2,I regret that my trust does not commit me to a couple of years of abl ution.,1,One spring after they have been,.,6006.42,6007.799999999999
343,5,mic_fileid_343_doa17_3spk_5.wav,4.0,4,mean_all_channels,6008.0,6012.0,53,3.9762080379996405,4.0,6012.0,6012.000341614,0.00034161399980803253,0.5,1,1.0000000568220226,0.9940520094999101,2,"By the way, as my lady was looking at her best .",2,in that land for four years .,One spring after they have been,6007.92,6010.041
344,1,mic_fileid_344_doa9_3spk_1.wav,4.0,4,mean_all_channels,6012.0,6016.0,314,3.9677091349994953,4.0,6016.0,6016.000173257,0.00017325699991488364,0.5,1,1.0000000287993684,0.9919272837498738,1,One spring after they have been,2,My eyes are hungry for the sight of men and green fields again,,6011.16,6014.759999999999
344,2,mic_fileid_344_doa9_3spk_2.wav,4.0,4,mean_all_channels,6016.0,6020.0,314,3.973000929999216,4.0,6020.0,6020.000161496,0.00016149600014614407,0.5,1,1.000000026826578,0.993250232499804,2,in that land for four years .,2,. My stomach is sick of seedle and whale and bear.,My eyes are hungry for the sight of men and green fields again,6015.92,6018.879999999999
344,3,mic_fileid_344_doa9_3spk_3.wav,4.0,4,mean_all_channels,6020.0,6024.0,314,3.9740865290004876,4.0,6024.0,6024.000079017,7.90169997344492e-05,0.5,1,1.000000013117032,0.9935216322501219,2,My eyes are hungry for the sight of men and green fields again,2,"And now, let us go to breakfast, Seki. In such a world, the mental",. My stomach is sick of seedle and whale and bear.,6019.78,6023.679999999999
344,4,mic_fileid_344_doa9_3spk_4.wav,4.0,4,mean_all_channels,6024.0,6028.0,314,3.974266365999938,4.0,6028.0,6028.000113266,0.00011326599997119047,0.5,1,1.00000001878998,0.9935665914999845,2,. My stomach is sick of seedle and whale and bear.,2,or the physical status of any piece of experience with any unequiv,"And now, let us go to breakfast, Seki. In such a world, the mental",6024.139999999999,6027.799999999999
345,1,mic_fileid_345_doa61_3spk_1.wav,4.0,4,mean_all_channels,6028.0,6032.0,61,3.974622542999896,4.0,6032.0,6032.000188511,0.0001885109995782841,0.5,1,1.0000000312518236,0.993655635749974,2,"And now, let us go to breakfast, Seki. In such a world, the mental",2,"ocal, when active , it would figure out the physical",,6027.9,6031.759999999999
345,2,mic_fileid_345_doa61_3spk_2.wav,4.0,4,mean_all_channels,6032.0,6036.0,61,3.974295758000153,4.0,6036.0,6036.00016965,0.0001696500003163237,0.5,1,1.000000028106362,0.9935739395000383,2,or the physical status of any piece of experience with any unequiv,3,and would inhabit his mental civilry. These,"ocal, when active , it would figure out the physical",6032.08,6035.661
345,3,mic_fileid_345_doa61_3spk_3.wav,4.0,4,mean_all_channels,6036.0,6040.0,61,3.9681408599999486,4.0,6040.0,6040.000174094,0.00017409399970347295,0.5,1,1.0000000288235098,0.9920352149999871,2,"ocal, when active , it would figure out the physical",1,were the same day that,and would inhabit his mental civilry. These,6038.5199999999995,6039.74
345,4,mic_fileid_345_doa61_3spk_4.wav,4.0,4,mean_all_channels,6040.0,6044.0,61,3.9772748799996407,4.0,6044.0,6044.000118488,0.000118488000225625,0.5,1,1.0000000196042356,0.9943187199999102,2,and would inhabit his mental civilry.,2,the three boys were in Brighton for the first time assigned to the Travelling Order Unit of the,were the same day that,6039.98,6043.82
346,1,mic_fileid_346_doa62_3spk_1.wav,4.0,4,mean_all_channels,6044.0,6048.0,292,3.977656444999411,4.0,6048.0,6048.000161336,0.00016133600001921877,0.5,1,1.000000026675926,0.9944141112498528,2,These were the same day that,2,same squad. Also with the,,6043.96,6046.099999999999
346,2,mic_fileid_346_doa62_3spk_2.wav,4.0,4,mean_all_channels,6048.0,6052.0,292,3.97793586699936,4.0,6052.0,6052.000076046,7.604599977639737e-05,0.5,1,1.000000012565433,0.99448396674984,2,the three boys were in Brighton for the first time assigned to the Travelling Order Unit of the,2,[inaudible ],same squad. Also with the,6048.42,6051.241
346,3,mic_fileid_346_doa62_3spk_3.wav,4.0,4,mean_all_channels,6052.0,6056.0,292,3.97484238800007,4.0,6056.0,6056.000127018,0.0001270180000574328,0.5,1,1.0000000209739102,0.9937105970000175,2,same squad. Also with the,1,[End of,[inaudible ],6052.679999999999,6053.9
346,4,mic_fileid_346_doa62_3spk_4.wav,4.0,4,mean_all_channels,6056.0,6060.0,292,3.973826280999674,4.0,6060.0,6060.000071724,7.172400000854395e-05,0.5,1,1.0000000118356436,0.9934565702499185,1,[inaudible,3,Audio] He was a great having heard .,[End of,6054.5,6059.8009999999995
346,5,mic_fileid_346_doa62_3spk_5.wav,4.0,4,mean_all_channels,6060.0,6064.0,292,3.968437324999286,4.0,6064.0,6064.000274653,0.00027465299990581116,0.5,1,1.0000000452923812,0.9921093312498215,2,] [End of,1,"Oh, oh, oh, oh, oh, oh, oh, oh, oh, oh, oh, oh, oh, oh, oh, oh, oh, oh, oh, oh, oh, oh, oh, oh, oh, oh, oh, oh, oh, oh, oh, oh, oh, oh, oh, oh, oh, oh, oh, oh, oh, oh, oh, oh, oh, oh, oh, oh, oh, oh, oh, oh, oh, oh, oh, oh, oh, oh, oh, oh, oh, oh, oh, oh, oh, oh, oh, oh, oh, oh, oh, oh, oh, oh, oh, oh, oh, oh, oh, oh, oh, oh, oh, oh, oh, oh, oh, oh, oh, oh, oh, oh, oh, oh, oh, oh, oh, oh, oh, oh, oh, oh, oh, oh, oh, oh, oh, oh, oh, oh, oh, oh, oh, oh, oh, oh, oh, oh, oh, oh, oh, oh, oh, oh, oh, oh, oh, oh, oh, oh, oh, oh, oh, oh, oh, oh, oh, oh, oh, oh, oh, oh, oh, oh, oh, oh, oh, oh, oh, oh, oh, oh, oh, oh, oh, oh, oh, oh, oh, oh, oh, oh, oh, oh, oh, oh, oh, oh, oh, oh, oh, oh, oh, oh, oh, oh, oh, oh, oh, oh, oh, oh, oh, oh, oh, oh, oh, oh, oh, oh, oh, oh, oh, oh, oh, oh, oh, oh, oh, oh, oh,",Audio] He was a great having heard .,6061.16,6063.879999999999
347,1,mic_fileid_347_doa18_3spk_1.wav,4.0,4,mean_all_channels,6064.0,6068.0,18,3.9714946770000097,4.0,6068.0,6068.000087477,8.747700030653505e-05,0.5,1,1.0000000144161174,0.9928736692500024,2,Audio] He was a great having heard,1,That led to the language of souls. That if you start to care for your good,,6063.880999999999,6066.86
347,2,mic_fileid_347_doa18_3spk_2.wav,4.0,4,mean_all_channels,6068.0,6072.0,18,3.9773483379995014,4.0,6072.0,6072.000101938,0.00010193799971602857,0.5,1,1.0000000167882082,0.9943370844998753,1,.,2,vibrations up to the mouth.,That led to the language of souls. That if you start to care for your good,6068.08,6069.2
347,3,mic_fileid_347_doa18_3spk_3.wav,4.0,4,mean_all_channels,6072.0,6076.0,18,3.9684688199995435,4.0,6076.0,6076.000127494,0.0001274939995710156,0.5,1,1.0000000209832125,0.9921172049998859,2,"Oh, oh, oh, oh, oh, oh, oh, oh, oh, oh, oh, oh, oh, oh, oh, oh, oh, oh, oh, oh, oh, oh, oh, oh, oh, oh, oh, oh, oh, oh, oh, oh, oh, oh, oh, oh, oh, oh, oh, oh, oh, oh, oh, oh, oh, oh, oh, oh, oh, oh, oh, oh, oh, oh, oh, oh, oh, oh, oh, oh, oh, oh, oh, oh, oh, oh, oh, oh, oh, oh, oh, oh, oh, oh, oh, oh, oh, oh, oh, oh, oh, oh, oh, oh, oh, oh, oh, oh, oh, oh, oh, oh, oh, oh, oh, oh, oh, oh, oh, oh, oh, oh, oh, oh, oh, oh, oh, oh, oh, oh, oh, oh, oh, oh, oh, oh, oh, oh, oh, oh, oh, oh, oh, oh, oh, oh, oh, oh, oh, oh, oh, oh, oh, oh, oh, oh, oh, oh, oh, oh, oh, oh, oh, oh, oh, oh, oh, oh, oh, oh, oh, oh, oh, oh, oh, oh, oh, oh, oh, oh, oh, oh, oh, oh, oh, oh, oh, oh, oh, oh, oh, oh, oh, oh, oh, oh, oh, oh, oh, oh, oh, oh, oh, oh, oh, oh, oh, oh, oh, oh, oh, oh, oh, oh, oh, oh, oh, oh, oh, oh, oh, That led to the language of souls. That if you start to care for your good",2,Only define every sentence of a row yard,vibrations up to the mouth.,6072.2,6074.5599999999995
347,4,mic_fileid_347_doa18_3spk_4.wav,4.0,4,mean_all_channels,6076.0,6080.0,18,3.97818018199996,4.0,6080.0,6080.000099219,9.921899982145987e-05,0.5,1,1.0000000163189144,0.99454504549999,2,vibrations up to the mouth.,3,. I've lost more than a half the day of precious time. We'll take it and we'll show it in anxiety.,Only define every sentence of a row yard,6075.679999999999,6079.98
348,1,mic_fileid_348_doa57_3spk_1.wav,4.0,4,mean_all_channels,6080.0,6084.0,173,3.979801860000407,4.0,6084.0,6084.000135188,0.00013518800005840603,0.5,1,1.0000000222202499,0.9949504650001018,2,Only define every sentence of a row yard,1,Let's take a minute to go on a solitary.,,6080.5599999999995,6082.38
348,2,mic_fileid_348_doa57_3spk_2.wav,4.0,4,mean_all_channels,6084.0,6088.0,173,3.9736735059996136,4.0,6088.0,6088.000103327,0.00010332700003345963,0.5,1,1.0000000169722405,0.9934183764999034,2,. I've lost more than a half the day of precious time. We'll take it and,3,The next incident that I remembered fairly was my attempt to cross the Columbia.,Let's take a minute to go on a solitary.,6083.099999999999,6087.9
348,3,mic_fileid_348_doa57_3spk_3.wav,4.0,4,mean_all_channels,6088.0,6092.0,173,3.9750456559995655,4.0,6092.0,6092.000131751,0.0001317509995715227,0.5,1,1.0000000216268876,0.9937614139998914,2,we'll show it in anxiety. Let's take a minute to go on a solitary.,1,[BLANK,The next incident that I remembered fairly was my attempt to cross the Columbia.,6088.94,6088.941
348,4,mic_fileid_348_doa57_3spk_4.wav,4.0,4,mean_all_channels,6092.0,6096.0,173,3.970971241999905,4.0,6096.0,6096.000072837,7.283699960680678e-05,0.5,1,1.0000000119483268,0.9927428104999763,2,The next incident that I remembered fairly was my attempt to cross the,2,_AUDIO The,[BLANK,6092.98,6093.741
348,5,mic_fileid_348_doa57_3spk_5.wav,4.0,4,mean_all_channels,6096.0,6100.0,173,3.9732858500001385,4.0,6100.0,6100.000109628,0.00010962800024572061,0.5,1,1.0000000179718034,0.9933214625000346,2,Columbia. [BLANK,2,ships the ship,_AUDIO The,6096.84,6098.741
349,1,mic_fileid_349_doa87_3spk_1.wav,4.0,4,mean_all_channels,6100.0,6104.0,166,3.973893472999407,4.0,6104.0,6104.00021785,0.00021784999989904463,0.5,1,1.0000000356897116,0.9934733682498518,1,_AUDIO,1,courage and good son to be a best son to me.,,6102.0199999999995,6105.139999999999
349,2,mic_fileid_349_doa87_3spk_2.wav,4.0,4,mean_all_channels,6104.0,6108.0,166,3.973096116000306,4.0,6108.0,6108.000079803,7.98029996076366e-05,0.5,1,1.0000000130653242,0.9932740290000766,2,The ships the,1,There is Mr. Shar,courage and good son to be a best son to me.,6105.9,6109.16
349,3,mic_fileid_349_doa87_3spk_3.wav,4.0,4,mean_all_channels,6108.0,6112.0,166,3.969623722999131,4.0,6112.0,6112.000139939,0.00013993900029163342,0.5,1,1.0000000228957788,0.9924059307497828,1,ship,1,pe at Wunder on the Great Fire,There is Mr. Shar,6109.32,6111.0
349,4,mic_fileid_349_doa87_3spk_4.wav,4.0,4,mean_all_channels,6112.0,6116.0,166,3.975488332000168,4.0,6116.0,6116.000255897,0.00025589699998818105,0.5,1,1.000000041840582,0.993872083000042,1,courage and good son to be a best son to me.,2,way Road. She was horribly modified . That's the true example that you,pe at Wunder on the Great Fire,6111.34,6115.16
350,1,mic_fileid_350_doa97_3spk_1.wav,4.0,4,mean_all_channels,6116.0,6120.0,216,3.9687773689993264,4.0,6120.0,6120.000075247,7.524699958594283e-05,0.5,1,1.0000000122952615,0.9921943422498316,2,There is Mr. Shar pe at Wunder on the Great Fire,2,can do. You have the funds put in for the non-teasing and there was half the city.,,6115.48,6119.179999999999
350,2,mic_fileid_350_doa97_3spk_2.wav,4.0,4,mean_all_channels,6120.0,6124.0,216,3.9728435440001704,4.0,6124.0,6124.000094401,9.440099984203698e-05,0.5,1,1.000000015414925,0.9932108860000426,2,way Road. She was horribly modified . That's the true example that you,2,And a picture full of sauce and apples with the cookies.,can do. You have the funds put in for the non-teasing and there was half the city.,6119.48,6122.16
350,3,mic_fileid_350_doa97_3spk_3.wav,4.0,4,mean_all_channels,6124.0,6128.0,216,3.973012502000529,4.0,6128.0,6128.000080117,8.011699992493959e-05,0.5,1,1.000000013073923,0.9932531255001322,2,can do. You have the funds put in for the non-teasing and there was half the city.,2,But he was resolved to marry her. Maroon,And a picture full of sauce and apples with the cookies.,6124.16,6127.12
350,4,mic_fileid_350_doa97_3spk_4.wav,4.0,4,mean_all_channels,6128.0,6132.0,216,3.974767480999617,4.0,6132.0,6132.000086183,8.618300034868298e-05,0.5,1,1.0000000140546315,0.9936918702499042,2,And a picture full of sauce and apples with the cookies.,2,thought this such an extraordinary story that he ordered. This is the story I,But he was resolved to marry her. Maroon,6127.32,6131.08
351,1,mic_fileid_351_doa35_3spk_1.wav,4.0,4,mean_all_channels,6132.0,6136.0,35,3.9716468730002816,4.0,6136.0,6136.000087839,8.783900011621881e-05,0.5,1,1.000000014315352,0.9929117182500704,2,But he was resolved to marry her. Maroon,3,"referred to, and it's written in writing with all its circumstances. Enjoy them .",,6131.3,6135.401
351,2,mic_fileid_351_doa35_3spk_2.wav,4.0,4,mean_all_channels,6136.0,6140.0,35,3.9733369309997215,4.0,6140.0,6140.000146459,0.00014645899955212371,0.5,1,1.0000000238532571,0.9933342327499304,2,thought this such an extraordinary story that he ordered. This is the story I,1,This,"referred to, and it's written in writing with all its circumstances. Enjoy them .",6137.74,6137.741
351,3,mic_fileid_351_doa35_3spk_3.wav,4.0,4,mean_all_channels,6140.0,6144.0,35,3.971337224999843,4.0,6144.0,6144.000094832,9.483200028626015e-05,0.5,1,1.0000000154348958,0.9928343062499607,2,"referred to, and it's written in writing with all its circumstances. Enjoy them",2,example the house of,This,6141.5199999999995,6142.941
352,1,mic_fileid_352_doa234_3spk_1.wav,4.0,4,mean_all_channels,6144.0,6148.0,234,3.976494105999336,4.0,6148.0,6148.0001738989995,0.00017389899949193932,0.5,1,1.0000000282854586,0.994123526499834,1,.,1,their activity and cleanse their teeth from the erosion,,6144.66,6146.98
352,2,mic_fileid_352_doa234_3spk_2.wav,4.0,4,mean_all_channels,6148.0,6152.0,234,3.973924349000299,4.0,6152.0,6152.00012445,0.00012444999993022066,0.5,1,1.0000000202291937,0.9934810872500748,2,This example the house,2,or endowments. for the det,their activity and cleanse their teeth from the erosion,6147.54,6152.9
352,3,mic_fileid_352_doa234_3spk_3.wav,4.0,4,mean_all_channels,6152.0,6156.0,234,3.9729474650002885,4.0,6156.0,6156.0002155659995,0.0002155659994969028,0.5,1,1.000000035017219,0.9932368662500721,2,of their activity and cleanse their teeth from the erosion,1,on said uncle John I say,or endowments. for the det,6153.179999999999,6155.139999999999
352,4,mic_fileid_352_doa234_3spk_4.wav,4.0,4,mean_all_channels,6156.0,6160.0,234,3.9718898250002894,4.0,6160.0,6160.000156375,0.00015637500018783612,0.5,1,1.0000000253855519,0.9929724562500724,1,or endowments.,2,"I've got three reasons as fine a trio of intelligent, sweet and",on said uncle John I say,6155.42,6159.139999999999
353,1,mic_fileid_353_doa27_3spk_1.wav,4.0,4,mean_all_channels,6160.0,6164.0,354,3.9707475269997303,4.0,6164.0,6164.000091495,9.149499965133145e-05,0.5,1,1.0000000148434458,0.9926868817499326,2,for the det on said uncle John I say,2,attractive young women as well as across in a market some days,,6159.26,6162.48
353,2,mic_fileid_353_doa27_3spk_2.wav,4.0,4,mean_all_channels,6164.0,6168.0,354,3.970659192000312,4.0,6168.0,6168.000092916,9.291599963034969e-05,0.5,1,1.0000000150642023,0.992664798000078,2,"I've got three reasons as fine a trio of intelligent, sweet and",2,I dare you to deny it. You're not part of me.,attractive young women as well as across in a market some days,6163.38,6166.38
353,3,mic_fileid_353_doa27_3spk_3.wav,4.0,4,mean_all_channels,6168.0,6172.0,354,3.9765848859997277,4.0,6172.0,6172.0000969699995,9.696999950392637e-05,0.5,1,1.0000000157112767,0.9941462214999319,2,attractive young women as well as across in a market some days,3,A picture to raise the heart of the onlooker of envy is sent to be according to his nature,I dare you to deny it. You're not part of me.,6168.28,6172.48
353,4,mic_fileid_353_doa27_3spk_4.wav,4.0,4,mean_all_channels,6172.0,6176.0,354,3.9806570629998532,4.0,6176.0,6176.000082908,8.290799996757414e-05,0.5,1,1.0000000134242228,0.9951642657499633,2,I dare you to deny it. You're not part of me.,1,. But there was only one on the first,A picture to raise the heart of the onlooker of envy is sent to be according to his nature,6173.44,6175.04
354,1,mic_fileid_354_doa100_3spk_1.wav,4.0,4,mean_all_channels,6176.0,6180.0,331,3.974231427000632,4.0,6180.0,6180.00010237,0.00010236999969492899,0.5,1,1.000000016564725,0.993557856750158,2,A picture to raise the heart of the onlooker of envy is,2,. A man of 40 years there had. Who paused for an instant under,,6175.34,6179.12
354,2,mic_fileid_354_doa100_3spk_2.wav,4.0,4,mean_all_channels,6180.0,6184.0,331,3.978083320999758,4.0,6184.0,6184.0000839409995,8.394099950237432e-05,0.5,1,1.0000000135739002,0.9945208302499395,2,sent to be according to his nature . But there was only one on the first,3,the grand gate of the castle and took in the whole charge remaining of the scene.,. A man of 40 years there had. Who paused for an instant under,6179.4,6183.82
354,3,mic_fileid_354_doa100_3spk_3.wav,4.0,4,mean_all_channels,6184.0,6188.0,331,3.977579823999804,4.0,6188.0,6188.000144748999,0.00014474899944616482,0.5,1,1.0000000233918875,0.994394955999951,2,. A man of 40 years there had. Who paused for an instant under,0,,the grand gate of the castle and took in the whole charge remaining of the scene.,,
354,4,mic_fileid_354_doa100_3spk_4.wav,4.0,4,mean_all_channels,6188.0,6192.0,331,3.9758593809992817,4.0,6192.0,6192.000130386999,0.00013038699944445398,0.5,1,1.0000000210573319,0.9939648452498204,2,the grand gate of the castle and took in the whole charge remaining of the,3,[INAUDIBLE] [INAUDIBLE ],,6188.5199999999995,6191.921
354,5,mic_fileid_354_doa100_3spk_5.wav,4.0,4,mean_all_channels,6192.0,6196.0,331,3.9800616799993804,4.0,6196.0,6196.000097194,9.719399986352073e-05,0.5,1,1.000000015686572,0.9950154199998451,1,scene.,1,[,[INAUDIBLE] [INAUDIBLE ],6194.5599999999995,6194.561
355,1,mic_fileid_355_doa22_3spk_1.wav,4.0,4,mean_all_channels,6196.0,6200.0,285,3.980838292000044,4.0,6200.0,6200.000128907,0.00012890699963463703,0.5,1,1.0000000207914514,0.995209573000011,2,[INAUDIBLE] [INAUDIBLE,2,BLANK_AUDIO But she does have a good relationship with children.,,6196.74,6201.179999999999
355,2,mic_fileid_355_doa22_3spk_2.wav,4.0,4,mean_all_channels,6200.0,6204.0,285,3.9813158450006085,4.0,6204.0,6204.000090895,9.089499963010894e-05,0.5,1,1.0000000146510315,0.9953289612501521,2,] [,2,She's an individual fruit. [BLANK,BLANK_AUDIO But she does have a good relationship with children.,6201.181,6203.7210000000005
355,3,mic_fileid_355_doa22_3spk_3.wav,4.0,4,mean_all_channels,6204.0,6208.0,285,3.980755648000013,4.0,6208.0,6208.000428518,0.0004285180002625566,0.5,1,1.0000000690267397,0.9951889120000033,1,BLANK_AUDIO,0,,She's an individual fruit. [BLANK,,
355,4,mic_fileid_355_doa22_3spk_4.wav,4.0,4,mean_all_channels,6208.0,6212.0,285,3.978961199000878,4.0,6212.0,6212.000083062,8.306200015795184e-05,0.5,1,1.000000013371217,0.9947402997502195,2,But she does have a good relationship with children. She's an individual fruit.,1,But to whom they had laterally opened money. The letters hint,,6208.24,6211.179999999999
355,5,mic_fileid_355_doa22_3spk_5.wav,4.0,4,mean_all_channels,6212.0,6216.0,285,3.9792497629996433,4.0,6216.0,6216.000124845,0.00012484499984566355,0.5,1,1.0000000200844594,0.9948124407499108,1,[BLANK,2,ed at the utter insolvency of this manufacturer . They had urged their,But to whom they had laterally opened money. The letters hint,6211.42,6215.179999999999
356,1,mic_fileid_356_doa17_3spk_1.wav,4.0,4,mean_all_channels,6216.0,6220.0,181,3.9791520290000335,4.0,6220.0,6220.000135834,0.00013583399959316012,0.5,1,1.0000000218382636,0.9947880072500084,1,But to whom they had laterally opened money. The letters hint,3,"course, but I gave them this even confidence and this morning's letter has rotted.",,6215.44,6219.54
356,2,mic_fileid_356_doa17_3spk_2.wav,4.0,4,mean_all_channels,6220.0,6224.0,181,3.975932590999946,4.0,6224.0,6224.000107385,0.00010738499986473471,0.5,1,1.000000017253374,0.9939831477499865,2,ed at the utter insolvency of this manufacturer . They had urged their,1,"So,","course, but I gave them this even confidence and this morning's letter has rotted.",6220.86,6221.0
356,3,mic_fileid_356_doa17_3spk_3.wav,4.0,4,mean_all_channels,6224.0,6228.0,181,3.9820938269995168,4.0,6228.0,6228.000125682,0.00012568199963425286,0.5,1,1.000000020180154,0.9955234567498792,2,"course, but I gave them this even confidence and this morning's letter has",1,"Well, to you, everything I found out to you are","So,",6224.639999999999,6226.88
356,4,mic_fileid_356_doa17_3spk_4.wav,4.0,4,mean_all_channels,6228.0,6232.0,181,3.9803999489995476,4.0,6232.0,6232.000247743,0.0002477429998180014,0.5,1,1.0000000397533697,0.9950999872498869,2,"rotted. So,",2,"not doing, and that is why you cannot rest. I think","Well, to you, everything I found out to you are",6227.32,6230.94
357,1,mic_fileid_357_doa155_3spk_1.wav,4.0,4,mean_all_channels,6232.0,6236.0,234,3.9687455399998726,4.0,6236.0,6236.000112299,0.00011229899973841384,0.5,1,1.0000000180081783,0.9921863849999681,1,"Well, to you, everything I found out to you are",2,Jesus would give no rest except in the way of the burning of him.,,6231.22,6234.96
357,2,mic_fileid_357_doa155_3spk_2.wav,4.0,4,mean_all_channels,6236.0,6240.0,234,3.9804916880002565,4.0,6240.0,6240.000101742,0.0001017419999698177,0.5,1,1.0000000163048077,0.9951229220000641,2,"not doing, and that is why you cannot rest. I think",2,When sub ceased .,Jesus would give no rest except in the way of the burning of him.,6236.34,6238.541
357,3,mic_fileid_357_doa155_3spk_3.wav,4.0,4,mean_all_channels,6240.0,6244.0,234,3.9820334250007363,4.0,6244.0,6244.000114362,0.00011436200020398246,0.5,1,1.000000018315503,0.9955083562501841,2,Jesus would give no rest except in the way of the burning of him.,2,And my parents had an infant and a first-born child.,When sub ceased .,6240.28,6243.66
357,4,mic_fileid_357_doa155_3spk_4.wav,4.0,4,mean_all_channels,6244.0,6248.0,234,3.9762241190001077,4.0,6248.0,6248.00008055,8.055000034801196e-05,0.5,1,1.0000000128921256,0.9940560297500269,2,When sub ceased .,1,I have been some kids who understand so far to the rest,And my parents had an infant and a first-born child.,6243.7,6246.58
358,1,mic_fileid_358_doa96_3spk_1.wav,4.0,4,mean_all_channels,6248.0,6252.0,326,3.9764482279997537,4.0,6252.0,6252.000121498,0.00012149800022598356,0.5,1,1.0000000194334613,0.9941120569999384,1,And my parents had an infant and a first-born,3,"of the family, so I expect every possible way. That's right.",,6246.94,6251.24
358,2,mic_fileid_358_doa96_3spk_2.wav,4.0,4,mean_all_channels,6252.0,6256.0,326,3.9742378000000826,4.0,6256.0,6256.000141881,0.00014188099976308877,0.5,1,1.0000000226791879,0.9935594500000207,2,child. I have been some kids who understand so far to the rest,1,pulled around with wrong attempts. She heard an in-wrong test behind,"of the family, so I expect every possible way. That's right.",6253.94,6257.099999999999
358,3,mic_fileid_358_doa96_3spk_3.wav,4.0,4,mean_all_channels,6256.0,6260.0,326,3.978231157000664,4.0,6260.0,6260.0000921539995,9.215399950335268e-05,0.5,1,1.0000000147210861,0.994557789250166,2,"of the family, so I expect every possible way.",2,her chair. What was that,pulled around with wrong attempts. She heard an in-wrong test behind,6257.42,6261.16
359,1,mic_fileid_359_doa92_3spk_1.wav,4.0,4,mean_all_channels,6260.0,6264.0,291,3.976070886999878,4.0,6264.0,6264.000125507,0.00012550700012070592,0.5,1,1.000000020036239,0.9940177217499695,1,That's right.,2,? It was a short crack and the tiny gesticulating figure,,6261.36,6264.82
359,2,mic_fileid_359_doa92_3spk_2.wav,4.0,4,mean_all_channels,6264.0,6268.0,291,3.978919539999879,4.0,6268.0,6268.000127193,0.00012719299957097974,0.5,1,1.0000000202924377,0.9947298849999697,2,pulled around with wrong attempts. She heard an in-wrong test behind her chair.,2,stuck in back of stuff. These eyes were,? It was a short crack and the tiny gesticulating figure,6265.2,6269.0
359,3,mic_fileid_359_doa92_3spk_3.wav,4.0,4,mean_all_channels,6268.0,6272.0,291,3.9754944280002746,4.0,6272.0,6272.000116086,0.00011608600016188575,0.5,1,1.0000000185086098,0.9938736070000687,2,What was that ?,1,closed. This countenance pale,stuck in back of stuff. These eyes were,6269.22,6270.88
359,4,mic_fileid_359_doa92_3spk_4.wav,4.0,4,mean_all_channels,6272.0,6276.0,291,3.980700765999245,4.0,6276.0,6276.000071095,7.109499983926071e-05,0.5,1,1.0000000113280751,0.9951751914998113,2,It was a short crack and the tiny gesticulating figure stuck in back of stuff.,3,", disfigured and bath ed in tears. She gazed earnestly on him. Her heart",closed. This countenance pale,6271.34,6277.12
360,1,mic_fileid_360_doa3_3spk_1.wav,4.0,4,mean_all_channels,6276.0,6280.0,104,3.981821241000034,4.0,6280.0,6280.000118535,0.00011853500018332852,0.5,1,1.000000018875,0.9954553102500086,2,These eyes were closed. This countenance pale,1,beat. She fancied to be,,6277.22,6279.179999999999
360,2,mic_fileid_360_doa3_3spk_2.wav,4.0,4,mean_all_channels,6280.0,6284.0,104,3.9821250169998166,4.0,6284.0,6284.00010864,0.00010863999978028005,0.5,1,1.0000000172883514,0.9955312542499541,2,", disfigured and bath ed in tears.",3,"Hellgowns, but yeah. She would not believe her eyes .",beat. She fancied to be,6279.4,6283.621
360,3,mic_fileid_360_doa3_3spk_3.wav,4.0,4,mean_all_channels,6284.0,6288.0,104,3.9820424469999125,4.0,6288.0,6288.000109722,0.00010972200016112765,0.5,1,1.0000000174494275,0.9955106117499781,2,She gazed earnestly on him. Her heart beat. She fancied to be,0,,"Hellgowns, but yeah. She would not believe her eyes .",,
360,4,mic_fileid_360_doa3_3spk_4.wav,4.0,4,mean_all_channels,6288.0,6292.0,104,3.98094717999993,4.0,6292.0,6292.000078464,7.84639996709302e-05,0.5,1,1.0000000124704387,0.9952367949999825,2,"Hellgowns, but yeah. She would not believe her eyes",2,"White fellow, being in search of the oysters and stalling",,6288.179999999999,6291.139999999999
360,5,mic_fileid_360_doa3_3spk_5.wav,4.0,4,mean_all_channels,6292.0,6296.0,104,3.9788096550000773,4.0,6296.0,6296.0001741099995,0.00017410999953426654,0.5,1,1.000000027654066,0.9947024137500193,1,.,2,them in their own liquor. Then adds it well strength to the broth.,"White fellow, being in search of the oysters and stalling",6291.36,6295.099999999999
361,1,mic_fileid_361_doa8_3spk_1.wav,4.0,4,mean_all_channels,6296.0,6300.0,230,3.980716060999839,4.0,6300.0,6300.0001262079995,0.00012620799952856032,0.5,1,1.0000000200330157,0.9951790152499598,2,"White fellow, being in search of the oysters and stalling",2,Or they can put the butter in flour and set it for one quarter of an hour,,6295.34,6299.16
361,2,mic_fileid_361_doa8_3spk_2.wav,4.0,4,mean_all_channels,6300.0,6304.0,230,3.9803639579995433,4.0,6304.0,6304.000160993,0.00016099299955385504,0.5,1,1.0000000255382295,0.9950909894998858,2,them in their own liquor. Then adds it well strength to the broth.,2,". Go to the oysters, stir well.",Or they can put the butter in flour and set it for one quarter of an hour,6299.5599999999995,6301.7
361,3,mic_fileid_361_doa8_3spk_3.wav,4.0,4,mean_all_channels,6304.0,6308.0,230,3.977637416000107,4.0,6308.0,6308.000120093,0.00012009300007775892,0.5,1,1.0000000190382055,0.9944093540000267,2,Or they can put the butter in flour and set it for one quarter of an hour,3,Miss White's replacement date is September 21 st.,". Go to the oysters, stir well.",6304.44,6307.48
361,4,mic_fileid_361_doa8_3spk_4.wav,4.0,4,mean_all_channels,6308.0,6312.0,230,3.9801539370000683,4.0,6312.0,6312.000153932,0.00015393200010294095,0.5,1,1.000000024387199,0.9950384842500171,2,". Go to the oysters, stir well.",1,You remember,Miss White's replacement date is September 21 st.,6309.679999999999,6311.04
362,1,mic_fileid_362_doa47_3spk_1.wav,4.0,4,mean_all_channels,6312.0,6316.0,265,3.969526244000008,4.0,6316.0,6316.0001175259995,0.00011752599948522402,0.5,1,1.000000018607663,0.992381561000002,2,Miss White's replacement date is September 21,3,I said that four hypotheses were possible . The robbery was committed either by Runeau and by Walter,,6311.34,6316.78
362,2,mic_fileid_362_doa47_3spk_2.wav,4.0,4,mean_all_channels,6316.0,6320.0,265,3.9806117170001016,4.0,6320.0,6320.000126204,0.00012620399957086192,0.5,1,1.0000000199689874,0.9951529292500254,2,st. You remember,2,", by John Hornby, or by some other person .",I said that four hypotheses were possible . The robbery was committed either by Runeau and by Walter,6317.179999999999,6319.861
362,3,mic_fileid_362_doa47_3spk_3.wav,4.0,4,mean_all_channels,6320.0,6324.0,265,3.9778450090007027,4.0,6324.0,6324.000105659,0.00010565899992798222,0.5,1,1.0000000167076217,0.9944612522501757,2,I said that four hypotheses were possible .,0,,", by John Hornby, or by some other person .",,
362,4,mic_fileid_362_doa47_3spk_4.wav,4.0,4,mean_all_channels,6324.0,6328.0,265,3.9774940990000687,4.0,6328.0,6328.0001197639995,0.00011976399946433958,0.5,1,1.000000018926043,0.9943735247500172,2,"The robbery was committed either by Runeau and by Walter , by John Hornby, or by some other person",2,And you turn all the stage of the multiracial side of the compliant,,6324.4,6326.82
362,5,mic_fileid_362_doa47_3spk_5.wav,4.0,4,mean_all_channels,6328.0,6332.0,265,3.9790684300005523,4.0,6332.0,6332.000110542,0.00011054199967475142,0.5,1,1.0000000174576753,0.9947671075001381,1,.,2,answer to all the announcements. Beware of the darkness,And you turn all the stage of the multiracial side of the compliant,6327.38,6330.72
363,1,mic_fileid_363_doa95_3spk_1.wav,4.0,4,mean_all_channels,6332.0,6336.0,336,3.982816384999751,4.0,6336.0,6336.000112336,0.00011233599980187137,0.5,1,1.0000000177297979,0.9957040962499377,2,And you turn all the stage of the multiracial side of the compliant,3,", heart, and spirit reversed to the experience better. (indistinct)",,6331.26,6335.88
363,2,mic_fileid_363_doa95_3spk_2.wav,4.0,4,mean_all_channels,6336.0,6340.0,336,3.9817197450001913,4.0,6340.0,6340.000131442,0.00013144199965609005,0.5,1,1.0000000207321766,0.9954299362500478,2,answer to all the announcements. Beware of the darkness,0,,", heart, and spirit reversed to the experience better. (indistinct)",,
363,3,mic_fileid_363_doa95_3spk_3.wav,4.0,4,mean_all_channels,6340.0,6344.0,336,3.9818509160004396,4.0,6344.0,6344.000136547,0.0001365469997836044,0.5,1,1.000000021523802,0.9954627290001099,2,", heart, and spirit reversed to the experience better.",3,You can also use a third pity you can't realize yourself.,,6340.54,6343.94
363,4,mic_fileid_363_doa95_3spk_4.wav,4.0,4,mean_all_channels,6344.0,6348.0,336,3.9761036480003895,4.0,6348.0,6348.0001239329995,0.00012393299948598724,0.5,1,1.0000000195231569,0.9940259120000974,1,(indistinct),2,But I have real time to look for another nurse now,You can also use a third pity you can't realize yourself.,6344.3,6347.78
364,1,mic_fileid_364_doa50_3spk_1.wav,4.0,4,mean_all_channels,6348.0,6352.0,345,3.976400327000192,4.0,6352.0,6352.000130496,0.00013049599965597736,0.5,1,1.0000000205440807,0.994100081750048,2,You can also use a third pity you can't realize,1,". So you will do your best, I hope.",,6348.24,6350.76
364,2,mic_fileid_364_doa50_3spk_2.wav,4.0,4,mean_all_channels,6352.0,6356.0,345,3.977909159999399,4.0,6356.0,6356.000117156,0.00011715599976014346,0.5,1,1.0000000184323474,0.9944772899998497,2,yourself. But I have real time to look for another,2,"Dear, dear , I'm so proud of you.",". So you will do your best, I hope.",6352.0599999999995,6354.599999999999
364,3,mic_fileid_364_doa50_3spk_3.wav,4.0,4,mean_all_channels,6356.0,6360.0,345,3.9780901829999493,4.0,6360.0,6360.000138361,0.00013836099969921634,0.5,1,1.0000000217548741,0.9945225457499873,2,"nurse now . So you will do your best, I hope.",3,"And we try to make the story of ancient iron civilization,","Dear, dear , I'm so proud of you.",6356.22,6360.66
364,4,mic_fileid_364_doa50_3spk_4.wav,4.0,4,mean_all_channels,6360.0,6364.0,345,3.97877206999965,4.0,6364.0,6364.000082065,8.206500024243724e-05,0.5,1,1.0000000128951918,0.9946930174999125,2,"Dear, dear , I'm so proud of you.",1,"peace and stability, my language","And we try to make the story of ancient iron civilization,",6361.28,6362.94
365,1,mic_fileid_365_doa174_3spk_1.wav,4.0,4,mean_all_channels,6364.0,6368.0,212,3.9755111829999805,4.0,6368.0,6368.000104401,0.00010440099958941573,0.5,1,1.0000000163946294,0.9938777957499951,2,And we try to make the story of ancient,2,", and account for the condition of the criminal.",,6363.7,6366.34
365,2,mic_fileid_365_doa174_3spk_2.wav,4.0,4,mean_all_channels,6368.0,6372.0,212,3.9709348970000065,4.0,6372.0,6372.000122332,0.00012233199959155172,0.5,1,1.0000000191983678,0.9927337242500016,2,"iron civilization, peace and stability, my language",3,"But as you speak for yourself , I need not describe it further .",", and account for the condition of the criminal.",6367.54,6371.261
365,3,mic_fileid_365_doa174_3spk_3.wav,4.0,4,mean_all_channels,6372.0,6376.0,212,3.973602746999859,4.0,6376.0,6376.000104679,0.00010467900028743315,0.5,1,1.0000000164176601,0.9934006867499647,2,", and account for the condition of the criminal.",0,,"But as you speak for yourself , I need not describe it further .",,
365,4,mic_fileid_365_doa174_3spk_4.wav,4.0,4,mean_all_channels,6376.0,6380.0,212,3.9813264739996157,4.0,6380.0,6380.000116581,0.00011658099992928328,0.5,1,1.000000018272884,0.9953316184999039,2,"But as you speak for yourself , I need not describe it further",3,Up step the students' tolerance and not upon the door.,,6376.7,6379.62
365,5,mic_fileid_365_doa174_3spk_5.wav,4.0,4,mean_all_channels,6380.0,6384.0,212,3.9820628659999784,4.0,6384.0,6384.000111213,0.00011121300030936254,0.5,1,1.0000000174205828,0.9955157164999946,1,.,2,"It's wrapped, wrapped, wrapped, wrapped, and by is open to craft.",Up step the students' tolerance and not upon the door.,6380.0599999999995,6384.139999999999
366,1,mic_fileid_366_doa75_3spk_1.wav,4.0,4,mean_all_channels,6384.0,6388.0,180,3.981928123000216,4.0,6388.0,6388.000112722,0.00011272200026724022,0.5,1,1.0000000176458985,0.995482030750054,2,Up step the students' tolerance and not upon,2,Here's to anything that you might like. The glitter eye and the cooking. For now,,6384.3,6388.96
366,2,mic_fileid_366_doa75_3spk_2.wav,4.0,4,mean_all_channels,6388.0,6392.0,180,3.976229640999918,4.0,6392.0,6392.000122268,0.00012226800026837736,0.5,1,1.0000000191282854,0.9940574102499795,2,"the door. It's wrapped, wrapped, wrapped, wrapped, and by is",1,", there's a real twig.",Here's to anything that you might like. The glitter eye and the cooking. For now,6389.28,6390.5599999999995
366,3,mic_fileid_366_doa75_3spk_3.wav,4.0,4,mean_all_channels,6392.0,6396.0,180,3.9797179440001855,4.0,6396.0,6396.000163713,0.0001637129998925957,0.5,1,1.0000000255961539,0.9949294860000464,2,open to craft. Here's to anything that you might like.,2,"It was your own heart, sinking with alarm",", there's a real twig.",6392.28,6394.82
366,4,mic_fileid_366_doa75_3spk_4.wav,4.0,4,mean_all_channels,6396.0,6400.0,180,3.9816258450000532,4.0,6400.0,6400.00014747,0.00014747000022907741,0.5,1,1.0000000230421875,0.9954064612500133,2,"The glitter eye and the cooking. For now , there's a real twig.",2,and terror and overflowing with lunch. She opened the,"It was your own heart, sinking with alarm",6395.48,6399.139999999999
367,1,mic_fileid_367_doa110_3spk_1.wav,4.0,4,mean_all_channels,6400.0,6404.0,261,3.980690762999984,4.0,6404.0,6404.000155987,0.00015598699974361807,0.5,1,1.0000000243577452,0.995172690749996,2,"It was your own heart, sinking with alarm",3,door and stepped across the threshold and onto the cold dance curtain floor of the passage.,,6399.4,6404.26
367,2,mic_fileid_367_doa110_3spk_2.wav,4.0,4,mean_all_channels,6404.0,6408.0,261,3.9760527640000873,4.0,6408.0,6408.000063317,6.331700024020392e-05,0.5,1,1.00000000988093,0.9940131910000218,2,and terror and overflowing with lunch. She opened the,2,The cold she felt refreshed her .,door and stepped across the threshold and onto the cold dance curtain floor of the passage.,6405.2,6406.961
367,3,mic_fileid_367_doa110_3spk_3.wav,4.0,4,mean_all_channels,6408.0,6412.0,261,3.980717779999395,4.0,6412.0,6412.000117426,0.00011742599963326938,0.5,1,1.0000000183134747,0.9951794449998488,2,door and stepped across the threshold and onto the cold dance curtain floor,0,,The cold she felt refreshed her .,,
367,4,mic_fileid_367_doa110_3spk_4.wav,4.0,4,mean_all_channels,6412.0,6416.0,261,3.979586640999514,4.0,6416.0,6416.000138278,0.00013827800012222724,0.5,1,1.0000000215520575,0.9948966602498786,2,of the passage. The cold she felt refreshed her,3,Let's move the projects before him approaching an inevitable disaster,,6412.42,6415.84
367,5,mic_fileid_367_doa110_3spk_5.wav,4.0,4,mean_all_channels,6416.0,6420.0,261,3.9771638249994794,4.0,6420.0,6420.000244238,0.0002442380000502453,0.5,1,1.0000000380433023,0.9942909562498699,1,.,1,.,Let's move the projects before him approaching an inevitable disaster,6417.58,6417.581
368,1,mic_fileid_368_doa76_3spk_1.wav,4.0,4,mean_all_channels,6420.0,6424.0,76,3.973638604000371,4.0,6424.0,6424.000139463,0.00013946299986855593,0.5,1,1.0000000217096825,0.9934096510000927,2,Let's move the projects before him approaching an,2,[ inaudible] An ambitious man too,,6420.34,6425.16
368,2,mic_fileid_368_doa76_3spk_2.wav,4.0,4,mean_all_channels,6424.0,6428.0,76,3.973602101000324,4.0,6428.0,6428.00009462,9.461999979976099e-05,0.5,1,1.000000014719975,0.993400525250081,2,inevitable disaster .,1,.,[ inaudible] An ambitious man too,6425.36,6425.361
368,3,mic_fileid_368_doa76_3spk_3.wav,4.0,4,mean_all_channels,6428.0,6432.0,76,3.9729900370002724,4.0,6432.0,6432.000076579,7.657900005142437e-05,0.5,1,1.0000000119059391,0.9932475092500681,1,[,3,That's where the college is going to be. I don't know if we're going to be,.,6427.5,6432.36
368,4,mic_fileid_368_doa76_3spk_4.wav,4.0,4,mean_all_channels,6432.0,6436.0,76,3.979222903999471,4.0,6436.0,6436.000116856,0.00011685600020427955,0.5,1,1.000000018156619,0.9948057259998677,2,inaudible] An ambitious man too .,2,"able to do that. So, why do you do it?",That's where the college is going to be. I don't know if we're going to be,6432.86,6435.5599999999995
369,1,mic_fileid_369_doa27_3spk_1.wav,4.0,4,mean_all_channels,6436.0,6440.0,75,3.9712340830001267,4.0,6440.0,6440.000156378,0.00015637799970136257,0.5,1,1.0000000242822982,0.9928085207500317,2,That's where the college is going to be.,1,I'm not without money.,,6436.34,6437.179999999999
369,2,mic_fileid_369_doa27_3spk_2.wav,4.0,4,mean_all_channels,6440.0,6444.0,75,3.9718260559993723,4.0,6444.0,6444.000139727,0.00013972699980513426,0.5,1,1.0000000216832712,0.9929565139998431,2,I don't know if we're going to be able to do that.,2,I'm not sure what's going on here.,I'm not without money.,6440.3,6442.62
369,3,mic_fileid_369_doa27_3spk_3.wav,4.0,4,mean_all_channels,6444.0,6448.0,75,3.976353743999425,4.0,6448.0,6448.000147362,0.00014736199955223128,0.5,1,1.000000022853908,0.9940884359998563,2,"So, why do you do it? I'm not without money.",2,I'm going to try and work on some of my Steven Sky,I'm not sure what's going on here.,6444.599999999999,6446.9
369,4,mic_fileid_369_doa27_3spk_4.wav,4.0,4,mean_all_channels,6448.0,6452.0,75,3.9720668680001836,4.0,6452.0,6452.000132811,0.00013281100018502912,0.5,1,1.00000002058447,0.9930167170000459,2,I'm not sure what's going on here.,2,wars lower body which is preparation to travel to Him.,I'm going to try and work on some of my Steven Sky,6447.28,6451.139999999999
370,1,mic_fileid_370_doa148_3spk_1.wav,4.0,4,mean_all_channels,6452.0,6456.0,297,3.9740185750006276,4.0,6456.0,6456.000122701,0.00012270099978195503,0.5,1,1.000000019005731,0.9935046437501569,2,I'm going to try and work on some of my Steven Sky,2,He had brought you two large canoe-line missions. He had,,6451.76,6455.04
370,2,mic_fileid_370_doa148_3spk_2.wav,4.0,4,mean_all_channels,6456.0,6460.0,297,3.9776845599999433,4.0,6460.0,6460.000118514,0.00011851399995066458,0.5,1,1.0000000183458204,0.9944211399999858,2,wars lower body which is preparation to travel to Him.,2,attempted to row up to the town and land with his men.,He had brought you two large canoe-line missions. He had,6455.22,6458.28
370,3,mic_fileid_370_doa148_3spk_3.wav,4.0,4,mean_all_channels,6460.0,6464.0,297,3.97700574099963,4.0,6464.0,6464.00013633,0.0001363299998047296,0.5,1,1.0000000210906559,0.9942514352499074,2,He had brought you two large canoe-line missions. He had,3,And he began to own crowbar on a stone in order to reduce it to 12% of the,attempted to row up to the town and land with his men.,6460.0199999999995,6464.46
370,4,mic_fileid_370_doa148_3spk_4.wav,4.0,4,mean_all_channels,6464.0,6468.0,297,3.9735829530000046,4.0,6468.0,6468.000126093,0.00012609300028998405,0.5,1,1.000000019494898,0.9933957382500012,2,attempted to row up to the town and land with his men.,2,"week. So, we're going",And he began to own crowbar on a stone in order to reduce it to 12% of the,6465.54,6469.0
371,1,mic_fileid_371_doa68_3spk_1.wav,4.0,4,mean_all_channels,6468.0,6472.0,306,3.9761110850004115,4.0,6472.0,6472.000091575,9.15749997147941e-05,0.5,1,1.0000000141494128,0.9940277712501029,2,And he began to own crowbar on a stone in order to reduce,1,to go down,,6469.001,6470.78
371,2,mic_fileid_371_doa68_3spk_2.wav,4.0,4,mean_all_channels,6472.0,6476.0,306,3.974188867000521,4.0,6476.0,6476.000128116,0.000128116000269074,0.5,1,1.0000000197831995,0.9935472167501302,2,it to 12% of the week.,3,with him until he formed it into the shape of a huge knife blade. [,to go down,6471.66,6475.921
371,3,mic_fileid_371_doa68_3spk_3.wav,4.0,4,mean_all_channels,6476.0,6480.0,306,3.9775743090003743,4.0,6480.0,6480.0000699229995,6.992299950070446e-05,0.5,1,1.0000000107905864,0.9943935772500936,2,"So, we're going to go down",0,,with him until he formed it into the shape of a huge knife blade. [,,
371,4,mic_fileid_371_doa68_3spk_4.wav,4.0,4,mean_all_channels,6480.0,6484.0,306,3.972384581999904,4.0,6484.0,6484.000125574,0.00012557399986690143,0.5,1,1.0000000193667489,0.993096145499976,2,with him until he formed it into the shape of a huge knife blade.,2,inaudible] over to the country at length Congress,,6480.08,6484.88
371,5,mic_fileid_371_doa68_3spk_5.wav,4.0,4,mean_all_channels,6484.0,6488.0,306,3.97522564800056,4.0,6488.0,6488.000123201,0.0001232009999512229,0.5,1,1.0000000189890568,0.99380641200014,1,[,1,have you sent the enlargement of the whole,inaudible] over to the country at length Congress,6485.5,6487.179999999999
372,1,mic_fileid_372_doa161_3spk_1.wav,4.0,4,mean_all_channels,6488.0,6492.0,161,3.9704961939996792,4.0,6492.0,6492.000202821,0.00020282100012991577,0.5,1,1.0000000312416821,0.9926240484999198,1,inaudible],2,"library? They're librarian , Mr. Spoffers, but no one",,6487.42,6491.04
372,2,mic_fileid_372_doa161_3spk_2.wav,4.0,4,mean_all_channels,6492.0,6496.0,161,3.9783123769993836,4.0,6496.0,6496.000124857,0.00012485699971875874,0.5,1,1.0000000192205973,0.9945780942498459,2,over to the country at length Congress have you sent the enlargement of the whole,2,can purchase the whole mass. He wants to always do the spring cleaning,"library? They're librarian , Mr. Spoffers, but no one",6491.3,6494.599999999999
372,3,mic_fileid_372_doa161_3spk_3.wav,4.0,4,mean_all_channels,6496.0,6500.0,161,3.981724041000234,4.0,6500.0,6500.000135295,0.00013529500029108021,0.5,1,1.0000000208146154,0.9954310102500585,2,"library? They're librarian , Mr. Spoffers, but no one",2,. A few are meant for the summer. Here men,can purchase the whole mass. He wants to always do the spring cleaning,6496.34,6498.96
372,4,mic_fileid_372_doa161_3spk_4.wav,4.0,4,mean_all_channels,6500.0,6504.0,161,3.9793340269998225,4.0,6504.0,6504.000136373,0.00013637299980473472,0.5,1,1.0000000209675584,0.9948335067499556,2,can purchase the whole mass. He wants to always do the spring cleaning,3,built boats and rode away to the port and new clubs .,. A few are meant for the summer. Here men,6499.24,6503.381
373,1,mic_fileid_373_doa55_3spk_1.wav,4.0,4,mean_all_channels,6504.0,6508.0,176,3.978663830000187,4.0,6508.0,6508.000144564,0.0001445640000383719,0.5,1,1.0000000222132759,0.9946659575000467,2,. A few are meant for the summer. Here men,1,>> [INAUDIBLE],,6506.4,6506.74
373,2,mic_fileid_373_doa55_3spk_2.wav,4.0,4,mean_all_channels,6508.0,6512.0,176,3.9789651579994825,4.0,6512.0,6512.000107985,0.00010798499988595722,0.5,1,1.0000000165824632,0.9947412894998706,2,built boats and rode away to the port and new clubs,2,The captain's vegetable garden in the sand was growing rapidly .,>> [INAUDIBLE],6507.74,6511.201
373,3,mic_fileid_373_doa55_3spk_3.wav,4.0,4,mean_all_channels,6512.0,6516.0,176,3.981172902000253,4.0,6516.0,6516.000132872,0.00013287199999467703,0.5,1,1.0000000203916513,0.9952932255000633,2,. >> [INAUDIBLE],2,And I'm going to be talking about the American version of the song.,The captain's vegetable garden in the sand was growing rapidly .,6511.74,6513.88
373,4,mic_fileid_373_doa55_3spk_4.wav,4.0,4,mean_all_channels,6516.0,6520.0,176,3.9821596069996303,4.0,6520.0,6520.000108505,0.00010850499984371709,0.5,1,1.0000000166418712,0.9955399017499076,1,The captain's vegetable garden in the sand was growing rapidly,2,The song is about the pain of the heart,And I'm going to be talking about the American version of the song.,6516.22,6519.74
373,5,mic_fileid_373_doa55_3spk_5.wav,4.0,4,mean_all_channels,6520.0,6524.0,176,3.9817827959996066,4.0,6524.0,6524.000125064,0.00012506399980338756,0.5,1,1.0000000191698344,0.9954456989999017,2,. And I'm going to be talking about the American,2,. I will adapt your decision to the princess. She,The song is about the pain of the heart,6521.98,6525.0599999999995
374,1,mic_fileid_374_doa92_3spk_1.wav,4.0,4,mean_all_channels,6524.0,6528.0,253,3.9769288190000225,4.0,6528.0,6528.000117033,0.00011703299969667569,0.5,1,1.0000000179278492,0.9942322047500056,2,version of the song. The song is,1,will be much more delighted,,6525.2,6526.8
374,2,mic_fileid_374_doa92_3spk_2.wav,4.0,4,mean_all_channels,6528.0,6532.0,253,3.979495775000032,4.0,6532.0,6532.000120379,0.00012037899978167843,0.5,1,1.0000000184291182,0.994873943750008,2,about the pain of the heart .,3,and turned into the palace. Or a foreign nation or a nation. After 24,will be much more delighted,6527.42,6532.639999999999
374,3,mic_fileid_374_doa92_3spk_3.wav,4.0,4,mean_all_channels,6532.0,6536.0,253,3.9746611949994985,4.0,6536.0,6536.000124254,0.00012425400018400978,0.5,1,1.00000001901071,0.9936652987498746,2,I will adapt your decision to the princess. She will be much more delighted,1,eventful hours our two students of,and turned into the palace. Or a foreign nation or a nation. After 24,6533.2,6535.139999999999
374,4,mic_fileid_374_doa92_3spk_4.wav,4.0,4,mean_all_channels,6536.0,6540.0,253,3.9785796240003037,4.0,6540.0,6540.000149338,0.0001493379995736177,0.5,1,1.0000000228345565,0.9946449060000759,2,and turned into the palace.,2,human both surrounded themselves together again by the fireplace.,eventful hours our two students of,6535.38,6538.92
375,1,mic_fileid_375_doa192_3spk_1.wav,4.0,4,mean_all_channels,6540.0,6544.0,336,3.9801335330002985,4.0,6544.0,6544.000127922,0.00012792199959221762,0.5,1,1.0000000195479828,0.9950333832500746,2,Or a foreign nation or a nation. After 24 eventful hours our two students of,2,They had resumer over night conversations in,,6540.96,6543.04
375,2,mic_fileid_375_doa192_3spk_2.wav,4.0,4,mean_all_channels,6544.0,6548.0,336,3.982746201999362,4.0,6548.0,6548.000121843,0.00012184299976070179,0.5,1,1.0000000186076665,0.9956865504998405,2,human both surrounded themselves together again by the fireplace.,2,a state of considerable tension over the region.,They had resumer over night conversations in,6543.34,6546.92
375,3,mic_fileid_375_doa192_3spk_3.wav,4.0,4,mean_all_channels,6548.0,6552.0,336,3.98218733900012,4.0,6552.0,6552.0001557509995,0.00015575099951092852,0.5,1,1.00000002377152,0.99554683475003,2,They had resumer over night conversations in,3,I visualize them just as I could close my eyes and visualize them. For example,a state of considerable tension over the region.,6548.22,6552.5599999999995
375,4,mic_fileid_375_doa192_3spk_4.wav,4.0,4,mean_all_channels,6552.0,6556.0,336,3.980921973000477,4.0,6556.0,6556.0001384,0.00013839999974152306,0.5,1,1.0000000211104332,0.9952304932501193,2,a state of considerable tension over the region.,1,", the fireplace in the living room of my",I visualize them just as I could close my eyes and visualize them. For example,6553.32,6555.0599999999995
376,1,mic_fileid_376_doa40_3spk_1.wav,4.0,4,mean_all_channels,6556.0,6560.0,104,3.9804195670003537,4.0,6560.0,6560.000115338,0.00011533799988683313,0.5,1,1.000000017582012,0.9951048917500884,2,I visualize them just as I could close my eyes,3,own hide. I looked down at the girl . She was frowning at her eyes were very wide.,,6555.24,6560.28
376,2,mic_fileid_376_doa40_3spk_2.wav,4.0,4,mean_all_channels,6560.0,6564.0,104,3.9726946350001526,4.0,6564.0,6564.000123348,0.00012334799976088107,0.5,1,1.0000000187915905,0.9931736587500382,2,"and visualize them. For example , the fireplace in the living room of my",1,But it explains the remains of the,own hide. I looked down at the girl . She was frowning at her eyes were very wide.,6560.281,6561.8
376,3,mic_fileid_376_doa40_3spk_3.wav,4.0,4,mean_all_channels,6564.0,6568.0,104,3.9802070689993343,4.0,6568.0,6568.000148157,0.00014815699978498742,0.5,1,1.0000000225573995,0.9950517672498336,2,own hide. I looked down at the girl . She was frowning at her eyes,2,"In a low tone, as if not intended to the ear of the victim.",But it explains the remains of the,6564.24,6567.5
376,4,mic_fileid_376_doa40_3spk_4.wav,4.0,4,mean_all_channels,6568.0,6572.0,104,3.9795265109996762,4.0,6572.0,6572.000144196,0.00014419600029214052,0.5,1,1.0000000219409617,0.9948816277499191,2,were very wide. But it explains the remains of the,2,That's your bed. I am the expedition,"In a low tone, as if not intended to the ear of the victim.",6569.42,6572.5199999999995
377,1,mic_fileid_377_doa285_3spk_1.wav,4.0,4,mean_all_channels,6572.0,6576.0,285,3.9788271749994237,4.0,6576.0,6576.00021042,0.00021042000025772722,0.5,1,1.0000000319981752,0.9947067937498559,1,"In a low tone, as if not intended to the ear of the",2,of which that time disappears with a simple ridiculousity,,6573.24,6576.0599999999995
377,2,mic_fileid_377_doa285_3spk_2.wav,4.0,4,mean_all_channels,6576.0,6580.0,285,3.9814720639997176,4.0,6580.0,6580.000138806,0.0001388059999953839,0.5,1,1.0000000210951367,0.9953680159999294,2,victim. That's your bed.,1,.,of which that time disappears with a simple ridiculousity,6576.4,6576.401
377,3,mic_fileid_377_doa285_3spk_3.wav,4.0,4,mean_all_channels,6580.0,6584.0,285,3.9701685879999786,4.0,6584.0,6584.000080133,8.013299975573318e-05,0.5,1,1.0000000121708688,0.9925421469999947,2,I am the expedition of which that time disappears with a simple,2,The horrible flowing tool disappeared into,.,6580.179999999999,6583.12
377,4,mic_fileid_377_doa285_3spk_4.wav,4.0,4,mean_all_channels,6584.0,6588.0,285,3.976078708999921,4.0,6588.0,6588.000123774,0.0001237739998032339,0.5,1,1.000000018787796,0.9940196772499803,2,ridiculousity .,3,"the audience. We're like, as if it were a rabbit and fell far away on the snow.",The horrible flowing tool disappeared into,6583.32,6588.139999999999
378,1,mic_fileid_378_doa15_3spk_1.wav,4.0,4,mean_all_channels,6588.0,6592.0,85,3.9787398600001325,4.0,6592.0,6592.000109235,0.00010923500030912692,0.5,1,1.0000000165708436,0.9946849650000331,2,The horrible flowing tool disappeared into,1,Maybe you've seen a flask in one of these.,,6589.099999999999,6591.099999999999
378,2,mic_fileid_378_doa15_3spk_2.wav,4.0,4,mean_all_channels,6592.0,6596.0,85,3.975305109999681,4.0,6596.0,6596.000170601,0.00017060099980881205,0.5,1,1.0000000258643116,0.9938262774999203,2,"the audience. We're like, as if it were a rabbit and fell far away",3,The prisoner resumed. Do what you please. He was dis armed.,Maybe you've seen a flask in one of these.,6591.101,6595.72
378,3,mic_fileid_378_doa15_3spk_3.wav,4.0,4,mean_all_channels,6596.0,6600.0,85,3.974033221999889,4.0,6600.0,6600.000087112,8.711200007383013e-05,0.5,1,1.0000000131987878,0.9935083054999723,2,on the snow. Maybe you've seen a flask in one of these.,0,,The prisoner resumed. Do what you please. He was dis armed.,,
378,4,mic_fileid_378_doa15_3spk_4.wav,4.0,4,mean_all_channels,6600.0,6604.0,85,3.9774494960001903,4.0,6604.0,6604.000127483,0.00012748300014209235,0.5,1,1.0000000193039067,0.9943623740000476,2,The prisoner resumed. Do what you please. He was dis,2,"Her enmity did not stop at this. Oh, this",,6600.62,6602.76
378,5,mic_fileid_378_doa15_3spk_5.wav,4.0,4,mean_all_channels,6604.0,6608.0,85,3.979464375999669,4.0,6608.0,6608.000124637,0.00012463700022635749,0.5,1,1.0000000188615314,0.9948660939999172,1,armed.,2,is too much. But she likewise changed her slave into a cow,"Her enmity did not stop at this. Oh, this",6603.099999999999,6606.38
379,1,mic_fileid_379_doa53_3spk_1.wav,4.0,4,mean_all_channels,6608.0,6612.0,248,3.975807690999318,4.0,6612.0,6612.000117645,0.00011764499959099339,0.5,1,1.0000000177926496,0.9939519227498295,2,"Her enmity did not stop at this. Oh, this",2,and gave her also to my farmer .,,6607.38,6609.521
379,2,mic_fileid_379_doa53_3spk_2.wav,4.0,4,mean_all_channels,6612.0,6616.0,248,3.9803548259997115,4.0,6616.0,6616.000111759,0.00011175899999216199,0.5,1,1.000000016892231,0.9950887064999279,2,is too much. But she likewise changed her slave into a cow,3,The bear that my return I inquired for my mother and child in establishing property.,and gave her also to my farmer .,6610.98,6616.48
379,3,mic_fileid_379_doa53_3spk_3.wav,4.0,4,mean_all_channels,6616.0,6620.0,248,3.9775234240005375,4.0,6620.0,6620.000109144999,0.00010914499944192357,0.5,1,1.00000001648716,0.9943808560001344,2,and gave her also to my farmer .,2,Make sure the frogs are afraid of cranes. We have to be quite linear to look on.,The bear that my return I inquired for my mother and child in establishing property.,6616.481,6620.78
379,4,mic_fileid_379_doa53_3spk_4.wav,4.0,4,mean_all_channels,6620.0,6624.0,248,3.976579373000277,4.0,6624.0,6624.000126827,0.00012682699980359757,0.5,1,1.000000019146588,0.9941448432500692,2,The bear that my return I inquired for my mother and child in establishing,1,It was not long before another,Make sure the frogs are afraid of cranes. We have to be quite linear to look on.,6621.78,6622.88
380,1,mic_fileid_380_doa120_3spk_1.wav,4.0,4,mean_all_channels,6624.0,6628.0,216,3.9753442600003837,4.0,6628.0,6628.000083099,8.309900022140937e-05,0.5,1,1.0000000125375679,0.9938360650000959,2,property. Make sure the frogs are afraid of cranes.,2,"young crane began to skip and hop and circle around, but when drooping his wings",,6623.46,6627.0
380,2,mic_fileid_380_doa120_3spk_2.wav,4.0,4,mean_all_channels,6628.0,6632.0,216,3.9722737390002294,4.0,6632.0,6632.000150523,0.0001505230002294411,0.5,1,1.0000000226964716,0.9930684347500573,2,We have to be quite linear to look on. It was not long before another,3,"and whooping as he went, she asked the girl to read . And on the 16th","young crane began to skip and hop and circle around, but when drooping his wings",6627.26,6633.0
380,3,mic_fileid_380_doa120_3spk_3.wav,4.0,4,mean_all_channels,6632.0,6636.0,216,3.977439437000612,4.0,6636.0,6636.000161260999,0.00016126099944813177,0.5,1,1.0000000243009342,0.994359859250153,2,"young crane began to skip and hop and circle around, but when drooping his wings",1,"day, favored to an uncommon degree","and whooping as he went, she asked the girl to read . And on the 16th",6633.2,6634.86
380,4,mic_fileid_380_doa120_3spk_4.wav,4.0,4,mean_all_channels,6636.0,6640.0,216,3.9696019590001015,4.0,6640.0,6640.000151601,0.0001516009997430956,0.5,1,1.0000000228314758,0.9924004897500254,2,"and whooping as he went, she asked the girl to read",2,by a fine easterly previous or closed in with the barnabalms,"day, favored to an uncommon degree",6635.26,6638.679999999999
381,1,mic_fileid_381_doa212_3spk_1.wav,4.0,4,mean_all_channels,6640.0,6644.0,246,3.975525566000215,4.0,6644.0,6644.000137812,0.00013781199959339574,0.5,1,1.0000000207423239,0.9938813915000537,2,". And on the 16th day, favored to an uncommon degree",2,and run past Cape Deceit with its st ony peaks. About 3 o'clock,,6639.22,6642.98
381,2,mic_fileid_381_doa212_3spk_2.wav,4.0,4,mean_all_channels,6644.0,6648.0,246,3.9736194690003686,4.0,6648.0,6648.000137559,0.00013755899999523535,0.5,1,1.000000020691787,0.9934048672500921,2,by a fine easterly previous or closed in with the barnabalms,3,. Double the weather being Cape Horn. The evening was calm and bright .,and run past Cape Deceit with its st ony peaks. About 3 o'clock,6643.4,6647.481
381,3,mic_fileid_381_doa212_3spk_3.wav,4.0,4,mean_all_channels,6648.0,6652.0,246,3.97822996099967,4.0,6652.0,6652.000139489,0.0001394889995935955,0.5,1,1.0000000209694828,0.9945574902499175,2,and run past Cape Deceit with its st ony peaks. About 3 o'clock,0,,. Double the weather being Cape Horn. The evening was calm and bright .,,
381,4,mic_fileid_381_doa212_3spk_4.wav,4.0,4,mean_all_channels,6652.0,6656.0,246,3.973480741000458,4.0,6656.0,6656.000176662,0.0001766619998306851,0.5,1,1.0000000265417668,0.9933701852501144,2,. Double the weather being Cape Horn. The evening was calm and bright,3,I close the door and we have all made a bomb on him.,,6652.32,6655.46
381,5,mic_fileid_381_doa212_3spk_5.wav,4.0,4,mean_all_channels,6656.0,6660.0,246,3.9751692189993264,4.0,6660.0,6660.000175683,0.00017568299972481327,0.5,1,1.0000000263788287,0.9937923047498316,1,.,1,He was so handsome we didn't see how she could,I close the door and we have all made a bomb on him.,6657.3,6659.139999999999
382,1,mic_fileid_382_doa34_3spk_1.wav,4.0,4,mean_all_channels,6660.0,6664.0,193,3.9771685519999664,4.0,6664.0,6664.0001436269995,0.00014362699948833324,0.5,1,1.000000021552671,0.9942921379999916,2,I close the door and we have all made a bomb on,3,handle it. I tell you I need a dandy look at the couple when they're waiting together .,,6659.3,6663.581
382,2,mic_fileid_382_doa34_3spk_2.wav,4.0,4,mean_all_channels,6664.0,6668.0,193,3.977429809999194,4.0,6668.0,6668.000175876,0.0001758759999574977,0.5,1,1.0000000263761248,0.9943574524997985,2,him. He was so handsome we didn't see how she could,2,"Well, as I said before, I titled to this.",handle it. I tell you I need a dandy look at the couple when they're waiting together .,6664.24,6666.8
382,3,mic_fileid_382_doa34_3spk_3.wav,4.0,4,mean_all_channels,6668.0,6672.0,193,3.9773746229993776,4.0,6672.0,6672.000070542,7.054199977574171e-05,0.5,1,1.0000000105728417,0.9943436557498444,2,handle it. I tell you I need a dandy look at the couple when they're waiting together,1,It was very well done.,"Well, as I said before, I titled to this.",6668.12,6669.46
382,4,mic_fileid_382_doa34_3spk_4.wav,4.0,4,mean_all_channels,6672.0,6676.0,193,3.9789620969995667,4.0,6676.0,6676.000057888,5.7887999901140574e-05,0.5,1,1.0000000086710605,0.9947405242498917,2,". Well, as I said before, I titled to",3,It 's still less and those whose opinions are,It was very well done.,6673.0599999999995,6676.4
383,1,mic_fileid_383_doa0_3spk_1.wav,4.0,4,mean_all_channels,6676.0,6680.0,166,3.9807548369999495,4.0,6680.0,6680.000135761,0.000135760999910417,0.5,1,1.0000000203235029,0.9951887092499874,2,this. It was very well done.,1,affected by the fortune of the real job.,,6676.86,6679.0199999999995
383,2,mic_fileid_383_doa0_3spk_2.wav,4.0,4,mean_all_channels,6680.0,6684.0,166,3.978903377000279,4.0,6684.0,6684.000154623,0.00015462299961654935,0.5,1,1.0000000231333033,0.9947258442500697,2,It 's still less,2,Stupid like all people who have to be.,affected by the fortune of the real job.,6679.32,6681.54
383,3,mic_fileid_383_doa0_3spk_3.wav,4.0,4,mean_all_channels,6684.0,6688.0,166,3.979810329000429,4.0,6688.0,6688.0000945229995,9.45229994613328e-05,0.5,1,1.0000000141332237,0.9949525822501073,2,and those whose opinions are affected by the fortune of the real job.,3,"Oh, no, it's presently can Nicola Sider . So I carried him into the house and",Stupid like all people who have to be.,6684.3,6689.0599999999995
383,4,mic_fileid_383_doa0_3spk_4.wav,4.0,4,mean_all_channels,6688.0,6692.0,166,3.972462015999554,4.0,6692.0,6692.0000809289995,8.092899952316657e-05,0.5,1,1.000000012093395,0.9931155039998885,2,Stupid like all people who have to be.,1,brought him out to stay in one of my reeds of,"Oh, no, it's presently can Nicola Sider . So I carried him into the house and",6689.26,6691.08
384,1,mic_fileid_384_doa36_3spk_1.wav,4.0,4,mean_all_channels,6692.0,6696.0,36,3.981137129999297,4.0,6696.0,6696.000096831,9.683099960966501e-05,0.5,1,1.0000000144610215,0.9952842824998243,2,"Oh, no, it's presently can Nicola Sider",3,beer and his son. Here is thy son. It is not my favorite month,,6691.28,6696.82
384,2,mic_fileid_384_doa36_3spk_2.wav,4.0,4,mean_all_channels,6696.0,6700.0,36,3.9791093000003457,4.0,6700.0,6700.000141383,0.0001413829995726701,0.5,1,1.0000000211019402,0.9947773250000864,2,. So I carried him into the house and brought him out to stay in one of my reeds of,2,. I'll comment this. [BLANK,beer and his son. Here is thy son. It is not my favorite month,6697.099999999999,6699.021
384,3,mic_fileid_384_doa36_3spk_3.wav,4.0,4,mean_all_channels,6700.0,6704.0,36,3.9696452259995567,4.0,6704.0,6704.0001262099995,0.00012620999950740952,0.5,1,1.0000000188260738,0.9924113064998892,2,beer and his son. Here is thy son.,0,,. I'll comment this. [BLANK,,
384,4,mic_fileid_384_doa36_3spk_4.wav,4.0,4,mean_all_channels,6704.0,6708.0,36,3.9715939240004445,4.0,6708.0,6708.00015381,0.00015380999957415042,0.5,1,1.000000022929338,0.9928984810001111,2,It is not my favorite month . I'll comment this.,3,They are installing the end of force to content themselves with the sound of the ashes of the admirers.,,6704.22,6708.46
384,5,mic_fileid_384_doa36_3spk_5.wav,4.0,4,mean_all_channels,6708.0,6712.0,36,3.978491888999997,4.0,6712.0,6712.000166825,0.00016682499972375808,0.5,1,1.0000000248547378,0.9946229722499993,1,[BLANK,1,They,They are installing the end of force to content themselves with the sound of the ashes of the admirers.,6708.72,6708.7210000000005
385,1,mic_fileid_385_doa92_3spk_1.wav,4.0,4,mean_all_channels,6712.0,6716.0,92,3.968718297000123,4.0,6716.0,6716.000130687,0.00013068699990981258,0.5,1,1.000000019459053,0.9921795742500308,2,They are installing the end of force to content themselves with,3,were close friends. I'm sorry. I'm going to put my own spritters in the sock.,,6711.599999999999,6716.76
385,2,mic_fileid_385_doa92_3spk_2.wav,4.0,4,mean_all_channels,6716.0,6720.0,92,3.973816233999969,4.0,6720.0,6720.000093277,9.32769999053562e-05,0.5,1,1.0000000138805059,0.9934540584999922,2,the sound of the ashes of the admirers. They,1,They're over us.,were close friends. I'm sorry. I'm going to put my own spritters in the sock.,6716.96,6717.58
385,3,mic_fileid_385_doa92_3spk_3.wav,4.0,4,mean_all_channels,6720.0,6724.0,92,3.975771338999948,4.0,6724.0,6724.000282934,0.00028293400009715697,0.5,1,1.0000000420782273,0.993942834749987,2,were close friends. I'm sorry.,1,"Instead of making fun of it, they just used to",They're over us.,6720.54,6723.0199999999995
385,4,mic_fileid_385_doa92_3spk_4.wav,4.0,4,mean_all_channels,6724.0,6728.0,92,3.9709986759999083,4.0,6728.0,6728.000133145,0.0001331450002908241,0.5,1,1.000000019789685,0.9927496689999771,2,I'm going to put my own spritters in the sock. They're over us.,2,call for an answer and pay for it. And practice going straight until he can make very,"Instead of making fun of it, they just used to",6723.2,6727.179999999999
386,1,mic_fileid_386_doa35_3spk_1.wav,4.0,4,mean_all_channels,6728.0,6732.0,142,3.97792863199993,4.0,6732.0,6732.0001178679995,0.0001178679995064158,0.5,1,1.0000000175086154,0.9944821579999825,1,"Instead of making fun of it, they just used to",2,perfect mugs . Major lists are sent into the Art,,6727.7,6731.16
386,2,mic_fileid_386_doa35_3spk_2.wav,4.0,4,mean_all_channels,6732.0,6736.0,142,3.974330932999692,4.0,6736.0,6736.000073932,7.393200030492153e-05,0.5,1,1.0000000109756533,0.993582733249923,2,call for an answer and pay for it. And practice going straight until he can make very,3,Academy in St. Petersburg. He was praised by his teachers .,perfect mugs . Major lists are sent into the Art,6731.32,6735.301
386,3,mic_fileid_386_doa35_3spk_3.wav,4.0,4,mean_all_channels,6736.0,6740.0,142,3.978287920999719,4.0,6740.0,6740.00008041,8.041000000957865e-05,0.5,1,1.000000011930267,0.9945719802499298,2,perfect mugs . Major lists are sent into the Art,0,,Academy in St. Petersburg. He was praised by his teachers .,,
386,4,mic_fileid_386_doa35_3spk_4.wav,4.0,4,mean_all_channels,6740.0,6744.0,142,3.974750960000165,4.0,6744.0,6744.000189143,0.0001891430001705885,0.5,1,1.000000028046115,0.9936877400000412,2,Academy in St. Petersburg. He was praised by his teachers,2,It was now until some days later that the case came in the right hand,,6740.42,6742.92
386,5,mic_fileid_386_doa35_3spk_5.wav,4.0,4,mean_all_channels,6744.0,6748.0,142,3.974114788999941,4.0,6748.0,6748.000173326,0.00017332599963992834,0.5,1,1.0000000256855364,0.9935286972499853,1,.,2,in any interval to work with attorneys and not denials.,It was now until some days later that the case came in the right hand,6743.679999999999,6746.58
387,1,mic_fileid_387_doa54_3spk_1.wav,4.0,4,mean_all_channels,6748.0,6752.0,88,3.9776819460003026,4.0,6752.0,6752.0000731519995,7.315199945878703e-05,0.5,1,1.0000000108341232,0.9944204865000756,2,It was now until some days later that the case came in the right hand,2,It was noted that the man was poorly dressed. But his hands proved he was used to,,6747.2,6751.099999999999
387,2,mic_fileid_387_doa54_3spk_2.wav,4.0,4,mean_all_channels,6752.0,6756.0,88,3.9713024729999233,4.0,6756.0,6756.000067005,6.700500034639845e-05,0.5,1,1.0000000099178508,0.9928256182499808,2,in any interval to work with attorneys and not denials.,2,"manual labor, but there was no mark either on the body or on the clothing.",It was noted that the man was poorly dressed. But his hands proved he was used to,6751.36,6755.0599999999995
387,3,mic_fileid_387_doa54_3spk_3.wav,4.0,4,mean_all_channels,6756.0,6760.0,88,3.981404883000323,4.0,6760.0,6760.000137497,0.0001374969997414155,0.5,1,1.000000020339793,0.9953512207500808,2,It was noted that the man was poorly dressed. But his hands proved he was used to,1,[BLANK_AUDIO,"manual labor, but there was no mark either on the body or on the clothing.",6756.38,6756.46
387,4,mic_fileid_387_doa54_3spk_4.wav,4.0,4,mean_all_channels,6760.0,6764.0,88,3.9751552430006996,4.0,6764.0,6764.000132934,0.00013293400024849689,0.5,1,1.0000000196531638,0.9937888107501749,2,"manual labor, but there was no mark either on the body or on the clothing.",3,I'm going to test it in a spare room. But the discovery of America was a greater success,[BLANK_AUDIO,6760.3,6764.8
387,5,mic_fileid_387_doa54_3spk_5.wav,4.0,4,mean_all_channels,6764.0,6768.0,88,3.9760956899999655,4.0,6768.0,6768.000076882,7.688200003030943e-05,0.5,1,1.0000000113596337,0.9940239224999914,1,[BLANK_AUDIO,1,than we're able to find enough,I'm going to test it in a spare room. But the discovery of America was a greater success,6765.48,6766.92
388,1,mic_fileid_388_doa22_3spk_1.wav,4.0,4,mean_all_channels,6768.0,6772.0,22,3.9800175559994386,4.0,6772.0,6772.000094129,9.412899999006186e-05,0.5,1,1.0000000138997343,0.9950043889998597,2,I'm going to test it in a spare room.,3,"about two of them in the world . When David lived in Houston, he had a supplement of his illogical education",,6767.34,6773.139999999999
388,2,mic_fileid_388_doa22_3spk_2.wav,4.0,4,mean_all_channels,6772.0,6776.0,22,3.9782448590003696,4.0,6776.0,6776.000164632,0.00016463199972349685,0.5,1,1.00000002429634,0.9945612147500924,2,But the discovery of America was a greater success than we're able to find enough,1,by a medical course,"about two of them in the world . When David lived in Houston, he had a supplement of his illogical education",6773.9,6774.86
388,3,mic_fileid_388_doa22_3spk_3.wav,4.0,4,mean_all_channels,6776.0,6780.0,22,3.97114719900037,4.0,6780.0,6780.00012644,0.00012643999980355147,0.5,1,1.0000000186489675,0.9927867997500925,2,about two of them in the world .,1,.,by a medical course,6776.599999999999,6776.601
388,4,mic_fileid_388_doa22_3spk_4.wav,4.0,4,mean_all_channels,6780.0,6784.0,22,3.9645742819993757,4.0,6784.0,6784.000118385,0.00011838499995064922,0.5,1,1.0000000174506192,0.9911435704998439,2,"When David lived in Houston, he had a supplement of his illogical education by a medical course",3,I will say I called you third time. Cance appeared.,.,6780.44,6784.08
388,5,mic_fileid_388_doa22_3spk_5.wav,4.0,4,mean_all_channels,6784.0,6788.0,22,3.974418353999681,4.0,6788.0,6788.00017063,0.00017062999995687278,0.5,1,1.0000000251370065,0.9936045884999203,1,.,0,,I will say I called you third time. Cance appeared.,,
389,1,mic_fileid_389_doa78_3spk_1.wav,4.0,4,mean_all_channels,6788.0,6792.0,78,3.9809817510003995,4.0,6792.0,6792.000135133,0.00013513300018530572,0.5,1,1.000000019895907,0.9952454377500999,2,I will say I called you third time. Cance,2,At least the element of humility that it always needed,,6788.22,6790.98
389,2,mic_fileid_389_doa78_3spk_2.wav,4.0,4,mean_all_channels,6792.0,6796.0,78,3.981497845999911,4.0,6796.0,6796.000148794,0.00014879399986966746,0.5,1,1.0000000218943497,0.9953744614999778,1,appeared.,2,to be supported by those who were being slowed forward and not only spent,At least the element of humility that it always needed,6791.28,6795.099999999999
390,1,mic_fileid_390_doa110_3spk_1.wav,4.0,4,mean_all_channels,6796.0,6800.0,110,3.979733710999426,4.0,6800.0,6800.000144817,0.00014481699963653227,0.5,1,1.0000000212966176,0.9949334277498565,2,At least the element of humility that it always needed,2,"the night at Gartonsport, but he was persuaded to remake over the second day",,6795.32,6799.0
390,2,mic_fileid_390_doa110_3spk_2.wav,4.0,4,mean_all_channels,6800.0,6804.0,110,3.9794031429992174,4.0,6804.0,6804.00026583,0.0002658299999893643,0.5,1,1.0000000390696648,0.9948507857498043,2,to be supported by those who were being slowed forward and not only spent,2,", and when the second day was ended .","the night at Gartonsport, but he was persuaded to remake over the second day",6799.76,6801.501
390,3,mic_fileid_390_doa110_3spk_3.wav,4.0,4,mean_all_channels,6804.0,6808.0,110,3.9782492030008143,4.0,6808.0,6808.000263305,0.0002633049998621573,0.5,1,1.0000000386758225,0.9945623007502036,2,"the night at Gartonsport, but he was persuaded to remake over the second day",2,was often abducted by the fascist party of the,", and when the second day was ended .",6804.28,6807.3
390,4,mic_fileid_390_doa110_3spk_4.wav,4.0,4,mean_all_channels,6808.0,6812.0,110,3.9849920840006234,4.0,6812.0,6812.0003310249995,0.0003310249994683545,0.5,1,1.000000048594392,0.9962480210001559,2,", and when the second day was ended .",2,game. I'm,was often abducted by the fascist party of the,6809.5199999999995,6810.98
391,1,mic_fileid_391_doa145_3spk_1.wav,4.0,4,mean_all_channels,6812.0,6816.0,208,3.9785000580004635,4.0,6816.0,6816.000126421,0.00012642099954973673,0.5,1,1.0000000185476818,0.9946250145001159,1,was often abducted by the fascist party,2,"not the Bill of Exchange with you. Yes, Fogg. I think so.",,6811.88,6816.3
391,2,mic_fileid_391_doa145_3spk_2.wav,4.0,4,mean_all_channels,6816.0,6820.0,208,3.9778786070000933,4.0,6820.0,6820.000108729,0.00010872900020331144,0.5,1,1.0000000159426687,0.9944696517500233,2,of the game.,1,I'm going to go with this and pass.,"not the Bill of Exchange with you. Yes, Fogg. I think so.",6816.301,6817.44
391,3,mic_fileid_391_doa145_3spk_3.wav,4.0,4,mean_all_channels,6820.0,6824.0,208,3.9807381629998417,4.0,6824.0,6824.000088328,8.832799994706875e-05,0.5,1,1.000000012943728,0.9951845407499604,2,"I'm not the Bill of Exchange with you. Yes, Fogg. I",2,I have to fly away south as soon as the ground,I'm going to go with this and pass.,6820.08,6823.08
391,4,mic_fileid_391_doa145_3spk_4.wav,4.0,4,mean_all_channels,6824.0,6828.0,208,3.975673726000423,4.0,6828.0,6828.000094067,9.4066999736242e-05,0.5,1,1.000000013776655,0.9939184315001057,2,think so. I'm going to go with this and pass.,2,is horizontal. It's wonderful side Peter. I don't,I have to fly away south as soon as the ground,6823.36,6827.099999999999
392,1,mic_fileid_392_doa16_3spk_1.wav,4.0,4,mean_all_channels,6828.0,6832.0,209,3.978683481000189,4.0,6832.0,6832.000117267,0.00011726699995051604,0.5,1,1.0000000171643735,0.9946708702500473,2,I have to fly away south as soon as the ground,2,suppose anyone else would find it works that way.,,6827.22,6830.099999999999
392,2,mic_fileid_392_doa16_3spk_2.wav,4.0,4,mean_all_channels,6832.0,6836.0,209,3.978242543000306,4.0,6836.0,6836.000133077,0.00013307700010045664,0.5,1,1.000000019467086,0.9945606357500765,2,is horizontal. It's wonderful side Peter. I don't,3,"""Why doesn't Jack Snipeman?"" replied Longville Comley. [BLANK",suppose anyone else would find it works that way.,6831.4,6835.341
392,3,mic_fileid_392_doa16_3spk_3.wav,4.0,4,mean_all_channels,6836.0,6840.0,209,3.9795936880000227,4.0,6840.0,6840.000112803,0.00011280299986538012,0.5,1,1.0000000164916667,0.9948984220000057,2,suppose anyone else would find it works that way.,0,,"""Why doesn't Jack Snipeman?"" replied Longville Comley. [BLANK",,
392,4,mic_fileid_392_doa16_3spk_4.wav,4.0,4,mean_all_channels,6840.0,6844.0,209,3.9813442450004004,4.0,6844.0,6844.000134065,0.0001340649996564025,0.5,1,1.0000000195886907,0.9953360612501001,2,"""Why doesn't Jack Snipeman?"" replied Longville Comley.",2,How would it pass in the barrier without a tragic suspicion,,6840.48,6843.12
392,5,mic_fileid_392_doa16_3spk_5.wav,4.0,4,mean_all_channels,6844.0,6848.0,209,3.981036658999983,4.0,6848.0,6848.000125845,0.0001258450001841993,0.5,1,1.0000000183768984,0.9952591647499958,1,[BLANK,3,", a kind friend seems to me by one great Mark",How would it pass in the barrier without a tragic suspicion,6843.92,6846.741
393,1,mic_fileid_393_doa13_3spk_1.wav,4.0,4,mean_all_channels,6848.0,6852.0,293,3.9786198249994413,4.0,6852.0,6852.0001240579995,0.0001240579995283042,0.5,1,1.0000000181053705,0.9946549562498603,2,How would it pass in the barrier without a tragic suspicion,1,Green got accustomed to this new existence.,,6848.599999999999,6850.62
393,2,mic_fileid_393_doa13_3spk_2.wav,4.0,4,mean_all_channels,6852.0,6856.0,293,3.9834820500000205,4.0,6856.0,6856.000111606,0.00011160600024595624,0.5,1,1.000000016278588,0.9958705125000051,2,", a kind friend seems to me by one great",3,"The salutary effects she already realized , she began to spend some of her evenings at home",Green got accustomed to this new existence.,6851.12,6856.639999999999
394,1,mic_fileid_394_doa77_3spk_1.wav,4.0,4,mean_all_channels,6856.0,6860.0,332,3.9840813319997324,4.0,6860.0,6860.0001188999995,0.00011889999950653873,0.5,1,1.0000000173323615,0.9960203329999331,2,Mark Green got accustomed to this new existence.,1,or if the weather was fine,,6857.3,6858.9
394,2,mic_fileid_394_doa77_3spk_2.wav,4.0,4,mean_all_channels,6860.0,6864.0,332,3.9791533670004355,4.0,6864.0,6864.00010873,0.00010872999973798869,0.5,1,1.0000000158406177,0.9947883417501089,2,"The salutary effects she already realized , she began to",3,", she wrapped herself in a shawl , put on a veil, and we went on foot.",or if the weather was fine,6859.58,6863.48
394,3,mic_fileid_394_doa77_3spk_3.wav,4.0,4,mean_all_channels,6864.0,6868.0,332,3.9724759800001266,4.0,6868.0,6868.000133841,0.00013384100020630285,0.5,1,1.0000000194876237,0.9931189950000316,2,spend some of her evenings at home or if the weather was fine,0,,", she wrapped herself in a shawl , put on a veil, and we went on foot.",,
394,4,mic_fileid_394_doa77_3spk_4.wav,4.0,4,mean_all_channels,6868.0,6872.0,332,3.980462430999978,4.0,6872.0,6872.000133781,0.0001337809999313322,0.5,1,1.0000000194675496,0.9951156077499945,2,", she wrapped herself in a shawl , put on a veil, and we went on",2,It's really expensive to have 10 books to which,,6868.26,6871.0
394,5,mic_fileid_394_doa77_3spk_5.wav,4.0,4,mean_all_channels,6872.0,6876.0,332,3.9706209680007305,4.0,6876.0,6876.000278328,0.00027832799969473854,0.5,1,1.000000040478185,0.9926552420001826,1,foot.,3,"House Border was then subject to a specific fee to a lawyer, amounting I think to ten feet.",It's really expensive to have 10 books to which,6871.22,6876.5599999999995
395,1,mic_fileid_395_doa31_3spk_1.wav,4.0,4,mean_all_channels,6876.0,6880.0,308,3.973146068999995,4.0,6880.0,6880.0001199749995,0.00011997499950666679,0.5,1,1.0000000174382266,0.9932865172499987,2,It's really expensive to have 10 books to which,2,My tutor took me without the fee.,,6877.8,6879.74
395,2,mic_fileid_395_doa31_3spk_2.wav,4.0,4,mean_all_channels,6880.0,6884.0,308,3.975085623999803,4.0,6884.0,6884.000145223,0.0001452229998903931,0.5,1,1.0000000210957292,0.9937714059999507,2,"House Border was then subject to a specific fee to a lawyer, amounting",1,It's all,My tutor took me without the fee.,6879.96,6880.179999999999
395,3,mic_fileid_395_doa31_3spk_3.wav,4.0,4,mean_all_channels,6884.0,6888.0,308,3.972518962000322,4.0,6888.0,6888.000126532,0.0001265319997401093,0.5,1,1.0000000183699187,0.9931297405000805,2,I think to ten feet. My tutor took me without the,2,"in my account , Fiery Air over to my body",It's all,6884.599999999999,6887.0599999999995
395,4,mic_fileid_395_doa31_3spk_4.wav,4.0,4,mean_all_channels,6888.0,6892.0,308,3.977608635999786,4.0,6892.0,6892.000163608,0.0001636079996387707,0.5,1,1.0000000237388276,0.9944021589999466,2,fee. It's all,2,. [inaudible],"in my account , Fiery Air over to my body",6888.08,6890.0
396,1,mic_fileid_396_doa107_3spk_1.wav,4.0,4,mean_all_channels,6892.0,6896.0,212,3.9778089769997678,4.0,6896.0,6896.000160246,0.00016024599972297437,0.5,1,1.000000023237529,0.9944522442499419,2,"in my account , Fiery Air over to my body",1,"And when he made a sudden halt, planted himself firmly",,6892.12,6895.16
396,2,mic_fileid_396_doa107_3spk_2.wav,4.0,4,mean_all_channels,6896.0,6900.0,212,3.9772946809998757,4.0,6900.0,6900.0001459509995,0.00014595099946745904,0.5,1,1.0000000211523188,0.9943236702499689,2,. [inaudible],1,on his solid supporter.,"And when he made a sudden halt, planted himself firmly",6895.639999999999,6897.099999999999
396,3,mic_fileid_396_doa107_3spk_3.wav,4.0,4,mean_all_channels,6900.0,6904.0,212,3.9794425910004065,4.0,6904.0,6904.00012721,0.00012720999984594528,0.5,1,1.0000000184255504,0.9948606477501016,1,"And when he made a sudden halt, planted himself firmly",2,Jeff Lake down with the scenes started to pop up.,on his solid supporter.,6900.44,6902.74
396,4,mic_fileid_396_doa107_3spk_4.wav,4.0,4,mean_all_channels,6904.0,6908.0,212,3.9810217340000236,4.0,6908.0,6908.000130933,0.00013093300003674813,0.5,1,1.0000000189538216,0.9952554335000059,1,on his solid supporter.,3,"This Carnegie, I bet you, would be worth said Jeff closing up his eyes.",Jeff Lake down with the scenes started to pop up.,6904.24,6907.8
397,1,mic_fileid_397_doa73_3spk_1.wav,4.0,4,mean_all_channels,6908.0,6912.0,199,3.971977477999644,4.0,6912.0,6912.000104434,0.00010443399969517486,0.5,1,1.0000000151090855,0.992994369499911,2,Jeff Lake down with the scenes started to pop up.,1,He's got a lot of money.,,6907.801,6910.62
397,2,mic_fileid_397_doa73_3spk_2.wav,4.0,4,mean_all_channels,6912.0,6916.0,199,3.9744714190001105,4.0,6916.0,6916.000214459,0.00021445899983518757,0.5,1,1.0000000310091093,0.9936178547500276,2,"This Carnegie, I bet you, would be worth said Jeff closing",2,"Oh no, he's in the screen too. I'm sorry",He's got a lot of money.,6911.72,6916.74
397,3,mic_fileid_397_doa73_3spk_3.wav,4.0,4,mean_all_channels,6916.0,6920.0,199,3.979586217999895,4.0,6920.0,6920.000138446,0.00013844600016454933,0.5,1,1.0000000200066474,0.9948965544999737,2,up his eyes. He's got a lot of money.,2,. [inaudible,"Oh no, he's in the screen too. I'm sorry",6917.78,6919.98
397,4,mic_fileid_397_doa73_3spk_4.wav,4.0,4,mean_all_channels,6920.0,6924.0,199,3.973286582999208,4.0,6924.0,6924.000147745,0.00014774499959457899,0.5,1,1.0000000213380993,0.993321645749802,1,"Oh no, he's in the screen too.",2,] [End,. [inaudible,6920.62,6924.24
398,1,mic_fileid_398_doa14_3spk_1.wav,4.0,4,mean_all_channels,6924.0,6928.0,14,3.975357009999243,4.0,6928.0,6928.000147824,0.00014782400012336439,0.5,1,1.0000000213371825,0.9938392524998108,2,I'm sorry .,1,But they did pull a fish in their horses,,6925.76,6928.96
398,2,mic_fileid_398_doa14_3spk_2.wav,4.0,4,mean_all_channels,6928.0,6932.0,14,3.9729248780004127,4.0,6932.0,6932.000119354,0.00011935400016227504,0.5,1,1.0000000172178303,0.9932312195001032,2,[inaudible ],2,and said that an evened pond had been blown dry.,But they did pull a fish in their horses,6929.28,6931.9
398,3,mic_fileid_398_doa14_3spk_3.wav,4.0,4,mean_all_channels,6932.0,6936.0,14,3.9738210479999907,4.0,6936.0,6936.000121817,0.0001218170000356622,0.5,1,1.0000000175630046,0.9934552619999977,1,[End,1,[BLANK,and said that an evened pond had been blown dry.,6932.94,6932.941
398,4,mic_fileid_398_doa14_3spk_4.wav,4.0,4,mean_all_channels,6936.0,6940.0,14,3.9717657329993017,4.0,6940.0,6940.000163643,0.00016364299972337903,0.5,1,1.0000000235796829,0.9929414332498254,2,But they did pull a fish in their horses and said that an evened pond had been,1,and blood-courning editorials increased public,[BLANK,6936.36,6938.96
398,5,mic_fileid_398_doa14_3spk_5.wav,4.0,4,mean_all_channels,6940.0,6944.0,14,3.978813106000416,4.0,6944.0,6944.000117693,0.00011769299999286886,0.5,1,1.0000000169488767,0.994703276500104,2,blown dry. [BLANK,2,"sentiment against Casablanca , stamping him with a mark of pain",and blood-courning editorials increased public,6939.38,6943.0599999999995
399,1,mic_fileid_399_doa240_3spk_1.wav,4.0,4,mean_all_channels,6944.0,6948.0,281,3.976482170000054,4.0,6948.0,6948.000127178,0.0001271780001843581,0.5,1,1.0000000183042603,0.9941205425000135,1,and blood-courning editorials increased public,3,and closing the door of every holy against him. And descending,,6943.54,6947.639999999999
399,2,mic_fileid_399_doa240_3spk_2.wav,4.0,4,mean_all_channels,6948.0,6952.0,281,3.9734512680006446,4.0,6952.0,6952.00013443,0.00013442999988910742,0.5,1,1.0000000193368814,0.9933628170001612,2,"sentiment against Casablanca , stamping him with a mark of pain",2,. And,and closing the door of every holy against him. And descending,6948.12,6949.441
399,3,mic_fileid_399_doa240_3spk_3.wav,4.0,4,mean_all_channels,6952.0,6956.0,281,3.9742977060004705,4.0,6956.0,6956.0001323999995,0.00013239999952929793,0.5,1,1.0000000190339275,0.9935744265001176,2,and closing the door of every holy against him.,0,,. And,,
399,4,mic_fileid_399_doa240_3spk_4.wav,4.0,4,mean_all_channels,6956.0,6960.0,281,3.9705359950003185,4.0,6960.0,6960.0001305139995,0.00013051399946562015,0.5,1,1.0000000187520115,0.9926339987500796,2,And descending .,0,,,,
